anchor,channel_norm,direction,effect,endpoint_margin,family,hybrid_margin,intact_margin,label,order,pair_id,source_norm,state
T1,4.512845516204834,noise,0.17822265625,12.47265625,0,11.3984375,12.65087890625,B,0,000/direct/base/0/order0,7.995857238769531,5c539bfa2d4004a5
T2,0.4824734926223755,noise,0.0458984375,12.60498046875,0,12.64990234375,12.65087890625,B,0,000/direct/base/0/order0,0.589553713798523,5c539bfa2d4004a5
T3,3.306973695755005,noise,0.08544921875,12.5654296875,0,11.7823486328125,12.65087890625,B,0,000/direct/base/0/order0,7.995857238769531,5c539bfa2d4004a5
T4,2.4466283321380615,noise,0.2529296875,12.39794921875,0,12.65087890625,12.65087890625,B,0,000/direct/base/0/order0,3.2253401279449463,5c539bfa2d4004a5
T5,0.16850100457668304,noise,-0.00146484375,12.65234375,0,12.6962890625,12.65087890625,B,0,000/direct/base/0/order0,0.2114861160516739,5c539bfa2d4004a5
T1,4.473376274108887,noise,0.207275390625,12.300537109375,0,11.26806640625,12.5078125,B-L1H27,0,000/direct/base/0/order0,7.986365795135498,cef37988435db144
T2,0.4561085104942322,noise,0.046875,12.4609375,0,12.50732421875,12.5078125,B-L1H27,0,000/direct/base/0/order0,0.5989392995834351,cef37988435db144
T3,3.2956879138946533,noise,0.09423828125,12.41357421875,0,11.6351318359375,12.5078125,B-L1H27,0,000/direct/base/0/order0,7.986365795135498,cef37988435db144
T4,2.4396543502807617,noise,0.24365234375,12.26416015625,0,12.5078125,12.5078125,B-L1H27,0,000/direct/base/0/order0,3.2307240962982178,cef37988435db144
T5,0.1285838484764099,noise,-0.00146484375,12.50927734375,0,12.5400390625,12.5078125,B-L1H27,0,000/direct/base/0/order0,0.15998022258281708,cef37988435db144
T1,4.493706226348877,noise,0.178466796875,12.462646484375,0,11.40185546875,12.64111328125,B-L11H4,0,000/direct/base/0/order0,7.993977069854736,d7b401c2eec20f08
T2,0.4793955087661743,noise,0.0458984375,12.59521484375,0,12.64013671875,12.64111328125,B-L11H4,0,000/direct/base/0/order0,0.5900097489356995,d7b401c2eec20f08
T3,3.290977716445923,noise,0.083984375,12.55712890625,0,11.775634765625,12.64111328125,B-L11H4,0,000/direct/base/0/order0,7.993977069854736,d7b401c2eec20f08
T4,2.4466068744659424,noise,0.2509765625,12.39013671875,0,12.64111328125,12.64111328125,B-L11H4,0,000/direct/base/0/order0,3.2253401279449463,d7b401c2eec20f08
T5,0.1669839471578598,noise,-0.00244140625,12.6435546875,0,12.68359375,12.64111328125,B-L11H4,0,000/direct/base/0/order0,0.21143271028995514,d7b401c2eec20f08
T1,4.512667179107666,noise,0.219970703125,12.484619140625,0,11.4443359375,12.70458984375,B-L17H5,0,000/direct/base/0/order0,7.995857238769531,adae3cba245fe41c
T2,0.48207831382751465,noise,0.04443359375,12.66015625,0,12.697265625,12.70458984375,B-L17H5,0,000/direct/base/0/order0,0.589553713798523,adae3cba245fe41c
T3,3.3443498611450195,noise,0.11376953125,12.5908203125,0,11.8111572265625,12.70458984375,B-L17H5,0,000/direct/base/0/order0,7.995857238769531,adae3cba245fe41c
T4,2.4467272758483887,noise,0.26220703125,12.4423828125,0,12.70458984375,12.70458984375,B-L17H5,0,000/direct/base/0/order0,3.2253401279449463,adae3cba245fe41c
T5,0.14875054359436035,noise,0.00537109375,12.69921875,0,12.7333984375,12.70458984375,B-L17H5,0,000/direct/base/0/order0,0.18080449104309082,adae3cba245fe41c
T1,4.515809535980225,noise,0.190673828125,12.464599609375,0,11.3994140625,12.6552734375,B-L23H10,0,000/direct/base/0/order0,7.995857238769531,8324433237827f03
T2,0.4824734926223755,noise,0.04345703125,12.61181640625,0,12.6552734375,12.6552734375,B-L23H10,0,000/direct/base/0/order0,0.589553713798523,8324433237827f03
T3,3.309030294418335,noise,0.093505859375,12.561767578125,0,11.7825927734375,12.6552734375,B-L23H10,0,000/direct/base/0/order0,7.995857238769531,8324433237827f03
T4,2.4466283321380615,noise,0.2548828125,12.400390625,0,12.6552734375,12.6552734375,B-L23H10,0,000/direct/base/0/order0,3.2253401279449463,8324433237827f03
T5,0.16877225041389465,noise,-0.0068359375,12.662109375,0,12.69921875,12.6552734375,B-L23H10,0,000/direct/base/0/order0,0.2114861160516739,8324433237827f03
T1,4.507783889770508,noise,0.184814453125,12.477783203125,0,11.408203125,12.66259765625,B-L25H18,0,000/direct/base/0/order0,7.995857238769531,463f91d471cf8fc9
T2,0.4824734926223755,noise,0.048828125,12.61376953125,0,12.6552734375,12.66259765625,B-L25H18,0,000/direct/base/0/order0,0.589553713798523,463f91d471cf8fc9
T3,3.3053627014160156,noise,0.09130859375,12.5712890625,0,11.7913818359375,12.66259765625,B-L25H18,0,000/direct/base/0/order0,7.995857238769531,463f91d471cf8fc9
T4,2.4466283321380615,noise,0.25439453125,12.408203125,0,12.66259765625,12.66259765625,B-L25H18,0,000/direct/base/0/order0,3.2253401279449463,463f91d471cf8fc9
T5,0.16830414533615112,noise,-0.00048828125,12.6630859375,0,12.7060546875,12.66259765625,B-L25H18,0,000/direct/base/0/order0,0.2114861160516739,463f91d471cf8fc9
T1,4.688320159912109,noise,0.158447265625,12.725341796875,0,11.58544921875,12.8837890625,B+L9H16,0,000/direct/base/0/order0,8.06611442565918,4f198d517137d88d
T2,0.5772742033004761,noise,0.03662109375,12.84716796875,0,12.88330078125,12.8837890625,B+L9H16,0,000/direct/base/0/order0,0.6221166849136353,4f198d517137d88d
T3,3.407104015350342,noise,0.059814453125,12.823974609375,0,11.9991455078125,12.8837890625,B+L9H16,0,000/direct/base/0/order0,8.06611442565918,4f198d517137d88d
T4,2.446793794631958,noise,0.23779296875,12.64599609375,0,12.8837890625,12.8837890625,B+L9H16,0,000/direct/base/0/order0,3.2253401279449463,4f198d517137d88d
T5,0.21627412736415863,noise,-0.00146484375,12.88525390625,0,12.9482421875,12.8837890625,B+L9H16,0,000/direct/base/0/order0,0.3005808889865875,4f198d517137d88d
T1,4.835954189300537,noise,0.319580078125,5.1336669921875,0,4.20751953125,5.4532470703125,full,0,000/direct/base/0/order0,7.343075275421143,full
T2,0.5724904537200928,noise,0.01519775390625,5.43804931640625,0,5.43548583984375,5.4532470703125,full,0,000/direct/base/0/order0,0.6554200649261475,full
T3,3.0794262886047363,noise,0.0645751953125,5.388671875,0,4.7236328125,5.4532470703125,full,0,000/direct/base/0/order0,7.343075275421143,full
T4,2.7339744567871094,noise,0.31365966796875,5.13958740234375,0,5.4532470703125,5.4532470703125,full,0,000/direct/base/0/order0,3.881277084350586,full
T5,0.8120490908622742,noise,0.0089111328125,5.4443359375,0,5.70068359375,5.4532470703125,full,0,000/direct/base/0/order0,0.7865961790084839,full
T1,0.9697323441505432,noise,0.138671875,4.888671875,0,4.783203125,5.02734375,B,1,000/direct/base/0/order1,8.416465759277344,5c539bfa2d4004a5
T2,0.11792584508657455,noise,0.0078125,5.01953125,0,5.025390625,5.02734375,B,1,000/direct/base/0/order1,0.37552955746650696,5c539bfa2d4004a5
T3,0.6737399101257324,noise,0.09765625,4.9296875,0,4.8671875,5.02734375,B,1,000/direct/base/0/order1,8.416465759277344,5c539bfa2d4004a5
T4,2.514378070831299,noise,0.119140625,4.908203125,0,5.02734375,5.02734375,B,1,000/direct/base/0/order1,3.2919325828552246,5c539bfa2d4004a5
T5,0.2845986783504486,noise,-0.001953125,5.029296875,0,5.015625,5.02734375,B,1,000/direct/base/0/order1,0.42849963903427124,5c539bfa2d4004a5
T1,0.9123591780662537,noise,0.1171875,4.34765625,0,4.23828125,4.46484375,B-L1H27,1,000/direct/base/0/order1,8.392562866210938,cef37988435db144
T2,0.1142205074429512,noise,0.00390625,4.4609375,0,4.46484375,4.46484375,B-L1H27,1,000/direct/base/0/order1,0.39472827315330505,cef37988435db144
T3,0.6472809314727783,noise,0.0859375,4.37890625,0,4.310546875,4.46484375,B-L1H27,1,000/direct/base/0/order1,8.392562866210938,cef37988435db144
T4,2.5093483924865723,noise,0.10546875,4.359375,0,4.46484375,4.46484375,B-L1H27,1,000/direct/base/0/order1,3.352447986602783,cef37988435db144
T5,0.3058924078941345,noise,0.001953125,4.462890625,0,4.44140625,4.46484375,B-L1H27,1,000/direct/base/0/order1,0.4334094524383545,cef37988435db144
T1,0.967854380607605,noise,0.150390625,4.87890625,0,4.783203125,5.029296875,B-L11H4,1,000/direct/base/0/order1,8.412847518920898,d7b401c2eec20f08
T2,0.11528065800666809,noise,0.013671875,5.015625,0,5.025390625,5.029296875,B-L11H4,1,000/direct/base/0/order1,0.3775475025177002,d7b401c2eec20f08
T3,0.6732791066169739,noise,0.107421875,4.921875,0,4.8671875,5.029296875,B-L11H4,1,000/direct/base/0/order1,8.412847518920898,d7b401c2eec20f08
T4,2.5144641399383545,noise,0.126953125,4.90234375,0,5.029296875,5.029296875,B-L11H4,1,000/direct/base/0/order1,3.2919325828552246,d7b401c2eec20f08
T5,0.2799450159072876,noise,-0.005859375,5.03515625,0,5.015625,5.029296875,B-L11H4,1,000/direct/base/0/order1,0.4194386303424835,d7b401c2eec20f08
T1,0.9664191007614136,noise,0.142578125,4.99609375,0,4.892578125,5.138671875,B-L17H5,1,000/direct/base/0/order1,8.416465759277344,adae3cba245fe41c
T2,0.11655204743146896,noise,0.017578125,5.12109375,0,5.13671875,5.138671875,B-L17H5,1,000/direct/base/0/order1,0.37552955746650696,adae3cba245fe41c
T3,0.6635590195655823,noise,0.099609375,5.0390625,0,4.97265625,5.138671875,B-L17H5,1,000/direct/base/0/order1,8.416465759277344,adae3cba245fe41c
T4,2.514718532562256,noise,0.126953125,5.01171875,0,5.138671875,5.138671875,B-L17H5,1,000/direct/base/0/order1,3.2919325828552246,adae3cba245fe41c
T5,0.3166864812374115,noise,0.0,5.138671875,0,5.125,5.138671875,B-L17H5,1,000/direct/base/0/order1,0.472278892993927,adae3cba245fe41c
T1,0.969893217086792,noise,0.13671875,4.89453125,0,4.7890625,5.03125,B-L23H10,1,000/direct/base/0/order1,8.416465759277344,8324433237827f03
T2,0.11792584508657455,noise,0.005859375,5.025390625,0,5.03125,5.03125,B-L23H10,1,000/direct/base/0/order1,0.37552955746650696,8324433237827f03
T3,0.6738448739051819,noise,0.095703125,4.935546875,0,4.873046875,5.03125,B-L23H10,1,000/direct/base/0/order1,8.416465759277344,8324433237827f03
T4,2.514378070831299,noise,0.119140625,4.912109375,0,5.03125,5.03125,B-L23H10,1,000/direct/base/0/order1,3.2919325828552246,8324433237827f03
T5,0.2866409420967102,noise,-0.00390625,5.03515625,0,5.01953125,5.03125,B-L23H10,1,000/direct/base/0/order1,0.42849963903427124,8324433237827f03
T1,0.9667192101478577,noise,0.138671875,4.927734375,0,4.81640625,5.06640625,B-L25H18,1,000/direct/base/0/order1,8.416465759277344,463f91d471cf8fc9
T2,0.11792584508657455,noise,0.00390625,5.0625,0,5.0625,5.06640625,B-L25H18,1,000/direct/base/0/order1,0.37552955746650696,463f91d471cf8fc9
T3,0.6715610027313232,noise,0.099609375,4.966796875,0,4.90625,5.06640625,B-L25H18,1,000/direct/base/0/order1,8.416465759277344,463f91d471cf8fc9
T4,2.514378070831299,noise,0.115234375,4.951171875,0,5.06640625,5.06640625,B-L25H18,1,000/direct/base/0/order1,3.2919325828552246,463f91d471cf8fc9
T5,0.2854754626750946,noise,-0.00390625,5.0703125,0,5.056640625,5.06640625,B-L25H18,1,000/direct/base/0/order1,0.42849963903427124,463f91d471cf8fc9
T1,1.2199585437774658,noise,0.220703125,5.71484375,0,5.6328125,5.935546875,B+L9H16,1,000/direct/base/0/order1,8.467763900756836,4f198d517137d88d
T2,0.18340209126472473,noise,0.009765625,5.92578125,0,5.935546875,5.935546875,B+L9H16,1,000/direct/base/0/order1,0.38712406158447266,4f198d517137d88d
T3,0.8257467746734619,noise,0.15625,5.779296875,0,5.73828125,5.935546875,B+L9H16,1,000/direct/base/0/order1,8.467763900756836,4f198d517137d88d
T4,2.5146231651306152,noise,0.15234375,5.783203125,0,5.935546875,5.935546875,B+L9H16,1,000/direct/base/0/order1,3.2919325828552246,4f198d517137d88d
T5,0.2999376952648163,noise,-0.037109375,5.97265625,0,5.953125,5.935546875,B+L9H16,1,000/direct/base/0/order1,0.47025567293167114,4f198d517137d88d
T1,3.324462413787842,noise,-0.08056640625,3.038818359375,0,2.147705078125,2.958251953125,full,1,000/direct/base/0/order1,8.161364555358887,full
T2,0.4233464002609253,noise,0.11328125,2.844970703125,0,2.94873046875,2.958251953125,full,1,000/direct/base/0/order1,0.8139743804931641,full
T3,2.224879503250122,noise,-0.06640625,3.024658203125,0,2.4481201171875,2.958251953125,full,1,000/direct/base/0/order1,8.161364555358887,full
T4,2.988927125930786,noise,0.297607421875,2.66064453125,0,2.958251953125,2.958251953125,full,1,000/direct/base/0/order1,4.080455303192139,full
T5,1.4583547115325928,noise,0.036865234375,2.92138671875,0,3.34375,2.958251953125,full,1,000/direct/base/0/order1,1.3882639408111572,full
T1,4.109169960021973,noise,1.245880126953125,4.94866943359375,48,4.97705078125,6.194549560546875,B,0,048/direct/base/0/order0,6.732449531555176,5c539bfa2d4004a5
T2,0.559636652469635,noise,0.020294189453125,6.17425537109375,48,6.187408447265625,6.194549560546875,B,0,048/direct/base/0/order0,0.5919394493103027,5c539bfa2d4004a5
T3,2.844928026199341,noise,0.6617660522460938,5.532783508300781,48,5.430908203125,6.194549560546875,B,0,048/direct/base/0/order0,6.732449531555176,5c539bfa2d4004a5
T4,2.349806308746338,noise,0.541046142578125,5.65350341796875,48,6.194549560546875,6.194549560546875,B,0,048/direct/base/0/order0,2.8506832122802734,5c539bfa2d4004a5
T5,0.41484007239341736,noise,-0.00372314453125,6.198272705078125,48,6.23974609375,6.194549560546875,B,0,048/direct/base/0/order0,0.6309815645217896,5c539bfa2d4004a5
T1,4.077523231506348,noise,1.246002197265625,5.01202392578125,48,5.05078125,6.258026123046875,B-L1H27,0,048/direct/base/0/order0,6.726007461547852,cef37988435db144
T2,0.495719850063324,noise,0.020050048828125,6.23797607421875,48,6.25164794921875,6.258026123046875,B-L1H27,0,048/direct/base/0/order0,0.5727729201316833,cef37988435db144
T3,2.8295161724090576,noise,0.6685714721679688,5.589454650878906,48,5.494873046875,6.258026123046875,B-L1H27,0,048/direct/base/0/order0,6.726007461547852,cef37988435db144
T4,2.339268207550049,noise,0.526885986328125,5.73114013671875,48,6.258026123046875,6.258026123046875,B-L1H27,0,048/direct/base/0/order0,2.822371244430542,cef37988435db144
T5,0.4514092206954956,noise,0.003875732421875,6.254150390625,48,6.294921875,6.258026123046875,B-L1H27,0,048/direct/base/0/order0,0.7223064303398132,cef37988435db144
T1,4.130570888519287,noise,1.2508544921875,4.97113037109375,48,4.9990234375,6.22198486328125,B-L11H4,0,048/direct/base/0/order0,6.7357025146484375,d7b401c2eec20f08
T2,0.5539290308952332,noise,0.01824951171875,6.2037353515625,48,6.217681884765625,6.22198486328125,B-L11H4,0,048/direct/base/0/order0,0.5909510254859924,d7b401c2eec20f08
T3,2.8642795085906982,noise,0.662933349609375,5.559051513671875,48,5.4517822265625,6.22198486328125,B-L11H4,0,048/direct/base/0/order0,6.7357025146484375,d7b401c2eec20f08
T4,2.3499414920806885,noise,0.53900146484375,5.6829833984375,48,6.22198486328125,6.22198486328125,B-L11H4,0,048/direct/base/0/order0,2.8506832122802734,d7b401c2eec20f08
T5,0.412044495344162,noise,-0.005615234375,6.22760009765625,48,6.2686767578125,6.22198486328125,B-L11H4,0,048/direct/base/0/order0,0.6267286539077759,d7b401c2eec20f08
T1,4.171064376831055,noise,1.2935638427734375,4.918212890625,48,4.972900390625,6.2117767333984375,B-L17H5,0,048/direct/base/0/order0,6.732449531555176,adae3cba245fe41c
T2,0.5593974590301514,noise,0.0274658203125,6.1843109130859375,48,6.2046966552734375,6.2117767333984375,B-L17H5,0,048/direct/base/0/order0,0.5919394493103027,adae3cba245fe41c
T3,2.9067986011505127,noise,0.6960296630859375,5.5157470703125,48,5.4287109375,6.2117767333984375,B-L17H5,0,048/direct/base/0/order0,6.732449531555176,adae3cba245fe41c
T4,2.350023031234741,noise,0.5531463623046875,5.65863037109375,48,6.2117767333984375,6.2117767333984375,B-L17H5,0,048/direct/base/0/order0,2.8506832122802734,adae3cba245fe41c
T5,0.4507456421852112,noise,0.001861572265625,6.2099151611328125,48,6.2537841796875,6.2117767333984375,B-L17H5,0,048/direct/base/0/order0,0.696517288684845,adae3cba245fe41c
T1,4.121399402618408,noise,1.21331787109375,4.9884033203125,48,4.978271484375,6.20172119140625,B-L23H10,0,048/direct/base/0/order0,6.732449531555176,8324433237827f03
T2,0.559636652469635,noise,0.0191650390625,6.18255615234375,48,6.1966552734375,6.20172119140625,B-L23H10,0,048/direct/base/0/order0,0.5919394493103027,8324433237827f03
T3,2.8535521030426025,noise,0.6422576904296875,5.5594635009765625,48,5.439208984375,6.20172119140625,B-L23H10,0,048/direct/base/0/order0,6.732449531555176,8324433237827f03
T4,2.349806308746338,noise,0.541748046875,5.65997314453125,48,6.20172119140625,6.20172119140625,B-L23H10,0,048/direct/base/0/order0,2.8506832122802734,8324433237827f03
T5,0.4147191047668457,noise,-0.00640869140625,6.2081298828125,48,6.2486572265625,6.20172119140625,B-L23H10,0,048/direct/base/0/order0,0.6309815645217896,8324433237827f03
T1,4.1034393310546875,noise,1.23480224609375,5.01092529296875,48,5.027099609375,6.2457275390625,B-L25H18,0,048/direct/base/0/order0,6.732449531555176,463f91d471cf8fc9
T2,0.559636652469635,noise,0.02178955078125,6.22393798828125,48,6.23736572265625,6.2457275390625,B-L25H18,0,048/direct/base/0/order0,0.5919394493103027,463f91d471cf8fc9
T3,2.841992139816284,noise,0.6554489135742188,5.590278625488281,48,5.4808349609375,6.2457275390625,B-L25H18,0,048/direct/base/0/order0,6.732449531555176,463f91d471cf8fc9
T4,2.349806308746338,noise,0.5404052734375,5.705322265625,48,6.2457275390625,6.2457275390625,B-L25H18,0,048/direct/base/0/order0,2.8506832122802734,463f91d471cf8fc9
T5,0.4125280976295471,noise,-0.00335693359375,6.24908447265625,48,6.2900390625,6.2457275390625,B-L25H18,0,048/direct/base/0/order0,0.6309815645217896,463f91d471cf8fc9
T1,4.122472763061523,noise,1.170318603515625,5.193389892578125,48,5.128173828125,6.36370849609375,B+L9H16,0,048/direct/base/0/order0,6.684521198272705,4f198d517137d88d
T2,0.6100807189941406,noise,-0.0010986328125,6.36480712890625,48,6.3583984375,6.36370849609375,B+L9H16,0,048/direct/base/0/order0,0.5621703267097473,4f198d517137d88d
T3,2.805015802383423,noise,0.597900390625,5.76580810546875,48,5.6082763671875,6.36370849609375,B+L9H16,0,048/direct/base/0/order0,6.684521198272705,4f198d517137d88d
T4,2.349823474884033,noise,0.52874755859375,5.8349609375,48,6.36370849609375,6.36370849609375,B+L9H16,0,048/direct/base/0/order0,2.8506832122802734,4f198d517137d88d
T5,0.38305482268333435,noise,-0.0146484375,6.37835693359375,48,6.4276123046875,6.36370849609375,B+L9H16,0,048/direct/base/0/order0,0.5183308720588684,4f198d517137d88d
T1,5.706889629364014,noise,3.5623779296875,3.083984375,48,4.92724609375,6.6463623046875,full,0,048/direct/base/0/order0,7.0467939376831055,full
T2,1.3223927021026611,noise,0.136138916015625,6.510223388671875,48,6.6324462890625,6.6463623046875,full,0,048/direct/base/0/order0,0.6356963515281677,full
T3,3.323639392852783,noise,1.3819580078125,5.264404296875,48,5.87109375,6.6463623046875,full,0,048/direct/base/0/order0,7.0467939376831055,full
T4,2.459744930267334,noise,0.575286865234375,6.071075439453125,48,6.6463623046875,6.6463623046875,full,0,048/direct/base/0/order0,2.973101854324341,full
T5,0.8404983282089233,noise,-0.1270904541015625,6.7734527587890625,48,6.826934814453125,6.6463623046875,full,0,048/direct/base/0/order0,0.8449677228927612,full
T1,1.0204726457595825,noise,0.479248046875,-3.780029296875,48,-3.603759765625,-3.30078125,B,1,048/direct/base/0/order1,7.124989986419678,5c539bfa2d4004a5
T2,0.2524270713329315,noise,0.10498046875,-3.40576171875,48,-3.3040771484375,-3.30078125,B,1,048/direct/base/0/order1,0.44581347703933716,5c539bfa2d4004a5
T3,0.7194820642471313,noise,0.344482421875,-3.645263671875,48,-3.494873046875,-3.30078125,B,1,048/direct/base/0/order1,7.124989986419678,5c539bfa2d4004a5
T4,2.418647527694702,noise,0.11962890625,-3.42041015625,48,-3.30078125,-3.30078125,B,1,048/direct/base/0/order1,2.9058334827423096,5c539bfa2d4004a5
T5,0.3338299095630646,noise,0.0260009765625,-3.3267822265625,48,-3.308349609375,-3.30078125,B,1,048/direct/base/0/order1,0.43230441212654114,5c539bfa2d4004a5
T1,0.9600604176521301,noise,0.4466552734375,-4.13330078125,48,-3.971923828125,-3.6866455078125,B-L1H27,1,048/direct/base/0/order1,7.132332801818848,cef37988435db144
T2,0.2404647022485733,noise,0.0941162109375,-3.78076171875,48,-3.689453125,-3.6866455078125,B-L1H27,1,048/direct/base/0/order1,0.43185901641845703,cef37988435db144
T3,0.6825821995735168,noise,0.3233642578125,-4.010009765625,48,-3.872314453125,-3.6866455078125,B-L1H27,1,048/direct/base/0/order1,7.132332801818848,cef37988435db144
T4,2.3950066566467285,noise,0.105224609375,-3.7918701171875,48,-3.6866455078125,-3.6866455078125,B-L1H27,1,048/direct/base/0/order1,2.8757874965667725,cef37988435db144
T5,0.3767501711845398,noise,0.0302734375,-3.7169189453125,48,-3.6998291015625,-3.6866455078125,B-L1H27,1,048/direct/base/0/order1,0.4925578832626343,cef37988435db144
T1,1.0085678100585938,noise,0.468994140625,-3.833984375,48,-3.665771484375,-3.364990234375,B-L11H4,1,048/direct/base/0/order1,7.127131462097168,d7b401c2eec20f08
T2,0.2482302188873291,noise,0.09619140625,-3.461181640625,48,-3.368408203125,-3.364990234375,B-L11H4,1,048/direct/base/0/order1,0.4476698040962219,d7b401c2eec20f08
T3,0.7103365659713745,noise,0.336669921875,-3.70166015625,48,-3.558837890625,-3.364990234375,B-L11H4,1,048/direct/base/0/order1,7.127131462097168,d7b401c2eec20f08
T4,2.4185404777526855,noise,0.1103515625,-3.475341796875,48,-3.364990234375,-3.364990234375,B-L11H4,1,048/direct/base/0/order1,2.9058334827423096,d7b401c2eec20f08
T5,0.3305368423461914,noise,0.02734375,-3.392333984375,48,-3.3751220703125,-3.364990234375,B-L11H4,1,048/direct/base/0/order1,0.42767786979675293,d7b401c2eec20f08
T1,1.0750808715820312,noise,0.5137939453125,-3.57861328125,48,-3.38134765625,-3.0648193359375,B-L17H5,1,048/direct/base/0/order1,7.124989986419678,adae3cba245fe41c
T2,0.2530992031097412,noise,0.1065673828125,-3.17138671875,48,-3.0653076171875,-3.0648193359375,B-L17H5,1,048/direct/base/0/order1,0.44581347703933716,adae3cba245fe41c
T3,0.7691377401351929,noise,0.374755859375,-3.4395751953125,48,-3.2724609375,-3.0648193359375,B-L17H5,1,048/direct/base/0/order1,7.124989986419678,adae3cba245fe41c
T4,2.4186010360717773,noise,0.12744140625,-3.1922607421875,48,-3.0648193359375,-3.0648193359375,B-L17H5,1,048/direct/base/0/order1,2.9058334827423096,adae3cba245fe41c
T5,0.3698406517505646,noise,0.01239013671875,-3.07720947265625,48,-3.065185546875,-3.0648193359375,B-L17H5,1,048/direct/base/0/order1,0.4931274652481079,adae3cba245fe41c
T1,1.0232372283935547,noise,0.462890625,-3.848388671875,48,-3.68896484375,-3.385498046875,B-L23H10,1,048/direct/base/0/order1,7.124989986419678,8324433237827f03
T2,0.2524270713329315,noise,0.100341796875,-3.48583984375,48,-3.3875732421875,-3.385498046875,B-L23H10,1,048/direct/base/0/order1,0.44581347703933716,8324433237827f03
T3,0.7220862507820129,noise,0.3310546875,-3.716552734375,48,-3.578369140625,-3.385498046875,B-L23H10,1,048/direct/base/0/order1,7.124989986419678,8324433237827f03
T4,2.418647527694702,noise,0.114013671875,-3.49951171875,48,-3.385498046875,-3.385498046875,B-L23H10,1,048/direct/base/0/order1,2.9058334827423096,8324433237827f03
T5,0.33591482043266296,noise,0.0224609375,-3.407958984375,48,-3.3931884765625,-3.385498046875,B-L23H10,1,048/direct/base/0/order1,0.43230441212654114,8324433237827f03
T1,1.0190465450286865,noise,0.478515625,-3.751953125,48,-3.576904296875,-3.2734375,B-L25H18,1,048/direct/base/0/order1,7.124989986419678,463f91d471cf8fc9
T2,0.2524270713329315,noise,0.0977783203125,-3.3712158203125,48,-3.276123046875,-3.2734375,B-L25H18,1,048/direct/base/0/order1,0.44581347703933716,463f91d471cf8fc9
T3,0.7176838517189026,noise,0.3427734375,-3.6162109375,48,-3.466796875,-3.2734375,B-L25H18,1,048/direct/base/0/order1,7.124989986419678,463f91d471cf8fc9
T4,2.418647527694702,noise,0.115966796875,-3.389404296875,48,-3.2734375,-3.2734375,B-L25H18,1,048/direct/base/0/order1,2.9058334827423096,463f91d471cf8fc9
T5,0.33309075236320496,noise,0.022705078125,-3.296142578125,48,-3.2813720703125,-3.2734375,B-L25H18,1,048/direct/base/0/order1,0.43230441212654114,463f91d471cf8fc9
T1,1.1534122228622437,noise,0.5484619140625,-3.314208984375,48,-3.105712890625,-2.7657470703125,B+L9H16,1,048/direct/base/0/order1,7.11215877532959,4f198d517137d88d
T2,0.2864985167980194,noise,0.10205078125,-2.8677978515625,48,-2.76983642578125,-2.7657470703125,B+L9H16,1,048/direct/base/0/order1,0.435494601726532,4f198d517137d88d
T3,0.7994765639305115,noise,0.3818359375,-3.1475830078125,48,-2.9810791015625,-2.7657470703125,B+L9H16,1,048/direct/base/0/order1,7.11215877532959,4f198d517137d88d
T4,2.418565034866333,noise,0.1300048828125,-2.895751953125,48,-2.7657470703125,-2.7657470703125,B+L9H16,1,048/direct/base/0/order1,2.9058334827423096,4f198d517137d88d
T5,0.31550362706184387,noise,-0.013671875,-2.7520751953125,48,-2.751953125,-2.7657470703125,B+L9H16,1,048/direct/base/0/order1,0.3961295187473297,4f198d517137d88d
T1,1.8986210823059082,noise,1.09423828125,-0.1171875,48,0.455322265625,0.97705078125,full,1,048/direct/base/0/order1,7.567735195159912,full
T2,0.5435698628425598,noise,0.14447021484375,0.83258056640625,48,0.96917724609375,0.97705078125,full,1,048/direct/base/0/order1,0.712192952632904,full
T3,1.2316527366638184,noise,0.7197265625,0.25732421875,48,0.6749267578125,0.97705078125,full,1,048/direct/base/0/order1,7.567735195159912,full
T4,2.8193042278289795,noise,0.226776123046875,0.750274658203125,48,0.97705078125,0.97705078125,full,1,048/direct/base/0/order1,3.4316201210021973,full
T5,1.6700681447982788,noise,-0.726318359375,1.703369140625,48,1.2744140625,0.97705078125,full,1,048/direct/base/0/order1,1.6585397720336914,full
T1,3.5048186779022217,noise,0.794921875,3.52587890625,82,3.0357666015625,4.32080078125,B,0,082/direct/base/0/order0,6.235630989074707,5c539bfa2d4004a5
T2,0.7572552561759949,noise,0.0400390625,4.28076171875,82,4.31005859375,4.32080078125,B,0,082/direct/base/0/order0,0.685774028301239,5c539bfa2d4004a5
T3,2.3778762817382812,noise,0.41455078125,3.90625,82,3.5128173828125,4.32080078125,B,0,082/direct/base/0/order0,6.235630989074707,5c539bfa2d4004a5
T4,1.7958741188049316,noise,0.47021484375,3.8505859375,82,4.32080078125,4.32080078125,B,0,082/direct/base/0/order0,2.3475983142852783,5c539bfa2d4004a5
T5,0.6595285534858704,noise,-0.046875,4.36767578125,82,4.4951171875,4.32080078125,B,0,082/direct/base/0/order0,0.7897467613220215,5c539bfa2d4004a5
T1,3.402803897857666,noise,0.8115234375,3.2890625,82,2.86663818359375,4.1005859375,B-L1H27,0,082/direct/base/0/order0,6.23868989944458,cef37988435db144
T2,0.7058111429214478,noise,0.05517578125,4.04541015625,82,4.09033203125,4.1005859375,B-L1H27,0,082/direct/base/0/order0,0.6907969117164612,cef37988435db144
T3,2.340442419052124,noise,0.4453125,3.6552734375,82,3.3111572265625,4.1005859375,B-L1H27,0,082/direct/base/0/order0,6.23868989944458,cef37988435db144
T4,1.8105058670043945,noise,0.45068359375,3.64990234375,82,4.1005859375,4.1005859375,B-L1H27,0,082/direct/base/0/order0,2.399354934692383,cef37988435db144
T5,0.6243997812271118,noise,-0.04833984375,4.14892578125,82,4.265625,4.1005859375,B-L1H27,0,082/direct/base/0/order0,0.7555117011070251,cef37988435db144
T1,3.508495807647705,noise,0.79052734375,3.529296875,82,3.033447265625,4.31982421875,B-L11H4,0,082/direct/base/0/order0,6.234878063201904,d7b401c2eec20f08
T2,0.7469282746315002,noise,0.03662109375,4.283203125,82,4.3076171875,4.31982421875,B-L11H4,0,082/direct/base/0/order0,0.6810562610626221,d7b401c2eec20f08
T3,2.3844285011291504,noise,0.41455078125,3.9052734375,82,3.508544921875,4.31982421875,B-L11H4,0,082/direct/base/0/order0,6.234878063201904,d7b401c2eec20f08
T4,1.7955846786499023,noise,0.4697265625,3.85009765625,82,4.31982421875,4.31982421875,B-L11H4,0,082/direct/base/0/order0,2.3475983142852783,d7b401c2eec20f08
T5,0.6631928086280823,noise,-0.04931640625,4.369140625,82,4.49609375,4.31982421875,B-L11H4,0,082/direct/base/0/order0,0.7934769988059998,d7b401c2eec20f08
T1,3.6030848026275635,noise,0.784912109375,3.821533203125,82,3.2806396484375,4.6064453125,B-L17H5,0,082/direct/base/0/order0,6.235630989074707,adae3cba245fe41c
T2,0.7553500533103943,noise,0.0439453125,4.5625,82,4.59326171875,4.6064453125,B-L17H5,0,082/direct/base/0/order0,0.685774028301239,adae3cba245fe41c
T3,2.4572877883911133,noise,0.408203125,4.1982421875,82,3.767333984375,4.6064453125,B-L17H5,0,082/direct/base/0/order0,6.235630989074707,adae3cba245fe41c
T4,1.7961910963058472,noise,0.50048828125,4.10595703125,82,4.6064453125,4.6064453125,B-L17H5,0,082/direct/base/0/order0,2.3475983142852783,adae3cba245fe41c
T5,0.6388039588928223,noise,-0.04443359375,4.65087890625,82,4.77783203125,4.6064453125,B-L17H5,0,082/direct/base/0/order0,0.7692467570304871,adae3cba245fe41c
T1,3.5097744464874268,noise,0.81787109375,3.5947265625,82,3.1197509765625,4.41259765625,B-L23H10,0,082/direct/base/0/order0,6.235630989074707,8324433237827f03
T2,0.7572552561759949,noise,0.0390625,4.37353515625,82,4.40234375,4.41259765625,B-L23H10,0,082/direct/base/0/order0,0.685774028301239,8324433237827f03
T3,2.381833553314209,noise,0.4287109375,3.98388671875,82,3.5987548828125,4.41259765625,B-L23H10,0,082/direct/base/0/order0,6.235630989074707,8324433237827f03
T4,1.7958741188049316,noise,0.47900390625,3.93359375,82,4.41259765625,4.41259765625,B-L23H10,0,082/direct/base/0/order0,2.3475983142852783,8324433237827f03
T5,0.6599943041801453,noise,-0.0478515625,4.46044921875,82,4.5869140625,4.41259765625,B-L23H10,0,082/direct/base/0/order0,0.7897467613220215,8324433237827f03
T1,3.501777172088623,noise,0.793212890625,3.540283203125,82,3.04541015625,4.33349609375,B-L25H18,0,082/direct/base/0/order0,6.235630989074707,463f91d471cf8fc9
T2,0.7572552561759949,noise,0.03955078125,4.2939453125,82,4.32470703125,4.33349609375,B-L25H18,0,082/direct/base/0/order0,0.685774028301239,463f91d471cf8fc9
T3,2.3768692016601562,noise,0.4150390625,3.91845703125,82,3.523681640625,4.33349609375,B-L25H18,0,082/direct/base/0/order0,6.235630989074707,463f91d471cf8fc9
T4,1.7958741188049316,noise,0.46875,3.86474609375,82,4.33349609375,4.33349609375,B-L25H18,0,082/direct/base/0/order0,2.3475983142852783,463f91d471cf8fc9
T5,0.6579328775405884,noise,-0.04248046875,4.3759765625,82,4.50927734375,4.33349609375,B-L25H18,0,082/direct/base/0/order0,0.7897467613220215,463f91d471cf8fc9
T1,3.5831151008605957,noise,0.798095703125,3.641357421875,82,3.1273193359375,4.439453125,B+L9H16,0,082/direct/base/0/order0,6.2245402336120605,4f198d517137d88d
T2,0.9145779609680176,noise,0.02734375,4.412109375,82,4.42431640625,4.439453125,B+L9H16,0,082/direct/base/0/order0,0.7318107485771179,4f198d517137d88d
T3,2.3846521377563477,noise,0.4072265625,4.0322265625,82,3.6304931640625,4.439453125,B+L9H16,0,082/direct/base/0/order0,6.2245402336120605,4f198d517137d88d
T4,1.7954826354980469,noise,0.49853515625,3.94091796875,82,4.439453125,4.439453125,B+L9H16,0,082/direct/base/0/order0,2.3475983142852783,4f198d517137d88d
T5,0.7111619710922241,noise,-0.04736328125,4.48681640625,82,4.630859375,4.439453125,B+L9H16,0,082/direct/base/0/order0,0.8605614304542542,4f198d517137d88d
T1,5.587686061859131,noise,1.843017578125,3.62109375,82,3.5693359375,5.464111328125,full,0,082/direct/base/0/order0,6.71543550491333,full
T2,1.2587394714355469,noise,0.095458984375,5.36865234375,82,5.451904296875,5.464111328125,full,0,082/direct/base/0/order0,0.9039806127548218,full
T3,3.097135066986084,noise,0.53253173828125,4.93157958984375,82,4.531494140625,5.464111328125,full,0,082/direct/base/0/order0,6.71543550491333,full
T4,2.3173747062683105,noise,0.571044921875,4.89306640625,82,5.464111328125,5.464111328125,full,0,082/direct/base/0/order0,2.731377601623535,full
T5,1.4885380268096924,noise,-0.08251953125,5.546630859375,82,5.97412109375,5.464111328125,full,0,082/direct/base/0/order0,1.5638043880462646,full
T1,0.8111944794654846,noise,0.27734375,-5.060546875,82,-5.068359375,-4.783203125,B,1,082/direct/base/0/order1,6.524416923522949,5c539bfa2d4004a5
T2,0.22627447545528412,noise,0.060546875,-4.84375,82,-4.7861328125,-4.783203125,B,1,082/direct/base/0/order1,0.45580872893333435,5c539bfa2d4004a5
T3,0.5450048446655273,noise,0.1943359375,-4.9775390625,82,-4.9599609375,-4.783203125,B,1,082/direct/base/0/order1,6.524416923522949,5c539bfa2d4004a5
T4,1.8050898313522339,noise,0.1455078125,-4.9287109375,82,-4.783203125,-4.783203125,B,1,082/direct/base/0/order1,2.280017375946045,5c539bfa2d4004a5
T5,0.3758580684661865,noise,-0.04150390625,-4.74169921875,82,-4.767578125,-4.783203125,B,1,082/direct/base/0/order1,0.47070518136024475,5c539bfa2d4004a5
T1,0.762854278087616,noise,0.2734375,-4.841796875,82,-4.8330078125,-4.568359375,B-L1H27,1,082/direct/base/0/order1,6.574009895324707,cef37988435db144
T2,0.2546483278274536,noise,0.068359375,-4.63671875,82,-4.5712890625,-4.568359375,B-L1H27,1,082/direct/base/0/order1,0.48958778381347656,cef37988435db144
T3,0.5193617343902588,noise,0.189453125,-4.7578125,82,-4.734375,-4.568359375,B-L1H27,1,082/direct/base/0/order1,6.574009895324707,cef37988435db144
T4,1.8698527812957764,noise,0.15234375,-4.720703125,82,-4.568359375,-4.568359375,B-L1H27,1,082/direct/base/0/order1,2.4273579120635986,cef37988435db144
T5,0.35667362809181213,noise,-0.0224609375,-4.5458984375,82,-4.5712890625,-4.568359375,B-L1H27,1,082/direct/base/0/order1,0.4546542763710022,cef37988435db144
T1,0.8046365976333618,noise,0.275390625,-5.0712890625,82,-5.076171875,-4.7958984375,B-L11H4,1,082/direct/base/0/order1,6.5213117599487305,d7b401c2eec20f08
T2,0.2257654070854187,noise,0.05859375,-4.8544921875,82,-4.7978515625,-4.7958984375,B-L11H4,1,082/direct/base/0/order1,0.45643341541290283,d7b401c2eec20f08
T3,0.5384138822555542,noise,0.19140625,-4.9873046875,82,-4.96875,-4.7958984375,B-L11H4,1,082/direct/base/0/order1,6.5213117599487305,d7b401c2eec20f08
T4,1.8053525686264038,noise,0.1474609375,-4.943359375,82,-4.7958984375,-4.7958984375,B-L11H4,1,082/direct/base/0/order1,2.280017375946045,d7b401c2eec20f08
T5,0.3669809401035309,noise,-0.04443359375,-4.75146484375,82,-4.77783203125,-4.7958984375,B-L11H4,1,082/direct/base/0/order1,0.4600093960762024,d7b401c2eec20f08
T1,0.7821622490882874,noise,0.263671875,-5.2119140625,82,-5.224609375,-4.9482421875,B-L17H5,1,082/direct/base/0/order1,6.524416923522949,adae3cba245fe41c
T2,0.22531139850616455,noise,0.0673828125,-5.015625,82,-4.951171875,-4.9482421875,B-L17H5,1,082/direct/base/0/order1,0.45580872893333435,adae3cba245fe41c
T3,0.5311717391014099,noise,0.1904296875,-5.138671875,82,-5.1171875,-4.9482421875,B-L17H5,1,082/direct/base/0/order1,6.524416923522949,adae3cba245fe41c
T4,1.8050150871276855,noise,0.142578125,-5.0908203125,82,-4.9482421875,-4.9482421875,B-L17H5,1,082/direct/base/0/order1,2.280017375946045,adae3cba245fe41c
T5,0.38086894154548645,noise,-0.03955078125,-4.90869140625,82,-4.935546875,-4.9482421875,B-L17H5,1,082/direct/base/0/order1,0.4871150553226471,adae3cba245fe41c
T1,0.8121787905693054,noise,0.28515625,-5.166015625,82,-5.1689453125,-4.880859375,B-L23H10,1,082/direct/base/0/order1,6.524416923522949,8324433237827f03
T2,0.22627447545528412,noise,0.0634765625,-4.9443359375,82,-4.8837890625,-4.880859375,B-L23H10,1,082/direct/base/0/order1,0.45580872893333435,8324433237827f03
T3,0.5457033514976501,noise,0.201171875,-5.08203125,82,-5.0615234375,-4.880859375,B-L23H10,1,082/direct/base/0/order1,6.524416923522949,8324433237827f03
T4,1.8050898313522339,noise,0.1533203125,-5.0341796875,82,-4.880859375,-4.880859375,B-L23H10,1,082/direct/base/0/order1,2.280017375946045,8324433237827f03
T5,0.37640759348869324,noise,-0.0419921875,-4.8388671875,82,-4.869140625,-4.880859375,B-L23H10,1,082/direct/base/0/order1,0.47070518136024475,8324433237827f03
T1,0.8094261884689331,noise,0.26513671875,-5.0986328125,82,-5.1201171875,-4.83349609375,B-L25H18,1,082/direct/base/0/order1,6.524416923522949,463f91d471cf8fc9
T2,0.22627447545528412,noise,0.060546875,-4.89404296875,82,-4.83837890625,-4.83349609375,B-L25H18,1,082/direct/base/0/order1,0.45580872893333435,463f91d471cf8fc9
T3,0.5447463393211365,noise,0.18701171875,-5.0205078125,82,-5.009765625,-4.83349609375,B-L25H18,1,082/direct/base/0/order1,6.524416923522949,463f91d471cf8fc9
T4,1.8050898313522339,noise,0.14990234375,-4.9833984375,82,-4.83349609375,-4.83349609375,B-L25H18,1,082/direct/base/0/order1,2.280017375946045,463f91d471cf8fc9
T5,0.3748820126056671,noise,-0.03955078125,-4.7939453125,82,-4.8203125,-4.83349609375,B-L25H18,1,082/direct/base/0/order1,0.47070518136024475,463f91d471cf8fc9
T1,0.9554057717323303,noise,0.40087890625,-4.3056640625,82,-4.240234375,-3.90478515625,B+L9H16,1,082/direct/base/0/order1,6.543679237365723,4f198d517137d88d
T2,0.3417607843875885,noise,0.11328125,-4.01806640625,82,-3.908203125,-3.90478515625,B+L9H16,1,082/direct/base/0/order1,0.49133890867233276,4f198d517137d88d
T3,0.6208447217941284,noise,0.27001953125,-4.1748046875,82,-4.10595703125,-3.90478515625,B+L9H16,1,082/direct/base/0/order1,6.543679237365723,4f198d517137d88d
T4,1.8047055006027222,noise,0.18310546875,-4.087890625,82,-3.90478515625,-3.90478515625,B+L9H16,1,082/direct/base/0/order1,2.280017375946045,4f198d517137d88d
T5,0.3542979955673218,noise,-0.08447265625,-3.8203125,82,-3.85986328125,-3.90478515625,B+L9H16,1,082/direct/base/0/order1,0.45154502987861633,4f198d517137d88d
T1,1.44652259349823,noise,0.8251953125,-0.025390625,82,0.393798828125,0.7998046875,full,1,082/direct/base/0/order1,6.98689079284668,full
T2,0.47864484786987305,noise,0.0926513671875,0.7071533203125,82,0.7923583984375,0.7998046875,full,1,082/direct/base/0/order1,0.6400301456451416,full
T3,0.8423625826835632,noise,0.483917236328125,0.315887451171875,82,0.581298828125,0.7998046875,full,1,082/direct/base/0/order1,6.98689079284668,full
T4,2.551401376724243,noise,0.19525146484375,0.60455322265625,82,0.7998046875,0.7998046875,full,1,082/direct/base/0/order1,3.1607284545898438,full
T5,1.9923821687698364,noise,-0.66064453125,1.46044921875,82,1.25439453125,0.7998046875,full,1,082/direct/base/0/order1,2.2554242610931396,full
T1,4.234676837921143,noise,0.224609375,-3.767578125,102,-4.861328125,-3.54296875,B,0,102/direct/base/0/order0,8.019222259521484,5c539bfa2d4004a5
T2,0.23912771046161652,noise,-0.02734375,-3.515625,102,-3.54296875,-3.54296875,B,0,102/direct/base/0/order0,0.41444429755210876,5c539bfa2d4004a5
T3,3.1376781463623047,noise,0.1015625,-3.64453125,102,-4.462890625,-3.54296875,B,0,102/direct/base/0/order0,8.019222259521484,5c539bfa2d4004a5
T4,2.1713943481445312,noise,0.533203125,-4.076171875,102,-3.54296875,-3.54296875,B,0,102/direct/base/0/order0,2.4728784561157227,5c539bfa2d4004a5
T5,0.7003625631332397,noise,-0.015625,-3.52734375,102,-3.40234375,-3.54296875,B,0,102/direct/base/0/order0,0.6803946495056152,5c539bfa2d4004a5
T1,4.032393455505371,noise,0.24609375,-4.287109375,102,-5.298828125,-4.041015625,B-L1H27,0,102/direct/base/0/order0,8.034167289733887,cef37988435db144
T2,0.1987570971250534,noise,-0.0234375,-4.017578125,102,-4.044921875,-4.041015625,B-L1H27,0,102/direct/base/0/order0,0.4236503839492798,cef37988435db144
T3,3.0134730339050293,noise,0.1328125,-4.173828125,102,-4.923828125,-4.041015625,B-L1H27,0,102/direct/base/0/order0,8.034167289733887,cef37988435db144
T4,2.177006959915161,noise,0.505859375,-4.546875,102,-4.041015625,-4.041015625,B-L1H27,0,102/direct/base/0/order0,2.475682258605957,cef37988435db144
T5,0.5917103886604309,noise,-0.013671875,-4.02734375,102,-3.94921875,-4.041015625,B-L1H27,0,102/direct/base/0/order0,0.594334602355957,cef37988435db144
T1,4.253975868225098,noise,0.2265625,-3.75390625,102,-4.853515625,-3.52734375,B-L11H4,0,102/direct/base/0/order0,8.025741577148438,d7b401c2eec20f08
T2,0.23549219965934753,noise,-0.0234375,-3.50390625,102,-3.53515625,-3.52734375,B-L11H4,0,102/direct/base/0/order0,0.4135704040527344,d7b401c2eec20f08
T3,3.150970935821533,noise,0.11328125,-3.640625,102,-4.45703125,-3.52734375,B-L11H4,0,102/direct/base/0/order0,8.025741577148438,d7b401c2eec20f08
T4,2.1715142726898193,noise,0.525390625,-4.052734375,102,-3.52734375,-3.52734375,B-L11H4,0,102/direct/base/0/order0,2.4728784561157227,d7b401c2eec20f08
T5,0.7070870995521545,noise,-0.01171875,-3.515625,102,-3.390625,-3.52734375,B-L11H4,0,102/direct/base/0/order0,0.6860790848731995,d7b401c2eec20f08
T1,4.252956390380859,noise,0.234375,-3.59765625,102,-4.69140625,-3.36328125,B-L17H5,0,102/direct/base/0/order0,8.019222259521484,adae3cba245fe41c
T2,0.23929478228092194,noise,-0.02734375,-3.3359375,102,-3.3671875,-3.36328125,B-L17H5,0,102/direct/base/0/order0,0.41444429755210876,adae3cba245fe41c
T3,3.155571222305298,noise,0.109375,-3.47265625,102,-4.291015625,-3.36328125,B-L17H5,0,102/direct/base/0/order0,8.019222259521484,adae3cba245fe41c
T4,2.1711995601654053,noise,0.55859375,-3.921875,102,-3.36328125,-3.36328125,B-L17H5,0,102/direct/base/0/order0,2.4728784561157227,adae3cba245fe41c
T5,0.6595714688301086,noise,-0.015625,-3.34765625,102,-3.2421875,-3.36328125,B-L17H5,0,102/direct/base/0/order0,0.6422621607780457,adae3cba245fe41c
T1,4.239928722381592,noise,0.24609375,-3.79296875,102,-4.876953125,-3.546875,B-L23H10,0,102/direct/base/0/order0,8.019222259521484,8324433237827f03
T2,0.23912771046161652,noise,-0.01953125,-3.52734375,102,-3.55078125,-3.546875,B-L23H10,0,102/direct/base/0/order0,0.41444429755210876,8324433237827f03
T3,3.141052007675171,noise,0.1171875,-3.6640625,102,-4.470703125,-3.546875,B-L23H10,0,102/direct/base/0/order0,8.019222259521484,8324433237827f03
T4,2.1713943481445312,noise,0.53515625,-4.08203125,102,-3.546875,-3.546875,B-L23H10,0,102/direct/base/0/order0,2.4728784561157227,8324433237827f03
T5,0.7031001448631287,noise,-0.01171875,-3.53515625,102,-3.4140625,-3.546875,B-L23H10,0,102/direct/base/0/order0,0.6803946495056152,8324433237827f03
T1,4.23842716217041,noise,0.2265625,-3.8203125,102,-4.923828125,-3.59375,B-L25H18,0,102/direct/base/0/order0,8.019222259521484,463f91d471cf8fc9
T2,0.23912771046161652,noise,-0.0234375,-3.5703125,102,-3.59765625,-3.59375,B-L25H18,0,102/direct/base/0/order0,0.41444429755210876,463f91d471cf8fc9
T3,3.1402363777160645,noise,0.1015625,-3.6953125,102,-4.5234375,-3.59375,B-L25H18,0,102/direct/base/0/order0,8.019222259521484,463f91d471cf8fc9
T4,2.1713943481445312,noise,0.52734375,-4.12109375,102,-3.59375,-3.59375,B-L25H18,0,102/direct/base/0/order0,2.4728784561157227,463f91d471cf8fc9
T5,0.7007824778556824,noise,-0.0078125,-3.5859375,102,-3.45703125,-3.59375,B-L25H18,0,102/direct/base/0/order0,0.6803946495056152,463f91d471cf8fc9
T1,4.370325565338135,noise,0.21484375,-3.4140625,102,-4.56640625,-3.19921875,B+L9H16,0,102/direct/base/0/order0,8.072928428649902,4f198d517137d88d
T2,0.3202687203884125,noise,-0.03515625,-3.1640625,102,-3.203125,-3.19921875,B+L9H16,0,102/direct/base/0/order0,0.45519211888313293,4f198d517137d88d
T3,3.1756398677825928,noise,0.08203125,-3.28125,102,-4.1328125,-3.19921875,B+L9H16,0,102/direct/base/0/order0,8.072928428649902,4f198d517137d88d
T4,2.1720566749572754,noise,0.5390625,-3.73828125,102,-3.19921875,-3.19921875,B+L9H16,0,102/direct/base/0/order0,2.4728784561157227,4f198d517137d88d
T5,0.7614628076553345,noise,-0.00390625,-3.1953125,102,-3.0390625,-3.19921875,B+L9H16,0,102/direct/base/0/order0,0.7338981628417969,4f198d517137d88d
T1,6.133425235748291,noise,0.5919342041015625,8.292266845703125,102,7.150390625,8.884201049804688,full,0,102/direct/base/0/order0,9.008399963378906,full
T2,1.1732174158096313,noise,0.10117721557617188,8.783023834228516,102,8.895378112792969,8.884201049804688,full,0,102/direct/base/0/order0,0.636056661605835,full
T3,4.124499320983887,noise,0.227752685546875,8.656448364257812,102,7.828857421875,8.884201049804688,full,0,102/direct/base/0/order0,9.008399963378906,full
T4,2.551645517349243,noise,0.4335784912109375,8.45062255859375,102,8.884201049804688,8.884201049804688,full,0,102/direct/base/0/order0,3.2210676670074463,full
T5,2.2584457397460938,noise,-0.0179595947265625,8.90216064453125,102,9.58251953125,8.884201049804688,full,0,102/direct/base/0/order0,2.4893083572387695,full
T1,0.6215582489967346,noise,-0.00048828125,-12.29248046875,102,-12.5087890625,-12.29296875,B,1,102/direct/base/0/order1,8.40556526184082,5c539bfa2d4004a5
T2,0.05704539641737938,noise,-0.00048828125,-12.29248046875,102,-12.2998046875,-12.29296875,B,1,102/direct/base/0/order1,0.2588961720466614,5c539bfa2d4004a5
T3,0.4281252920627594,noise,0.0009765625,-12.2939453125,102,-12.4404296875,-12.29296875,B,1,102/direct/base/0/order1,8.40556526184082,5c539bfa2d4004a5
T4,2.242272138595581,noise,0.07275390625,-12.36572265625,102,-12.29296875,-12.29296875,B,1,102/direct/base/0/order1,2.572890043258667,5c539bfa2d4004a5
T5,0.44278544187545776,noise,-0.01025390625,-12.28271484375,102,-12.298828125,-12.29296875,B,1,102/direct/base/0/order1,0.5725663900375366,5c539bfa2d4004a5
T1,0.6356752514839172,noise,-0.00048828125,-12.37744140625,102,-12.599609375,-12.3779296875,B-L1H27,1,102/direct/base/0/order1,8.407163619995117,cef37988435db144
T2,0.05446162447333336,noise,0.0,-12.3779296875,102,-12.376953125,-12.3779296875,B-L1H27,1,102/direct/base/0/order1,0.25212326645851135,cef37988435db144
T3,0.4418078064918518,noise,0.00244140625,-12.38037109375,102,-12.52734375,-12.3779296875,B-L1H27,1,102/direct/base/0/order1,8.407163619995117,cef37988435db144
T4,2.2440428733825684,noise,0.07958984375,-12.45751953125,102,-12.3779296875,-12.3779296875,B-L1H27,1,102/direct/base/0/order1,2.5698084831237793,cef37988435db144
T5,0.38174381852149963,noise,-0.00927734375,-12.36865234375,102,-12.37109375,-12.3779296875,B-L1H27,1,102/direct/base/0/order1,0.5069503784179688,cef37988435db144
T1,0.6147459149360657,noise,-0.0029296875,-12.306640625,102,-12.53125,-12.3095703125,B-L11H4,1,102/direct/base/0/order1,8.40270709991455,d7b401c2eec20f08
T2,0.05710282549262047,noise,0.00048828125,-12.31005859375,102,-12.31689453125,-12.3095703125,B-L11H4,1,102/direct/base/0/order1,0.2584686279296875,d7b401c2eec20f08
T3,0.4223901033401489,noise,0.0,-12.3095703125,102,-12.4541015625,-12.3095703125,B-L11H4,1,102/direct/base/0/order1,8.40270709991455,d7b401c2eec20f08
T4,2.2420685291290283,noise,0.072265625,-12.3818359375,102,-12.3095703125,-12.3095703125,B-L11H4,1,102/direct/base/0/order1,2.572890043258667,d7b401c2eec20f08
T5,0.42956557869911194,noise,-0.01123046875,-12.29833984375,102,-12.3115234375,-12.3095703125,B-L11H4,1,102/direct/base/0/order1,0.5588402152061462,d7b401c2eec20f08
T1,0.6030185222625732,noise,0.00146484375,-12.27099609375,102,-12.4755859375,-12.26953125,B-L17H5,1,102/direct/base/0/order1,8.40556526184082,adae3cba245fe41c
T2,0.058037590235471725,noise,0.0,-12.26953125,102,-12.26953125,-12.26953125,B-L17H5,1,102/direct/base/0/order1,0.2588961720466614,adae3cba245fe41c
T3,0.41726866364479065,noise,0.00146484375,-12.27099609375,102,-12.408203125,-12.26953125,B-L17H5,1,102/direct/base/0/order1,8.40556526184082,adae3cba245fe41c
T4,2.2420217990875244,noise,0.0732421875,-12.3427734375,102,-12.26953125,-12.26953125,B-L17H5,1,102/direct/base/0/order1,2.572890043258667,adae3cba245fe41c
T5,0.42037999629974365,noise,-0.0107421875,-12.2587890625,102,-12.26953125,-12.26953125,B-L17H5,1,102/direct/base/0/order1,0.5479174852371216,adae3cba245fe41c
T1,0.6189723610877991,noise,-0.0048828125,-12.4794921875,102,-12.6962890625,-12.484375,B-L23H10,1,102/direct/base/0/order1,8.40556526184082,8324433237827f03
T2,0.05704539641737938,noise,-0.0009765625,-12.4833984375,102,-12.4833984375,-12.484375,B-L23H10,1,102/direct/base/0/order1,0.2588961720466614,8324433237827f03
T3,0.4277135133743286,noise,-0.0009765625,-12.4833984375,102,-12.6181640625,-12.484375,B-L23H10,1,102/direct/base/0/order1,8.40556526184082,8324433237827f03
T4,2.242272138595581,noise,0.072265625,-12.556640625,102,-12.484375,-12.484375,B-L23H10,1,102/direct/base/0/order1,2.572890043258667,8324433237827f03
T5,0.44487589597702026,noise,-0.01953125,-12.46484375,102,-12.490234375,-12.484375,B-L23H10,1,102/direct/base/0/order1,0.5725663900375366,8324433237827f03
T1,0.6198853254318237,noise,-0.005859375,-12.30712890625,102,-12.5244140625,-12.31298828125,B-L25H18,1,102/direct/base/0/order1,8.40556526184082,463f91d471cf8fc9
T2,0.05704539641737938,noise,0.00048828125,-12.3134765625,102,-12.31298828125,-12.31298828125,B-L25H18,1,102/direct/base/0/order1,0.2588961720466614,463f91d471cf8fc9
T3,0.42672988772392273,noise,-0.00146484375,-12.3115234375,102,-12.447265625,-12.31298828125,B-L25H18,1,102/direct/base/0/order1,8.40556526184082,463f91d471cf8fc9
T4,2.242272138595581,noise,0.06884765625,-12.3818359375,102,-12.31298828125,-12.31298828125,B-L25H18,1,102/direct/base/0/order1,2.572890043258667,463f91d471cf8fc9
T5,0.44362375140190125,noise,-0.01318359375,-12.2998046875,102,-12.3173828125,-12.31298828125,B-L25H18,1,102/direct/base/0/order1,0.5725663900375366,463f91d471cf8fc9
T1,0.622880220413208,noise,-0.0078125,-12.3603515625,102,-12.5771484375,-12.3681640625,B+L9H16,1,102/direct/base/0/order1,8.425174713134766,4f198d517137d88d
T2,0.0893579050898552,noise,-0.0087890625,-12.359375,102,-12.36669921875,-12.3681640625,B+L9H16,1,102/direct/base/0/order1,0.2811138927936554,4f198d517137d88d
T3,0.4366486966609955,noise,-0.01025390625,-12.35791015625,102,-12.50390625,-12.3681640625,B+L9H16,1,102/direct/base/0/order1,8.425174713134766,4f198d517137d88d
T4,2.2417447566986084,noise,0.06982421875,-12.43798828125,102,-12.3681640625,-12.3681640625,B+L9H16,1,102/direct/base/0/order1,2.572890043258667,4f198d517137d88d
T5,0.3069295585155487,noise,-0.01806640625,-12.35009765625,102,-12.3427734375,-12.3681640625,B+L9H16,1,102/direct/base/0/order1,0.41177666187286377,4f198d517137d88d
T1,3.2557373046875,noise,0.84375,3.213134765625,102,3.1424560546875,4.056884765625,full,1,102/direct/base/0/order1,9.055242538452148,full
T2,0.6538392901420593,noise,0.19140625,3.865478515625,102,4.053955078125,4.056884765625,full,1,102/direct/base/0/order1,0.3375796675682068,full
T3,1.8419774770736694,noise,0.458251953125,3.5986328125,102,3.575439453125,4.056884765625,full,1,102/direct/base/0/order1,9.055242538452148,full
T4,2.6928272247314453,noise,0.409423828125,3.6474609375,102,4.056884765625,4.056884765625,full,1,102/direct/base/0/order1,3.3235485553741455,full
T5,2.669901132583618,noise,-0.427490234375,4.484375,102,4.79541015625,4.056884765625,full,1,102/direct/base/0/order1,3.570075273513794,full
T1,5.991214275360107,noise,0.441436767578125,13.798065185546875,150,12.52978515625,14.239501953125,B,0,150/direct/base/0/order0,8.453109741210938,5c539bfa2d4004a5
T2,0.9474596381187439,noise,0.0478515625,14.191650390625,150,14.21142578125,14.239501953125,B,0,150/direct/base/0/order0,0.7610557079315186,5c539bfa2d4004a5
T3,4.061468601226807,noise,0.1961669921875,14.0433349609375,150,13.158203125,14.239501953125,B,0,150/direct/base/0/order0,8.453109741210938,5c539bfa2d4004a5
T4,2.440722703933716,noise,0.279541015625,13.9599609375,150,14.239501953125,14.239501953125,B,0,150/direct/base/0/order0,2.8283119201660156,5c539bfa2d4004a5
T5,0.4505785405635834,noise,-0.01171875,14.251220703125,150,14.32373046875,14.239501953125,B,0,150/direct/base/0/order0,0.4338308572769165,5c539bfa2d4004a5
T1,5.750121593475342,noise,0.4691314697265625,13.571395874023438,150,12.3974609375,14.04052734375,B-L1H27,0,150/direct/base/0/order0,8.459980010986328,cef37988435db144
T2,0.813980221748352,noise,0.05224609375,13.98828125,150,14.0126953125,14.04052734375,B-L1H27,0,150/direct/base/0/order0,0.7576640844345093,cef37988435db144
T3,3.951975107192993,noise,0.214111328125,13.826416015625,150,12.982421875,14.04052734375,B-L1H27,0,150/direct/base/0/order0,8.459980010986328,cef37988435db144
T4,2.4392497539520264,noise,0.283203125,13.75732421875,150,14.04052734375,14.04052734375,B-L1H27,0,150/direct/base/0/order0,2.825762987136841,cef37988435db144
T5,0.42382144927978516,noise,-0.006103515625,14.046630859375,150,14.11181640625,14.04052734375,B-L1H27,0,150/direct/base/0/order0,0.42251983284950256,cef37988435db144
T1,5.986701965332031,noise,0.43304443359375,13.79254150390625,150,12.52099609375,14.2255859375,B-L11H4,0,150/direct/base/0/order0,8.450862884521484,d7b401c2eec20f08
T2,0.9567490220069885,noise,0.046142578125,14.179443359375,150,14.19970703125,14.2255859375,B-L11H4,0,150/direct/base/0/order0,0.759810745716095,d7b401c2eec20f08
T3,4.059935092926025,noise,0.1802978515625,14.0452880859375,150,13.147216796875,14.2255859375,B-L11H4,0,150/direct/base/0/order0,8.450862884521484,d7b401c2eec20f08
T4,2.4398438930511475,noise,0.26513671875,13.96044921875,150,14.2255859375,14.2255859375,B-L11H4,0,150/direct/base/0/order0,2.8283119201660156,d7b401c2eec20f08
T5,0.44807568192481995,noise,-0.012939453125,14.238525390625,150,14.31884765625,14.2255859375,B-L11H4,0,150/direct/base/0/order0,0.43601322174072266,d7b401c2eec20f08
T1,5.992891311645508,noise,0.47467041015625,13.71820068359375,150,12.47900390625,14.19287109375,B-L17H5,0,150/direct/base/0/order0,8.453109741210938,adae3cba245fe41c
T2,0.9481645822525024,noise,0.04931640625,14.1435546875,150,14.163818359375,14.19287109375,B-L17H5,0,150/direct/base/0/order0,0.7610557079315186,adae3cba245fe41c
T3,4.138449192047119,noise,0.2210693359375,13.9718017578125,150,13.088623046875,14.19287109375,B-L17H5,0,150/direct/base/0/order0,8.453109741210938,adae3cba245fe41c
T4,2.4409689903259277,noise,0.29296875,13.89990234375,150,14.19287109375,14.19287109375,B-L17H5,0,150/direct/base/0/order0,2.8283119201660156,adae3cba245fe41c
T5,0.4349074065685272,noise,-0.0126953125,14.20556640625,150,14.2705078125,14.19287109375,B-L17H5,0,150/direct/base/0/order0,0.4285283386707306,adae3cba245fe41c
T1,5.996069431304932,noise,0.4170074462890625,13.953598022460938,150,12.66357421875,14.37060546875,B-L23H10,0,150/direct/base/0/order0,8.453109741210938,8324433237827f03
T2,0.9474596381187439,noise,0.038330078125,14.332275390625,150,14.349609375,14.37060546875,B-L23H10,0,150/direct/base/0/order0,0.7610557079315186,8324433237827f03
T3,4.064495086669922,noise,0.177978515625,14.192626953125,150,13.292724609375,14.37060546875,B-L23H10,0,150/direct/base/0/order0,8.453109741210938,8324433237827f03
T4,2.440722703933716,noise,0.263427734375,14.107177734375,150,14.37060546875,14.37060546875,B-L23H10,0,150/direct/base/0/order0,2.8283119201660156,8324433237827f03
T5,0.4512051045894623,noise,-0.016845703125,14.387451171875,150,14.45654296875,14.37060546875,B-L23H10,0,150/direct/base/0/order0,0.4338308572769165,8324433237827f03
T1,5.97946834564209,noise,0.4345550537109375,13.928970336914062,150,12.64990234375,14.363525390625,B-L25H18,0,150/direct/base/0/order0,8.453109741210938,463f91d471cf8fc9
T2,0.9474596381187439,noise,0.04736328125,14.316162109375,150,14.335205078125,14.363525390625,B-L25H18,0,150/direct/base/0/order0,0.7610557079315186,463f91d471cf8fc9
T3,4.052401542663574,noise,0.187744140625,14.17578125,150,13.279541015625,14.363525390625,B-L25H18,0,150/direct/base/0/order0,8.453109741210938,463f91d471cf8fc9
T4,2.440722703933716,noise,0.274169921875,14.08935546875,150,14.363525390625,14.363525390625,B-L25H18,0,150/direct/base/0/order0,2.8283119201660156,463f91d471cf8fc9
T5,0.44737476110458374,noise,-0.0107421875,14.374267578125,150,14.44921875,14.363525390625,B-L25H18,0,150/direct/base/0/order0,0.4338308572769165,463f91d471cf8fc9
T1,5.848633289337158,noise,0.422454833984375,13.844635009765625,150,12.60400390625,14.26708984375,B+L9H16,0,150/direct/base/0/order0,8.441189765930176,4f198d517137d88d
T2,0.9719666242599487,noise,0.048583984375,14.218505859375,150,14.23681640625,14.26708984375,B+L9H16,0,150/direct/base/0/order0,0.7715145945549011,4f198d517137d88d
T3,3.845698356628418,noise,0.17333984375,14.09375,150,13.24609375,14.26708984375,B+L9H16,0,150/direct/base/0/order0,8.441189765930176,4f198d517137d88d
T4,2.4408226013183594,noise,0.258544921875,14.008544921875,150,14.26708984375,14.26708984375,B+L9H16,0,150/direct/base/0/order0,2.8283119201660156,4f198d517137d88d
T5,0.44212546944618225,noise,-0.01123046875,14.2783203125,150,14.353515625,14.26708984375,B+L9H16,0,150/direct/base/0/order0,0.41856104135513306,4f198d517137d88d
T1,6.790825843811035,noise,0.54803466796875,6.06982421875,150,4.7314453125,6.61785888671875,full,0,150/direct/base/0/order0,8.115653991699219,full
T2,1.8708035945892334,noise,0.12774658203125,6.4901123046875,150,6.598846435546875,6.61785888671875,full,0,150/direct/base/0/order0,1.1772844791412354,full
T3,5.211507797241211,noise,0.34307861328125,6.2747802734375,150,5.28271484375,6.61785888671875,full,0,150/direct/base/0/order0,8.115653991699219,full
T4,2.694164276123047,noise,0.41845703125,6.19940185546875,150,6.61785888671875,6.61785888671875,full,0,150/direct/base/0/order0,3.4425222873687744,full
T5,1.28839910030365,noise,-0.02294921875,6.64080810546875,150,7.035400390625,6.61785888671875,full,0,150/direct/base/0/order0,1.1820043325424194,full
T1,0.918330192565918,noise,0.16796875,4.2890625,150,4.17578125,4.45703125,B,1,150/direct/base/0/order1,8.920145034790039,5c539bfa2d4004a5
T2,0.1903930902481079,noise,0.04296875,4.4140625,150,4.44921875,4.45703125,B,1,150/direct/base/0/order1,0.5342450141906738,5c539bfa2d4004a5
T3,0.7091211676597595,noise,0.1328125,4.32421875,150,4.25,4.45703125,B,1,150/direct/base/0/order1,8.920145034790039,5c539bfa2d4004a5
T4,2.5647878646850586,noise,0.20703125,4.25,150,4.45703125,4.45703125,B,1,150/direct/base/0/order1,2.9841115474700928,5c539bfa2d4004a5
T5,0.37257975339889526,noise,0.04296875,4.4140625,150,4.41015625,4.45703125,B,1,150/direct/base/0/order1,0.42892083525657654,5c539bfa2d4004a5
T1,0.9213693141937256,noise,0.17578125,4.66796875,150,4.5625,4.84375,B-L1H27,1,150/direct/base/0/order1,8.932111740112305,cef37988435db144
T2,0.20263759791851044,noise,0.0546875,4.7890625,150,4.8359375,4.84375,B-L1H27,1,150/direct/base/0/order1,0.5291330218315125,cef37988435db144
T3,0.705741822719574,noise,0.140625,4.703125,150,4.640625,4.84375,B-L1H27,1,150/direct/base/0/order1,8.932111740112305,cef37988435db144
T4,2.5445148944854736,noise,0.22265625,4.62109375,150,4.84375,4.84375,B-L1H27,1,150/direct/base/0/order1,2.9489073753356934,cef37988435db144
T5,0.42414411902427673,noise,0.0546875,4.7890625,150,4.80078125,4.84375,B-L1H27,1,150/direct/base/0/order1,0.48279476165771484,cef37988435db144
T1,0.9137579202651978,noise,0.16015625,4.29296875,150,4.171875,4.453125,B-L11H4,1,150/direct/base/0/order1,8.92225170135498,d7b401c2eec20f08
T2,0.19130975008010864,noise,0.03515625,4.41796875,150,4.4453125,4.453125,B-L11H4,1,150/direct/base/0/order1,0.5336788296699524,d7b401c2eec20f08
T3,0.7050802707672119,noise,0.1328125,4.3203125,150,4.24609375,4.453125,B-L11H4,1,150/direct/base/0/order1,8.92225170135498,d7b401c2eec20f08
T4,2.5640337467193604,noise,0.203125,4.25,150,4.453125,4.453125,B-L11H4,1,150/direct/base/0/order1,2.9841115474700928,d7b401c2eec20f08
T5,0.37430334091186523,noise,0.04296875,4.41015625,150,4.4140625,4.453125,B-L11H4,1,150/direct/base/0/order1,0.43151751160621643,d7b401c2eec20f08
T1,0.9361324310302734,noise,0.16015625,4.51171875,150,4.39453125,4.671875,B-L17H5,1,150/direct/base/0/order1,8.920145034790039,adae3cba245fe41c
T2,0.1906505674123764,noise,0.0234375,4.6484375,150,4.671875,4.671875,B-L17H5,1,150/direct/base/0/order1,0.5342450141906738,adae3cba245fe41c
T3,0.7237555384635925,noise,0.12109375,4.55078125,150,4.46484375,4.671875,B-L17H5,1,150/direct/base/0/order1,8.920145034790039,adae3cba245fe41c
T4,2.5645134449005127,noise,0.21484375,4.45703125,150,4.671875,4.671875,B-L17H5,1,150/direct/base/0/order1,2.9841115474700928,adae3cba245fe41c
T5,0.36821919679641724,noise,0.03515625,4.63671875,150,4.65234375,4.671875,B-L17H5,1,150/direct/base/0/order1,0.442199170589447,adae3cba245fe41c
T1,0.9191330671310425,noise,0.140625,4.125,150,3.984375,4.265625,B-L23H10,1,150/direct/base/0/order1,8.920145034790039,8324433237827f03
T2,0.1903930902481079,noise,0.0390625,4.2265625,150,4.26171875,4.265625,B-L23H10,1,150/direct/base/0/order1,0.5342450141906738,8324433237827f03
T3,0.7109736204147339,noise,0.11328125,4.15234375,150,4.0546875,4.265625,B-L23H10,1,150/direct/base/0/order1,8.920145034790039,8324433237827f03
T4,2.5647878646850586,noise,0.1953125,4.0703125,150,4.265625,4.265625,B-L23H10,1,150/direct/base/0/order1,2.9841115474700928,8324433237827f03
T5,0.37472251057624817,noise,0.0390625,4.2265625,150,4.22265625,4.265625,B-L23H10,1,150/direct/base/0/order1,0.42892083525657654,8324433237827f03
T1,0.9175374507904053,noise,0.15234375,4.33984375,150,4.21484375,4.4921875,B-L25H18,1,150/direct/base/0/order1,8.920145034790039,463f91d471cf8fc9
T2,0.1903930902481079,noise,0.04296875,4.44921875,150,4.4921875,4.4921875,B-L25H18,1,150/direct/base/0/order1,0.5342450141906738,463f91d471cf8fc9
T3,0.7097442746162415,noise,0.12109375,4.37109375,150,4.2890625,4.4921875,B-L25H18,1,150/direct/base/0/order1,8.920145034790039,463f91d471cf8fc9
T4,2.5647878646850586,noise,0.19921875,4.29296875,150,4.4921875,4.4921875,B-L25H18,1,150/direct/base/0/order1,2.9841115474700928,463f91d471cf8fc9
T5,0.3716549575328827,noise,0.04296875,4.44921875,150,4.453125,4.4921875,B-L25H18,1,150/direct/base/0/order1,0.42892083525657654,463f91d471cf8fc9
T1,1.1340354681015015,noise,0.22265625,5.515625,150,5.3984375,5.73828125,B+L9H16,1,150/direct/base/0/order1,8.910357475280762,4f198d517137d88d
T2,0.24591553211212158,noise,0.068359375,5.669921875,150,5.734375,5.73828125,B+L9H16,1,150/direct/base/0/order1,0.515354335308075,4f198d517137d88d
T3,0.8691567778587341,noise,0.171875,5.56640625,150,5.48046875,5.73828125,B+L9H16,1,150/direct/base/0/order1,8.910357475280762,4f198d517137d88d
T4,2.564033269882202,noise,0.27734375,5.4609375,150,5.73828125,5.73828125,B+L9H16,1,150/direct/base/0/order1,2.9841115474700928,4f198d517137d88d
T5,0.34719234704971313,noise,0.03515625,5.703125,150,5.73828125,5.73828125,B+L9H16,1,150/direct/base/0/order1,0.4298487901687622,4f198d517137d88d
T1,2.428551435470581,noise,0.04248046875,4.2451171875,150,3.60498046875,4.28759765625,full,1,150/direct/base/0/order1,8.710851669311523,full
T2,0.9384835362434387,noise,0.16845703125,4.119140625,150,4.27685546875,4.28759765625,full,1,150/direct/base/0/order1,0.7593918442726135,full
T3,1.6732250452041626,noise,0.02490234375,4.2626953125,150,3.84326171875,4.28759765625,full,1,150/direct/base/0/order1,8.710851669311523,full
T4,2.952542781829834,noise,0.1669921875,4.12060546875,150,4.28759765625,4.28759765625,full,1,150/direct/base/0/order1,3.6576194763183594,full
T5,1.8496519327163696,noise,0.00341796875,4.2841796875,150,4.70458984375,4.28759765625,full,1,150/direct/base/0/order1,1.7549774646759033,full
T1,3.27921462059021,noise,1.5468368530273438,3.6838760375976562,176,4.064453125,5.230712890625,B,0,176/direct/base/0/order0,7.201083183288574,5c539bfa2d4004a5
T2,0.21072353422641754,noise,0.087646484375,5.14306640625,176,5.229248046875,5.230712890625,B,0,176/direct/base/0/order0,0.375711053609848,5c539bfa2d4004a5
T3,2.4294281005859375,noise,1.051025390625,4.1796875,176,4.435302734375,5.230712890625,B,0,176/direct/base/0/order0,7.201083183288574,5c539bfa2d4004a5
T4,2.1229774951934814,noise,0.536865234375,4.69384765625,176,5.230712890625,5.230712890625,B,0,176/direct/base/0/order0,2.39585542678833,5c539bfa2d4004a5
T5,0.46633797883987427,noise,-0.001953125,5.232666015625,176,5.213623046875,5.230712890625,B,0,176/direct/base/0/order0,0.46295979619026184,5c539bfa2d4004a5
T1,3.4212348461151123,noise,1.5506591796875,4.2535400390625,176,4.5819091796875,5.80419921875,B-L1H27,0,176/direct/base/0/order0,7.202994346618652,cef37988435db144
T2,0.2106158286333084,noise,0.0732421875,5.73095703125,176,5.80419921875,5.80419921875,B-L1H27,0,176/direct/base/0/order0,0.3856617510318756,cef37988435db144
T3,2.5334393978118896,noise,1.038330078125,4.765869140625,176,4.97509765625,5.80419921875,B-L1H27,0,176/direct/base/0/order0,7.202994346618652,cef37988435db144
T4,2.128891706466675,noise,0.53759765625,5.2666015625,176,5.80419921875,5.80419921875,B-L1H27,0,176/direct/base/0/order0,2.399385929107666,cef37988435db144
T5,0.49578484892845154,noise,-0.01220703125,5.81640625,176,5.7958984375,5.80419921875,B-L1H27,0,176/direct/base/0/order0,0.49072253704071045,cef37988435db144
T1,3.2760465145111084,noise,1.5392837524414062,3.7055892944335938,176,4.077880859375,5.244873046875,B-L11H4,0,176/direct/base/0/order0,7.200822353363037,d7b401c2eec20f08
T2,0.20879966020584106,noise,0.088134765625,5.15673828125,176,5.2412109375,5.244873046875,B-L11H4,0,176/direct/base/0/order0,0.37347686290740967,d7b401c2eec20f08
T3,2.425478935241699,noise,1.0469970703125,4.1978759765625,176,4.448486328125,5.244873046875,B-L11H4,0,176/direct/base/0/order0,7.200822353363037,d7b401c2eec20f08
T4,2.1233630180358887,noise,0.53515625,4.709716796875,176,5.244873046875,5.244873046875,B-L11H4,0,176/direct/base/0/order0,2.39585542678833,d7b401c2eec20f08
T5,0.46921730041503906,noise,0.001220703125,5.24365234375,176,5.225830078125,5.244873046875,B-L11H4,0,176/direct/base/0/order0,0.4649052321910858,d7b401c2eec20f08
T1,3.321617364883423,noise,1.59307861328125,3.66595458984375,176,4.0748291015625,5.259033203125,B-L17H5,0,176/direct/base/0/order0,7.201083183288574,adae3cba245fe41c
T2,0.2104058414697647,noise,0.08349609375,5.175537109375,176,5.259765625,5.259033203125,B-L17H5,0,176/direct/base/0/order0,0.375711053609848,adae3cba245fe41c
T3,2.4480719566345215,noise,1.07080078125,4.188232421875,176,4.455810546875,5.259033203125,B-L17H5,0,176/direct/base/0/order0,7.201083183288574,adae3cba245fe41c
T4,2.1230368614196777,noise,0.544677734375,4.71435546875,176,5.259033203125,5.259033203125,B-L17H5,0,176/direct/base/0/order0,2.39585542678833,adae3cba245fe41c
T5,0.46502482891082764,noise,-0.006591796875,5.265625,176,5.241455078125,5.259033203125,B-L17H5,0,176/direct/base/0/order0,0.4582151174545288,adae3cba245fe41c
T1,3.283176898956299,noise,1.5795135498046875,3.6397247314453125,176,4.0452880859375,5.21923828125,B-L23H10,0,176/direct/base/0/order0,7.201083183288574,8324433237827f03
T2,0.21072353422641754,noise,0.08740234375,5.1318359375,176,5.21875,5.21923828125,B-L23H10,0,176/direct/base/0/order0,0.375711053609848,8324433237827f03
T3,2.432973623275757,noise,1.075927734375,4.143310546875,176,4.416015625,5.21923828125,B-L23H10,0,176/direct/base/0/order0,7.201083183288574,8324433237827f03
T4,2.1229774951934814,noise,0.55078125,4.66845703125,176,5.21923828125,5.21923828125,B-L23H10,0,176/direct/base/0/order0,2.39585542678833,8324433237827f03
T5,0.46729838848114014,noise,-0.003173828125,5.222412109375,176,5.19970703125,5.21923828125,B-L23H10,0,176/direct/base/0/order0,0.46295979619026184,8324433237827f03
T1,3.27164888381958,noise,1.5245361328125,3.8519287109375,176,4.209228515625,5.37646484375,B-L25H18,0,176/direct/base/0/order0,7.201083183288574,463f91d471cf8fc9
T2,0.21072353422641754,noise,0.08642578125,5.2900390625,176,5.37158203125,5.37646484375,B-L25H18,0,176/direct/base/0/order0,0.375711053609848,463f91d471cf8fc9
T3,2.422618865966797,noise,1.03466796875,4.341796875,176,4.576416015625,5.37646484375,B-L25H18,0,176/direct/base/0/order0,7.201083183288574,463f91d471cf8fc9
T4,2.1229774951934814,noise,0.532470703125,4.843994140625,176,5.37646484375,5.37646484375,B-L25H18,0,176/direct/base/0/order0,2.39585542678833,463f91d471cf8fc9
T5,0.4672955274581909,noise,-0.00390625,5.38037109375,176,5.35595703125,5.37646484375,B-L25H18,0,176/direct/base/0/order0,0.46295979619026184,463f91d471cf8fc9
T1,3.2826497554779053,noise,1.518463134765625,3.829193115234375,176,4.1805419921875,5.34765625,B+L9H16,0,176/direct/base/0/order0,7.200472831726074,4f198d517137d88d
T2,0.20585358142852783,noise,0.079345703125,5.268310546875,176,5.345703125,5.34765625,B+L9H16,0,176/direct/base/0/order0,0.3805912435054779,4f198d517137d88d
T3,2.3907105922698975,noise,1.0047607421875,4.3428955078125,176,4.564208984375,5.34765625,B+L9H16,0,176/direct/base/0/order0,7.200472831726074,4f198d517137d88d
T4,2.122875690460205,noise,0.533447265625,4.814208984375,176,5.34765625,5.34765625,B+L9H16,0,176/direct/base/0/order0,2.39585542678833,4f198d517137d88d
T5,0.42746391892433167,noise,-0.000244140625,5.347900390625,176,5.326171875,5.34765625,B+L9H16,0,176/direct/base/0/order0,0.41402581334114075,4f198d517137d88d
T1,5.428560256958008,noise,2.8045654296875,6.3404541015625,176,7.07427978515625,9.14501953125,full,0,176/direct/base/0/order0,7.206450462341309,full
T2,0.8052635192871094,noise,0.14501953125,9.0,176,9.12890625,9.14501953125,full,0,176/direct/base/0/order0,0.47006258368492126,full
T3,3.66162109375,noise,1.166015625,7.97900390625,176,7.9385986328125,9.14501953125,full,0,176/direct/base/0/order0,7.206450462341309,full
T4,2.79666805267334,noise,0.706787109375,8.438232421875,176,9.14501953125,9.14501953125,full,0,176/direct/base/0/order0,3.625986099243164,full
T5,0.9307128190994263,noise,-0.084228515625,9.229248046875,176,9.4921875,9.14501953125,full,0,176/direct/base/0/order0,1.2163314819335938,full
T1,0.8970123529434204,noise,0.295196533203125,-2.771484375,176,-2.81982421875,-2.476287841796875,B,1,176/direct/base/0/order1,7.597005367279053,5c539bfa2d4004a5
T2,0.06763599067926407,noise,0.000885009765625,-2.4771728515625,176,-2.47802734375,-2.476287841796875,B,1,176/direct/base/0/order1,0.25689899921417236,5c539bfa2d4004a5
T3,0.5701322555541992,noise,0.1972198486328125,-2.6735076904296875,176,-2.66900634765625,-2.476287841796875,B,1,176/direct/base/0/order1,7.597005367279053,5c539bfa2d4004a5
T4,2.3204705715179443,noise,0.1666717529296875,-2.6429595947265625,176,-2.476287841796875,-2.476287841796875,B,1,176/direct/base/0/order1,2.6164205074310303,5c539bfa2d4004a5
T5,0.654593825340271,noise,-0.008148193359375,-2.4681396484375,176,-2.45709228515625,-2.476287841796875,B,1,176/direct/base/0/order1,0.7406131029129028,5c539bfa2d4004a5
T1,0.7725863456726074,noise,0.2301025390625,-3.42578125,176,-3.490234375,-3.1956787109375,B-L1H27,1,176/direct/base/0/order1,7.590220928192139,cef37988435db144
T2,0.05802531540393829,noise,0.009765625,-3.2054443359375,176,-3.1964111328125,-3.1956787109375,B-L1H27,1,176/direct/base/0/order1,0.2618340253829956,cef37988435db144
T3,0.4977577030658722,noise,0.1561279296875,-3.351806640625,176,-3.364013671875,-3.1956787109375,B-L1H27,1,176/direct/base/0/order1,7.590220928192139,cef37988435db144
T4,2.306089162826538,noise,0.145751953125,-3.3414306640625,176,-3.1956787109375,-3.1956787109375,B-L1H27,1,176/direct/base/0/order1,2.5966923236846924,cef37988435db144
T5,0.7288835048675537,noise,0.0062255859375,-3.201904296875,176,-3.19537353515625,-3.1956787109375,B-L1H27,1,176/direct/base/0/order1,0.7890831828117371,cef37988435db144
T1,0.8988471627235413,noise,0.295654296875,-2.75421142578125,176,-2.802001953125,-2.45855712890625,B-L11H4,1,176/direct/base/0/order1,7.589308738708496,d7b401c2eec20f08
T2,0.06792828440666199,noise,0.0035400390625,-2.46209716796875,176,-2.4609375,-2.45855712890625,B-L11H4,1,176/direct/base/0/order1,0.25630274415016174,d7b401c2eec20f08
T3,0.5717030763626099,noise,0.196075439453125,-2.654632568359375,176,-2.651123046875,-2.45855712890625,B-L11H4,1,176/direct/base/0/order1,7.589308738708496,d7b401c2eec20f08
T4,2.3201277256011963,noise,0.1640625,-2.62261962890625,176,-2.45855712890625,-2.45855712890625,B-L11H4,1,176/direct/base/0/order1,2.6164205074310303,d7b401c2eec20f08
T5,0.6535905599594116,noise,-0.0130615234375,-2.44549560546875,176,-2.4378662109375,-2.45855712890625,B-L11H4,1,176/direct/base/0/order1,0.7394619584083557,d7b401c2eec20f08
T1,0.8876519203186035,noise,0.2832489013671875,-2.9853515625,176,-3.044189453125,-2.7021026611328125,B-L17H5,1,176/direct/base/0/order1,7.597005367279053,adae3cba245fe41c
T2,0.06845618039369583,noise,0.006805419921875,-2.7089080810546875,176,-2.704437255859375,-2.7021026611328125,B-L17H5,1,176/direct/base/0/order1,0.25689899921417236,adae3cba245fe41c
T3,0.5726376175880432,noise,0.1905364990234375,-2.89263916015625,176,-2.8953857421875,-2.7021026611328125,B-L17H5,1,176/direct/base/0/order1,7.597005367279053,adae3cba245fe41c
T4,2.3202719688415527,noise,0.1652069091796875,-2.8673095703125,176,-2.7021026611328125,-2.7021026611328125,B-L17H5,1,176/direct/base/0/order1,2.6164205074310303,adae3cba245fe41c
T5,0.6687067151069641,noise,-0.006275177001953125,-2.6958274841308594,176,-2.685333251953125,-2.7021026611328125,B-L17H5,1,176/direct/base/0/order1,0.7640007734298706,adae3cba245fe41c
T1,0.8978657722473145,noise,0.291839599609375,-2.75994873046875,176,-2.80859375,-2.468109130859375,B-L23H10,1,176/direct/base/0/order1,7.597005367279053,8324433237827f03
T2,0.06763599067926407,noise,-0.0006561279296875,-2.4674530029296875,176,-2.4694061279296875,-2.468109130859375,B-L23H10,1,176/direct/base/0/order1,0.25689899921417236,8324433237827f03
T3,0.5716952085494995,noise,0.193145751953125,-2.6612548828125,176,-2.66009521484375,-2.468109130859375,B-L23H10,1,176/direct/base/0/order1,7.597005367279053,8324433237827f03
T4,2.3204705715179443,noise,0.16376113891601562,-2.6318702697753906,176,-2.468109130859375,-2.468109130859375,B-L23H10,1,176/direct/base/0/order1,2.6164205074310303,8324433237827f03
T5,0.6554128527641296,noise,-0.0111083984375,-2.457000732421875,176,-2.44635009765625,-2.468109130859375,B-L23H10,1,176/direct/base/0/order1,0.7406131029129028,8324433237827f03
T1,0.8942527770996094,noise,0.29339599609375,-2.7105712890625,176,-2.7601318359375,-2.41717529296875,B-L25H18,1,176/direct/base/0/order1,7.597005367279053,463f91d471cf8fc9
T2,0.06763599067926407,noise,9.1552734375e-05,-2.417266845703125,176,-2.41827392578125,-2.41717529296875,B-L25H18,1,176/direct/base/0/order1,0.25689899921417236,463f91d471cf8fc9
T3,0.5692359209060669,noise,0.19384765625,-2.61102294921875,176,-2.6087646484375,-2.41717529296875,B-L25H18,1,176/direct/base/0/order1,7.597005367279053,463f91d471cf8fc9
T4,2.3204705715179443,noise,0.165191650390625,-2.582366943359375,176,-2.41717529296875,-2.41717529296875,B-L25H18,1,176/direct/base/0/order1,2.6164205074310303,463f91d471cf8fc9
T5,0.6537847518920898,noise,-0.0113525390625,-2.40582275390625,176,-2.396240234375,-2.41717529296875,B-L25H18,1,176/direct/base/0/order1,0.7406131029129028,463f91d471cf8fc9
T1,1.2937382459640503,noise,0.521484375,-1.42333984375,176,-1.38427734375,-0.90185546875,B+L9H16,1,176/direct/base/0/order1,7.569894313812256,4f198d517137d88d
T2,0.08315415680408478,noise,0.0107421875,-0.91259765625,176,-0.90380859375,-0.90185546875,B+L9H16,1,176/direct/base/0/order1,0.25727906823158264,4f198d517137d88d
T3,0.7945282459259033,noise,0.336181640625,-1.238037109375,176,-1.1611328125,-0.90185546875,B+L9H16,1,176/direct/base/0/order1,7.569894313812256,4f198d517137d88d
T4,2.3203043937683105,noise,0.228515625,-1.13037109375,176,-0.90185546875,-0.90185546875,B+L9H16,1,176/direct/base/0/order1,2.6164205074310303,4f198d517137d88d
T5,0.38223886489868164,noise,-0.0791015625,-0.82275390625,176,-0.83447265625,-0.90185546875,B+L9H16,1,176/direct/base/0/order1,0.4422518014907837,4f198d517137d88d
T1,3.9120407104492188,noise,2.3486328125,3.2763671875,176,4.1077880859375,5.625,full,1,176/direct/base/0/order1,8.053606986999512,full
T2,0.5258480310440063,noise,0.2314453125,5.3935546875,176,5.61865234375,5.625,full,1,176/direct/base/0/order1,0.4698600172996521,full
T3,2.3092315196990967,noise,1.14990234375,4.47509765625,176,4.86328125,5.625,full,1,176/direct/base/0/order1,8.053606986999512,full
T4,2.9945478439331055,noise,0.7109375,4.9140625,176,5.625,5.625,full,1,176/direct/base/0/order1,3.7373244762420654,full
T5,1.410210371017456,noise,-0.31494140625,5.93994140625,176,6.15966796875,5.625,full,1,176/direct/base/0/order1,1.8922669887542725,full
T1,3.4264864921569824,noise,1.62548828125,6.99267578125,192,7.32568359375,8.6181640625,B,0,192/direct/base/0/order0,6.588342189788818,5c539bfa2d4004a5
T2,0.575066864490509,noise,0.033203125,8.5849609375,192,8.6201171875,8.6181640625,B,0,192/direct/base/0/order0,0.469122052192688,5c539bfa2d4004a5
T3,2.4266560077667236,noise,0.90869140625,7.70947265625,192,7.78076171875,8.6181640625,B,0,192/direct/base/0/order0,6.588342189788818,5c539bfa2d4004a5
T4,1.6096980571746826,noise,0.3564453125,8.26171875,192,8.6181640625,8.6181640625,B,0,192/direct/base/0/order0,1.9302290678024292,5c539bfa2d4004a5
T5,0.6496325135231018,noise,-0.046875,8.6650390625,192,8.65625,8.6181640625,B,0,192/direct/base/0/order0,0.7071832418441772,5c539bfa2d4004a5
T1,3.20444917678833,noise,1.64111328125,6.30419921875,192,6.73486328125,7.9453125,B-L1H27,0,192/direct/base/0/order0,6.60491418838501,cef37988435db144
T2,0.5001941323280334,noise,0.0517578125,7.8935546875,192,7.9443359375,7.9453125,B-L1H27,0,192/direct/base/0/order0,0.49282005429267883,cef37988435db144
T3,2.29996657371521,noise,0.96826171875,6.97705078125,192,7.1435546875,7.9453125,B-L1H27,0,192/direct/base/0/order0,6.60491418838501,cef37988435db144
T4,1.616862177848816,noise,0.41357421875,7.53173828125,192,7.9453125,7.9453125,B-L1H27,0,192/direct/base/0/order0,1.9529786109924316,cef37988435db144
T5,0.6151990294456482,noise,-0.033203125,7.978515625,192,7.9482421875,7.9453125,B-L1H27,0,192/direct/base/0/order0,0.6948544979095459,cef37988435db144
T1,3.433274745941162,noise,1.63037109375,6.98876953125,192,7.32421875,8.619140625,B-L11H4,0,192/direct/base/0/order0,6.598888874053955,d7b401c2eec20f08
T2,0.5706546306610107,noise,0.0283203125,8.5908203125,192,8.623046875,8.619140625,B-L11H4,0,192/direct/base/0/order0,0.4677543342113495,d7b401c2eec20f08
T3,2.435537099838257,noise,0.90625,7.712890625,192,7.779296875,8.619140625,B-L11H4,0,192/direct/base/0/order0,6.598888874053955,d7b401c2eec20f08
T4,1.608994483947754,noise,0.3564453125,8.2626953125,192,8.619140625,8.619140625,B-L11H4,0,192/direct/base/0/order0,1.9302290678024292,d7b401c2eec20f08
T5,0.6568204760551453,noise,-0.046875,8.666015625,192,8.6591796875,8.619140625,B-L11H4,0,192/direct/base/0/order0,0.7140234708786011,d7b401c2eec20f08
T1,3.4811668395996094,noise,1.68798828125,7.01123046875,192,7.38232421875,8.69921875,B-L17H5,0,192/direct/base/0/order0,6.588342189788818,adae3cba245fe41c
T2,0.5749684572219849,noise,0.03515625,8.6640625,192,8.701171875,8.69921875,B-L17H5,0,192/direct/base/0/order0,0.469122052192688,adae3cba245fe41c
T3,2.4663660526275635,noise,0.94580078125,7.75341796875,192,7.84521484375,8.69921875,B-L17H5,0,192/direct/base/0/order0,6.588342189788818,adae3cba245fe41c
T4,1.609643578529358,noise,0.3662109375,8.3330078125,192,8.69921875,8.69921875,B-L17H5,0,192/direct/base/0/order0,1.9302290678024292,adae3cba245fe41c
T5,0.6461522579193115,noise,-0.0419921875,8.7412109375,192,8.734375,8.69921875,B-L17H5,0,192/direct/base/0/order0,0.6976473331451416,adae3cba245fe41c
T1,3.429814577102661,noise,1.52099609375,7.06494140625,192,7.28955078125,8.5859375,B-L23H10,0,192/direct/base/0/order0,6.588342189788818,8324433237827f03
T2,0.575066864490509,noise,0.0361328125,8.5498046875,192,8.5869140625,8.5859375,B-L23H10,0,192/direct/base/0/order0,0.469122052192688,8324433237827f03
T3,2.4271836280822754,noise,0.8369140625,7.7490234375,192,7.7451171875,8.5859375,B-L23H10,0,192/direct/base/0/order0,6.588342189788818,8324433237827f03
T4,1.6096980571746826,noise,0.353515625,8.232421875,192,8.5859375,8.5859375,B-L23H10,0,192/direct/base/0/order0,1.9302290678024292,8324433237827f03
T5,0.653633713722229,noise,-0.041015625,8.626953125,192,8.62109375,8.5859375,B-L23H10,0,192/direct/base/0/order0,0.7071832418441772,8324433237827f03
T1,3.4281036853790283,noise,1.4833984375,7.2705078125,192,7.45751953125,8.75390625,B-L25H18,0,192/direct/base/0/order0,6.588342189788818,463f91d471cf8fc9
T2,0.575066864490509,noise,0.0322265625,8.7216796875,192,8.7568359375,8.75390625,B-L25H18,0,192/direct/base/0/order0,0.469122052192688,463f91d471cf8fc9
T3,2.426312208175659,noise,0.8115234375,7.9423828125,192,7.91552734375,8.75390625,B-L25H18,0,192/direct/base/0/order0,6.588342189788818,463f91d471cf8fc9
T4,1.6096980571746826,noise,0.359375,8.39453125,192,8.75390625,8.75390625,B-L25H18,0,192/direct/base/0/order0,1.9302290678024292,463f91d471cf8fc9
T5,0.6518934369087219,noise,-0.0390625,8.79296875,192,8.7919921875,8.75390625,B-L25H18,0,192/direct/base/0/order0,0.7071832418441772,463f91d471cf8fc9
T1,3.475658893585205,noise,1.66357421875,7.06396484375,192,7.42236328125,8.7275390625,B+L9H16,0,192/direct/base/0/order0,6.580284595489502,4f198d517137d88d
T2,0.6316103935241699,noise,0.0283203125,8.69921875,192,8.7314453125,8.7275390625,B+L9H16,0,192/direct/base/0/order0,0.48997339606285095,4f198d517137d88d
T3,2.4431748390197754,noise,0.90478515625,7.82275390625,192,7.89453125,8.7275390625,B+L9H16,0,192/direct/base/0/order0,6.580284595489502,4f198d517137d88d
T4,1.6097784042358398,noise,0.3466796875,8.380859375,192,8.7275390625,8.7275390625,B+L9H16,0,192/direct/base/0/order0,1.9302290678024292,4f198d517137d88d
T5,0.6721591949462891,noise,-0.046875,8.7744140625,192,8.7744140625,8.7275390625,B+L9H16,0,192/direct/base/0/order0,0.7080473303794861,4f198d517137d88d
T1,4.574670314788818,noise,2.281494140625,6.99365234375,192,7.545654296875,9.275146484375,full,0,192/direct/base/0/order0,6.674801349639893,full
T2,1.0701274871826172,noise,0.1201171875,9.155029296875,192,9.269775390625,9.275146484375,full,0,192/direct/base/0/order0,0.6747480630874634,full
T3,2.973702907562256,noise,1.043487548828125,8.231658935546875,192,8.25665283203125,9.275146484375,full,0,192/direct/base/0/order0,6.674801349639893,full
T4,2.1925859451293945,noise,0.349609375,8.925537109375,192,9.275146484375,9.275146484375,full,0,192/direct/base/0/order0,2.7722318172454834,full
T5,0.6123669147491455,noise,-0.08984375,9.364990234375,192,9.474609375,9.275146484375,full,0,192/direct/base/0/order0,0.7188912034034729,full
T1,0.5349745750427246,noise,0.176513671875,-3.29443359375,192,-3.31298828125,-3.117919921875,B,1,192/direct/base/0/order1,6.939648151397705,5c539bfa2d4004a5
T2,0.11384700983762741,noise,0.01904296875,-3.136962890625,192,-3.116455078125,-3.117919921875,B,1,192/direct/base/0/order1,0.368209570646286,5c539bfa2d4004a5
T3,0.39997169375419617,noise,0.13037109375,-3.248291015625,192,-3.2509765625,-3.117919921875,B,1,192/direct/base/0/order1,6.939648151397705,5c539bfa2d4004a5
T4,1.7339447736740112,noise,0.130126953125,-3.248046875,192,-3.117919921875,-3.117919921875,B,1,192/direct/base/0/order1,2.067697525024414,5c539bfa2d4004a5
T5,0.5303251147270203,noise,0.049072265625,-3.1669921875,192,-3.124267578125,-3.117919921875,B,1,192/direct/base/0/order1,0.6067562699317932,5c539bfa2d4004a5
T1,0.546741247177124,noise,0.19140625,-3.04052734375,192,-3.05126953125,-2.84912109375,B-L1H27,1,192/direct/base/0/order1,6.934906959533691,cef37988435db144
T2,0.12945793569087982,noise,0.02294921875,-2.8720703125,192,-2.848388671875,-2.84912109375,B-L1H27,1,192/direct/base/0/order1,0.36379826068878174,cef37988435db144
T3,0.39928382635116577,noise,0.143798828125,-2.992919921875,192,-2.987060546875,-2.84912109375,B-L1H27,1,192/direct/base/0/order1,6.934906959533691,cef37988435db144
T4,1.7386723756790161,noise,0.127197265625,-2.976318359375,192,-2.84912109375,-2.84912109375,B-L1H27,1,192/direct/base/0/order1,2.1135318279266357,cef37988435db144
T5,0.5684438943862915,noise,0.051513671875,-2.900634765625,192,-2.859375,-2.84912109375,B-L1H27,1,192/direct/base/0/order1,0.6244772672653198,cef37988435db144
T1,0.5319002866744995,noise,0.1748046875,-3.315673828125,192,-3.33837890625,-3.140869140625,B-L11H4,1,192/direct/base/0/order1,6.942339897155762,d7b401c2eec20f08
T2,0.1130586788058281,noise,0.018798828125,-3.15966796875,192,-3.142333984375,-3.140869140625,B-L11H4,1,192/direct/base/0/order1,0.36778607964515686,d7b401c2eec20f08
T3,0.3970489501953125,noise,0.1318359375,-3.272705078125,192,-3.27685546875,-3.140869140625,B-L11H4,1,192/direct/base/0/order1,6.942339897155762,d7b401c2eec20f08
T4,1.733368158340454,noise,0.12841796875,-3.269287109375,192,-3.140869140625,-3.140869140625,B-L11H4,1,192/direct/base/0/order1,2.067697525024414,d7b401c2eec20f08
T5,0.5340219736099243,noise,0.04833984375,-3.189208984375,192,-3.148681640625,-3.140869140625,B-L11H4,1,192/direct/base/0/order1,0.6105145215988159,d7b401c2eec20f08
T1,0.5360851883888245,noise,0.165771484375,-3.455078125,192,-3.48583984375,-3.289306640625,B-L17H5,1,192/direct/base/0/order1,6.939648151397705,adae3cba245fe41c
T2,0.11404454708099365,noise,0.017333984375,-3.306640625,192,-3.28955078125,-3.289306640625,B-L17H5,1,192/direct/base/0/order1,0.368209570646286,adae3cba245fe41c
T3,0.4053717255592346,noise,0.126220703125,-3.41552734375,192,-3.4287109375,-3.289306640625,B-L17H5,1,192/direct/base/0/order1,6.939648151397705,adae3cba245fe41c
T4,1.7336094379425049,noise,0.130615234375,-3.419921875,192,-3.289306640625,-3.289306640625,B-L17H5,1,192/direct/base/0/order1,2.067697525024414,adae3cba245fe41c
T5,0.5462619066238403,noise,0.04248046875,-3.331787109375,192,-3.29541015625,-3.289306640625,B-L17H5,1,192/direct/base/0/order1,0.6261401772499084,adae3cba245fe41c
T1,0.5342707633972168,noise,0.161376953125,-3.3369140625,192,-3.37353515625,-3.175537109375,B-L23H10,1,192/direct/base/0/order1,6.939648151397705,8324433237827f03
T2,0.11384700983762741,noise,0.019287109375,-3.19482421875,192,-3.17578125,-3.175537109375,B-L23H10,1,192/direct/base/0/order1,0.368209570646286,8324433237827f03
T3,0.4001200497150421,noise,0.122314453125,-3.2978515625,192,-3.3125,-3.175537109375,B-L23H10,1,192/direct/base/0/order1,6.939648151397705,8324433237827f03
T4,1.7339447736740112,noise,0.12744140625,-3.302978515625,192,-3.175537109375,-3.175537109375,B-L23H10,1,192/direct/base/0/order1,2.067697525024414,8324433237827f03
T5,0.5305919647216797,noise,0.041748046875,-3.21728515625,192,-3.18359375,-3.175537109375,B-L23H10,1,192/direct/base/0/order1,0.6067562699317932,8324433237827f03
T1,0.5340390801429749,noise,0.172607421875,-3.206787109375,192,-3.23193359375,-3.0341796875,B-L25H18,1,192/direct/base/0/order1,6.939648151397705,463f91d471cf8fc9
T2,0.11384700983762741,noise,0.020263671875,-3.054443359375,192,-3.033935546875,-3.0341796875,B-L25H18,1,192/direct/base/0/order1,0.368209570646286,463f91d471cf8fc9
T3,0.40110087394714355,noise,0.12841796875,-3.16259765625,192,-3.17236328125,-3.0341796875,B-L25H18,1,192/direct/base/0/order1,6.939648151397705,463f91d471cf8fc9
T4,1.7339447736740112,noise,0.13134765625,-3.16552734375,192,-3.0341796875,-3.0341796875,B-L25H18,1,192/direct/base/0/order1,2.067697525024414,463f91d471cf8fc9
T5,0.530514657497406,noise,0.048828125,-3.0830078125,192,-3.043701171875,-3.0341796875,B-L25H18,1,192/direct/base/0/order1,0.6067562699317932,463f91d471cf8fc9
T1,0.695816695690155,noise,0.266845703125,-2.552734375,192,-2.54248046875,-2.285888671875,B+L9H16,1,192/direct/base/0/order1,6.927631855010986,4f198d517137d88d
T2,0.1648489236831665,noise,0.017333984375,-2.30322265625,192,-2.28515625,-2.285888671875,B+L9H16,1,192/direct/base/0/order1,0.36864525079727173,4f198d517137d88d
T3,0.5138468742370605,noise,0.197021484375,-2.48291015625,192,-2.460205078125,-2.285888671875,B+L9H16,1,192/direct/base/0/order1,6.927631855010986,4f198d517137d88d
T4,1.7332937717437744,noise,0.154296875,-2.440185546875,192,-2.285888671875,-2.285888671875,B+L9H16,1,192/direct/base/0/order1,2.067697525024414,4f198d517137d88d
T5,0.43286582827568054,noise,0.0283203125,-2.314208984375,192,-2.2664794921875,-2.285888671875,B+L9H16,1,192/direct/base/0/order1,0.5201399922370911,4f198d517137d88d
T1,3.5468358993530273,noise,2.0789794921875,0.478515625,192,1.2537841796875,2.5574951171875,full,1,192/direct/base/0/order1,7.797457218170166,full
T2,1.0593827962875366,noise,0.2249755859375,2.33251953125,192,2.5546875,2.5574951171875,full,1,192/direct/base/0/order1,0.539537250995636,full
T3,1.886287808418274,noise,1.1185302734375,1.43896484375,192,1.95172119140625,2.5574951171875,full,1,192/direct/base/0/order1,7.797457218170166,full
T4,2.3096351623535156,noise,0.4859619140625,2.071533203125,192,2.5574951171875,2.5574951171875,full,1,192/direct/base/0/order1,2.8561770915985107,full
T5,2.0291576385498047,noise,-0.9083251953125,3.4658203125,192,3.31005859375,2.5574951171875,full,1,192/direct/base/0/order1,2.4675521850585938,full
T1,4.066930770874023,noise,1.1201171875,4.37744140625,16,4.332611083984375,5.49755859375,B,0,016/direct/base/0/order0,8.0335693359375,5c539bfa2d4004a5
T2,0.9451071619987488,noise,0.16015625,5.33740234375,16,5.4921875,5.49755859375,B,0,016/direct/base/0/order0,0.7879645824432373,5c539bfa2d4004a5
T3,2.942946195602417,noise,0.7275390625,4.77001953125,16,4.72509765625,5.49755859375,B,0,016/direct/base/0/order0,8.0335693359375,5c539bfa2d4004a5
T4,2.4359312057495117,noise,0.36865234375,5.12890625,16,5.49755859375,5.49755859375,B,0,016/direct/base/0/order0,3.0360336303710938,5c539bfa2d4004a5
T5,1.246320366859436,noise,0.0087890625,5.48876953125,16,5.47705078125,5.49755859375,B,0,016/direct/base/0/order0,1.1486759185791016,5c539bfa2d4004a5
T1,3.862751007080078,noise,1.1044921875,3.91943359375,16,3.917816162109375,5.02392578125,B-L1H27,0,016/direct/base/0/order0,8.01815414428711,cef37988435db144
T2,0.8008098602294922,noise,0.1357421875,4.88818359375,16,5.01611328125,5.02392578125,B-L1H27,0,016/direct/base/0/order0,0.7662843465805054,cef37988435db144
T3,2.862088203430176,noise,0.759521484375,4.264404296875,16,4.2691650390625,5.02392578125,B-L1H27,0,016/direct/base/0/order0,8.01815414428711,cef37988435db144
T4,2.4567601680755615,noise,0.37158203125,4.65234375,16,5.02392578125,5.02392578125,B-L1H27,0,016/direct/base/0/order0,3.064899444580078,cef37988435db144
T5,1.002026081085205,noise,0.00732421875,5.0166015625,16,4.9892578125,5.02392578125,B-L1H27,0,016/direct/base/0/order0,0.9374287724494934,cef37988435db144
T1,4.0469136238098145,noise,1.109375,4.37841796875,16,4.325836181640625,5.48779296875,B-L11H4,0,016/direct/base/0/order0,8.02596378326416,d7b401c2eec20f08
T2,0.9381656646728516,noise,0.1669921875,5.32080078125,16,5.47802734375,5.48779296875,B-L11H4,0,016/direct/base/0/order0,0.7838280200958252,d7b401c2eec20f08
T3,2.9291229248046875,noise,0.720703125,4.76708984375,16,4.71923828125,5.48779296875,B-L11H4,0,016/direct/base/0/order0,8.02596378326416,d7b401c2eec20f08
T4,2.4362003803253174,noise,0.37548828125,5.1123046875,16,5.48779296875,5.48779296875,B-L11H4,0,016/direct/base/0/order0,3.0360336303710938,d7b401c2eec20f08
T5,1.2322936058044434,noise,0.0107421875,5.47705078125,16,5.46435546875,5.48779296875,B-L11H4,0,016/direct/base/0/order0,1.1368380784988403,d7b401c2eec20f08
T1,4.048211097717285,noise,1.105224609375,4.311279296875,16,4.256500244140625,5.41650390625,B-L17H5,0,016/direct/base/0/order0,8.0335693359375,adae3cba245fe41c
T2,0.9450289607048035,noise,0.1533203125,5.26318359375,16,5.41162109375,5.41650390625,B-L17H5,0,016/direct/base/0/order0,0.7879645824432373,adae3cba245fe41c
T3,2.9707648754119873,noise,0.7353515625,4.68115234375,16,4.638427734375,5.41650390625,B-L17H5,0,016/direct/base/0/order0,8.0335693359375,adae3cba245fe41c
T4,2.4358394145965576,noise,0.37060546875,5.0458984375,16,5.41650390625,5.41650390625,B-L17H5,0,016/direct/base/0/order0,3.0360336303710938,adae3cba245fe41c
T5,1.247286081314087,noise,0.00830078125,5.408203125,16,5.396484375,5.41650390625,B-L17H5,0,016/direct/base/0/order0,1.1503406763076782,adae3cba245fe41c
T1,4.072680950164795,noise,1.1103515625,4.3515625,16,4.295318603515625,5.4619140625,B-L23H10,0,016/direct/base/0/order0,8.0335693359375,8324433237827f03
T2,0.9451071619987488,noise,0.15673828125,5.30517578125,16,5.45751953125,5.4619140625,B-L23H10,0,016/direct/base/0/order0,0.7879645824432373,8324433237827f03
T3,2.947176456451416,noise,0.71630859375,4.74560546875,16,4.6904296875,5.4619140625,B-L23H10,0,016/direct/base/0/order0,8.0335693359375,8324433237827f03
T4,2.4359312057495117,noise,0.37255859375,5.08935546875,16,5.4619140625,5.4619140625,B-L23H10,0,016/direct/base/0/order0,3.0360336303710938,8324433237827f03
T5,1.2489020824432373,noise,0.00537109375,5.45654296875,16,5.44189453125,5.4619140625,B-L23H10,0,016/direct/base/0/order0,1.1486759185791016,8324433237827f03
T1,4.069920539855957,noise,1.09375,4.51171875,16,4.4384765625,5.60546875,B-L25H18,0,016/direct/base/0/order0,8.0335693359375,463f91d471cf8fc9
T2,0.9451071619987488,noise,0.15771484375,5.44775390625,16,5.60009765625,5.60546875,B-L25H18,0,016/direct/base/0/order0,0.7879645824432373,463f91d471cf8fc9
T3,2.943720579147339,noise,0.7060546875,4.8994140625,16,4.8323974609375,5.60546875,B-L25H18,0,016/direct/base/0/order0,8.0335693359375,463f91d471cf8fc9
T4,2.4359312057495117,noise,0.376953125,5.228515625,16,5.60546875,5.60546875,B-L25H18,0,016/direct/base/0/order0,3.0360336303710938,463f91d471cf8fc9
T5,1.246424913406372,noise,0.00830078125,5.59716796875,16,5.58349609375,5.60546875,B-L25H18,0,016/direct/base/0/order0,1.1486759185791016,463f91d471cf8fc9
T1,4.262825012207031,noise,1.1484375,4.6708984375,16,4.59393310546875,5.8193359375,B+L9H16,0,016/direct/base/0/order0,8.047682762145996,4f198d517137d88d
T2,0.8987897038459778,noise,0.1484375,5.6708984375,16,5.81396484375,5.8193359375,B+L9H16,0,016/direct/base/0/order0,0.7407419681549072,4f198d517137d88d
T3,3.071977138519287,noise,0.7314453125,5.087890625,16,5.017822265625,5.8193359375,B+L9H16,0,016/direct/base/0/order0,8.047682762145996,4f198d517137d88d
T4,2.43567156791687,noise,0.3779296875,5.44140625,16,5.8193359375,5.8193359375,B+L9H16,0,016/direct/base/0/order0,3.0360336303710938,4f198d517137d88d
T5,1.3882261514663696,noise,0.0029296875,5.81640625,16,5.80908203125,5.8193359375,B+L9H16,0,016/direct/base/0/order0,1.2848351001739502,4f198d517137d88d
T1,4.8187642097473145,noise,1.701690673828125,5.40234375,16,5.62890625,7.104034423828125,full,0,016/direct/base/0/order0,8.340654373168945,full
T2,0.9054157137870789,noise,0.103363037109375,7.00067138671875,16,7.085540771484375,7.104034423828125,full,0,016/direct/base/0/order0,0.639306902885437,full
T3,3.542438268661499,noise,1.115997314453125,5.988037109375,16,6.11962890625,7.104034423828125,full,0,016/direct/base/0/order0,8.340654373168945,full
T4,2.981823444366455,noise,0.5246086120605469,6.579425811767578,16,7.104034423828125,7.104034423828125,full,0,016/direct/base/0/order0,3.644033432006836,full
T5,0.8815656304359436,noise,-0.0572509765625,7.161285400390625,16,7.17095947265625,7.104034423828125,full,0,016/direct/base/0/order0,0.9135749936103821,full
T1,0.9319074749946594,noise,0.33447265625,-2.36279296875,16,-2.2900390625,-2.0283203125,B,1,016/direct/base/0/order1,8.341615676879883,5c539bfa2d4004a5
T2,0.32232794165611267,noise,0.0380859375,-2.06640625,16,-2.02783203125,-2.0283203125,B,1,016/direct/base/0/order1,0.5380693078041077,5c539bfa2d4004a5
T3,0.6057389378547668,noise,0.22119140625,-2.24951171875,16,-2.18701171875,-2.0283203125,B,1,016/direct/base/0/order1,8.341615676879883,5c539bfa2d4004a5
T4,2.580648899078369,noise,0.15185546875,-2.18017578125,16,-2.0283203125,-2.0283203125,B,1,016/direct/base/0/order1,3.1644163131713867,5c539bfa2d4004a5
T5,0.27935168147087097,noise,-0.08984375,-1.9384765625,16,-1.9716796875,-2.0283203125,B,1,016/direct/base/0/order1,0.3243761956691742,5c539bfa2d4004a5
T1,0.8625604510307312,noise,0.30078125,-2.67236328125,16,-2.6103515625,-2.37158203125,B-L1H27,1,016/direct/base/0/order1,8.315292358398438,cef37988435db144
T2,0.29663732647895813,noise,0.02978515625,-2.4013671875,16,-2.36865234375,-2.37158203125,B-L1H27,1,016/direct/base/0/order1,0.5443652868270874,cef37988435db144
T3,0.5731513500213623,noise,0.20263671875,-2.57421875,16,-2.51708984375,-2.37158203125,B-L1H27,1,016/direct/base/0/order1,8.315292358398438,cef37988435db144
T4,2.579230785369873,noise,0.14013671875,-2.51171875,16,-2.37158203125,-2.37158203125,B-L1H27,1,016/direct/base/0/order1,3.169240713119507,cef37988435db144
T5,0.21600499749183655,noise,-0.07958984375,-2.2919921875,16,-2.31494140625,-2.37158203125,B-L1H27,1,016/direct/base/0/order1,0.2530819773674011,cef37988435db144
T1,0.9304834008216858,noise,0.330078125,-2.36474609375,16,-2.29443359375,-2.03466796875,B-L11H4,1,016/direct/base/0/order1,8.32747745513916,d7b401c2eec20f08
T2,0.3209401071071625,noise,0.03564453125,-2.0703125,16,-2.03271484375,-2.03466796875,B-L11H4,1,016/direct/base/0/order1,0.5373358726501465,d7b401c2eec20f08
T3,0.6061884164810181,noise,0.220703125,-2.25537109375,16,-2.18896484375,-2.03466796875,B-L11H4,1,016/direct/base/0/order1,8.32747745513916,d7b401c2eec20f08
T4,2.5808520317077637,noise,0.15234375,-2.18701171875,16,-2.03466796875,-2.03466796875,B-L11H4,1,016/direct/base/0/order1,3.1644163131713867,d7b401c2eec20f08
T5,0.27779892086982727,noise,-0.08740234375,-1.947265625,16,-1.9765625,-2.03466796875,B-L11H4,1,016/direct/base/0/order1,0.3225800395011902,d7b401c2eec20f08
T1,0.9738335609436035,noise,0.3515625,-2.19873046875,16,-2.11962890625,-1.84716796875,B-L17H5,1,016/direct/base/0/order1,8.341615676879883,adae3cba245fe41c
T2,0.32280778884887695,noise,0.0478515625,-1.89501953125,16,-1.84423828125,-1.84716796875,B-L17H5,1,016/direct/base/0/order1,0.5380693078041077,adae3cba245fe41c
T3,0.6265408992767334,noise,0.22900390625,-2.076171875,16,-2.00634765625,-1.84716796875,B-L17H5,1,016/direct/base/0/order1,8.341615676879883,adae3cba245fe41c
T4,2.580721378326416,noise,0.15869140625,-2.005859375,16,-1.84716796875,-1.84716796875,B-L17H5,1,016/direct/base/0/order1,3.1644163131713867,adae3cba245fe41c
T5,0.3263140320777893,noise,-0.1044921875,-1.74267578125,16,-1.78271484375,-1.84716796875,B-L17H5,1,016/direct/base/0/order1,0.3920835852622986,adae3cba245fe41c
T1,0.9327489733695984,noise,0.3310546875,-2.43896484375,16,-2.36767578125,-2.10791015625,B-L23H10,1,016/direct/base/0/order1,8.341615676879883,8324433237827f03
T2,0.32232794165611267,noise,0.03271484375,-2.140625,16,-2.10546875,-2.10791015625,B-L23H10,1,016/direct/base/0/order1,0.5380693078041077,8324433237827f03
T3,0.6088312864303589,noise,0.22021484375,-2.328125,16,-2.26220703125,-2.10791015625,B-L23H10,1,016/direct/base/0/order1,8.341615676879883,8324433237827f03
T4,2.580648899078369,noise,0.15185546875,-2.259765625,16,-2.10791015625,-2.10791015625,B-L23H10,1,016/direct/base/0/order1,3.1644163131713867,8324433237827f03
T5,0.2777614891529083,noise,-0.0869140625,-2.02099609375,16,-2.048828125,-2.10791015625,B-L23H10,1,016/direct/base/0/order1,0.3243761956691742,8324433237827f03
T1,0.9320558905601501,noise,0.3310546875,-2.302734375,16,-2.23291015625,-1.9716796875,B-L25H18,1,016/direct/base/0/order1,8.341615676879883,463f91d471cf8fc9
T2,0.32232794165611267,noise,0.03466796875,-2.00634765625,16,-1.9697265625,-1.9716796875,B-L25H18,1,016/direct/base/0/order1,0.5380693078041077,463f91d471cf8fc9
T3,0.6072943210601807,noise,0.22021484375,-2.19189453125,16,-2.12744140625,-1.9716796875,B-L25H18,1,016/direct/base/0/order1,8.341615676879883,463f91d471cf8fc9
T4,2.580648899078369,noise,0.1533203125,-2.125,16,-1.9716796875,-1.9716796875,B-L25H18,1,016/direct/base/0/order1,3.1644163131713867,463f91d471cf8fc9
T5,0.27969375252723694,noise,-0.091796875,-1.8798828125,16,-1.91455078125,-1.9716796875,B-L25H18,1,016/direct/base/0/order1,0.3243761956691742,463f91d471cf8fc9
T1,0.9751580357551575,noise,0.3505859375,-2.31298828125,16,-2.23388671875,-1.96240234375,B+L9H16,1,016/direct/base/0/order1,8.313706398010254,4f198d517137d88d
T2,0.34477853775024414,noise,0.03662109375,-1.9990234375,16,-1.958984375,-1.96240234375,B+L9H16,1,016/direct/base/0/order1,0.5380944609642029,4f198d517137d88d
T3,0.6316514015197754,noise,0.2314453125,-2.19384765625,16,-2.1220703125,-1.96240234375,B+L9H16,1,016/direct/base/0/order1,8.313706398010254,4f198d517137d88d
T4,2.5802197456359863,noise,0.17236328125,-2.134765625,16,-1.96240234375,-1.96240234375,B+L9H16,1,016/direct/base/0/order1,3.1644163131713867,4f198d517137d88d
T5,0.2923813462257385,noise,-0.10205078125,-1.8603515625,16,-1.89697265625,-1.96240234375,B+L9H16,1,016/direct/base/0/order1,0.3356893062591553,4f198d517137d88d
T1,1.3310015201568604,noise,0.208984375,5.93505859375,16,5.752197265625,6.14404296875,full,1,016/direct/base/0/order1,8.578343391418457,full
T2,0.6440919041633606,noise,0.119140625,6.02490234375,16,6.139404296875,6.14404296875,full,1,016/direct/base/0/order1,0.5480466485023499,full
T3,1.0165913105010986,noise,0.14697265625,5.9970703125,16,5.86865234375,6.14404296875,full,1,016/direct/base/0/order1,8.578343391418457,full
T4,3.252290725708008,noise,0.433349609375,5.710693359375,16,6.14404296875,6.14404296875,full,1,016/direct/base/0/order1,3.8989899158477783,full
T5,0.36831825971603394,noise,-0.0380859375,6.18212890625,16,6.2275390625,6.14404296875,full,1,016/direct/base/0/order1,0.4869011342525482,full
T1,3.4051830768585205,noise,0.6376953125,5.668701171875,56,5.41845703125,6.306396484375,B,0,056/direct/base/0/order0,6.43204402923584,5c539bfa2d4004a5
T2,0.7058945894241333,noise,0.0831298828125,6.2232666015625,56,6.3050537109375,6.306396484375,B,0,056/direct/base/0/order0,0.5354818105697632,5c539bfa2d4004a5
T3,2.174516201019287,noise,0.345947265625,5.96044921875,56,5.802001953125,6.306396484375,B,0,056/direct/base/0/order0,6.43204402923584,5c539bfa2d4004a5
T4,1.8841933012008667,noise,0.00390625,6.302490234375,56,6.306396484375,6.306396484375,B,0,056/direct/base/0/order0,2.351255178451538,5c539bfa2d4004a5
T5,0.3358549177646637,noise,0.0008544921875,6.3055419921875,56,6.3280029296875,6.306396484375,B,0,056/direct/base/0/order0,0.4223434627056122,5c539bfa2d4004a5
T1,3.194014310836792,noise,0.635009765625,5.13427734375,56,4.9326171875,5.769287109375,B-L1H27,0,056/direct/base/0/order0,6.410361289978027,cef37988435db144
T2,0.5995141267776489,noise,0.0791015625,5.690185546875,56,5.767333984375,5.769287109375,B-L1H27,0,056/direct/base/0/order0,0.5181092023849487,cef37988435db144
T3,2.0537800788879395,noise,0.364990234375,5.404296875,56,5.2783203125,5.769287109375,B-L1H27,0,056/direct/base/0/order0,6.410361289978027,cef37988435db144
T4,1.8639758825302124,noise,0.003173828125,5.76611328125,56,5.769287109375,5.769287109375,B-L1H27,0,056/direct/base/0/order0,2.3160157203674316,cef37988435db144
T5,0.2408616542816162,noise,0.00732421875,5.761962890625,56,5.781982421875,5.769287109375,B-L1H27,0,056/direct/base/0/order0,0.32004880905151367,cef37988435db144
T1,3.3963711261749268,noise,0.6348876953125,5.677978515625,56,5.423828125,6.3128662109375,B-L11H4,0,056/direct/base/0/order0,6.4347004890441895,d7b401c2eec20f08
T2,0.7022356390953064,noise,0.0821533203125,6.230712890625,56,6.310791015625,6.3128662109375,B-L11H4,0,056/direct/base/0/order0,0.5345382690429688,d7b401c2eec20f08
T3,2.1678850650787354,noise,0.3497314453125,5.963134765625,56,5.80859375,6.3128662109375,B-L11H4,0,056/direct/base/0/order0,6.4347004890441895,d7b401c2eec20f08
T4,1.8843258619308472,noise,-0.000732421875,6.3135986328125,56,6.3128662109375,6.3128662109375,B-L11H4,0,056/direct/base/0/order0,2.351255178451538,d7b401c2eec20f08
T5,0.33613887429237366,noise,0.0067138671875,6.30615234375,56,6.333984375,6.3128662109375,B-L11H4,0,056/direct/base/0/order0,0.4245929718017578,d7b401c2eec20f08
T1,3.4919216632843018,noise,0.6328125,5.832763671875,56,5.56298828125,6.465576171875,B-L17H5,0,056/direct/base/0/order0,6.43204402923584,adae3cba245fe41c
T2,0.7027316093444824,noise,0.0765380859375,6.3890380859375,56,6.4658203125,6.465576171875,B-L17H5,0,056/direct/base/0/order0,0.5354818105697632,adae3cba245fe41c
T3,2.2336361408233643,noise,0.339599609375,6.1259765625,56,5.95166015625,6.465576171875,B-L17H5,0,056/direct/base/0/order0,6.43204402923584,adae3cba245fe41c
T4,1.8845890760421753,noise,-0.00726318359375,6.47283935546875,56,6.465576171875,6.465576171875,B-L17H5,0,056/direct/base/0/order0,2.351255178451538,adae3cba245fe41c
T5,0.3550173342227936,noise,0.002685546875,6.462890625,56,6.488525390625,6.465576171875,B-L17H5,0,056/direct/base/0/order0,0.43605494499206543,adae3cba245fe41c
T1,3.404900550842285,noise,0.6265869140625,5.826171875,56,5.56640625,6.4527587890625,B-L23H10,0,056/direct/base/0/order0,6.43204402923584,8324433237827f03
T2,0.7058945894241333,noise,0.07958984375,6.3731689453125,56,6.455322265625,6.4527587890625,B-L23H10,0,056/direct/base/0/order0,0.5354818105697632,8324433237827f03
T3,2.1736531257629395,noise,0.3355712890625,6.1171875,56,5.948486328125,6.4527587890625,B-L23H10,0,056/direct/base/0/order0,6.43204402923584,8324433237827f03
T4,1.8841933012008667,noise,0.00146484375,6.4512939453125,56,6.4527587890625,6.4527587890625,B-L23H10,0,056/direct/base/0/order0,2.351255178451538,8324433237827f03
T5,0.3347974121570587,noise,0.001708984375,6.4510498046875,56,6.4754638671875,6.4527587890625,B-L23H10,0,056/direct/base/0/order0,0.4223434627056122,8324433237827f03
T1,3.386704683303833,noise,0.58953857421875,6.1025390625,56,5.80224609375,6.69207763671875,B-L25H18,0,056/direct/base/0/order0,6.43204402923584,463f91d471cf8fc9
T2,0.7058945894241333,noise,0.08624267578125,6.6058349609375,56,6.690582275390625,6.69207763671875,B-L25H18,0,056/direct/base/0/order0,0.5354818105697632,463f91d471cf8fc9
T3,2.1626343727111816,noise,0.31719970703125,6.3748779296875,56,6.188232421875,6.69207763671875,B-L25H18,0,056/direct/base/0/order0,6.43204402923584,463f91d471cf8fc9
T4,1.8841933012008667,noise,0.010101318359375,6.681976318359375,56,6.69207763671875,6.69207763671875,B-L25H18,0,056/direct/base/0/order0,2.351255178451538,463f91d471cf8fc9
T5,0.33294346928596497,noise,0.0084228515625,6.68365478515625,56,6.7130126953125,6.69207763671875,B-L25H18,0,056/direct/base/0/order0,0.4223434627056122,463f91d471cf8fc9
T1,3.5260963439941406,noise,0.636688232421875,6.02734375,56,5.75537109375,6.664031982421875,B+L9H16,0,056/direct/base/0/order0,6.484491348266602,4f198d517137d88d
T2,0.8335734009742737,noise,0.082916259765625,6.58111572265625,56,6.663543701171875,6.664031982421875,B+L9H16,0,056/direct/base/0/order0,0.5681480169296265,4f198d517137d88d
T3,2.2413175106048584,noise,0.337005615234375,6.3270263671875,56,6.160400390625,6.664031982421875,B+L9H16,0,056/direct/base/0/order0,6.484491348266602,4f198d517137d88d
T4,1.8842393159866333,noise,-0.0005645751953125,6.6645965576171875,56,6.664031982421875,6.664031982421875,B+L9H16,0,056/direct/base/0/order0,2.351255178451538,4f198d517137d88d
T5,0.4357989728450775,noise,0.005767822265625,6.65826416015625,56,6.690521240234375,6.664031982421875,B+L9H16,0,056/direct/base/0/order0,0.5063613057136536,4f198d517137d88d
T1,4.404236316680908,noise,3.792572021484375,2.2255859375,56,4.748046875,6.018157958984375,full,0,056/direct/base/0/order0,6.238687992095947,full
T2,0.8079786896705627,noise,0.144622802734375,5.87353515625,56,6.017822265625,6.018157958984375,full,0,056/direct/base/0/order0,0.5397937297821045,full
T3,2.9242513179779053,noise,2.222259521484375,3.7958984375,56,5.2900390625,6.018157958984375,full,0,056/direct/base/0/order0,6.238687992095947,full
T4,2.268369674682617,noise,0.292724609375,5.725433349609375,56,6.018157958984375,6.018157958984375,full,0,056/direct/base/0/order0,2.635075092315674,full
T5,0.6482893824577332,noise,-0.26857757568359375,6.286735534667969,56,6.2601318359375,6.018157958984375,full,0,056/direct/base/0/order0,0.7407580614089966,full
T1,0.5669757723808289,noise,0.197265625,-2.1962890625,56,-2.1533203125,-1.9990234375,B,1,056/direct/base/0/order1,6.617638111114502,5c539bfa2d4004a5
T2,0.18286359310150146,noise,0.01953125,-2.0185546875,56,-2.0,-1.9990234375,B,1,056/direct/base/0/order1,0.39073026180267334,5c539bfa2d4004a5
T3,0.3800106346607208,noise,0.1318359375,-2.130859375,56,-2.0908203125,-1.9990234375,B,1,056/direct/base/0/order1,6.617638111114502,5c539bfa2d4004a5
T4,1.9307488203048706,noise,-0.060546875,-1.9384765625,56,-1.9990234375,-1.9990234375,B,1,056/direct/base/0/order1,2.3993985652923584,5c539bfa2d4004a5
T5,0.3543757498264313,noise,-0.052734375,-1.9462890625,56,-1.982421875,-1.9990234375,B,1,056/direct/base/0/order1,0.4543139636516571,5c539bfa2d4004a5
T1,0.5882828235626221,noise,0.205078125,-1.9208984375,56,-1.8740234375,-1.7158203125,B-L1H27,1,056/direct/base/0/order1,6.6279401779174805,cef37988435db144
T2,0.17598997056484222,noise,0.025390625,-1.7412109375,56,-1.712890625,-1.7158203125,B-L1H27,1,056/direct/base/0/order1,0.36926066875457764,cef37988435db144
T3,0.39832210540771484,noise,0.1376953125,-1.853515625,56,-1.810546875,-1.7158203125,B-L1H27,1,056/direct/base/0/order1,6.6279401779174805,cef37988435db144
T4,1.897864580154419,noise,-0.0556640625,-1.66015625,56,-1.7158203125,-1.7158203125,B-L1H27,1,056/direct/base/0/order1,2.3831887245178223,cef37988435db144
T5,0.35032224655151367,noise,-0.0517578125,-1.6640625,56,-1.697265625,-1.7158203125,B-L1H27,1,056/direct/base/0/order1,0.44961825013160706,cef37988435db144
T1,0.5656856894493103,noise,0.1953125,-2.2529296875,56,-2.2109375,-2.0576171875,B-L11H4,1,056/direct/base/0/order1,6.618356704711914,d7b401c2eec20f08
T2,0.18185070157051086,noise,0.01953125,-2.0771484375,56,-2.056640625,-2.0576171875,B-L11H4,1,056/direct/base/0/order1,0.39070311188697815,d7b401c2eec20f08
T3,0.37765568494796753,noise,0.130859375,-2.1884765625,56,-2.1484375,-2.0576171875,B-L11H4,1,056/direct/base/0/order1,6.618356704711914,d7b401c2eec20f08
T4,1.9306788444519043,noise,-0.060546875,-1.9970703125,56,-2.0576171875,-2.0576171875,B-L11H4,1,056/direct/base/0/order1,2.3993985652923584,d7b401c2eec20f08
T5,0.34817197918891907,noise,-0.05078125,-2.0068359375,56,-2.0400390625,-2.0576171875,B-L11H4,1,056/direct/base/0/order1,0.44538432359695435,d7b401c2eec20f08
T1,0.5344471335411072,noise,0.1767578125,-2.564453125,56,-2.529296875,-2.3876953125,B-L17H5,1,056/direct/base/0/order1,6.617638111114502,adae3cba245fe41c
T2,0.18149788677692413,noise,0.0166015625,-2.404296875,56,-2.3857421875,-2.3876953125,B-L17H5,1,056/direct/base/0/order1,0.39073026180267334,adae3cba245fe41c
T3,0.3602405786514282,noise,0.119140625,-2.5068359375,56,-2.470703125,-2.3876953125,B-L17H5,1,056/direct/base/0/order1,6.617638111114502,adae3cba245fe41c
T4,1.9307552576065063,noise,-0.0517578125,-2.3359375,56,-2.3876953125,-2.3876953125,B-L17H5,1,056/direct/base/0/order1,2.3993985652923584,adae3cba245fe41c
T5,0.37184491753578186,noise,-0.0595703125,-2.328125,56,-2.3671875,-2.3876953125,B-L17H5,1,056/direct/base/0/order1,0.4756726026535034,adae3cba245fe41c
T1,0.5669844746589661,noise,0.1953125,-2.2353515625,56,-2.193359375,-2.0400390625,B-L23H10,1,056/direct/base/0/order1,6.617638111114502,8324433237827f03
T2,0.18286359310150146,noise,0.0185546875,-2.05859375,56,-2.0390625,-2.0400390625,B-L23H10,1,056/direct/base/0/order1,0.39073026180267334,8324433237827f03
T3,0.37843114137649536,noise,0.1298828125,-2.169921875,56,-2.130859375,-2.0400390625,B-L23H10,1,056/direct/base/0/order1,6.617638111114502,8324433237827f03
T4,1.9307488203048706,noise,-0.060546875,-1.9794921875,56,-2.0400390625,-2.0400390625,B-L23H10,1,056/direct/base/0/order1,2.3993985652923584,8324433237827f03
T5,0.35766884684562683,noise,-0.0537109375,-1.986328125,56,-2.021484375,-2.0400390625,B-L23H10,1,056/direct/base/0/order1,0.4543139636516571,8324433237827f03
T1,0.5647109746932983,noise,0.2041015625,-2.1767578125,56,-2.1259765625,-1.97265625,B-L25H18,1,056/direct/base/0/order1,6.617638111114502,463f91d471cf8fc9
T2,0.18286359310150146,noise,0.0166015625,-1.9892578125,56,-1.970703125,-1.97265625,B-L25H18,1,056/direct/base/0/order1,0.39073026180267334,463f91d471cf8fc9
T3,0.3789605498313904,noise,0.1337890625,-2.1064453125,56,-2.0634765625,-1.97265625,B-L25H18,1,056/direct/base/0/order1,6.617638111114502,463f91d471cf8fc9
T4,1.9307488203048706,noise,-0.0634765625,-1.9091796875,56,-1.97265625,-1.97265625,B-L25H18,1,056/direct/base/0/order1,2.3993985652923584,463f91d471cf8fc9
T5,0.3553754985332489,noise,-0.0546875,-1.91796875,56,-1.9541015625,-1.97265625,B-L25H18,1,056/direct/base/0/order1,0.4543139636516571,463f91d471cf8fc9
T1,0.6276249885559082,noise,0.220703125,-0.98046875,56,-0.923828125,-0.759765625,B+L9H16,1,056/direct/base/0/order1,6.645479202270508,4f198d517137d88d
T2,0.23511777818202972,noise,0.03515625,-0.794921875,56,-0.759765625,-0.759765625,B+L9H16,1,056/direct/base/0/order1,0.39997631311416626,4f198d517137d88d
T3,0.41957858204841614,noise,0.142578125,-0.90234375,56,-0.85546875,-0.759765625,B+L9H16,1,056/direct/base/0/order1,6.645479202270508,4f198d517137d88d
T4,1.9305400848388672,noise,-0.064453125,-0.6953125,56,-0.759765625,-0.759765625,B+L9H16,1,056/direct/base/0/order1,2.3993985652923584,4f198d517137d88d
T5,0.3145613968372345,noise,-0.0546875,-0.705078125,56,-0.734375,-0.759765625,B+L9H16,1,056/direct/base/0/order1,0.40795448422431946,4f198d517137d88d
T1,3.5898869037628174,noise,2.0699462890625,5.2918701171875,56,6.260009765625,7.36181640625,full,1,056/direct/base/0/order1,6.864574909210205,full
T2,0.9695174098014832,noise,0.06982421875,7.2919921875,56,7.362548828125,7.36181640625,full,1,056/direct/base/0/order1,0.5072830319404602,full
T3,1.5665433406829834,noise,0.592041015625,6.769775390625,56,7.0155029296875,7.36181640625,full,1,056/direct/base/0/order1,6.864574909210205,full
T4,2.3454434871673584,noise,0.127197265625,7.234619140625,56,7.36181640625,7.36181640625,full,1,056/direct/base/0/order1,2.7663350105285645,full
T5,1.1580830812454224,noise,-0.256591796875,7.618408203125,56,7.67138671875,7.36181640625,full,1,056/direct/base/0/order1,1.216971755027771,full
T1,3.9181361198425293,noise,0.0989990234375,12.1138916015625,96,11.0858154296875,12.212890625,B,0,096/direct/base/0/order0,7.949288368225098,5c539bfa2d4004a5
T2,0.47416648268699646,noise,-0.03466796875,12.24755859375,96,12.2060546875,12.212890625,B,0,096/direct/base/0/order0,0.5557631850242615,5c539bfa2d4004a5
T3,2.6346564292907715,noise,0.05078125,12.162109375,96,11.52911376953125,12.212890625,B,0,096/direct/base/0/order0,7.949288368225098,5c539bfa2d4004a5
T4,2.283557176589966,noise,0.2578125,11.955078125,96,12.212890625,12.212890625,B,0,096/direct/base/0/order0,2.8547966480255127,5c539bfa2d4004a5
T5,0.39215564727783203,noise,-0.0107421875,12.2236328125,96,12.2861328125,12.212890625,B,0,096/direct/base/0/order0,0.4801512658596039,5c539bfa2d4004a5
T1,3.6940929889678955,noise,0.104248046875,11.91064453125,96,10.951171875,12.014892578125,B-L1H27,0,096/direct/base/0/order0,7.849175930023193,cef37988435db144
T2,0.4831481873989105,noise,-0.04150390625,12.056396484375,96,12.006103515625,12.014892578125,B-L1H27,0,096/direct/base/0/order0,0.5452635288238525,cef37988435db144
T3,2.4580976963043213,noise,0.055419921875,11.95947265625,96,11.3734130859375,12.014892578125,B-L1H27,0,096/direct/base/0/order0,7.849175930023193,cef37988435db144
T4,2.3496906757354736,noise,0.255126953125,11.759765625,96,12.014892578125,12.014892578125,B-L1H27,0,096/direct/base/0/order0,2.8386402130126953,cef37988435db144
T5,0.30496156215667725,noise,-0.004638671875,12.01953125,96,12.060546875,12.014892578125,B-L1H27,0,096/direct/base/0/order0,0.4053092896938324,cef37988435db144
T1,3.8997814655303955,noise,0.1075439453125,12.1112060546875,96,11.089111328125,12.21875,B-L11H4,0,096/direct/base/0/order0,7.942894458770752,d7b401c2eec20f08
T2,0.47213247418403625,noise,-0.02685546875,12.24560546875,96,12.203125,12.21875,B-L11H4,0,096/direct/base/0/order0,0.5552037954330444,d7b401c2eec20f08
T3,2.625624895095825,noise,0.05859375,12.16015625,96,11.5284423828125,12.21875,B-L11H4,0,096/direct/base/0/order0,7.942894458770752,d7b401c2eec20f08
T4,2.283310890197754,noise,0.271240234375,11.947509765625,96,12.21875,12.21875,B-L11H4,0,096/direct/base/0/order0,2.8547966480255127,d7b401c2eec20f08
T5,0.3837880790233612,noise,-0.00146484375,12.22021484375,96,12.2841796875,12.21875,B-L11H4,0,096/direct/base/0/order0,0.4730628430843353,d7b401c2eec20f08
T1,3.881657123565674,noise,0.11920166015625,12.06072998046875,96,11.05810546875,12.179931640625,B-L17H5,0,096/direct/base/0/order0,7.949288368225098,adae3cba245fe41c
T2,0.47517964243888855,noise,-0.033447265625,12.21337890625,96,12.16943359375,12.179931640625,B-L17H5,0,096/direct/base/0/order0,0.5557631850242615,adae3cba245fe41c
T3,2.641068935394287,noise,0.072265625,12.107666015625,96,11.4881591796875,12.179931640625,B-L17H5,0,096/direct/base/0/order0,7.949288368225098,adae3cba245fe41c
T4,2.283247709274292,noise,0.27734375,11.902587890625,96,12.179931640625,12.179931640625,B-L17H5,0,096/direct/base/0/order0,2.8547966480255127,adae3cba245fe41c
T5,0.36436086893081665,noise,-0.00732421875,12.187255859375,96,12.240234375,12.179931640625,B-L17H5,0,096/direct/base/0/order0,0.45144397020339966,adae3cba245fe41c
T1,3.914594888687134,noise,0.0784912109375,12.3228759765625,96,11.274658203125,12.4013671875,B-L23H10,0,096/direct/base/0/order0,7.949288368225098,8324433237827f03
T2,0.47416648268699646,noise,-0.02734375,12.4287109375,96,12.39501953125,12.4013671875,B-L23H10,0,096/direct/base/0/order0,0.5557631850242615,8324433237827f03
T3,2.631483316421509,noise,0.036376953125,12.364990234375,96,11.7127685546875,12.4013671875,B-L23H10,0,096/direct/base/0/order0,7.949288368225098,8324433237827f03
T4,2.283557176589966,noise,0.2529296875,12.1484375,96,12.4013671875,12.4013671875,B-L23H10,0,096/direct/base/0/order0,2.8547966480255127,8324433237827f03
T5,0.39154112339019775,noise,-0.0068359375,12.408203125,96,12.4775390625,12.4013671875,B-L23H10,0,096/direct/base/0/order0,0.4801512658596039,8324433237827f03
T1,3.9145123958587646,noise,0.107177734375,12.129150390625,96,11.10400390625,12.236328125,B-L25H18,0,096/direct/base/0/order0,7.949288368225098,463f91d471cf8fc9
T2,0.47416648268699646,noise,-0.0263671875,12.2626953125,96,12.22412109375,12.236328125,B-L25H18,0,096/direct/base/0/order0,0.5557631850242615,463f91d471cf8fc9
T3,2.6326403617858887,noise,0.058837890625,12.177490234375,96,11.55096435546875,12.236328125,B-L25H18,0,096/direct/base/0/order0,7.949288368225098,463f91d471cf8fc9
T4,2.283557176589966,noise,0.26220703125,11.97412109375,96,12.236328125,12.236328125,B-L25H18,0,096/direct/base/0/order0,2.8547966480255127,463f91d471cf8fc9
T5,0.39294788241386414,noise,0.00146484375,12.23486328125,96,12.30224609375,12.236328125,B-L25H18,0,096/direct/base/0/order0,0.4801512658596039,463f91d471cf8fc9
T1,4.213528156280518,noise,0.077392578125,12.664306640625,96,11.52783203125,12.74169921875,B+L9H16,0,096/direct/base/0/order0,7.895485877990723,4f198d517137d88d
T2,0.5365958213806152,noise,-0.0146484375,12.75634765625,96,12.72705078125,12.74169921875,B+L9H16,0,096/direct/base/0/order0,0.5674099922180176,4f198d517137d88d
T3,2.7800962924957275,noise,0.02490234375,12.716796875,96,12.0213623046875,12.74169921875,B+L9H16,0,096/direct/base/0/order0,7.895485877990723,4f198d517137d88d
T4,2.2833218574523926,noise,0.23828125,12.50341796875,96,12.74169921875,12.74169921875,B+L9H16,0,096/direct/base/0/order0,2.8547966480255127,4f198d517137d88d
T5,0.5606473088264465,noise,-0.0068359375,12.74853515625,96,12.869140625,12.74169921875,B+L9H16,0,096/direct/base/0/order0,0.636384129524231,4f198d517137d88d
T1,7.048001289367676,noise,0.7953948974609375,7.880859375,96,6.5615234375,8.676254272460938,full,0,096/direct/base/0/order0,8.97242259979248,full
T2,1.1063764095306396,noise,0.1795806884765625,8.496673583984375,96,8.680374145507812,8.676254272460938,full,0,096/direct/base/0/order0,0.7305097579956055,full
T3,4.766347885131836,noise,0.2875823974609375,8.388671875,96,7.4306640625,8.676254272460938,full,0,096/direct/base/0/order0,8.97242259979248,full
T4,2.977675199508667,noise,0.8576507568359375,7.818603515625,96,8.676254272460938,8.676254272460938,full,0,096/direct/base/0/order0,4.110811710357666,full
T5,1.287278175354004,noise,-0.0686798095703125,8.74493408203125,96,9.128662109375,8.676254272460938,full,0,096/direct/base/0/order0,1.38860285282135,full
T1,0.5912625789642334,noise,0.02734375,2.5625,96,2.41015625,2.58984375,B,1,096/direct/base/0/order1,8.130241394042969,5c539bfa2d4004a5
T2,0.16034571826457977,noise,-0.01953125,2.609375,96,2.58984375,2.58984375,B,1,096/direct/base/0/order1,0.3710305392742157,5c539bfa2d4004a5
T3,0.40531760454177856,noise,0.0234375,2.56640625,96,2.4765625,2.58984375,B,1,096/direct/base/0/order1,8.130241394042969,5c539bfa2d4004a5
T4,2.5169529914855957,noise,0.19140625,2.3984375,96,2.58984375,2.58984375,B,1,096/direct/base/0/order1,3.0782546997070312,5c539bfa2d4004a5
T5,0.5633873343467712,noise,0.0,2.58984375,96,2.4921875,2.58984375,B,1,096/direct/base/0/order1,0.5451720952987671,5c539bfa2d4004a5
T1,0.5046558976173401,noise,0.01953125,2.03125,96,1.890625,2.05078125,B-L1H27,1,096/direct/base/0/order1,8.109561920166016,cef37988435db144
T2,0.15038111805915833,noise,-0.01953125,2.0703125,96,2.046875,2.05078125,B-L1H27,1,096/direct/base/0/order1,0.3978073000907898,cef37988435db144
T3,0.34080228209495544,noise,0.015625,2.03515625,96,1.953125,2.05078125,B-L1H27,1,096/direct/base/0/order1,8.109561920166016,cef37988435db144
T4,2.4743731021881104,noise,0.15234375,1.8984375,96,2.05078125,2.05078125,B-L1H27,1,096/direct/base/0/order1,2.989222764968872,cef37988435db144
T5,0.4774944484233856,noise,0.00390625,2.046875,96,1.9609375,2.05078125,B-L1H27,1,096/direct/base/0/order1,0.47137898206710815,cef37988435db144
T1,0.5914266705513,noise,0.0234375,2.58203125,96,2.4296875,2.60546875,B-L11H4,1,096/direct/base/0/order1,8.124833106994629,d7b401c2eec20f08
T2,0.1593552827835083,noise,-0.03125,2.63671875,96,2.60546875,2.60546875,B-L11H4,1,096/direct/base/0/order1,0.3707757890224457,d7b401c2eec20f08
T3,0.40455564856529236,noise,0.01953125,2.5859375,96,2.49609375,2.60546875,B-L11H4,1,096/direct/base/0/order1,8.124833106994629,d7b401c2eec20f08
T4,2.517162561416626,noise,0.1875,2.41796875,96,2.60546875,2.60546875,B-L11H4,1,096/direct/base/0/order1,3.0782546997070312,d7b401c2eec20f08
T5,0.5666226744651794,noise,-0.00390625,2.609375,96,2.51171875,2.60546875,B-L11H4,1,096/direct/base/0/order1,0.5491241216659546,d7b401c2eec20f08
T1,0.5846879482269287,noise,0.02734375,2.69140625,96,2.5390625,2.71875,B-L17H5,1,096/direct/base/0/order1,8.130241394042969,adae3cba245fe41c
T2,0.16091182827949524,noise,-0.01953125,2.73828125,96,2.71875,2.71875,B-L17H5,1,096/direct/base/0/order1,0.3710305392742157,adae3cba245fe41c
T3,0.40063753724098206,noise,0.01953125,2.69921875,96,2.60546875,2.71875,B-L17H5,1,096/direct/base/0/order1,8.130241394042969,adae3cba245fe41c
T4,2.517364025115967,noise,0.19921875,2.51953125,96,2.71875,2.71875,B-L17H5,1,096/direct/base/0/order1,3.0782546997070312,adae3cba245fe41c
T5,0.5370957255363464,noise,0.0,2.71875,96,2.62890625,2.71875,B-L17H5,1,096/direct/base/0/order1,0.5193751454353333,adae3cba245fe41c
T1,0.592662513256073,noise,0.01953125,2.671875,96,2.515625,2.69140625,B-L23H10,1,096/direct/base/0/order1,8.130241394042969,8324433237827f03
T2,0.16034571826457977,noise,-0.0234375,2.71484375,96,2.6953125,2.69140625,B-L23H10,1,096/direct/base/0/order1,0.3710305392742157,8324433237827f03
T3,0.40669453144073486,noise,0.015625,2.67578125,96,2.5859375,2.69140625,B-L23H10,1,096/direct/base/0/order1,8.130241394042969,8324433237827f03
T4,2.5169529914855957,noise,0.1875,2.50390625,96,2.69140625,2.69140625,B-L23H10,1,096/direct/base/0/order1,3.0782546997070312,8324433237827f03
T5,0.5632976293563843,noise,-0.00390625,2.6953125,96,2.59765625,2.69140625,B-L23H10,1,096/direct/base/0/order1,0.5451720952987671,8324433237827f03
T1,0.589131772518158,noise,0.02734375,2.78125,96,2.62890625,2.80859375,B-L25H18,1,096/direct/base/0/order1,8.130241394042969,463f91d471cf8fc9
T2,0.16034571826457977,noise,-0.01953125,2.828125,96,2.8046875,2.80859375,B-L25H18,1,096/direct/base/0/order1,0.3710305392742157,463f91d471cf8fc9
T3,0.4040626287460327,noise,0.01953125,2.7890625,96,2.69140625,2.80859375,B-L25H18,1,096/direct/base/0/order1,8.130241394042969,463f91d471cf8fc9
T4,2.5169529914855957,noise,0.19140625,2.6171875,96,2.80859375,2.80859375,B-L25H18,1,096/direct/base/0/order1,3.0782546997070312,463f91d471cf8fc9
T5,0.5639023780822754,noise,0.00390625,2.8046875,96,2.7109375,2.80859375,B-L25H18,1,096/direct/base/0/order1,0.5451720952987671,463f91d471cf8fc9
T1,0.7608612179756165,noise,0.056640625,3.55078125,96,3.37890625,3.607421875,B+L9H16,1,096/direct/base/0/order1,8.04612922668457,4f198d517137d88d
T2,0.22934089601039886,noise,-0.01171875,3.619140625,96,3.60546875,3.607421875,B+L9H16,1,096/direct/base/0/order1,0.42840176820755005,4f198d517137d88d
T3,0.5370965600013733,noise,0.04296875,3.564453125,96,3.45703125,3.607421875,B+L9H16,1,096/direct/base/0/order1,8.04612922668457,4f198d517137d88d
T4,2.5174927711486816,noise,0.271484375,3.3359375,96,3.607421875,3.607421875,B+L9H16,1,096/direct/base/0/order1,3.0782546997070312,4f198d517137d88d
T5,0.4817952513694763,noise,-0.01171875,3.619140625,96,3.568359375,3.607421875,B+L9H16,1,096/direct/base/0/order1,0.5061043500900269,4f198d517137d88d
T1,4.4237236976623535,noise,0.0989990234375,5.7694091796875,96,4.59619140625,5.868408203125,full,1,096/direct/base/0/order1,9.658296585083008,full
T2,1.1385917663574219,noise,0.38623046875,5.482177734375,96,5.854248046875,5.868408203125,full,1,096/direct/base/0/order1,0.8518893718719482,full
T3,2.6440365314483643,noise,0.001953125,5.866455078125,96,5.206451416015625,5.868408203125,full,1,096/direct/base/0/order1,9.658296585083008,full
T4,3.1747987270355225,noise,0.8505859375,5.017822265625,96,5.868408203125,5.868408203125,full,1,096/direct/base/0/order1,4.460590839385986,full
T5,2.483996629714966,noise,0.00439453125,5.864013671875,96,6.74267578125,5.868408203125,full,1,096/direct/base/0/order1,3.043855905532837,full
T1,4.136796474456787,noise,2.093414306640625,4.675140380859375,116,5.322509765625,6.7685546875,B,0,116/direct/base/0/order0,7.1757378578186035,5c539bfa2d4004a5
T2,0.6665197610855103,noise,0.16552734375,6.60302734375,116,6.77001953125,6.7685546875,B,0,116/direct/base/0/order0,0.638699471950531,5c539bfa2d4004a5
T3,2.865203857421875,noise,1.2567138671875,5.5118408203125,116,5.836669921875,6.7685546875,B,0,116/direct/base/0/order0,7.1757378578186035,5c539bfa2d4004a5
T4,2.4977662563323975,noise,0.703125,6.0654296875,116,6.7685546875,6.7685546875,B,0,116/direct/base/0/order0,2.636009693145752,5c539bfa2d4004a5
T5,0.41514837741851807,noise,0.00537109375,6.76318359375,116,6.77880859375,6.7685546875,B,0,116/direct/base/0/order0,0.5710338950157166,5c539bfa2d4004a5
T1,4.0395426750183105,noise,2.175537109375,4.02880859375,116,4.7945556640625,6.204345703125,B-L1H27,0,116/direct/base/0/order0,7.179119110107422,cef37988435db144
T2,0.609164834022522,noise,0.17041015625,6.033935546875,116,6.19970703125,6.204345703125,B-L1H27,0,116/direct/base/0/order0,0.643067479133606,cef37988435db144
T3,2.8141677379608154,noise,1.35986328125,4.844482421875,116,5.2874755859375,6.204345703125,B-L1H27,0,116/direct/base/0/order0,7.179119110107422,cef37988435db144
T4,2.4819977283477783,noise,0.741455078125,5.462890625,116,6.204345703125,6.204345703125,B-L1H27,0,116/direct/base/0/order0,2.629650592803955,cef37988435db144
T5,0.3958981931209564,noise,0.02734375,6.177001953125,116,6.18994140625,6.204345703125,B-L1H27,0,116/direct/base/0/order0,0.5478693246841431,cef37988435db144
T1,4.1263427734375,noise,2.087787628173828,4.670024871826172,116,5.3160400390625,6.7578125,B-L11H4,0,116/direct/base/0/order0,7.179572582244873,d7b401c2eec20f08
T2,0.6650049686431885,noise,0.17236328125,6.58544921875,116,6.7578125,6.7578125,B-L11H4,0,116/direct/base/0/order0,0.6385814547538757,d7b401c2eec20f08
T3,2.8586220741271973,noise,1.2540283203125,5.5037841796875,116,5.8253173828125,6.7578125,B-L11H4,0,116/direct/base/0/order0,7.179572582244873,d7b401c2eec20f08
T4,2.497685670852661,noise,0.709716796875,6.048095703125,116,6.7578125,6.7578125,B-L11H4,0,116/direct/base/0/order0,2.636009693145752,d7b401c2eec20f08
T5,0.41572776436805725,noise,0.00341796875,6.75439453125,116,6.76806640625,6.7578125,B-L11H4,0,116/direct/base/0/order0,0.5718424916267395,d7b401c2eec20f08
T1,4.217085838317871,noise,2.1783447265625,4.4500732421875,116,5.16015625,6.62841796875,B-L17H5,0,116/direct/base/0/order0,7.1757378578186035,adae3cba245fe41c
T2,0.6661577224731445,noise,0.16455078125,6.4638671875,116,6.63232421875,6.62841796875,B-L17H5,0,116/direct/base/0/order0,0.638699471950531,adae3cba245fe41c
T3,2.933574676513672,noise,1.3331298828125,5.2952880859375,116,5.67169189453125,6.62841796875,B-L17H5,0,116/direct/base/0/order0,7.1757378578186035,adae3cba245fe41c
T4,2.49765944480896,noise,0.729736328125,5.898681640625,116,6.62841796875,6.62841796875,B-L17H5,0,116/direct/base/0/order0,2.636009693145752,adae3cba245fe41c
T5,0.39996039867401123,noise,0.00390625,6.62451171875,116,6.634765625,6.62841796875,B-L17H5,0,116/direct/base/0/order0,0.550601601600647,adae3cba245fe41c
T1,4.128938674926758,noise,1.9942169189453125,4.9750213623046875,116,5.5216064453125,6.96923828125,B-L23H10,0,116/direct/base/0/order0,7.1757378578186035,8324433237827f03
T2,0.6665197610855103,noise,0.1650390625,6.80419921875,116,6.96826171875,6.96923828125,B-L23H10,0,116/direct/base/0/order0,0.638699471950531,8324433237827f03
T3,2.86068058013916,noise,1.183349609375,5.785888671875,116,6.0345458984375,6.96923828125,B-L23H10,0,116/direct/base/0/order0,7.1757378578186035,8324433237827f03
T4,2.4977662563323975,noise,0.690673828125,6.278564453125,116,6.96923828125,6.96923828125,B-L23H10,0,116/direct/base/0/order0,2.636009693145752,8324433237827f03
T5,0.41382238268852234,noise,0.001953125,6.96728515625,116,6.98046875,6.96923828125,B-L23H10,0,116/direct/base/0/order0,0.5710338950157166,8324433237827f03
T1,4.130206108093262,noise,2.1012496948242188,4.556465148925781,116,5.209716796875,6.65771484375,B-L25H18,0,116/direct/base/0/order0,7.1757378578186035,463f91d471cf8fc9
T2,0.6665197610855103,noise,0.1650390625,6.49267578125,116,6.662109375,6.65771484375,B-L25H18,0,116/direct/base/0/order0,0.638699471950531,463f91d471cf8fc9
T3,2.8612546920776367,noise,1.264892578125,5.392822265625,116,5.721435546875,6.65771484375,B-L25H18,0,116/direct/base/0/order0,7.1757378578186035,463f91d471cf8fc9
T4,2.4977662563323975,noise,0.700439453125,5.957275390625,116,6.65771484375,6.65771484375,B-L25H18,0,116/direct/base/0/order0,2.636009693145752,463f91d471cf8fc9
T5,0.415680855512619,noise,0.0,6.65771484375,116,6.6689453125,6.65771484375,B-L25H18,0,116/direct/base/0/order0,0.5710338950157166,463f91d471cf8fc9
T1,4.244500160217285,noise,2.0118408203125,5.4261474609375,116,5.948333740234375,7.43798828125,B+L9H16,0,116/direct/base/0/order0,7.198558330535889,4f198d517137d88d
T2,0.800146222114563,noise,0.18310546875,7.2548828125,116,7.44091796875,7.43798828125,B+L9H16,0,116/direct/base/0/order0,0.6508029103279114,4f198d517137d88d
T3,2.886514663696289,noise,1.13720703125,6.30078125,116,6.49951171875,7.43798828125,B+L9H16,0,116/direct/base/0/order0,7.198558330535889,4f198d517137d88d
T4,2.498666763305664,noise,0.65576171875,6.7822265625,116,7.43798828125,7.43798828125,B+L9H16,0,116/direct/base/0/order0,2.636009693145752,4f198d517137d88d
T5,0.446624219417572,noise,-0.01708984375,7.455078125,116,7.46923828125,7.43798828125,B+L9H16,0,116/direct/base/0/order0,0.6164608597755432,4f198d517137d88d
T1,6.207088947296143,noise,4.03759765625,4.4462890625,116,6.32861328125,8.48388671875,full,0,116/direct/base/0/order0,7.059791088104248,full
T2,1.831849217414856,noise,0.2828369140625,8.2010498046875,116,8.4698486328125,8.48388671875,full,0,116/direct/base/0/order0,0.9839240908622742,full
T3,3.9366774559020996,noise,2.042724609375,6.441162109375,116,7.249267578125,8.48388671875,full,0,116/direct/base/0/order0,7.059791088104248,full
T4,2.6321020126342773,noise,0.66845703125,7.8154296875,116,8.48388671875,8.48388671875,full,0,116/direct/base/0/order0,3.124873161315918,full
T5,0.5060119032859802,noise,-0.0850830078125,8.5689697265625,116,8.6484375,8.48388671875,full,0,116/direct/base/0/order0,0.4823278486728668,full
T1,0.8391347527503967,noise,0.208984375,-5.49658203125,116,-5.57080078125,-5.28759765625,B,1,116/direct/base/0/order1,7.410696029663086,5c539bfa2d4004a5
T2,0.2505963444709778,noise,0.07373046875,-5.361328125,116,-5.2890625,-5.28759765625,B,1,116/direct/base/0/order1,0.4258078336715698,5c539bfa2d4004a5
T3,0.5623303055763245,noise,0.1484375,-5.43603515625,116,-5.4658203125,-5.28759765625,B,1,116/direct/base/0/order1,7.410696029663086,5c539bfa2d4004a5
T4,2.634331226348877,noise,0.17919921875,-5.466796875,116,-5.28759765625,-5.28759765625,B,1,116/direct/base/0/order1,2.7916789054870605,5c539bfa2d4004a5
T5,0.42380279302597046,noise,0.00927734375,-5.296875,116,-5.31103515625,-5.28759765625,B,1,116/direct/base/0/order1,0.5309465527534485,5c539bfa2d4004a5
T1,0.7991568446159363,noise,0.1826171875,-5.884765625,116,-5.97119140625,-5.7021484375,B-L1H27,1,116/direct/base/0/order1,7.442034721374512,cef37988435db144
T2,0.23899120092391968,noise,0.06396484375,-5.76611328125,116,-5.703125,-5.7021484375,B-L1H27,1,116/direct/base/0/order1,0.42695650458335876,cef37988435db144
T3,0.536932110786438,noise,0.12841796875,-5.83056640625,116,-5.873046875,-5.7021484375,B-L1H27,1,116/direct/base/0/order1,7.442034721374512,cef37988435db144
T4,2.6192355155944824,noise,0.150390625,-5.8525390625,116,-5.7021484375,-5.7021484375,B-L1H27,1,116/direct/base/0/order1,2.7858946323394775,cef37988435db144
T5,0.4725731909275055,noise,0.02001953125,-5.72216796875,116,-5.73046875,-5.7021484375,B-L1H27,1,116/direct/base/0/order1,0.579192578792572,cef37988435db144
T1,0.8290133476257324,noise,0.20703125,-5.5185546875,116,-5.59423828125,-5.3115234375,B-L11H4,1,116/direct/base/0/order1,7.413993835449219,d7b401c2eec20f08
T2,0.25200045108795166,noise,0.07275390625,-5.38427734375,116,-5.31298828125,-5.3115234375,B-L11H4,1,116/direct/base/0/order1,0.42671120166778564,d7b401c2eec20f08
T3,0.557216227054596,noise,0.14794921875,-5.45947265625,116,-5.490234375,-5.3115234375,B-L11H4,1,116/direct/base/0/order1,7.413993835449219,d7b401c2eec20f08
T4,2.6341552734375,noise,0.1689453125,-5.48046875,116,-5.3115234375,-5.3115234375,B-L11H4,1,116/direct/base/0/order1,2.7916789054870605,d7b401c2eec20f08
T5,0.42885929346084595,noise,0.0087890625,-5.3203125,116,-5.33837890625,-5.3115234375,B-L11H4,1,116/direct/base/0/order1,0.5378758907318115,d7b401c2eec20f08
T1,0.8578305840492249,noise,0.21728515625,-5.337890625,116,-5.41015625,-5.12060546875,B-L17H5,1,116/direct/base/0/order1,7.410696029663086,adae3cba245fe41c
T2,0.25055795907974243,noise,0.07421875,-5.19482421875,116,-5.121826171875,-5.12060546875,B-L17H5,1,116/direct/base/0/order1,0.4258078336715698,adae3cba245fe41c
T3,0.5794817805290222,noise,0.14892578125,-5.26953125,116,-5.30126953125,-5.12060546875,B-L17H5,1,116/direct/base/0/order1,7.410696029663086,adae3cba245fe41c
T4,2.6337833404541016,noise,0.176513671875,-5.297119140625,116,-5.12060546875,-5.12060546875,B-L17H5,1,116/direct/base/0/order1,2.7916789054870605,adae3cba245fe41c
T5,0.3963363468647003,noise,-0.008056640625,-5.112548828125,116,-5.13232421875,-5.12060546875,B-L17H5,1,116/direct/base/0/order1,0.5074517130851746,adae3cba245fe41c
T1,0.8381574749946594,noise,0.21044921875,-5.5390625,116,-5.61328125,-5.32861328125,B-L23H10,1,116/direct/base/0/order1,7.410696029663086,8324433237827f03
T2,0.2505963444709778,noise,0.068359375,-5.39697265625,116,-5.3291015625,-5.32861328125,B-L23H10,1,116/direct/base/0/order1,0.4258078336715698,8324433237827f03
T3,0.5629512071609497,noise,0.146484375,-5.47509765625,116,-5.50439453125,-5.32861328125,B-L23H10,1,116/direct/base/0/order1,7.410696029663086,8324433237827f03
T4,2.634331226348877,noise,0.1689453125,-5.49755859375,116,-5.32861328125,-5.32861328125,B-L23H10,1,116/direct/base/0/order1,2.7916789054870605,8324433237827f03
T5,0.4227047860622406,noise,0.00341796875,-5.33203125,116,-5.3505859375,-5.32861328125,B-L23H10,1,116/direct/base/0/order1,0.5309465527534485,8324433237827f03
T1,0.8382912874221802,noise,0.2099609375,-5.5556640625,116,-5.6328125,-5.345703125,B-L25H18,1,116/direct/base/0/order1,7.410696029663086,463f91d471cf8fc9
T2,0.2505963444709778,noise,0.07275390625,-5.41845703125,116,-5.34814453125,-5.345703125,B-L25H18,1,116/direct/base/0/order1,0.4258078336715698,463f91d471cf8fc9
T3,0.5629722476005554,noise,0.14794921875,-5.49365234375,116,-5.5224609375,-5.345703125,B-L25H18,1,116/direct/base/0/order1,7.410696029663086,463f91d471cf8fc9
T4,2.634331226348877,noise,0.17529296875,-5.52099609375,116,-5.345703125,-5.345703125,B-L25H18,1,116/direct/base/0/order1,2.7916789054870605,463f91d471cf8fc9
T5,0.423185795545578,noise,0.0078125,-5.353515625,116,-5.3681640625,-5.345703125,B-L25H18,1,116/direct/base/0/order1,0.5309465527534485,463f91d471cf8fc9
T1,0.9059504270553589,noise,0.23876953125,-5.2685546875,116,-5.33984375,-5.02978515625,B+L9H16,1,116/direct/base/0/order1,7.425027847290039,4f198d517137d88d
T2,0.3061455190181732,noise,0.0888671875,-5.11865234375,116,-5.03271484375,-5.02978515625,B+L9H16,1,116/direct/base/0/order1,0.44320550560951233,4f198d517137d88d
T3,0.6077216267585754,noise,0.16748046875,-5.197265625,116,-5.22314453125,-5.02978515625,B+L9H16,1,116/direct/base/0/order1,7.425027847290039,4f198d517137d88d
T4,2.6343488693237305,noise,0.19384765625,-5.2236328125,116,-5.02978515625,-5.02978515625,B+L9H16,1,116/direct/base/0/order1,2.7916789054870605,4f198d517137d88d
T5,0.5022878050804138,noise,0.00244140625,-5.0322265625,116,-5.0341796875,-5.02978515625,B+L9H16,1,116/direct/base/0/order1,0.6470517516136169,4f198d517137d88d
T1,4.27815055847168,noise,2.347900390625,1.024658203125,116,2.0714111328125,3.37255859375,full,1,116/direct/base/0/order1,7.304969310760498,full
T2,1.2188137769699097,noise,0.4091796875,2.96337890625,116,3.3720703125,3.37255859375,full,1,116/direct/base/0/order1,0.747532844543457,full
T3,2.5815389156341553,noise,1.4200439453125,1.9525146484375,116,2.65625,3.37255859375,full,1,116/direct/base/0/order1,7.304969310760498,full
T4,3.130930185317993,noise,0.78173828125,2.5908203125,116,3.37255859375,3.37255859375,full,1,116/direct/base/0/order1,3.6730568408966064,full
T5,1.9657620191574097,noise,-0.56396484375,3.9365234375,116,3.75390625,3.37255859375,full,1,116/direct/base/0/order1,1.6360841989517212,full
T1,5.767307758331299,noise,0.806640625,-4.37890625,154,-5.0390625,-3.572265625,B,0,154/direct/base/0/order0,8.482051849365234,5c539bfa2d4004a5
T2,0.6642622947692871,noise,0.056640625,-3.62890625,154,-3.57421875,-3.572265625,B,0,154/direct/base/0/order0,0.667879581451416,5c539bfa2d4004a5
T3,4.605090141296387,noise,0.62109375,-4.193359375,154,-4.671875,-3.572265625,B,0,154/direct/base/0/order0,8.482051849365234,5c539bfa2d4004a5
T4,2.195371150970459,noise,0.306640625,-3.87890625,154,-3.572265625,-3.572265625,B,0,154/direct/base/0/order0,2.95941162109375,5c539bfa2d4004a5
T5,1.0772125720977783,noise,-0.1171875,-3.455078125,154,-3.45703125,-3.572265625,B,0,154/direct/base/0/order0,1.3032749891281128,5c539bfa2d4004a5
T1,5.524101734161377,noise,0.755859375,-4.521484375,154,-5.171875,-3.765625,B-L1H27,0,154/direct/base/0/order0,8.499616622924805,cef37988435db144
T2,0.6142642498016357,noise,0.046875,-3.8125,154,-3.767578125,-3.765625,B-L1H27,0,154/direct/base/0/order0,0.6588492393493652,cef37988435db144
T3,4.446776866912842,noise,0.6015625,-4.3671875,154,-4.837890625,-3.765625,B-L1H27,0,154/direct/base/0/order0,8.499616622924805,cef37988435db144
T4,2.178513288497925,noise,0.30078125,-4.06640625,154,-3.765625,-3.765625,B-L1H27,0,154/direct/base/0/order0,2.9250457286834717,cef37988435db144
T5,0.8595551252365112,noise,-0.091796875,-3.673828125,154,-3.697265625,-3.765625,B-L1H27,0,154/direct/base/0/order0,1.1964079141616821,cef37988435db144
T1,5.793162822723389,noise,0.814453125,-4.349609375,154,-5.0078125,-3.53515625,B-L11H4,0,154/direct/base/0/order0,8.489604949951172,d7b401c2eec20f08
T2,0.6623201966285706,noise,0.0546875,-3.58984375,154,-3.537109375,-3.53515625,B-L11H4,0,154/direct/base/0/order0,0.6642120480537415,d7b401c2eec20f08
T3,4.634065628051758,noise,0.626953125,-4.162109375,154,-4.64453125,-3.53515625,B-L11H4,0,154/direct/base/0/order0,8.489604949951172,d7b401c2eec20f08
T4,2.1951096057891846,noise,0.30859375,-3.84375,154,-3.53515625,-3.53515625,B-L11H4,0,154/direct/base/0/order0,2.95941162109375,d7b401c2eec20f08
T5,1.087566614151001,noise,-0.12109375,-3.4140625,154,-3.4140625,-3.53515625,B-L11H4,0,154/direct/base/0/order0,1.3136600255966187,d7b401c2eec20f08
T1,5.737981796264648,noise,0.779296875,-4.642578125,154,-5.3125,-3.86328125,B-L17H5,0,154/direct/base/0/order0,8.482051849365234,adae3cba245fe41c
T2,0.6650968194007874,noise,0.0546875,-3.91796875,154,-3.86328125,-3.86328125,B-L17H5,0,154/direct/base/0/order0,0.667879581451416,adae3cba245fe41c
T3,4.616595268249512,noise,0.609375,-4.47265625,154,-4.9609375,-3.86328125,B-L17H5,0,154/direct/base/0/order0,8.482051849365234,adae3cba245fe41c
T4,2.195246458053589,noise,0.333984375,-4.197265625,154,-3.86328125,-3.86328125,B-L17H5,0,154/direct/base/0/order0,2.95941162109375,adae3cba245fe41c
T5,1.0524049997329712,noise,-0.1171875,-3.74609375,154,-3.75390625,-3.86328125,B-L17H5,0,154/direct/base/0/order0,1.2374696731567383,adae3cba245fe41c
T1,5.771892547607422,noise,0.83203125,-4.396484375,154,-5.033203125,-3.564453125,B-L23H10,0,154/direct/base/0/order0,8.482051849365234,8324433237827f03
T2,0.6642622947692871,noise,0.0625,-3.626953125,154,-3.5703125,-3.564453125,B-L23H10,0,154/direct/base/0/order0,0.667879581451416,8324433237827f03
T3,4.608776569366455,noise,0.63671875,-4.201171875,154,-4.669921875,-3.564453125,B-L23H10,0,154/direct/base/0/order0,8.482051849365234,8324433237827f03
T4,2.195371150970459,noise,0.31640625,-3.880859375,154,-3.564453125,-3.564453125,B-L23H10,0,154/direct/base/0/order0,2.95941162109375,8324433237827f03
T5,1.076354742050171,noise,-0.119140625,-3.4453125,154,-3.453125,-3.564453125,B-L23H10,0,154/direct/base/0/order0,1.3032749891281128,8324433237827f03
T1,5.762594699859619,noise,0.80078125,-4.392578125,154,-5.060546875,-3.591796875,B-L25H18,0,154/direct/base/0/order0,8.482051849365234,463f91d471cf8fc9
T2,0.6642622947692871,noise,0.05859375,-3.650390625,154,-3.59375,-3.591796875,B-L25H18,0,154/direct/base/0/order0,0.667879581451416,463f91d471cf8fc9
T3,4.601550102233887,noise,0.615234375,-4.20703125,154,-4.6953125,-3.591796875,B-L25H18,0,154/direct/base/0/order0,8.482051849365234,463f91d471cf8fc9
T4,2.195371150970459,noise,0.31640625,-3.908203125,154,-3.591796875,-3.591796875,B-L25H18,0,154/direct/base/0/order0,2.95941162109375,463f91d471cf8fc9
T5,1.0741463899612427,noise,-0.11328125,-3.478515625,154,-3.47265625,-3.591796875,B-L25H18,0,154/direct/base/0/order0,1.3032749891281128,463f91d471cf8fc9
T1,6.0483598709106445,noise,0.837890625,-4.275390625,154,-4.9609375,-3.4375,B+L9H16,0,154/direct/base/0/order0,8.532519340515137,4f198d517137d88d
T2,0.8743792772293091,noise,0.107421875,-3.544921875,154,-3.43359375,-3.4375,B+L9H16,0,154/direct/base/0/order0,0.7490203380584717,4f198d517137d88d
T3,4.831854820251465,noise,0.64453125,-4.08203125,154,-4.576171875,-3.4375,B+L9H16,0,154/direct/base/0/order0,8.532519340515137,4f198d517137d88d
T4,2.194899320602417,noise,0.310546875,-3.748046875,154,-3.4375,-3.4375,B+L9H16,0,154/direct/base/0/order0,2.95941162109375,4f198d517137d88d
T5,1.120524287223816,noise,-0.12109375,-3.31640625,154,-3.29296875,-3.4375,B+L9H16,0,154/direct/base/0/order0,1.2756633758544922,4f198d517137d88d
T1,8.45116138458252,noise,1.858642578125,5.371826171875,154,5.18017578125,7.23046875,full,0,154/direct/base/0/order0,7.830966949462891,full
T2,1.7640597820281982,noise,0.172119140625,7.058349609375,154,7.20703125,7.23046875,full,0,154/direct/base/0/order0,1.0151270627975464,full
T3,6.086497783660889,noise,1.270263671875,5.960205078125,154,5.90087890625,7.23046875,full,0,154/direct/base/0/order0,7.830966949462891,full
T4,2.8191444873809814,noise,0.2177734375,7.0126953125,154,7.23046875,7.23046875,full,0,154/direct/base/0/order0,3.5700466632843018,full
T5,1.2226362228393555,noise,-0.128173828125,7.358642578125,154,7.557861328125,7.23046875,full,0,154/direct/base/0/order0,1.145282506942749,full
T1,1.0381529331207275,noise,-0.01611328125,-11.9580078125,154,-12.23046875,-11.97412109375,B,1,154/direct/base/0/order1,8.872387886047363,5c539bfa2d4004a5
T2,0.19583207368850708,noise,0.03173828125,-12.005859375,154,-11.97509765625,-11.97412109375,B,1,154/direct/base/0/order1,0.47121748328208923,5c539bfa2d4004a5
T3,0.7560093998908997,noise,-0.00927734375,-11.96484375,154,-12.14453125,-11.97412109375,B,1,154/direct/base/0/order1,8.872387886047363,5c539bfa2d4004a5
T4,2.3342695236206055,noise,0.107421875,-12.08154296875,154,-11.97412109375,-11.97412109375,B,1,154/direct/base/0/order1,3.138796806335449,5c539bfa2d4004a5
T5,0.6815927028656006,noise,-0.0048828125,-11.96923828125,154,-12.0283203125,-11.97412109375,B,1,154/direct/base/0/order1,0.7894649505615234,5c539bfa2d4004a5
T1,0.9588474631309509,noise,-0.021484375,-12.31396484375,154,-12.5703125,-12.33544921875,B-L1H27,1,154/direct/base/0/order1,8.890117645263672,cef37988435db144
T2,0.1878158450126648,noise,0.025390625,-12.36083984375,154,-12.3291015625,-12.33544921875,B-L1H27,1,154/direct/base/0/order1,0.4676632881164551,cef37988435db144
T3,0.7162519097328186,noise,-0.01806640625,-12.3173828125,154,-12.49853515625,-12.33544921875,B-L1H27,1,154/direct/base/0/order1,8.890117645263672,cef37988435db144
T4,2.303640842437744,noise,0.10693359375,-12.4423828125,154,-12.33544921875,-12.33544921875,B-L1H27,1,154/direct/base/0/order1,3.108241081237793,cef37988435db144
T5,0.7160482406616211,noise,-0.01220703125,-12.3232421875,154,-12.40283203125,-12.33544921875,B-L1H27,1,154/direct/base/0/order1,0.8125121593475342,cef37988435db144
T1,1.0310450792312622,noise,-0.001953125,-11.982421875,154,-12.2470703125,-11.984375,B-L11H4,1,154/direct/base/0/order1,8.868834495544434,d7b401c2eec20f08
T2,0.19632144272327423,noise,0.03857421875,-12.02294921875,154,-11.986328125,-11.984375,B-L11H4,1,154/direct/base/0/order1,0.4717635214328766,d7b401c2eec20f08
T3,0.7504581809043884,noise,-0.0029296875,-11.9814453125,154,-12.16015625,-11.984375,B-L11H4,1,154/direct/base/0/order1,8.868834495544434,d7b401c2eec20f08
T4,2.3338980674743652,noise,0.12109375,-12.10546875,154,-11.984375,-11.984375,B-L11H4,1,154/direct/base/0/order1,3.138796806335449,d7b401c2eec20f08
T5,0.6892715692520142,noise,-0.00048828125,-11.98388671875,154,-12.044921875,-11.984375,B-L11H4,1,154/direct/base/0/order1,0.7935920357704163,d7b401c2eec20f08
T1,1.0601298809051514,noise,-0.00048828125,-11.90478515625,154,-12.171875,-11.9052734375,B-L17H5,1,154/direct/base/0/order1,8.872387886047363,adae3cba245fe41c
T2,0.1958661675453186,noise,0.03759765625,-11.94287109375,154,-11.90673828125,-11.9052734375,B-L17H5,1,154/direct/base/0/order1,0.47121748328208923,adae3cba245fe41c
T3,0.7644974589347839,noise,0.00048828125,-11.90576171875,154,-12.083984375,-11.9052734375,B-L17H5,1,154/direct/base/0/order1,8.872387886047363,adae3cba245fe41c
T4,2.3345513343811035,noise,0.12890625,-12.0341796875,154,-11.9052734375,-11.9052734375,B-L17H5,1,154/direct/base/0/order1,3.138796806335449,adae3cba245fe41c
T5,0.6302558183670044,noise,0.0029296875,-11.908203125,154,-11.9521484375,-11.9052734375,B-L17H5,1,154/direct/base/0/order1,0.7611948251724243,adae3cba245fe41c
T1,1.0369552373886108,noise,-0.01513671875,-12.26611328125,154,-12.54345703125,-12.28125,B-L23H10,1,154/direct/base/0/order1,8.872387886047363,8324433237827f03
T2,0.19583207368850708,noise,0.0361328125,-12.3173828125,154,-12.28369140625,-12.28125,B-L23H10,1,154/direct/base/0/order1,0.47121748328208923,8324433237827f03
T3,0.7540467381477356,noise,-0.00537109375,-12.27587890625,154,-12.45654296875,-12.28125,B-L23H10,1,154/direct/base/0/order1,8.872387886047363,8324433237827f03
T4,2.3342695236206055,noise,0.11865234375,-12.39990234375,154,-12.28125,-12.28125,B-L23H10,1,154/direct/base/0/order1,3.138796806335449,8324433237827f03
T5,0.6819946765899658,noise,-0.00439453125,-12.27685546875,154,-12.34228515625,-12.28125,B-L23H10,1,154/direct/base/0/order1,0.7894649505615234,8324433237827f03
T1,1.036257266998291,noise,-0.01123046875,-12.0087890625,154,-12.27880859375,-12.02001953125,B-L25H18,1,154/direct/base/0/order1,8.872387886047363,463f91d471cf8fc9
T2,0.19583207368850708,noise,0.03173828125,-12.0517578125,154,-12.0224609375,-12.02001953125,B-L25H18,1,154/direct/base/0/order1,0.47121748328208923,463f91d471cf8fc9
T3,0.7553132772445679,noise,-0.00927734375,-12.0107421875,154,-12.19873046875,-12.02001953125,B-L25H18,1,154/direct/base/0/order1,8.872387886047363,463f91d471cf8fc9
T4,2.3342695236206055,noise,0.1220703125,-12.14208984375,154,-12.02001953125,-12.02001953125,B-L25H18,1,154/direct/base/0/order1,3.138796806335449,463f91d471cf8fc9
T5,0.6802457571029663,noise,0.00146484375,-12.021484375,154,-12.0810546875,-12.02001953125,B-L25H18,1,154/direct/base/0/order1,0.7894649505615234,463f91d471cf8fc9
T1,1.166469931602478,noise,-0.00341796875,-11.47900390625,154,-11.767578125,-11.482421875,B+L9H16,1,154/direct/base/0/order1,8.875057220458984,4f198d517137d88d
T2,0.2521592974662781,noise,0.0380859375,-11.5205078125,154,-11.47705078125,-11.482421875,B+L9H16,1,154/direct/base/0/order1,0.48940908908843994,4f198d517137d88d
T3,0.8362107872962952,noise,-0.00341796875,-11.47900390625,154,-11.66455078125,-11.482421875,B+L9H16,1,154/direct/base/0/order1,8.875057220458984,4f198d517137d88d
T4,2.3341031074523926,noise,0.1357421875,-11.6181640625,154,-11.482421875,-11.482421875,B+L9H16,1,154/direct/base/0/order1,3.138796806335449,4f198d517137d88d
T5,0.6140833497047424,noise,-0.0048828125,-11.4775390625,154,-11.51171875,-11.482421875,B+L9H16,1,154/direct/base/0/order1,0.8229649662971497,4f198d517137d88d
T1,2.6347484588623047,noise,0.5577392578125,2.9293212890625,154,2.921142578125,3.487060546875,full,1,154/direct/base/0/order1,8.553568840026855,full
T2,1.1031867265701294,noise,0.2794189453125,3.2076416015625,154,3.48583984375,3.487060546875,full,1,154/direct/base/0/order1,0.7594346404075623,full
T3,1.8035790920257568,noise,0.3582763671875,3.1287841796875,154,3.1278076171875,3.487060546875,full,1,154/direct/base/0/order1,8.553568840026855,full
T4,3.0762999057769775,noise,0.2552490234375,3.2318115234375,154,3.487060546875,3.487060546875,full,1,154/direct/base/0/order1,3.905066728591919,full
T5,1.2533023357391357,noise,-0.240234375,3.727294921875,154,3.78497314453125,3.487060546875,full,1,154/direct/base/0/order1,1.0590676069259644,full
T1,3.9757258892059326,noise,2.0040283203125,2.8768310546875,178,3.42041015625,4.880859375,B,0,178/direct/base/0/order0,7.089787006378174,5c539bfa2d4004a5
T2,0.41079023480415344,noise,0.06640625,4.814453125,178,4.87841796875,4.880859375,B,0,178/direct/base/0/order0,0.5729137659072876,5c539bfa2d4004a5
T3,2.8002145290374756,noise,1.218994140625,3.661865234375,178,3.946746826171875,4.880859375,B,0,178/direct/base/0/order0,7.089787006378174,5c539bfa2d4004a5
T4,2.588390588760376,noise,0.616455078125,4.264404296875,178,4.880859375,4.880859375,B,0,178/direct/base/0/order0,2.847329616546631,5c539bfa2d4004a5
T5,0.46683743596076965,noise,-0.052734375,4.93359375,178,4.945068359375,4.880859375,B,0,178/direct/base/0/order0,0.6011167168617249,5c539bfa2d4004a5
T1,3.8616862297058105,noise,1.9827880859375,2.4222412109375,178,2.998779296875,4.405029296875,B-L1H27,0,178/direct/base/0/order0,7.061252117156982,cef37988435db144
T2,0.36719927191734314,noise,0.06982421875,4.335205078125,178,4.40283203125,4.405029296875,B-L1H27,0,178/direct/base/0/order0,0.5767228603363037,cef37988435db144
T3,2.7432374954223633,noise,1.25360107421875,3.15142822265625,178,3.492919921875,4.405029296875,B-L1H27,0,178/direct/base/0/order0,7.061252117156982,cef37988435db144
T4,2.5644354820251465,noise,0.662109375,3.742919921875,178,4.405029296875,4.405029296875,B-L1H27,0,178/direct/base/0/order0,2.8223423957824707,cef37988435db144
T5,0.44863155484199524,noise,-0.029541015625,4.4345703125,178,4.439697265625,4.405029296875,B-L1H27,0,178/direct/base/0/order0,0.5665626525878906,cef37988435db144
T1,3.9884824752807617,noise,2.00970458984375,2.89117431640625,178,3.429931640625,4.90087890625,B-L11H4,0,178/direct/base/0/order0,7.089877605438232,d7b401c2eec20f08
T2,0.40818384289741516,noise,0.06689453125,4.833984375,178,4.89453125,4.90087890625,B-L11H4,0,178/direct/base/0/order0,0.5722612738609314,d7b401c2eec20f08
T3,2.810525894165039,noise,1.222900390625,3.677978515625,178,3.9591064453125,4.90087890625,B-L11H4,0,178/direct/base/0/order0,7.089877605438232,d7b401c2eec20f08
T4,2.588536262512207,noise,0.6201171875,4.28076171875,178,4.90087890625,4.90087890625,B-L11H4,0,178/direct/base/0/order0,2.847329616546631,d7b401c2eec20f08
T5,0.47253280878067017,noise,-0.049072265625,4.949951171875,178,4.965087890625,4.90087890625,B-L11H4,0,178/direct/base/0/order0,0.6087285280227661,d7b401c2eec20f08
T1,4.055832386016846,noise,2.0263671875,3.062255859375,178,3.59033203125,5.088623046875,B-L17H5,0,178/direct/base/0/order0,7.089787006378174,adae3cba245fe41c
T2,0.40865251421928406,noise,0.0634765625,5.025146484375,178,5.088134765625,5.088623046875,B-L17H5,0,178/direct/base/0/order0,0.5729137659072876,adae3cba245fe41c
T3,2.8283462524414062,noise,1.2037353515625,3.8848876953125,178,4.14117431640625,5.088623046875,B-L17H5,0,178/direct/base/0/order0,7.089787006378174,adae3cba245fe41c
T4,2.588658094406128,noise,0.6181640625,4.470458984375,178,5.088623046875,5.088623046875,B-L17H5,0,178/direct/base/0/order0,2.847329616546631,adae3cba245fe41c
T5,0.4567245543003082,noise,-0.047119140625,5.1357421875,178,5.151611328125,5.088623046875,B-L17H5,0,178/direct/base/0/order0,0.5958094000816345,adae3cba245fe41c
T1,3.9884767532348633,noise,1.973724365234375,3.050689697265625,178,3.5537109375,5.0244140625,B-L23H10,0,178/direct/base/0/order0,7.089787006378174,8324433237827f03
T2,0.41079023480415344,noise,0.06787109375,4.95654296875,178,5.01806640625,5.0244140625,B-L23H10,0,178/direct/base/0/order0,0.5729137659072876,8324433237827f03
T3,2.8083250522613525,noise,1.185546875,3.8388671875,178,4.08294677734375,5.0244140625,B-L23H10,0,178/direct/base/0/order0,7.089787006378174,8324433237827f03
T4,2.588390588760376,noise,0.609375,4.4150390625,178,5.0244140625,5.0244140625,B-L23H10,0,178/direct/base/0/order0,2.847329616546631,8324433237827f03
T5,0.46917563676834106,noise,-0.04443359375,5.06884765625,178,5.088134765625,5.0244140625,B-L23H10,0,178/direct/base/0/order0,0.6011167168617249,8324433237827f03
T1,3.974191665649414,noise,1.99737548828125,2.93133544921875,178,3.4638671875,4.9287109375,B-L25H18,0,178/direct/base/0/order0,7.089787006378174,463f91d471cf8fc9
T2,0.41079023480415344,noise,0.066650390625,4.862060546875,178,4.924072265625,4.9287109375,B-L25H18,0,178/direct/base/0/order0,0.5729137659072876,463f91d471cf8fc9
T3,2.797539234161377,noise,1.2078857421875,3.7208251953125,178,3.9925537109375,4.9287109375,B-L25H18,0,178/direct/base/0/order0,7.089787006378174,463f91d471cf8fc9
T4,2.588390588760376,noise,0.630126953125,4.298583984375,178,4.9287109375,4.9287109375,B-L25H18,0,178/direct/base/0/order0,2.847329616546631,463f91d471cf8fc9
T5,0.46608033776283264,noise,-0.0498046875,4.978515625,178,4.99609375,4.9287109375,B-L25H18,0,178/direct/base/0/order0,0.6011167168617249,463f91d471cf8fc9
T1,4.382512092590332,noise,1.993896484375,4.003662109375,178,4.38671875,5.99755859375,B+L9H16,0,178/direct/base/0/order0,7.095952987670898,4f198d517137d88d
T2,0.6428599953651428,noise,0.09521484375,5.90234375,178,5.990234375,5.99755859375,B+L9H16,0,178/direct/base/0/order0,0.6542556881904602,4f198d517137d88d
T3,3.0056185722351074,noise,1.072265625,4.92529296875,178,5.001190185546875,5.99755859375,B+L9H16,0,178/direct/base/0/order0,7.095952987670898,4f198d517137d88d
T4,2.5888006687164307,noise,0.54248046875,5.455078125,178,5.99755859375,5.99755859375,B+L9H16,0,178/direct/base/0/order0,2.847329616546631,4f198d517137d88d
T5,0.6234322190284729,noise,-0.06982421875,6.0673828125,178,6.12646484375,5.99755859375,B+L9H16,0,178/direct/base/0/order0,0.7934634685516357,4f198d517137d88d
T1,5.992276668548584,noise,5.181419372558594,2.85546875,178,5.7236328125,8.036888122558594,full,0,178/direct/base/0/order0,8.036242485046387,full
T2,1.1776877641677856,noise,0.14653778076171875,7.890350341796875,178,8.034187316894531,8.036888122558594,full,0,178/direct/base/0/order0,0.6715734004974365,full
T3,3.5631611347198486,noise,1.9284896850585938,6.1083984375,178,6.829345703125,8.036888122558594,full,0,178/direct/base/0/order0,8.036242485046387,full
T4,2.8421669006347656,noise,0.5083999633789062,7.5284881591796875,178,8.036888122558594,8.036888122558594,full,0,178/direct/base/0/order0,3.219505786895752,full
T5,1.100335955619812,noise,-0.12526702880859375,8.162155151367188,178,8.426513671875,8.036888122558594,full,0,178/direct/base/0/order0,1.0291295051574707,full
T1,0.6298913359642029,noise,0.096923828125,-7.39697265625,178,-7.5380859375,-7.300048828125,B,1,178/direct/base/0/order1,7.5295562744140625,5c539bfa2d4004a5
T2,0.1453157663345337,noise,0.0009765625,-7.301025390625,178,-7.301513671875,-7.300048828125,B,1,178/direct/base/0/order1,0.44264301657676697,5c539bfa2d4004a5
T3,0.454232394695282,noise,0.074462890625,-7.37451171875,178,-7.453125,-7.300048828125,B,1,178/direct/base/0/order1,7.5295562744140625,5c539bfa2d4004a5
T4,2.718895673751831,noise,0.23876953125,-7.538818359375,178,-7.300048828125,-7.300048828125,B,1,178/direct/base/0/order1,2.9904685020446777,5c539bfa2d4004a5
T5,0.5749396681785583,noise,0.02587890625,-7.325927734375,178,-7.31982421875,-7.300048828125,B,1,178/direct/base/0/order1,0.8102902770042419,5c539bfa2d4004a5
T1,0.561659574508667,noise,0.07177734375,-7.886962890625,178,-8.0234375,-7.815185546875,B-L1H27,1,178/direct/base/0/order1,7.541253566741943,cef37988435db144
T2,0.1336183249950409,noise,0.0,-7.815185546875,178,-7.81396484375,-7.815185546875,B-L1H27,1,178/direct/base/0/order1,0.43745723366737366,cef37988435db144
T3,0.4101477563381195,noise,0.054443359375,-7.86962890625,178,-7.9521484375,-7.815185546875,B-L1H27,1,178/direct/base/0/order1,7.541253566741943,cef37988435db144
T4,2.7088658809661865,noise,0.19775390625,-8.012939453125,178,-7.815185546875,-7.815185546875,B-L1H27,1,178/direct/base/0/order1,2.9646506309509277,cef37988435db144
T5,0.6372389793395996,noise,0.02490234375,-7.840087890625,178,-7.84765625,-7.815185546875,B-L1H27,1,178/direct/base/0/order1,0.9025376439094543,cef37988435db144
T1,0.6299406886100769,noise,0.0966796875,-7.397705078125,178,-7.53662109375,-7.301025390625,B-L11H4,1,178/direct/base/0/order1,7.526795864105225,d7b401c2eec20f08
T2,0.144680917263031,noise,0.00146484375,-7.302490234375,178,-7.3017578125,-7.301025390625,B-L11H4,1,178/direct/base/0/order1,0.4429939389228821,d7b401c2eec20f08
T3,0.45215728878974915,noise,0.07080078125,-7.371826171875,178,-7.45556640625,-7.301025390625,B-L11H4,1,178/direct/base/0/order1,7.526795864105225,d7b401c2eec20f08
T4,2.7192656993865967,noise,0.227294921875,-7.5283203125,178,-7.301025390625,-7.301025390625,B-L11H4,1,178/direct/base/0/order1,2.9904685020446777,d7b401c2eec20f08
T5,0.5728625655174255,noise,0.021728515625,-7.32275390625,178,-7.3212890625,-7.301025390625,B-L11H4,1,178/direct/base/0/order1,0.8111237287521362,d7b401c2eec20f08
T1,0.5916136503219604,noise,0.08642578125,-7.591064453125,178,-7.724609375,-7.504638671875,B-L17H5,1,178/direct/base/0/order1,7.5295562744140625,adae3cba245fe41c
T2,0.14526821672916412,noise,-0.001708984375,-7.5029296875,178,-7.501953125,-7.504638671875,B-L17H5,1,178/direct/base/0/order1,0.44264301657676697,adae3cba245fe41c
T3,0.42595234513282776,noise,0.060302734375,-7.56494140625,178,-7.64892578125,-7.504638671875,B-L17H5,1,178/direct/base/0/order1,7.5295562744140625,adae3cba245fe41c
T4,2.7193009853363037,noise,0.22119140625,-7.725830078125,178,-7.504638671875,-7.504638671875,B-L17H5,1,178/direct/base/0/order1,2.9904685020446777,adae3cba245fe41c
T5,0.6072114706039429,noise,0.017578125,-7.522216796875,178,-7.523193359375,-7.504638671875,B-L17H5,1,178/direct/base/0/order1,0.8677005171775818,adae3cba245fe41c
T1,0.6295858025550842,noise,0.0966796875,-7.399169921875,178,-7.5380859375,-7.302490234375,B-L23H10,1,178/direct/base/0/order1,7.5295562744140625,8324433237827f03
T2,0.1453157663345337,noise,0.001220703125,-7.3037109375,178,-7.303466796875,-7.302490234375,B-L23H10,1,178/direct/base/0/order1,0.44264301657676697,8324433237827f03
T3,0.45349207520484924,noise,0.0693359375,-7.371826171875,178,-7.45703125,-7.302490234375,B-L23H10,1,178/direct/base/0/order1,7.5295562744140625,8324433237827f03
T4,2.718895673751831,noise,0.2373046875,-7.539794921875,178,-7.302490234375,-7.302490234375,B-L23H10,1,178/direct/base/0/order1,2.9904685020446777,8324433237827f03
T5,0.5748717784881592,noise,0.026123046875,-7.32861328125,178,-7.323974609375,-7.302490234375,B-L23H10,1,178/direct/base/0/order1,0.8102902770042419,8324433237827f03
T1,0.6299756765365601,noise,0.099609375,-7.49560546875,178,-7.63427734375,-7.39599609375,B-L25H18,1,178/direct/base/0/order1,7.5295562744140625,463f91d471cf8fc9
T2,0.1453157663345337,noise,-0.00341796875,-7.392578125,178,-7.3974609375,-7.39599609375,B-L25H18,1,178/direct/base/0/order1,0.44264301657676697,463f91d471cf8fc9
T3,0.4538549482822418,noise,0.0732421875,-7.46923828125,178,-7.546875,-7.39599609375,B-L25H18,1,178/direct/base/0/order1,7.5295562744140625,463f91d471cf8fc9
T4,2.718895673751831,noise,0.2373046875,-7.63330078125,178,-7.39599609375,-7.39599609375,B-L25H18,1,178/direct/base/0/order1,2.9904685020446777,463f91d471cf8fc9
T5,0.5727470517158508,noise,0.02490234375,-7.4208984375,178,-7.41796875,-7.39599609375,B-L25H18,1,178/direct/base/0/order1,0.8102902770042419,463f91d471cf8fc9
T1,0.7299936413764954,noise,0.146484375,-6.494140625,178,-6.620849609375,-6.34765625,B+L9H16,1,178/direct/base/0/order1,7.497062683105469,4f198d517137d88d
T2,0.21135367453098297,noise,0.038330078125,-6.385986328125,178,-6.35009765625,-6.34765625,B+L9H16,1,178/direct/base/0/order1,0.48257094621658325,4f198d517137d88d
T3,0.5196660161018372,noise,0.10498046875,-6.45263671875,178,-6.52490234375,-6.34765625,B+L9H16,1,178/direct/base/0/order1,7.497062683105469,4f198d517137d88d
T4,2.719287395477295,noise,0.294189453125,-6.641845703125,178,-6.34765625,-6.34765625,B+L9H16,1,178/direct/base/0/order1,2.9904685020446777,4f198d517137d88d
T5,0.4091450273990631,noise,0.009521484375,-6.357177734375,178,-6.3505859375,-6.34765625,B+L9H16,1,178/direct/base/0/order1,0.5822688937187195,4f198d517137d88d
T1,3.068629741668701,noise,2.209686279296875,2.111114501953125,178,3.1640777587890625,4.32080078125,full,1,178/direct/base/0/order1,8.42894172668457,full
T2,0.4961000084877014,noise,0.11474609375,4.2060546875,178,4.31787109375,4.32080078125,full,1,178/direct/base/0/order1,0.657620906829834,full
T3,1.7460623979568481,noise,1.052978515625,3.267822265625,178,3.744384765625,4.32080078125,full,1,178/direct/base/0/order1,8.42894172668457,full
T4,3.0321390628814697,noise,0.4404296875,3.88037109375,178,4.32080078125,4.32080078125,full,1,178/direct/base/0/order1,3.4390885829925537,full
T5,1.3793284893035889,noise,-0.34375,4.66455078125,178,4.7529296875,4.32080078125,full,1,178/direct/base/0/order1,1.2184914350509644,full
T1,3.6966452598571777,noise,1.4305419921875,3.0947265625,196,3.571044921875,4.5252685546875,B,0,196/direct/base/0/order0,7.45334005355835,5c539bfa2d4004a5
T2,0.37849006056785583,noise,0.031982421875,4.4932861328125,196,4.5185546875,4.5252685546875,B,0,196/direct/base/0/order0,0.5646089315414429,5c539bfa2d4004a5
T3,2.579061508178711,noise,0.9281005859375,3.59716796875,196,3.948974609375,4.5252685546875,B,0,196/direct/base/0/order0,7.45334005355835,5c539bfa2d4004a5
T4,2.9282069206237793,noise,0.5882568359375,3.93701171875,196,4.5252685546875,4.5252685546875,B,0,196/direct/base/0/order0,3.2413196563720703,5c539bfa2d4004a5
T5,0.3441808819770813,noise,-0.0078125,4.5330810546875,196,4.5152587890625,4.5252685546875,B,0,196/direct/base/0/order0,0.36765921115875244,5c539bfa2d4004a5
T1,3.7427139282226562,noise,1.44708251953125,2.92431640625,196,3.406982421875,4.37139892578125,B-L1H27,0,196/direct/base/0/order0,7.469086647033691,cef37988435db144
T2,0.371318519115448,noise,0.03802490234375,4.3333740234375,196,4.36767578125,4.37139892578125,B-L1H27,0,196/direct/base/0/order0,0.5589403510093689,cef37988435db144
T3,2.612015962600708,noise,0.94219970703125,3.42919921875,196,3.79248046875,4.37139892578125,B-L1H27,0,196/direct/base/0/order0,7.469086647033691,cef37988435db144
T4,2.96453857421875,noise,0.63470458984375,3.7366943359375,196,4.37139892578125,4.37139892578125,B-L1H27,0,196/direct/base/0/order0,3.3256287574768066,cef37988435db144
T5,0.3827522397041321,noise,-0.0042724609375,4.37567138671875,196,4.35687255859375,4.37139892578125,B-L1H27,0,196/direct/base/0/order0,0.3991786241531372,cef37988435db144
T1,3.7033121585845947,noise,1.43511962890625,3.11181640625,196,3.59326171875,4.54693603515625,B-L11H4,0,196/direct/base/0/order0,7.456786155700684,d7b401c2eec20f08
T2,0.3796835243701935,noise,0.03082275390625,4.51611328125,196,4.5435791015625,4.54693603515625,B-L11H4,0,196/direct/base/0/order0,0.5627656579017639,d7b401c2eec20f08
T3,2.5806407928466797,noise,0.92730712890625,3.61962890625,196,3.9739990234375,4.54693603515625,B-L11H4,0,196/direct/base/0/order0,7.456786155700684,d7b401c2eec20f08
T4,2.928356409072876,noise,0.58502197265625,3.9619140625,196,4.54693603515625,4.54693603515625,B-L11H4,0,196/direct/base/0/order0,3.2413196563720703,d7b401c2eec20f08
T5,0.34016239643096924,noise,-0.012451171875,4.55938720703125,196,4.5406494140625,4.54693603515625,B-L11H4,0,196/direct/base/0/order0,0.36453455686569214,d7b401c2eec20f08
T1,3.6586802005767822,noise,1.4375,2.79638671875,196,3.287109375,4.23388671875,B-L17H5,0,196/direct/base/0/order0,7.45334005355835,adae3cba245fe41c
T2,0.3788611888885498,noise,0.0302734375,4.20361328125,196,4.22705078125,4.23388671875,B-L17H5,0,196/direct/base/0/order0,0.5646089315414429,adae3cba245fe41c
T3,2.566309690475464,noise,0.9482421875,3.28564453125,196,3.65576171875,4.23388671875,B-L17H5,0,196/direct/base/0/order0,7.45334005355835,adae3cba245fe41c
T4,2.928459882736206,noise,0.609130859375,3.624755859375,196,4.23388671875,4.23388671875,B-L17H5,0,196/direct/base/0/order0,3.2413196563720703,adae3cba245fe41c
T5,0.30683207511901855,noise,-0.003173828125,4.237060546875,196,4.22265625,4.23388671875,B-L17H5,0,196/direct/base/0/order0,0.3368525505065918,adae3cba245fe41c
T1,3.6998510360717773,noise,1.4234619140625,3.1865234375,196,3.6552734375,4.6099853515625,B-L23H10,0,196/direct/base/0/order0,7.45334005355835,8324433237827f03
T2,0.37849006056785583,noise,0.0335693359375,4.576416015625,196,4.603759765625,4.6099853515625,B-L23H10,0,196/direct/base/0/order0,0.5646089315414429,8324433237827f03
T3,2.5799400806427,noise,0.9146728515625,3.6953125,196,4.0347900390625,4.6099853515625,B-L23H10,0,196/direct/base/0/order0,7.45334005355835,8324433237827f03
T4,2.9282069206237793,noise,0.5892333984375,4.020751953125,196,4.6099853515625,4.6099853515625,B-L23H10,0,196/direct/base/0/order0,3.2413196563720703,8324433237827f03
T5,0.3442639708518982,noise,-0.00732421875,4.6173095703125,196,4.6004638671875,4.6099853515625,B-L23H10,0,196/direct/base/0/order0,0.36765921115875244,8324433237827f03
T1,3.702680826187134,noise,1.416259765625,3.07177734375,196,3.543212890625,4.488037109375,B-L25H18,0,196/direct/base/0/order0,7.45334005355835,463f91d471cf8fc9
T2,0.37849006056785583,noise,0.030517578125,4.45751953125,196,4.4847412109375,4.488037109375,B-L25H18,0,196/direct/base/0/order0,0.5646089315414429,463f91d471cf8fc9
T3,2.5817787647247314,noise,0.909912109375,3.578125,196,3.9189453125,4.488037109375,B-L25H18,0,196/direct/base/0/order0,7.45334005355835,463f91d471cf8fc9
T4,2.9282069206237793,noise,0.5830078125,3.905029296875,196,4.488037109375,4.488037109375,B-L25H18,0,196/direct/base/0/order0,3.2413196563720703,463f91d471cf8fc9
T5,0.34545421600341797,noise,-0.011962890625,4.5,196,4.480224609375,4.488037109375,B-L25H18,0,196/direct/base/0/order0,0.36765921115875244,463f91d471cf8fc9
T1,4.050338268280029,noise,1.470703125,4.29345703125,196,4.7393035888671875,5.76416015625,B+L9H16,0,196/direct/base/0/order0,7.318624019622803,4f198d517137d88d
T2,0.5309361815452576,noise,0.072021484375,5.692138671875,196,5.7548828125,5.76416015625,B+L9H16,0,196/direct/base/0/order0,0.568763256072998,4f198d517137d88d
T3,2.7012529373168945,noise,0.86578369140625,4.89837646484375,196,5.1796875,5.76416015625,B+L9H16,0,196/direct/base/0/order0,7.318624019622803,4f198d517137d88d
T4,2.9290974140167236,noise,0.5328369140625,5.2313232421875,196,5.76416015625,5.76416015625,B+L9H16,0,196/direct/base/0/order0,3.2413196563720703,4f198d517137d88d
T5,0.3477725386619568,noise,-0.033203125,5.79736328125,196,5.777099609375,5.76416015625,B+L9H16,0,196/direct/base/0/order0,0.3439297080039978,4f198d517137d88d
T1,5.693295478820801,noise,2.154296875,5.068359375,196,5.8212890625,7.22265625,full,0,196/direct/base/0/order0,7.434181213378906,full
T2,0.7047737836837769,noise,0.0849609375,7.1376953125,196,7.2177734375,7.22265625,full,0,196/direct/base/0/order0,0.7042044997215271,full
T3,3.787274122238159,noise,0.9951171875,6.2275390625,196,6.458984375,7.22265625,full,0,196/direct/base/0/order0,7.434181213378906,full
T4,2.6482787132263184,noise,0.4365234375,6.7861328125,196,7.22265625,7.22265625,full,0,196/direct/base/0/order0,3.144528865814209,full
T5,0.6624817848205566,noise,-0.080078125,7.302734375,196,7.388671875,7.22265625,full,0,196/direct/base/0/order0,0.7740524411201477,full
T1,0.6358730792999268,noise,0.1767578125,-4.11328125,196,-4.0986328125,-3.9365234375,B,1,196/direct/base/0/order1,7.523908615112305,5c539bfa2d4004a5
T2,0.10300004482269287,noise,0.0302734375,-3.966796875,196,-3.93896484375,-3.9365234375,B,1,196/direct/base/0/order1,0.35009902715682983,5c539bfa2d4004a5
T3,0.455084890127182,noise,0.1279296875,-4.064453125,196,-4.03662109375,-3.9365234375,B,1,196/direct/base/0/order1,7.523908615112305,5c539bfa2d4004a5
T4,3.069425344467163,noise,0.21923828125,-4.15576171875,196,-3.9365234375,-3.9365234375,B,1,196/direct/base/0/order1,3.377551317214966,5c539bfa2d4004a5
T5,0.19713863730430603,noise,-0.01025390625,-3.92626953125,196,-3.925048828125,-3.9365234375,B,1,196/direct/base/0/order1,0.277295857667923,5c539bfa2d4004a5
T1,0.5880792737007141,noise,0.138671875,-4.5107421875,196,-4.521484375,-4.3720703125,B-L1H27,1,196/direct/base/0/order1,7.573733806610107,cef37988435db144
T2,0.10133752971887589,noise,0.021484375,-4.3935546875,196,-4.37353515625,-4.3720703125,B-L1H27,1,196/direct/base/0/order1,0.35013076663017273,cef37988435db144
T3,0.4199223220348358,noise,0.10009765625,-4.47216796875,196,-4.4658203125,-4.3720703125,B-L1H27,1,196/direct/base/0/order1,7.573733806610107,cef37988435db144
T4,3.097294569015503,noise,0.203125,-4.5751953125,196,-4.3720703125,-4.3720703125,B-L1H27,1,196/direct/base/0/order1,3.4513309001922607,cef37988435db144
T5,0.22845244407653809,noise,-0.00634765625,-4.36572265625,196,-4.3671875,-4.3720703125,B-L1H27,1,196/direct/base/0/order1,0.3167110085487366,cef37988435db144
T1,0.6381061673164368,noise,0.17724609375,-4.09521484375,196,-4.08154296875,-3.91796875,B-L11H4,1,196/direct/base/0/order1,7.533186912536621,d7b401c2eec20f08
T2,0.10374078899621964,noise,0.02880859375,-3.94677734375,196,-3.9189453125,-3.91796875,B-L11H4,1,196/direct/base/0/order1,0.35089603066444397,d7b401c2eec20f08
T3,0.4543168544769287,noise,0.13037109375,-4.04833984375,196,-4.0185546875,-3.91796875,B-L11H4,1,196/direct/base/0/order1,7.533186912536621,d7b401c2eec20f08
T4,3.0693185329437256,noise,0.21826171875,-4.13623046875,196,-3.91796875,-3.91796875,B-L11H4,1,196/direct/base/0/order1,3.377551317214966,d7b401c2eec20f08
T5,0.20191694796085358,noise,-0.011962890625,-3.906005859375,196,-3.906982421875,-3.91796875,B-L11H4,1,196/direct/base/0/order1,0.2861345112323761,d7b401c2eec20f08
T1,0.6467299461364746,noise,0.19091796875,-4.084716796875,196,-4.05859375,-3.893798828125,B-L17H5,1,196/direct/base/0/order1,7.523908615112305,adae3cba245fe41c
T2,0.10362482815980911,noise,0.0283203125,-3.922119140625,196,-3.89501953125,-3.893798828125,B-L17H5,1,196/direct/base/0/order1,0.35009902715682983,adae3cba245fe41c
T3,0.45614317059516907,noise,0.13720703125,-4.031005859375,196,-3.9951171875,-3.893798828125,B-L17H5,1,196/direct/base/0/order1,7.523908615112305,adae3cba245fe41c
T4,3.0698399543762207,noise,0.22509765625,-4.118896484375,196,-3.893798828125,-3.893798828125,B-L17H5,1,196/direct/base/0/order1,3.377551317214966,adae3cba245fe41c
T5,0.17257776856422424,noise,-0.0107421875,-3.883056640625,196,-3.878662109375,-3.893798828125,B-L17H5,1,196/direct/base/0/order1,0.24111373722553253,adae3cba245fe41c
T1,0.6359503865242004,noise,0.180908203125,-4.169921875,196,-4.15283203125,-3.989013671875,B-L23H10,1,196/direct/base/0/order1,7.523908615112305,8324433237827f03
T2,0.10300004482269287,noise,0.031494140625,-4.0205078125,196,-3.991455078125,-3.989013671875,B-L23H10,1,196/direct/base/0/order1,0.35009902715682983,8324433237827f03
T3,0.45335710048675537,noise,0.135986328125,-4.125,196,-4.09033203125,-3.989013671875,B-L23H10,1,196/direct/base/0/order1,7.523908615112305,8324433237827f03
T4,3.069425344467163,noise,0.223388671875,-4.21240234375,196,-3.989013671875,-3.989013671875,B-L23H10,1,196/direct/base/0/order1,3.377551317214966,8324433237827f03
T5,0.1975749433040619,noise,-0.007080078125,-3.98193359375,196,-3.978759765625,-3.989013671875,B-L23H10,1,196/direct/base/0/order1,0.277295857667923,8324433237827f03
T1,0.6379514336585999,noise,0.172607421875,-4.236083984375,196,-4.22509765625,-4.0634765625,B-L25H18,1,196/direct/base/0/order1,7.523908615112305,463f91d471cf8fc9
T2,0.10300004482269287,noise,0.031494140625,-4.094970703125,196,-4.065185546875,-4.0634765625,B-L25H18,1,196/direct/base/0/order1,0.35009902715682983,463f91d471cf8fc9
T3,0.45422935485839844,noise,0.12451171875,-4.18798828125,196,-4.16259765625,-4.0634765625,B-L25H18,1,196/direct/base/0/order1,7.523908615112305,463f91d471cf8fc9
T4,3.069425344467163,noise,0.225830078125,-4.289306640625,196,-4.0634765625,-4.0634765625,B-L25H18,1,196/direct/base/0/order1,3.377551317214966,463f91d471cf8fc9
T5,0.19808106124401093,noise,-0.008056640625,-4.055419921875,196,-4.053466796875,-4.0634765625,B-L25H18,1,196/direct/base/0/order1,0.277295857667923,463f91d471cf8fc9
T1,0.7725924253463745,noise,0.252685546875,-3.297607421875,196,-3.232666015625,-3.044921875,B+L9H16,1,196/direct/base/0/order1,7.415035247802734,4f198d517137d88d
T2,0.1523044854402542,noise,0.038330078125,-3.083251953125,196,-3.0491943359375,-3.044921875,B+L9H16,1,196/direct/base/0/order1,0.3840319812297821,4f198d517137d88d
T3,0.5713281631469727,noise,0.190185546875,-3.235107421875,196,-3.165771484375,-3.044921875,B+L9H16,1,196/direct/base/0/order1,7.415035247802734,4f198d517137d88d
T4,3.0696120262145996,noise,0.289794921875,-3.334716796875,196,-3.044921875,-3.044921875,B+L9H16,1,196/direct/base/0/order1,3.377551317214966,4f198d517137d88d
T5,0.20600920915603638,noise,-0.0064697265625,-3.0384521484375,196,-3.017578125,-3.044921875,B+L9H16,1,196/direct/base/0/order1,0.25838202238082886,4f198d517137d88d
T1,1.5571255683898926,noise,0.4228515625,5.0712890625,196,5.1103515625,5.494140625,full,1,196/direct/base/0/order1,7.49241828918457,full
T2,0.39894863963127136,noise,0.1240234375,5.3701171875,196,5.4951171875,5.494140625,full,1,196/direct/base/0/order1,0.412094384431839,full
T3,1.0681544542312622,noise,0.2578125,5.236328125,196,5.2666015625,5.494140625,full,1,196/direct/base/0/order1,7.49241828918457,full
T4,3.0504727363586426,noise,0.3857421875,5.1083984375,196,5.494140625,5.494140625,full,1,196/direct/base/0/order1,3.6211447715759277,full
T5,0.6327717304229736,noise,-0.0830078125,5.5771484375,196,5.609375,5.494140625,full,1,196/direct/base/0/order1,0.7154871225357056,full
T1,5.436856269836426,noise,0.19384765625,14.52392578125,32,13.354248046875,14.7177734375,B,0,032/direct/base/0/order0,7.70543909072876,5c539bfa2d4004a5
T2,0.3931094706058502,noise,0.0380859375,14.6796875,32,14.70361328125,14.7177734375,B,0,032/direct/base/0/order0,0.6372616291046143,5c539bfa2d4004a5
T3,4.09672212600708,noise,0.15625,14.5615234375,32,13.7867431640625,14.7177734375,B,0,032/direct/base/0/order0,7.70543909072876,5c539bfa2d4004a5
T4,2.3406474590301514,noise,0.23486328125,14.48291015625,32,14.7177734375,14.7177734375,B,0,032/direct/base/0/order0,3.247919797897339,5c539bfa2d4004a5
T5,0.22178669273853302,noise,0.00634765625,14.71142578125,32,14.73681640625,14.7177734375,B,0,032/direct/base/0/order0,0.29609960317611694,5c539bfa2d4004a5
T1,5.439375877380371,noise,0.19287109375,14.53369140625,32,13.360107421875,14.7265625,B-L1H27,0,032/direct/base/0/order0,7.7105793952941895,cef37988435db144
T2,0.384935587644577,noise,0.0302734375,14.6962890625,32,14.71923828125,14.7265625,B-L1H27,0,032/direct/base/0/order0,0.6361214518547058,cef37988435db144
T3,4.093042850494385,noise,0.1572265625,14.5693359375,32,13.7886962890625,14.7265625,B-L1H27,0,032/direct/base/0/order0,7.7105793952941895,cef37988435db144
T4,2.3354475498199463,noise,0.2275390625,14.4990234375,32,14.7265625,14.7265625,B-L1H27,0,032/direct/base/0/order0,3.2153046131134033,cef37988435db144
T5,0.22449944913387299,noise,0.00390625,14.72265625,32,14.75927734375,14.7265625,B-L1H27,0,032/direct/base/0/order0,0.2653246521949768,cef37988435db144
T1,5.451015472412109,noise,0.1875,14.5234375,32,13.346923828125,14.7109375,B-L11H4,0,032/direct/base/0/order0,7.704812049865723,d7b401c2eec20f08
T2,0.3890150785446167,noise,0.03564453125,14.67529296875,32,14.69921875,14.7109375,B-L11H4,0,032/direct/base/0/order0,0.6350173950195312,d7b401c2eec20f08
T3,4.106387138366699,noise,0.15185546875,14.55908203125,32,13.775146484375,14.7109375,B-L11H4,0,032/direct/base/0/order0,7.704812049865723,d7b401c2eec20f08
T4,2.341409921646118,noise,0.23193359375,14.47900390625,32,14.7109375,14.7109375,B-L11H4,0,032/direct/base/0/order0,3.247919797897339,d7b401c2eec20f08
T5,0.2241881638765335,noise,0.00341796875,14.70751953125,32,14.73193359375,14.7109375,B-L11H4,0,032/direct/base/0/order0,0.29815760254859924,d7b401c2eec20f08
T1,5.33634090423584,noise,0.1923828125,14.50048828125,32,13.35986328125,14.69287109375,B-L17H5,0,032/direct/base/0/order0,7.70543909072876,adae3cba245fe41c
T2,0.3947702944278717,noise,0.0361328125,14.65673828125,32,14.68017578125,14.69287109375,B-L17H5,0,032/direct/base/0/order0,0.6372616291046143,adae3cba245fe41c
T3,4.046227931976318,noise,0.15625,14.53662109375,32,13.76580810546875,14.69287109375,B-L17H5,0,032/direct/base/0/order0,7.70543909072876,adae3cba245fe41c
T4,2.3409838676452637,noise,0.236328125,14.45654296875,32,14.69287109375,14.69287109375,B-L17H5,0,032/direct/base/0/order0,3.247919797897339,adae3cba245fe41c
T5,0.16029216349124908,noise,-0.0009765625,14.69384765625,32,14.697265625,14.69287109375,B-L17H5,0,032/direct/base/0/order0,0.25057539343833923,adae3cba245fe41c
T1,5.436885833740234,noise,0.20703125,14.7470703125,32,13.595703125,14.9541015625,B-L23H10,0,032/direct/base/0/order0,7.70543909072876,8324433237827f03
T2,0.3931094706058502,noise,0.02978515625,14.92431640625,32,14.95068359375,14.9541015625,B-L23H10,0,032/direct/base/0/order0,0.6372616291046143,8324433237827f03
T3,4.093877792358398,noise,0.16064453125,14.79345703125,32,14.02581787109375,14.9541015625,B-L23H10,0,032/direct/base/0/order0,7.70543909072876,8324433237827f03
T4,2.3406474590301514,noise,0.21044921875,14.74365234375,32,14.9541015625,14.9541015625,B-L23H10,0,032/direct/base/0/order0,3.247919797897339,8324433237827f03
T5,0.2198849320411682,noise,-0.005859375,14.9599609375,32,14.97314453125,14.9541015625,B-L23H10,0,032/direct/base/0/order0,0.29609960317611694,8324433237827f03
T1,5.4358086585998535,noise,0.1806640625,14.556640625,32,13.3724365234375,14.7373046875,B-L25H18,0,032/direct/base/0/order0,7.70543909072876,463f91d471cf8fc9
T2,0.3931094706058502,noise,0.02734375,14.7099609375,32,14.724609375,14.7373046875,B-L25H18,0,032/direct/base/0/order0,0.6372616291046143,463f91d471cf8fc9
T3,4.096169471740723,noise,0.150390625,14.5869140625,32,13.7998046875,14.7373046875,B-L25H18,0,032/direct/base/0/order0,7.70543909072876,463f91d471cf8fc9
T4,2.3406474590301514,noise,0.228515625,14.5087890625,32,14.7373046875,14.7373046875,B-L25H18,0,032/direct/base/0/order0,3.247919797897339,463f91d471cf8fc9
T5,0.2202124148607254,noise,0.0048828125,14.732421875,32,14.75439453125,14.7373046875,B-L25H18,0,032/direct/base/0/order0,0.29609960317611694,463f91d471cf8fc9
T1,5.365231513977051,noise,0.17578125,14.56005859375,32,13.3994140625,14.73583984375,B+L9H16,0,032/direct/base/0/order0,7.704328536987305,4f198d517137d88d
T2,0.4759497344493866,noise,0.03125,14.70458984375,32,14.72216796875,14.73583984375,B+L9H16,0,032/direct/base/0/order0,0.7016342878341675,4f198d517137d88d
T3,3.9421019554138184,noise,0.12939453125,14.6064453125,32,13.84149169921875,14.73583984375,B+L9H16,0,032/direct/base/0/order0,7.704328536987305,4f198d517137d88d
T4,2.3403894901275635,noise,0.2119140625,14.52392578125,32,14.73583984375,14.73583984375,B+L9H16,0,032/direct/base/0/order0,3.247919797897339,4f198d517137d88d
T5,0.2848812937736511,noise,0.0048828125,14.73095703125,32,14.75390625,14.73583984375,B+L9H16,0,032/direct/base/0/order0,0.39065465331077576,4f198d517137d88d
T1,8.127523422241211,noise,0.375030517578125,10.178466796875,32,8.3232421875,10.553497314453125,full,0,032/direct/base/0/order0,8.804828643798828,full
T2,0.7538713216781616,noise,0.081268310546875,10.47222900390625,32,10.542236328125,10.553497314453125,full,0,032/direct/base/0/order0,0.6473376750946045,full
T3,6.190611839294434,noise,0.044952392578125,10.508544921875,32,9.029296875,10.553497314453125,full,0,032/direct/base/0/order0,8.804828643798828,full
T4,2.3369908332824707,noise,0.56085205078125,9.992645263671875,32,10.553497314453125,10.553497314453125,full,0,032/direct/base/0/order0,3.0963637828826904,full
T5,1.4848874807357788,noise,0.015838623046875,10.53765869140625,32,11.021240234375,10.553497314453125,full,0,032/direct/base/0/order0,1.588129997253418,full
T1,0.8786620497703552,noise,0.13671875,5.88671875,32,5.79296875,6.0234375,B,1,032/direct/base/0/order1,8.058603286743164,5c539bfa2d4004a5
T2,0.09617211669683456,noise,0.00390625,6.01953125,32,6.015625,6.0234375,B,1,032/direct/base/0/order1,0.4471181631088257,5c539bfa2d4004a5
T3,0.6094326376914978,noise,0.09765625,5.92578125,32,5.875,6.0234375,B,1,032/direct/base/0/order1,8.058603286743164,5c539bfa2d4004a5
T4,2.3903968334198,noise,0.078125,5.9453125,32,6.0234375,6.0234375,B,1,032/direct/base/0/order1,3.286867380142212,5c539bfa2d4004a5
T5,0.24984686076641083,noise,0.01953125,6.00390625,32,5.9921875,6.0234375,B,1,032/direct/base/0/order1,0.2896725833415985,5c539bfa2d4004a5
T1,0.792870283126831,noise,0.11328125,5.53515625,32,5.44140625,5.6484375,B-L1H27,1,032/direct/base/0/order1,8.070216178894043,cef37988435db144
T2,0.09210561215877533,noise,0.00390625,5.64453125,32,5.6484375,5.6484375,B-L1H27,1,032/direct/base/0/order1,0.462700217962265,cef37988435db144
T3,0.5565266609191895,noise,0.08984375,5.55859375,32,5.515625,5.6484375,B-L1H27,1,032/direct/base/0/order1,8.070216178894043,cef37988435db144
T4,2.3809726238250732,noise,0.07421875,5.57421875,32,5.6484375,5.6484375,B-L1H27,1,032/direct/base/0/order1,3.252448081970215,cef37988435db144
T5,0.2811523675918579,noise,0.01953125,5.62890625,32,5.60546875,5.6484375,B-L1H27,1,032/direct/base/0/order1,0.314494788646698,cef37988435db144
T1,0.8822970390319824,noise,0.12890625,5.8828125,32,5.7890625,6.01171875,B-L11H4,1,032/direct/base/0/order1,8.064960479736328,d7b401c2eec20f08
T2,0.09616877883672714,noise,0.0078125,6.00390625,32,6.01171875,6.01171875,B-L11H4,1,032/direct/base/0/order1,0.44618353247642517,d7b401c2eec20f08
T3,0.6109750270843506,noise,0.09375,5.91796875,32,5.87109375,6.01171875,B-L11H4,1,032/direct/base/0/order1,8.064960479736328,d7b401c2eec20f08
T4,2.390908718109131,noise,0.07421875,5.9375,32,6.01171875,6.01171875,B-L11H4,1,032/direct/base/0/order1,3.286867380142212,d7b401c2eec20f08
T5,0.2484218180179596,noise,0.0078125,6.00390625,32,5.984375,6.01171875,B-L11H4,1,032/direct/base/0/order1,0.28751763701438904,d7b401c2eec20f08
T1,0.9005489349365234,noise,0.1328125,6.16015625,32,6.0625,6.29296875,B-L17H5,1,032/direct/base/0/order1,8.058603286743164,adae3cba245fe41c
T2,0.09740030765533447,noise,0.00390625,6.2890625,32,6.29296875,6.29296875,B-L17H5,1,032/direct/base/0/order1,0.4471181631088257,adae3cba245fe41c
T3,0.6320985555648804,noise,0.1015625,6.19140625,32,6.140625,6.29296875,B-L17H5,1,032/direct/base/0/order1,8.058603286743164,adae3cba245fe41c
T4,2.3901309967041016,noise,0.07421875,6.21875,32,6.29296875,6.29296875,B-L17H5,1,032/direct/base/0/order1,3.286867380142212,adae3cba245fe41c
T5,0.20910832285881042,noise,0.0078125,6.28515625,32,6.28515625,6.29296875,B-L17H5,1,032/direct/base/0/order1,0.25734350085258484,adae3cba245fe41c
T1,0.878247082233429,noise,0.12890625,5.9453125,32,5.8515625,6.07421875,B-L23H10,1,032/direct/base/0/order1,8.058603286743164,8324433237827f03
T2,0.09617211669683456,noise,0.0,6.07421875,32,6.07421875,6.07421875,B-L23H10,1,032/direct/base/0/order1,0.4471181631088257,8324433237827f03
T3,0.6085631847381592,noise,0.08984375,5.984375,32,5.93359375,6.07421875,B-L23H10,1,032/direct/base/0/order1,8.058603286743164,8324433237827f03
T4,2.3903968334198,noise,0.07421875,6.0,32,6.07421875,6.07421875,B-L23H10,1,032/direct/base/0/order1,3.286867380142212,8324433237827f03
T5,0.2504488527774811,noise,0.0078125,6.06640625,32,6.05078125,6.07421875,B-L23H10,1,032/direct/base/0/order1,0.2896725833415985,8324433237827f03
T1,0.8805188536643982,noise,0.12890625,5.98828125,32,5.8828125,6.1171875,B-L25H18,1,032/direct/base/0/order1,8.058603286743164,463f91d471cf8fc9
T2,0.09617211669683456,noise,0.01171875,6.10546875,32,6.109375,6.1171875,B-L25H18,1,032/direct/base/0/order1,0.4471181631088257,463f91d471cf8fc9
T3,0.6096622943878174,noise,0.09765625,6.01953125,32,5.96484375,6.1171875,B-L25H18,1,032/direct/base/0/order1,8.058603286743164,463f91d471cf8fc9
T4,2.3903968334198,noise,0.078125,6.0390625,32,6.1171875,6.1171875,B-L25H18,1,032/direct/base/0/order1,3.286867380142212,463f91d471cf8fc9
T5,0.2505630552768707,noise,0.01953125,6.09765625,32,6.08984375,6.1171875,B-L25H18,1,032/direct/base/0/order1,0.2896725833415985,463f91d471cf8fc9
T1,1.070164442062378,noise,0.1640625,6.837890625,32,6.724609375,7.001953125,B+L9H16,1,032/direct/base/0/order1,8.057106971740723,4f198d517137d88d
T2,0.14238494634628296,noise,0.015625,6.986328125,32,7.001953125,7.001953125,B+L9H16,1,032/direct/base/0/order1,0.48518243432044983,4f198d517137d88d
T3,0.740879476070404,noise,0.119140625,6.8828125,32,6.826171875,7.001953125,B+L9H16,1,032/direct/base/0/order1,8.057106971740723,4f198d517137d88d
T4,2.390707492828369,noise,0.095703125,6.90625,32,7.001953125,7.001953125,B+L9H16,1,032/direct/base/0/order1,3.286867380142212,4f198d517137d88d
T5,0.16886471211910248,noise,-0.013671875,7.015625,32,7.017578125,7.001953125,B+L9H16,1,032/direct/base/0/order1,0.21142353117465973,4f198d517137d88d
T1,4.699763774871826,noise,0.06884765625,4.625732421875,32,3.39990234375,4.694580078125,full,1,032/direct/base/0/order1,8.790950775146484,full
T2,0.6348743438720703,noise,0.140625,4.553955078125,32,4.68603515625,4.694580078125,full,1,032/direct/base/0/order1,0.47495928406715393,full
T3,2.815976142883301,noise,-0.001953125,4.696533203125,32,3.99853515625,4.694580078125,full,1,032/direct/base/0/order1,8.790950775146484,full
T4,2.4358675479888916,noise,0.284912109375,4.40966796875,32,4.694580078125,4.694580078125,full,1,032/direct/base/0/order1,3.2233591079711914,full
T5,2.014993667602539,noise,0.02392578125,4.670654296875,32,5.3115234375,4.694580078125,full,1,032/direct/base/0/order1,2.2195072174072266,full
T1,3.233787775039673,noise,1.470458984375,3.537109375,64,3.936767578125,5.007568359375,B,0,064/direct/base/0/order0,7.038575172424316,5c539bfa2d4004a5
T2,0.40238437056541443,noise,0.12744140625,4.880126953125,64,5.00341796875,5.007568359375,B,0,064/direct/base/0/order0,0.5549641847610474,5c539bfa2d4004a5
T3,2.279301881790161,noise,1.0538330078125,3.9537353515625,64,4.303466796875,5.007568359375,B,0,064/direct/base/0/order0,7.038575172424316,5c539bfa2d4004a5
T4,2.3592474460601807,noise,0.200927734375,4.806640625,64,5.007568359375,5.007568359375,B,0,064/direct/base/0/order0,2.8409430980682373,5c539bfa2d4004a5
T5,0.46033525466918945,noise,-0.067138671875,5.07470703125,64,5.0379638671875,5.007568359375,B,0,064/direct/base/0/order0,0.5213601589202881,5c539bfa2d4004a5
T1,3.263144016265869,noise,1.51953125,3.3662109375,64,3.784912109375,4.8857421875,B-L1H27,0,064/direct/base/0/order0,7.061751842498779,cef37988435db144
T2,0.42069634795188904,noise,0.13037109375,4.75537109375,64,4.88037109375,4.8857421875,B-L1H27,0,064/direct/base/0/order0,0.5549112558364868,cef37988435db144
T3,2.294875383377075,noise,1.08441162109375,3.80133056640625,64,4.1678466796875,4.8857421875,B-L1H27,0,064/direct/base/0/order0,7.061751842498779,cef37988435db144
T4,2.3642468452453613,noise,0.1773681640625,4.7083740234375,64,4.8857421875,4.8857421875,B-L1H27,0,064/direct/base/0/order0,2.842604637145996,cef37988435db144
T5,0.40408387780189514,noise,-0.066162109375,4.951904296875,64,4.91357421875,4.8857421875,B-L1H27,0,064/direct/base/0/order0,0.45782458782196045,cef37988435db144
T1,3.223343849182129,noise,1.4697265625,3.509521484375,64,3.912353515625,4.979248046875,B-L11H4,0,064/direct/base/0/order0,7.04255485534668,d7b401c2eec20f08
T2,0.3999071419239044,noise,0.11962890625,4.859619140625,64,4.97314453125,4.979248046875,B-L11H4,0,064/direct/base/0/order0,0.5526564717292786,d7b401c2eec20f08
T3,2.2752623558044434,noise,1.05499267578125,3.92425537109375,64,4.273681640625,4.979248046875,B-L11H4,0,064/direct/base/0/order0,7.04255485534668,d7b401c2eec20f08
T4,2.3592689037323,noise,0.205078125,4.774169921875,64,4.979248046875,4.979248046875,B-L11H4,0,064/direct/base/0/order0,2.8409430980682373,d7b401c2eec20f08
T5,0.4567427635192871,noise,-0.07080078125,5.050048828125,64,5.009521484375,4.979248046875,B-L11H4,0,064/direct/base/0/order0,0.5206078290939331,d7b401c2eec20f08
T1,3.215433359146118,noise,1.475341796875,3.405517578125,64,3.81591796875,4.880859375,B-L17H5,0,064/direct/base/0/order0,7.038575172424316,adae3cba245fe41c
T2,0.4012361168861389,noise,0.1368408203125,4.7440185546875,64,4.8760986328125,4.880859375,B-L17H5,0,064/direct/base/0/order0,0.5549641847610474,adae3cba245fe41c
T3,2.2768049240112305,noise,1.068115234375,3.812744140625,64,4.17529296875,4.880859375,B-L17H5,0,064/direct/base/0/order0,7.038575172424316,adae3cba245fe41c
T4,2.359112024307251,noise,0.2293701171875,4.6514892578125,64,4.880859375,4.880859375,B-L17H5,0,064/direct/base/0/order0,2.8409430980682373,adae3cba245fe41c
T5,0.42742738127708435,noise,-0.0631103515625,4.9439697265625,64,4.9027099609375,4.880859375,B-L17H5,0,064/direct/base/0/order0,0.49842050671577454,adae3cba245fe41c
T1,3.231544017791748,noise,1.45654296875,3.58349609375,64,3.96826171875,5.0400390625,B-L23H10,0,064/direct/base/0/order0,7.038575172424316,8324433237827f03
T2,0.40238437056541443,noise,0.128173828125,4.911865234375,64,5.03564453125,5.0400390625,B-L23H10,0,064/direct/base/0/order0,0.5549641847610474,8324433237827f03
T3,2.278339147567749,noise,1.04266357421875,3.99737548828125,64,4.332763671875,5.0400390625,B-L23H10,0,064/direct/base/0/order0,7.038575172424316,8324433237827f03
T4,2.3592474460601807,noise,0.2032470703125,4.8367919921875,64,5.0400390625,5.0400390625,B-L23H10,0,064/direct/base/0/order0,2.8409430980682373,8324433237827f03
T5,0.46085119247436523,noise,-0.064453125,5.1044921875,64,5.07177734375,5.0400390625,B-L23H10,0,064/direct/base/0/order0,0.5213601589202881,8324433237827f03
T1,3.2321550846099854,noise,1.4405517578125,3.5943603515625,64,3.9580078125,5.034912109375,B-L25H18,0,064/direct/base/0/order0,7.038575172424316,463f91d471cf8fc9
T2,0.40238437056541443,noise,0.126220703125,4.90869140625,64,5.02978515625,5.034912109375,B-L25H18,0,064/direct/base/0/order0,0.5549641847610474,463f91d471cf8fc9
T3,2.2797114849090576,noise,1.02752685546875,4.00738525390625,64,4.322265625,5.034912109375,B-L25H18,0,064/direct/base/0/order0,7.038575172424316,463f91d471cf8fc9
T4,2.3592474460601807,noise,0.193603515625,4.84130859375,64,5.034912109375,5.034912109375,B-L25H18,0,064/direct/base/0/order0,2.8409430980682373,463f91d471cf8fc9
T5,0.4625440835952759,noise,-0.065185546875,5.10009765625,64,5.064208984375,5.034912109375,B-L25H18,0,064/direct/base/0/order0,0.5213601589202881,463f91d471cf8fc9
T1,3.3417022228240967,noise,1.4854736328125,4.0552978515625,64,4.438232421875,5.540771484375,B+L9H16,0,064/direct/base/0/order0,7.076001167297363,4f198d517137d88d
T2,0.5016698241233826,noise,0.143798828125,5.39697265625,64,5.533935546875,5.540771484375,B+L9H16,0,064/direct/base/0/order0,0.5905022025108337,4f198d517137d88d
T3,2.3190414905548096,noise,1.030731201171875,4.510040283203125,64,4.8251953125,5.540771484375,B+L9H16,0,064/direct/base/0/order0,7.076001167297363,4f198d517137d88d
T4,2.359219789505005,noise,0.176513671875,5.3642578125,64,5.540771484375,5.540771484375,B+L9H16,0,064/direct/base/0/order0,2.8409430980682373,4f198d517137d88d
T5,0.43389657139778137,noise,-0.05712890625,5.597900390625,64,5.5703125,5.540771484375,B+L9H16,0,064/direct/base/0/order0,0.5062987208366394,4f198d517137d88d
T1,4.601137638092041,noise,2.6611328125,3.23828125,64,4.236328125,5.8994140625,full,0,064/direct/base/0/order0,7.033207893371582,full
T2,1.1902010440826416,noise,0.23779296875,5.66162109375,64,5.892333984375,5.8994140625,full,0,064/direct/base/0/order0,1.0559855699539185,full
T3,2.630319833755493,noise,1.31494140625,4.58447265625,64,5.046875,5.8994140625,full,0,064/direct/base/0/order0,7.033207893371582,full
T4,2.579674482345581,noise,0.27392578125,5.62548828125,64,5.8994140625,5.8994140625,full,0,064/direct/base/0/order0,3.192751407623291,full
T5,0.9338747262954712,noise,-0.139892578125,6.039306640625,64,6.12255859375,5.8994140625,full,0,064/direct/base/0/order0,0.9829150438308716,full
T1,0.6411570310592651,noise,0.1083984375,-5.8515625,64,-5.95458984375,-5.7431640625,B,1,064/direct/base/0/order1,7.0950846672058105,5c539bfa2d4004a5
T2,0.15358899533748627,noise,0.03369140625,-5.77685546875,64,-5.7451171875,-5.7431640625,B,1,064/direct/base/0/order1,0.4654424786567688,5c539bfa2d4004a5
T3,0.45975008606910706,noise,0.08154296875,-5.82470703125,64,-5.87939453125,-5.7431640625,B,1,064/direct/base/0/order1,7.0950846672058105,5c539bfa2d4004a5
T4,2.535266876220703,noise,0.09765625,-5.8408203125,64,-5.7431640625,-5.7431640625,B,1,064/direct/base/0/order1,3.058382272720337,5c539bfa2d4004a5
T5,0.4946037530899048,noise,0.0,-5.7431640625,64,-5.791015625,-5.7431640625,B,1,064/direct/base/0/order1,0.5692446231842041,5c539bfa2d4004a5
T1,0.5770784020423889,noise,0.08642578125,-6.3359375,64,-6.439453125,-6.24951171875,B-L1H27,1,064/direct/base/0/order1,7.159859657287598,cef37988435db144
T2,0.14001765847206116,noise,0.02587890625,-6.275390625,64,-6.25146484375,-6.24951171875,B-L1H27,1,064/direct/base/0/order1,0.4390161633491516,cef37988435db144
T3,0.41809478402137756,noise,0.06005859375,-6.3095703125,64,-6.37451171875,-6.24951171875,B-L1H27,1,064/direct/base/0/order1,7.159859657287598,cef37988435db144
T4,2.5180234909057617,noise,0.08251953125,-6.33203125,64,-6.24951171875,-6.24951171875,B-L1H27,1,064/direct/base/0/order1,3.016277313232422,cef37988435db144
T5,0.3897101879119873,noise,-0.0009765625,-6.24853515625,64,-6.2939453125,-6.24951171875,B-L1H27,1,064/direct/base/0/order1,0.4420224130153656,cef37988435db144
T1,0.6370607018470764,noise,0.11083984375,-5.8603515625,64,-5.95458984375,-5.74951171875,B-L11H4,1,064/direct/base/0/order1,7.098480701446533,d7b401c2eec20f08
T2,0.15153418481349945,noise,0.03125,-5.78076171875,64,-5.74853515625,-5.74951171875,B-L11H4,1,064/direct/base/0/order1,0.4645113945007324,d7b401c2eec20f08
T3,0.45741501450538635,noise,0.0810546875,-5.83056640625,64,-5.8828125,-5.74951171875,B-L11H4,1,064/direct/base/0/order1,7.098480701446533,d7b401c2eec20f08
T4,2.536088466644287,noise,0.09765625,-5.84716796875,64,-5.74951171875,-5.74951171875,B-L11H4,1,064/direct/base/0/order1,3.058382272720337,d7b401c2eec20f08
T5,0.493354856967926,noise,0.00244140625,-5.751953125,64,-5.79345703125,-5.74951171875,B-L11H4,1,064/direct/base/0/order1,0.5691476464271545,d7b401c2eec20f08
T1,0.6463710069656372,noise,0.11083984375,-5.82421875,64,-5.92138671875,-5.71337890625,B-L17H5,1,064/direct/base/0/order1,7.0950846672058105,adae3cba245fe41c
T2,0.15425477921962738,noise,0.0234375,-5.73681640625,64,-5.7119140625,-5.71337890625,B-L17H5,1,064/direct/base/0/order1,0.4654424786567688,adae3cba245fe41c
T3,0.4592380225658417,noise,0.08251953125,-5.7958984375,64,-5.8466796875,-5.71337890625,B-L17H5,1,064/direct/base/0/order1,7.0950846672058105,adae3cba245fe41c
T4,2.535439968109131,noise,0.09521484375,-5.80859375,64,-5.71337890625,-5.71337890625,B-L17H5,1,064/direct/base/0/order1,3.058382272720337,adae3cba245fe41c
T5,0.46684029698371887,noise,-0.0048828125,-5.70849609375,64,-5.7509765625,-5.71337890625,B-L17H5,1,064/direct/base/0/order1,0.5461987853050232,adae3cba245fe41c
T1,0.6408652663230896,noise,0.1142578125,-5.77001953125,64,-5.8662109375,-5.65576171875,B-L23H10,1,064/direct/base/0/order1,7.0950846672058105,8324433237827f03
T2,0.15358899533748627,noise,0.02978515625,-5.685546875,64,-5.65576171875,-5.65576171875,B-L23H10,1,064/direct/base/0/order1,0.4654424786567688,8324433237827f03
T3,0.45987626910209656,noise,0.08544921875,-5.7412109375,64,-5.7900390625,-5.65576171875,B-L23H10,1,064/direct/base/0/order1,7.0950846672058105,8324433237827f03
T4,2.535266876220703,noise,0.09326171875,-5.7490234375,64,-5.65576171875,-5.65576171875,B-L23H10,1,064/direct/base/0/order1,3.058382272720337,8324433237827f03
T5,0.4936343729496002,noise,-0.001953125,-5.65380859375,64,-5.7021484375,-5.65576171875,B-L23H10,1,064/direct/base/0/order1,0.5692446231842041,8324433237827f03
T1,0.6400735974311829,noise,0.11767578125,-5.85888671875,64,-5.95068359375,-5.7412109375,B-L25H18,1,064/direct/base/0/order1,7.0950846672058105,463f91d471cf8fc9
T2,0.15358899533748627,noise,0.02978515625,-5.77099609375,64,-5.74365234375,-5.7412109375,B-L25H18,1,064/direct/base/0/order1,0.4654424786567688,463f91d471cf8fc9
T3,0.45982587337493896,noise,0.087890625,-5.8291015625,64,-5.8759765625,-5.7412109375,B-L25H18,1,064/direct/base/0/order1,7.0950846672058105,463f91d471cf8fc9
T4,2.535266876220703,noise,0.0947265625,-5.8359375,64,-5.7412109375,-5.7412109375,B-L25H18,1,064/direct/base/0/order1,3.058382272720337,463f91d471cf8fc9
T5,0.4940299391746521,noise,0.00439453125,-5.74560546875,64,-5.7890625,-5.7412109375,B-L25H18,1,064/direct/base/0/order1,0.5692446231842041,463f91d471cf8fc9
T1,0.7112413644790649,noise,0.14453125,-5.187744140625,64,-5.27099609375,-5.043212890625,B+L9H16,1,064/direct/base/0/order1,7.126560688018799,4f198d517137d88d
T2,0.19558078050613403,noise,0.0498046875,-5.093017578125,64,-5.042236328125,-5.043212890625,B+L9H16,1,064/direct/base/0/order1,0.4763045012950897,4f198d517137d88d
T3,0.49956172704696655,noise,0.106689453125,-5.14990234375,64,-5.19091796875,-5.043212890625,B+L9H16,1,064/direct/base/0/order1,7.126560688018799,4f198d517137d88d
T4,2.5359718799591064,noise,0.112060546875,-5.1552734375,64,-5.043212890625,-5.043212890625,B+L9H16,1,064/direct/base/0/order1,3.058382272720337,4f198d517137d88d
T5,0.3703281879425049,noise,-0.00341796875,-5.039794921875,64,-5.0712890625,-5.043212890625,B+L9H16,1,064/direct/base/0/order1,0.4304172694683075,4f198d517137d88d
T1,1.6864663362503052,noise,0.761962890625,1.340576171875,64,1.484375,2.1025390625,full,1,064/direct/base/0/order1,7.455267429351807,full
T2,0.8189520835876465,noise,0.217041015625,1.885498046875,64,2.109619140625,2.1025390625,full,1,064/direct/base/0/order1,0.9240483641624451,full
T3,1.0414950847625732,noise,0.468505859375,1.634033203125,64,1.76171875,2.1025390625,full,1,064/direct/base/0/order1,7.455267429351807,full
T4,2.8470139503479004,noise,0.36962890625,1.73291015625,64,2.1025390625,2.1025390625,full,1,064/direct/base/0/order1,3.5108301639556885,full
T5,0.4327738583087921,noise,-0.1534423828125,2.2559814453125,64,2.211669921875,2.1025390625,full,1,064/direct/base/0/order1,0.4337766468524933,full
T1,2.7821946144104004,noise,1.00634765625,3.13623046875,98,3.634765625,4.142578125,B,0,098/direct/base/0/order0,6.461557865142822,5c539bfa2d4004a5
T2,0.3078005313873291,noise,0.001953125,4.140625,98,4.1435546875,4.142578125,B,0,098/direct/base/0/order0,0.45231130719184875,5c539bfa2d4004a5
T3,1.9982144832611084,noise,0.71533203125,3.42724609375,98,3.81640625,4.142578125,B,0,098/direct/base/0/order0,6.461557865142822,5c539bfa2d4004a5
T4,2.0045175552368164,noise,0.3779296875,3.7646484375,98,4.142578125,4.142578125,B,0,098/direct/base/0/order0,2.725426197052002,5c539bfa2d4004a5
T5,0.919377863407135,noise,-0.1240234375,4.2666015625,98,4.1875,4.142578125,B,0,098/direct/base/0/order0,1.1886835098266602,5c539bfa2d4004a5
T1,2.7354044914245605,noise,0.9599609375,2.81640625,98,3.2802734375,3.7763671875,B-L1H27,0,098/direct/base/0/order0,6.486799716949463,cef37988435db144
T2,0.2978390157222748,noise,-0.0068359375,3.783203125,98,3.7763671875,3.7763671875,B-L1H27,0,098/direct/base/0/order0,0.42815470695495605,cef37988435db144
T3,1.9793423414230347,noise,0.6943359375,3.08203125,98,3.4541015625,3.7763671875,B-L1H27,0,098/direct/base/0/order0,6.486799716949463,cef37988435db144
T4,1.9574460983276367,noise,0.369140625,3.4072265625,98,3.7763671875,3.7763671875,B-L1H27,0,098/direct/base/0/order0,2.6020264625549316,cef37988435db144
T5,0.868975043296814,noise,-0.10546875,3.8818359375,98,3.8173828125,3.7763671875,B-L1H27,0,098/direct/base/0/order0,1.122578501701355,cef37988435db144
T1,2.775172233581543,noise,1.0048828125,3.115234375,98,3.6123046875,4.1201171875,B-L11H4,0,098/direct/base/0/order0,6.458282470703125,d7b401c2eec20f08
T2,0.30077865719795227,noise,0.001953125,4.1181640625,98,4.1201171875,4.1201171875,B-L11H4,0,098/direct/base/0/order0,0.4482545852661133,d7b401c2eec20f08
T3,1.994758129119873,noise,0.71630859375,3.40380859375,98,3.7939453125,4.1201171875,B-L11H4,0,098/direct/base/0/order0,6.458282470703125,d7b401c2eec20f08
T4,2.0042474269866943,noise,0.3740234375,3.74609375,98,4.1201171875,4.1201171875,B-L11H4,0,098/direct/base/0/order0,2.725426197052002,d7b401c2eec20f08
T5,0.9149475693702698,noise,-0.119140625,4.2392578125,98,4.1640625,4.1201171875,B-L11H4,0,098/direct/base/0/order0,1.183386206626892,d7b401c2eec20f08
T1,2.758455991744995,noise,1.01708984375,3.41064453125,98,3.919921875,4.427734375,B-L17H5,0,098/direct/base/0/order0,6.461557865142822,adae3cba245fe41c
T2,0.30736133456230164,noise,0.001953125,4.42578125,98,4.4267578125,4.427734375,B-L17H5,0,098/direct/base/0/order0,0.45231130719184875,adae3cba245fe41c
T3,1.969292163848877,noise,0.712890625,3.71484375,98,4.103515625,4.427734375,B-L17H5,0,098/direct/base/0/order0,6.461557865142822,adae3cba245fe41c
T4,2.00431227684021,noise,0.3828125,4.044921875,98,4.427734375,4.427734375,B-L17H5,0,098/direct/base/0/order0,2.725426197052002,adae3cba245fe41c
T5,0.8980684876441956,noise,-0.1162109375,4.5439453125,98,4.4697265625,4.427734375,B-L17H5,0,098/direct/base/0/order0,1.1608861684799194,adae3cba245fe41c
T1,2.783090829849243,noise,0.998046875,3.1142578125,98,3.6005859375,4.1123046875,B-L23H10,0,098/direct/base/0/order0,6.461557865142822,8324433237827f03
T2,0.3078005313873291,noise,0.00390625,4.1083984375,98,4.111328125,4.1123046875,B-L23H10,0,098/direct/base/0/order0,0.45231130719184875,8324433237827f03
T3,1.9990487098693848,noise,0.7119140625,3.400390625,98,3.7841796875,4.1123046875,B-L23H10,0,098/direct/base/0/order0,6.461557865142822,8324433237827f03
T4,2.0045175552368164,noise,0.3828125,3.7294921875,98,4.1123046875,4.1123046875,B-L23H10,0,098/direct/base/0/order0,2.725426197052002,8324433237827f03
T5,0.9209678769111633,noise,-0.125,4.2373046875,98,4.15625,4.1123046875,B-L23H10,0,098/direct/base/0/order0,1.1886835098266602,8324433237827f03
T1,2.779384136199951,noise,1.00244140625,3.12939453125,98,3.6181640625,4.1318359375,B-L25H18,0,098/direct/base/0/order0,6.461557865142822,463f91d471cf8fc9
T2,0.3078005313873291,noise,0.0048828125,4.126953125,98,4.1318359375,4.1318359375,B-L25H18,0,098/direct/base/0/order0,0.45231130719184875,463f91d471cf8fc9
T3,1.9974615573883057,noise,0.7158203125,3.416015625,98,3.8017578125,4.1318359375,B-L25H18,0,098/direct/base/0/order0,6.461557865142822,463f91d471cf8fc9
T4,2.0045175552368164,noise,0.3798828125,3.751953125,98,4.1318359375,4.1318359375,B-L25H18,0,098/direct/base/0/order0,2.725426197052002,463f91d471cf8fc9
T5,0.919359028339386,noise,-0.1201171875,4.251953125,98,4.17578125,4.1318359375,B-L25H18,0,098/direct/base/0/order0,1.1886835098266602,463f91d471cf8fc9
T1,2.889758586883545,noise,1.0087890625,3.142578125,98,3.626953125,4.1513671875,B+L9H16,0,098/direct/base/0/order0,6.451303005218506,4f198d517137d88d
T2,0.33229729533195496,noise,0.0009765625,4.150390625,98,4.1494140625,4.1513671875,B+L9H16,0,098/direct/base/0/order0,0.4760935604572296,4f198d517137d88d
T3,2.053398609161377,noise,0.7177734375,3.43359375,98,3.8193359375,4.1513671875,B+L9H16,0,098/direct/base/0/order0,6.451303005218506,4f198d517137d88d
T4,2.004767656326294,noise,0.3818359375,3.76953125,98,4.1513671875,4.1513671875,B+L9H16,0,098/direct/base/0/order0,2.725426197052002,4f198d517137d88d
T5,1.1373517513275146,noise,-0.1591796875,4.310546875,98,4.205078125,4.1513671875,B+L9H16,0,098/direct/base/0/order0,1.452316164970398,4f198d517137d88d
T1,3.8616294860839844,noise,1.7069091796875,2.803466796875,98,3.8165283203125,4.5103759765625,full,0,098/direct/base/0/order0,7.04926872253418,full
T2,0.7487128376960754,noise,0.205902099609375,4.304473876953125,98,4.50836181640625,4.5103759765625,full,0,098/direct/base/0/order0,0.9866167306900024,full
T3,2.760472297668457,noise,1.259033203125,3.2513427734375,98,4.0736236572265625,4.5103759765625,full,0,098/direct/base/0/order0,7.04926872253418,full
T4,2.3844521045684814,noise,0.70892333984375,3.80145263671875,98,4.5103759765625,4.5103759765625,full,0,098/direct/base/0/order0,3.568880796432495,full
T5,1.2076210975646973,noise,-0.3406982421875,4.85107421875,98,4.6552734375,4.5103759765625,full,0,098/direct/base/0/order0,1.3893887996673584,full
T1,0.35774362087249756,noise,0.05859375,-2.44580078125,98,-2.4482421875,-2.38720703125,B,1,098/direct/base/0/order1,6.358819007873535,5c539bfa2d4004a5
T2,0.07757996767759323,noise,0.01611328125,-2.4033203125,98,-2.387451171875,-2.38720703125,B,1,098/direct/base/0/order1,0.3174331486225128,5c539bfa2d4004a5
T3,0.2762632369995117,noise,0.04248046875,-2.4296875,98,-2.42822265625,-2.38720703125,B,1,098/direct/base/0/order1,6.358819007873535,5c539bfa2d4004a5
T4,2.0696520805358887,noise,0.05029296875,-2.4375,98,-2.38720703125,-2.38720703125,B,1,098/direct/base/0/order1,2.7153658866882324,5c539bfa2d4004a5
T5,0.21091286838054657,noise,-0.002197265625,-2.385009765625,98,-2.385009765625,-2.38720703125,B,1,098/direct/base/0/order1,0.2667350172996521,5c539bfa2d4004a5
T1,0.38578662276268005,noise,0.05908203125,-2.180908203125,98,-2.1884765625,-2.121826171875,B-L1H27,1,098/direct/base/0/order1,6.708189487457275,cef37988435db144
T2,0.07779422402381897,noise,0.015869140625,-2.1376953125,98,-2.120849609375,-2.121826171875,B-L1H27,1,098/direct/base/0/order1,0.29071927070617676,cef37988435db144
T3,0.29730987548828125,noise,0.046875,-2.168701171875,98,-2.1669921875,-2.121826171875,B-L1H27,1,098/direct/base/0/order1,6.708189487457275,cef37988435db144
T4,2.060755968093872,noise,0.051025390625,-2.1728515625,98,-2.121826171875,-2.121826171875,B-L1H27,1,098/direct/base/0/order1,2.698617935180664,cef37988435db144
T5,0.23471227288246155,noise,-0.00390625,-2.117919921875,98,-2.117431640625,-2.121826171875,B-L1H27,1,098/direct/base/0/order1,0.2919327914714813,cef37988435db144
T1,0.3585844337940216,noise,0.05859375,-2.451904296875,98,-2.4560546875,-2.393310546875,B-L11H4,1,098/direct/base/0/order1,6.353338718414307,d7b401c2eec20f08
T2,0.07964480668306351,noise,0.01220703125,-2.405517578125,98,-2.3935546875,-2.393310546875,B-L11H4,1,098/direct/base/0/order1,0.31605106592178345,d7b401c2eec20f08
T3,0.27893391251564026,noise,0.045654296875,-2.43896484375,98,-2.4345703125,-2.393310546875,B-L11H4,1,098/direct/base/0/order1,6.353338718414307,d7b401c2eec20f08
T4,2.069674491882324,noise,0.04833984375,-2.441650390625,98,-2.393310546875,-2.393310546875,B-L11H4,1,098/direct/base/0/order1,2.7153658866882324,d7b401c2eec20f08
T5,0.21136370301246643,noise,-0.0029296875,-2.390380859375,98,-2.38916015625,-2.393310546875,B-L11H4,1,098/direct/base/0/order1,0.26799529790878296,d7b401c2eec20f08
T1,0.345019668340683,noise,0.0595703125,-2.40625,98,-2.40576171875,-2.3466796875,B-L17H5,1,098/direct/base/0/order1,6.358819007873535,adae3cba245fe41c
T2,0.07926610857248306,noise,0.01806640625,-2.36474609375,98,-2.346923828125,-2.3466796875,B-L17H5,1,098/direct/base/0/order1,0.3174331486225128,adae3cba245fe41c
T3,0.2662198841571808,noise,0.046875,-2.3935546875,98,-2.385009765625,-2.3466796875,B-L17H5,1,098/direct/base/0/order1,6.358819007873535,adae3cba245fe41c
T4,2.0698142051696777,noise,0.046630859375,-2.393310546875,98,-2.3466796875,-2.3466796875,B-L17H5,1,098/direct/base/0/order1,2.7153658866882324,adae3cba245fe41c
T5,0.1952454298734665,noise,-0.00146484375,-2.34521484375,98,-2.343017578125,-2.3466796875,B-L17H5,1,098/direct/base/0/order1,0.2501532733440399,adae3cba245fe41c
T1,0.3576664328575134,noise,0.055908203125,-2.49755859375,98,-2.501953125,-2.441650390625,B-L23H10,1,098/direct/base/0/order1,6.358819007873535,8324433237827f03
T2,0.07757996767759323,noise,0.01318359375,-2.454833984375,98,-2.4423828125,-2.441650390625,B-L23H10,1,098/direct/base/0/order1,0.3174331486225128,8324433237827f03
T3,0.27690961956977844,noise,0.041748046875,-2.4833984375,98,-2.48046875,-2.441650390625,B-L23H10,1,098/direct/base/0/order1,6.358819007873535,8324433237827f03
T4,2.0696520805358887,noise,0.047607421875,-2.4892578125,98,-2.441650390625,-2.441650390625,B-L23H10,1,098/direct/base/0/order1,2.7153658866882324,8324433237827f03
T5,0.20907248556613922,noise,0.00048828125,-2.442138671875,98,-2.43798828125,-2.441650390625,B-L23H10,1,098/direct/base/0/order1,0.2667350172996521,8324433237827f03
T1,0.35717111825942993,noise,0.059814453125,-2.4482421875,98,-2.45068359375,-2.388427734375,B-L25H18,1,098/direct/base/0/order1,6.358819007873535,463f91d471cf8fc9
T2,0.07757996767759323,noise,0.019287109375,-2.40771484375,98,-2.38916015625,-2.388427734375,B-L25H18,1,098/direct/base/0/order1,0.3174331486225128,463f91d471cf8fc9
T3,0.27751728892326355,noise,0.049072265625,-2.4375,98,-2.4296875,-2.388427734375,B-L25H18,1,098/direct/base/0/order1,6.358819007873535,463f91d471cf8fc9
T4,2.0696520805358887,noise,0.050537109375,-2.43896484375,98,-2.388427734375,-2.388427734375,B-L25H18,1,098/direct/base/0/order1,2.7153658866882324,463f91d471cf8fc9
T5,0.20880626142024994,noise,-0.002197265625,-2.38623046875,98,-2.38623046875,-2.388427734375,B-L25H18,1,098/direct/base/0/order1,0.2667350172996521,463f91d471cf8fc9
T1,0.34557968378067017,noise,0.0654296875,-2.341552734375,98,-2.3349609375,-2.276123046875,B+L9H16,1,098/direct/base/0/order1,6.219049453735352,4f198d517137d88d
T2,0.08507070690393448,noise,0.015625,-2.291748046875,98,-2.27685546875,-2.276123046875,B+L9H16,1,098/direct/base/0/order1,0.35515734553337097,4f198d517137d88d
T3,0.26676806807518005,noise,0.0498046875,-2.325927734375,98,-2.314453125,-2.276123046875,B+L9H16,1,098/direct/base/0/order1,6.219049453735352,4f198d517137d88d
T4,2.069786310195923,noise,0.05029296875,-2.326416015625,98,-2.276123046875,-2.276123046875,B+L9H16,1,098/direct/base/0/order1,2.7153658866882324,4f198d517137d88d
T5,0.22488485276699066,noise,-0.008056640625,-2.26806640625,98,-2.270263671875,-2.276123046875,B+L9H16,1,098/direct/base/0/order1,0.2780746817588806,4f198d517137d88d
T1,2.7560935020446777,noise,1.6282958984375,4.198974609375,98,5.3642578125,5.8272705078125,full,1,098/direct/base/0/order1,6.651869297027588,full
T2,0.7772833108901978,noise,0.221435546875,5.6058349609375,98,5.8145751953125,5.8272705078125,full,1,098/direct/base/0/order1,0.7563440203666687,full
T3,2.005506753921509,noise,1.1551513671875,4.672119140625,98,5.528564453125,5.8272705078125,full,1,098/direct/base/0/order1,6.651869297027588,full
T4,2.7927472591400146,noise,0.988525390625,4.8387451171875,98,5.8272705078125,5.8272705078125,full,1,098/direct/base/0/order1,3.9081733226776123,full
T5,0.8053123950958252,noise,-0.302978515625,6.1302490234375,98,5.980224609375,5.8272705078125,full,1,098/direct/base/0/order1,0.8535371422767639,full
T1,2.6911468505859375,noise,0.8199462890625,5.7847900390625,130,5.516845703125,6.604736328125,B,0,130/direct/base/0/order0,5.419801235198975,5c539bfa2d4004a5
T2,0.4256335496902466,noise,-0.007568359375,6.6123046875,130,6.6044921875,6.604736328125,B,0,130/direct/base/0/order0,0.4206211268901825,5c539bfa2d4004a5
T3,1.778815507888794,noise,0.498779296875,6.10595703125,130,5.951316833496094,6.604736328125,B,0,130/direct/base/0/order0,5.419801235198975,5c539bfa2d4004a5
T4,1.6697804927825928,noise,0.32373046875,6.281005859375,130,6.604736328125,6.604736328125,B,0,130/direct/base/0/order0,2.022902488708496,5c539bfa2d4004a5
T5,0.47710055112838745,noise,-0.038818359375,6.6435546875,130,6.639404296875,6.604736328125,B,0,130/direct/base/0/order0,0.5582658648490906,5c539bfa2d4004a5
T1,2.6115713119506836,noise,0.7720947265625,5.5194091796875,130,5.2353515625,6.29150390625,B-L1H27,0,130/direct/base/0/order0,5.418664455413818,cef37988435db144
T2,0.39451444149017334,noise,-0.010986328125,6.302490234375,130,6.28662109375,6.29150390625,B-L1H27,0,130/direct/base/0/order0,0.418519526720047,cef37988435db144
T3,1.7467014789581299,noise,0.48193359375,5.8095703125,130,5.647491455078125,6.29150390625,B-L1H27,0,130/direct/base/0/order0,5.418664455413818,cef37988435db144
T4,1.6803086996078491,noise,0.319091796875,5.972412109375,130,6.29150390625,6.29150390625,B-L1H27,0,130/direct/base/0/order0,1.9881300926208496,cef37988435db144
T5,0.45276883244514465,noise,-0.02490234375,6.31640625,130,6.308837890625,6.29150390625,B-L1H27,0,130/direct/base/0/order0,0.5387465357780457,cef37988435db144
T1,2.6891074180603027,noise,0.8197021484375,5.7835693359375,130,5.52001953125,6.603271484375,B-L11H4,0,130/direct/base/0/order0,5.421323776245117,d7b401c2eec20f08
T2,0.4217529892921448,noise,0.00146484375,6.601806640625,130,6.59765625,6.603271484375,B-L11H4,0,130/direct/base/0/order0,0.41932037472724915,d7b401c2eec20f08
T3,1.778486967086792,noise,0.4970703125,6.106201171875,130,5.950370788574219,6.603271484375,B-L11H4,0,130/direct/base/0/order0,5.421323776245117,d7b401c2eec20f08
T4,1.6700719594955444,noise,0.330322265625,6.27294921875,130,6.603271484375,6.603271484375,B-L11H4,0,130/direct/base/0/order0,2.022902488708496,d7b401c2eec20f08
T5,0.4726109802722931,noise,-0.0380859375,6.641357421875,130,6.638671875,6.603271484375,B-L11H4,0,130/direct/base/0/order0,0.5545965433120728,d7b401c2eec20f08
T1,2.7236249446868896,noise,0.8226318359375,5.8978271484375,130,5.614990234375,6.720458984375,B-L17H5,0,130/direct/base/0/order0,5.419801235198975,adae3cba245fe41c
T2,0.4260648190975189,noise,-0.00390625,6.724365234375,130,6.716552734375,6.720458984375,B-L17H5,0,130/direct/base/0/order0,0.4206211268901825,adae3cba245fe41c
T3,1.7953578233718872,noise,0.5,6.220458984375,130,6.057926177978516,6.720458984375,B-L17H5,0,130/direct/base/0/order0,5.419801235198975,adae3cba245fe41c
T4,1.6700536012649536,noise,0.32763671875,6.392822265625,130,6.720458984375,6.720458984375,B-L17H5,0,130/direct/base/0/order0,2.022902488708496,adae3cba245fe41c
T5,0.4768638014793396,noise,-0.03076171875,6.751220703125,130,6.75,6.720458984375,B-L17H5,0,130/direct/base/0/order0,0.559919536113739,adae3cba245fe41c
T1,2.69374942779541,noise,0.8236083984375,5.9820556640625,130,5.714599609375,6.8056640625,B-L23H10,0,130/direct/base/0/order0,5.419801235198975,8324433237827f03
T2,0.4256335496902466,noise,0.000244140625,6.805419921875,130,6.799072265625,6.8056640625,B-L23H10,0,130/direct/base/0/order0,0.4206211268901825,8324433237827f03
T3,1.7801258563995361,noise,0.50830078125,6.29736328125,130,6.151458740234375,6.8056640625,B-L23H10,0,130/direct/base/0/order0,5.419801235198975,8324433237827f03
T4,1.6697804927825928,noise,0.321044921875,6.484619140625,130,6.8056640625,6.8056640625,B-L23H10,0,130/direct/base/0/order0,2.022902488708496,8324433237827f03
T5,0.4769211411476135,noise,-0.032958984375,6.838623046875,130,6.837890625,6.8056640625,B-L23H10,0,130/direct/base/0/order0,0.5582658648490906,8324433237827f03
T1,2.6868536472320557,noise,0.837158203125,5.755126953125,130,5.500244140625,6.59228515625,B-L25H18,0,130/direct/base/0/order0,5.419801235198975,463f91d471cf8fc9
T2,0.4256335496902466,noise,-0.004638671875,6.596923828125,130,6.5908203125,6.59228515625,B-L25H18,0,130/direct/base/0/order0,0.4206211268901825,463f91d471cf8fc9
T3,1.7763221263885498,noise,0.511962890625,6.080322265625,130,5.94097900390625,6.59228515625,B-L25H18,0,130/direct/base/0/order0,5.419801235198975,463f91d471cf8fc9
T4,1.6697804927825928,noise,0.327880859375,6.264404296875,130,6.59228515625,6.59228515625,B-L25H18,0,130/direct/base/0/order0,2.022902488708496,463f91d471cf8fc9
T5,0.4757634401321411,noise,-0.040771484375,6.633056640625,130,6.630859375,6.59228515625,B-L25H18,0,130/direct/base/0/order0,0.5582658648490906,463f91d471cf8fc9
T1,2.7923641204833984,noise,0.9395751953125,5.5994873046875,130,5.41162109375,6.5390625,B+L9H16,0,130/direct/base/0/order0,5.40043830871582,4f198d517137d88d
T2,0.5728386640548706,noise,0.000244140625,6.538818359375,130,6.536376953125,6.5390625,B+L9H16,0,130/direct/base/0/order0,0.5223546028137207,4f198d517137d88d
T3,1.8154222965240479,noise,0.564208984375,5.974853515625,130,5.878026962280273,6.5390625,B+L9H16,0,130/direct/base/0/order0,5.40043830871582,4f198d517137d88d
T4,1.6705156564712524,noise,0.330810546875,6.208251953125,130,6.5390625,6.5390625,B+L9H16,0,130/direct/base/0/order0,2.022902488708496,4f198d517137d88d
T5,0.47698116302490234,noise,-0.054931640625,6.593994140625,130,6.599365234375,6.5390625,B+L9H16,0,130/direct/base/0/order0,0.5482308268547058,4f198d517137d88d
T1,4.143008708953857,noise,3.179443359375,3.76171875,130,5.2109375,6.941162109375,full,0,130/direct/base/0/order0,5.978466987609863,full
T2,0.7812045812606812,noise,0.066162109375,6.875,130,6.94677734375,6.941162109375,full,0,130/direct/base/0/order0,0.9052387475967407,full
T3,2.97037410736084,noise,1.741943359375,5.19921875,130,5.8212890625,6.941162109375,full,0,130/direct/base/0/order0,5.978466987609863,full
T4,1.9313992261886597,noise,0.634033203125,6.30712890625,130,6.941162109375,6.941162109375,full,0,130/direct/base/0/order0,2.466290235519409,full
T5,0.6617551445960999,noise,-0.153564453125,7.0947265625,130,7.181884765625,6.941162109375,full,0,130/direct/base/0/order0,0.7405741810798645,full
T1,0.4237523078918457,noise,0.107177734375,-3.6864013671875,130,-3.75,-3.5792236328125,B,1,130/direct/base/0/order1,5.562431335449219,5c539bfa2d4004a5
T2,0.10832647979259491,noise,-0.0186767578125,-3.560546875,130,-3.5809326171875,-3.5792236328125,B,1,130/direct/base/0/order1,0.3091225326061249,5c539bfa2d4004a5
T3,0.26942214369773865,noise,0.0709228515625,-3.650146484375,130,-3.6767578125,-3.5792236328125,B,1,130/direct/base/0/order1,5.562431335449219,5c539bfa2d4004a5
T4,1.6907241344451904,noise,0.0511474609375,-3.63037109375,130,-3.5792236328125,-3.5792236328125,B,1,130/direct/base/0/order1,2.100555896759033,5c539bfa2d4004a5
T5,0.1574866622686386,noise,-0.03369140625,-3.5455322265625,130,-3.5426025390625,-3.5792236328125,B,1,130/direct/base/0/order1,0.22428837418556213,5c539bfa2d4004a5
T1,0.40176451206207275,noise,0.099609375,-3.82421875,130,-3.884033203125,-3.724609375,B-L1H27,1,130/direct/base/0/order1,5.531826019287109,cef37988435db144
T2,0.10131516307592392,noise,-0.0147705078125,-3.7098388671875,130,-3.7244873046875,-3.724609375,B-L1H27,1,130/direct/base/0/order1,0.29367148876190186,cef37988435db144
T3,0.26308509707450867,noise,0.064697265625,-3.789306640625,130,-3.816162109375,-3.724609375,B-L1H27,1,130/direct/base/0/order1,5.531826019287109,cef37988435db144
T4,1.7171032428741455,noise,0.0506591796875,-3.7752685546875,130,-3.724609375,-3.724609375,B-L1H27,1,130/direct/base/0/order1,2.04057240486145,cef37988435db144
T5,0.15122784674167633,noise,-0.0262451171875,-3.6983642578125,130,-3.692138671875,-3.724609375,B-L1H27,1,130/direct/base/0/order1,0.21406462788581848,cef37988435db144
T1,0.421405553817749,noise,0.111572265625,-3.7003173828125,130,-3.75927734375,-3.5887451171875,B-L11H4,1,130/direct/base/0/order1,5.561631679534912,d7b401c2eec20f08
T2,0.10529366880655289,noise,-0.01416015625,-3.5745849609375,130,-3.5894775390625,-3.5887451171875,B-L11H4,1,130/direct/base/0/order1,0.3098289668560028,d7b401c2eec20f08
T3,0.266642302274704,noise,0.07470703125,-3.6634521484375,130,-3.687255859375,-3.5887451171875,B-L11H4,1,130/direct/base/0/order1,5.561631679534912,d7b401c2eec20f08
T4,1.6905425786972046,noise,0.05517578125,-3.6439208984375,130,-3.5887451171875,-3.5887451171875,B-L11H4,1,130/direct/base/0/order1,2.100555896759033,d7b401c2eec20f08
T5,0.15505607426166534,noise,-0.0296630859375,-3.55908203125,130,-3.5511474609375,-3.5887451171875,B-L11H4,1,130/direct/base/0/order1,0.21546240150928497,d7b401c2eec20f08
T1,0.4097616970539093,noise,0.110595703125,-3.8070068359375,130,-3.8626708984375,-3.6964111328125,B-L17H5,1,130/direct/base/0/order1,5.562431335449219,adae3cba245fe41c
T2,0.10731811076402664,noise,-0.0128173828125,-3.68359375,130,-3.6973876953125,-3.6964111328125,B-L17H5,1,130/direct/base/0/order1,0.3091225326061249,adae3cba245fe41c
T3,0.2632772922515869,noise,0.06982421875,-3.7662353515625,130,-3.79248046875,-3.6964111328125,B-L17H5,1,130/direct/base/0/order1,5.562431335449219,adae3cba245fe41c
T4,1.6906412839889526,noise,0.054443359375,-3.7508544921875,130,-3.6964111328125,-3.6964111328125,B-L17H5,1,130/direct/base/0/order1,2.100555896759033,adae3cba245fe41c
T5,0.15214157104492188,noise,-0.0322265625,-3.6641845703125,130,-3.658203125,-3.6964111328125,B-L17H5,1,130/direct/base/0/order1,0.20528244972229004,adae3cba245fe41c
T1,0.4235777258872986,noise,0.11181640625,-3.540771484375,130,-3.603271484375,-3.428955078125,B-L23H10,1,130/direct/base/0/order1,5.562431335449219,8324433237827f03
T2,0.10832647979259491,noise,-0.0162353515625,-3.4127197265625,130,-3.4317626953125,-3.428955078125,B-L23H10,1,130/direct/base/0/order1,0.3091225326061249,8324433237827f03
T3,0.2693382799625397,noise,0.07080078125,-3.499755859375,130,-3.5291748046875,-3.428955078125,B-L23H10,1,130/direct/base/0/order1,5.562431335449219,8324433237827f03
T4,1.6907241344451904,noise,0.058349609375,-3.4873046875,130,-3.428955078125,-3.428955078125,B-L23H10,1,130/direct/base/0/order1,2.100555896759033,8324433237827f03
T5,0.15902681648731232,noise,-0.0296630859375,-3.3992919921875,130,-3.392333984375,-3.428955078125,B-L23H10,1,130/direct/base/0/order1,0.22428837418556213,8324433237827f03
T1,0.422214150428772,noise,0.1097412109375,-3.74609375,130,-3.806884765625,-3.6363525390625,B-L25H18,1,130/direct/base/0/order1,5.562431335449219,463f91d471cf8fc9
T2,0.10832647979259491,noise,-0.0185546875,-3.6177978515625,130,-3.6370849609375,-3.6363525390625,B-L25H18,1,130/direct/base/0/order1,0.3091225326061249,463f91d471cf8fc9
T3,0.26922619342803955,noise,0.0682373046875,-3.70458984375,130,-3.733642578125,-3.6363525390625,B-L25H18,1,130/direct/base/0/order1,5.562431335449219,463f91d471cf8fc9
T4,1.6907241344451904,noise,0.0556640625,-3.6920166015625,130,-3.6363525390625,-3.6363525390625,B-L25H18,1,130/direct/base/0/order1,2.100555896759033,463f91d471cf8fc9
T5,0.15754666924476624,noise,-0.0322265625,-3.6041259765625,130,-3.598388671875,-3.6363525390625,B-L25H18,1,130/direct/base/0/order1,0.22428837418556213,463f91d471cf8fc9
T1,0.5333197712898254,noise,0.1439208984375,-3.1705322265625,130,-3.2413330078125,-3.026611328125,B+L9H16,1,130/direct/base/0/order1,5.488893985748291,4f198d517137d88d
T2,0.17969635128974915,noise,-0.0379638671875,-2.9886474609375,130,-3.0294189453125,-3.026611328125,B+L9H16,1,130/direct/base/0/order1,0.3721127510070801,4f198d517137d88d
T3,0.34533601999282837,noise,0.0933837890625,-3.1199951171875,130,-3.1524658203125,-3.026611328125,B+L9H16,1,130/direct/base/0/order1,5.488893985748291,4f198d517137d88d
T4,1.690398097038269,noise,0.071533203125,-3.09814453125,130,-3.026611328125,-3.026611328125,B+L9H16,1,130/direct/base/0/order1,2.100555896759033,4f198d517137d88d
T5,0.20578360557556152,noise,-0.041748046875,-2.98486328125,130,-2.98291015625,-3.026611328125,B+L9H16,1,130/direct/base/0/order1,0.3436892628669739,4f198d517137d88d
T1,2.750767946243286,noise,2.190277099609375,1.9306640625,130,2.9326171875,4.120941162109375,full,1,130/direct/base/0/order1,6.404094219207764,full
T2,0.5593641996383667,noise,0.063079833984375,4.057861328125,130,4.124847412109375,4.120941162109375,full,1,130/direct/base/0/order1,0.6575247049331665,full
T3,1.5243048667907715,noise,1.136932373046875,2.9840087890625,130,3.54638671875,4.120941162109375,full,1,130/direct/base/0/order1,6.404094219207764,full
T4,1.9551935195922852,noise,0.3283843994140625,3.7925567626953125,130,4.120941162109375,4.120941162109375,full,1,130/direct/base/0/order1,2.5123612880706787,full
T5,1.7523270845413208,noise,-0.60455322265625,4.725494384765625,130,4.845947265625,4.120941162109375,full,1,130/direct/base/0/order1,2.3639187812805176,full
T1,2.698714017868042,noise,1.357421875,5.4814453125,162,5.56298828125,6.8388671875,B,0,162/direct/base/0/order0,7.041362762451172,5c539bfa2d4004a5
T2,0.4460326135158539,noise,0.03125,6.8076171875,162,6.8408203125,6.8388671875,B,0,162/direct/base/0/order0,0.4409809112548828,5c539bfa2d4004a5
T3,1.9452797174453735,noise,0.8984375,5.9404296875,162,6.0126953125,6.8388671875,B,0,162/direct/base/0/order0,7.041362762451172,5c539bfa2d4004a5
T4,2.1403543949127197,noise,0.3076171875,6.53125,162,6.8388671875,6.8388671875,B,0,162/direct/base/0/order0,2.777916193008423,5c539bfa2d4004a5
T5,0.567709743976593,noise,-0.0439453125,6.8828125,162,6.8779296875,6.8388671875,B,0,162/direct/base/0/order0,0.661098301410675,5c539bfa2d4004a5
T1,2.645106077194214,noise,1.30029296875,5.37939453125,162,5.4365234375,6.6796875,B-L1H27,0,162/direct/base/0/order0,7.029684543609619,cef37988435db144
T2,0.43543460965156555,noise,0.02734375,6.65234375,162,6.6806640625,6.6796875,B-L1H27,0,162/direct/base/0/order0,0.44557541608810425,cef37988435db144
T3,1.9097206592559814,noise,0.8671875,5.8125,162,5.87060546875,6.6796875,B-L1H27,0,162/direct/base/0/order0,7.029684543609619,cef37988435db144
T4,2.140746831893921,noise,0.298828125,6.380859375,162,6.6796875,6.6796875,B-L1H27,0,162/direct/base/0/order0,2.778477191925049,cef37988435db144
T5,0.5713894367218018,noise,-0.0380859375,6.7177734375,162,6.7080078125,6.6796875,B-L1H27,0,162/direct/base/0/order0,0.6609365344047546,cef37988435db144
T1,2.7147042751312256,noise,1.36376953125,5.51611328125,162,5.59423828125,6.8798828125,B-L11H4,0,162/direct/base/0/order0,7.038658142089844,d7b401c2eec20f08
T2,0.4477427899837494,noise,0.0361328125,6.84375,162,6.884765625,6.8798828125,B-L11H4,0,162/direct/base/0/order0,0.44148364663124084,d7b401c2eec20f08
T3,1.9590657949447632,noise,0.9052734375,5.974609375,162,6.04931640625,6.8798828125,B-L11H4,0,162/direct/base/0/order0,7.038658142089844,d7b401c2eec20f08
T4,2.140403985977173,noise,0.3095703125,6.5703125,162,6.8798828125,6.8798828125,B-L11H4,0,162/direct/base/0/order0,2.777916193008423,d7b401c2eec20f08
T5,0.5673390626907349,noise,-0.046875,6.9267578125,162,6.9228515625,6.8798828125,B-L11H4,0,162/direct/base/0/order0,0.6643224358558655,d7b401c2eec20f08
T1,2.770268201828003,noise,1.4033203125,5.51171875,162,5.60302734375,6.9150390625,B-L17H5,0,162/direct/base/0/order0,7.041362762451172,adae3cba245fe41c
T2,0.44536009430885315,noise,0.025390625,6.8896484375,162,6.916015625,6.9150390625,B-L17H5,0,162/direct/base/0/order0,0.4409809112548828,adae3cba245fe41c
T3,1.9897797107696533,noise,0.92138671875,5.99365234375,162,6.06689453125,6.9150390625,B-L17H5,0,162/direct/base/0/order0,7.041362762451172,adae3cba245fe41c
T4,2.140652656555176,noise,0.3095703125,6.60546875,162,6.9150390625,6.9150390625,B-L17H5,0,162/direct/base/0/order0,2.777916193008423,adae3cba245fe41c
T5,0.5457333922386169,noise,-0.046875,6.9619140625,162,6.9521484375,6.9150390625,B-L17H5,0,162/direct/base/0/order0,0.6351643204689026,adae3cba245fe41c
T1,2.706742763519287,noise,1.3955078125,5.521484375,162,5.63671875,6.9169921875,B-L23H10,0,162/direct/base/0/order0,7.041362762451172,8324433237827f03
T2,0.4460326135158539,noise,0.03515625,6.8818359375,162,6.919921875,6.9169921875,B-L23H10,0,162/direct/base/0/order0,0.4409809112548828,8324433237827f03
T3,1.950905680656433,noise,0.92333984375,5.99365234375,162,6.0888671875,6.9169921875,B-L23H10,0,162/direct/base/0/order0,7.041362762451172,8324433237827f03
T4,2.1403543949127197,noise,0.3037109375,6.61328125,162,6.9169921875,6.9169921875,B-L23H10,0,162/direct/base/0/order0,2.777916193008423,8324433237827f03
T5,0.566772997379303,noise,-0.0458984375,6.962890625,162,6.95703125,6.9169921875,B-L23H10,0,162/direct/base/0/order0,0.661098301410675,8324433237827f03
T1,2.695223093032837,noise,1.3515625,5.5068359375,162,5.5810546875,6.8583984375,B-L25H18,0,162/direct/base/0/order0,7.041362762451172,463f91d471cf8fc9
T2,0.4460326135158539,noise,0.0341796875,6.82421875,162,6.8642578125,6.8583984375,B-L25H18,0,162/direct/base/0/order0,0.4409809112548828,463f91d471cf8fc9
T3,1.9441519975662231,noise,0.88916015625,5.96923828125,162,6.03125,6.8583984375,B-L25H18,0,162/direct/base/0/order0,7.041362762451172,463f91d471cf8fc9
T4,2.1403543949127197,noise,0.3056640625,6.552734375,162,6.8583984375,6.8583984375,B-L25H18,0,162/direct/base/0/order0,2.777916193008423,463f91d471cf8fc9
T5,0.5653995275497437,noise,-0.0517578125,6.91015625,162,6.8994140625,6.8583984375,B-L25H18,0,162/direct/base/0/order0,0.661098301410675,463f91d471cf8fc9
T1,2.8989644050598145,noise,1.5048828125,6.1044921875,162,6.251953125,7.609375,B+L9H16,0,162/direct/base/0/order0,7.085571765899658,4f198d517137d88d
T2,0.6352403163909912,noise,0.05859375,7.55078125,162,7.61328125,7.609375,B+L9H16,0,162/direct/base/0/order0,0.46970513463020325,4f198d517137d88d
T3,2.0758216381073,noise,0.9658203125,6.6435546875,162,6.7412109375,7.609375,B+L9H16,0,162/direct/base/0/order0,7.085571765899658,4f198d517137d88d
T4,2.140986442565918,noise,0.291015625,7.318359375,162,7.609375,7.609375,B+L9H16,0,162/direct/base/0/order0,2.777916193008423,4f198d517137d88d
T5,0.6018596887588501,noise,-0.060546875,7.669921875,162,7.666015625,7.609375,B+L9H16,0,162/direct/base/0/order0,0.7098653316497803,4f198d517137d88d
T1,3.255213499069214,noise,1.677978515625,5.066162109375,162,5.21923828125,6.744140625,full,0,162/direct/base/0/order0,6.85355281829834,full
T2,1.5106515884399414,noise,0.47900390625,6.26513671875,162,6.7421875,6.744140625,full,0,162/direct/base/0/order0,0.6907831430435181,full
T3,2.501692771911621,noise,1.14892578125,5.59521484375,162,5.676513671875,6.744140625,full,0,162/direct/base/0/order0,6.85355281829834,full
T4,1.8197872638702393,noise,0.47802734375,6.26611328125,162,6.744140625,6.744140625,full,0,162/direct/base/0/order0,2.5079798698425293,full
T5,0.4277615249156952,noise,-0.11376953125,6.85791015625,162,6.94140625,6.744140625,full,0,162/direct/base/0/order0,0.6733188033103943,full
T1,0.6710696816444397,noise,0.30419921875,-2.62646484375,162,-2.626953125,-2.322265625,B,1,162/direct/base/0/order1,7.342811584472656,5c539bfa2d4004a5
T2,0.2397279143333435,noise,0.1328125,-2.455078125,162,-2.32568359375,-2.322265625,B,1,162/direct/base/0/order1,0.34389975666999817,5c539bfa2d4004a5
T3,0.5042693018913269,noise,0.2314453125,-2.5537109375,162,-2.5302734375,-2.322265625,B,1,162/direct/base/0/order1,7.342811584472656,5c539bfa2d4004a5
T4,2.2660224437713623,noise,0.16162109375,-2.48388671875,162,-2.322265625,-2.322265625,B,1,162/direct/base/0/order1,2.914332389831543,5c539bfa2d4004a5
T5,0.2841576933860779,noise,-0.0185546875,-2.3037109375,162,-2.2998046875,-2.322265625,B,1,162/direct/base/0/order1,0.5492504835128784,5c539bfa2d4004a5
T1,0.5771710276603699,noise,0.24072265625,-3.72412109375,162,-3.74560546875,-3.4833984375,B-L1H27,1,162/direct/base/0/order1,7.3585004806518555,cef37988435db144
T2,0.2179003357887268,noise,0.1201171875,-3.603515625,162,-3.48388671875,-3.4833984375,B-L1H27,1,162/direct/base/0/order1,0.35026368498802185,cef37988435db144
T3,0.4364479184150696,noise,0.1845703125,-3.66796875,162,-3.6640625,-3.4833984375,B-L1H27,1,162/direct/base/0/order1,7.3585004806518555,cef37988435db144
T4,2.248262882232666,noise,0.15380859375,-3.63720703125,162,-3.4833984375,-3.4833984375,B-L1H27,1,162/direct/base/0/order1,2.8720176219940186,cef37988435db144
T5,0.24692018330097198,noise,-0.0068359375,-3.4765625,162,-3.46826171875,-3.4833984375,B-L1H27,1,162/direct/base/0/order1,0.4453606605529785,cef37988435db144
T1,0.6733661890029907,noise,0.30517578125,-2.63525390625,162,-2.63427734375,-2.330078125,B-L11H4,1,162/direct/base/0/order1,7.341310977935791,d7b401c2eec20f08
T2,0.24057810008525848,noise,0.13037109375,-2.46044921875,162,-2.33203125,-2.330078125,B-L11H4,1,162/direct/base/0/order1,0.3448643684387207,d7b401c2eec20f08
T3,0.505450963973999,noise,0.2333984375,-2.5634765625,162,-2.53759765625,-2.330078125,B-L11H4,1,162/direct/base/0/order1,7.341310977935791,d7b401c2eec20f08
T4,2.2657558917999268,noise,0.1611328125,-2.4912109375,162,-2.330078125,-2.330078125,B-L11H4,1,162/direct/base/0/order1,2.914332389831543,d7b401c2eec20f08
T5,0.2863420844078064,noise,-0.0166015625,-2.3134765625,162,-2.30517578125,-2.330078125,B-L11H4,1,162/direct/base/0/order1,0.5540549159049988,d7b401c2eec20f08
T1,0.6902527809143066,noise,0.3076171875,-2.7412109375,162,-2.74755859375,-2.43359375,B-L17H5,1,162/direct/base/0/order1,7.342811584472656,adae3cba245fe41c
T2,0.2405817210674286,noise,0.140625,-2.57421875,162,-2.4345703125,-2.43359375,B-L17H5,1,162/direct/base/0/order1,0.34389975666999817,adae3cba245fe41c
T3,0.5133177638053894,noise,0.23095703125,-2.66455078125,162,-2.64501953125,-2.43359375,B-L17H5,1,162/direct/base/0/order1,7.342811584472656,adae3cba245fe41c
T4,2.265406847000122,noise,0.1669921875,-2.6005859375,162,-2.43359375,-2.43359375,B-L17H5,1,162/direct/base/0/order1,2.914332389831543,adae3cba245fe41c
T5,0.33318763971328735,noise,-0.02001953125,-2.41357421875,162,-2.40966796875,-2.43359375,B-L17H5,1,162/direct/base/0/order1,0.630866289138794,adae3cba245fe41c
T1,0.67244952917099,noise,0.3056640625,-2.70654296875,162,-2.70458984375,-2.40087890625,B-L23H10,1,162/direct/base/0/order1,7.342811584472656,8324433237827f03
T2,0.2397279143333435,noise,0.13427734375,-2.53515625,162,-2.4013671875,-2.40087890625,B-L23H10,1,162/direct/base/0/order1,0.34389975666999817,8324433237827f03
T3,0.5064949989318848,noise,0.2314453125,-2.63232421875,162,-2.6083984375,-2.40087890625,B-L23H10,1,162/direct/base/0/order1,7.342811584472656,8324433237827f03
T4,2.2660224437713623,noise,0.16650390625,-2.5673828125,162,-2.40087890625,-2.40087890625,B-L23H10,1,162/direct/base/0/order1,2.914332389831543,8324433237827f03
T5,0.2850448787212372,noise,-0.01708984375,-2.3837890625,162,-2.376953125,-2.40087890625,B-L23H10,1,162/direct/base/0/order1,0.5492504835128784,8324433237827f03
T1,0.6695112586021423,noise,0.30908203125,-2.68115234375,162,-2.67431640625,-2.3720703125,B-L25H18,1,162/direct/base/0/order1,7.342811584472656,463f91d471cf8fc9
T2,0.2397279143333435,noise,0.1396484375,-2.51171875,162,-2.373046875,-2.3720703125,B-L25H18,1,162/direct/base/0/order1,0.34389975666999817,463f91d471cf8fc9
T3,0.5029428601264954,noise,0.2333984375,-2.60546875,162,-2.5791015625,-2.3720703125,B-L25H18,1,162/direct/base/0/order1,7.342811584472656,463f91d471cf8fc9
T4,2.2660224437713623,noise,0.1611328125,-2.533203125,162,-2.3720703125,-2.3720703125,B-L25H18,1,162/direct/base/0/order1,2.914332389831543,463f91d471cf8fc9
T5,0.28366783261299133,noise,-0.01513671875,-2.35693359375,162,-2.34765625,-2.3720703125,B-L25H18,1,162/direct/base/0/order1,0.5492504835128784,463f91d471cf8fc9
T1,0.740082859992981,noise,0.369384765625,-1.660400390625,162,-1.62109375,-1.291015625,B+L9H16,1,162/direct/base/0/order1,7.389236927032471,4f198d517137d88d
T2,0.3151589334011078,noise,0.141845703125,-1.432861328125,162,-1.29052734375,-1.291015625,B+L9H16,1,162/direct/base/0/order1,0.36922284960746765,4f198d517137d88d
T3,0.544356107711792,noise,0.277587890625,-1.568603515625,162,-1.51123046875,-1.291015625,B+L9H16,1,162/direct/base/0/order1,7.389236927032471,4f198d517137d88d
T4,2.265920877456665,noise,0.17333984375,-1.46435546875,162,-1.291015625,-1.291015625,B+L9H16,1,162/direct/base/0/order1,2.914332389831543,4f198d517137d88d
T5,0.273345947265625,noise,-0.0283203125,-1.2626953125,162,-1.26171875,-1.291015625,B+L9H16,1,162/direct/base/0/order1,0.5562534928321838,4f198d517137d88d
T1,1.8123047351837158,noise,0.79052734375,6.951171875,162,6.89013671875,7.74169921875,full,1,162/direct/base/0/order1,7.405176639556885,full
T2,0.9341256618499756,noise,0.212890625,7.52880859375,162,7.74853515625,7.74169921875,full,1,162/direct/base/0/order1,0.5738133192062378,full
T3,1.0753495693206787,noise,0.40478515625,7.3369140625,162,7.314453125,7.74169921875,full,1,162/direct/base/0/order1,7.405176639556885,full
T4,2.0053322315216064,noise,0.36962890625,7.3720703125,162,7.74169921875,7.74169921875,full,1,162/direct/base/0/order1,2.7543294429779053,full
T5,1.290919303894043,noise,-0.29541015625,8.037109375,162,8.369140625,7.74169921875,full,1,162/direct/base/0/order1,2.3489387035369873,full
T1,3.5616400241851807,noise,2.022216796875,5.0458984375,186,5.86328125,7.068115234375,B,0,186/direct/base/0/order0,6.679267883300781,5c539bfa2d4004a5
T2,0.6438631415367126,noise,0.108154296875,6.9599609375,186,7.0576171875,7.068115234375,B,0,186/direct/base/0/order0,0.7609445452690125,5c539bfa2d4004a5
T3,2.3848397731781006,noise,1.231201171875,5.8369140625,186,6.2928466796875,7.068115234375,B,0,186/direct/base/0/order0,6.679267883300781,5c539bfa2d4004a5
T4,2.4735476970672607,noise,0.33154296875,6.736572265625,186,7.068115234375,7.068115234375,B,0,186/direct/base/0/order0,3.0489861965179443,5c539bfa2d4004a5
T5,0.48643940687179565,noise,-0.056884765625,7.125,186,7.093505859375,7.068115234375,B,0,186/direct/base/0/order0,0.5107229351997375,5c539bfa2d4004a5
T1,3.4218461513519287,noise,2.0338134765625,4.611328125,186,5.48828125,6.6451416015625,B-L1H27,0,186/direct/base/0/order0,6.676468849182129,cef37988435db144
T2,0.5642125606536865,noise,0.107421875,6.5377197265625,186,6.63818359375,6.6451416015625,B-L1H27,0,186/direct/base/0/order0,0.7575245499610901,cef37988435db144
T3,2.3207247257232666,noise,1.2867431640625,5.3583984375,186,5.89013671875,6.6451416015625,B-L1H27,0,186/direct/base/0/order0,6.676468849182129,cef37988435db144
T4,2.510528564453125,noise,0.3572998046875,6.287841796875,186,6.6451416015625,6.6451416015625,B-L1H27,0,186/direct/base/0/order0,3.0469017028808594,cef37988435db144
T5,0.47955721616744995,noise,-0.0447998046875,6.68994140625,186,6.6585693359375,6.6451416015625,B-L1H27,0,186/direct/base/0/order0,0.516659140586853,cef37988435db144
T1,3.5496442317962646,noise,2.008544921875,5.06103515625,186,5.87060546875,7.069580078125,B-L11H4,0,186/direct/base/0/order0,6.682980060577393,d7b401c2eec20f08
T2,0.6467498540878296,noise,0.09912109375,6.970458984375,186,7.06201171875,7.069580078125,B-L11H4,0,186/direct/base/0/order0,0.7587189674377441,d7b401c2eec20f08
T3,2.37715482711792,noise,1.2244873046875,5.8450927734375,186,6.298095703125,7.069580078125,B-L11H4,0,186/direct/base/0/order0,6.682980060577393,d7b401c2eec20f08
T4,2.473747491836548,noise,0.322509765625,6.7470703125,186,7.069580078125,7.069580078125,B-L11H4,0,186/direct/base/0/order0,3.0489861965179443,d7b401c2eec20f08
T5,0.49296021461486816,noise,-0.05712890625,7.126708984375,186,7.096435546875,7.069580078125,B-L11H4,0,186/direct/base/0/order0,0.5161845088005066,d7b401c2eec20f08
T1,3.5305845737457275,noise,2.0009765625,5.07080078125,186,5.87451171875,7.07177734375,B-L17H5,0,186/direct/base/0/order0,6.679267883300781,adae3cba245fe41c
T2,0.6429438591003418,noise,0.102294921875,6.969482421875,186,7.05908203125,7.07177734375,B-L17H5,0,186/direct/base/0/order0,0.7609445452690125,adae3cba245fe41c
T3,2.3640358448028564,noise,1.221435546875,5.850341796875,186,6.2987060546875,7.07177734375,B-L17H5,0,186/direct/base/0/order0,6.679267883300781,adae3cba245fe41c
T4,2.4735352993011475,noise,0.32275390625,6.7490234375,186,7.07177734375,7.07177734375,B-L17H5,0,186/direct/base/0/order0,3.0489861965179443,adae3cba245fe41c
T5,0.4573833644390106,noise,-0.0517578125,7.12353515625,186,7.095458984375,7.07177734375,B-L17H5,0,186/direct/base/0/order0,0.4842156767845154,adae3cba245fe41c
T1,3.557614326477051,noise,2.009765625,5.1591796875,186,5.96630859375,7.1689453125,B-L23H10,0,186/direct/base/0/order0,6.679267883300781,8324433237827f03
T2,0.6438631415367126,noise,0.111328125,7.0576171875,186,7.15673828125,7.1689453125,B-L23H10,0,186/direct/base/0/order0,0.7609445452690125,8324433237827f03
T3,2.3811845779418945,noise,1.218994140625,5.949951171875,186,6.3931884765625,7.1689453125,B-L23H10,0,186/direct/base/0/order0,6.679267883300781,8324433237827f03
T4,2.4735476970672607,noise,0.3212890625,6.84765625,186,7.1689453125,7.1689453125,B-L23H10,0,186/direct/base/0/order0,3.0489861965179443,8324433237827f03
T5,0.4864441156387329,noise,-0.060302734375,7.229248046875,186,7.194091796875,7.1689453125,B-L23H10,0,186/direct/base/0/order0,0.5107229351997375,8324433237827f03
T1,3.574143171310425,noise,1.871337890625,5.255859375,186,5.91162109375,7.127197265625,B-L25H18,0,186/direct/base/0/order0,6.679267883300781,463f91d471cf8fc9
T2,0.6438631415367126,noise,0.1005859375,7.026611328125,186,7.115234375,7.127197265625,B-L25H18,0,186/direct/base/0/order0,0.7609445452690125,463f91d471cf8fc9
T3,2.3917763233184814,noise,1.1070098876953125,6.0201873779296875,186,6.345703125,7.127197265625,B-L25H18,0,186/direct/base/0/order0,6.679267883300781,463f91d471cf8fc9
T4,2.4735476970672607,noise,0.31298828125,6.814208984375,186,7.127197265625,7.127197265625,B-L25H18,0,186/direct/base/0/order0,3.0489861965179443,463f91d471cf8fc9
T5,0.4874323904514313,noise,-0.052734375,7.179931640625,186,7.15185546875,7.127197265625,B-L25H18,0,186/direct/base/0/order0,0.5107229351997375,463f91d471cf8fc9
T1,3.5878679752349854,noise,1.97314453125,5.50537109375,186,6.26171875,7.478515625,B+L9H16,0,186/direct/base/0/order0,6.645833969116211,4f198d517137d88d
T2,0.732996940612793,noise,0.09912109375,7.37939453125,186,7.465087890625,7.478515625,B+L9H16,0,186/direct/base/0/order0,0.832929253578186,4f198d517137d88d
T3,2.348548650741577,noise,1.1497802734375,6.3287353515625,186,6.7203369140625,7.478515625,B+L9H16,0,186/direct/base/0/order0,6.645833969116211,4f198d517137d88d
T4,2.4735939502716064,noise,0.2890625,7.189453125,186,7.478515625,7.478515625,B+L9H16,0,186/direct/base/0/order0,3.0489861965179443,4f198d517137d88d
T5,0.5280424356460571,noise,-0.06298828125,7.54150390625,186,7.5185546875,7.478515625,B+L9H16,0,186/direct/base/0/order0,0.549797534942627,4f198d517137d88d
T1,6.052127838134766,noise,3.8555908203125,3.884765625,186,5.6611328125,7.7403564453125,full,0,186/direct/base/0/order0,7.259280204772949,full
T2,1.7716307640075684,noise,0.3447265625,7.3956298828125,186,7.6995849609375,7.7403564453125,full,0,186/direct/base/0/order0,0.8923251628875732,full
T3,4.6099982261657715,noise,2.5948486328125,5.1455078125,186,6.25830078125,7.7403564453125,full,0,186/direct/base/0/order0,7.259280204772949,full
T4,2.547541379928589,noise,0.8394775390625,6.90087890625,186,7.7403564453125,7.7403564453125,full,0,186/direct/base/0/order0,3.1663780212402344,full
T5,0.8499447107315063,noise,-0.187744140625,7.9281005859375,186,7.986175537109375,7.7403564453125,full,0,186/direct/base/0/order0,0.8592339158058167,full
T1,0.6428367495536804,noise,0.33428955078125,-5.468505859375,186,-5.3438720703125,-5.13421630859375,B,1,186/direct/base/0/order1,6.9078826904296875,5c539bfa2d4004a5
T2,0.20412687957286835,noise,0.03497314453125,-5.169189453125,186,-5.139892578125,-5.13421630859375,B,1,186/direct/base/0/order1,0.5671390891075134,5c539bfa2d4004a5
T3,0.46506622433662415,noise,0.24871826171875,-5.3829345703125,186,-5.283203125,-5.13421630859375,B,1,186/direct/base/0/order1,6.9078826904296875,5c539bfa2d4004a5
T4,2.659370183944702,noise,0.1837158203125,-5.31793212890625,186,-5.13421630859375,-5.13421630859375,B,1,186/direct/base/0/order1,3.299435615539551,5c539bfa2d4004a5
T5,0.4949522018432617,noise,-0.01458740234375,-5.11962890625,186,-5.1124267578125,-5.13421630859375,B,1,186/direct/base/0/order1,0.6099593639373779,5c539bfa2d4004a5
T1,0.6251330971717834,noise,0.30810546875,-5.74853515625,186,-5.6414794921875,-5.4404296875,B-L1H27,1,186/direct/base/0/order1,6.902344226837158,cef37988435db144
T2,0.19701072573661804,noise,0.0364990234375,-5.4769287109375,186,-5.443115234375,-5.4404296875,B-L1H27,1,186/direct/base/0/order1,0.5468558669090271,cef37988435db144
T3,0.4534333348274231,noise,0.228271484375,-5.668701171875,186,-5.5816650390625,-5.4404296875,B-L1H27,1,186/direct/base/0/order1,6.902344226837158,cef37988435db144
T4,2.689937114715576,noise,0.1739501953125,-5.6143798828125,186,-5.4404296875,-5.4404296875,B-L1H27,1,186/direct/base/0/order1,3.3187153339385986,cef37988435db144
T5,0.485470175743103,noise,-0.0040283203125,-5.4364013671875,186,-5.4195556640625,-5.4404296875,B-L1H27,1,186/direct/base/0/order1,0.5961320400238037,cef37988435db144
T1,0.6396310329437256,noise,0.33404541015625,-5.44970703125,186,-5.3232421875,-5.11566162109375,B-L11H4,1,186/direct/base/0/order1,6.9100751876831055,d7b401c2eec20f08
T2,0.20166487991809845,noise,0.0325927734375,-5.14825439453125,186,-5.118621826171875,-5.11566162109375,B-L11H4,1,186/direct/base/0/order1,0.5656892657279968,d7b401c2eec20f08
T3,0.4622257649898529,noise,0.25115966796875,-5.3668212890625,186,-5.25872802734375,-5.11566162109375,B-L11H4,1,186/direct/base/0/order1,6.9100751876831055,d7b401c2eec20f08
T4,2.659099578857422,noise,0.18963623046875,-5.3052978515625,186,-5.11566162109375,-5.11566162109375,B-L11H4,1,186/direct/base/0/order1,3.299435615539551,d7b401c2eec20f08
T5,0.4885297417640686,noise,-0.01287841796875,-5.102783203125,186,-5.089599609375,-5.11566162109375,B-L11H4,1,186/direct/base/0/order1,0.6036701798439026,d7b401c2eec20f08
T1,0.6249358057975769,noise,0.33209228515625,-5.36273193359375,186,-5.230255126953125,-5.0306396484375,B-L17H5,1,186/direct/base/0/order1,6.9078826904296875,adae3cba245fe41c
T2,0.2027490735054016,noise,0.033111572265625,-5.063751220703125,186,-5.029876708984375,-5.0306396484375,B-L17H5,1,186/direct/base/0/order1,0.5671390891075134,adae3cba245fe41c
T3,0.4439949095249176,noise,0.24456787109375,-5.27520751953125,186,-5.166130065917969,-5.0306396484375,B-L17H5,1,186/direct/base/0/order1,6.9078826904296875,adae3cba245fe41c
T4,2.6587352752685547,noise,0.18723106384277344,-5.217870712280273,186,-5.0306396484375,-5.0306396484375,B-L17H5,1,186/direct/base/0/order1,3.299435615539551,adae3cba245fe41c
T5,0.45457008481025696,noise,-0.0213165283203125,-5.0093231201171875,186,-5.0030670166015625,-5.0306396484375,B-L17H5,1,186/direct/base/0/order1,0.5705864429473877,adae3cba245fe41c
T1,0.6437336802482605,noise,0.33902740478515625,-5.28173828125,186,-5.14898681640625,-4.942710876464844,B-L23H10,1,186/direct/base/0/order1,6.9078826904296875,8324433237827f03
T2,0.20412687957286835,noise,0.03398895263671875,-4.9766998291015625,186,-4.944715976715088,-4.942710876464844,B-L23H10,1,186/direct/base/0/order1,0.5671390891075134,8324433237827f03
T3,0.4664286673069,noise,0.25391387939453125,-5.196624755859375,186,-5.086700439453125,-4.942710876464844,B-L23H10,1,186/direct/base/0/order1,6.9078826904296875,8324433237827f03
T4,2.659370183944702,noise,0.18680572509765625,-5.1295166015625,186,-4.942710876464844,-4.942710876464844,B-L23H10,1,186/direct/base/0/order1,3.299435615539551,8324433237827f03
T5,0.49514663219451904,noise,-0.01665019989013672,-4.926060676574707,186,-4.917518615722656,-4.942710876464844,B-L23H10,1,186/direct/base/0/order1,0.6099593639373779,8324433237827f03
T1,0.6457532048225403,noise,0.33721923828125,-5.4261474609375,186,-5.298583984375,-5.08892822265625,B-L25H18,1,186/direct/base/0/order1,6.9078826904296875,463f91d471cf8fc9
T2,0.20412687957286835,noise,0.03778076171875,-5.126708984375,186,-5.09149169921875,-5.08892822265625,B-L25H18,1,186/direct/base/0/order1,0.5671390891075134,463f91d471cf8fc9
T3,0.46684494614601135,noise,0.24969482421875,-5.338623046875,186,-5.2332763671875,-5.08892822265625,B-L25H18,1,186/direct/base/0/order1,6.9078826904296875,463f91d471cf8fc9
T4,2.659370183944702,noise,0.19256591796875,-5.281494140625,186,-5.08892822265625,-5.08892822265625,B-L25H18,1,186/direct/base/0/order1,3.299435615539551,463f91d471cf8fc9
T5,0.4955192804336548,noise,-0.0142822265625,-5.07464599609375,186,-5.06524658203125,-5.08892822265625,B-L25H18,1,186/direct/base/0/order1,0.6099593639373779,463f91d471cf8fc9
T1,0.6999411582946777,noise,0.4088134765625,-4.6729736328125,186,-4.487060546875,-4.26416015625,B+L9H16,1,186/direct/base/0/order1,6.887936592102051,4f198d517137d88d
T2,0.26681917905807495,noise,0.03564453125,-4.2998046875,186,-4.26904296875,-4.26416015625,B+L9H16,1,186/direct/base/0/order1,0.6172214150428772,4f198d517137d88d
T3,0.5118648409843445,noise,0.304931640625,-4.569091796875,186,-4.4208984375,-4.26416015625,B+L9H16,1,186/direct/base/0/order1,6.887936592102051,4f198d517137d88d
T4,2.658446788787842,noise,0.215576171875,-4.479736328125,186,-4.26416015625,-4.26416015625,B+L9H16,1,186/direct/base/0/order1,3.299435615539551,4f198d517137d88d
T5,0.4488852024078369,noise,-0.07421875,-4.18994140625,186,-4.219970703125,-4.26416015625,B+L9H16,1,186/direct/base/0/order1,0.5496856570243835,4f198d517137d88d
T1,2.1597936153411865,noise,1.12176513671875,2.77740478515625,186,3.17828369140625,3.899169921875,full,1,186/direct/base/0/order1,7.5428466796875,full
T2,0.9667811393737793,noise,0.34619140625,3.552978515625,186,3.8828125,3.899169921875,full,1,186/direct/base/0/order1,0.7582537531852722,full
T3,1.5567692518234253,noise,0.7408447265625,3.1583251953125,186,3.40850830078125,3.899169921875,full,1,186/direct/base/0/order1,7.5428466796875,full
T4,2.9950766563415527,noise,0.612060546875,3.287109375,186,3.899169921875,3.899169921875,full,1,186/direct/base/0/order1,3.665241241455078,full
T5,1.3375083208084106,noise,-0.3828125,4.281982421875,186,4.1630859375,3.899169921875,full,1,186/direct/base/0/order1,1.289191722869873,full
