config_id,direction,population,n,mean,mean_absolute,median,minimum,maximum,sign_fraction,above_tau_fraction,retained,classification,ci_low,ci_high,source,site,kind,receiver,channel,panel,control_of
426:query_sentence:head:513:KV,noise,all89,89,-0.19519458192118097,0.20031570584586497,-0.1466064453125,-0.927642822265625,0.133056640625,0.9438202247191011,0.6853932584269663,True,coherent,-0.2314233159751035,-0.16161710305160354,426,query_sentence,head,513,KV,P4,
426:query_sentence:head:513:KV,noise,core20,20,-0.22903919219970703,0.22903919219970703,-0.22452545166015625,-0.4460182189941406,-0.066162109375,1.0,0.8,True,coherent,-0.27993590354919434,-0.17720652103424073,426,query_sentence,head,513,KV,P4,
426:query_sentence:head:513:KV,noise,additional69,69,-0.1853845499563908,0.19199005762736002,-0.129852294921875,-0.927642822265625,0.133056640625,0.927536231884058,0.6521739130434783,True,coherent,-0.2300499086794646,-0.1451760618583016,426,query_sentence,head,513,KV,P4,
426:query_sentence:head:513:KV,restore,all89,89,-0.1778975443893604,0.1856287784790725,-0.1451416015625,-0.7379379272460938,0.090576171875,0.9101123595505618,0.651685393258427,True,coherent,-0.2129201235396139,-0.14518669776702198,426,query_sentence,head,513,KV,P4,
426:query_sentence:head:513:KV,restore,core20,20,-0.15690231323242188,0.16897811889648437,-0.12308883666992188,-0.641998291015625,0.05682373046875,0.85,0.5,True,coherent,-0.23067324638366699,-0.09297885894775393,426,query_sentence,head,513,KV,P4,
426:query_sentence:head:513:KV,restore,additional69,69,-0.18398311863774838,0.1904550566189531,-0.1451416015625,-0.7379379272460938,0.090576171875,0.927536231884058,0.6956521739130435,True,coherent,-0.22453156087709508,-0.14706762597180797,426,query_sentence,head,513,KV,P4,
426:query_sentence:head:513:V,noise,all89,89,-0.17461210690187604,0.17461210690187604,-0.141204833984375,-0.555389404296875,-0.0006866455078125,1.0,0.6853932584269663,True,coherent,-0.198431192154295,-0.1522224699513296,426,query_sentence,head,513,V,P4,
426:query_sentence:head:513:V,noise,core20,20,-0.18521366119384766,0.18521366119384766,-0.14463043212890625,-0.36297607421875,-0.03955078125,1.0,0.75,True,coherent,-0.22950384616851807,-0.14158011436462403,426,query_sentence,head,513,V,P4,
426:query_sentence:head:513:V,noise,additional69,69,-0.17153919261434805,0.17153919261434805,-0.141204833984375,-0.555389404296875,-0.0006866455078125,1.0,0.6666666666666666,True,coherent,-0.19980086571928385,-0.1455066075359566,426,query_sentence,head,513,V,P4,
426:query_sentence:head:513:V,restore,all89,89,-0.17497259043575672,0.17597795604320055,-0.14910888671875,-0.7037353515625,0.03778076171875,0.9775280898876404,0.7191011235955056,True,coherent,-0.2034696254837379,-0.14877646250671217,426,query_sentence,head,513,V,P4,
426:query_sentence:head:513:V,restore,core20,20,-0.18579158782958985,0.18579158782958985,-0.18988037109375,-0.513397216796875,-0.0552978515625,1.0,0.7,True,coherent,-0.23630331993103026,-0.141905574798584,426,query_sentence,head,513,V,P4,
426:query_sentence:head:513:V,restore,additional69,69,-0.17183664916218191,0.17313342509062393,-0.14697265625,-0.7037353515625,0.03778076171875,0.9710144927536232,0.7246376811594203,True,coherent,-0.2056434578653695,-0.14091583714968917,426,query_sentence,head,513,V,P4,
426:query_sentence:head:547:KV,noise,all89,89,0.23400284735004553,0.23400284735004553,0.1861572265625,0.0023193359375,0.8182373046875,1.0,0.7752808988764045,True,coherent,0.20023744159869933,0.27110341747155353,426,query_sentence,head,547,KV,P4,
426:query_sentence:head:547:KV,noise,core20,20,0.22979869842529296,0.22979869842529296,0.237060546875,0.047607421875,0.4112358093261719,1.0,0.8,True,coherent,0.18044141292572022,0.2794161748886108,426,query_sentence,head,547,KV,P4,
426:query_sentence:head:547:KV,noise,additional69,69,0.23522144124127817,0.23522144124127817,0.16763973236083984,0.0023193359375,0.8182373046875,1.0,0.7681159420289855,True,coherent,0.19303167298220206,0.28060930932777517,426,query_sentence,head,547,KV,P4,
426:query_sentence:head:547:KV,restore,all89,89,0.20565847332557935,0.20629762799552318,0.1556396484375,-0.025146484375,0.815521240234375,0.9775280898876404,0.7528089887640449,True,coherent,0.17447177051158436,0.23928784413284127,426,query_sentence,head,547,KV,P4,
426:query_sentence:head:547:KV,restore,core20,20,0.18857955932617188,0.18857955932617188,0.1600341796875,0.027435302734375,0.5018310546875,1.0,0.8,True,coherent,0.1366434669494629,0.2449927759170532,426,query_sentence,head,547,KV,P4,
426:query_sentence:head:547:KV,restore,additional69,69,0.21060888318048007,0.211433300073596,0.1556396484375,-0.025146484375,0.815521240234375,0.9710144927536232,0.7391304347826086,True,coherent,0.17334211667378743,0.25145064782405235,426,query_sentence,head,547,KV,P4,
426:query_sentence:head:547:V,noise,all89,89,0.1500875869493806,0.1500875869493806,0.1290740966796875,0.0087432861328125,0.465576171875,1.0,0.6404494382022472,True,coherent,0.1327183685945661,0.16914227959815029,426,query_sentence,head,547,V,P4,
426:query_sentence:head:547:V,noise,core20,20,0.1462982177734375,0.1462982177734375,0.1455841064453125,0.0399932861328125,0.25897216796875,1.0,0.7,True,coherent,0.11930417060852051,0.1730485391616821,426,query_sentence,head,547,V,P4,
426:query_sentence:head:547:V,noise,additional69,69,0.15118595482646555,0.15118595482646555,0.12870407104492185,0.0087432861328125,0.465576171875,1.0,0.6231884057971014,True,coherent,0.12979016511336616,0.17409104074257006,426,query_sentence,head,547,V,P4,
426:query_sentence:head:547:V,restore,all89,89,0.13949978217649994,0.1400017791919494,0.12548065185546875,-0.0223388671875,0.4471435546875,0.9887640449438202,0.651685393258427,True,coherent,0.12183609839235798,0.15783315213878502,426,query_sentence,head,547,V,P4,
426:query_sentence:head:547:V,restore,core20,20,0.14788398742675782,0.14788398742675782,0.14264869689941406,0.0506591796875,0.330780029296875,1.0,0.7,True,coherent,0.11595608711242676,0.18332825660705562,426,query_sentence,head,547,V,P4,
426:query_sentence:head:547:V,restore,additional69,69,0.13706957775613535,0.13771708115287448,0.1212158203125,-0.0223388671875,0.4471435546875,0.9855072463768116,0.6376811594202898,True,coherent,0.11654403313346531,0.15907597921896674,426,query_sentence,head,547,V,P4,
426:query_sentence:head:594:K,noise,all89,89,-0.10689723893497767,0.13572107004315664,-0.102783203125,-0.5678863525390625,0.18560791015625,0.7640449438202247,0.5393258426966292,True,coherent,-0.1373889928453424,-0.07785769767975542,426,query_sentence,head,594,K,P4,
426:query_sentence:head:594:K,noise,core20,20,-0.12715425491333007,0.14065828323364257,-0.13231945037841794,-0.3594627380371094,0.05401611328125,0.8,0.6,True,coherent,-0.18166025876998904,-0.07424454450607311,426,query_sentence,head,594,K,P4,
426:query_sentence:head:594:K,noise,additional69,69,-0.10102564010067262,0.1342899937560593,-0.09490966796875,-0.5678863525390625,0.18560791015625,0.7536231884057971,0.5217391304347826,True,coherent,-0.13663281616957293,-0.06721757546715117,426,query_sentence,head,594,K,P4,
426:query_sentence:head:594:K,restore,all89,89,-0.07362035687050122,0.11130017912789678,-0.0702533721923828,-0.35272216796875,0.1923828125,0.7303370786516854,0.48314606741573035,True,heterogeneous,-0.09815989022844293,-0.04932815680343116,426,query_sentence,head,594,K,P4,
426:query_sentence:head:594:K,restore,core20,20,-0.057917213439941405,0.11442089080810547,-0.0714111328125,-0.32806396484375,0.1583290100097656,0.65,0.55,True,heterogeneous,-0.1134714126586914,-0.0026820802688599164,426,query_sentence,head,594,K,P4,
426:query_sentence:head:594:K,restore,additional69,69,-0.0781719926474751,0.11039562501769135,-0.0702533721923828,-0.35272216796875,0.1923828125,0.7536231884057971,0.463768115942029,True,heterogeneous,-0.10569070042043492,-0.051404442994490936,426,query_sentence,head,594,K,P4,
426:query_sentence:head:595:V,noise,all89,89,-0.11641270391057047,0.11641270391057047,-0.100830078125,-0.39688873291015625,-0.009033203125,1.0,0.5056179775280899,True,coherent,-0.1329387496026714,-0.1012909665536345,426,query_sentence,head,595,V,P4,
426:query_sentence:head:595:V,noise,core20,20,-0.1119039535522461,0.1119039535522461,-0.10174560546875,-0.23956298828125,-0.01385498046875,1.0,0.5,True,coherent,-0.13945306777954103,-0.08519228458404544,426,query_sentence,head,595,V,P4,
426:query_sentence:head:595:V,noise,additional69,69,-0.11771958807240361,0.11771958807240361,-0.100830078125,-0.39688873291015625,-0.009033203125,1.0,0.5072463768115942,True,coherent,-0.1375309261722841,-0.09975267596866776,426,query_sentence,head,595,V,P4,
426:query_sentence:head:595:V,restore,all89,89,-0.10308718413449405,0.10402945722087045,-0.0859375,-0.5169677734375,0.0308837890625,0.9662921348314607,0.4044943820224719,True,coherent,-0.12044957045758709,-0.08763961095488473,426,query_sentence,head,595,V,P4,
426:query_sentence:head:595:V,restore,core20,20,-0.11006488800048828,0.11006488800048828,-0.112548828125,-0.187744140625,-0.029296875,1.0,0.6,True,coherent,-0.13218582153320313,-0.08764968872070313,426,query_sentence,head,595,V,P4,
426:query_sentence:head:595:V,restore,additional69,69,-0.10106466127478558,0.10228005699489427,-0.0771484375,-0.5169677734375,0.0308837890625,0.9565217391304348,0.34782608695652173,True,coherent,-0.12291249555090199,-0.08219980329707051,426,query_sentence,head,595,V,P4,
426:query_sentence:mlp:14:,noise,all89,89,0.18422552708829387,0.18456979280107477,0.16552734375,-0.01531982421875,0.6236572265625,0.9887640449438202,0.6966292134831461,True,coherent,0.15740347752410375,0.21292254656888127,426,query_sentence,mlp,14,,P4,
426:query_sentence:mlp:14:,noise,core20,20,0.18135576248168944,0.18135576248168944,0.18863677978515625,0.03277587890625,0.43294525146484375,1.0,0.75,True,coherent,0.13859651565551756,0.2280515384674072,426,query_sentence,mlp,14,,P4,
426:query_sentence:mlp:14:,noise,additional69,69,0.18505734291629514,0.18550139579220096,0.156005859375,-0.01531982421875,0.6236572265625,0.9855072463768116,0.6811594202898551,True,coherent,0.1527336046315622,0.21949793497721348,426,query_sentence,mlp,14,,P4,
426:query_sentence:mlp:14:,restore,all89,89,0.17192503039756518,0.17218014363492473,0.130859375,-0.0113525390625,0.790802001953125,0.9887640449438202,0.6292134831460674,True,coherent,0.142679994561699,0.20336520993307725,426,query_sentence,mlp,14,,P4,
426:query_sentence:mlp:14:,restore,core20,20,0.171051025390625,0.171051025390625,0.1350860595703125,0.000396728515625,0.790802001953125,1.0,0.65,True,coherent,0.1048683738708496,0.25673870086669914,426,query_sentence,mlp,14,,P4,
426:query_sentence:mlp:14:,restore,additional69,69,0.17217836518218552,0.17250742428544638,0.130859375,-0.0113525390625,0.6374979019165039,0.9855072463768116,0.6231884057971014,True,coherent,0.14102457260739978,0.20694195049396455,426,query_sentence,mlp,14,,P4,
474:query_sentence:head:513:KV,noise,all89,89,0.14830841107314893,0.14977736955278376,0.13641357421875,-0.06536865234375,0.48834228515625,0.9887640449438202,0.6853932584269663,True,coherent,0.1288466685273674,0.1691336659902937,474,query_sentence,head,513,KV,P4,
474:query_sentence:head:513:KV,noise,core20,20,0.1416637420654297,0.1416637420654297,0.12811279296875,0.054443359375,0.28369140625,1.0,0.7,True,coherent,0.11258346080780028,0.17167331695556626,474,query_sentence,head,513,KV,P4,
474:query_sentence:head:513:KV,noise,additional69,69,0.15023440208987912,0.1521291456360748,0.13818359375,-0.06536865234375,0.48834228515625,0.9855072463768116,0.6811594202898551,True,coherent,0.12636008901872497,0.17550224877785942,474,query_sentence,head,513,KV,P4,
474:query_sentence:head:513:KV,restore,all89,89,0.13954834455854437,0.14048375976219607,0.120849609375,-0.02252197265625,0.4400634765625,0.9775280898876404,0.5393258426966292,True,coherent,0.11889760976427056,0.16131219462062532,474,query_sentence,head,513,KV,P4,
474:query_sentence:head:513:KV,restore,core20,20,0.12926654815673827,0.13117694854736328,0.092529296875,-0.01910400390625,0.328857421875,0.95,0.45,True,coherent,0.09047958374023438,0.17253756046295163,474,query_sentence,head,513,KV,P4,
474:query_sentence:head:513:KV,restore,additional69,69,0.14252857539964758,0.14318138620127802,0.1455078125,-0.02252197265625,0.4400634765625,0.9855072463768116,0.5652173913043478,True,coherent,0.11868478733560314,0.16832085415936898,474,query_sentence,head,513,KV,P4,
474:query_sentence:head:513:V,noise,all89,89,0.13602330175678382,0.13602330175678382,0.12128829956054685,0.001922607421875,0.4090576171875,1.0,0.6292134831460674,True,coherent,0.11989139251494675,0.15343112356207345,474,query_sentence,head,513,V,P4,
474:query_sentence:head:513:V,noise,core20,20,0.12451190948486328,0.12451190948486328,0.11585044860839842,0.0062408447265625,0.25689697265625,1.0,0.55,True,coherent,0.09697760105133056,0.1527395963668823,474,query_sentence,head,513,V,P4,
474:query_sentence:head:513:V,noise,additional69,69,0.1393599371979202,0.1393599371979202,0.1240234375,0.001922607421875,0.4090576171875,1.0,0.6521739130434783,True,coherent,0.11995154809260714,0.16002849150395046,474,query_sentence,head,513,V,P4,
474:query_sentence:head:513:V,restore,all89,89,0.13966132817643412,0.13985883519890602,0.1268310546875,-0.0087890625,0.4140625,0.9887640449438202,0.6179775280898876,True,coherent,0.12095541579000066,0.15930270023560253,474,query_sentence,head,513,V,P4,
474:query_sentence:head:513:V,restore,core20,20,0.1430917739868164,0.1430917739868164,0.119659423828125,0.0499305725097656,0.321868896484375,1.0,0.7,True,coherent,0.1107565689086914,0.1805046224594116,474,query_sentence,head,513,V,P4,
474:query_sentence:head:513:V,restore,additional69,69,0.13866699605748273,0.13892175149226535,0.1309814453125,-0.0087890625,0.4140625,0.9855072463768116,0.5942028985507246,True,coherent,0.11652430693308513,0.16220283853834946,474,query_sentence,head,513,V,P4,
505:query_child_last:head:513:KV,noise,all89,89,0.18456180979696551,0.18456180979696551,0.162353515625,0.01953125,0.51690673828125,1.0,0.7528089887640449,True,coherent,0.16224641853503965,0.207768251119035,505,query_child_last,head,513,KV,P2,
505:query_child_last:head:513:KV,noise,core20,20,0.21025657653808594,0.21025657653808594,0.16943359375,0.0757293701171875,0.3997802734375,1.0,0.9,True,coherent,0.1641344118118286,0.2583417224884033,505,query_child_last,head,513,KV,P2,
505:query_child_last:head:513:KV,noise,additional69,69,0.17711405132127844,0.17711405132127844,0.162353515625,0.01953125,0.51690673828125,1.0,0.7101449275362319,True,coherent,0.15188645193542258,0.20367891270181404,505,query_child_last,head,513,KV,P2,
505:query_child_last:head:513:KV,restore,all89,89,0.1810939445924223,0.1906792072767622,0.1776123046875,-0.1895751953125,0.7537841796875,0.9662921348314607,0.7303370786516854,True,coherent,0.1527646814839224,0.20993777339378095,505,query_child_last,head,513,KV,P2,
505:query_child_last:head:513:KV,restore,core20,20,0.17318830490112305,0.19688520431518555,0.17619991302490232,-0.167510986328125,0.473785400390625,0.9,0.75,True,coherent,0.10867543458938599,0.2365990567207336,505,query_child_last,head,513,KV,P2,
505:query_child_last:head:513:KV,restore,additional69,69,0.1833854343580163,0.18888036755548007,0.1776123046875,-0.1895751953125,0.7537841796875,0.9855072463768116,0.7246376811594203,True,coherent,0.1523130057514578,0.21664375775102251,505,query_child_last,head,513,KV,P2,
505:query_child_last:head:513:V,noise,all89,89,0.1815207138490141,0.1820309403237332,0.15118408203125,-0.022705078125,0.51043701171875,0.9887640449438202,0.7640449438202247,True,coherent,0.15939886315485066,0.20450396832455411,505,query_child_last,head,513,V,P2,
505:query_child_last:head:513:V,noise,core20,20,0.18114891052246093,0.18114891052246093,0.13443565368652344,0.0217742919921875,0.38417816162109375,1.0,0.8,True,coherent,0.13598387718200683,0.22902896404266357,505,query_child_last,head,513,V,P2,
505:query_child_last:head:513:V,noise,additional69,69,0.18162848292917444,0.1822866011356962,0.16015625,-0.022705078125,0.51043701171875,0.9855072463768116,0.7536231884057971,True,coherent,0.15667554744775744,0.2082099130188209,505,query_child_last,head,513,V,P2,
505:query_child_last:head:513:V,restore,all89,89,0.18705384918812956,0.18705384918812956,0.162994384765625,0.01141357421875,0.7662353515625,1.0,0.7303370786516854,True,coherent,0.1617573004090384,0.2141614759236239,505,query_child_last,head,513,V,P2,
505:query_child_last:head:513:V,restore,core20,20,0.2078627586364746,0.2078627586364746,0.196441650390625,0.064697265625,0.51934814453125,1.0,0.8,True,coherent,0.16334007501602174,0.25764082670211774,505,query_child_last,head,513,V,P2,
505:query_child_last:head:513:V,restore,additional69,69,0.1810222812320875,0.1810222812320875,0.1468505859375,0.01141357421875,0.7662353515625,1.0,0.7101449275362319,True,coherent,0.15150790896968563,0.2141708177068959,505,query_child_last,head,513,V,P2,
505:query_child_last:head:533:KV,noise,all89,89,0.21197862839430906,0.2124998274813877,0.181365966796875,-0.023193359375,0.998870849609375,0.9887640449438202,0.797752808988764,True,coherent,0.18217445076181646,0.24507165999894728,505,query_child_last,head,533,KV,P2,
505:query_child_last:head:533:KV,noise,core20,20,0.18988819122314454,0.18988819122314454,0.1499614715576172,0.0139617919921875,0.45147705078125,1.0,0.7,True,coherent,0.1383168888092041,0.24455729007720942,505,query_child_last,head,533,KV,P2,
505:query_child_last:head:533:KV,noise,additional69,69,0.21838165366131326,0.21905392494754514,0.1875,-0.023193359375,0.998870849609375,0.9855072463768116,0.8260869565217391,True,coherent,0.1833851881649183,0.25848810517269627,505,query_child_last,head,533,KV,P2,
505:query_child_last:head:533:KV,restore,all89,89,0.22255148244707773,0.22288203239440918,0.1716766357421875,-0.01470947265625,0.9259033203125,0.9887640449438202,0.797752808988764,True,coherent,0.187243893106332,0.2608185285932562,505,query_child_last,head,533,KV,P2,
505:query_child_last:head:533:KV,restore,core20,20,0.2371164321899414,0.2371164321899414,0.179656982421875,0.022369384765625,0.6943359375,1.0,0.9,True,coherent,0.16852238178253173,0.31685486793518064,505,query_child_last,head,533,KV,P2,
505:query_child_last:head:533:KV,restore,additional69,69,0.21832975788392883,0.21875611941019693,0.1688232421875,-0.01470947265625,0.9259033203125,0.9855072463768116,0.7681159420289855,True,coherent,0.17811155077339946,0.2632506527762482,505,query_child_last,head,533,KV,P2,
505:query_child_last:head:533:V,noise,all89,89,0.2101477665847607,0.21055923954824382,0.1834716796875,-0.018310546875,1.2012939453125,0.9887640449438202,0.797752808988764,True,coherent,0.17962708071376499,0.2461509463492404,505,query_child_last,head,533,V,P2,
505:query_child_last:head:533:V,noise,core20,20,0.19176244735717773,0.19176244735717773,0.14557266235351562,0.01971435546875,0.45465087890625,1.0,0.7,True,coherent,0.13825876235961915,0.24861103534698484,505,query_child_last,head,533,V,P2,
505:query_child_last:head:533:V,noise,additional69,69,0.21547684462174124,0.21600758511087167,0.1846809387207031,-0.018310546875,1.2012939453125,0.9855072463768116,0.8260869565217391,True,coherent,0.17936367142027704,0.2593711918678836,505,query_child_last,head,533,V,P2,
505:query_child_last:head:533:V,restore,all89,89,0.22305946671560908,0.22305946671560908,0.1845703125,0.01605224609375,0.9893798828125,1.0,0.8089887640449438,True,coherent,0.1898742598094297,0.2599261069565675,505,query_child_last,head,533,V,P2,
505:query_child_last:head:533:V,restore,core20,20,0.24070911407470702,0.24070911407470702,0.185943603515625,0.07177734375,0.58251953125,1.0,0.85,True,coherent,0.17783751487731933,0.3110935306549071,505,query_child_last,head,533,V,P2,
505:query_child_last:head:533:V,restore,additional69,69,0.2179436269013778,0.2179436269013778,0.1845703125,0.01605224609375,0.9893798828125,1.0,0.7971014492753623,True,coherent,0.17950967947642008,0.26110310658164637,505,query_child_last,head,533,V,P2,
513:colon:head:547:Q,noise,all89,89,-0.14551739746265197,0.151389888163363,-0.124755859375,-0.6483001708984375,0.09490966796875,0.9325842696629213,0.550561797752809,True,coherent,-0.17235592242037312,-0.12069122710924471,513,colon,head,547,Q,P3,
513:colon:head:547:Q,noise,core20,20,-0.1484710693359375,0.14869384765625,-0.17918968200683594,-0.2974853515625,0.002227783203125,0.95,0.6,True,coherent,-0.18907318592071531,-0.1064273738861084,513,colon,head,547,Q,P3,
513:colon:head:547:Q,noise,additional69,69,-0.1446612606877866,0.15217134917991748,-0.110809326171875,-0.6483001708984375,0.09490966796875,0.927536231884058,0.5362318840579711,True,coherent,-0.17688486576080323,-0.11494321529416071,513,colon,head,547,Q,P3,
513:colon:head:547:Q,restore,all89,89,-0.12030451217394196,0.13125723667359085,-0.1007080078125,-0.4573974609375,0.269561767578125,0.9325842696629213,0.5168539325842697,True,coherent,-0.1423784916990259,-0.09812149251444957,513,colon,head,547,Q,P3,
513:colon:head:547:Q,restore,core20,20,-0.12093706130981445,0.13816423416137696,-0.0977029800415039,-0.4573974609375,0.0992431640625,0.9,0.5,True,coherent,-0.17803597927093506,-0.06908056974411016,513,colon,head,547,Q,P3,
513:colon:head:547:Q,restore,additional69,69,-0.12012116459832675,0.12925520841626154,-0.1007080078125,-0.4569091796875,0.269561767578125,0.9420289855072463,0.5217391304347826,True,coherent,-0.1439144908518031,-0.09629657795463785,513,colon,head,547,Q,P3,
513:colon:head:561:KV,noise,all89,89,0.188978800612889,0.1910121628407682,0.156005859375,-0.05194091796875,0.7482223510742188,0.9662921348314607,0.7191011235955056,True,coherent,0.16191714653808081,0.2181282764070489,513,colon,head,561,KV,P3,
513:colon:head:561:KV,noise,core20,20,0.20383071899414062,0.20383071899414062,0.18072128295898438,0.043701171875,0.49505615234375,1.0,0.75,True,coherent,0.14901392936706542,0.26264616012573244,513,colon,head,561,KV,P3,
513:colon:head:561:KV,noise,additional69,69,0.18467389673426532,0.18729663931805154,0.151885986328125,-0.05194091796875,0.7482223510742188,0.9565217391304348,0.7101449275362319,True,coherent,0.15363569259643553,0.2186441039693527,513,colon,head,561,KV,P3,
513:colon:head:561:KV,restore,all89,89,0.19740231117505705,0.19871662439924948,0.16583251953125,-0.053466796875,1.0352783203125,0.9775280898876404,0.7415730337078652,True,coherent,0.1634373450547122,0.2359815672542272,513,colon,head,561,KV,P3,
513:colon:head:561:KV,restore,core20,20,0.19891881942749023,0.19891881942749023,0.16228485107421875,0.02587890625,0.604278564453125,1.0,0.8,True,coherent,0.14275567770004272,0.26383553504943846,513,colon,head,561,KV,P3,
513:colon:head:561:KV,restore,additional69,69,0.19696274356565613,0.19865801714468692,0.16583251953125,-0.053466796875,1.0352783203125,0.9710144927536232,0.7246376811594203,True,coherent,0.15700670187024102,0.24407751871191935,513,colon,head,561,KV,P3,
513:colon:head:561:V,noise,all89,89,0.19049020295732477,0.19230685609110285,0.16448974609375,-0.052703857421875,0.7472076416015625,0.9662921348314607,0.7078651685393258,True,coherent,0.16356877289461286,0.2193850876240247,513,colon,head,561,V,P3,
513:colon:head:561:V,noise,core20,20,0.2061288833618164,0.2061288833618164,0.1888751983642578,0.0452880859375,0.46575927734375,1.0,0.7,True,coherent,0.1532556676864624,0.26187062263488764,513,colon,head,561,V,P3,
513:colon:head:561:V,noise,additional69,69,0.18595725211544314,0.188300471374954,0.15667724609375,-0.052703857421875,0.7472076416015625,0.9565217391304348,0.7101449275362319,True,coherent,0.1546987117200658,0.22032525798548822,513,colon,head,561,V,P3,
513:colon:head:561:V,restore,all89,89,0.19466716252016217,0.19641043630878577,0.16115951538085935,-0.0626220703125,1.009521484375,0.9775280898876404,0.7303370786516854,True,coherent,0.16079083721289475,0.2327335191576668,513,colon,head,561,V,P3,
513:colon:head:561:V,restore,core20,20,0.19448890686035156,0.19448890686035156,0.14801025390625,0.023468017578125,0.638916015625,1.0,0.7,True,coherent,0.13492945671081544,0.2631727027893066,513,colon,head,561,V,P3,
513:colon:head:561:V,restore,additional69,69,0.19471883082735367,0.19696740136630292,0.16314697265625,-0.0626220703125,1.009521484375,0.9710144927536232,0.7391304347826086,True,coherent,0.15501770247583802,0.2408082022183183,513,colon,head,561,V,P3,
513:colon:head:594:Q,noise,all89,89,0.371627078967148,0.37205141046074,0.3209228515625,-0.01116180419921875,1.03790283203125,0.9775280898876404,0.9213483146067416,True,coherent,0.3252168309822511,0.42007834415757256,513,colon,head,594,Q,P3,
513:colon:head:594:Q,noise,core20,20,0.38652992248535156,0.38652992248535156,0.3491973876953125,0.12579345703125,0.83349609375,1.0,1.0,True,coherent,0.30876680374145504,0.4692150831222534,513,colon,head,594,Q,P3,
513:colon:head:594:Q,noise,additional69,69,0.3673074141792629,0.36785474030867865,0.3209228515625,-0.01116180419921875,1.03790283203125,0.9710144927536232,0.8985507246376812,True,coherent,0.3115465120992799,0.4254390182702438,513,colon,head,594,Q,P3,
513:colon:head:594:Q,restore,all89,89,0.3695375035318096,0.3695375035318096,0.352294921875,0.0177001953125,1.0767822265625,1.0,0.8876404494382022,True,coherent,0.3229708200090387,0.4178576051519157,513,colon,head,594,Q,P3,
513:colon:head:594:Q,restore,core20,20,0.3814064025878906,0.3814064025878906,0.36102294921875,0.0584716796875,0.90472412109375,1.0,0.9,True,coherent,0.2908991479873657,0.48195327758789036,513,colon,head,594,Q,P3,
513:colon:head:594:Q,restore,additional69,69,0.3660972429358441,0.3660972429358441,0.3427886962890625,0.0177001953125,1.0767822265625,1.0,0.8840579710144928,True,coherent,0.31251966711403667,0.42276222325753476,513,colon,head,594,Q,P3,
513:colon:head:595:Q,noise,all89,89,0.2738433312833979,0.2773801985751377,0.231201171875,-0.083099365234375,0.8595685958862305,0.9662921348314607,0.8651685393258427,True,coherent,0.23498799157946298,0.31595383239596075,513,colon,head,595,Q,P3,
513:colon:head:595:Q,noise,core20,20,0.2834638595581055,0.2834638595581055,0.254669189453125,0.04327392578125,0.556640625,1.0,0.95,True,coherent,0.22133822917938234,0.3469216918945312,513,colon,head,595,Q,P3,
513:colon:head:595:Q,noise,additional69,69,0.2710547723631928,0.2756168185800746,0.23028564453125,-0.083099365234375,0.8595685958862305,0.9565217391304348,0.8405797101449275,True,coherent,0.22328169933263806,0.32178346160529314,513,colon,head,595,Q,P3,
513:colon:head:595:Q,restore,all89,89,0.2520480745294121,0.2532848936788152,0.248779296875,-0.03369140625,0.8282470703125,0.9775280898876404,0.7640449438202247,True,coherent,0.21483035167951264,0.2908307171939464,513,colon,head,595,Q,P3,
513:colon:head:595:Q,restore,core20,20,0.23744821548461914,0.23744821548461914,0.22121524810791016,0.043182373046875,0.8282470703125,1.0,0.75,True,coherent,0.16481008529663085,0.3251442694664,513,colon,head,595,Q,P3,
513:colon:head:595:Q,restore,additional69,69,0.25627991773080133,0.25787523518437927,0.24951171875,-0.03369140625,0.760498046875,0.9710144927536232,0.7681159420289855,True,coherent,0.2140664729519167,0.3015952113745869,513,colon,head,595,Q,P3,
533:colon:head:547:Q,noise,all89,89,-0.13178082798304183,0.1329631269647834,-0.09710693359375,-0.50341796875,0.023406982421875,0.9438202247191011,0.4943820224719101,True,coherent,-0.15443496838044582,-0.11051973171448443,533,colon,head,547,Q,P3,
533:colon:head:547:Q,noise,core20,20,-0.11646232604980469,0.11674308776855469,-0.08318328857421875,-0.240966796875,0.0028076171875,0.95,0.45,True,coherent,-0.15245114803314208,-0.08098876714706425,533,colon,head,547,Q,P3,
533:colon:head:547:Q,noise,additional69,69,-0.13622097347093665,0.13766458760137143,-0.1021728515625,-0.50341796875,0.023406982421875,0.9420289855072463,0.5072463768115942,True,coherent,-0.16339385198510212,-0.11058498344559602,533,colon,head,547,Q,P3,
533:colon:head:547:Q,restore,all89,89,-0.13017181867963812,0.13148990373932914,-0.1013641357421875,-0.6102294921875,0.02978515625,0.9438202247191011,0.5168539325842697,True,coherent,-0.15352107835619638,-0.10923409729861142,533,colon,head,547,Q,P3,
533:colon:head:547:Q,restore,core20,20,-0.13012981414794922,0.13104991912841796,-0.086151123046875,-0.38037109375,0.0092010498046875,0.95,0.45,True,coherent,-0.17449255466461183,-0.09060374259948738,533,colon,head,547,Q,P3,
533:colon:head:547:Q,restore,additional69,69,-0.13018399390621463,0.13161743551060773,-0.10260009765625,-0.6102294921875,0.02978515625,0.9420289855072463,0.5362318840579711,True,coherent,-0.15735579677250075,-0.10563158159670627,533,colon,head,547,Q,P3,
533:colon:head:561:KV,noise,all89,89,0.1566075153565139,0.1571465449386768,0.1304931640625,-0.018310546875,0.641357421875,0.9775280898876404,0.6404494382022472,True,coherent,0.13383159677634077,0.18133561544204024,533,colon,head,561,KV,P3,
533:colon:head:561:KV,noise,core20,20,0.16437344551086425,0.16494107246398926,0.15154647827148438,-0.00567626953125,0.454345703125,0.95,0.6,True,coherent,0.11365313053131103,0.2176478672027587,533,colon,head,561,KV,P3,
533:colon:head:561:KV,noise,additional69,69,0.1543565211088761,0.15488726159800653,0.12933349609375,-0.018310546875,0.641357421875,0.9855072463768116,0.6521739130434783,True,coherent,0.12906600046848904,0.18255443780318548,533,colon,head,561,KV,P3,
533:colon:head:561:KV,restore,all89,89,0.19091435764612777,0.1918730896510435,0.1314697265625,-0.04266357421875,1.4051513671875,0.9887640449438202,0.6853932584269663,True,coherent,0.15230946085426245,0.23729508378532485,533,colon,head,561,KV,P3,
533:colon:head:561:KV,restore,core20,20,0.20322904586791993,0.20322904586791993,0.17510986328125,0.05804443359375,0.4199371337890625,1.0,0.8,True,coherent,0.15325048208236694,0.2567745518684386,533,colon,head,561,KV,P3,
533:colon:head:561:KV,restore,additional69,69,0.18734488279923148,0.1885815081389054,0.13045501708984375,-0.04266357421875,1.4051513671875,0.9855072463768116,0.6521739130434783,True,coherent,0.13991505477739416,0.24588102741517875,533,colon,head,561,KV,P3,
533:colon:head:561:V,noise,all89,89,0.15773813376265966,0.15857205230198548,0.12900543212890625,-0.020263671875,0.6319580078125,0.9550561797752809,0.6741573033707865,True,coherent,0.13455732712584936,0.18286862574266582,533,colon,head,561,V,P3,
533:colon:head:561:V,noise,core20,20,0.1684016227722168,0.1690424919128418,0.1693887710571289,-0.00640869140625,0.4510498046875,0.95,0.6,True,coherent,0.119507098197937,0.21967531204223628,533,colon,head,561,V,P3,
533:colon:head:561:V,noise,additional69,69,0.15464726738307788,0.15553714226985324,0.1235847473144531,-0.020263671875,0.6319580078125,0.9565217391304348,0.6956521739130435,True,coherent,0.12854240890862284,0.18338347984396888,533,colon,head,561,V,P3,
533:colon:head:561:V,restore,all89,89,0.18898918119709143,0.19034567040004088,0.13189697265625,-0.06036376953125,1.423583984375,0.9887640449438202,0.651685393258427,True,coherent,0.1501602878061573,0.23609500138947134,533,colon,head,561,V,P3,
533:colon:head:561:V,restore,core20,20,0.19556708335876466,0.19556708335876466,0.14521026611328125,0.039703369140625,0.409912109375,1.0,0.7,True,coherent,0.14432059168815614,0.2502020180225372,533,colon,head,561,V,P3,
533:colon:head:561:V,restore,additional69,69,0.18708254288936008,0.18883221736852673,0.1255035400390625,-0.06036376953125,1.423583984375,0.9855072463768116,0.6376811594202898,True,coherent,0.1394484159739121,0.24594818897869272,533,colon,head,561,V,P3,
533:colon:head:594:Q,noise,all89,89,0.3490619177228949,0.3497257607706477,0.3073158264160156,-0.029541015625,1.46234130859375,0.9887640449438202,0.9325842696629213,True,coherent,0.304552149504758,0.39765797960624266,533,colon,head,594,Q,P3,
533:colon:head:594:Q,noise,core20,20,0.3539587020874023,0.3539587020874023,0.38942527770996094,0.02313232421875,0.74822998046875,1.0,0.9,True,coherent,0.2700858688354492,0.43819752693176256,533,colon,head,594,Q,P3,
533:colon:head:594:Q,noise,additional69,69,0.3476425599360812,0.3484988212585449,0.2757568359375,-0.029541015625,1.46234130859375,0.9855072463768116,0.9420289855072463,True,coherent,0.2956132731575897,0.4050118814343991,533,colon,head,594,Q,P3,
533:colon:head:594:Q,restore,all89,89,0.40691749299510144,0.40872111615170253,0.35711669921875,-0.08026123046875,1.70166015625,0.9887640449438202,0.8651685393258427,True,coherent,0.3464621743794238,0.47341693649800975,533,colon,head,594,Q,P3,
533:colon:head:594:Q,restore,core20,20,0.40151265263557434,0.40151265263557434,0.3811378479003906,0.089080810546875,0.71923828125,1.0,0.95,True,coherent,0.3243774743378163,0.48317254781723007,533,colon,head,594,Q,P3,
533:colon:head:594:Q,restore,additional69,69,0.40848411338916724,0.4108105258665223,0.34331512451171875,-0.08026123046875,1.70166015625,0.9855072463768116,0.8405797101449275,True,coherent,0.33434413757877074,0.48898904358131295,533,colon,head,594,Q,P3,
533:colon:head:595:Q,noise,all89,89,0.23132012935166948,0.2336120337582706,0.20556640625,-0.05322265625,0.96258544921875,0.9662921348314607,0.7752808988764045,True,coherent,0.19911993715200532,0.26543774403882825,533,colon,head,595,Q,P3,
533:colon:head:595:Q,noise,core20,20,0.21640758514404296,0.22172985076904297,0.209991455078125,-0.05322265625,0.4876708984375,0.95,0.7,True,coherent,0.1572009563446045,0.27518619537353506,533,colon,head,595,Q,P3,
533:colon:head:595:Q,noise,additional69,69,0.2356426059335902,0.23705614476964093,0.20526885986328125,-0.033935546875,0.96258544921875,0.9710144927536232,0.7971014492753623,True,coherent,0.19831026896186496,0.27666135957275606,533,colon,head,595,Q,P3,
533:colon:head:595:Q,restore,all89,89,0.2651156307606215,0.26613196898042485,0.214599609375,-0.04522705078125,1.126953125,0.9887640449438202,0.8089887640449438,True,coherent,0.2216955292090941,0.31355507936370497,533,colon,head,595,Q,P3,
533:colon:head:595:Q,restore,core20,20,0.2684486389160156,0.2684486389160156,0.25927734375,0.048004150390625,0.5343017578125,1.0,0.95,True,coherent,0.21251861333847047,0.3270704221725464,533,colon,head,595,Q,P3,
533:colon:head:595:Q,restore,additional69,69,0.2641495414402174,0.26546047044836957,0.214599609375,-0.04522705078125,1.126953125,0.9855072463768116,0.7681159420289855,True,coherent,0.2103488977404608,0.3231525310571643,533,colon,head,595,Q,P3,
545:query_is_token:head:594:KV,noise,all89,89,1.053473419018006,1.053473419018006,1.0369377136230469,0.060302734375,2.468505859375,1.0,0.9775280898876404,True,coherent,0.9594575198848595,1.1529072515080483,545,query_is_token,head,594,KV,P1,
545:query_is_token:head:594:KV,noise,core20,20,1.033708882331848,1.033708882331848,1.138845443725586,0.405059814453125,1.7470703125,1.0,1.0,True,coherent,0.8595758867263793,1.2068894910812378,545,query_is_token,head,594,KV,P1,
545:query_is_token:head:594:KV,noise,additional69,69,1.0592022702313852,1.0592022702313852,0.960235595703125,0.060302734375,2.468505859375,1.0,0.9710144927536232,True,coherent,0.9464289813801862,1.1741866737172222,545,query_is_token,head,594,KV,P1,
545:query_is_token:head:594:KV,restore,all89,89,1.0170014788595478,1.0170014788595478,0.91668701171875,0.0673828125,2.675079345703125,1.0,0.9887640449438202,True,coherent,0.9208903608697183,1.1201719284057616,545,query_is_token,head,594,KV,P1,
545:query_is_token:head:594:KV,restore,core20,20,1.0158849716186524,1.0158849716186524,0.9255867004394531,0.41888427734375,2.2373046875,1.0,1.0,True,coherent,0.8521994781494141,1.206235589981079,545,query_is_token,head,594,KV,P1,
545:query_is_token:head:594:KV,restore,additional69,69,1.017325104146764,1.017325104146764,0.91668701171875,0.0673828125,2.675079345703125,1.0,0.9855072463768116,True,coherent,0.9040580562923265,1.1374280017355214,545,query_is_token,head,594,KV,P1,
545:query_is_token:head:594:V,noise,all89,89,0.9970490664578555,0.9970490664578555,0.9490890502929688,0.055419921875,2.2169189453125,1.0,0.9775280898876404,True,coherent,0.9093284419413363,1.0887495373072247,545,query_is_token,head,594,V,P1,
545:query_is_token:head:594:V,noise,core20,20,0.9597070217132568,0.9597070217132568,0.9688987731933594,0.407012939453125,1.6919403076171875,1.0,1.0,True,coherent,0.7993664932250977,1.1319081902503967,545,query_is_token,head,594,V,P1,
545:query_is_token:head:594:V,noise,additional69,69,1.0078728475432466,1.0078728475432466,0.90869140625,0.055419921875,2.2169189453125,1.0,0.9710144927536232,True,coherent,0.9032864048861076,1.1125854065452792,545,query_is_token,head,594,V,P1,
545:query_is_token:head:594:V,restore,all89,89,0.9590217176448094,0.9590217176448094,0.89208984375,0.07177734375,2.509796142578125,1.0,0.9887640449438202,True,coherent,0.8738044038414956,1.0508014169636737,545,query_is_token,head,594,V,P1,
545:query_is_token:head:594:V,restore,core20,20,0.9448675155639649,0.9448675155639649,0.8829803466796875,0.5120849609375,1.7152099609375,1.0,1.0,True,coherent,0.8131869316101075,1.089065361022949,545,query_is_token,head,594,V,P1,
545:query_is_token:head:594:V,restore,additional69,69,0.9631243849146194,0.9631243849146194,0.89208984375,0.07177734375,2.509796142578125,1.0,0.9855072463768116,True,coherent,0.8596571314378061,1.0714848796310632,545,query_is_token,head,594,V,P1,
545:query_is_token:head:595:KV,noise,all89,89,0.9448824625336723,0.9448824625336723,0.88525390625,0.0380859375,2.366943359375,1.0,0.9775280898876404,True,coherent,0.857755928227071,1.0371751848231539,545,query_is_token,head,595,KV,P1,
545:query_is_token:head:595:KV,noise,core20,20,0.954924201965332,0.954924201965332,0.8500308990478516,0.2681884765625,2.087158203125,1.0,1.0,True,coherent,0.779380898475647,1.1508986902236935,545,query_is_token,head,595,KV,P1,
545:query_is_token:head:595:KV,noise,additional69,69,0.9419718134230461,0.9419718134230461,0.88525390625,0.0380859375,2.366943359375,1.0,0.9710144927536232,True,coherent,0.8414916387502698,1.0480934283007746,545,query_is_token,head,595,KV,P1,
545:query_is_token:head:595:KV,restore,all89,89,0.9668278211957952,0.9668278211957952,0.89306640625,0.0938720703125,2.294219970703125,1.0,0.9887640449438202,True,coherent,0.8799536190675886,1.058409487799312,545,query_is_token,head,595,KV,P1,
545:query_is_token:head:595:KV,restore,core20,20,0.9913976669311524,0.9913976669311524,0.9775238037109375,0.416015625,1.86376953125,1.0,1.0,True,coherent,0.8349517631530762,1.160786972045898,545,query_is_token,head,595,KV,P1,
545:query_is_token:head:595:KV,restore,additional69,69,0.9597061267797498,0.9597061267797498,0.881591796875,0.0938720703125,2.294219970703125,1.0,0.9855072463768116,True,coherent,0.8569934368133545,1.0684478006501126,545,query_is_token,head,595,KV,P1,
545:query_is_token:head:595:V,noise,all89,89,0.9069197311829985,0.9069197311829985,0.8543548583984375,0.03857421875,2.1144485473632812,1.0,0.9775280898876404,True,coherent,0.8229608539784893,0.9954991071411732,545,query_is_token,head,595,V,P1,
545:query_is_token:head:595:V,noise,core20,20,0.914797019958496,0.914797019958496,0.8745193481445312,0.267974853515625,1.92529296875,1.0,1.0,True,coherent,0.7509476661682128,1.0971998119354247,545,query_is_token,head,595,V,P1,
545:query_is_token:head:595:V,noise,additional69,69,0.9046364590741586,0.9046364590741586,0.834228515625,0.03857421875,2.1144485473632812,1.0,0.9710144927536232,True,coherent,0.8067389187605485,1.0057236529778741,545,query_is_token,head,595,V,P1,
545:query_is_token:head:595:V,restore,all89,89,0.9114021129822463,0.9114021129822463,0.8089599609375,0.0936279296875,2.118560791015625,1.0,0.9887640449438202,True,coherent,0.8302875320563156,0.9971806906582263,545,query_is_token,head,595,V,P1,
545:query_is_token:head:595:V,restore,core20,20,0.9146921157836914,0.9146921157836914,0.923431396484375,0.46832275390625,1.7135505676269531,1.0,1.0,True,coherent,0.7681372451782227,1.0779644536972046,545,query_is_token,head,595,V,P1,
545:query_is_token:head:595:V,restore,additional69,69,0.9104484889818274,0.9104484889818274,0.7943115234375,0.0936279296875,2.118560791015625,1.0,0.9855072463768116,True,coherent,0.814348162084386,1.0110456204068832,545,query_is_token,head,595,V,P1,
545:query_is_token:head:600:V,noise,all89,89,-0.31470859452579797,0.31470859452579797,-0.3051643371582031,-0.732818603515625,-0.0263671875,1.0,0.9775280898876404,True,coherent,-0.3411486906951733,-0.2893675617957383,545,query_is_token,head,600,V,P1,
545:query_is_token:head:600:V,noise,core20,20,-0.3251034736633301,0.3251034736633301,-0.29653167724609375,-0.58868408203125,-0.15355682373046875,1.0,1.0,True,coherent,-0.37291023015975955,-0.2818016004562378,545,query_is_token,head,600,V,P1,
545:query_is_token:head:600:V,noise,additional69,69,-0.31169558608013653,0.31169558608013653,-0.305267333984375,-0.732818603515625,-0.0263671875,1.0,0.9710144927536232,True,coherent,-0.34254305725512296,-0.28156778855600223,545,query_is_token,head,600,V,P1,
545:query_is_token:head:600:V,restore,all89,89,-0.33077065864305816,0.33077065864305816,-0.2963428497314453,-0.74066162109375,-0.0517578125,1.0,0.9775280898876404,True,coherent,-0.3609458455878697,-0.3014986126610403,545,query_is_token,head,600,V,P1,
545:query_is_token:head:600:V,restore,core20,20,-0.36623268127441405,0.36623268127441405,-0.3510589599609375,-0.654510498046875,-0.12353515625,1.0,1.0,True,coherent,-0.43110251903533936,-0.30333751201629644,545,query_is_token,head,600,V,P1,
545:query_is_token:head:600:V,restore,additional69,69,-0.32049181150353473,0.32049181150353473,-0.2880096435546875,-0.74066162109375,-0.0517578125,1.0,0.9710144927536232,True,coherent,-0.35452917900638303,-0.28815045754114793,545,query_is_token,head,600,V,P1,
545:query_is_token:head:641:V,noise,all89,89,-0.13840602221113912,0.13840602221113912,-0.1207275390625,-0.43225812911987305,-0.006591796875,1.0,0.6741573033707865,True,coherent,-0.15517020627353967,-0.12292327110686999,545,query_is_token,head,641,V,P1,
545:query_is_token:head:641:V,noise,core20,20,-0.13228912353515626,0.13228912353515626,-0.1068267822265625,-0.3063507080078125,-0.0393829345703125,1.0,0.55,True,coherent,-0.16714605331420898,-0.10192831039428714,545,query_is_token,head,641,V,P1,
545:query_is_token:head:641:V,noise,additional69,69,-0.14017903632011966,0.14017903632011966,-0.1259765625,-0.43225812911987305,-0.006591796875,1.0,0.7101449275362319,True,coherent,-0.15941594182581142,-0.12237521487733592,545,query_is_token,head,641,V,P1,
545:query_is_token:head:641:V,restore,all89,89,-0.1330662202299311,0.1330662202299311,-0.12353515625,-0.4710693359375,-0.002197265625,1.0,0.651685393258427,True,coherent,-0.1489932119176629,-0.11856827039397166,545,query_is_token,head,641,V,P1,
545:query_is_token:head:641:V,restore,core20,20,-0.14083991050720215,0.14083991050720215,-0.12530517578125,-0.329376220703125,-0.04541015625,1.0,0.6,True,coherent,-0.17530810356140136,-0.10967499494552614,545,query_is_token,head,641,V,P1,
545:query_is_token:head:641:V,restore,additional69,69,-0.1308129766713018,0.1308129766713018,-0.123504638671875,-0.4710693359375,-0.002197265625,1.0,0.6666666666666666,True,coherent,-0.1485093431196351,-0.11459932189056841,545,query_is_token,head,641,V,P1,
545:query_is_token:head:709:V,noise,all89,89,0.12046885758303524,0.12046885758303524,0.11224365234375,0.001953125,0.268798828125,1.0,0.5730337078651685,True,coherent,0.10914440704195688,0.13236222990443197,545,query_is_token,head,709,V,P1,
545:query_is_token:head:709:V,noise,core20,20,0.12531394958496095,0.12531394958496095,0.11273956298828125,0.04876708984375,0.2635955810546875,1.0,0.6,True,coherent,0.10148204803466797,0.1523884296417236,545,query_is_token,head,709,V,P1,
545:query_is_token:head:709:V,noise,additional69,69,0.11906448308972345,0.11906448308972345,0.11224365234375,0.001953125,0.268798828125,1.0,0.5652173913043478,True,coherent,0.10637267119642617,0.1319917170897774,545,query_is_token,head,709,V,P1,
545:query_is_token:head:709:V,restore,all89,89,0.1215356762489576,0.1215356762489576,0.11474609375,0.007080078125,0.27703857421875,1.0,0.5842696629213483,True,coherent,0.1105342216706008,0.13286303080869524,545,query_is_token,head,709,V,P1,
545:query_is_token:head:709:V,restore,core20,20,0.12869396209716796,0.12869396209716796,0.1271209716796875,0.0390625,0.2404327392578125,1.0,0.7,True,coherent,0.10691672325134277,0.15184322357177726,545,query_is_token,head,709,V,P1,
545:query_is_token:head:709:V,restore,additional69,69,0.11946081078570822,0.11946081078570822,0.1094970703125,0.007080078125,0.27703857421875,1.0,0.5507246376811594,True,coherent,0.10689265140588733,0.13234852085942808,545,query_is_token,head,709,V,P1,
545:query_mother:head:594:KV,noise,all89,89,1.1850959209913619,1.1850959209913619,0.97900390625,0.224609375,3.73046875,1.0,1.0,True,coherent,1.0469765569386857,1.3342709087253954,545,query_mother,head,594,KV,P1,
545:query_mother:head:594:KV,noise,core20,20,1.326185703277588,1.326185703277588,1.3216934204101562,0.5098876953125,2.510467529296875,1.0,1.0,True,coherent,1.0859194016456606,1.5886703038215635,545,query_mother,head,594,KV,P1,
545:query_mother:head:594:KV,noise,additional69,69,1.1442003319228904,1.1442003319228904,0.96392822265625,0.224609375,3.73046875,1.0,1.0,True,coherent,0.9837322340495344,1.3214531984882079,545,query_mother,head,594,KV,P1,
545:query_mother:head:594:KV,restore,all89,89,1.0549345766560416,1.0549345766560416,0.92529296875,0.1077880859375,3.410186767578125,1.0,1.0,True,coherent,0.9447830071610012,1.1749240221602193,545,query_mother,head,594,KV,P1,
545:query_mother:head:594:KV,restore,core20,20,1.0464230537414552,1.0464230537414552,0.9521217346191406,0.358795166015625,2.409515380859375,1.0,1.0,True,coherent,0.8578170728683471,1.2635690951347347,545,query_mother,head,594,KV,P1,
545:query_mother:head:594:KV,restore,additional69,69,1.057401684747226,1.057401684747226,0.9151992797851562,0.1077880859375,3.410186767578125,1.0,1.0,True,coherent,0.9279884656270345,1.1982802149178324,545,query_mother,head,594,KV,P1,
545:query_mother:head:594:V,noise,all89,89,1.1149384520027075,1.1149384520027075,0.9653129577636719,0.229248046875,2.998291015625,1.0,1.0,True,coherent,0.9942292204063929,1.245561586337143,545,query_mother,head,594,V,P1,
545:query_mother:head:594:V,noise,core20,20,1.210488986968994,1.210488986968994,1.2040786743164062,0.45513916015625,2.1844100952148438,1.0,1.0,True,coherent,1.0062013459205628,1.4342302799224846,545,query_mother,head,594,V,P1,
545:query_mother:head:594:V,noise,additional69,69,1.0872426447661028,1.0872426447661028,0.8985939025878906,0.229248046875,2.998291015625,1.0,1.0,True,coherent,0.945348458359207,1.2413449677868162,545,query_mother,head,594,V,P1,
545:query_mother:head:594:V,restore,all89,89,1.0118067505654325,1.0118067505654325,0.9188461303710938,0.10009765625,3.018585205078125,1.0,1.0,True,coherent,0.915354677130667,1.1150843448853225,545,query_mother,head,594,V,P1,
545:query_mother:head:594:V,restore,core20,20,1.0315579414367675,1.0315579414367675,0.9349632263183594,0.320098876953125,2.1993408203125,1.0,1.0,True,coherent,0.8561429810523987,1.2264774060249326,545,query_mother,head,594,V,P1,
545:query_mother:head:594:V,restore,additional69,69,1.0060817677041758,1.0060817677041758,0.913787841796875,0.10009765625,3.018585205078125,1.0,1.0,True,coherent,0.8935041667758554,1.1275822518528367,545,query_mother,head,594,V,P1,
545:query_mother:head:595:KV,noise,all89,89,0.7417147239942229,0.7417147239942229,0.6365585327148438,0.180419921875,1.9635543823242185,1.0,1.0,True,coherent,0.6591380533207669,0.8289497592475976,545,query_mother,head,595,KV,P1,
545:query_mother:head:595:KV,noise,core20,20,0.7728560447692872,0.7728560447692872,0.5902900695800781,0.2549285888671875,1.9635543823242185,1.0,1.0,True,coherent,0.5790312552452087,0.9972182631492614,545,query_mother,head,595,KV,P1,
545:query_mother:head:595:KV,noise,additional69,69,0.7326882542043492,0.7326882542043492,0.6483154296875,0.180419921875,1.892578125,1.0,1.0,True,coherent,0.6443619940591895,0.8256560360175976,545,query_mother,head,595,KV,P1,
545:query_mother:head:595:KV,restore,all89,89,0.6851566775461261,0.6851566775461261,0.6195068359375,0.07421875,2.091552734375,1.0,0.9887640449438202,True,coherent,0.6159156468477142,0.7593629175357605,545,query_mother,head,595,KV,P1,
545:query_mother:head:595:KV,restore,core20,20,0.7164567708969116,0.7164567708969116,0.7095947265625,0.16607666015625,1.49951171875,1.0,1.0,True,coherent,0.5881783705949784,0.8531028699874875,545,query_mother,head,595,KV,P1,
545:query_mother:head:595:KV,restore,additional69,69,0.6760841867198115,0.6760841867198115,0.59881591796875,0.07421875,2.091552734375,1.0,0.9855072463768116,True,coherent,0.5937720101812611,0.7637038973794468,545,query_mother,head,595,KV,P1,
545:query_mother:head:595:V,noise,all89,89,0.6952526703309477,0.6952526703309477,0.5657119750976562,0.18267822265625,1.7077865600585938,1.0,1.0,True,coherent,0.6211149961760875,0.7719012204180943,545,query_mother,head,595,V,P1,
545:query_mother:head:595:V,noise,core20,20,0.7144511222839356,0.7144511222839356,0.5558967590332031,0.24040985107421875,1.7077865600585938,1.0,1.0,True,coherent,0.5464614820480347,0.9052615737915037,545,query_mother,head,595,V,P1,
545:query_mother:head:595:V,noise,additional69,69,0.6896879016489222,0.6896879016489222,0.6513671875,0.18267822265625,1.5321044921875,1.0,1.0,True,coherent,0.6094915134319361,0.772899656710417,545,query_mother,head,595,V,P1,
545:query_mother:head:595:V,restore,all89,89,0.651284225871054,0.651284225871054,0.576507568359375,0.080322265625,1.775146484375,1.0,0.9887640449438202,True,coherent,0.5877894095490488,0.7188007665484138,545,query_mother,head,595,V,P1,
545:query_mother:head:595:V,restore,core20,20,0.6706660270690918,0.6706660270690918,0.618896484375,0.18402099609375,1.4111328125,1.0,1.0,True,coherent,0.5549156332015992,0.7947533297538756,545,query_mother,head,595,V,P1,
545:query_mother:head:595:V,restore,additional69,69,0.6456663124803184,0.6456663124803184,0.5689697265625,0.080322265625,1.775146484375,1.0,0.9855072463768116,True,coherent,0.5702830892542134,0.725007284465043,545,query_mother,head,595,V,P1,
545:query_mother:head:600:V,noise,all89,89,-0.49941575661134185,0.49941575661134185,-0.4693603515625,-1.367431640625,-0.0576171875,1.0,0.9887640449438202,True,coherent,-0.5443401885836312,-0.4577464252375485,545,query_mother,head,600,V,P1,
545:query_mother:head:600:V,noise,core20,20,-0.5480789184570313,0.5480789184570313,-0.54852294921875,-1.167327880859375,-0.287506103515625,1.0,1.0,True,coherent,-0.6426115560531616,-0.46644846439361587,545,query_mother,head,600,V,P1,
545:query_mother:head:600:V,noise,additional69,69,-0.48531049230824347,0.48531049230824347,-0.4515380859375,-1.367431640625,-0.0576171875,1.0,0.9855072463768116,True,coherent,-0.5360544173613838,-0.43900849249051976,545,query_mother,head,600,V,P1,
545:query_mother:head:600:V,restore,all89,89,-0.5416475788930829,0.5416475788930829,-0.5067138671875,-1.41064453125,-0.068115234375,1.0,0.9887640449438202,True,coherent,-0.5918612528383062,-0.49440298026867124,545,query_mother,head,600,V,P1,
545:query_mother:head:600:V,restore,core20,20,-0.6562248229980469,0.6562248229980469,-0.650238037109375,-1.41064453125,-0.27337646484375,1.0,1.0,True,coherent,-0.7749435234069825,-0.5505661201477052,545,query_mother,head,600,V,P1,
545:query_mother:head:600:V,restore,additional69,69,-0.5084367835003397,0.5084367835003397,-0.497161865234375,-1.29217529296875,-0.068115234375,1.0,0.9855072463768116,True,coherent,-0.5609174230824346,-0.4595998508342799,545,query_mother,head,600,V,P1,
545:query_mother:head:624:V,noise,all89,89,-0.1606851052702143,0.1606851052702143,-0.1400146484375,-0.7189230918884277,-0.013916015625,1.0,0.651685393258427,True,coherent,-0.1841124377893598,-0.1402440124683166,545,query_mother,head,624,V,P1,
545:query_mother:head:624:V,noise,core20,20,-0.1732484817504883,0.1732484817504883,-0.122406005859375,-0.4700775146484375,-0.05926513671875,1.0,0.6,True,coherent,-0.22637115001678468,-0.12797764778137208,545,query_mother,head,624,V,P1,
545:query_mother:head:624:V,noise,additional69,69,-0.1570435468701349,0.1570435468701349,-0.1434326171875,-0.7189230918884277,-0.013916015625,1.0,0.6666666666666666,True,coherent,-0.18365203453146892,-0.13454630582228955,545,query_mother,head,624,V,P1,
545:query_mother:head:624:V,restore,all89,89,-0.14376019895746467,0.14376019895746467,-0.1268310546875,-0.439208984375,-0.0037841796875,1.0,0.6292134831460674,True,coherent,-0.1636776774117116,-0.1253651905595587,545,query_mother,head,624,V,P1,
545:query_mother:head:624:V,restore,core20,20,-0.15531797409057618,0.15531797409057618,-0.1279296875,-0.439208984375,-0.046142578125,1.0,0.75,True,coherent,-0.20641300439834595,-0.11348047971725464,545,query_mother,head,624,V,P1,
545:query_mother:head:624:V,restore,additional69,69,-0.1404101192087367,0.1404101192087367,-0.1268310546875,-0.42022705078125,-0.0037841796875,1.0,0.5942028985507246,True,coherent,-0.16175848504771356,-0.12053866973821668,545,query_mother,head,624,V,P1,
545:query_mother:head:641:V,noise,all89,89,-0.40241430582625143,0.40241430582625143,-0.36083984375,-1.09014892578125,-0.048095703125,1.0,0.9438202247191011,True,coherent,-0.45580259240075444,-0.3514918599235878,545,query_mother,head,641,V,P1,
545:query_mother:head:641:V,noise,core20,20,-0.4563274383544922,0.4563274383544922,-0.372955322265625,-1.09014892578125,-0.0604248046875,1.0,0.9,True,coherent,-0.5993626213073731,-0.3237767505645752,545,query_mother,head,641,V,P1,
545:query_mother:head:641:V,noise,additional69,69,-0.3867873108905295,0.3867873108905295,-0.36083984375,-0.998687744140625,-0.048095703125,1.0,0.9565217391304348,True,coherent,-0.44094126241794535,-0.33527338141980384,545,query_mother,head,641,V,P1,
545:query_mother:head:641:V,restore,all89,89,-0.40107263072153154,0.40107263072153154,-0.35479736328125,-1.8848876953125,-0.0194091796875,1.0,0.9550561797752809,True,coherent,-0.4623903762088733,-0.34760174269086863,545,query_mother,head,641,V,P1,
545:query_mother:head:641:V,restore,core20,20,-0.42438106536865233,0.42438106536865233,-0.32080078125,-1.8848876953125,-0.08966064453125,1.0,0.95,True,coherent,-0.6179752588272095,-0.2816083526611328,545,query_mother,head,641,V,P1,
545:query_mother:head:641:V,restore,additional69,69,-0.39431656270787335,0.39431656270787335,-0.361083984375,-1.1196746826171875,-0.0194091796875,1.0,0.9565217391304348,True,coherent,-0.45058814166248706,-0.3411903716515804,545,query_mother,head,641,V,P1,
545:query_mother:head:709:KV,noise,all89,89,0.8065948325596498,0.8065948325596498,0.7960205078125,0.033935546875,1.9592208862304685,1.0,0.9775280898876404,True,coherent,0.7341653321566206,0.8826297715808566,545,query_mother,head,709,KV,P1,
545:query_mother:head:709:KV,noise,core20,20,0.8627325057983398,0.8627325057983398,0.7595062255859375,0.38238525390625,1.9592208862304685,1.0,1.0,True,coherent,0.712176833152771,1.0451154470443724,545,query_mother,head,709,KV,P1,
545:query_mother:head:709:KV,noise,additional69,69,0.790323043215102,0.790323043215102,0.79913330078125,0.033935546875,1.72119140625,1.0,0.9710144927536232,True,coherent,0.7096261173054792,0.8718662851098653,545,query_mother,head,709,KV,P1,
545:query_mother:head:709:KV,restore,all89,89,0.7638532659980688,0.7638532659980688,0.7242431640625,0.0283203125,1.97314453125,1.0,0.9775280898876404,True,coherent,0.6978002349982101,0.8335434672537815,545,query_mother,head,709,KV,P1,
545:query_mother:head:709:KV,restore,core20,20,0.8128024101257324,0.8128024101257324,0.741668701171875,0.44317626953125,1.388671875,1.0,1.0,True,coherent,0.7027540183067321,0.9302404808998108,545,query_mother,head,709,KV,P1,
545:query_mother:head:709:KV,restore,additional69,69,0.7496651082799055,0.7496651082799055,0.7242431640625,0.0283203125,1.97314453125,1.0,0.9710144927536232,True,coherent,0.6702176667641901,0.8321961326875549,545,query_mother,head,709,KV,P1,
545:query_mother:head:709:V,noise,all89,89,0.7680217282155927,0.7680217282155927,0.72198486328125,0.031005859375,1.76123046875,1.0,0.9775280898876404,True,coherent,0.6995963834644703,0.8393218893683358,545,query_mother,head,709,V,P1,
545:query_mother:head:709:V,noise,core20,20,0.8186240673065186,0.8186240673065186,0.7260093688964844,0.38134765625,1.7086524963378906,1.0,1.0,True,coherent,0.6838260519504548,0.9755452907085416,545,query_mother,head,709,V,P1,
545:query_mother:head:709:V,noise,additional69,69,0.7533543835515562,0.7533543835515562,0.72198486328125,0.031005859375,1.76123046875,1.0,0.9710144927536232,True,coherent,0.675527626880701,0.8321520667145217,545,query_mother,head,709,V,P1,
545:query_mother:head:709:V,restore,all89,89,0.7335345879029692,0.7335345879029692,0.67138671875,0.0272216796875,1.844970703125,1.0,0.9775280898876404,True,coherent,0.6701448445909479,0.8000560637270466,545,query_mother,head,709,V,P1,
545:query_mother:head:709:V,restore,core20,20,0.7791702270507812,0.7791702270507812,0.699310302734375,0.4470977783203125,1.315673828125,1.0,1.0,True,coherent,0.672053713798523,0.894278769493103,545,query_mother,head,709,V,P1,
545:query_mother:head:709:V,restore,additional69,69,0.7203068664108497,0.7203068664108497,0.6712646484375,0.0272216796875,1.844970703125,1.0,0.9710144927536232,True,coherent,0.644545108684595,0.7992279467375382,545,query_mother,head,709,V,P1,
545:query_mother:head:870:V,noise,all89,89,0.2861451620466254,0.32571331302771406,0.28076171875,-0.253387451171875,1.1468505859375,0.7752808988764045,0.7752808988764045,True,coherent,0.22628081179736706,0.34691651845246213,545,query_mother,head,870,V,P1,
545:query_mother:head:870:V,noise,core20,20,0.33190217018127444,0.3822324275970459,0.37181854248046875,-0.2408790588378906,1.1468505859375,0.75,0.8,True,coherent,0.18223446249961853,0.4858560168743132,545,query_mother,head,870,V,P1,
545:query_mother:head:870:V,noise,additional69,69,0.27288226113803143,0.3093309609786324,0.2767333984375,-0.253387451171875,0.936309814453125,0.782608695652174,0.7681159420289855,True,coherent,0.208495056801948,0.3375423350195953,545,query_mother,head,870,V,P1,
545:query_mother:head:870:V,restore,all89,89,0.2756647581464789,0.30554112423671764,0.24627685546875,-0.35693359375,0.9774169921875,0.8202247191011236,0.7865168539325843,True,coherent,0.21903580253043872,0.3320156962684031,545,query_mother,head,870,V,P1,
545:query_mother:head:870:V,restore,core20,20,0.2705251693725586,0.2840627670288086,0.24073028564453125,-0.1092529296875,0.708984375,0.9,0.75,True,coherent,0.16766161918640138,0.376158661842346,545,query_mother,head,870,V,P1,
545:query_mother:head:870:V,restore,additional69,69,0.27715449402297754,0.31176673502161883,0.2613525390625,-0.35693359375,0.9774169921875,0.7971014492753623,0.7971014492753623,True,coherent,0.2117139902667723,0.3434363237325696,545,query_mother,head,870,V,P1,
545:query_mother:mlp:17:,noise,all89,89,0.0756697172529242,0.12591083398026026,0.04071044921875,-0.22998046875,0.645263671875,0.6404494382022472,0.43820224719101125,True,heterogeneous,0.04269043957249502,0.11091215597109841,545,query_mother,mlp,17,,P1,
545:query_mother:mlp:17:,noise,core20,20,0.08091697692871094,0.14321861267089844,0.025346755981445326,-0.1443328857421875,0.5282363891601562,0.6,0.4,True,heterogeneous,0.003953480720520028,0.166879205703735,545,query_mother,mlp,17,,P1,
545:query_mother:mlp:17:,noise,additional69,69,0.07414877241936282,0.12089408653369849,0.04442739486694335,-0.22998046875,0.645263671875,0.6521739130434783,0.4492753623188406,True,heterogeneous,0.038062761140906294,0.11356372695038283,545,query_mother,mlp,17,,P1,
545:query_mother:mlp:17:,restore,all89,89,0.048960016014870635,0.1121190692601579,0.029998779296875,-0.2628173828125,1.539794921875,0.5842696629213483,0.3707865168539326,True,heterogeneous,0.012896965862659926,0.09537792513879496,545,query_mother,mlp,17,,P1,
545:query_mother:mlp:17:,restore,core20,20,0.08968944549560547,0.17533130645751954,0.027587890625,-0.2628173828125,1.539794921875,0.55,0.35,True,heterogeneous,-0.028908114433288574,0.2702166748046875,545,query_mother,mlp,17,,P1,
545:query_mother:mlp:17:,restore,additional69,69,0.0371543842813243,0.09379668166671974,0.029998779296875,-0.2518310546875,0.4189453125,0.5942028985507246,0.37681159420289856,False,below_rule,0.010164646653161533,0.06421765555506168,545,query_mother,mlp,17,,P1,
545:query_period:head:594:KV,noise,all89,89,1.2273951916212447,1.2273951916212447,1.1248626708984375,0.08447265625,2.9896240234375,1.0,0.9887640449438202,True,coherent,1.1219202660442738,1.3356401518489538,545,query_period,head,594,KV,P1,
545:query_period:head:594:KV,noise,core20,20,1.2767637252807618,1.2767637252807618,1.1294021606445312,0.403076171875,2.771263122558594,1.0,1.0,True,coherent,1.0434760761260986,1.5354118824005127,545,query_period,head,594,KV,P1,
545:query_period:head:594:KV,noise,additional69,69,1.2130854717199353,1.2130854717199353,1.116302490234375,0.08447265625,2.9896240234375,1.0,0.9855072463768116,True,coherent,1.0971591051074043,1.3326381762822468,545,query_period,head,594,KV,P1,
545:query_period:head:594:KV,restore,all89,89,1.259029977777031,1.259029977777031,1.216552734375,0.111083984375,2.643798828125,1.0,1.0,True,coherent,1.1487919218084786,1.3714820733231101,545,query_period,head,594,KV,P1,
545:query_period:head:594:KV,restore,core20,20,1.3686521530151368,1.3686521530151368,1.3496856689453125,0.4453125,2.376800537109375,1.0,1.0,True,coherent,1.103231635093689,1.6329576158523547,545,query_period,head,594,KV,P1,
545:query_period:head:594:KV,restore,additional69,69,1.227255434229754,1.227255434229754,1.2060546875,0.111083984375,2.643798828125,1.0,1.0,True,coherent,1.112660943597987,1.3461915734885395,545,query_period,head,594,KV,P1,
545:query_period:head:594:V,noise,all89,89,1.179352990696939,1.179352990696939,1.139068603515625,0.088623046875,2.659996032714844,1.0,0.9887640449438202,True,coherent,1.081688080209025,1.2797923942630212,545,query_period,head,594,V,P1,
545:query_period:head:594:V,noise,core20,20,1.204773187637329,1.204773187637329,1.0780792236328125,0.42340087890625,2.659996032714844,1.0,1.0,True,coherent,0.9939479398727417,1.443465950489044,545,query_period,head,594,V,P1,
545:query_period:head:594:V,noise,additional69,69,1.1719848176707393,1.1719848176707393,1.144775390625,0.088623046875,2.3934326171875,1.0,0.9855072463768116,True,coherent,1.063783824098283,1.2805477931879568,545,query_period,head,594,V,P1,
545:query_period:head:594:V,restore,all89,89,1.2251338905163025,1.2251338905163025,1.12939453125,0.110107421875,2.6754150390625,1.0,1.0,True,coherent,1.120112261611424,1.3334927739722007,545,query_period,head,594,V,P1,
545:query_period:head:594:V,restore,core20,20,1.3386629104614258,1.3386629104614258,1.29644775390625,0.456298828125,2.2291259765625,1.0,1.0,True,coherent,1.082837266921997,1.5934055471420283,545,query_period,head,594,V,P1,
545:query_period:head:594:V,restore,additional69,69,1.1922269282133684,1.1922269282133684,1.103759765625,0.110107421875,2.6754150390625,1.0,1.0,True,coherent,1.0800579179888186,1.308921049816021,545,query_period,head,594,V,P1,
545:query_period:head:595:V,noise,all89,89,0.376523470610715,0.376523470610715,0.3365743160247803,0.033935546875,0.9569320678710938,1.0,0.9775280898876404,True,coherent,0.3382402797763267,0.4166355713699641,545,query_period,head,595,V,P1,
545:query_period:head:595:V,noise,core20,20,0.4122958183288574,0.4122958183288574,0.33111572265625,0.125030517578125,0.9569320678710938,1.0,1.0,True,coherent,0.3200854349136353,0.5143678951263426,545,query_period,head,595,V,P1,
545:query_period:head:595:V,noise,additional69,69,0.36615467417067377,0.36615467417067377,0.3365743160247803,0.033935546875,0.9442138671875,1.0,0.9710144927536232,True,coherent,0.32540391243022426,0.4084904095400934,545,query_period,head,595,V,P1,
545:query_period:head:595:V,restore,all89,89,0.3740804865119163,0.3740804865119163,0.33902740478515625,0.0281982421875,1.118408203125,1.0,0.9775280898876404,True,coherent,0.33675262767277403,0.4128256647774342,545,query_period,head,595,V,P1,
545:query_period:head:595:V,restore,core20,20,0.39865827560424805,0.39865827560424805,0.442138671875,0.1317138671875,0.721282958984375,1.0,1.0,True,coherent,0.3253422069549561,0.47080943107604967,545,query_period,head,595,V,P1,
545:query_period:head:595:V,restore,additional69,69,0.3669564896735592,0.3669564896735592,0.3192138671875,0.0281982421875,1.118408203125,1.0,0.9710144927536232,True,coherent,0.324610325910043,0.4125141513520391,545,query_period,head,595,V,P1,
545:query_period:head:600:V,noise,all89,89,-0.25373089715336145,0.25373089715336145,-0.2347412109375,-0.806884765625,-0.02294921875,1.0,0.9775280898876404,True,coherent,-0.2773097533858224,-0.2319338594929556,545,query_period,head,600,V,P1,
545:query_period:head:600:V,noise,core20,20,-0.2577315330505371,0.2577315330505371,-0.25018310546875,-0.45365333557128906,-0.132843017578125,1.0,1.0,True,coherent,-0.29612144947052,-0.22189559459686278,545,query_period,head,600,V,P1,
545:query_period:head:600:V,noise,additional69,69,-0.25257129254548444,0.25257129254548444,-0.234100341796875,-0.806884765625,-0.02294921875,1.0,0.9710144927536232,True,coherent,-0.2805032165154167,-0.22703625499338348,545,query_period,head,600,V,P1,
545:query_period:head:600:V,restore,all89,89,-0.2673307911733563,0.2673307911733563,-0.259033203125,-0.67108154296875,-0.0228271484375,1.0,0.9775280898876404,True,coherent,-0.28939820353904466,-0.24621138197652412,545,query_period,head,600,V,P1,
545:query_period:head:600:V,restore,core20,20,-0.29317293167114256,0.29317293167114256,-0.29010009765625,-0.474822998046875,-0.1064453125,1.0,1.0,True,coherent,-0.3414001274108887,-0.24480536222457888,545,query_period,head,600,V,P1,
545:query_period:head:600:V,restore,additional69,69,-0.2598403156667516,0.2598403156667516,-0.252593994140625,-0.67108154296875,-0.0228271484375,1.0,0.9710144927536232,True,coherent,-0.2836673349573992,-0.23701383272806806,545,query_period,head,600,V,P1,
545:query_writer_union:head:594:V,noise,all89,89,3.4004317749752087,3.4004317749752087,3.277130126953125,0.429931640625,6.112879514694214,1.0,1.0,True,coherent,3.178343562597639,3.627096662963374,545,query_writer_union,head,594,V,P1,
545:query_writer_union:head:594:V,noise,core20,20,3.433163642883301,3.433163642883301,3.456512451171875,1.7938232421875,5.301445007324219,1.0,1.0,True,coherent,3.0424962186813356,3.841932611465454,545,query_writer_union,head,594,V,P1,
545:query_writer_union:head:594:V,noise,additional69,69,3.3909442770308345,3.3909442770308345,3.272918701171875,0.429931640625,6.112879514694214,1.0,1.0,True,coherent,3.129870455679686,3.652803828837215,545,query_writer_union,head,594,V,P1,
545:query_writer_union:head:594:V,restore,all89,89,3.3351095821080583,3.3351095821080583,3.3569488525390625,0.2945556640625,6.201957702636719,1.0,1.0,True,coherent,3.126399716902315,3.5439490050412292,545,query_writer_union,head,594,V,P1,
545:query_writer_union:head:594:V,restore,core20,20,3.4127374649047852,3.4127374649047852,3.4373645782470703,1.996002197265625,4.743865966796875,1.0,1.0,True,coherent,3.0703032541275026,3.7401140451431276,545,query_writer_union,head,594,V,P1,
545:query_writer_union:head:594:V,restore,additional69,69,3.312608746514804,3.312608746514804,3.349853515625,0.2945556640625,6.201957702636719,1.0,1.0,True,coherent,3.065693902278292,3.561753221180128,545,query_writer_union,head,594,V,P1,
545:query_writer_union:head:595:V,noise,all89,89,2.0742103865977084,2.0742103865977084,1.95928955078125,0.322998046875,3.771984100341797,1.0,1.0,True,coherent,1.9320916897795173,2.2192807658334797,545,query_writer_union,head,595,V,P1,
545:query_writer_union:head:595:V,noise,core20,20,2.1328960418701173,2.1328960418701173,1.875396728515625,0.874542236328125,3.771984100341797,1.0,1.0,True,coherent,1.8391496562957763,2.456253213882446,545,query_writer_union,head,595,V,P1,
545:query_writer_union:head:595:V,noise,additional69,69,2.0572000517361406,2.0572000517361406,1.99395751953125,0.322998046875,3.6972198486328125,1.0,1.0,True,coherent,1.8969251658605493,2.2189516098602957,545,query_writer_union,head,595,V,P1,
545:query_writer_union:head:595:V,restore,all89,89,2.0535689150349477,2.0535689150349477,2.025634765625,0.2257080078125,4.180694580078125,1.0,1.0,True,coherent,1.9148323495736284,2.192586608683125,545,query_writer_union,head,595,V,P1,
545:query_writer_union:head:595:V,restore,core20,20,2.099392032623291,2.099392032623291,2.10498046875,0.95343017578125,3.09930419921875,1.0,1.0,True,coherent,1.8874419808387757,2.312720203399658,545,query_writer_union,head,595,V,P1,
545:query_writer_union:head:595:V,restore,additional69,69,2.040286851965863,2.040286851965863,2.02032470703125,0.2257080078125,4.180694580078125,1.0,1.0,True,coherent,1.8727649291356403,2.2116650114888725,545,query_writer_union,head,595,V,P1,
545:query_writer_union:head:600:V,noise,all89,89,-1.0041941364159745,1.0041941364159745,-0.96826171875,-2.3970947265625,-0.103515625,1.0,1.0,True,coherent,-1.078393726000625,-0.9333307968096788,545,query_writer_union,head,600,V,P1,
545:query_writer_union:head:600:V,noise,core20,20,-1.0594715118408202,1.0594715118408202,-1.0048770904541016,-1.9302978515625,-0.614532470703125,1.0,1.0,True,coherent,-1.2001179981231689,-0.937130446434021,545,query_writer_union,head,600,V,P1,
545:query_writer_union:head:600:V,noise,additional69,69,-0.9881717087565989,0.9881717087565989,-0.94635009765625,-2.3970947265625,-0.103515625,1.0,1.0,True,coherent,-1.073969917193703,-0.9051848599876184,545,query_writer_union,head,600,V,P1,
545:query_writer_union:head:600:V,restore,all89,89,-1.0696800531965962,1.0696800531965962,-1.0350341796875,-2.50079345703125,-0.1585693359375,1.0,1.0,True,coherent,-1.1529895241340895,-0.989957990539208,545,query_writer_union,head,600,V,P1,
545:query_writer_union:head:600:V,restore,core20,20,-1.2186479568481445,1.2186479568481445,-1.17462158203125,-2.1201171875,-0.513671875,1.0,1.0,True,coherent,-1.3880800819396972,-1.050466079711914,545,query_writer_union,head,600,V,P1,
545:query_writer_union:head:600:V,restore,additional69,69,-1.0265009506889011,1.0265009506889011,-0.962921142578125,-2.50079345703125,-0.1585693359375,1.0,1.0,True,coherent,-1.1182801785676375,-0.9391731386599336,545,query_writer_union,head,600,V,P1,
545:query_writer_union:head:624:V,noise,all89,89,-0.24691479393605437,0.24691479393605437,-0.222412109375,-0.9383330345153809,-0.0185546875,1.0,0.9550561797752809,True,coherent,-0.2775522623169288,-0.21955976057588386,545,query_writer_union,head,624,V,P1,
545:query_writer_union:head:624:V,noise,core20,20,-0.25872230529785156,0.25872230529785156,-0.192352294921875,-0.6401596069335938,-0.10382080078125,1.0,1.0,True,coherent,-0.32891157627105716,-0.19963269710540774,545,query_writer_union,head,624,V,P1,
545:query_writer_union:head:624:V,noise,additional69,69,-0.24349232687466388,0.24349232687466388,-0.222808837890625,-0.9383330345153809,-0.0185546875,1.0,0.9420289855072463,True,coherent,-0.27857934893041414,-0.21314100787259532,545,query_writer_union,head,624,V,P1,
545:query_writer_union:head:624:V,restore,all89,89,-0.22488656204737975,0.22488656204737975,-0.1995849609375,-0.6085205078125,-0.0133056640625,1.0,0.9101123595505618,True,coherent,-0.24993566100517015,-0.2014990037746644,545,query_writer_union,head,624,V,P1,
545:query_writer_union:head:624:V,restore,core20,20,-0.23637261390686035,0.23637261390686035,-0.1920166015625,-0.6085205078125,-0.10223388671875,1.0,1.0,True,coherent,-0.30157293438911437,-0.18315149903297429,545,query_writer_union,head,624,V,P1,
545:query_writer_union:head:624:V,restore,additional69,69,-0.2215572716533274,0.2215572716533274,-0.22515869140625,-0.521209716796875,-0.0133056640625,1.0,0.8840579710144928,True,coherent,-0.24795968808989594,-0.19596102064934331,545,query_writer_union,head,624,V,P1,
545:query_writer_union:head:641:V,noise,all89,89,-0.5816734774728839,0.5816734774728839,-0.549041748046875,-1.4278559684753418,-0.060546875,1.0,0.9775280898876404,True,coherent,-0.6477804153153066,-0.5184451865346245,545,query_writer_union,head,641,V,P1,
545:query_writer_union:head:641:V,noise,core20,20,-0.6319578170776368,0.6319578170776368,-0.5164031982421875,-1.34906005859375,-0.143218994140625,1.0,1.0,True,coherent,-0.8053412437438965,-0.4740001678466798,545,query_writer_union,head,641,V,P1,
545:query_writer_union:head:641:V,noise,additional69,69,-0.5670983065729556,0.5670983065729556,-0.549041748046875,-1.4278559684753418,-0.060546875,1.0,0.9710144927536232,True,coherent,-0.6353197206621585,-0.500870440662771,545,query_writer_union,head,641,V,P1,
545:query_writer_union:head:641:V,restore,all89,89,-0.5755240836839998,0.5755240836839998,-0.5296630859375,-2.4171142578125,-0.0330810546875,1.0,0.9775280898876404,True,coherent,-0.6481882100694635,-0.510869403367632,545,query_writer_union,head,641,V,P1,
545:query_writer_union:head:641:V,restore,core20,20,-0.617169189453125,0.617169189453125,-0.50543212890625,-2.4171142578125,-0.182891845703125,1.0,1.0,True,coherent,-0.853649640083313,-0.4418171739578249,545,query_writer_union,head,641,V,P1,
545:query_writer_union:head:641:V,restore,additional69,69,-0.5634530385335287,0.5634530385335287,-0.5308837890625,-1.2561187744140625,-0.0330810546875,1.0,0.9710144927536232,True,coherent,-0.6286384485769962,-0.5008802704189136,545,query_writer_union,head,641,V,P1,
545:query_writer_union:head:709:V,noise,all89,89,0.8979729427380508,0.8979729427380508,0.886962890625,0.0361328125,1.931121826171875,1.0,0.9775280898876404,True,coherent,0.824359167291877,0.9742490678690792,545,query_writer_union,head,709,V,P1,
545:query_writer_union:head:709:V,noise,core20,20,0.9547001838684082,0.9547001838684082,0.919189453125,0.4827880859375,1.854604721069336,1.0,1.0,True,coherent,0.8121882057189942,1.118522663116455,545,query_writer_union,head,709,V,P1,
545:query_writer_union:head:709:V,noise,additional69,69,0.8815302641495414,0.8815302641495414,0.848724365234375,0.0361328125,1.931121826171875,1.0,0.9710144927536232,True,coherent,0.797247841047204,0.9664490250573641,545,query_writer_union,head,709,V,P1,
545:query_writer_union:head:709:V,restore,all89,89,0.8651861769429753,0.8651861769429753,0.845703125,0.033447265625,2.00860595703125,1.0,0.9775280898876404,True,coherent,0.7982304112295087,0.9336304238673006,545,query_writer_union,head,709,V,P1,
545:query_writer_union:head:709:V,restore,core20,20,0.9176057815551758,0.9176057815551758,0.8471527099609375,0.563690185546875,1.44927978515625,1.0,1.0,True,coherent,0.8106632375717163,1.0310878467559812,545,query_writer_union,head,709,V,P1,
545:query_writer_union:head:709:V,restore,additional69,69,0.8499920886495839,0.8499920886495839,0.845703125,0.033447265625,2.00860595703125,1.0,0.9710144927536232,True,coherent,0.7701072634130285,0.9324889041375423,545,query_writer_union,head,709,V,P1,
547:colon:head:594:Q,noise,all89,89,-0.15796457247787646,0.16318479280793266,-0.1510157585144043,-0.55145263671875,0.1305389404296875,0.9662921348314607,0.6853932584269663,True,coherent,-0.18034663186984115,-0.13635869106549894,547,colon,head,594,Q,P3,
547:colon:head:594:Q,noise,core20,20,-0.1694700002670288,0.1694700002670288,-0.1708984375,-0.3403205871582031,-0.043212890625,1.0,0.75,True,coherent,-0.2044361013174057,-0.13562439024448397,547,colon,head,594,Q,P3,
547:colon:head:594:Q,noise,additional69,69,-0.15462966587232507,0.16136299354442651,-0.14715576171875,-0.55145263671875,0.1305389404296875,0.9565217391304348,0.6666666666666666,True,coherent,-0.1813777032105819,-0.12927169989848486,547,colon,head,594,Q,P3,
547:colon:head:594:Q,restore,all89,89,-0.1721444424618496,0.17255180069569792,-0.16260528564453125,-0.58203125,0.01812744140625,0.9887640449438202,0.6966292134831461,True,coherent,-0.19658991192164046,-0.14856271797351628,547,colon,head,594,Q,P3,
547:colon:head:594:Q,restore,core20,20,-0.1901580810546875,0.1901580810546875,-0.16497802734375,-0.498779296875,-0.0361328125,1.0,0.8,True,coherent,-0.24347311973571778,-0.14233164787292485,547,colon,head,594,Q,P3,
547:colon:head:594:Q,restore,additional69,69,-0.16692309794218643,0.16744853102642557,-0.1563720703125,-0.58203125,0.01812744140625,0.9855072463768116,0.6666666666666666,True,coherent,-0.19533645476120104,-0.1400411909905033,547,colon,head,594,Q,P3,
547:colon:head:595:Q,noise,all89,89,-0.10567231660478571,0.11292727073926605,-0.09865665435791016,-0.3934183120727539,0.1712799072265625,0.9662921348314607,0.5168539325842697,True,coherent,-0.12338757956965586,-0.08828937069753584,547,colon,head,595,Q,P3,
547:colon:head:595:Q,noise,core20,20,-0.10722370147705078,0.10722370147705078,-0.10229301452636717,-0.2122802734375,-0.0108184814453125,1.0,0.55,True,coherent,-0.13333873271942137,-0.08134510517120362,547,colon,head,595,Q,P3,
547:colon:head:595:Q,noise,additional69,69,-0.10522263983021611,0.11458047922106757,-0.0966796875,-0.3934183120727539,0.1712799072265625,0.9565217391304348,0.5072463768115942,True,coherent,-0.1267328457555909,-0.08477134842803515,547,colon,head,595,Q,P3,
547:colon:head:595:Q,restore,all89,89,-0.11031191804435815,0.11475698331768593,-0.0860443115234375,-0.387451171875,0.106231689453125,0.9550561797752809,0.4606741573033708,True,coherent,-0.1299304425046685,-0.0913499414251092,547,colon,head,595,Q,P3,
547:colon:head:595:Q,restore,core20,20,-0.12573680877685547,0.13203563690185546,-0.1155548095703125,-0.35638427734375,0.06298828125,0.95,0.55,True,coherent,-0.17012428283691405,-0.08320348739624023,547,colon,head,595,Q,P3,
547:colon:head:595:Q,restore,additional69,69,-0.10584093522334444,0.10974867793097012,-0.083984375,-0.387451171875,0.106231689453125,0.9565217391304348,0.43478260869565216,True,coherent,-0.1278854433177174,-0.08487352970717614,547,colon,head,595,Q,P3,
568:colon:bypass:31:,noise,all89,89,0.12272548943423153,0.12272548943423153,0.12261962890625,0.0,0.275390625,0.9775280898876404,0.7303370786516854,True,coherent,0.11355890785710195,0.13199687827838938,568,colon,bypass,31,,P3,
568:colon:bypass:31:,noise,core20,20,0.13492274284362793,0.13492274284362793,0.1290283203125,0.0990142822265625,0.21875,1.0,0.95,True,coherent,0.12221707344055176,0.1493609523773193,568,colon,bypass,31,,P3,
568:colon:bypass:31:,noise,additional69,69,0.119190053663392,0.119190053663392,0.122314453125,0.0,0.275390625,0.9710144927536232,0.6666666666666666,True,coherent,0.10826799748600394,0.13028563425160836,568,colon,bypass,31,,P3,
568:colon:bypass:31:,restore,all89,89,0.12236310123057847,0.12236310123057847,0.12115478515625,0.0,0.2808380126953125,0.9775280898876404,0.7528089887640449,True,coherent,0.11333537905403739,0.13144542233327802,568,colon,bypass,31,,P3,
568:colon:bypass:31:,restore,core20,20,0.13397464752197266,0.13397464752197266,0.12995147705078125,0.08807373046875,0.22119140625,1.0,0.9,True,coherent,0.12139045715332031,0.14821936130523683,568,colon,bypass,31,,P3,
568:colon:bypass:31:,restore,additional69,69,0.11899743563887002,0.11899743563887002,0.12044525146484375,0.0,0.2808380126953125,0.9710144927536232,0.7101449275362319,True,coherent,0.10832360032675924,0.12992794202721633,568,colon,bypass,31,,P3,
568:colon:head:695:V,noise,all89,89,0.09171715211332514,0.091793960399842,0.0772552490234375,-0.00341796875,0.305938720703125,0.9887640449438202,0.34831460674157305,False,below_rule,0.08094969974474961,0.10327143642339813,568,colon,head,695,V,P3,
568:colon:head:695:V,noise,core20,20,0.10093994140625,0.10093994140625,0.0768890380859375,0.0179443359375,0.305938720703125,1.0,0.35,True,coherent,0.0752054500579834,0.131733283996582,568,colon,head,695,V,P3,
568:colon:head:695:V,noise,additional69,69,0.08904387985450635,0.08914295141247736,0.0772552490234375,-0.00341796875,0.21875,0.9855072463768116,0.34782608695652173,False,below_rule,0.07724000578341277,0.10125229116799171,568,colon,head,695,V,P3,
568:colon:head:695:V,restore,all89,89,0.09185796909117966,0.09185796909117966,0.076141357421875,0.0028076171875,0.380859375,1.0,0.30337078651685395,False,below_rule,0.08011766953414745,0.10470430529519413,568,colon,head,695,V,P3,
568:colon:head:695:V,restore,core20,20,0.11198787689208985,0.11198787689208985,0.0797119140625,0.01451873779296875,0.380859375,1.0,0.4,True,coherent,0.0782095193862915,0.15310833454132075,568,colon,head,695,V,P3,
568:colon:head:695:V,restore,additional69,69,0.08602321320685788,0.08602321320685788,0.075836181640625,0.0028076171875,0.26165771484375,1.0,0.2753623188405797,False,below_rule,0.07530444532200911,0.09738873519759246,568,colon,head,695,V,P3,
568:colon:mlp:17:,noise,all89,89,-0.11061392473370842,0.11075656869438257,-0.09912109375,-0.30731201171875,0.00634765625,0.9887640449438202,0.4943820224719101,True,coherent,-0.12372584168830614,-0.09820748621158387,568,colon,mlp,17,,P3,
568:colon:mlp:17:,noise,core20,20,-0.11868391036987305,0.11868391036987305,-0.1085357666015625,-0.231201171875,-0.04351806640625,1.0,0.6,True,coherent,-0.14173413753509523,-0.09726826667785644,568,colon,mlp,17,,P3,
568:colon:mlp:17:,noise,additional69,69,-0.10827479846235635,0.10845878849858823,-0.0966796875,-0.30731201171875,0.00634765625,0.9855072463768116,0.463768115942029,True,coherent,-0.1236095452654189,-0.09353581805160084,568,colon,mlp,17,,P3,
568:colon:mlp:17:,restore,all89,89,-0.10757813828714778,0.10757813828714778,-0.0970458984375,-0.36669921875,-0.00830078125,1.0,0.4606741573033708,True,coherent,-0.1205712677387709,-0.09549892377317622,568,colon,mlp,17,,P3,
568:colon:mlp:17:,restore,core20,20,-0.121502685546875,0.121502685546875,-0.104461669921875,-0.36669921875,-0.03086090087890625,1.0,0.55,True,coherent,-0.15582797050476074,-0.09333971023559572,568,colon,mlp,17,,P3,
568:colon:mlp:17:,restore,additional69,69,-0.10354203763215439,0.10354203763215439,-0.094482421875,-0.318756103515625,-0.00830078125,1.0,0.43478260869565216,True,coherent,-0.11662383632383484,-0.09118119080861416,568,colon,mlp,17,,P3,
594:colon:bypass:31:,noise,all89,89,0.5474456562085098,0.5474456562085098,0.5969772338867188,0.0,0.9215087890625,0.9775280898876404,0.9775280898876404,True,coherent,0.5081529747234301,0.5862974275363965,594,colon,bypass,31,,P3,
594:colon:bypass:31:,noise,core20,20,0.5525907516479492,0.5525907516479492,0.5881004333496094,0.29848480224609375,0.742767333984375,1.0,1.0,True,coherent,0.49193918228149414,0.6091961669921874,594,colon,bypass,31,,P3,
594:colon:bypass:31:,noise,additional69,69,0.5459543241970781,0.5459543241970781,0.59814453125,0.0,0.9215087890625,0.9710144927536232,0.9710144927536232,True,coherent,0.49847711030987724,0.5927214684693709,594,colon,bypass,31,,P3,
594:colon:bypass:31:,restore,all89,89,0.5623380682441625,0.5623380682441625,0.5787429809570312,0.0,1.00457763671875,0.9775280898876404,0.9775280898876404,True,coherent,0.5190474933452821,0.6053789690639196,594,colon,bypass,31,,P3,
594:colon:bypass:31:,restore,core20,20,0.5650238037109375,0.5650238037109375,0.5880107879638672,0.21661376953125,0.7498779296875,1.0,1.0,True,coherent,0.5009516716003418,0.6234224271774291,594,colon,bypass,31,,P3,
594:colon:bypass:31:,restore,additional69,69,0.561559594195822,0.561559594195822,0.576995849609375,0.0,1.00457763671875,0.9710144927536232,0.9710144927536232,True,coherent,0.5092209090357241,0.6133551079293956,594,colon,bypass,31,,P3,
594:colon:head:624:Q,noise,all89,89,-0.2006885442840919,0.20087507869420426,-0.1859130859375,-0.70306396484375,0.00830078125,0.9887640449438202,0.797752808988764,True,coherent,-0.22751783427227748,-0.17518814253003415,594,colon,head,624,Q,P3,
594:colon:head:624:Q,noise,core20,20,-0.2025303363800049,0.2025303363800049,-0.206939697265625,-0.3508758544921875,-0.06512451171875,1.0,0.9,True,coherent,-0.23651882052421572,-0.16858040213584902,594,colon,head,624,Q,P3,
594:colon:head:624:Q,noise,additional69,69,-0.20015469150266785,0.20039529385774033,-0.1856689453125,-0.70306396484375,0.00830078125,0.9855072463768116,0.7681159420289855,True,coherent,-0.23316818164742512,-0.16925775348276334,594,colon,head,624,Q,P3,
594:colon:head:624:Q,restore,all89,89,-0.21714125322491934,0.21714125322491934,-0.19744873046875,-0.80126953125,-0.0064697265625,1.0,0.8202247191011236,True,coherent,-0.2459383568067229,-0.1907216964143046,594,colon,head,624,Q,P3,
594:colon:head:624:Q,restore,core20,20,-0.22188348770141603,0.22188348770141603,-0.17864990234375,-0.42376708984375,-0.045684814453125,1.0,0.9,True,coherent,-0.2742591643333435,-0.1727965641021729,594,colon,head,624,Q,P3,
594:colon:head:624:Q,restore,additional69,69,-0.21576669250709424,0.21576669250709424,-0.197998046875,-0.80126953125,-0.0064697265625,1.0,0.7971014492753623,True,coherent,-0.249462109890537,-0.18453167383221614,594,colon,head,624,Q,P3,
594:colon:head:641:Q,noise,all89,89,-0.30558827753817097,0.30905973777342377,-0.23968505859375,-1.69134521484375,0.099365234375,0.9775280898876404,0.8764044943820225,True,coherent,-0.3604733713557211,-0.256256902217865,594,colon,head,641,Q,P3,
594:colon:head:641:Q,noise,core20,20,-0.2948720693588257,0.2948720693588257,-0.21829605102539062,-0.8047714233398438,-0.0658607482910156,1.0,0.9,True,coherent,-0.38905188262462614,-0.21296037673950202,594,colon,head,641,Q,P3,
594:colon:head:641:Q,noise,additional69,69,-0.3086944248365319,0.31317210542982904,-0.25665283203125,-1.69134521484375,0.099365234375,0.9710144927536232,0.8695652173913043,True,coherent,-0.37435737744621606,-0.2517310814581056,594,colon,head,641,Q,P3,
594:colon:head:641:Q,restore,all89,89,-0.35565609342596505,0.35943067207765045,-0.2841796875,-1.6728515625,0.1513671875,0.9775280898876404,0.9101123595505618,True,coherent,-0.4182010901108216,-0.29792822063638924,594,colon,head,641,Q,P3,
594:colon:head:641:Q,restore,core20,20,-0.34144494533538816,0.34144494533538816,-0.2698783874511719,-1.3333740234375,-0.128326416015625,1.0,1.0,True,coherent,-0.47551198363304137,-0.24543847680091868,594,colon,head,641,Q,P3,
594:colon:head:641:Q,restore,additional69,69,-0.35977526678555255,0.3646439262058424,-0.2935009002685547,-1.6728515625,0.1513671875,0.9710144927536232,0.8840579710144928,True,coherent,-0.4323855026908543,-0.2927875352942427,594,colon,head,641,Q,P3,
594:colon:head:695:KV,noise,all89,89,0.32412985469518085,0.32412985469518085,0.2347412109375,0.004150390625,1.1458282470703125,1.0,0.9101123595505618,True,coherent,0.27767384413922774,0.37334271013067,594,colon,head,695,KV,P3,
594:colon:head:695:KV,noise,core20,20,0.3243546724319458,0.3243546724319458,0.22491455078125,0.06683349609375,0.7186050415039062,1.0,0.9,True,coherent,0.2333308744430542,0.4222012072801585,594,colon,head,695,KV,P3,
594:colon:head:695:KV,noise,additional69,69,0.3240646901337997,0.3240646901337997,0.244232177734375,0.004150390625,1.1458282470703125,1.0,0.9130434782608695,True,coherent,0.2712972646174224,0.3810960019844165,594,colon,head,695,KV,P3,
594:colon:head:695:KV,restore,all89,89,0.31719074356421995,0.31838538673486605,0.2676963806152344,-0.05316162109375,0.93499755859375,0.9887640449438202,0.8539325842696629,True,coherent,0.2729948018374068,0.3638198183493667,594,colon,head,695,KV,P3,
594:colon:head:695:KV,restore,core20,20,0.32503395080566405,0.32503395080566405,0.26312255859375,0.06371307373046875,0.848236083984375,1.0,0.9,True,coherent,0.23707096099853514,0.42307259559631344,594,colon,head,695,KV,P3,
594:colon:head:695:KV,restore,additional69,69,0.31491735016090283,0.31645826671434485,0.2676963806152344,-0.05316162109375,0.93499755859375,0.9855072463768116,0.8405797101449275,True,coherent,0.26436765168024146,0.3682028347167416,594,colon,head,695,KV,P3,
594:colon:head:695:V,noise,all89,89,0.3125196280104391,0.3125196280104391,0.236328125,0.00830078125,1.0834503173828125,1.0,0.898876404494382,True,coherent,0.26828181515918686,0.3596269811807054,594,colon,head,695,V,P3,
594:colon:head:695:V,noise,core20,20,0.3145038843154907,0.3145038843154907,0.23107147216796875,0.07159423828125,0.8277130126953125,1.0,0.9,True,coherent,0.2263264214992523,0.4128414481878281,594,colon,head,695,V,P3,
594:colon:head:695:V,noise,additional69,69,0.3119444812553516,0.3119444812553516,0.23908233642578125,0.00830078125,1.0834503173828125,1.0,0.8985507246376812,True,coherent,0.2620747542899588,0.36561823858731035,594,colon,head,695,V,P3,
594:colon:head:695:V,restore,all89,89,0.3116396062829521,0.3123055066955224,0.2611083984375,-0.029632568359375,0.906158447265625,0.9887640449438202,0.8651685393258427,True,coherent,0.26850167070881703,0.35734053267521804,594,colon,head,695,V,P3,
594:colon:head:695:V,restore,core20,20,0.3200519561767578,0.3200519561767578,0.26955223083496094,0.05548858642578125,0.906158447265625,1.0,0.9,True,coherent,0.23119467735290528,0.42061481475830065,594,colon,head,695,V,P3,
594:colon:head:695:V,restore,additional69,69,0.3092012439948925,0.31006015901980194,0.2611083984375,-0.029632568359375,0.8834228515625,0.9855072463768116,0.855072463768116,True,coherent,0.2602942480557207,0.36050733345142305,594,colon,head,695,V,P3,
594:colon:head:709:Q,noise,all89,89,0.0991035740027267,0.10046486372358343,0.0965576171875,-0.01806640625,0.51678466796875,0.9325842696629213,0.449438202247191,True,heterogeneous,0.08376583771759204,0.11631114790948585,594,colon,head,709,Q,P3,
594:colon:head:709:Q,noise,core20,20,0.1070220947265625,0.1084686279296875,0.1092529296875,-0.01446533203125,0.22985458374023435,0.95,0.6,True,coherent,0.0819615077972412,0.13220577239990233,594,colon,head,709,Q,P3,
594:colon:head:709:Q,noise,additional69,69,0.09680835060451341,0.09814493206964023,0.083740234375,-0.01806640625,0.51678466796875,0.927536231884058,0.4057971014492754,False,below_rule,0.07861253990643266,0.11758510168047917,594,colon,head,709,Q,P3,
594:colon:head:709:Q,restore,all89,89,0.09506709923904934,0.0951192191477572,0.079345703125,-0.0023193359375,0.4901123046875,0.9887640449438202,0.3707865168539326,False,below_rule,0.08061322683698677,0.11143500081608804,594,colon,head,709,Q,P3,
594:colon:head:709:Q,restore,core20,20,0.10233116149902344,0.10233116149902344,0.08095550537109375,0.0198974609375,0.316162109375,1.0,0.4,True,coherent,0.07352357864379883,0.13719361305236813,594,colon,head,709,Q,P3,
594:colon:head:709:Q,restore,additional69,69,0.09296157394630322,0.0930288010749264,0.075927734375,-0.0023193359375,0.4901123046875,0.9855072463768116,0.36231884057971014,False,below_rule,0.0769130119379016,0.11157267266425533,594,colon,head,709,Q,P3,
594:colon:head:751:Q,noise,all89,89,-0.19797837868165435,0.2047285069240613,-0.1650390625,-0.9854540824890136,0.267242431640625,0.9550561797752809,0.7303370786516854,True,coherent,-0.23729868350404032,-0.1623615696189109,594,colon,head,751,Q,P3,
594:colon:head:751:Q,noise,core20,20,-0.15796260833740233,0.16076374053955078,-0.1540374755859375,-0.34552764892578125,0.02801132202148435,0.95,0.65,True,coherent,-0.2029180955886841,-0.11409568786621095,594,colon,head,751,Q,P3,
594:colon:head:751:Q,noise,additional69,69,-0.20957715269448102,0.21747191747029623,-0.168701171875,-0.9854540824890136,0.267242431640625,0.9565217391304348,0.7536231884057971,True,coherent,-0.2579574175502943,-0.16554135135982362,594,colon,head,751,Q,P3,
594:colon:head:751:Q,restore,all89,89,-0.20435561490862558,0.20454214931873793,-0.1534423828125,-1.6002197265625,0.00830078125,0.9887640449438202,0.7191011235955056,True,coherent,-0.2516728403862943,-0.16481627024961323,594,colon,head,751,Q,P3,
594:colon:head:751:Q,restore,core20,20,-0.18979306221008302,0.18979306221008302,-0.162506103515625,-0.6697998046875,-0.011962890625,1.0,0.75,True,coherent,-0.2550245833396912,-0.13668938159942629,594,colon,head,751,Q,P3,
594:colon:head:751:Q,restore,additional69,69,-0.20857664467631906,0.20881724703139154,-0.1519775390625,-1.6002197265625,0.00830078125,0.9855072463768116,0.7101449275362319,True,coherent,-0.26761436324188675,-0.16166882169419444,594,colon,head,751,Q,P3,
594:colon:head:817:KV,noise,all89,89,0.26600623264741363,0.26600623264741363,0.24197006225585935,0.00537109375,0.54901123046875,1.0,0.9775280898876404,True,coherent,0.24149946195355962,0.29071854195568,594,colon,head,817,KV,P3,
594:colon:head:817:KV,noise,core20,20,0.26458187103271485,0.26458187103271485,0.23822021484375,0.109283447265625,0.49755859375,1.0,1.0,True,coherent,0.22025763988494873,0.31165934562683106,594,colon,head,817,KV,P3,
594:colon:head:817:KV,noise,additional69,69,0.2664190910864567,0.2664190910864567,0.24197006225585935,0.00537109375,0.54901123046875,1.0,0.9710144927536232,True,coherent,0.23780456837536632,0.29542204716067383,594,colon,head,817,KV,P3,
594:colon:head:817:KV,restore,all89,89,0.2825992455643215,0.2825992455643215,0.26263427734375,0.0067138671875,0.656280517578125,1.0,0.9325842696629213,True,coherent,0.25660351099592915,0.3098307582769501,594,colon,head,817,KV,P3,
594:colon:head:817:KV,restore,core20,20,0.2911874771118164,0.2911874771118164,0.2960357666015625,0.09552001953125,0.656280517578125,1.0,0.95,True,coherent,0.2395674133300781,0.3489406871795654,594,colon,head,817,KV,P3,
594:colon:head:817:KV,restore,additional69,69,0.2801099030867867,0.2801099030867867,0.26019287109375,0.0067138671875,0.63507080078125,1.0,0.927536231884058,True,coherent,0.24984071220176807,0.3108805151953212,594,colon,head,817,KV,P3,
594:colon:head:870:Q,noise,all89,89,0.6621576962846049,0.6621576962846049,0.65338134765625,0.001708984375,1.6697998046875,1.0,0.9438202247191011,True,coherent,0.5817194354668092,0.7433297563134952,594,colon,head,870,Q,P3,
594:colon:head:870:Q,noise,core20,20,0.6225450515747071,0.6225450515747071,0.607086181640625,0.005096435546875,1.4327850341796875,1.0,0.9,True,coherent,0.44941020488739014,0.7975136899948119,594,colon,head,870,Q,P3,
594:colon:head:870:Q,noise,additional69,69,0.6736396222874739,0.6736396222874739,0.6640625,0.001708984375,1.6697998046875,1.0,0.9565217391304348,True,coherent,0.5839218599208887,0.7652836526649582,594,colon,head,870,Q,P3,
594:colon:head:870:Q,restore,all89,89,0.6626100861624385,0.6627170691329441,0.63409423828125,-0.0047607421875,2.138519287109375,0.9887640449438202,0.9438202247191011,True,coherent,0.5808987590704071,0.7491654872894287,594,colon,head,870,Q,P3,
594:colon:head:870:Q,restore,core20,20,0.6684873580932618,0.6684873580932618,0.6473045349121094,0.0724029541015625,1.7034912109375,1.0,0.9,True,coherent,0.5116807985305787,0.840428404808044,594,colon,head,870,Q,P3,
594:colon:head:870:Q,restore,additional69,69,0.6609065290810405,0.6610445216082145,0.63409423828125,-0.0047607421875,2.138519287109375,0.9855072463768116,0.9565217391304348,True,coherent,0.5661765216053396,0.7591766758241513,594,colon,head,870,Q,P3,
594:colon:head:978:Q,noise,all89,89,0.3254981951767139,0.3255256267076128,0.328033447265625,-0.001220703125,1.0327224731445312,0.9887640449438202,0.8539325842696629,True,coherent,0.28496678397896585,0.36753910873713114,594,colon,head,978,Q,P3,
594:colon:head:978:Q,noise,core20,20,0.33051338195800783,0.33051338195800783,0.32501220703125,0.0384521484375,1.0327224731445312,1.0,0.8,True,coherent,0.24295726776123047,0.43183862686157204,594,colon,head,978,Q,P3,
594:colon:head:978:Q,noise,additional69,69,0.32404451784880267,0.324079900548078,0.328033447265625,-0.001220703125,0.85693359375,0.9855072463768116,0.8695652173913043,True,coherent,0.2793829926546069,0.36986705358477595,594,colon,head,978,Q,P3,
594:colon:head:978:Q,restore,all89,89,0.43325749407993275,0.43325749407993275,0.35479736328125,0.0003662109375,1.076202392578125,1.0,0.9213483146067416,True,coherent,0.3769933273283283,0.4917902903610401,594,colon,head,978,Q,P3,
594:colon:head:978:Q,restore,core20,20,0.47040138244628904,0.47040138244628904,0.435455322265625,0.065673828125,0.96197509765625,1.0,0.95,True,coherent,0.35783192634582517,0.5891694068908689,594,colon,head,978,Q,P3,
594:colon:head:978:Q,restore,additional69,69,0.4224911496259164,0.4224911496259164,0.33502197265625,0.0003662109375,1.076202392578125,1.0,0.9130434782608695,True,coherent,0.3583059792933257,0.48860467672348024,594,colon,head,978,Q,P3,
594:colon:mlp:19:,noise,all89,89,0.40957716073882716,0.41033109922087596,0.3807106018066406,-0.02783203125,1.099609375,0.9662921348314607,0.8764044943820225,True,coherent,0.35784662332427636,0.4619009573807876,594,colon,mlp,19,,P3,
594:colon:mlp:19:,noise,core20,20,0.470072603225708,0.4704491138458252,0.41470909118652344,-0.0037651062011718507,1.099609375,0.95,0.9,True,coherent,0.35228675246238705,0.592798807621002,594,colon,mlp,19,,P3,
594:colon:mlp:19:,noise,additional69,69,0.3920422498730646,0.3929055877353834,0.373291015625,-0.02783203125,0.901763916015625,0.9710144927536232,0.8695652173913043,True,coherent,0.33530008931090866,0.4494533167369123,594,colon,mlp,19,,P3,
594:colon:mlp:19:,restore,all89,89,0.4362153685494755,0.4362153685494755,0.335205078125,0.0101318359375,1.139892578125,1.0,0.9662921348314607,True,coherent,0.37813754188880494,0.4962013480368623,594,colon,mlp,19,,P3,
594:colon:mlp:19:,restore,core20,20,0.5525663375854493,0.5525663375854493,0.583740234375,0.07861328125,1.13604736328125,1.0,0.95,True,coherent,0.42062299251556395,0.6854547214508054,594,colon,mlp,19,,P3,
594:colon:mlp:19:,restore,additional69,69,0.40249044998832373,0.40249044998832373,0.3096923828125,0.0101318359375,1.139892578125,1.0,0.9710144927536232,True,coherent,0.3403851426166037,0.46768614520197316,594,colon,mlp,19,,P3,
595:colon:bypass:31:,noise,all89,89,0.7539887213974856,0.7539887213974856,0.75537109375,0.0,1.2651128768920898,0.9775280898876404,0.9775280898876404,True,coherent,0.7031463715467561,0.8027347417359939,595,colon,bypass,31,,P3,
595:colon:bypass:31:,noise,core20,20,0.7755182266235352,0.7755182266235352,0.7437667846679688,0.4365997314453125,1.0593376159667969,1.0,1.0,True,coherent,0.6880560398101806,0.8637756967544555,595,colon,bypass,31,,P3,
595:colon:bypass:31:,noise,additional69,69,0.74774828510008,0.74774828510008,0.766998291015625,0.0,1.2651128768920898,0.9710144927536232,0.9710144927536232,True,coherent,0.6868299454882525,0.8064944058224774,595,colon,bypass,31,,P3,
595:colon:bypass:31:,restore,all89,89,0.7698063153899117,0.7698063153899117,0.806640625,0.0,1.2146148681640625,0.9775280898876404,0.9775280898876404,True,coherent,0.7185793458745721,0.8187597419438735,595,colon,bypass,31,,P3,
595:colon:bypass:31:,restore,core20,20,0.7884788513183594,0.7884788513183594,0.790496826171875,0.35284423828125,1.122802734375,1.0,1.0,True,coherent,0.6972718286514282,0.8786975622177124,595,colon,bypass,31,,P3,
595:colon:bypass:31:,restore,additional69,69,0.7643939861352893,0.7643939861352893,0.806915283203125,0.0,1.2146148681640625,0.9710144927536232,0.9710144927536232,True,coherent,0.7025084260581196,0.8232783303744551,595,colon,bypass,31,,P3,
595:colon:head:624:Q,noise,all89,89,-0.262630082248302,0.2627014042286391,-0.2342529296875,-0.78582763671875,0.003173828125,0.9887640449438202,0.8764044943820225,True,coherent,-0.29453834268484225,-0.23169358138288007,595,colon,head,624,Q,P3,
595:colon:head:624:Q,noise,core20,20,-0.2614904403686523,0.2614904403686523,-0.24267578125,-0.5116004943847656,-0.04058837890625,1.0,0.85,True,coherent,-0.3178544569015503,-0.2073268651962281,595,colon,head,624,Q,P3,
595:colon:head:624:Q,noise,additional69,69,-0.2629604132279106,0.26305240824602655,-0.2322998046875,-0.78582763671875,0.003173828125,0.9855072463768116,0.8840579710144928,True,coherent,-0.301374374092489,-0.2266381937524547,595,colon,head,624,Q,P3,
595:colon:head:624:Q,restore,all89,89,-0.2724969949615136,0.2724969949615136,-0.2550048828125,-0.943115234375,-0.000732421875,1.0,0.8876404494382022,True,coherent,-0.3049542981587099,-0.24266405962826162,595,colon,head,624,Q,P3,
595:colon:head:624:Q,restore,core20,20,-0.29076251983642576,0.29076251983642576,-0.29106998443603516,-0.5277099609375,-0.0328369140625,1.0,0.8,True,coherent,-0.35608385562896727,-0.2257636070251465,595,colon,head,624,Q,P3,
595:colon:head:624:Q,restore,additional69,69,-0.26720263992530713,0.26720263992530713,-0.24798583984375,-0.943115234375,-0.000732421875,1.0,0.9130434782608695,True,coherent,-0.3042656079582546,-0.23321905688963077,595,colon,head,624,Q,P3,
595:colon:head:641:Q,noise,all89,89,-0.42925360497463955,0.43121701679872665,-0.34075927734375,-1.822998046875,0.087371826171875,0.9887640449438202,0.9213483146067416,True,coherent,-0.4960262839713793,-0.36693945694505503,595,colon,head,641,Q,P3,
595:colon:head:641:Q,noise,core20,20,-0.39383583068847655,0.39383583068847655,-0.3100128173828125,-1.0945358276367188,-0.05450439453125,1.0,0.95,True,coherent,-0.5229754543304443,-0.2820806598663331,595,colon,head,641,Q,P3,
595:colon:head:641:Q,noise,additional69,69,-0.4395196265068607,0.44205214320749475,-0.341064453125,-1.822998046875,0.087371826171875,0.9855072463768116,0.9130434782608695,True,coherent,-0.518287976410078,-0.3673417659773345,595,colon,head,641,Q,P3,
595:colon:head:641:Q,restore,all89,89,-0.4542215540167991,0.45827044797747324,-0.40903663635253906,-1.439208984375,0.18017578125,0.9887640449438202,0.9550561797752809,True,coherent,-0.5157073037008221,-0.3942588115006351,595,colon,head,641,Q,P3,
595:colon:head:641:Q,restore,core20,20,-0.4299454689025879,0.4299454689025879,-0.32335662841796875,-1.0478515625,-0.029541015625,1.0,0.95,True,coherent,-0.5489907455444336,-0.32346622467041053,595,colon,head,641,Q,P3,
595:colon:head:641:Q,restore,additional69,69,-0.46125810042671533,0.46648058683975885,-0.41571044921875,-1.439208984375,0.18017578125,0.9855072463768116,0.9565217391304348,True,coherent,-0.5341427837592968,-0.3915818470111792,595,colon,head,641,Q,P3,
595:colon:head:695:KV,noise,all89,89,0.4552789216630914,0.4552789216630914,0.392333984375,0.00537109375,1.1870574951171875,1.0,0.9775280898876404,True,coherent,0.403029941173082,0.509428252196044,595,colon,head,695,KV,P3,
595:colon:head:695:KV,noise,core20,20,0.42652143239974977,0.42652143239974977,0.4064229726791382,0.1170196533203125,1.081878662109375,1.0,1.0,True,coherent,0.324247809946537,0.5390317454934119,595,colon,head,695,KV,P3,
595:colon:head:695:KV,noise,additional69,69,0.46361442579739337,0.46361442579739337,0.392333984375,0.00537109375,1.1870574951171875,1.0,0.9710144927536232,True,coherent,0.4039884125840837,0.526278830870338,595,colon,head,695,KV,P3,
595:colon:head:695:KV,restore,all89,89,0.44493299655699997,0.44493299655699997,0.41748046875,0.0147705078125,1.24169921875,1.0,0.9550561797752809,True,coherent,0.3948413840840372,0.49788771881146376,595,colon,head,695,KV,P3,
595:colon:head:695:KV,restore,core20,20,0.44137001037597656,0.44137001037597656,0.4189605712890625,0.10717010498046875,1.007293701171875,1.0,1.0,True,coherent,0.33682151794433596,0.5553940248489379,595,colon,head,695,KV,P3,
595:colon:head:695:KV,restore,additional69,69,0.4459657461746879,0.4459657461746879,0.41748046875,0.0147705078125,1.24169921875,1.0,0.9420289855072463,True,coherent,0.3894970532776653,0.5052545236504595,595,colon,head,695,KV,P3,
595:colon:head:695:V,noise,all89,89,0.45050893472821524,0.45050893472821524,0.3912200927734375,0.009521484375,1.129150390625,1.0,0.9775280898876404,True,coherent,0.3999147472086917,0.5031027134884608,595,colon,head,695,V,P3,
595:colon:head:695:V,noise,core20,20,0.42889927625656127,0.42889927625656127,0.42246901988983154,0.111785888671875,1.0707244873046875,1.0,1.0,True,coherent,0.3269166800379753,0.5407128149271009,595,colon,head,695,V,P3,
595:colon:head:695:V,noise,additional69,69,0.4567726038504338,0.4567726038504338,0.3910675048828125,0.009521484375,1.129150390625,1.0,0.9710144927536232,True,coherent,0.3983766097953354,0.5178261800088745,595,colon,head,695,V,P3,
595:colon:head:695:V,restore,all89,89,0.44084054700444253,0.44084054700444253,0.41339111328125,0.0189208984375,1.1763916015625,1.0,0.9550561797752809,True,coherent,0.39310222214527346,0.49058688945984563,595,colon,head,695,V,P3,
595:colon:head:695:V,restore,core20,20,0.4399873733520508,0.4399873733520508,0.430267333984375,0.09746551513671875,1.004547119140625,1.0,0.95,True,coherent,0.33658885955810547,0.5544392585754391,595,colon,head,695,V,P3,
595:colon:head:695:V,restore,additional69,69,0.4410878437152807,0.4410878437152807,0.41339111328125,0.0189208984375,1.1763916015625,1.0,0.9565217391304348,True,coherent,0.38861726410147074,0.4953489754510961,595,colon,head,695,V,P3,
595:colon:head:709:Q,noise,all89,89,0.1385728187775344,0.13872094904438834,0.11001491546630855,-0.006591796875,0.591949462890625,0.9887640449438202,0.5730337078651685,True,coherent,0.11992300340298856,0.15891720203871135,595,colon,head,709,Q,P3,
595:colon:head:709:Q,noise,core20,20,0.13357458114624024,0.13357458114624024,0.13079833984375,0.03350830078125,0.27330970764160156,1.0,0.6,True,coherent,0.10398385763168334,0.1645373153686523,595,colon,head,709,Q,P3,
595:colon:head:709:Q,noise,additional69,69,0.1400215833083443,0.14021264988443125,0.1097412109375,-0.006591796875,0.591949462890625,0.9855072463768116,0.5652173913043478,True,coherent,0.11761188152907552,0.16469793198765187,595,colon,head,709,Q,P3,
595:colon:head:709:Q,restore,all89,89,0.13532182607757912,0.13540137751718587,0.1109619140625,-0.0035400390625,0.559326171875,0.9887640449438202,0.5842696629213483,True,coherent,0.11773550805081143,0.1544893724195073,595,colon,head,709,Q,P3,
595:colon:head:709:Q,restore,core20,20,0.1404867172241211,0.1404867172241211,0.106842041015625,0.05084228515625,0.378173828125,1.0,0.6,True,coherent,0.10834882259368897,0.17993206024169917,595,colon,head,709,Q,P3,
595:colon:head:709:Q,restore,additional69,69,0.1338247561800307,0.13392736600792926,0.116943359375,-0.0035400390625,0.559326171875,0.9855072463768116,0.5797101449275363,True,coherent,0.11379461443942526,0.1561003401659537,595,colon,head,709,Q,P3,
595:colon:head:751:Q,noise,all89,89,-0.2170667521069559,0.2239266921964924,-0.1815185546875,-1.0030112266540527,0.305267333984375,0.9887640449438202,0.7752808988764045,True,coherent,-0.25633341926202347,-0.18138399221254198,595,colon,head,751,Q,P3,
595:colon:head:751:Q,noise,core20,20,-0.17523778975009918,0.17523778975009918,-0.17473220825195312,-0.32975006103515625,-0.006671905517578149,1.0,0.65,True,coherent,-0.21954242765903473,-0.13200008116662507,595,colon,head,751,Q,P3,
595:colon:head:751:Q,noise,additional69,69,-0.22919108902198682,0.23803941754327304,-0.18475341796875,-1.0030112266540527,0.305267333984375,0.9855072463768116,0.8115942028985508,True,coherent,-0.27746417591537254,-0.18502298386200616,595,colon,head,751,Q,P3,
595:colon:head:751:Q,restore,all89,89,-0.22084537784705002,0.22165735116165675,-0.173095703125,-1.0054931640625,0.02734375,0.9775280898876404,0.797752808988764,True,coherent,-0.26000598307405964,-0.1855248786090465,595,colon,head,751,Q,P3,
595:colon:head:751:Q,restore,core20,20,-0.21898012161254882,0.22171449661254883,-0.1754474639892578,-0.991943359375,0.02734375,0.95,0.8,True,coherent,-0.3170091938972473,-0.14682892799377442,595,colon,head,751,Q,P3,
595:colon:head:751:Q,restore,additional69,69,-0.22138603182806485,0.22164078726284747,-0.1708526611328125,-1.0054931640625,0.0087890625,0.9855072463768116,0.7971014492753623,True,coherent,-0.2646615707355997,-0.18282941804415942,595,colon,head,751,Q,P3,
595:colon:head:817:KV,noise,all89,89,0.3344433120127474,0.3344433120127474,0.3333740234375,0.00390625,0.714202880859375,1.0,0.9775280898876404,True,coherent,0.30461465267652876,0.3648974781625726,595,colon,head,817,KV,P3,
595:colon:head:817:KV,noise,core20,20,0.33657131195068357,0.33657131195068357,0.328460693359375,0.1040496826171875,0.714202880859375,1.0,1.0,True,coherent,0.2712168598175049,0.4058642005920409,595,colon,head,817,KV,P3,
595:colon:head:817:KV,noise,additional69,69,0.33382650043653406,0.33382650043653406,0.3333740234375,0.00390625,0.7110214233398438,1.0,0.9710144927536232,True,coherent,0.2999581744705421,0.36752955861713565,595,colon,head,817,KV,P3,
595:colon:head:817:KV,restore,all89,89,0.35042467010155154,0.35042467010155154,0.34039306640625,0.0047607421875,0.820526123046875,1.0,0.9662921348314607,True,coherent,0.3201025834244289,0.3814988023779365,595,colon,head,817,KV,P3,
595:colon:head:817:KV,restore,core20,20,0.36377105712890623,0.36377105712890623,0.3543701171875,0.11846923828125,0.6486396789550781,1.0,1.0,True,coherent,0.3062403297424316,0.42384537696838376,595,colon,head,817,KV,P3,
595:colon:head:817:KV,restore,additional69,69,0.34655615212260815,0.34655615212260815,0.3314208984375,0.0047607421875,0.820526123046875,1.0,0.9565217391304348,True,coherent,0.3116337637970413,0.38310795037642764,595,colon,head,817,KV,P3,
595:colon:head:870:Q,noise,all89,89,0.7314895404858536,0.732119522737653,0.67315673828125,-0.0253486633300781,1.854400634765625,0.9662921348314607,0.8876404494382022,True,coherent,0.6369885140590453,0.8277466677547838,595,colon,head,870,Q,P3,
595:colon:head:870:Q,noise,core20,20,0.7170675277709961,0.719602394104004,0.667205810546875,-0.0253486633300781,1.5491943359375,0.95,0.85,True,coherent,0.5141223239898681,0.9200511074066162,595,colon,head,870,Q,P3,
595:colon:head:870:Q,noise,additional69,69,0.735669834026392,0.7357476759647977,0.67315673828125,-0.00244140625,1.854400634765625,0.9710144927536232,0.8985507246376812,True,coherent,0.6294358932453653,0.8446704363477401,595,colon,head,870,Q,P3,
595:colon:head:870:Q,restore,all89,89,0.7421651583039359,0.7422940864991606,0.6341552734375,-0.0047607421875,2.1858673095703125,0.9775280898876404,0.9325842696629213,True,coherent,0.6397660485814126,0.8488742533694492,595,colon,head,870,Q,P3,
595:colon:head:870:Q,restore,core20,20,0.7626718521118164,0.7626718521118164,0.5968017578125,0.12164306640625,1.56402587890625,1.0,1.0,True,coherent,0.5507279300689698,0.9893341827392576,595,colon,head,870,Q,P3,
595:colon:head:870:Q,restore,additional69,69,0.7362211890842604,0.7363874877708546,0.6573143005371094,-0.0047607421875,2.1858673095703125,0.9710144927536232,0.9130434782608695,True,coherent,0.6199551996977434,0.8580049075942108,595,colon,head,870,Q,P3,
595:colon:head:978:Q,noise,all89,89,0.282940435945318,0.28301724423183483,0.248565673828125,-0.00341796875,1.0202102661132812,0.9887640449438202,0.8089887640449438,True,coherent,0.24470034154613365,0.3231175106562925,595,colon,head,978,Q,P3,
595:colon:head:978:Q,noise,core20,20,0.29661295413970945,0.29661295413970945,0.25827789306640625,0.02581787109375,1.0202102661132812,1.0,0.75,True,coherent,0.20299505591392517,0.4058404868841171,595,colon,head,978,Q,P3,
595:colon:head:978:Q,noise,additional69,69,0.27897738719332044,0.27907645875129145,0.248565673828125,-0.00341796875,0.698455810546875,0.9855072463768116,0.8260869565217391,True,coherent,0.2379944932633552,0.3206767287807188,595,colon,head,978,Q,P3,
595:colon:head:978:Q,restore,all89,89,0.3835471185405603,0.3835471185405603,0.3438873291015625,0.0006103515625,0.95758056640625,1.0,0.898876404494382,True,coherent,0.3325426899984981,0.4366585045718075,595,colon,head,978,Q,P3,
595:colon:head:978:Q,restore,core20,20,0.4246213912963867,0.4246213912963867,0.42580413818359375,0.06640625,0.9095458984375,1.0,0.95,True,coherent,0.325041012763977,0.5273924827575683,595,colon,head,978,Q,P3,
595:colon:head:978:Q,restore,additional69,69,0.3716415322345236,0.3716415322345236,0.3166999816894531,0.0006103515625,0.95758056640625,1.0,0.8840579710144928,True,coherent,0.3141359339589658,0.4326105867607006,595,colon,head,978,Q,P3,
595:colon:mlp:18:,noise,all89,89,0.10591682155480546,0.12718292300620776,0.08355712890625,-0.1949291229248047,0.4788379669189453,0.8202247191011236,0.47191011235955055,True,coherent,0.07957208116402786,0.133315256472384,595,colon,mlp,18,,P3,
595:colon:mlp:18:,noise,core20,20,0.08549299240112304,0.1142888069152832,0.0899505615234375,-0.1949291229248047,0.3267326354980469,0.75,0.5,True,heterogeneous,0.03407809019088745,0.13652764797210692,595,colon,mlp,18,,P3,
595:colon:mlp:18:,noise,additional69,69,0.1118367720341337,0.13092034796009894,0.08160400390625,-0.134613037109375,0.4788379669189453,0.8405797101449275,0.463768115942029,True,coherent,0.08106341845747353,0.1436298442923503,595,colon,mlp,18,,P3,
595:colon:mlp:18:,restore,all89,89,0.06553749555952093,0.09190832630971844,0.06011962890625,-0.1649169921875,0.5830078125,0.7640449438202247,0.34831460674157305,False,below_rule,0.04385977755771594,0.08858575499459594,595,colon,mlp,18,,P3,
595:colon:mlp:18:,restore,core20,20,0.06485214233398437,0.08642807006835937,0.07168006896972655,-0.1649169921875,0.20703125,0.75,0.4,False,below_rule,0.02578214645385742,0.10103156566619872,595,colon,mlp,18,,P3,
595:colon:mlp:18:,restore,additional69,69,0.06573614866837212,0.0934968063796776,0.057525634765625,-0.14862060546875,0.5830078125,0.7681159420289855,0.3333333333333333,False,below_rule,0.040019203268963355,0.09375598223313039,595,colon,mlp,18,,P3,
595:colon:mlp:19:,noise,all89,89,0.5316315608078175,0.5322076229566939,0.4902801513671875,-0.025634765625,1.5322265625,0.9887640449438202,0.9438202247191011,True,coherent,0.4604008919737312,0.6061203560132659,595,colon,mlp,19,,P3,
595:colon:mlp:19:,noise,core20,20,0.5913229942321777,0.5913229942321777,0.4878883361816406,0.0575218200683594,1.414794921875,1.0,0.95,True,coherent,0.43119958639144895,0.7640116786956783,595,colon,mlp,19,,P3,
595:colon:mlp:19:,noise,additional69,69,0.5143296960471333,0.5150727327319159,0.49395751953125,-0.025634765625,1.5322265625,0.9855072463768116,0.9420289855072463,True,coherent,0.437114367450493,0.5943278960559677,595,colon,mlp,19,,P3,
595:colon:mlp:19:,restore,all89,89,0.5535880313830429,0.5536511239041103,0.4664306640625,-0.0028076171875,1.550537109375,0.9887640449438202,0.9662921348314607,True,coherent,0.4828873628980658,0.6268897233384378,595,colon,mlp,19,,P3,
595:colon:mlp:19:,restore,core20,20,0.6985353469848633,0.6985353469848633,0.6724872589111328,0.17388916015625,1.550537109375,1.0,1.0,True,coherent,0.5316723108291627,0.8703466033935545,595,colon,mlp,19,,P3,
595:colon:mlp:19:,restore,additional69,69,0.5115743167158486,0.511655696924182,0.443359375,-0.0028076171875,1.3841552734375,0.9855072463768116,0.9565217391304348,True,coherent,0.43809155450350995,0.5888645648956298,595,colon,mlp,19,,P3,
624:colon:bypass:31:,noise,all89,89,-0.13425594769167096,0.13425594769167096,-0.12786865234375,-0.3110237121582031,0.0,0.9775280898876404,0.651685393258427,True,coherent,-0.1486347203844049,-0.1202054560854194,624,colon,bypass,31,,P3,
624:colon:bypass:31:,noise,core20,20,-0.15020017623901366,0.15020017623901366,-0.134185791015625,-0.3110237121582031,-0.03204345703125,1.0,0.7,True,coherent,-0.18370396375656128,-0.11898351430892952,624,colon,bypass,31,,P3,
624:colon:bypass:31:,noise,additional69,69,-0.12963443217070206,0.12963443217070206,-0.127166748046875,-0.27490234375,0.0,0.9710144927536232,0.6376811594202898,True,coherent,-0.14542290291924406,-0.11415063540140792,624,colon,bypass,31,,P3,
624:colon:bypass:31:,restore,all89,89,-0.13339141245638386,0.13339141245638386,-0.1307830810546875,-0.294036865234375,0.0,0.9775280898876404,0.6853932584269663,True,coherent,-0.14757976424828004,-0.1195161369409454,624,colon,bypass,31,,P3,
624:colon:bypass:31:,restore,core20,20,-0.14593544006347656,0.14593544006347656,-0.14090538024902344,-0.28931427001953125,-0.0329132080078125,1.0,0.7,True,coherent,-0.17761603832244874,-0.11518559455871583,624,colon,bypass,31,,P3,
624:colon:bypass:31:,restore,additional69,69,-0.1297554624253425,0.1297554624253425,-0.128662109375,-0.294036865234375,0.0,0.9710144927536232,0.6811594202898551,True,coherent,-0.14562668040178825,-0.11416235937588459,624,colon,bypass,31,,P3,
624:colon:head:641:Q,noise,all89,89,0.12175224336345544,0.1265580439835452,0.09466552734375,-0.10968017578125,0.5140609741210938,0.9438202247191011,0.4943820224719101,True,coherent,0.09856719722908534,0.1461776530474759,624,colon,head,641,Q,P3,
624:colon:head:641:Q,noise,core20,20,0.1445466995239258,0.1445466995239258,0.09317779541015625,0.01971435546875,0.5140609741210938,1.0,0.45,True,coherent,0.08936124801635742,0.21345018386840814,624,colon,head,641,Q,P3,
624:colon:head:641:Q,noise,additional69,69,0.11514515462129013,0.12134394092836241,0.09881591796875,-0.10968017578125,0.409454345703125,0.927536231884058,0.5072463768115942,True,coherent,0.09126201513884724,0.14041441022485918,624,colon,head,641,Q,P3,
624:colon:head:641:Q,restore,all89,89,0.10844876792993438,0.1154899275704716,0.091796875,-0.1324462890625,0.519134521484375,0.9213483146067416,0.4943820224719101,True,coherent,0.08800175189971923,0.12950801983308258,624,colon,head,641,Q,P3,
624:colon:head:641:Q,restore,core20,20,0.09606223106384278,0.10619025230407715,0.0947265625,-0.10128021240234375,0.237060546875,0.95,0.5,True,heterogeneous,0.0612993860244751,0.13034348487854003,624,colon,head,641,Q,P3,
624:colon:head:641:Q,restore,additional69,69,0.1120390684708305,0.11818548561870187,0.0912685394287109,-0.1324462890625,0.519134521484375,0.9130434782608695,0.4927536231884058,True,coherent,0.08767866811890533,0.13817457599916316,624,colon,head,641,Q,P3,
624:colon:head:695:KV,noise,all89,89,-0.12821989380911494,0.12821989380911494,-0.11749267578125,-0.44481658935546875,-0.00634765625,1.0,0.5617977528089888,True,coherent,-0.1463638987434044,-0.11122958204719458,624,colon,head,695,KV,P3,
624:colon:head:695:KV,noise,core20,20,-0.13590757846832274,0.13590757846832274,-0.1328582763671875,-0.44481658935546875,-0.0218505859375,1.0,0.6,True,coherent,-0.18231511116027832,-0.09606640696525574,624,colon,head,695,KV,P3,
624:colon:head:695:KV,noise,additional69,69,-0.12599157941514166,0.12599157941514166,-0.111572265625,-0.41643476486206055,-0.00634765625,1.0,0.5507246376811594,True,coherent,-0.14536663984906845,-0.10777057115582453,624,colon,head,695,KV,P3,
624:colon:head:695:KV,restore,all89,89,-0.11952089459708568,0.11952089459708568,-0.107177734375,-0.35528564453125,-0.0009765625,1.0,0.5730337078651685,True,coherent,-0.1348804862311717,-0.10480820409367593,624,colon,head,695,KV,P3,
624:colon:head:695:KV,restore,core20,20,-0.12254018783569336,0.12254018783569336,-0.0930023193359375,-0.31488037109375,-0.01987457275390625,1.0,0.5,True,coherent,-0.15893439054489136,-0.08978446006774903,624,colon,head,695,KV,P3,
624:colon:head:695:KV,restore,additional69,69,-0.11864573713661968,0.11864573713661968,-0.11181640625,-0.35528564453125,-0.0009765625,1.0,0.5942028985507246,True,coherent,-0.13547931097555851,-0.10259328614110533,624,colon,head,695,KV,P3,
624:colon:head:695:V,noise,all89,89,-0.1279570306285044,0.1279570306285044,-0.10443115234375,-0.4227447509765625,-0.00537109375,1.0,0.5168539325842697,True,coherent,-0.1465949632478564,-0.11025782602556639,624,colon,head,695,V,P3,
624:colon:head:695:V,noise,core20,20,-0.13382629156112671,0.13382629156112671,-0.1325531005859375,-0.4227447509765625,-0.02691650390625,1.0,0.6,True,coherent,-0.17837140411138533,-0.0950218939781189,624,colon,head,695,V,P3,
624:colon:head:695:V,noise,additional69,69,-0.12625579557557037,0.12625579557557037,-0.0997314453125,-0.37689208984375,-0.00537109375,1.0,0.4927536231884058,True,coherent,-0.14666727504868438,-0.10672065434248552,624,colon,head,695,V,P3,
624:colon:head:695:V,restore,all89,89,-0.1208296250761225,0.1209832416491562,-0.11557960510253905,-0.33770751953125,0.0068359375,0.9887640449438202,0.550561797752809,True,coherent,-0.13662529232796658,-0.10583020087038535,624,colon,head,695,V,P3,
624:colon:head:695:V,restore,core20,20,-0.1241109848022461,0.1241109848022461,-0.0908050537109375,-0.310546875,-0.032958984375,1.0,0.45,True,coherent,-0.16195762634277344,-0.08977842807769777,624,colon,head,695,V,P3,
624:colon:head:695:V,restore,additional69,69,-0.11987850631492725,0.12007664943086928,-0.11724853515625,-0.33770751953125,0.0068359375,0.9855072463768116,0.5797101449275363,True,coherent,-0.13699776538904163,-0.10361643977787185,624,colon,head,695,V,P3,
624:colon:head:870:Q,noise,all89,89,-0.13265871465875861,0.13361573219299316,-0.119140625,-0.3792724609375,0.0136260986328125,0.9213483146067416,0.6292134831460674,True,coherent,-0.1531348295426101,-0.11271184937337815,624,colon,head,870,Q,P3,
624:colon:head:870:Q,noise,core20,20,-0.12503480911254883,0.12748384475708008,-0.10985565185546875,-0.309234619140625,0.0136260986328125,0.9,0.65,True,coherent,-0.16497150659561158,-0.08697596549987799,624,colon,head,870,Q,P3,
624:colon:head:870:Q,noise,additional69,69,-0.13486854235331217,0.13539309087006943,-0.1270751953125,-0.3792724609375,0.008331298828125,0.927536231884058,0.6231884057971014,True,coherent,-0.15850525973499685,-0.11199384504470274,624,colon,head,870,Q,P3,
624:colon:head:870:Q,restore,all89,89,-0.12133915504712738,0.12417351797725378,-0.10723876953125,-0.392333984375,0.051513671875,0.9325842696629213,0.550561797752809,True,coherent,-0.14038301103570489,-0.1027060181907054,624,colon,head,870,Q,P3,
624:colon:head:870:Q,restore,core20,20,-0.1308587074279785,0.1308587074279785,-0.0928955078125,-0.392333984375,-0.0182037353515625,1.0,0.45,True,coherent,-0.17588786363601686,-0.0915851521492005,624,colon,head,870,Q,P3,
624:colon:head:870:Q,restore,additional69,69,-0.11857986450195312,0.12223578190457994,-0.111297607421875,-0.307861328125,0.051513671875,0.9130434782608695,0.5797101449275363,True,coherent,-0.1398721819338591,-0.0975770224695621,624,colon,head,870,Q,P3,
641:colon:bypass:31:,noise,all89,89,-0.3525518835260627,0.3525518835260627,-0.3380126953125,-0.8587646484375,0.0,0.9775280898876404,0.9438202247191011,True,coherent,-0.3880678610855274,-0.31790228948164523,641,colon,bypass,31,,P3,
641:colon:bypass:31:,noise,core20,20,-0.36246356964111326,0.36246356964111326,-0.36367225646972656,-0.7184219360351562,-0.0752105712890625,1.0,0.95,True,coherent,-0.4377440500259399,-0.2911174869537354,641,colon,bypass,31,,P3,
641:colon:bypass:31:,noise,additional69,69,-0.3496789310289466,0.3496789310289466,-0.3380126953125,-0.8587646484375,0.0,0.9710144927536232,0.9420289855072463,True,coherent,-0.3909286386724831,-0.30962809393371366,641,colon,bypass,31,,P3,
641:colon:bypass:31:,restore,all89,89,-0.35435907492476904,0.35435907492476904,-0.3448486328125,-0.885498046875,0.0,0.9775280898876404,0.9325842696629213,True,coherent,-0.3903233840224448,-0.31910675991787,641,colon,bypass,31,,P3,
641:colon:bypass:31:,restore,core20,20,-0.3600950002670288,0.3600950002670288,-0.34954047203063965,-0.8284912109375,-0.0802001953125,1.0,0.95,True,coherent,-0.43958588600158693,-0.2876465654373169,641,colon,bypass,31,,P3,
641:colon:bypass:31:,restore,additional69,69,-0.35269648786904156,0.35269648786904156,-0.3272705078125,-0.885498046875,0.0,0.9710144927536232,0.927536231884058,True,coherent,-0.39467755677043526,-0.31177733877430813,641,colon,bypass,31,,P3,
641:colon:head:695:KV,noise,all89,89,-0.2737625689988726,0.2737625689988726,-0.233062744140625,-1.0860595703125,-0.00537109375,1.0,0.8876404494382022,True,coherent,-0.31353552970993387,-0.23677068680859684,641,colon,head,695,KV,P3,
641:colon:head:695:KV,noise,core20,20,-0.25871868133544923,0.25871868133544923,-0.225372314453125,-1.0860595703125,-0.02911376953125,1.0,0.8,True,coherent,-0.36850881576538086,-0.17421015262603762,641,colon,head,695,KV,P3,
641:colon:head:695:KV,noise,additional69,69,-0.2781231161476909,0.2781231161476909,-0.233062744140625,-0.7360343933105469,-0.00537109375,1.0,0.9130434782608695,True,coherent,-0.32009823650553604,-0.23806539963984835,641,colon,head,695,KV,P3,
641:colon:head:695:KV,restore,all89,89,-0.2551307196027777,0.2551307196027777,-0.2293701171875,-0.785888671875,-0.0023193359375,1.0,0.8764044943820225,True,coherent,-0.28579092976752296,-0.22601247074898712,641,colon,head,695,KV,P3,
641:colon:head:695:KV,restore,core20,20,-0.2715658187866211,0.2715658187866211,-0.22016525268554688,-0.785888671875,-0.0454559326171875,1.0,0.9,True,coherent,-0.3597289609909058,-0.19388404369354253,641,colon,head,695,KV,P3,
641:colon:head:695:KV,restore,additional69,69,-0.25036692273789557,0.25036692273789557,-0.2293701171875,-0.585205078125,-0.0023193359375,1.0,0.8695652173913043,True,coherent,-0.2795760619467583,-0.22132568635802338,641,colon,head,695,KV,P3,
641:colon:head:695:V,noise,all89,89,-0.27524697378780066,0.27524697378780066,-0.233642578125,-1.131103515625,-0.0068359375,1.0,0.8764044943820225,True,coherent,-0.3162142369184601,-0.23753126645356085,641,colon,head,695,V,P3,
641:colon:head:695:V,noise,core20,20,-0.2679756164550781,0.2679756164550781,-0.23292922973632812,-1.131103515625,-0.0445404052734375,1.0,0.8,True,coherent,-0.38241316795349123,-0.18019227981567393,641,colon,head,695,V,P3,
641:colon:head:695:V,noise,additional69,69,-0.2773546135943869,0.2773546135943869,-0.233642578125,-0.7438507080078125,-0.0068359375,1.0,0.8985507246376812,True,coherent,-0.31960236818894094,-0.23699184759803443,641,colon,head,695,V,P3,
641:colon:head:695:V,restore,all89,89,-0.26613241635011825,0.26613241635011825,-0.2379150390625,-0.8350830078125,-0.001220703125,1.0,0.898876404494382,True,coherent,-0.29782413686259407,-0.2364499525407727,641,colon,head,695,V,P3,
641:colon:head:695:V,restore,core20,20,-0.27443398237228395,0.27443398237228395,-0.199981689453125,-0.8350830078125,-0.0404052734375,1.0,0.85,True,coherent,-0.36567844599485394,-0.19421726435422898,641,colon,head,695,V,P3,
641:colon:head:695:V,restore,additional69,69,-0.2637261653292006,0.2637261653292006,-0.2469482421875,-0.557861328125,-0.001220703125,1.0,0.9130434782608695,True,coherent,-0.2941604206527489,-0.23369310904240265,641,colon,head,695,V,P3,
641:colon:head:817:KV,noise,all89,89,-0.15657333309730787,0.15662270985292584,-0.1395263671875,-0.355377197265625,0.002197265625,0.9887640449438202,0.7303370786516854,True,coherent,-0.17535774761371398,-0.138085303413734,641,colon,head,817,KV,P3,
641:colon:head:817:KV,noise,core20,20,-0.14923858642578125,0.14923858642578125,-0.13628196716308594,-0.31689453125,-0.04150390625,1.0,0.65,True,coherent,-0.18678544521331789,-0.11508419513702395,641,colon,head,817,KV,P3,
641:colon:head:817:KV,noise,additional69,69,-0.1586993466252866,0.15876303548398224,-0.1397705078125,-0.355377197265625,0.002197265625,0.9855072463768116,0.7536231884057971,True,coherent,-0.1804546098778213,-0.13682037972021796,641,colon,head,817,KV,P3,
641:colon:head:817:KV,restore,all89,89,-0.16121189246016943,0.16121189246016943,-0.1656646728515625,-0.4161376953125,-0.001220703125,1.0,0.7415730337078652,True,coherent,-0.1790543599075146,-0.14398212968633417,641,colon,head,817,KV,P3,
641:colon:head:817:KV,restore,core20,20,-0.17353477478027343,0.17353477478027343,-0.1678619384765625,-0.4031982421875,-0.042083740234375,1.0,0.7,True,coherent,-0.2180271911621094,-0.13233851432800295,641,colon,head,817,KV,P3,
641:colon:head:817:KV,restore,additional69,69,-0.15764004251231317,0.15764004251231317,-0.16497802734375,-0.4161376953125,-0.001220703125,1.0,0.7536231884057971,True,coherent,-0.17670715304388515,-0.13909698707469997,641,colon,head,817,KV,P3,
641:colon:head:870:Q,noise,all89,89,-0.23630787281507856,0.23932672350594167,-0.22272491455078125,-0.895751953125,0.047332763671875,0.898876404494382,0.7415730337078652,True,coherent,-0.2741627970438325,-0.19892101850402497,641,colon,head,870,Q,P3,
641:colon:head:870:Q,noise,core20,20,-0.209564208984375,0.21384124755859374,-0.21365737915039062,-0.49908447265625,0.02288818359375,0.9,0.7,True,coherent,-0.27530566692352293,-0.14478797435760526,641,colon,head,870,Q,P3,
641:colon:head:870:Q,noise,additional69,69,-0.2440596594326738,0.2467138179834338,-0.2349853515625,-0.895751953125,0.047332763671875,0.8985507246376812,0.7536231884057971,True,coherent,-0.2891418574512869,-0.20154768850492397,641,colon,head,870,Q,P3,
641:colon:head:870:Q,restore,all89,89,-0.22268684794393817,0.22491926021790237,-0.21343994140625,-0.716461181640625,0.06345367431640625,0.9438202247191011,0.7415730337078652,True,coherent,-0.25531977013255774,-0.1906688641966059,641,colon,head,870,Q,P3,
641:colon:head:870:Q,restore,core20,20,-0.21148860454559326,0.21148860454559326,-0.14691162109375,-0.452972412109375,-0.0436859130859375,1.0,0.7,True,coherent,-0.2757262253761292,-0.15243943095207219,641,colon,head,870,Q,P3,
641:colon:head:870:Q,restore,additional69,69,-0.22593271559563236,0.22881220389103543,-0.2178955078125,-0.716461181640625,0.06345367431640625,0.927536231884058,0.7536231884057971,True,coherent,-0.2636957279150037,-0.1890348538108494,641,colon,head,870,Q,P3,
641:colon:head:978:Q,noise,all89,89,-0.11882748228780339,0.120729173167368,-0.08740234375,-0.6804161071777344,0.034942626953125,0.9438202247191011,0.42696629213483145,True,coherent,-0.14519869772236,-0.09509159380130557,641,colon,head,978,Q,P3,
641:colon:head:978:Q,noise,core20,20,-0.10987586975097656,0.11154823303222657,-0.080352783203125,-0.6804161071777344,0.0167236328125,0.95,0.15,True,coherent,-0.18460035800933838,-0.0577256727218628,641,colon,head,978,Q,P3,
641:colon:head:978:Q,noise,additional69,69,-0.12142215258833292,0.12339031523552493,-0.10179996490478516,-0.5117378234863281,0.034942626953125,0.9420289855072463,0.5072463768115942,True,coherent,-0.14973103257193082,-0.09587002318838368,641,colon,head,978,Q,P3,
641:colon:head:978:Q,restore,all89,89,-0.14919889642951195,0.15028274193238678,-0.12060546875,-0.50067138671875,0.04054069519042965,0.9775280898876404,0.5955056179775281,True,coherent,-0.17245333918024985,-0.1267620201860921,641,colon,head,978,Q,P3,
641:colon:head:978:Q,restore,core20,20,-0.1670839786529541,0.1678530216217041,-0.15966796875,-0.347412109375,0.0076904296875,0.95,0.75,True,coherent,-0.20828225731849673,-0.12579239845275886,641,colon,head,978,Q,P3,
641:colon:head:978:Q,restore,additional69,69,-0.14401481462561566,0.14518990723983102,-0.11492919921875,-0.50067138671875,0.04054069519042965,0.9855072463768116,0.5507246376811594,True,coherent,-0.17102993225705795,-0.11836533062699917,641,colon,head,978,Q,P3,
751:colon:head:870:Q,noise,all89,89,-0.20670937420277113,0.2092517734913344,-0.1986083984375,-0.5927886962890625,0.03912353515625,0.9101123595505618,0.7303370786516854,True,coherent,-0.23747630387209775,-0.1755039863372117,751,colon,head,870,Q,P3,
751:colon:head:870:Q,noise,core20,20,-0.19275612831115724,0.1975244998931885,-0.19293212890625,-0.441619873046875,0.026123046875,0.9,0.75,True,coherent,-0.2510133135318756,-0.1343271577358246,751,colon,head,870,Q,P3,
751:colon:head:870:Q,noise,additional69,69,-0.21075379330178964,0.2126509832299274,-0.1986083984375,-0.5927886962890625,0.03912353515625,0.9130434782608695,0.7246376811594203,True,coherent,-0.24669858908307726,-0.17524575686109245,751,colon,head,870,Q,P3,
751:colon:head:870:Q,restore,all89,89,-0.20129996739076764,0.20459415135758646,-0.18853759765625,-0.530242919921875,0.0450439453125,0.9438202247191011,0.7752808988764045,True,coherent,-0.22746855114283188,-0.1754303294621157,751,colon,head,870,Q,P3,
751:colon:head:870:Q,restore,core20,20,-0.21610021591186523,0.21610021591186523,-0.196136474609375,-0.530242919921875,-0.0618743896484375,1.0,0.8,True,coherent,-0.2703555107116699,-0.16723847389221191,751,colon,head,870,Q,P3,
751:colon:head:870:Q,restore,additional69,69,-0.19701004028320312,0.2012590601824332,-0.18853759765625,-0.43359375,0.0450439453125,0.927536231884058,0.7681159420289855,True,coherent,-0.22669544358184374,-0.16798250986182175,751,colon,head,870,Q,P3,
751:colon:head:978:Q,noise,all89,89,-0.2020779459663991,0.2020779459663991,-0.201507568359375,-0.6471729278564453,-0.000244140625,1.0,0.7191011235955056,True,coherent,-0.22989991595236103,-0.17553477474812712,751,colon,head,978,Q,P3,
751:colon:head:978:Q,noise,core20,20,-0.21505498886108398,0.21505498886108398,-0.21292877197265625,-0.6471729278564453,-0.043304443359375,1.0,0.7,True,coherent,-0.2794592118263245,-0.15849318504333515,751,colon,head,978,Q,P3,
751:colon:head:978:Q,noise,additional69,69,-0.1983164842577948,0.1983164842577948,-0.19384765625,-0.62176513671875,-0.000244140625,1.0,0.7246376811594203,True,coherent,-0.2289568431135537,-0.1688258777494016,751,colon,head,978,Q,P3,
751:colon:head:978:Q,restore,all89,89,-0.24418367964498114,0.2448091185494755,-0.212921142578125,-0.661773681640625,0.027099609375,0.9775280898876404,0.8314606741573034,True,coherent,-0.27711526463540753,-0.21257253014639524,751,colon,head,978,Q,P3,
751:colon:head:978:Q,restore,core20,20,-0.2824673652648926,0.2824673652648926,-0.24124717712402344,-0.568359375,-0.0673828125,1.0,0.95,True,coherent,-0.35096306800842286,-0.21657582998275768,751,colon,head,978,Q,P3,
751:colon:head:978:Q,restore,additional69,69,-0.2330869591754416,0.23389368471891983,-0.2091064453125,-0.661773681640625,0.027099609375,0.9710144927536232,0.7971014492753623,True,coherent,-0.27090481191441634,-0.19798652400141178,751,colon,head,978,Q,P3,
787:colon:bypass:31:,noise,all89,89,0.16544251495532775,0.16765657167756157,0.1524200439453125,-0.0894923210144043,0.5081787109375,0.9550561797752809,0.7865168539325843,True,coherent,0.14526174309548368,0.18614232620496426,787,colon,bypass,31,,coverage_route,
787:colon:bypass:31:,noise,core20,20,0.18587961196899414,0.18587961196899414,0.171905517578125,0.00286865234375,0.378173828125,1.0,0.8,True,coherent,0.1378739881515503,0.23488747596740722,787,colon,bypass,31,,coverage_route,
787:colon:bypass:31:,noise,additional69,69,0.15951871871948242,0.1623745310133782,0.1524200439453125,-0.0894923210144043,0.5081787109375,0.9420289855072463,0.782608695652174,True,coherent,0.1377326087675233,0.1820069205933723,787,colon,bypass,31,,coverage_route,
787:colon:bypass:31:,restore,all89,89,0.16537952423095703,0.1689490629046151,0.154205322265625,-0.0931396484375,0.5620555877685547,0.9438202247191011,0.7752808988764045,True,coherent,0.1445399704943882,0.18688009803214767,787,colon,bypass,31,,coverage_route,
787:colon:bypass:31:,restore,core20,20,0.1873250722885132,0.1873250722885132,0.170867919921875,0.0125732421875,0.4206886291503906,1.0,0.7,True,coherent,0.13947990775108338,0.2377903550863266,787,colon,bypass,31,,coverage_route,
787:colon:bypass:31:,restore,additional69,69,0.159018495808477,0.16362268337305041,0.154205322265625,-0.0931396484375,0.5620555877685547,0.927536231884058,0.7971014492753623,True,coherent,0.1365130685377812,0.18215379110281016,787,colon,bypass,31,,coverage_route,
817:colon:bypass:31:,noise,all89,89,0.2386437694678146,0.2386437694678146,0.210662841796875,0.0,0.7144775390625,0.9775280898876404,0.9213483146067416,True,coherent,0.21439547418208604,0.26434325421794075,817,colon,bypass,31,,P3,
817:colon:bypass:31:,noise,core20,20,0.22365446090698243,0.22365446090698243,0.209747314453125,0.06463623046875,0.4219970703125,1.0,0.85,True,coherent,0.18549204826354979,0.2631214380264282,817,colon,bypass,31,,P3,
817:colon:bypass:31:,noise,additional69,69,0.24298849658689636,0.24298849658689636,0.210662841796875,0.0,0.7144775390625,0.9710144927536232,0.9420289855072463,True,coherent,0.21374915648197784,0.2739204999329387,817,colon,bypass,31,,P3,
817:colon:bypass:31:,restore,all89,89,0.23635919978109637,0.23635919978109637,0.21148681640625,0.0,0.5481662750244141,0.9775280898876404,0.9325842696629213,True,coherent,0.2121381170294258,0.26165726693828456,817,colon,bypass,31,,P3,
817:colon:bypass:31:,restore,core20,20,0.22552738189697266,0.22552738189697266,0.215179443359375,0.0478515625,0.4951171875,1.0,0.9,True,coherent,0.18231725215911865,0.27251574516296384,817,colon,bypass,31,,P3,
817:colon:bypass:31:,restore,additional69,69,0.23949885713881341,0.23949885713881341,0.21148681640625,0.0,0.5481662750244141,0.9710144927536232,0.9420289855072463,True,coherent,0.21140378385350322,0.269155300527379,817,colon,bypass,31,,P3,
817:colon:head:870:Q,noise,all89,89,0.3020533122373431,0.30293112122610716,0.3286705017089844,-0.01519775390625,0.721282958984375,0.9438202247191011,0.8089887640449438,True,coherent,0.26104290994365564,0.3423594448003876,817,colon,head,870,Q,P3,
817:colon:head:870:Q,noise,core20,20,0.3110402345657349,0.31370136737823484,0.29654693603515625,-0.01519775390625,0.6849365234375,0.9,0.8,True,coherent,0.22004996001720428,0.40201748371124246,817,colon,head,870,Q,P3,
817:colon:head:870:Q,noise,additional69,69,0.29944840721462085,0.29980931074722955,0.3286705017089844,-0.010498046875,0.721282958984375,0.9565217391304348,0.8115942028985508,True,coherent,0.2546127438545227,0.3449756725974705,817,colon,head,870,Q,P3,
817:colon:head:870:Q,restore,all89,89,0.2885626085688559,0.2890069993694177,0.254058837890625,-0.019775390625,1.002471923828125,0.9887640449438202,0.8426966292134831,True,coherent,0.24888137337866795,0.32956550576713634,817,colon,head,870,Q,P3,
817:colon:head:870:Q,restore,core20,20,0.3156740188598633,0.3156740188598633,0.2375030517578125,0.0318603515625,0.75067138671875,1.0,0.95,True,coherent,0.23853750705718993,0.40157219409942607,817,colon,head,870,Q,P3,
817:colon:head:870:Q,restore,additional69,69,0.28070422877436096,0.2812774285026219,0.265625,-0.019775390625,1.002471923828125,0.9855072463768116,0.8115942028985508,True,coherent,0.2361897207688594,0.3281552672386169,817,colon,head,870,Q,P3,
817:colon:head:978:Q,noise,all89,89,0.21691577354173983,0.21700355444061623,0.19720458984375,-0.00390625,0.5714111328125,0.9887640449438202,0.7640449438202247,True,coherent,0.18885197559099517,0.2456021776360071,817,colon,head,978,Q,P3,
817:colon:head:978:Q,noise,core20,20,0.21970672607421876,0.21970672607421876,0.198516845703125,0.044677734375,0.531005859375,1.0,0.75,True,coherent,0.16142020225524903,0.28344660758972157,817,colon,head,978,Q,P3,
817:colon:head:978:Q,noise,additional69,69,0.2161068017931952,0.21622002643087637,0.18994140625,-0.00390625,0.5714111328125,0.9855072463768116,0.7681159420289855,True,coherent,0.18430373703224073,0.24907910046370133,817,colon,head,978,Q,P3,
817:colon:head:978:Q,restore,all89,89,0.25657969378353507,0.25657969378353507,0.2222900390625,0.000244140625,0.70697021484375,1.0,0.8089887640449438,True,coherent,0.2225114838460858,0.29133081141482575,817,colon,head,978,Q,P3,
817:colon:head:978:Q,restore,core20,20,0.3138576507568359,0.3138576507568359,0.2960052490234375,0.0546875,0.69677734375,1.0,0.9,True,coherent,0.23416112899780275,0.3968238162994383,817,colon,head,978,Q,P3,
817:colon:head:978:Q,restore,additional69,69,0.2399773874144623,0.2399773874144623,0.20758056640625,0.000244140625,0.70697021484375,1.0,0.782608695652174,True,coherent,0.20404089291890462,0.2779926612757254,817,colon,head,978,Q,P3,
