phase,mode,id,direction,families,mean,mean_absolute,median,minimum,maximum,sign_fraction,above_tau_fraction,retained,classification,descriptive_ci_low,descriptive_ci_high,mean_absolute_order_difference,original_gap,normalized_mean,normalized_mean_absolute,panel,group,kind,head,background,source,site,cohort,members
initial,donor,G1:I1:conditional:L18H18,noise,20,3.7063708305358887,3.7063708305358887,3.584808349609375,1.917205810546875,7.290771484375,1.0,1.0,True,coherent,3.197351882457733,4.275429558753967,4.128768348693848,11.200063323974609,0.3309240959916818,0.3309240959916818,G1,I1,conditional,594,,,,,
initial,donor,G1:I1:conditional:L18H19,noise,20,4.21425199508667,4.21425199508667,3.83380126953125,2.37994384765625,7.191198348999023,1.0,1.0,True,coherent,3.648559310436249,4.8504590177536,2.4339075088500977,11.200063323974609,0.3762703721563551,0.3762703721563551,G1,I1,conditional,595,,,,,
initial,donor,G1:I1:conditional:L19H16,noise,20,-0.2660183906555176,0.27484712600708006,-0.27039337158203125,-0.7534427642822266,0.088287353515625,0.95,0.85,True,coherent,-0.3459956407546997,-0.19273291349411023,0.38057193756103513,11.200063323974609,-0.023751507733539727,0.02453978321879202,G1,I1,conditional,624,,,,,
initial,donor,G1:I1:conditional:L20H1,noise,20,-0.49356660842895506,0.4976315498352051,-0.56072998046875,-0.9879856109619141,0.0406494140625,0.95,0.95,True,coherent,-0.6113025021553039,-0.37530835390090955,1.472869300842285,11.200063323974609,-0.04406819802281271,0.04443113716776814,G1,I1,conditional,641,,,,,
initial,donor,G1:I1:conditional:L23H15,noise,20,-0.359145450592041,0.368300724029541,-0.364013671875,-0.6163330078125,0.091552734375,0.95,0.95,True,coherent,-0.42758970260620116,-0.2850246644020083,0.531566047668457,11.200063323974609,-0.03206637678764388,0.03288380729430025,G1,I1,conditional,751,,,,,
initial,donor,G1:I1:conditional:L25H17,noise,20,0.7870596885681153,0.7870596885681153,0.79510498046875,0.4024658203125,1.1487178802490234,1.0,1.0,True,coherent,0.7114002895355224,0.8623153734207152,0.392548942565918,11.200063323974609,0.07027278916212489,0.07027278916212489,G1,I1,conditional,817,,,,,
initial,donor,G1:I1:interaction,noise,20,1.5209455013275146,1.664794683456421,1.5634994506835938,-0.7636871337890625,3.8598480224609375,0.9,1.0,True,coherent,1.0081846964359282,2.0255950462818144,1.8832839012145997,11.200063323974609,0.135797937684139,0.14864154204314167,G1,I1,interaction,,,,,,
initial,donor,G1:I1:whole,noise,20,5.440044498443603,5.440044498443603,5.581367492675781,2.95367431640625,7.633049011230469,1.0,1.0,True,coherent,4.854718987941743,6.012103154659271,7.063956260681152,11.200063323974609,0.48571551258989437,0.48571551258989437,G1,I1,whole,,,,,,
initial,donor,G1:I2:conditional:L17H24,noise,20,0.4991199493408203,0.4991199493408203,0.41350555419921875,0.220458984375,1.125,1.0,1.0,True,coherent,0.4032708072662354,0.6118015575408935,0.6963371276855469,11.200063323974609,0.04456402922940758,0.04456402922940758,G1,I2,conditional,568,,,,,
initial,donor,G1:I2:conditional:L18H18,noise,20,3.5276975631713867,3.5276975631713867,3.508880615234375,1.75860595703125,5.784027099609375,1.0,1.0,True,coherent,3.066971197128296,4.012572555541992,4.263879013061524,11.200063323974609,0.31497121588768834,0.31497121588768834,G1,I2,conditional,594,,,,,
initial,donor,G1:I2:conditional:L18H19,noise,20,4.105548858642578,4.105548858642578,4.122291564941406,2.19140625,7.54998779296875,1.0,1.0,True,coherent,3.555924777984619,4.709518547058105,2.471022033691406,11.200063323974609,0.36656478984849405,0.36656478984849405,G1,I2,conditional,595,,,,,
initial,donor,G1:I2:conditional:L19H16,noise,20,-0.20184650421142578,0.21704425811767578,-0.2216796875,-0.60455322265625,0.1519775390625,0.95,0.85,True,coherent,-0.2674614191055298,-0.13827880382537847,0.30729026794433595,11.200063323974609,-0.018021907410055226,0.0193788420511048,G1,I2,conditional,624,,,,,
initial,donor,G1:I2:conditional:L20H1,noise,20,-0.3571478843688965,0.3637885093688965,-0.44500732421875,-0.8504638671875,0.06640625,0.95,0.9,True,coherent,-0.456114718914032,-0.2602194857597352,1.263136100769043,11.200063323974609,-0.0318880236689728,0.03248093326313422,G1,I2,conditional,641,,,,,
initial,donor,G1:I2:interaction,noise,20,1.51526780128479,1.5562727451324463,1.475433349609375,-0.4100494384765625,3.877685546875,0.95,0.95,True,coherent,1.0648537349700928,1.979437496662139,1.5189251899719238,11.200063323974609,0.13529100304649538,0.13895213804739148,G1,I2,interaction,,,,,,
initial,donor,G1:I2:whole,noise,20,5.559914207458496,5.559914207458496,5.5944671630859375,2.98089599609375,7.836509704589844,1.0,1.0,True,coherent,4.93645302772522,6.169891443252563,5.9577678680419925,11.200063323974609,0.4964181046688429,0.4964181046688429,G1,I2,whole,,,,,,
initial,donor,G1:I3:conditional:L18H18,noise,20,3.2305137634277346,3.2305137634277346,3.304046630859375,1.7556304931640625,6.0337371826171875,1.0,1.0,True,coherent,2.796247119903564,3.7004105949401844,3.713420104980469,11.200063323974609,0.2884370980753803,0.2884370980753803,G1,I3,conditional,594,,,,,
initial,donor,G1:I3:conditional:L18H19,noise,20,3.6885726928710936,3.6885726928710936,3.4307785034179688,2.1236572265625,6.41021728515625,1.0,1.0,True,coherent,3.2059928703308107,4.238793334960937,2.1993896484375,11.200063323974609,0.3293349855420385,0.3293349855420385,G1,I3,conditional,595,,,,,
initial,donor,G1:I3:conditional:L20H1,noise,20,-0.34360389709472655,0.34801673889160156,-0.404815673828125,-0.7156982421875,0.04412841796875,0.95,0.9,True,coherent,-0.42561155319213867,-0.26047821044921876,1.4461402893066406,11.200063323974609,-0.03067874592808914,0.03107274743229751,G1,I3,conditional,641,,,,,
initial,donor,G1:I3:conditional:L23H15,noise,20,-0.30820722579956056,0.3216105461120605,-0.311065673828125,-0.6139678955078125,0.134033203125,0.95,0.95,True,coherent,-0.3759227991104126,-0.23514228105545062,0.4761312484741211,11.200063323974609,-0.027518346716827836,0.02871506497857276,G1,I3,conditional,751,,,,,
initial,donor,G1:I3:conditional:L25H17,noise,20,0.7338020324707031,0.7338020324707031,0.7246017456054688,0.370849609375,1.0067138671875,1.0,1.0,True,coherent,0.6614459228515625,0.8030432128906249,0.33889312744140626,11.200063323974609,0.0655176681813881,0.0655176681813881,G1,I3,conditional,817,,,,,
initial,donor,G1:I3:interaction,noise,20,0.9278694152832031,1.222956085205078,1.1781005859375,-1.3412017822265625,2.7735671997070312,0.8,0.95,True,coherent,0.45456045150756835,1.3771879196166987,1.4740692138671876,11.200063323974609,0.08284501510781875,0.10919189024469578,G1,I3,interaction,,,,,,
initial,donor,G1:I3:whole,noise,20,5.706062889099121,5.706062889099121,5.930702209472656,3.2784423828125,8.180397033691406,1.0,1.0,True,coherent,5.113584384918213,6.291238241195679,6.7787731170654295,11.200063323974609,0.509467020323434,0.509467020323434,G1,I3,whole,,,,,,
initial,donor,G1:I4:conditional:L16H1,noise,20,1.1520818710327148,1.1520818710327148,0.975433349609375,0.44793701171875,2.6940765380859375,1.0,1.0,True,coherent,0.9178561115264893,1.407657284736633,0.7887172698974609,11.200063323974609,0.10286387118603103,0.10286387118603103,G1,I4,conditional,513,,,,,
initial,donor,G1:I4:conditional:L16H21,noise,20,1.1136766433715821,1.1136766433715821,1.0964202880859375,0.13140869140625,2.2739105224609375,1.0,1.0,True,coherent,0.8504243564605714,1.3854845905303954,0.8898563385009766,11.200063323974609,0.0994348523894209,0.0994348523894209,G1,I4,conditional,533,,,,,
initial,donor,G1:I4:conditional:L17H3,noise,20,-0.12327291965484619,0.12780325412750243,-0.102447509765625,-0.4401702880859375,0.02154541015625,0.8,0.5,True,coherent,-0.17555026590824127,-0.07650218546390533,0.21329236030578613,11.200063323974609,-0.011006448453819978,0.011410940316197106,G1,I4,conditional,547,,,,,
initial,donor,G1:I4:interaction,noise,20,0.38702869415283203,0.38702869415283203,0.34494972229003906,0.05108642578125,1.0385894775390625,1.0,0.9,True,coherent,0.2964845275878906,0.4881355667114256,0.2943859100341797,11.200063323974609,0.034555938029775864,0.034555938029775864,G1,I4,interaction,,,,,,
initial,donor,G1:I4:whole,noise,20,1.7184289932250976,1.7184289932250976,1.4703559875488281,0.48211669921875,3.6494598388671875,1.0,1.0,True,coherent,1.3826182651519776,2.0776683282852164,0.8886157989501953,11.200063323974609,0.15343029262581634,0.15343029262581634,G1,I4,whole,,,,,,
initial,donor,G1:O1:conditional:L16H1,noise,20,0.19652862548828126,0.19652862548828126,0.17779541015625,0.06396484375,0.505035400390625,1.0,0.75,True,coherent,0.148858642578125,0.2525864028930664,0.1577911376953125,11.200063323974609,0.01754709949430343,0.01754709949430343,G1,O1,conditional,513,,,,,
initial,donor,G1:O1:conditional:L17H3,noise,20,-0.06445846557617188,0.06930007934570312,-0.04961395263671875,-0.2041168212890625,0.0223388671875,0.85,0.25,False,below_rule,-0.09169607162475586,-0.03958251953125003,0.10233306884765625,11.200063323974609,-0.005755187601323066,0.00618747210092651,G1,O1,conditional,547,,,,,
initial,donor,G1:O1:conditional:L18H18,noise,20,2.297627258300781,2.297627258300781,2.42010498046875,1.301025390625,3.5706787109375,1.0,1.0,True,coherent,2.0120147323608397,2.5875609302520752,3.4310943603515627,11.200063323974609,0.20514413104991386,0.20514413104991386,G1,O1,conditional,594,,,,,
initial,donor,G1:O1:conditional:L18H19,noise,20,2.6712013244628907,2.6712013244628907,2.6678466796875,1.337158203125,3.9772491455078125,1.0,1.0,True,coherent,2.3577163124084475,2.989961853027343,2.2199722290039063,11.200063323974609,0.2384987698011471,0.2384987698011471,G1,O1,conditional,595,,,,,
initial,donor,G1:O1:interaction,noise,20,-0.557248878479004,0.8531969070434571,-0.49053192138671875,-2.3088531494140625,1.112091064453125,0.8,1.0,True,coherent,-0.926744623184204,-0.18395747661590583,1.158785629272461,11.200063323974609,-0.049754082843993325,0.07617786456770495,G1,O1,interaction,,,,,,
initial,donor,G1:O1:whole,noise,20,5.745597648620605,5.745597648620605,5.896675109863281,3.39337158203125,8.359397888183594,1.0,1.0,True,coherent,5.137675375938415,6.354277029037475,4.816399765014649,11.200063323974609,0.512996889608803,0.512996889608803,G1,O1,whole,,,,,,
initial,donor,G1:O2:conditional:L16H1,noise,20,0.9607853174209595,0.9607853174209595,0.7861747741699219,0.41375732421875,2.296032428741455,1.0,1.0,True,coherent,0.7661905771493912,1.180904608368873,0.5921309947967529,11.200063323974609,0.0857839183252048,0.0857839183252048,G1,O2,conditional,513,,,,,
initial,donor,G1:O2:conditional:L16H21,noise,20,0.9845165491104126,0.9845165491104126,0.9783000946044922,0.1307373046875,2.101715087890625,1.0,1.0,True,coherent,0.7451519012451172,1.237041658759117,0.8421982288360595,11.200063323974609,0.08790276631766698,0.08790276631766698,G1,O2,conditional,533,,,,,
initial,donor,G1:O2:interaction,noise,20,0.10359995365142823,0.12165720462799072,0.09033203125,-0.180572509765625,0.5396847724914551,0.95,0.45,True,coherent,0.04695354044437409,0.16725714147090912,0.3143295764923096,11.200063323974609,0.009249943563235438,0.010862188999197352,G1,O2,interaction,,,,,,
initial,donor,G1:O2:whole,noise,20,1.841701912879944,1.841701912879944,1.5671234130859375,0.621826171875,3.80131196975708,1.0,1.0,True,coherent,1.479018940925598,2.2331401485204694,0.8633446216583252,11.200063323974609,0.16443674107963635,0.16443674107963635,G1,O2,whole,,,,,,
initial,donor,G1:O3:conditional:L18H18,noise,20,2.5003353118896485,2.5003353118896485,2.0317630767822266,1.0512733459472656,6.4503173828125,1.0,1.0,True,coherent,2.010177979469299,3.093192853927612,2.852824401855469,11.200063323974609,0.22324296207660593,0.22324296207660593,G1,O3,conditional,594,,,,,
initial,donor,G1:O3:conditional:L18H19,noise,20,2.8444442749023438,2.8444442749023438,2.472381591796875,1.483154296875,6.3599853515625,1.0,1.0,True,coherent,2.3045935916900637,3.4842976713180542,1.9558349609375,11.200063323974609,0.25396680292097895,0.25396680292097895,G1,O3,conditional,595,,,,,
initial,donor,G1:O3:conditional:L18H24,noise,20,-0.7515342712402344,0.7515342712402344,-0.7161865234375,-1.6463394165039062,-0.09807968139648438,1.0,0.95,True,coherent,-0.9161033725738525,-0.5994370603561403,1.2787063598632813,11.200063323974609,-0.06710089483436373,0.06710089483436373,G1,O3,conditional,600,,,,,
initial,donor,G1:O3:conditional:L19H16,noise,20,-0.2309173583984375,0.2361053466796875,-0.2320556640625,-0.5539932250976562,0.0518798828125,0.95,0.8,True,coherent,-0.29949640274047856,-0.16524234771728527,0.17136383056640625,11.200063323974609,-0.020617504715722535,0.021080715336161144,G1,O3,conditional,624,,,,,
initial,donor,G1:O3:conditional:L20H1,noise,20,-0.3603227615356445,0.3603227615356445,-0.3472137451171875,-0.67474365234375,-0.036529541015625,1.0,0.9,True,coherent,-0.4436082077026367,-0.27949634552001956,0.6819553375244141,11.200063323974609,-0.03217149324185923,0.03217149324185923,G1,O3,conditional,641,,,,,
initial,donor,G1:O3:conditional:L22H5,noise,20,0.7505536556243897,0.7505536556243897,0.747314453125,0.47698211669921875,1.2005615234375,1.0,1.0,True,coherent,0.6666135883331299,0.8411169934272765,0.5248387336730957,11.200063323974609,0.06701334036368982,0.06701334036368982,G1,O3,conditional,709,,,,,
initial,donor,G1:O3:conditional:L27H6,noise,20,1.6368679523468017,1.6368679523468017,1.6878662109375,0.543426513671875,2.786834716796875,1.0,1.0,True,coherent,1.3097699177265167,1.9585478234291078,1.0570731163024902,11.200063323974609,0.14614809800610307,0.14614809800610307,G1,O3,conditional,870,,,,,
initial,donor,G1:O3:interaction,noise,20,-0.5214826107025147,1.5916436672210694,-0.9810748100280762,-3.2059326171875,2.483428955078125,0.65,1.0,True,heterogeneous,-1.251920747756958,0.23487722873687739,1.8977557182312013,11.200063323974609,-0.046560684133476325,0.14211023823535282,G1,O3,interaction,,,,,,
initial,donor,G1:O3:whole,noise,20,6.64134635925293,6.64134635925293,6.566944122314453,3.20367431640625,9.133773803710938,1.0,1.0,True,coherent,5.868248367309571,7.384666690826415,5.337164306640625,11.200063323974609,0.5929740008734246,0.5929740008734246,G1,O3,whole,,,,,,
initial,donor,G1:O4:conditional:L18H18,noise,20,2.5590206146240235,2.5590206146240235,2.599609375,1.413818359375,3.86822509765625,1.0,1.0,True,coherent,2.246949300765991,2.8742378616333,3.1440879821777346,11.200063323974609,0.22848269162427326,0.22848269162427326,G1,O4,conditional,594,,,,,
initial,donor,G1:O4:conditional:L18H19,noise,20,2.875374603271484,2.875374603271484,2.885223388671875,1.5177001953125,4.1370086669921875,1.0,1.0,True,coherent,2.556794662475586,3.195611705780029,1.9639755249023438,11.200063323974609,0.2567284237685086,0.2567284237685086,G1,O4,conditional,595,,,,,
initial,donor,G1:O4:interaction,noise,20,-0.20898380279541015,0.6433271408081055,-0.23140716552734375,-1.4987030029296875,1.2605133056640625,0.65,0.8,True,heterogeneous,-0.5375075674057006,0.13472006797790503,0.8968959808349609,11.200063323974609,-0.018659162609202754,0.05743959852718097,G1,O4,interaction,,,,,,
initial,donor,G1:O4:whole,noise,20,5.643379020690918,5.643379020690918,5.778144836425781,3.35931396484375,8.119377136230469,1.0,1.0,True,coherent,5.051795473098755,6.238350305557249,4.939403915405274,11.200063323974609,0.5038702780019846,0.5038702780019846,G1,O4,whole,,,,,,
initial,donor,G3:0:change,noise,20,0.0,0.0,0.0,0.0,0.0,1.0,0.0,False,below_rule,0.0,0.0,0.0,11.200063323974609,0.0,0.0,G3,,change,,[],,,,
initial,donor,G3:0:change,restore,20,0.0,0.0,0.0,0.0,0.0,1.0,0.0,False,below_rule,0.0,0.0,0.0,11.200063323974609,0.0,0.0,G3,,change,,[],,,,
initial,donor,G3:0:conditional,noise,20,0.004895973205566406,0.025926780700683594,-0.00609588623046875,-0.04998779296875,0.2675628662109375,0.25,0.05,False,below_rule,-0.013816924095153808,0.03578794479370111,0.03177299499511719,11.200063323974609,0.0004371379932367163,0.002314878045839732,G3,,conditional,,[],,,,
initial,donor,G3:1:change,noise,20,0.002173614501953125,0.004479217529296875,0.0012054443359375,-0.0079345703125,0.0174560546875,0.65,0.0,False,below_rule,-0.0002924203872680664,0.0049070405960083,0.00665283203125,11.200063323974609,0.00019407162612199998,0.0003999278753816294,G3,,change,,['L21H18'],,,,
initial,donor,G3:1:conditional,noise,20,0.007069587707519531,0.026161003112792968,-0.009176254272460938,-0.0423583984375,0.27972412109375,0.2,0.05,False,below_rule,-0.012163577079772949,0.039040451049804685,0.030138778686523437,11.200063323974609,0.0006312096193587162,0.0023357906429683573,G3,,conditional,,['L21H18'],,,,
initial,donor,G3:2:change,noise,20,0.0029079437255859373,0.009529876708984374,7.62939453125e-05,-0.016143798828125,0.055267333984375,0.5,0.0,False,below_rule,-0.0026602697372436522,0.01010514736175537,0.012943267822265625,11.200063323974609,0.0002596363646767297,0.0008508770382203939,G3,,change,,"['L21H18', 'L22H5', 'L21H6']",,,,
initial,donor,G3:2:conditional,noise,20,0.007803916931152344,0.02648639678955078,-0.007568359375,-0.033203125,0.26090240478515625,0.15,0.05,False,below_rule,-0.011572084426879882,0.03890459060668943,0.031959152221679686,11.200063323974609,0.000696774357913446,0.0023648434855591026,G3,,conditional,,"['L21H18', 'L22H5', 'L21H6']",,,,
initial,donor,G3:3:change,noise,20,0.01903667449951172,0.029710960388183594,0.00295257568359375,-0.043487548828125,0.30078125,0.6,0.05,False,below_rule,-0.002873401641845703,0.05352191925048823,0.02721061706542969,11.200063323974609,0.001699693470371925,0.002652749321924365,G3,,change,,"['L21H18', 'L22H5', 'L21H6', 'L27H6']",,,,
initial,donor,G3:3:conditional,noise,20,0.023932647705078126,0.039652252197265626,-0.003631591796875,-0.0478515625,0.32080078125,0.3,0.1,False,below_rule,-0.007955398559570313,0.06848615646362297,0.03817291259765625,11.200063323974609,0.002136831463608641,0.0035403596435376297,G3,,conditional,,"['L21H18', 'L22H5', 'L21H6', 'L27H6']",,,,
initial,donor,G3:4:change,noise,20,0.015659141540527343,0.025184440612792968,0.00151824951171875,-0.040557861328125,0.261474609375,0.55,0.05,False,below_rule,-0.003672823905944824,0.045476555824279785,0.021108627319335938,11.200063323974609,0.001398129732624612,0.0022485980555916776,G3,,change,,['L27H6'],,,,
initial,donor,G3:4:conditional,noise,20,0.02055511474609375,0.03833770751953125,-0.00341796875,-0.0477294921875,0.281494140625,0.45,0.1,False,below_rule,-0.00938720703125,0.06160907745361326,0.0376495361328125,11.200063323974609,0.001835267725861328,0.003422990246623552,G3,,conditional,,['L27H6'],,,,
initial,donor,block:L13H10:query_sentence,noise,20,-0.6655460596084595,0.6655460596084595,-0.5087072849273682,-1.6493988037109375,-0.177398681640625,1.0,1.0,True,coherent,-0.8443546622991562,-0.502541060447693,0.44828181266784667,11.200063323974609,-0.05942341934655014,0.05942341934655014,blocking,,blocking,,,426,query_sentence,,
initial,donor,block:L13H10:query_sentence,restore,20,-0.42905116081237793,0.47606654167175294,-0.351593017578125,-1.680877685546875,0.437164306640625,0.9,0.95,True,coherent,-0.6264199733734132,-0.252573544979096,0.42313375473022463,11.200063323974609,-0.038307922768075826,0.04250570089659184,blocking,,blocking,,,426,query_sentence,,
initial,donor,block:L13H10:query_sentence:self,noise,20,0.0,0.0,0.0,0.0,0.0,1.0,0.0,False,below_rule,0.0,0.0,0.0,11.200063323974609,0.0,0.0,control,,self_clamp,,,,,,
initial,donor,block:L13H10:query_sentence:self,restore,20,0.0,0.0,0.0,0.0,0.0,1.0,0.0,False,below_rule,0.0,0.0,0.0,11.200063323974609,0.0,0.0,control,,self_clamp,,,,,,
initial,donor,block:L13H10:query_sentence:source,noise,20,-0.5907781839370727,0.5910330057144165,-0.392181396484375,-1.7917938232421875,0.0025482177734375,0.95,0.9,True,coherent,-0.813276498913765,-0.3915812200307847,0.45752673149108886,11.200063323974609,-0.05274775390532533,0.052770505721093944,blocking,,source,,,426,query_sentence,,
initial,donor,block:L13H10:query_sentence:source,restore,20,-0.3303884983062744,0.4088430881500244,-0.237030029296875,-1.64715576171875,0.488739013671875,0.8,0.7,True,coherent,-0.5458069956302642,-0.1384152221679689,0.4046917915344238,11.200063323974609,-0.029498806278983446,0.03650364076735744,blocking,,source,,,426,query_sentence,,
initial,donor,block:L15H25:query_child_last,noise,20,0.42649054527282715,0.42649054527282715,0.3263053894042969,0.175262451171875,0.89276123046875,1.0,1.0,True,coherent,0.3302092832326889,0.5306173127889632,0.23922386169433593,11.200063323974609,0.038079297673245374,0.038079297673245374,blocking,,blocking,,,505,query_child_last,,
initial,donor,block:L15H25:query_child_last,restore,20,0.4421687602996826,0.4452968120574951,0.412109375,-0.0233154296875,1.1904144287109375,0.9,0.9,True,coherent,0.31782110333442687,0.5785200870037078,0.28307256698608396,11.200063323974609,0.03947913038609218,0.03975841914253311,blocking,,blocking,,,505,query_child_last,,
initial,donor,block:L15H25:query_child_last:self,noise,20,0.0,0.0,0.0,0.0,0.0,1.0,0.0,False,below_rule,0.0,0.0,0.0,11.200063323974609,0.0,0.0,control,,self_clamp,,,,,,
initial,donor,block:L15H25:query_child_last:self,restore,20,0.0,0.0,0.0,0.0,0.0,1.0,0.0,False,below_rule,0.0,0.0,0.0,11.200063323974609,0.0,0.0,control,,self_clamp,,,,,,
initial,donor,block:L15H25:query_child_last:source,noise,20,0.42902963161468505,0.42902963161468505,0.3134269714355469,0.1756591796875,0.881072998046875,1.0,1.0,True,coherent,0.3349395608901978,0.5319182497262954,0.2404003620147705,11.200063323974609,0.038306000529150015,0.038306000529150015,blocking,,source,,,505,query_child_last,,
initial,donor,block:L15H25:query_child_last:source,restore,20,0.45728087425231934,0.45792784690856936,0.418914794921875,-0.0064697265625,1.3634796142578125,0.95,0.9,True,coherent,0.3288080143928528,0.6047356808185577,0.3040163993835449,11.200063323974609,0.04082841864594408,0.04088618373508113,blocking,,source,,,505,query_child_last,,
initial,donor,block:L15H25:query_sentence,noise,20,0.4541900157928467,0.4541900157928467,0.38468170166015625,0.196868896484375,0.87493896484375,1.0,1.0,True,coherent,0.3601100170612335,0.5568770873546597,0.2281102180480957,11.200063323974609,0.040552450700936445,0.040552450700936445,blocking,,blocking,,,505,query_sentence,,
initial,donor,block:L15H25:query_sentence,restore,20,0.4415687322616577,0.461663031578064,0.446929931640625,-0.1031494140625,1.0828628540039062,0.9,0.95,True,coherent,0.31215778946876527,0.5748369503021239,0.30080561637878417,11.200063323974609,0.039425556757027025,0.041219680480719986,blocking,,blocking,,,505,query_sentence,,
initial,donor,block:L15H25:query_sentence:self,noise,20,0.0,0.0,0.0,0.0,0.0,1.0,0.0,False,below_rule,0.0,0.0,0.0,11.200063323974609,0.0,0.0,control,,self_clamp,,,,,,
initial,donor,block:L15H25:query_sentence:self,restore,20,0.0,0.0,0.0,0.0,0.0,1.0,0.0,False,below_rule,0.0,0.0,0.0,11.200063323974609,0.0,0.0,control,,self_clamp,,,,,,
initial,donor,block:L15H25:query_sentence:source,noise,20,0.4726902484893799,0.4726902484893799,0.4097480773925781,0.19037628173828125,0.9779052734375,1.0,1.0,True,coherent,0.3749401843547821,0.580252240896225,0.233748722076416,11.200063323974609,0.042204247852558975,0.042204247852558975,blocking,,source,,,505,query_sentence,,
initial,donor,block:L15H25:query_sentence:source,restore,20,0.45131165981292726,0.476316237449646,0.39803385734558105,-0.1803436279296875,1.4231948852539062,0.9,0.95,True,coherent,0.2998262828588486,0.6162922954559327,0.30095858573913575,11.200063323974609,0.040295456084329405,0.04252799503642573,blocking,,source,,,505,query_sentence,,
initial,donor,block:L17H1:query_sentence,noise,20,5.480055856704712,5.480055856704712,5.4942779541015625,2.6300048828125,7.28863525390625,1.0,1.0,True,coherent,4.896843726634979,6.020011135339736,3.3972058296203613,11.200063323974609,0.4892879350935655,0.4892879350935655,blocking,,blocking,,,545,query_sentence,,
initial,donor,block:L17H1:query_sentence,restore,20,5.377878093719483,5.377878093719483,5.3475341796875,3.20501708984375,7.492353439331055,1.0,1.0,True,coherent,4.8047930526733404,5.955840027332304,3.5655344009399412,11.200063323974609,0.4801649721218732,0.4801649721218732,blocking,,blocking,,,545,query_sentence,,
initial,donor,block:L17H1:query_sentence:self,noise,20,0.0,0.0,0.0,0.0,0.0,1.0,0.0,False,below_rule,0.0,0.0,0.0,11.200063323974609,0.0,0.0,control,,self_clamp,,,,,,
initial,donor,block:L17H1:query_sentence:self,restore,20,0.0,0.0,0.0,0.0,0.0,1.0,0.0,False,below_rule,0.0,0.0,0.0,11.200063323974609,0.0,0.0,control,,self_clamp,,,,,,
initial,donor,block:L17H1:query_sentence:source,noise,20,6.217210197448731,6.217210197448731,5.994285583496094,3.42901611328125,9.062126159667969,1.0,1.0,True,coherent,5.562572336196899,6.855063424110412,3.4199398040771483,11.200063323974609,0.555104914821357,0.555104914821357,blocking,,source,,,545,query_sentence,,
initial,donor,block:L17H1:query_sentence:source,restore,20,6.025264549255371,6.025264549255371,5.9854583740234375,3.71099853515625,8.40966796875,1.0,1.0,True,coherent,5.418320536613464,6.641606130599975,3.6944019317626955,11.200063323974609,0.537967007414844,0.537967007414844,blocking,,source,,,545,query_sentence,,
initial,donor,block:L17H1:query_writer_union,noise,20,5.017246437072754,5.017246437072754,4.712368011474609,2.56317138671875,6.8335723876953125,1.0,1.0,True,coherent,4.469584221839905,5.526516542434691,3.4160282135009767,11.200063323974609,0.4479658991153154,0.4479658991153154,blocking,,blocking,,,545,query_writer_union,,
initial,donor,block:L17H1:query_writer_union,restore,20,4.8619993209838865,4.8619993209838865,4.939567565917969,2.845733642578125,6.89080810546875,1.0,1.0,True,coherent,4.383451111316681,5.343513145446778,3.4538013458251955,11.200063323974609,0.43410462783513,0.43410462783513,blocking,,blocking,,,545,query_writer_union,,
initial,donor,block:L17H1:query_writer_union:self,noise,20,0.0,0.0,0.0,0.0,0.0,1.0,0.0,False,below_rule,0.0,0.0,0.0,11.200063323974609,0.0,0.0,control,,self_clamp,,,,,,
initial,donor,block:L17H1:query_writer_union:self,restore,20,0.0,0.0,0.0,0.0,0.0,1.0,0.0,False,below_rule,0.0,0.0,0.0,11.200063323974609,0.0,0.0,control,,self_clamp,,,,,,
initial,donor,block:L17H1:query_writer_union:source,noise,20,5.697087287902832,5.697087287902832,5.357818603515625,3.3106689453125,8.617439270019531,1.0,1.0,True,coherent,5.0846329164505,6.310855112075806,3.3841800689697266,11.200063323974609,0.5086656318904709,0.5086656318904709,blocking,,source,,,545,query_writer_union,,
initial,donor,block:L17H1:query_writer_union:source,restore,20,5.456295585632324,5.456295585632324,5.323783874511719,3.31231689453125,7.790283203125,1.0,1.0,True,coherent,4.94442388534546,5.977122392654419,3.546335220336914,11.200063323974609,0.48716649431371495,0.48716649431371495,blocking,,source,,,545,query_writer_union,,
initial,donor,block:L17H3:colon,noise,20,-0.2598437309265137,0.2598437309265137,-0.24216461181640625,-0.5003204345703125,-0.082183837890625,1.0,0.9,True,coherent,-0.31349902391433715,-0.20763713836669923,0.28621158599853513,11.200063323974609,-0.023200201946206672,0.023200201946206672,blocking,,blocking,,,547,colon,,
initial,donor,block:L17H3:colon,restore,20,-0.3038646697998047,0.3038646697998047,-0.27825927734375,-0.68804931640625,-0.05224609375,1.0,0.85,True,coherent,-0.38644288063049315,-0.22651248931884774,0.34067459106445314,11.200063323974609,-0.027130620694738275,0.027130620694738275,blocking,,blocking,,,547,colon,,
initial,donor,block:L17H3:colon:self,noise,20,0.0,0.0,0.0,0.0,0.0,1.0,0.0,False,below_rule,0.0,0.0,0.0,11.200063323974609,0.0,0.0,control,,self_clamp,,,,,,
initial,donor,block:L17H3:colon:self,restore,20,0.0,0.0,0.0,0.0,0.0,1.0,0.0,False,below_rule,0.0,0.0,0.0,11.200063323974609,0.0,0.0,control,,self_clamp,,,,,,
initial,donor,block:L17H3:colon:source,noise,20,-0.40670166015625,0.40670166015625,-0.383453369140625,-0.7285385131835938,-0.1014404296875,1.0,1.0,True,coherent,-0.5008425807952881,-0.3137744426727297,0.296771240234375,11.200063323974609,-0.0363124429203604,0.0363124429203604,blocking,,source,,,547,colon,,
initial,donor,block:L17H3:colon:source,restore,20,-0.41690883636474607,0.4212057113647461,-0.36322021484375,-0.8829345703125,0.04296875,0.95,0.95,True,coherent,-0.5315842199325561,-0.3052256679534913,0.43134269714355467,11.200063323974609,-0.037223792786271144,0.037607440170728534,blocking,,source,,,547,colon,,
conditional,donor,G2:L11H4:change,noise,20,0.0008701324462890625,0.0033405303955078127,0.00152587890625,-0.0048828125,0.008819580078125,0.6,0.0,False,below_rule,-0.0008194351196289063,0.0026245403289794898,0.006954193115234375,11.200063323974609,7.768995773679923e-05,0.0002982599561162433,G2,,change,356,,,,,
conditional,donor,G2:L11H4:conditional,noise,20,0.0052967071533203125,0.01609382629394531,-0.0002593994140625,-0.02362060546875,0.04638671875,0.5,0.0,False,below_rule,-0.0030193424224853518,0.014059896469116205,0.022396087646484375,11.200063323974609,0.0004729176077051545,0.0014369406518885675,G2,,conditional,356,,,,,
conditional,donor,G2:L11H7:change,noise,20,-0.004880332946777343,0.01621837615966797,-0.008686065673828125,-0.037872314453125,0.0403900146484375,0.6,0.0,False,below_rule,-0.012959709167480469,0.003617172241210931,0.032401657104492186,11.200063323974609,-0.0004357415494545116,0.0014480611127395387,G2,,change,359,,,,,
conditional,donor,G2:L11H7:conditional,noise,20,0.010118865966796875,0.0979095458984375,0.023834228515625,-0.226593017578125,0.2081298828125,0.55,0.45,False,below_rule,-0.04295703887939453,0.061517686843871974,0.117535400390625,11.200063323974609,0.0009034650674819537,0.00874187431501878,G2,,conditional,359,,,,,
conditional,donor,G2:L12H2:change,noise,20,0.0013784408569335938,0.006468772888183594,0.00078582763671875,-0.01007843017578125,0.0241851806640625,0.55,0.0,False,below_rule,-0.002326779365539551,0.005608792304992672,0.015374374389648438,11.200063323974609,0.0001230743806584498,0.0005775657423593919,G2,,change,386,,,,,
conditional,donor,G2:L12H2:conditional,noise,20,0.0134368896484375,0.03243865966796875,0.0166015625,-0.0535888671875,0.0936279296875,0.75,0.0,False,below_rule,-0.0028427886962890626,0.0296489334106445,0.043438720703125,11.200063323974609,0.0011997155069360002,0.0028962925235012974,G2,,conditional,386,,,,,
conditional,donor,G2:L14H23:change,noise,20,-0.003622293472290039,0.030274438858032226,-0.006298065185546875,-0.0857248306274414,0.061859130859375,0.55,0.0,False,below_rule,-0.020345044136047364,0.012686548233032176,0.061738109588623045,11.200063323974609,-0.00032341723144870417,0.0027030596151387315,G2,,change,471,,,,,
conditional,donor,G2:L14H23:conditional,noise,20,-0.20623512268066407,0.2431560516357422,-0.23046875,-0.868194580078125,0.1337890625,0.8,0.8,True,coherent,-0.30825104713439944,-0.11231884002685553,0.3648078918457031,11.200063323974609,-0.018413746129381403,0.02171023900509988,G2,,conditional,471,,,,,
conditional,donor,G2:L15H3:change,noise,20,0.005717754364013672,0.011234188079833984,0.002044677734375,-0.0255126953125,0.028564453125,0.65,0.0,False,below_rule,-0.00047368288040161127,0.012040810585021973,0.02316570281982422,11.200063323974609,0.0005105108961102365,0.0010030468359751438,G2,,change,483,,,,,
conditional,donor,G2:L15H3:conditional,noise,20,-0.10548095703125,0.1121337890625,-0.07781982421875,-0.391143798828125,0.048583984375,0.9,0.45,True,coherent,-0.15101354598999023,-0.06460092544555665,0.1187713623046875,11.200063323974609,-0.0094178893440236,0.010011888845527228,G2,,conditional,483,,,,,
conditional,donor,G2:L16H16:change,noise,20,-0.0022849291563034058,0.004235002398490906,-0.00186920166015625,-0.014028966426849365,0.00506591796875,0.55,0.0,False,below_rule,-0.004518289119005203,-0.00019450187683105885,0.009359592199325561,11.200063323974609,-0.00020401037835315956,0.00037812307627096655,G2,,change,528,,,,,
conditional,donor,G2:L16H16:conditional,noise,20,0.016901090741157532,0.020096281170845033,0.016571044921875,-0.0179443359375,0.047607421875,0.8,0.0,False,below_rule,0.009406223297119142,0.024299671128392215,0.04983306527137756,11.200063323974609,0.0015090174271585972,0.0017943006739816708,G2,,conditional,528,,,,,
conditional,donor,G2:L16H1:change,noise,20,-0.076519775390625,0.08525543212890625,-0.0910491943359375,-0.20406341552734375,0.0619659423828125,0.85,0.35,False,below_rule,-0.10567603588104248,-0.047019085884094244,0.16851654052734374,11.200063323974609,-0.006832084174633947,0.0076120491164019,G2,,change,513,,,,,
conditional,donor,G2:L16H1:conditional,noise,20,0.8007095336914063,0.8007095336914063,0.73846435546875,0.29412841796875,1.60791015625,1.0,1.0,True,coherent,0.6436928367614747,0.9631286811828613,0.775579833984375,11.200063323974609,0.07149151844324175,0.07149151844324175,G2,,conditional,513,,,,,
conditional,donor,G2:L16H21:change,noise,20,-0.04169597625732422,0.06509113311767578,-0.04665184020996094,-0.18715667724609375,0.0660400390625,0.7,0.15,False,below_rule,-0.07294283390045166,-0.0120309066772461,0.19464988708496095,11.200063323974609,-0.0037228339743464425,0.005811675455293466,G2,,change,533,,,,,
conditional,donor,G2:L16H21:conditional,noise,20,0.8614547729492188,0.8614547729492188,0.86224365234375,0.043212890625,1.889495849609375,1.0,0.95,True,coherent,0.6440582084655762,1.086907806396484,0.67091064453125,11.200063323974609,0.07691516985490678,0.07691516985490678,G2,,conditional,533,,,,,
conditional,donor,G2:L16H24:change,noise,20,0.011239147186279297,0.014372539520263673,0.00946807861328125,-0.014617919921875,0.0468292236328125,0.75,0.0,False,below_rule,0.0048862814903259276,0.017897188663482652,0.022093772888183594,11.200063323974609,0.0010034896108329161,0.001283255201736059,G2,,change,536,,,,,
conditional,donor,G2:L16H24:conditional,noise,20,-0.060651206970214845,0.07893733978271485,-0.04228401184082031,-0.23046875,0.0755615234375,0.7,0.35,False,below_rule,-0.09956677913665771,-0.02376516342163086,0.19667472839355468,11.200063323974609,-0.00541525571916957,0.007047936917797894,G2,,conditional,536,,,,,
conditional,donor,G2:L16H31:change,noise,20,0.010909175872802735,0.017055416107177736,0.009979248046875,-0.02520751953125,0.0473175048828125,0.75,0.0,False,below_rule,0.002986772060394287,0.018804199695587154,0.03491840362548828,11.200063323974609,0.0009740280529888427,0.0015227963997908197,G2,,change,543,,,,,
conditional,donor,G2:L16H31:conditional,noise,20,-0.16552391052246093,0.16552391052246093,-0.12384033203125,-0.3536376953125,-0.04010009765625,1.0,0.65,True,coherent,-0.20666190147399902,-0.12597043037414551,0.2755424499511719,11.200063323974609,-0.014778837023907185,0.014778837023907185,G2,,conditional,543,,,,,
conditional,donor,G2:L16H4:change,noise,20,-0.0008905410766601562,0.002971458435058594,-0.000675201416015625,-0.008514404296875,0.00689697265625,0.55,0.0,False,below_rule,-0.002573394775390625,0.0007606649398803699,0.009403610229492187,11.200063323974609,-7.951214657455406e-05,0.0002653072888166583,G2,,change,516,,,,,
conditional,donor,G2:L16H4:conditional,noise,20,0.015048027038574219,0.03023052215576172,0.023038864135742188,-0.031982421875,0.060516357421875,0.6,0.0,False,below_rule,0.0019007158279418948,0.02805306434631343,0.032128524780273435,11.200063323974609,0.0013435662463052993,0.002699138503177114,G2,,conditional,516,,,,,
conditional,donor,G2:L17H24:change,noise,20,-0.014768314361572266,0.04067869186401367,-0.0222015380859375,-0.11815643310546875,0.126312255859375,0.65,0.1,False,below_rule,-0.036889712810516354,0.008363363742828341,0.08503246307373047,11.200063323974609,-0.001318592041346725,0.003632005524195364,G2,,change,568,,,,,
conditional,donor,G2:L17H24:conditional,noise,20,0.4817054748535156,0.4817054748535156,0.45603179931640625,0.19561767578125,1.1585693359375,1.0,1.0,True,coherent,0.3903665542602539,0.5884400177001952,0.9342514038085937,11.200063323974609,0.04300917422693383,0.04300917422693383,G2,,conditional,568,,,,,
conditional,donor,G2:L17H5:change,noise,20,0.0025647163391113283,0.010295963287353516,0.0031194686889648438,-0.030303955078125,0.02294158935546875,0.7,0.0,False,below_rule,-0.003186802864074707,0.007852616310119624,0.01769084930419922,11.200063323974609,0.00022899123557822685,0.0009192772388450879,G2,,change,549,,,,,
conditional,donor,G2:L17H5:conditional,noise,20,-0.004983139038085937,0.036758041381835936,-0.00800323486328125,-0.10919189453125,0.102752685546875,0.55,0.1,False,below_rule,-0.025247793197631836,0.01564688682556151,0.14510116577148438,11.200063323974609,-0.00044492061285217376,0.003281949424620884,G2,,conditional,549,,,,,
conditional,donor,G2:L18H19:change,noise,20,-0.05066947937011719,0.21046524047851561,-0.056262969970703125,-0.5218658447265625,0.5066070556640625,0.55,0.75,True,heterogeneous,-0.16095704078674317,0.05964765071868883,0.40596542358398435,11.200063323974609,-0.00452403507948524,0.01879143308306109,G2,,change,595,,,,,
conditional,donor,G2:L18H19:conditional,noise,20,3.0297107696533203,3.0297107696533203,2.906951904296875,1.470947265625,4.7357330322265625,1.0,1.0,True,coherent,2.6414377880096436,3.433770990371704,1.8703575134277344,11.200063323974609,0.2705083607132817,0.2705083607132817,G2,,conditional,595,,,,,
conditional,donor,G2:L19H16:change,noise,20,-0.041902804374694826,0.05686862468719482,-0.03948974609375,-0.1788330078125,0.0662384033203125,0.8,0.2,False,below_rule,-0.06944083511829376,-0.015582232475280781,0.17508978843688966,11.200063323974609,-0.003741300666130932,0.005077527067678546,G2,,change,624,,,,,
conditional,donor,G2:L19H16:conditional,noise,20,-0.8927835464477539,0.8927835464477539,-0.839202880859375,-1.6985931396484375,-0.217041015625,1.0,1.0,True,coherent,-1.0637073135375976,-0.7260874509811405,0.5193134307861328,11.200063323974609,-0.0797123659592782,0.0797123659592782,G2,,conditional,624,,,,,
conditional,donor,G2:L1H27:change,noise,20,0.0035716891288757324,0.014718711376190186,0.0013335943222045898,-0.0391845703125,0.0911865234375,0.6,0.0,False,below_rule,-0.006033824682235718,0.015771094858646393,0.026400017738342284,11.200063323974609,0.00031889901204667777,0.001314163228406364,G2,,change,59,,,,,
conditional,donor,G2:L1H27:conditional,noise,20,0.032522189617156985,0.06939352750778198,0.01483154296875,-0.1678466796875,0.23065185546875,0.6,0.25,False,below_rule,-0.00886904150247574,0.07635544538497915,0.12462999820709228,11.200063323974609,0.002903750512511898,0.006195815639652655,G2,,conditional,59,,,,,
conditional,donor,G2:L20H7:change,noise,20,0.043364882469177246,0.1226076364517212,0.015787124633789062,-0.16595458984375,0.324554443359375,0.6,0.55,True,heterogeneous,-0.01969648778438568,0.10984070777893051,0.1693554401397705,11.200063323974609,0.003871842615063732,0.010947048503669616,G2,,change,647,,,,,
conditional,donor,G2:L20H7:conditional,noise,20,-0.03393058776855469,0.3389087677001953,-0.1033935546875,-1.1265640258789062,1.42828369140625,0.65,0.8,True,heterogeneous,-0.2402732276916504,0.19096371650695748,0.2608482360839844,11.200063323974609,-0.0030294996364818422,0.030259540316592195,G2,,conditional,647,,,,,
conditional,donor,G2:L21H25:change,noise,20,0.008317518234252929,0.013966035842895509,0.00910186767578125,-0.02134418487548828,0.034912109375,0.75,0.0,False,below_rule,0.0019217908382415773,0.014433498382568358,0.018245792388916014,11.200063323974609,0.0007426313578467572,0.001246960435750405,G2,,change,697,,,,,
conditional,donor,G2:L21H25:conditional,noise,20,0.06356201171875,0.06918182373046874,0.0526275634765625,-0.04754638671875,0.2950439453125,0.9,0.2,False,below_rule,0.03658897399902344,0.09656197547912596,0.07053680419921875,11.200063323974609,0.00567514753087963,0.0061769136235488645,G2,,conditional,697,,,,,
conditional,donor,G2:L22H5:change,noise,20,0.10319795608520507,0.13519105911254883,0.11540508270263672,-0.1453857421875,0.3639984130859375,0.8,0.6,True,coherent,0.048709213733673096,0.1578323411941528,0.25319347381591795,11.200063323974609,0.009214051126327278,0.012070562031837966,G2,,change,709,,,,,
conditional,donor,G2:L22H5:conditional,noise,20,1.1714617729187011,1.1714617729187011,1.0803451538085938,0.63671875,1.9641265869140625,1.0,1.0,True,coherent,1.0149820065498354,1.3419928979873657,0.8003686904907227,11.200063323974609,0.10459420978550146,0.10459420978550146,G2,,conditional,709,,,,,
conditional,donor,G2:L23H10:change,noise,20,0.002642059326171875,0.0093048095703125,0.00214385986328125,-0.01947021484375,0.03118133544921875,0.55,0.0,False,below_rule,-0.0023308277130126955,0.007840137481689437,0.0210174560546875,11.200063323974609,0.00023589682037925097,0.0008307818715984247,G2,,change,746,,,,,
conditional,donor,G2:L23H10:conditional,noise,20,0.019424819946289064,0.03710517883300781,0.025524139404296875,-0.05352783203125,0.0654296875,0.75,0.0,False,below_rule,0.003482542037963868,0.03418950080871579,0.13068008422851562,11.200063323974609,0.0017343491178937107,0.003312943664664938,G2,,conditional,746,,,,,
conditional,donor,G2:L23H15:change,noise,20,0.016022682189941406,0.14041805267333984,0.00955963134765625,-0.3055572509765625,0.4383544921875,0.5,0.5,True,heterogeneous,-0.0610974645614624,0.09848739624023435,0.20284690856933593,11.200063323974609,0.0014305885356597587,0.012537255246830976,G2,,change,751,,,,,
conditional,donor,G2:L23H15:conditional,noise,20,-0.9332725524902343,0.9332725524902343,-0.91705322265625,-2.30828857421875,-0.245635986328125,1.0,1.0,True,coherent,-1.1336070442199708,-0.7590224456787112,0.47708282470703123,11.200063323974609,-0.08332743534516378,0.08332743534516378,G2,,conditional,751,,,,,
conditional,donor,G2:L25H18:change,noise,20,-0.0049344062805175785,0.008849811553955079,-0.001739501953125,-0.07297515869140625,0.01448822021484375,0.7,0.0,False,below_rule,-0.013425204753875732,0.0008857750892639158,0.01658000946044922,11.200063323974609,-0.0004405694983844508,0.0007901572783978254,G2,,change,818,,,,,
conditional,donor,G2:L25H18:conditional,noise,20,0.000797271728515625,0.043003082275390625,-0.014251708984375,-0.122467041015625,0.3860626220703125,0.3,0.1,False,below_rule,-0.030014266967773436,0.047441864013671876,0.04473419189453125,11.200063323974609,7.118457328799229e-05,0.003839539208973861,G2,,conditional,818,,,,,
conditional,donor,G2:L26H23:change,noise,20,0.01070641279220581,0.047781836986541745,0.00435638427734375,-0.1267242431640625,0.214202880859375,0.6,0.2,False,below_rule,-0.018019554913043974,0.04292916327714912,0.07222154140472412,11.200063323974609,0.0009559243088642095,0.0042662113243825146,G2,,change,855,,,,,
conditional,donor,G2:L26H23:conditional,noise,20,-0.4266944885253906,0.4266944885253906,-0.2394866943359375,-1.92010498046875,-0.046875,1.0,0.95,True,coherent,-0.6298026847839355,-0.2670729446411133,0.19464263916015626,11.200063323974609,-0.03809750678927125,0.03809750678927125,G2,,conditional,855,,,,,
conditional,donor,G2:L26H31:change,noise,20,0.000487518310546875,0.00505523681640625,0.000457763671875,-0.0156707763671875,0.017822265625,0.65,0.0,False,below_rule,-0.0025690126419067386,0.0035312223434448113,0.010477447509765625,11.200063323974609,4.352817447945174e-05,0.0004513578780920927,G2,,change,863,,,,,
conditional,donor,G2:L26H31:conditional,noise,20,0.0090118408203125,0.03603057861328125,-0.00421142578125,-0.072509765625,0.252105712890625,0.4,0.05,False,below_rule,-0.013774147033691406,0.040471019744873035,0.0354705810546875,11.200063323974609,0.0008046240953854209,0.0032169977589461473,G2,,conditional,863,,,,,
conditional,donor,G2:L27H23:change,noise,20,0.0002758026123046875,0.0019359588623046875,-0.0001049041748046875,-0.004192352294921875,0.00640869140625,0.5,0.0,False,below_rule,-0.000814061164855957,0.0014640855789184567,0.004491424560546875,11.200063323974609,2.4625094013023165e-05,0.00017285249255337838,G2,,change,887,,,,,
conditional,donor,G2:L27H23:conditional,noise,20,-0.0012914657592773438,0.0032587051391601562,-0.0008544921875,-0.012542724609375,0.0047454833984375,0.65,0.0,False,below_rule,-0.0032944250106811523,0.0005281686782836893,0.006321334838867187,11.200063323974609,-0.0001153087908452143,0.00029095417096300195,G2,,conditional,887,,,,,
conditional,donor,G2:L30H3:change,noise,20,0.001143169403076172,0.0029046058654785155,0.0006961822509765625,-0.0076904296875,0.007232666015625,0.65,0.0,False,below_rule,-0.0004836130142211914,0.002677257061004638,0.005565071105957031,11.200063323974609,0.0001020681196176033,0.0002593383431378446,G2,,change,963,,,,,
conditional,donor,G2:L30H3:conditional,noise,20,-0.004048728942871093,0.005968284606933594,-0.00262451171875,-0.025157928466796875,0.011962890625,0.75,0.0,False,below_rule,-0.007480049133300781,-0.0009328460693359408,0.009962844848632812,11.200063323974609,-0.0003614916117665579,0.0005328795413288436,G2,,conditional,963,,,,,
conditional,donor,G2:L6H24:change,noise,20,-0.007536578178405762,0.0527693510055542,-0.01280069351196289,-0.10355377197265625,0.1473388671875,0.55,0.1,False,below_rule,-0.03511048078536987,0.020708837509155274,0.07330584526062012,11.200063323974609,-0.0006729049613740244,0.004711522558323156,G2,,change,216,,,,,
conditional,donor,G2:L6H24:conditional,noise,20,0.003469419479370117,0.27115740776062014,-0.022451400756835938,-0.7868423461914062,0.9029083251953125,0.5,0.75,True,heterogeneous,-0.15990739345550536,0.1691189849376678,0.322141170501709,11.200063323974609,0.00030976784496776494,0.024210345952257836,G2,,conditional,216,,,,,
conditional,donor,G2:L8H15:change,noise,20,-0.0173583984375,0.042496109008789064,-0.020940780639648438,-0.13812255859375,0.07379150390625,0.75,0.05,False,below_rule,-0.03951752185821533,0.00442114830017089,0.09765625,11.200063323974609,-0.0015498482406204788,0.0037942739946677647,G2,,change,271,,,,,
conditional,donor,G2:L8H15:conditional,noise,20,0.3496511459350586,0.39798870086669924,0.2705078125,-0.24613189697265625,0.99017333984375,0.85,0.85,True,coherent,0.19759835243225096,0.5090546655654905,0.40529670715332033,11.200063323974609,0.031218675807537895,0.03553450452505687,G2,,conditional,271,,,,,
conditional,donor,G2:L8H8:change,noise,20,0.002182483673095703,0.007111072540283203,0.00048828125,-0.01177978515625,0.02044677734375,0.5,0.0,False,below_rule,-0.001548292636871338,0.00605141401290893,0.014398765563964844,11.200063323974609,0.00019486351192532337,0.000634913601342003,G2,,change,264,,,,,
conditional,donor,G2:L8H8:conditional,noise,20,-0.038033676147460935,0.050513076782226565,-0.03179931640625,-0.129302978515625,0.05069732666015625,0.75,0.15,False,below_rule,-0.06135128021240234,-0.015039472579956085,0.06798171997070312,11.200063323974609,-0.003395844741881672,0.004510070641663194,G2,,conditional,264,,,,,
conditional,donor,G2:L9H17:change,noise,20,0.000600433349609375,0.007831954956054687,0.0001220703125,-0.0155029296875,0.01611328125,0.5,0.0,False,below_rule,-0.0035896396636962893,0.0047533130645751945,0.019449615478515626,11.200063323974609,5.360981739488031e-05,0.0006992777388400811,G2,,change,305,,,,,
conditional,donor,G2:L9H17:conditional,noise,20,0.03506259918212891,0.06127872467041016,0.02046966552734375,-0.1103515625,0.238128662109375,0.65,0.2,False,below_rule,0.0022393178939819334,0.07086049556732173,0.08299446105957031,11.200063323974609,0.003130571512669458,0.005471283768479975,G2,,conditional,305,,,,,
conditional,donor,G2:L9H6:change,noise,20,0.00047674179077148435,0.00882406234741211,0.0020246505737304688,-0.018310546875,0.0236358642578125,0.55,0.0,False,below_rule,-0.004450325965881347,0.0053260326385498,0.02184009552001953,11.200063323974609,4.25659906539083e-05,0.0007878582550978543,G2,,change,294,,,,,
conditional,donor,G2:L9H6:conditional,noise,20,-0.06277732849121094,0.08399848937988282,-0.04144287109375,-0.2418212890625,0.096435546875,0.8,0.25,False,below_rule,-0.10358634948730469,-0.024412088394165046,0.07089614868164062,11.200063323974609,-0.00560508692453829,0.007499822719758869,G2,,conditional,294,,,,,
conditional,donor,G2group:negative:change,noise,20,-0.13108425140380858,0.25338153839111327,-0.15250205993652344,-0.5236740112304688,0.7694244384765625,0.8,0.85,True,coherent,-0.24523552417755126,0.0012073850631713339,0.4616504669189453,11.200063323974609,-0.011703884845294804,0.022623223732023936,G2group,,change,,,,,negative,
conditional,donor,G2group:negative:intact,noise,20,-2.3439615249633787,2.3439615249633787,-1.9722366333007812,-5.777229309082031,-0.777099609375,1.0,1.0,True,coherent,-2.885937285423279,-1.8847086238861086,0.8797565460205078,11.200063323974609,-0.20928109575469508,0.20928109575469508,G2group,,intact,,,,,negative,
conditional,donor,G2group:negative:weakened,noise,20,-2.4750457763671876,2.4750457763671876,-2.184347152709961,-6.3009033203125,-0.8026123046875,1.0,1.0,True,coherent,-3.022937297821045,-2.026221714019776,1.078106689453125,11.200063323974609,-0.22098498059998992,0.22098498059998992,G2group,,weakened,,,,,negative,
conditional,donor,G2group:positive:change,noise,20,-0.19126853942871094,0.2632701873779297,-0.14031600952148438,-0.871337890625,0.3363037109375,0.75,0.75,True,coherent,-0.3252856254577637,-0.06544775962829597,0.44071044921875,11.200063323974609,-0.0170774516086249,0.023506133828223925,G2group,,change,,,,,positive,
conditional,donor,G2group:positive:intact,noise,20,5.392415618896484,5.392415618896484,5.381044387817383,3.033599853515625,7.966178894042969,1.0,1.0,True,coherent,4.77610297203064,6.008929405212402,1.9937004089355468,11.200063323974609,0.48146295810253126,0.48146295810253126,G2group,,intact,,,,,positive,
conditional,donor,G2group:positive:weakened,noise,20,5.201147079467773,5.201147079467773,5.080474853515625,3.06829833984375,7.8221435546875,1.0,1.0,True,coherent,4.621355447769165,5.8007483959198,2.264696502685547,11.200063323974609,0.46438550649390636,0.46438550649390636,G2group,,weakened,,,,,positive,
conditional,donor,G2group:reference1:change,noise,20,-0.010130929946899413,0.029120492935180663,-0.010184288024902344,-0.0718994140625,0.064788818359375,0.75,0.0,False,below_rule,-0.025491472482681275,0.005537093877792324,0.05077371597290039,11.200063323974609,-0.0009045422024724956,0.0026000293116955845,G2group,,change,,,,,reference1,
conditional,donor,G2group:reference1:intact,noise,20,0.062238025665283206,0.15448427200317383,0.05130767822265625,-0.27225494384765625,0.35277557373046875,0.6,0.6,True,heterogeneous,-0.01367222785949707,0.13940781116485573,0.2897359848022461,11.200063323974609,0.005556935158755563,0.01379316058619849,G2group,,intact,,,,,reference1,
conditional,donor,G2group:reference1:weakened,noise,20,0.05210709571838379,0.15317854881286622,0.08306884765625,-0.2568168640136719,0.3424072265625,0.6,0.55,True,heterogeneous,-0.022657022476196286,0.12833887577056882,0.28470773696899415,11.200063323974609,0.0046523929562830675,0.013676578817637182,G2group,,weakened,,,,,reference1,
conditional,donor,G2group:reference2:change,noise,20,-0.03527116775512695,0.07071161270141602,0.0088348388671875,-0.5050048828125,0.1205596923828125,0.4,0.2,False,below_rule,-0.10062664031982423,0.015124547481536845,0.07112598419189453,11.200063323974609,-0.003149193601399223,0.006313501152270478,G2group,,change,,,,,reference2,
conditional,donor,G2group:reference2:intact,noise,20,0.1818711280822754,0.25948610305786135,0.036258697509765625,-0.20285797119140625,1.935302734375,0.6,0.55,True,heterogeneous,0.013054237365722659,0.41499026060104366,0.30252628326416015,11.200063323974609,0.01623840176804769,0.02316827106704041,G2group,,intact,,,,,reference2,
conditional,donor,G2group:reference2:weakened,noise,20,0.14659996032714845,0.20746498107910155,0.034027099609375,-0.19830322265625,1.4302978515625,0.6,0.55,True,heterogeneous,0.019045600891113283,0.3179106330871576,0.2633674621582031,11.200063323974609,0.013089208166648469,0.01852355429410891,G2group,,weakened,,,,,reference2,
conditional,donor,G2group:reference3:change,noise,20,0.007074904441833496,0.030491042137145995,0.013681411743164062,-0.054473876953125,0.06182861328125,0.65,0.0,False,below_rule,-0.00854967176914215,0.02212828993797302,0.07515292167663574,11.200063323974609,0.0006316843250956547,0.002722399084287099,G2group,,change,,,,,reference3,
conditional,donor,G2group:reference3:intact,noise,20,-0.09038941860198975,0.17419111728668213,-0.04650306701660156,-0.6427001953125,0.28173828125,0.6,0.5,True,heterogeneous,-0.19159254550933838,0.004069727659225438,0.401301908493042,11.200063323974609,-0.008070438174086404,0.015552690395402717,G2group,,intact,,,,,reference3,
conditional,donor,G2group:reference3:weakened,noise,20,-0.08331451416015626,0.1599365234375,-0.028106689453125,-0.582275390625,0.3096923828125,0.6,0.5,True,heterogeneous,-0.1782118034362793,0.005192871093749974,0.389312744140625,11.200063323974609,-0.00743875384899075,0.014279965997615692,G2group,,weakened,,,,,reference3,
conditional,donor,G2group:reference4:change,noise,20,-0.0008630752563476562,0.04567775726318359,-0.0161895751953125,-0.1044464111328125,0.12493133544921875,0.55,0.15,False,below_rule,-0.024719400405883787,0.023936557769775383,0.06215171813964844,11.200063323974609,-7.705985505458495e-05,0.004078348125533075,G2group,,change,,,,,reference4,
conditional,donor,G2group:reference4:intact,noise,20,-0.1203451156616211,0.22553157806396484,-0.12531471252441406,-0.57025146484375,0.408050537109375,0.65,0.8,True,heterogeneous,-0.22807233810424807,-0.009238262176513688,0.47972755432128905,11.200063323974609,-0.010745038860986883,0.020136634190379702,G2group,,intact,,,,,reference4,
conditional,donor,G2group:reference4:weakened,noise,20,-0.12120819091796875,0.20926666259765625,-0.136444091796875,-0.5270233154296875,0.34930419921875,0.7,0.7,True,coherent,-0.21833148956298828,-0.020748634338378927,0.45057373046875,11.200063323974609,-0.010822098716041468,0.018684417805897992,G2group,,weakened,,,,,reference4,
conditional,donor,G2group:residual23:change,noise,20,0.038785147666931155,0.1311042547225952,0.022222518920898438,-0.29941558837890625,0.356689453125,0.55,0.45,True,heterogeneous,-0.031128359436988832,0.10876954495906822,0.15224003791809082,11.200063323974609,0.003462940033911105,0.011705670845802839,G2group,,change,,,,,residual23,
conditional,donor,G2group:residual23:intact,noise,20,0.08705923557281495,0.5794843912124634,-0.04050445556640625,-1.2005767822265625,2.430809497833252,0.5,0.85,True,heterogeneous,-0.250082169175148,0.4602248233556747,0.7516514301300049,11.200063323974609,0.007773102084740705,0.05173938525615582,G2group,,intact,,,,,residual23,
conditional,donor,G2group:residual23:weakened,noise,20,0.1258443832397461,0.6282876968383789,0.115264892578125,-1.36920166015625,2.60882568359375,0.55,0.9,True,heterogeneous,-0.23940656185150144,0.5299997711181633,0.7509784698486328,11.200063323974609,0.011236042118651809,0.056096798621975655,G2group,,weakened,,,,,residual23,
refinement,donor,G1:I1:sign_split,noise,20,2.284623682498932,2.284623682498932,1.8819122314453125,0.76715087890625,4.3428802490234375,1.0,1.0,True,coherent,1.8100898844003677,2.788323089778423,1.2756554365158081,11.200063323974609,0.20398310406053838,0.20398310406053838,G1,I1,sign_split,,,,,,
refinement,donor,G1:I1:top_pair_interaction,noise,20,-0.20898380279541015,0.6433271408081055,-0.23140716552734375,-1.4987030029296875,1.2605133056640625,0.65,0.8,True,heterogeneous,-0.5375075674057006,0.13472006797790503,0.8968959808349609,11.200063323974609,-0.018659162609202754,0.05743959852718097,G1,I1,pair_interaction,,,,,,"['L18H19', 'L18H18']"
refinement,donor,G1:I2:sign_split,noise,20,1.7539096355438233,1.7539096355438233,1.580047607421875,0.47216796875,4.056068420410156,1.0,1.0,True,coherent,1.3972127544879913,2.1550610196590423,0.895712947845459,11.200063323974609,0.1565981892075059,0.1565981892075059,G1,I2,sign_split,,,,,,
refinement,donor,G1:I2:top_pair_interaction,noise,20,-0.20898380279541015,0.6433271408081055,-0.23140716552734375,-1.4987030029296875,1.2605133056640625,0.65,0.8,True,heterogeneous,-0.5375075674057006,0.13472006797790503,0.8968959808349609,11.200063323974609,-0.018659162609202754,0.05743959852718097,G1,I2,pair_interaction,,,,,,"['L18H19', 'L18H18']"
refinement,donor,G1:I3:sign_split,noise,20,1.8306315422058106,1.8306315422058106,1.4163360595703125,0.576995849609375,3.999736785888672,1.0,1.0,True,coherent,1.3980174589157104,2.3041260313987726,1.1186342239379883,11.200063323974609,0.16344832071504461,0.16344832071504461,G1,I3,sign_split,,,,,,
refinement,donor,G1:I3:top_pair_interaction,noise,20,-0.20898380279541015,0.6433271408081055,-0.23140716552734375,-1.4987030029296875,1.2605133056640625,0.65,0.8,True,heterogeneous,-0.5375075674057006,0.13472006797790503,0.8968959808349609,11.200063323974609,-0.018659162609202754,0.05743959852718097,G1,I3,pair_interaction,,,,,,"['L18H19', 'L18H18']"
refinement,donor,G1:I4:sign_split,noise,20,0.2834287405014038,0.2834287405014038,0.255523681640625,0.03118896484375,0.5339889526367188,1.0,0.85,True,coherent,0.21545147418975832,0.3522643566131592,0.26876416206359866,11.200063323974609,0.025305994466540426,0.025305994466540426,G1,I4,sign_split,,,,,,
refinement,donor,G1:I4:top_pair_interaction,noise,20,0.10359995365142823,0.12165720462799072,0.09033203125,-0.180572509765625,0.5396847724914551,0.95,0.45,True,coherent,0.04695354044437409,0.16725714147090912,0.3143295764923096,11.200063323974609,0.009249943563235438,0.010862188999197352,G1,I4,pair_interaction,,,,,,"['L16H1', 'L16H21']"
refinement,donor,G1:O1:sign_split,noise,20,0.3422431945800781,0.3422431945800781,0.3271636962890625,0.067474365234375,0.6480865478515625,1.0,0.95,True,coherent,0.2620145034790039,0.4232489204406737,0.35074615478515625,11.200063323974609,0.030557255319037337,0.030557255319037337,G1,O1,sign_split,,,,,,
refinement,donor,G1:O1:top_pair_interaction,noise,20,-0.20898380279541015,0.6433271408081055,-0.23140716552734375,-1.4987030029296875,1.2605133056640625,0.65,0.8,True,heterogeneous,-0.5375075674057006,0.13472006797790503,0.8968959808349609,11.200063323974609,-0.018659162609202754,0.05743959852718097,G1,O1,pair_interaction,,,,,,"['L18H19', 'L18H18']"
refinement,donor,G1:O2:top_pair_interaction,noise,20,0.10359995365142823,0.12165720462799072,0.09033203125,-0.180572509765625,0.5396847724914551,0.95,0.45,True,coherent,0.04695354044437409,0.16725714147090912,0.3143295764923096,11.200063323974609,0.009249943563235438,0.010862188999197352,G1,O2,pair_interaction,,,,,,"['L16H21', 'L16H1']"
refinement,donor,G1:O3:sign_split,noise,20,1.6574661254882812,1.6883895874023438,1.4735641479492188,-0.309234619140625,3.34716796875,0.95,1.0,True,coherent,1.2635312271118164,2.0594744634628293,0.9999053955078125,11.200063323974609,0.147987210209816,0.1507482179844657,G1,O3,sign_split,,,,,,
refinement,donor,G1:O3:top_pair_interaction,noise,20,-0.20898380279541015,0.6433271408081055,-0.23140716552734375,-1.4987030029296875,1.2605133056640625,0.65,0.8,True,heterogeneous,-0.5375075674057006,0.13472006797790503,0.8968959808349609,11.200063323974609,-0.018659162609202754,0.05743959852718097,G1,O3,pair_interaction,,,,,,"['L18H19', 'L18H18']"
refinement,donor,G1:O4:top_pair_interaction,noise,20,-0.20898380279541015,0.6433271408081055,-0.23140716552734375,-1.4987030029296875,1.2605133056640625,0.65,0.8,True,heterogeneous,-0.5375075674057006,0.13472006797790503,0.8968959808349609,11.200063323974609,-0.018659162609202754,0.05743959852718097,G1,O4,pair_interaction,,,,,,"['L18H19', 'L18H18']"
extension,donor,G1:I1:conditional:L18H18,noise,89,3.693218124046754,3.693218124046754,3.59881591796875,0.109619140625,7.290771484375,1.0,1.0,True,coherent,3.3808566672078677,4.01095778272393,4.43033449837331,11.170458413241954,0.3306236850287765,0.3306236850287765,G1,I1,conditional,594,,,,,
extension,donor,G1:I1:conditional:L18H18,restore,89,3.6059766726547413,3.6059766726547413,3.5196533203125,0.2742919921875,7.15765380859375,1.0,1.0,True,coherent,3.3226598268144585,3.8916392240631446,4.26879846379998,11.170458413241954,0.3228136697040166,0.3228136697040166,G1,I1,conditional,594,,,,,
extension,donor,G1:I1:conditional:L18H19,noise,89,4.297184097632933,4.297184097632933,4.23626708984375,0.148681640625,7.803535461425781,1.0,1.0,True,coherent,3.9768980004814236,4.618861376837398,2.3874615015608542,11.170458413241954,0.38469183077919716,0.38469183077919716,G1,I1,conditional,595,,,,,
extension,donor,G1:I1:conditional:L18H19,restore,89,4.180347201529513,4.180347201529513,4.150012969970703,0.3946533203125,8.814208984375,1.0,1.0,True,coherent,3.893611763166578,4.476772925425111,2.2388320987144215,11.170458413241954,0.3742323767638708,0.3742323767638708,G1,I1,conditional,595,,,,,
extension,donor,G1:I1:whole,noise,89,5.339535311366735,5.339535311366735,5.37152099609375,0.461181640625,9.544921875,1.0,1.0,True,coherent,4.989556100663174,5.688268264090077,7.413365471229125,11.170458413241954,0.47800503021765106,0.47800503021765106,G1,I1,whole,,,,,,
extension,donor,G1:I1:whole,restore,89,5.335905192943102,5.335905192943102,5.3896484375,0.52880859375,8.60528564453125,1.0,1.0,True,coherent,5.0020562225513245,5.661133991466479,7.528732706991474,11.170458413241954,0.47768005533395874,0.47768005533395874,G1,I1,whole,,,,,,
extension,donor,G1:I2:conditional:L18H18,noise,89,3.523102543327246,3.523102543327246,3.39385986328125,0.12548828125,7.3143310546875,1.0,1.0,True,coherent,3.2376287290219508,3.811392013544446,4.567008131005791,11.170458413241954,0.31539462508994304,0.31539462508994304,G1,I2,conditional,594,,,,,
extension,donor,G1:I2:conditional:L18H18,restore,89,3.4680982011087824,3.4680982011087824,3.457275390625,0.2940673828125,6.20013427734375,1.0,1.0,True,coherent,3.2195258812957936,3.718373777625266,4.445160383588813,11.170458413241954,0.31047053512123957,0.31047053512123957,G1,I2,conditional,594,,,,,
extension,donor,G1:I2:conditional:L18H19,noise,89,4.202759967761093,4.202759967761093,4.19268798828125,0.1640625,8.15460205078125,1.0,1.0,True,coherent,3.9043547924984705,4.508538434210788,2.471740851241551,11.170458413241954,0.37623880885487704,0.37623880885487704,G1,I2,conditional,595,,,,,
extension,donor,G1:I2:conditional:L18H19,restore,89,4.135394482130415,4.135394482130415,4.243147850036621,0.4276123046875,6.883453369140625,1.0,1.0,True,coherent,3.864666130033772,4.403138974811253,2.3298540651128534,11.170458413241954,0.37020812657322427,0.37020812657322427,G1,I2,conditional,595,,,,,
extension,donor,G1:I2:whole,noise,89,5.460764311672596,5.460764311672596,5.3992919921875,0.380615234375,10.03887939453125,1.0,1.0,True,coherent,5.094805681035759,5.825033376725871,6.387722176112486,11.170458413241954,0.4888576734862703,0.4888576734862703,G1,I2,whole,,,,,,
extension,donor,G1:I2:whole,restore,89,5.495287187983481,5.495287187983481,5.623046875,0.549560546875,9.205078125,1.0,1.0,True,coherent,5.148167552037186,5.833635864097081,6.513420426443721,11.170458413241954,0.49194822492415574,0.49194822492415574,G1,I2,whole,,,,,,
extension,donor,G1:I3:conditional:L18H18,noise,89,3.2264729510532337,3.2264729510532337,3.1683807373046875,0.115478515625,6.49798583984375,1.0,1.0,True,coherent,2.9596311847815353,3.4975448174423045,4.011251792479097,11.170458413241954,0.2888397979467369,0.2888397979467369,G1,I3,conditional,594,,,,,
extension,donor,G1:I3:conditional:L18H18,restore,89,3.1213041798452315,3.1213041798452315,3.054443359375,0.2625732421875,6.30364990234375,1.0,1.0,True,coherent,2.8796302506093228,3.3663909617434724,3.775477420078235,11.170458413241954,0.2794248959510113,0.2794248959510113,G1,I3,conditional,594,,,,,
extension,donor,G1:I3:conditional:L18H19,noise,89,3.764624884959017,3.764624884959017,3.75396728515625,0.155517578125,6.9129486083984375,1.0,1.0,True,coherent,3.4943964765312963,4.03937016229951,2.1567530685596252,11.170458413241954,0.3370161497129128,0.3370161497129128,G1,I3,conditional,595,,,,,
extension,donor,G1:I3:conditional:L18H19,restore,89,3.6506024264217762,3.6506024264217762,3.611083984375,0.383056640625,7.9495849609375,1.0,1.0,True,coherent,3.399647416961327,3.9071613552865014,1.9405766604991441,11.170458413241954,0.3268086493293947,0.3268086493293947,G1,I3,conditional,595,,,,,
extension,donor,G1:I3:whole,noise,89,5.574127588379249,5.574127588379249,5.57586669921875,0.486083984375,9.8026123046875,1.0,1.0,True,coherent,5.219662127601967,5.926222226994761,7.173289706198017,11.170458413241954,0.49900616269887654,0.49900616269887654,G1,I3,whole,,,,,,
extension,donor,G1:I3:whole,restore,89,5.5744647336809825,5.5744647336809825,5.698886871337891,0.564697265625,9.010833740234375,1.0,1.0,True,coherent,5.226797479458069,5.918070653851112,7.219916182957339,11.170458413241954,0.49903634456691287,0.49903634456691287,G1,I3,whole,,,,,,
extension,donor,G1:O1:whole,noise,89,5.737452362360579,5.737452362360579,5.6357421875,0.527587890625,10.0443115234375,1.0,1.0,True,coherent,5.383246634649427,6.090313633640161,5.218039812666647,11.170458413241954,0.5136272971178291,0.5136272971178291,G1,O1,whole,,,,,,
extension,donor,G1:O1:whole,restore,89,5.7777491874909135,5.7777491874909135,5.796875,0.868408203125,10.0096435546875,1.0,1.0,True,coherent,5.416664892033245,6.137199538075522,5.332361612427101,11.170458413241954,0.5172347430828546,0.5172347430828546,G1,O1,whole,,,,,,
extension,donor,G1:O3:conditional:L18H19,noise,89,2.920695619636707,2.920695619636707,2.5972900390625,0.1700439453125,6.843505859375,1.0,1.0,True,coherent,2.6361226617620233,3.2236551460255387,1.9711701548501346,11.170458413241954,0.2614660483561163,0.2614660483561163,G1,O3,conditional,595,,,,,
extension,donor,G1:O3:conditional:L18H19,restore,89,2.8767311224776706,2.8767311224776706,2.553375244140625,0.4105224609375,7.4962158203125,1.0,1.0,True,coherent,2.6026173757703117,3.17120382116082,1.8824303873469321,11.170458413241954,0.2575302656395432,0.2575302656395432,G1,O3,conditional,595,,,,,
extension,donor,G1:O3:whole,noise,89,6.528266198179695,6.528266198179695,6.578322410583496,0.4808349609375,11.339691162109375,1.0,1.0,True,coherent,6.1416965303796065,6.905443288770954,5.93749652551801,11.170458413241954,0.5844224074493487,0.5844224074493487,G1,O3,whole,,,,,,
extension,donor,G1:O3:whole,restore,89,6.5675191557809205,6.5675191557809205,6.653564453125,0.275390625,10.26251220703125,1.0,1.0,True,coherent,6.185368584515004,6.930932806315047,6.098035405191143,11.170458413241954,0.5879364044715921,0.5879364044715921,G1,O3,whole,,,,,,
extension,donor,G1:O4:conditional:L18H19,noise,89,2.906222793493378,2.906222793493378,2.9144287109375,0.164306640625,5.9058837890625,1.0,1.0,True,coherent,2.7173185485132625,3.097201827402865,2.1149988710210565,11.170458413241954,0.26017041431784155,0.26017041431784155,G1,O4,conditional,595,,,,,
extension,donor,G1:O4:conditional:L18H19,restore,89,2.80691537428438,2.80691537428438,2.841217041015625,0.37744140625,4.76141357421875,1.0,1.0,True,coherent,2.6312889178147474,2.9793015800165326,2.0035744677768665,11.170458413241954,0.25128023134278343,0.25128023134278343,G1,O4,conditional,595,,,,,
extension,donor,G1:O4:whole,noise,89,5.629542549004715,5.629542549004715,5.5997314453125,0.413330078125,9.85308837890625,1.0,1.0,True,coherent,5.278754869203889,5.977417690432473,5.373235584644789,11.170458413241954,0.503967011983251,0.503967011983251,G1,O4,whole,,,,,,
extension,donor,G1:O4:whole,restore,89,5.671762777178475,5.671762777178475,5.740234375,0.59619140625,9.65521240234375,1.0,1.0,True,coherent,5.318567869636451,6.022349374749687,5.474174178048466,11.170458413241954,0.5077466445293701,0.5077466445293701,G1,O4,whole,,,,,,
extension,donor,G2:L14H23:change,noise,89,-0.0034436308935786903,0.03702437877655029,-0.00234222412109375,-0.13702392578125,0.15566253662109375,0.5168539325842697,0.07865168539325842,False,below_rule,-0.013879164952910347,0.007022490796078452,0.06237064586596543,11.170458413241954,-0.0003082801767111418,0.0033144905434373184,G2,,change,471,,,,,
extension,donor,G2:L14H23:change,restore,89,0.001605955402502853,0.03388386629940419,-0.0007171630859375,-0.1071014404296875,0.12948226928710938,0.48314606741573035,0.033707865168539325,False,below_rule,-0.0074426064330540345,0.01090215779422372,0.06941229573796305,11.170458413241954,0.00014376808391310803,0.003033346085352841,G2,,change,471,,,,,
extension,donor,G2:L14H23:conditional,noise,89,-0.21501205610425284,0.2461879293570358,-0.196075439453125,-0.9703369140625,0.25396728515625,0.8539325842696629,0.7865168539325843,True,coherent,-0.26629071155290923,-0.1678061260601108,0.3277740666035856,11.170458413241954,-0.019248275061779743,0.02203919662466079,G2,,conditional,471,,,,,
extension,donor,G2:L14H23:conditional,restore,89,-0.20057762874646134,0.23979423822981588,-0.203369140625,-0.80023193359375,0.381591796875,0.797752808988764,0.7303370786516854,True,coherent,-0.24640265930904431,-0.15474069707849053,0.32590949669312896,11.170458413241954,-0.017956078553471696,0.021466821625292763,G2,,conditional,471,,,,,
extension,donor,G2:L15H3:change,noise,89,0.0019955407367663438,0.013333482688732362,0.001953125,-0.06290435791015625,0.0428924560546875,0.6179775280898876,0.0,False,below_rule,-0.0018179283383187284,0.005739902344982275,0.02493840924809488,11.170458413241954,0.00017864448019436172,0.0011936379148886373,G2,,change,483,,,,,
extension,donor,G2:L15H3:change,restore,89,0.0038401142934734902,0.014615648248222438,0.00341796875,-0.0493927001953125,0.0698089599609375,0.5842696629213483,0.0,False,below_rule,-0.00013834264840972558,0.007929738451925553,0.023960735021012553,11.170458413241954,0.0003437741005258342,0.001308419736015167,G2,,change,483,,,,,
extension,donor,G2:L15H3:conditional,noise,89,-0.10403674238183525,0.11476349160912332,-0.088714599609375,-0.491668701171875,0.12918055057525635,0.8539325842696629,0.4606741573033708,True,coherent,-0.1279965996407391,-0.08205636870325282,0.12050080835149529,11.170458413241954,-0.009313560691341503,0.010273839028224447,G2,,conditional,483,,,,,
extension,donor,G2:L15H3:conditional,restore,89,-0.08622377374198999,0.0970475807618559,-0.08056640625,-0.34326171875,0.08511161804199219,0.8651685393258427,0.39325842696629215,False,below_rule,-0.10337790907099005,-0.069201330790359,0.11749426166663009,11.170458413241954,-0.007718910948164537,0.008687878077305353,G2,,conditional,483,,,,,
extension,donor,G2:L16H1:change,noise,89,-0.07029077846012759,0.09515159183673644,-0.05841064453125,-0.38812255859375,0.162353515625,0.7865168539325843,0.34831460674157305,False,below_rule,-0.09223763303140577,-0.049336749348747606,0.1868448391389311,11.170458413241954,-0.006292559880694045,0.00851814565854697,G2,,change,513,,,,,
extension,donor,G2:L16H1:change,restore,89,-0.07314490736200568,0.09750155652506967,-0.04895353317260742,-0.9805908203125,0.2641754150390625,0.7865168539325843,0.34831460674157305,False,below_rule,-0.10549508279628968,-0.04585299853528484,0.21109046293108652,11.170458413241954,-0.006548066753938807,0.008728518823317674,G2,,change,513,,,,,
extension,donor,G2:L16H1:conditional,noise,89,0.797624476839987,0.8028481020016617,0.65625,-0.12856948375701904,2.196044921875,0.9775280898876404,1.0,True,coherent,0.7013447331578544,0.8961978485075276,0.8883763725837964,11.170458413241954,0.07140481145289863,0.07187243999314567,G2,,conditional,513,,,,,
extension,donor,G2:L16H1:conditional,restore,89,0.7688864804385753,0.7768968303551834,0.74322509765625,-0.31024169921875,2.1189727783203125,0.9662921348314607,0.9662921348314607,True,coherent,0.6673661521311556,0.8727438658810732,0.8395363882686315,11.170458413241954,0.06883213311345426,0.06954923438363242,G2,,conditional,513,,,,,
extension,donor,G2:L16H21:change,noise,89,-0.03185427724645379,0.09198745047108511,-0.0289306640625,-0.520843505859375,0.35356903076171875,0.6292134831460674,0.3258426966292135,False,below_rule,-0.05945356575290809,-0.005499593528468962,0.19178640440608677,11.170458413241954,-0.002851653537216729,0.008234885898866883,G2,,change,533,,,,,
extension,donor,G2:L16H21:change,restore,89,-0.0660185840692413,0.1302621846788385,-0.0335845947265625,-1.28564453125,0.3182373046875,0.6404494382022472,0.3595505617977528,True,heterogeneous,-0.1157073211803865,-0.023811351382330568,0.20435672395684745,11.170458413241954,-0.0059101051744644565,0.011661310562189636,G2,,change,533,,,,,
extension,donor,G2:L16H21:conditional,noise,89,0.8926693442162503,0.8990938087527671,0.8189668655395508,-0.285888671875,2.746337890625,0.9887640449438202,0.9887640449438202,True,coherent,0.7773676984430699,1.012493367442924,0.6675254173493117,11.170458413241954,0.07991340294128312,0.08048853283289982,G2,,conditional,533,,,,,
extension,donor,G2:L16H21:conditional,restore,89,0.9992877686961313,1.000586651684193,0.85430908203125,-0.05780029296875,3.611968994140625,0.9887640449438202,0.9775280898876404,True,coherent,0.8630055227976167,1.1493103222230847,0.6348465855201978,11.170458413241954,0.08945808056646373,0.08957435896256984,G2,,conditional,533,,,,,
extension,donor,G2:L16H31:change,noise,89,0.014296846443347716,0.02392692914169826,0.010467529296875,-0.09356689453125,0.12017822265625,0.6966292134831461,0.02247191011235955,False,below_rule,0.008068822374504602,0.020564401685521826,0.045628030648392236,11.170458413241954,0.0012798800115848068,0.00214198274202733,G2,,change,543,,,,,
extension,donor,G2:L16H31:change,restore,89,0.01771686853987447,0.02434259050347832,0.01570606231689453,-0.085479736328125,0.14505767822265625,0.7865168539325843,0.02247191011235955,False,below_rule,0.011929786138320237,0.023951445737581567,0.04659659139225992,11.170458413241954,0.001586046685324222,0.002179193512293241,G2,,change,543,,,,,
extension,donor,G2:L16H31:conditional,noise,89,-0.17328275321574693,0.1743679086813766,-0.140625,-0.5068359375,0.03724205493927002,0.9775280898876404,0.6966292134831461,True,coherent,-0.19715412470062127,-0.15061901784345005,0.29830311389451614,11.170458413241954,-0.015512591050903506,0.01560973616576677,G2,,conditional,543,,,,,
extension,donor,G2:L16H31:conditional,restore,89,-0.16655344909496522,0.16802926545732477,-0.14215087890625,-0.550537109375,0.02685546875,0.9662921348314607,0.6853932584269663,True,coherent,-0.19050915683253428,-0.14407293300950125,0.29138720437382043,11.170458413241954,-0.014910171358547417,0.015042289156023845,G2,,conditional,543,,,,,
extension,donor,G2:L17H24:change,noise,89,-0.02011471517970053,0.04410512125893925,-0.017223358154296875,-0.1544189453125,0.180511474609375,0.7191011235955056,0.1348314606741573,False,below_rule,-0.03167837925171584,-0.008000060279717629,0.09142678775144426,11.170458413241954,-0.0018007063305348024,0.003948371644860616,G2,,change,568,,,,,
extension,donor,G2:L17H24:change,restore,89,-0.022868124286780197,0.048706193988242844,-0.0255126953125,-0.233612060546875,0.223388671875,0.7528089887640449,0.11235955056179775,False,below_rule,-0.036540925770663146,-0.009278670053803529,0.11029162031880925,11.170458413241954,-0.0020471965823418057,0.004360268145352421,G2,,change,568,,,,,
extension,donor,G2:L17H24:conditional,noise,89,0.4125053279855278,0.41287839680575256,0.381622314453125,-0.0166015625,1.1585693359375,0.9887640449438202,0.9775280898876404,True,coherent,0.37129222111085824,0.45597771754425553,0.8142455534988575,11.170458413241954,0.03692823631092219,0.036961634118462705,G2,,conditional,568,,,,,
extension,donor,G2:L17H24:conditional,restore,89,0.4131420435530416,0.4131420435530416,0.37396240234375,0.037109375,1.01751708984375,1.0,0.9662921348314607,True,coherent,0.37349888595302455,0.4542573107762283,0.8182902389697815,11.170458413241954,0.03698523626060725,0.03698523626060725,G2,,conditional,568,,,,,
extension,donor,G2:L18H19:change,noise,89,-0.06574637568398808,0.2495888096562932,-0.038360595703125,-0.7404632568359375,0.7983245849609375,0.5842696629213483,0.7528089887640449,True,heterogeneous,-0.129464573840077,-0.002363178669736693,0.414731478423215,11.170458413241954,-0.005885736578728894,0.022343649689471976,G2,,change,595,,,,,
extension,donor,G2:L18H19:change,restore,89,-0.08985028106175112,0.254450310482068,-0.093048095703125,-1.2621526718139648,0.7051239013671875,0.6629213483146067,0.7640449438202247,True,heterogeneous,-0.15968657356969426,-0.022861321856466606,0.37046206399296105,11.170458413241954,-0.008043562559190824,0.02277886019256214,G2,,change,595,,,,,
extension,donor,G2:L18H19:conditional,noise,89,3.0063918587866794,3.0063918587866794,2.96722412109375,0.126953125,5.727813720703125,1.0,1.0,True,coherent,2.8107180263219256,3.204266331436928,2.021186809861258,11.170458413241954,0.26913773343650516,0.26913773343650516,G2,,conditional,595,,,,,
extension,donor,G2:L18H19:conditional,restore,89,3.12895338187057,3.12895338187057,2.974365234375,0.2943115234375,6.120361328125,1.0,1.0,True,coherent,2.916757431726777,3.3384720354937434,2.286642342471005,11.170458413241954,0.2801096665971533,0.2801096665971533,G2,,conditional,595,,,,,
extension,donor,G2:L19H16:change,noise,89,-0.05394700805792648,0.09038136648328117,-0.026614665985107422,-0.65240478515625,0.2618408203125,0.6629213483146067,0.33707865168539325,False,below_rule,-0.08080704406406103,-0.02895738073949066,0.17171342989032187,11.170458413241954,-0.004829435468286182,0.008091106303760918,G2,,change,624,,,,,
extension,donor,G2:L19H16:change,restore,89,-0.07133444775356336,0.11622966273447101,-0.0455322265625,-0.55419921875,0.22922992706298828,0.6404494382022472,0.42696629213483145,True,heterogeneous,-0.10290380421649203,-0.04100258805778591,0.20272245299950076,11.170458413241954,-0.006385991077053772,0.01040509336632839,G2,,change,624,,,,,
extension,donor,G2:L19H16:conditional,noise,89,-0.8737313332182638,0.8744500393278143,-0.8172607421875,-2.5779075622558594,0.031982421875,0.9887640449438202,0.9775280898876404,True,coherent,-0.9758732508407549,-0.7756262445048001,0.5233497860726346,11.170458413241954,-0.07821803733520051,0.07828237722913883,G2,,conditional,624,,,,,
extension,donor,G2:L19H16:conditional,restore,89,-0.8926031294833409,0.8926031294833409,-0.8542633056640625,-2.3427734375,-0.0791015625,1.0,0.9662921348314607,True,coherent,-0.9855354610453831,-0.804091958517439,0.5380719752793901,11.170458413241954,-0.0799074752765034,0.0799074752765034,G2,,conditional,624,,,,,
extension,donor,G2:L20H7:change,noise,89,0.058065153239818104,0.12291342087006302,0.0363616943359375,-0.337432861328125,0.6135940551757812,0.6292134831460674,0.449438202247191,True,heterogeneous,0.025142743614282502,0.09245304759968528,0.14584807867414495,11.170458413241954,0.005198099405749106,0.01100343569824816,G2,,change,647,,,,,
extension,donor,G2:L20H7:change,restore,89,0.020147899563392895,0.0983111590481876,0.0114898681640625,-0.364471435546875,0.41064453125,0.5617977528089888,0.4044943820224719,False,below_rule,-0.006800318634911869,0.04815917678093638,0.16798258899302965,11.170458413241954,0.0018036770576495488,0.008800995931522847,G2,,change,647,,,,,
extension,donor,G2:L20H7:conditional,noise,89,0.031951144839940444,0.3175638940896881,-0.065185546875,-1.1265640258789062,1.42828369140625,0.38202247191011235,0.7415730337078652,True,heterogeneous,-0.060342607303951565,0.12738213006700014,0.24605382694287248,11.170458413241954,0.0028603253025018334,0.02842890437810805,G2,,conditional,647,,,,,
extension,donor,G2:L20H7:conditional,restore,89,0.09921596559245935,0.3141122266147914,-0.01094818115234375,-0.5720577239990234,1.69775390625,0.449438202247191,0.7191011235955056,True,heterogeneous,0.010153129060616656,0.19570843523807738,0.24802235271153825,11.170458413241954,0.008881995878955546,0.028119904751843387,G2,,conditional,647,,,,,
extension,donor,G2:L22H5:change,noise,89,0.10542105155044727,0.1335768364788441,0.0771636962890625,-0.158203125,0.58251953125,0.7528089887640449,0.48314606741573035,True,coherent,0.07546738325879815,0.13677969451030986,0.21570819951175305,11.170458413241954,0.009437486596385025,0.011958044293016322,G2,,change,709,,,,,
extension,donor,G2:L22H5:change,restore,89,0.10685044192196277,0.13666332973523088,0.06518173217773438,-0.2369537353515625,0.472564697265625,0.7303370786516854,0.4943820224719101,True,coherent,0.07470729699295559,0.1389104149314794,0.2400859875625439,11.170458413241954,0.009565448253699019,0.012234352851018551,G2,,change,709,,,,,
extension,donor,G2:L22H5:conditional,noise,89,1.0878861151384505,1.0878861151384505,1.05401611328125,0.023193359375,2.4217529296875,1.0,0.9775280898876404,True,coherent,0.998988714814186,1.1803945268138072,0.7615491272358412,11.170458413241954,0.09738956763393186,0.09738956763393186,G2,,conditional,709,,,,,
extension,donor,G2:L22H5:conditional,restore,89,1.1145947167042936,1.1145947167042936,1.0592498779296875,0.0224609375,2.270751953125,1.0,0.9775280898876404,True,coherent,1.0239584054839745,1.2065303933754394,0.8297099638521002,11.170458413241954,0.09978057081193765,0.09978057081193765,G2,,conditional,709,,,,,
extension,donor,G2:L23H15:change,noise,89,0.014025009080265344,0.10621987701801772,0.0240478515625,-0.33441925048828125,0.4775390625,0.5730337078651685,0.3707865168539326,True,heterogeneous,-0.016105080119679482,0.045501296138495524,0.17445057697510452,11.170458413241954,0.0012555446304369638,0.009508998922738926,G2,,change,751,,,,,
extension,donor,G2:L23H15:change,restore,89,0.023416961177011555,0.1108684888046779,0.04486083984375,-0.4541778564453125,0.4301300048828125,0.6292134831460674,0.38202247191011235,True,heterogeneous,-0.006627118922351451,0.053215572941169284,0.17725097463372047,11.170458413241954,0.0020963294710673696,0.009925151207156323,G2,,change,751,,,,,
extension,donor,G2:L23H15:conditional,noise,89,-0.9328657094012486,0.9328657094012486,-0.89019775390625,-3.398651123046875,-0.046630859375,1.0,0.9775280898876404,True,coherent,-1.0503313297636054,-0.8267179245024585,0.4885853354850512,11.170458413241954,-0.08351185554707302,0.08351185554707302,G2,,conditional,751,,,,,
extension,donor,G2:L23H15:conditional,restore,89,-0.9019715946711852,0.9034995309422525,-0.7947998046875,-2.912149429321289,0.049072265625,0.9775280898876404,0.9775280898876404,True,coherent,-1.0072320776039294,-0.8061406300309003,0.4353022361069583,11.170458413241954,-0.08074615752581364,0.08088294119346116,G2,,conditional,751,,,,,
extension,donor,G2:L26H23:change,noise,89,0.0008357977599240421,0.030622333623050304,0.00099945068359375,-0.200927734375,0.214202880859375,0.5280898876404494,0.06741573033707865,False,below_rule,-0.009542297948612256,0.011609697743748001,0.049482546495587636,11.170458413241954,7.482215402487426e-05,0.00274136767625841,G2,,change,855,,,,,
extension,donor,G2:L26H23:change,restore,89,-0.006668993596280559,0.03374056601792239,-0.0002593994140625,-0.218231201171875,0.10488510131835938,0.5056179775280899,0.06741573033707865,False,below_rule,-0.01788053767064984,0.003920926806632047,0.04956878169199054,11.170458413241954,-0.0005970205831816928,0.0030205175803640107,G2,,change,855,,,,,
extension,donor,G2:L26H23:conditional,noise,89,-0.3666035178002347,0.37567958269226415,-0.221527099609375,-1.92010498046875,0.2844390869140625,0.9550561797752809,0.7528089887640449,True,coherent,-0.4578721102703823,-0.284374906474285,0.1508271104834053,11.170458413241954,-0.0328190217659865,0.03363152780255795,G2,,conditional,855,,,,,
extension,donor,G2:L26H23:conditional,restore,89,-0.35367338309127294,0.3565910692965047,-0.225250244140625,-1.884735107421875,0.1132354736328125,0.9775280898876404,0.7415730337078652,True,coherent,-0.4404466421416636,-0.2745091459724342,0.15367018238882,11.170458413241954,-0.03166149230473952,0.0319226889447783,G2,,conditional,855,,,,,
extension,donor,G2:L6H24:change,noise,89,-0.005318163486009234,0.04934935221511327,-0.014792442321777344,-0.13623046875,0.2394496202468872,0.5955056179775281,0.0898876404494382,False,below_rule,-0.018689615003178627,0.009027231744166163,0.06655072362235423,11.170458413241954,-0.0004760917850698811,0.004417844853762883,G2,,change,216,,,,,
extension,donor,G2:L6H24:change,restore,89,-0.010834728733877117,0.06053636583049646,-0.00130462646484375,-0.21424102783203125,0.260009765625,0.5168539325842697,0.19101123595505617,False,below_rule,-0.027274157692877093,0.00549817882227093,0.07406855701060777,11.170458413241954,-0.0009699448610840493,0.005419326905933778,G2,,change,216,,,,,
extension,donor,G2:L6H24:conditional,noise,89,0.09603064381674434,0.2408324560422576,0.0810546875,-0.7868423461914062,1.0479736328125,0.6292134831460674,0.7191011235955056,True,heterogeneous,0.03083702650632751,0.16205232116613494,0.26078138726480893,11.170458413241954,0.008596840009977152,0.021559764795038686,G2,,conditional,216,,,,,
extension,donor,G2:L6H24:conditional,restore,89,0.1034898597202944,0.21918139832743097,0.093292236328125,-0.706787109375,1.21063232421875,0.651685393258427,0.651685393258427,True,heterogeneous,0.04434136460336407,0.16573256147041748,0.3027658676833249,11.170458413241954,0.009264602748765704,0.019621522252623372,G2,,conditional,216,,,,,
extension,donor,G2:L8H15:change,noise,89,0.004591337750467022,0.04432508516847418,0.0059814453125,-0.16461944580078125,0.1312255859375,0.5393258426966292,0.0898876404494382,False,below_rule,-0.007583730508772175,0.01635207560624967,0.10464791233619947,11.170458413241954,0.00041102500726597285,0.003968063218957001,G2,,change,271,,,,,
extension,donor,G2:L8H15:change,restore,89,0.01411650154028046,0.05025803640987096,0.00350189208984375,-0.15932655334472656,0.1758441925048828,0.5393258426966292,0.14606741573033707,False,below_rule,0.00011878442228510184,0.028418470768446332,0.09432057584269662,11.170458413241954,0.0012637352038790222,0.0044991919356051555,G2,,change,271,,,,,
extension,donor,G2:L8H15:conditional,noise,89,0.2840294047687831,0.3790642478492823,0.26507568359375,-0.955810546875,1.4639892578125,0.7865168539325843,0.8089887640449438,True,coherent,0.2042123226637251,0.36361814723925645,0.5141587230596649,11.170458413241954,0.02542683516301194,0.03393452925798665,G2,,conditional,271,,,,,
extension,donor,G2:L8H15:conditional,restore,89,0.3162273021226519,0.3428313223163733,0.30145263671875,-0.4156646728515625,0.92840576171875,0.9213483146067416,0.8314606741573034,True,coherent,0.26042485719316466,0.37236136104283707,0.43368187379301265,11.170458413241954,0.02830925020478856,0.030690891065846135,G2,,conditional,271,,,,,
extension,donor,G2group:negative:change,noise,89,-0.14309273810868853,0.22378220317069064,-0.1026611328125,-0.9467759132385254,0.7694244384765625,0.6741573033707865,0.6629213483146067,True,heterogeneous,-0.20033902576130427,-0.08563260158126276,0.3927327354302567,11.170458413241954,-0.01280992532401894,0.020033394771463393,G2group,,change,,,,,negative,
extension,donor,G2group:negative:change,restore,89,-0.14209850182693995,0.22937888241885754,-0.06805419921875,-1.0072784423828125,0.5635528564453125,0.651685393258427,0.6179775280898876,True,heterogeneous,-0.20161077011837047,-0.084196936682369,0.41791114378511235,11.170458413241954,-0.012720919461862918,0.020534419800260093,G2group,,change,,,,,negative,
extension,donor,G2group:negative:intact,noise,89,-2.169887564155493,2.169887564155493,-1.91192626953125,-5.9022536277771,-0.0673828125,1.0,0.9887640449438202,True,coherent,-2.4256345570757145,-1.9334487250681678,0.876379120215941,11.170458413241954,-0.19425232912404136,0.19425232912404136,G2group,,intact,,,,,negative,
extension,donor,G2group:negative:intact,restore,89,-2.1016369294584467,2.1016369294584467,-1.90673828125,-6.127685546875,-0.0672607421875,1.0,0.9887640449438202,True,coherent,-2.3379239735978374,-1.8802341279019132,0.721243740467543,11.170458413241954,-0.18814240666856372,0.18814240666856372,G2group,,intact,,,,,negative,
extension,donor,G2group:negative:weakened,noise,89,-2.3129803022641813,2.3129803022641813,-2.0784759521484375,-6.849029541015625,-0.0654296875,1.0,0.9887640449438202,True,coherent,-2.5911178192395843,-2.056859005066786,1.0137333093064556,11.170458413241954,-0.20706225444806028,0.20706225444806028,G2group,,weakened,,,,,negative,
extension,donor,G2group:negative:weakened,restore,89,-2.2437354312853866,2.2437354312853866,-1.993011474609375,-6.230127334594727,-0.0673828125,1.0,0.9887640449438202,True,coherent,-2.49935029570976,-2.0061794787310485,0.9144302968228801,11.170458413241954,-0.20086332613042662,0.20086332613042662,G2group,,weakened,,,,,negative,
extension,donor,G2group:positive:change,noise,89,-0.18750156847278723,0.33901723984921917,-0.18762588500976562,-1.42724609375,0.9681015014648438,0.7078651685393258,0.8202247191011236,True,coherent,-0.27095402295000093,-0.10495097828045329,0.5448126980427945,11.170458413241954,-0.016785485567048404,0.030349447382332417,G2group,,change,,,,,positive,
extension,donor,G2group:positive:change,restore,89,-0.28015619985173257,0.39710290244456087,-0.2262725830078125,-3.173187255859375,0.9156494140625,0.7415730337078652,0.8089887640449438,True,coherent,-0.3932347244091248,-0.18004188350077444,0.5121798783205869,11.170458413241954,-0.02508009872894948,0.03554938282334211,G2group,,change,,,,,positive,
extension,donor,G2group:positive:intact,noise,89,5.337455979893717,5.337455979893717,5.1981201171875,0.0037841796875,9.2635498046875,1.0,0.9887640449438202,True,coherent,4.995679566431582,5.684543363967638,2.280200840382094,11.170458413241954,0.47781888463650346,0.47781888463650346,G2group,,intact,,,,,positive,
extension,donor,G2group:positive:intact,restore,89,5.520144087544987,5.520144087544987,5.44873046875,1.2510986328125,11.63201904296875,1.0,1.0,True,coherent,5.15508504342497,5.89712988499845,2.5741871180159324,11.170458413241954,0.4941734603300761,0.4941734603300761,G2group,,intact,,,,,positive,
extension,donor,G2group:positive:weakened,noise,89,5.1499544114209295,5.1499544114209295,5.15533447265625,0.007080078125,9.009124755859375,1.0,0.9887640449438202,True,coherent,4.814885114953759,5.489523691575179,2.5150646493676003,11.170458413241954,0.46103339906945506,0.46103339906945506,G2group,,weakened,,,,,positive,
extension,donor,G2group:positive:weakened,restore,89,5.239987887693255,5.239987887693255,5.126220703125,1.244140625,12.2928466796875,1.0,1.0,True,coherent,4.887939129786544,5.60009759329678,2.7746218777774425,11.170458413241954,0.4690933616011266,0.4690933616011266,G2group,,weakened,,,,,positive,
extension,donor,G2group:reference1:change,noise,89,-0.020554385828168206,0.036494119783465784,-0.019733428955078125,-0.138916015625,0.082244873046875,0.6966292134831461,0.02247191011235955,False,below_rule,-0.029345861579594987,-0.011875493472881539,0.06244725055908889,11.170458413241954,-0.0018400664563418569,0.0032670207822629773,G2group,,change,,,,,reference1,
extension,donor,G2group:reference1:change,restore,89,-0.022629544976052275,0.04478487807713198,-0.0129852294921875,-0.356719970703125,0.156524658203125,0.651685393258427,0.11235955056179775,False,below_rule,-0.03678666205888383,-0.009573148609547142,0.0882361979966753,11.170458413241954,-0.0020258385232629498,0.004009224726537812,G2group,,change,,,,,reference1,
extension,donor,G2group:reference1:intact,noise,89,0.05845662984955177,0.22471170211106203,0.0509185791015625,-0.729705810546875,1.2347412109375,0.5842696629213483,0.7191011235955056,True,heterogeneous,-0.0015700904171118569,0.1210093396433282,0.2889815234066395,11.170458413241954,0.005233145112491955,0.020116605227649284,G2group,,intact,,,,,reference1,
extension,donor,G2group:reference1:intact,restore,89,-0.05892786818943667,0.19841814576909783,-0.05419921875,-0.98681640625,0.5438232421875,0.6067415730337079,0.6404494382022472,True,heterogeneous,-0.11398436273081919,-0.006280835290973127,0.3155527650640252,11.170458413241954,-0.005275331236145239,0.017762757662110287,G2group,,intact,,,,,reference1,
extension,donor,G2group:reference1:weakened,noise,89,0.03790224402138356,0.21383275744620334,0.03662109375,-0.7106304168701172,1.2374267578125,0.5617977528089888,0.7303370786516854,True,heterogeneous,-0.019411637910296407,0.09784348811326403,0.28328132361508485,11.170458413241954,0.0033930786561500977,0.01914270207503002,G2group,,weakened,,,,,reference1,
extension,donor,G2group:reference1:weakened,restore,89,-0.08155741316548894,0.21107125014401554,-0.07917213439941406,-0.9873046875,0.5889053344726562,0.6292134831460674,0.6853932584269663,True,heterogeneous,-0.13881854260905405,-0.02671187272232574,0.3247701237710674,11.170458413241954,-0.007301169759408189,0.01889548685788959,G2group,,weakened,,,,,reference1,
extension,donor,G2group:reference2:change,noise,89,-0.014435729283965035,0.05563326230209865,0.00836181640625,-0.7452392578125,0.13421630859375,0.39325842696629215,0.1348314606741573,False,below_rule,-0.04204046796546893,0.008179700006259939,0.05885963493518615,11.170458413241954,-0.0012923130591357187,0.004980392052321553,G2group,,change,,,,,reference2,
extension,donor,G2group:reference2:change,restore,89,-0.017892676123072594,0.04133990574418829,-0.0041351318359375,-0.2586822509765625,0.09632110595703125,0.5617977528089888,0.10112359550561797,False,below_rule,-0.03158623546027066,-0.0051554525836130256,0.05720352992582857,11.170458413241954,-0.0016017853038029152,0.003700824461705362,G2group,,change,,,,,reference2,
extension,donor,G2group:reference2:intact,noise,89,0.10300851136111142,0.2097309466158406,0.03426361083984375,-0.44049072265625,1.935302734375,0.6067415730337079,0.6067415730337079,True,heterogeneous,0.03531721910733855,0.18206641312395588,0.2598049613866913,11.170458413241954,0.009221511557574091,0.01877550041878463,G2group,,intact,,,,,reference2,
extension,donor,G2group:reference2:intact,restore,89,0.07898311400681399,0.20268834574838704,0.043182373046875,-0.41705322265625,0.9869384765625,0.5955056179775281,0.651685393258427,True,heterogeneous,0.024930267119675543,0.1345751751674695,0.2550626176126887,11.170458413241954,0.007070713759892246,0.018145033824942345,G2group,,intact,,,,,reference2,
extension,donor,G2group:reference2:weakened,noise,89,0.08857278207714638,0.1762008975061138,0.03802490234375,-0.3447265625,1.4302978515625,0.6067415730337079,0.6404494382022472,True,heterogeneous,0.03831092500954532,0.14462417344029002,0.2240937291906121,11.170458413241954,0.00792919849843837,0.015773828699566842,G2group,,weakened,,,,,reference2,
extension,donor,G2group:reference2:weakened,restore,89,0.0610904378837414,0.17778511328643629,0.04768562316894531,-0.3909912109375,0.821258544921875,0.6179775280898876,0.5955056179775281,True,heterogeneous,0.014791983952013294,0.10844684452488178,0.22455108165740967,11.170458413241954,0.005468928456089331,0.015915650612483546,G2group,,weakened,,,,,reference2,
extension,donor,G2group:reference3:change,noise,89,-0.005934547842218635,0.03536233607302891,-0.00335693359375,-0.1727447509765625,0.11229813098907471,0.5168539325842697,0.0449438202247191,False,below_rule,-0.015790426262309042,0.0034249896413824483,0.08592636397715366,11.170458413241954,-0.0005312716472927879,0.0031657014210901887,G2group,,change,,,,,reference3,
extension,donor,G2group:reference3:change,restore,89,-0.020724883240260436,0.04381280802608876,-0.013392448425292969,-0.16651153564453125,0.18282699584960938,0.6741573033707865,0.0898876404494382,False,below_rule,-0.0328073312057538,-0.008885308865750794,0.08291592222920964,11.170458413241954,-0.0018553296985280609,0.003922203226158661,G2group,,change,,,,,reference3,
extension,donor,G2group:reference3:intact,noise,89,-0.08482233861858925,0.2117886971891596,-0.0653076171875,-0.6829986572265625,0.469970703125,0.5955056179775281,0.6067415730337079,True,heterogeneous,-0.13922959418779007,-0.03132480007878861,0.300017956937297,11.170458413241954,-0.007593451896122464,0.018959714038064537,G2group,,intact,,,,,reference3,
extension,donor,G2group:reference3:intact,restore,89,-0.07584110270725207,0.2081890668761864,-0.087432861328125,-0.86785888671875,0.7398529052734375,0.651685393258427,0.7303370786516854,True,heterogeneous,-0.12763998622304937,-0.023849457301450595,0.3046484368570735,11.170458413241954,-0.006789435124466036,0.018637468506161742,G2group,,intact,,,,,reference3,
extension,donor,G2group:reference3:weakened,noise,89,-0.09075688646080789,0.1969244975722238,-0.03753662109375,-0.71270751953125,0.4739990234375,0.5955056179775281,0.6179775280898876,True,heterogeneous,-0.14213859636462137,-0.04060413760415628,0.29246467150998917,11.170458413241954,-0.008124723543415252,0.017629043525982855,G2group,,weakened,,,,,reference3,
extension,donor,G2group:reference3:weakened,restore,89,-0.0965659859475125,0.20226426070995546,-0.097412109375,-0.87359619140625,0.5948486328125,0.6853932584269663,0.6966292134831461,True,heterogeneous,-0.14411828303604982,-0.049113099226790885,0.2810288118512443,11.170458413241954,-0.008644764822994097,0.018107068951636083,G2group,,weakened,,,,,reference3,
extension,donor,G2group:reference4:change,noise,89,0.006516361504458309,0.04138115952523907,0.00445556640625,-0.227447509765625,0.274017333984375,0.5617977528089888,0.10112359550561797,False,below_rule,-0.0063424743963091555,0.01955850834257147,0.06810983111349385,11.170458413241954,0.0005833566773529659,0.003704517576125973,G2group,,change,,,,,reference4,
extension,donor,G2group:reference4:change,restore,89,0.005677880865804265,0.04001708914724628,0.0045166015625,-0.19931793212890625,0.17571449279785156,0.5617977528089888,0.10112359550561797,False,below_rule,-0.00628812386748496,0.01763645875989721,0.056515198075369505,11.170458413241954,0.0005082943470854745,0.0035824034848747355,G2group,,change,,,,,reference4,
extension,donor,G2group:reference4:intact,noise,89,-0.08413470729013507,0.21472439605198548,-0.0958251953125,-0.8611297607421875,0.8723831176757812,0.6741573033707865,0.6966292134831461,True,heterogeneous,-0.14002695378292815,-0.02723183417588156,0.38558348109213153,11.170458413241954,-0.007531893873791077,0.019222523204369277,G2group,,intact,,,,,reference4,
extension,donor,G2group:reference4:intact,restore,89,-0.045161985279469005,0.22461428133289466,-0.03125,-1.0223388671875,0.6826419830322266,0.5730337078651685,0.7303370786516854,True,heterogeneous,-0.10497972235251009,0.014796442965443135,0.27868360615848153,11.170458413241954,-0.0040429840574789655,0.020107883940253247,G2group,,intact,,,,,reference4,
extension,donor,G2group:reference4:weakened,noise,89,-0.07761834578567677,0.2007017738363716,-0.065216064453125,-0.80908203125,1.1464004516601562,0.6629213483146067,0.6179775280898876,True,heterogeneous,-0.13202328333693944,-0.021012990930107237,0.3566670926769128,11.170458413241954,-0.006948537196438112,0.01796719225044971,G2group,,weakened,,,,,reference4,
extension,donor,G2group:reference4:weakened,restore,89,-0.03948410441366474,0.20934193321828093,-0.0294189453125,-0.8466243743896484,0.63787841796875,0.550561797752809,0.7191011235955056,True,heterogeneous,-0.09442761922150515,0.015876727425650206,0.2600913422830989,11.170458413241954,-0.003534689710393491,0.018740675223329936,G2group,,weakened,,,,,reference4,
extension,donor,G2group:residual23:change,noise,89,0.0689355456427242,0.15192037352015464,0.04119873046875,-0.365447998046875,1.0076141357421875,0.5730337078651685,0.5617977528089888,True,heterogeneous,0.027790024072936414,0.11247768291596612,0.2191599915536602,11.170458413241954,0.0061712369441351625,0.01360019149617544,G2group,,change,,,,,residual23,
extension,donor,G2group:residual23:change,restore,89,0.017844885922549816,0.13629241471879938,0.00101470947265625,-0.4580078125,0.529052734375,0.5168539325842697,0.4943820224719101,True,heterogeneous,-0.018960805957236985,0.055703189131918865,0.2518337764097064,11.170458413241954,0.0015975070370787738,0.012201147855958385,G2group,,change,,,,,residual23,
extension,donor,G2group:residual23:intact,noise,89,0.11639698971523328,0.5943988950065012,0.092620849609375,-1.3623046875,2.486328125,0.550561797752809,0.8651685393258427,True,heterogeneous,-0.0394720903943094,0.2765072852038265,0.9185991823003533,11.170458413241954,0.01042007278566573,0.05321168326466124,G2group,,intact,,,,,residual23,
extension,donor,G2group:residual23:intact,restore,89,0.23779426531845263,0.6053103864862678,0.23130416870117188,-1.635986328125,2.0224609375,0.6067415730337079,0.8876404494382022,True,heterogeneous,0.08905250677901708,0.3854933304733104,0.967019863342971,11.170458413241954,0.021287780368669636,0.054188500068064006,G2group,,intact,,,,,residual23,
extension,donor,G2group:residual23:weakened,noise,89,0.18533253535795746,0.6562204160047381,0.17919921875,-1.536834716796875,2.75537109375,0.5955056179775281,0.9101123595505618,True,heterogeneous,0.014637575022290265,0.3607089806473657,0.8774296433738108,11.170458413241954,0.016591309729800892,0.05874605962695546,G2group,,weakened,,,,,residual23,
extension,donor,G2group:residual23:weakened,restore,89,0.25563915124100245,0.611795382553272,0.249420166015625,-1.4355926513671875,1.90478515625,0.5955056179775281,0.9213483146067416,True,heterogeneous,0.10658518866206823,0.4048114784647908,0.9694584192854635,11.170458413241954,0.022885287405748408,0.05476904885371784,G2group,,weakened,,,,,residual23,
extension,donor,block:L17H1:query_sentence,noise,89,5.535144162981697,5.535144162981697,5.32861328125,0.5670833587646484,9.60595703125,1.0,1.0,True,coherent,5.194135983874289,5.883109356848041,3.5552535753571584,11.170458413241954,0.4955162946956674,0.4955162946956674,blocking,,blocking,,,545,query_sentence,,
extension,donor,block:L17H1:query_sentence,restore,89,5.350544425878632,5.350544425878632,5.4971923828125,0.32733917236328125,9.131866455078125,1.0,1.0,True,coherent,5.021266155296497,5.673158124055754,3.6534712930743614,11.170458413241954,0.47899058641459696,0.47899058641459696,blocking,,blocking,,,545,query_sentence,,
extension,donor,block:L17H1:query_sentence:self,noise,89,0.0,0.0,0.0,0.0,0.0,1.0,0.0,False,below_rule,0.0,0.0,0.0,11.170458413241954,0.0,0.0,control,,self_clamp,,,,,,
extension,donor,block:L17H1:query_sentence:self,restore,89,0.0,0.0,0.0,0.0,0.0,1.0,0.0,False,below_rule,0.0,0.0,0.0,11.170458413241954,0.0,0.0,control,,self_clamp,,,,,,
extension,donor,block:L17H1:query_sentence:source,noise,89,6.276379397745883,6.276379397745883,5.939605712890625,2.9380455017089844,11.3253173828125,1.0,1.0,True,coherent,5.919524382741264,6.651270670033573,3.6282674275087508,11.170458413241954,0.5618730373952769,0.5618730373952769,blocking,,source,,,545,query_sentence,,
extension,donor,block:L17H1:query_sentence:source,restore,89,5.972021365433596,5.972021365433596,5.955780029296875,1.5768203735351562,10.648895263671875,1.0,1.0,True,coherent,5.633342470211929,6.31296150389682,3.812329613760616,11.170458413241954,0.5346263460731476,0.5346263460731476,blocking,,source,,,545,query_sentence,,
extension,donor,block:L17H1:query_writer_union,noise,89,4.978002012445685,4.978002012445685,4.749443054199219,0.558319091796875,8.3363037109375,1.0,1.0,True,coherent,4.666299336144093,5.29205353822601,3.5212992121664324,11.170458413241954,0.4456399037791092,0.4456399037791092,blocking,,blocking,,,545,query_writer_union,,
extension,donor,block:L17H1:query_writer_union,restore,89,4.790111766772323,4.790111766772323,4.880126953125,0.279205322265625,9.042449951171875,1.0,1.0,True,coherent,4.482427552308929,5.093421411782168,3.598390922117769,11.170458413241954,0.4288196231135791,0.4288196231135791,blocking,,blocking,,,545,query_writer_union,,
extension,donor,block:L17H1:query_writer_union:self,noise,89,0.0,0.0,0.0,0.0,0.0,1.0,0.0,False,below_rule,0.0,0.0,0.0,11.170458413241954,0.0,0.0,control,,self_clamp,,,,,,
extension,donor,block:L17H1:query_writer_union:self,restore,89,0.0,0.0,0.0,0.0,0.0,1.0,0.0,False,below_rule,0.0,0.0,0.0,11.170458413241954,0.0,0.0,control,,self_clamp,,,,,,
extension,donor,block:L17H1:query_writer_union:source,noise,89,5.663744588916221,5.663744588916221,5.3454132080078125,2.729034423828125,9.963623046875,1.0,1.0,True,coherent,5.335874659023927,6.009780653541007,3.5402573039022722,11.170458413241954,0.5070288415560608,0.5070288415560608,blocking,,source,,,545,query_writer_union,,
extension,donor,block:L17H1:query_writer_union:source,restore,89,5.357709027408214,5.357709027408214,5.3414459228515625,1.410186767578125,9.775115966796875,1.0,1.0,True,coherent,5.04191504221284,5.676735303643045,3.711366589149732,11.170458413241954,0.47963197473229474,0.47963197473229474,blocking,,source,,,545,query_writer_union,,
sensitivity,mean,G1:I1:conditional:L18H18,noise,89,2.361732126621718,2.479065013735482,2.1525402069091797,-1.59033203125,9.197998046875,0.9213483146067416,0.9887640449438202,True,coherent,2.0107603122679034,2.7343345233563627,2.718633271335216,11.170458413241954,0.21142660750806935,0.22193046355167384,G1,I1,conditional,594,,,,,
sensitivity,mean,G1:I1:conditional:L18H18,restore,89,2.157787817247798,2.2361447851309615,2.0863037109375,-1.74267578125,5.479278564453125,0.9325842696629213,0.9775280898876404,True,coherent,1.8618523340211826,2.4528387861975123,2.843451556195034,11.170458413241954,0.19316913750736145,0.2001837975136398,G1,I1,conditional,594,,,,,
sensitivity,mean,G1:I1:conditional:L18H19,noise,89,2.7840477134404558,2.8158586882473378,2.562408447265625,-0.68719482421875,8.9951171875,0.9662921348314607,1.0,True,coherent,2.473931155177984,3.1111812158916763,1.606674178262775,11.170458413241954,0.24923307624869923,0.25208085327181334,G1,I1,conditional,595,,,,,
sensitivity,mean,G1:I1:conditional:L18H19,restore,89,2.596969016482321,2.599666393205021,2.542938232421875,-0.12003326416015625,5.2646484375,0.9887640449438202,1.0,True,coherent,2.357713545942574,2.836404070459055,1.708808494417855,11.170458413241954,0.2324854469180745,0.23272692104768608,G1,I1,conditional,595,,,,,
sensitivity,mean,G1:I1:whole,noise,89,2.957198349277625,3.0405095373646596,2.722137451171875,-1.7819862365722656,10.2979736328125,0.9325842696629213,0.9662921348314607,True,coherent,2.565839147701692,3.367221952489253,3.450474873017729,11.170458413241954,0.2647338399086676,0.2721920108274433,G1,I1,whole,,,,,,
sensitivity,mean,G1:I1:whole,restore,89,2.7718799475873452,2.865280367015453,2.8748397827148438,-1.7522964477539062,5.9893798828125,0.9438202247191011,0.9887640449438202,True,coherent,2.4329454745804324,3.1023296365242325,3.7490507859862254,11.170458413241954,0.24814379545081483,0.2565051729317414,G1,I1,whole,,,,,,
sensitivity,mean,G1:I2:conditional:L18H18,noise,89,2.2107906341552734,2.3451639882634194,1.9907073974609375,-1.862548828125,9.607269287109375,0.9213483146067416,1.0,True,coherent,1.8570382257525841,2.586643648683355,2.7320029012272866,11.170458413241954,0.19791404724576966,0.20994339726320976,G1,I2,conditional,594,,,,,
sensitivity,mean,G1:I2:conditional:L18H18,restore,89,1.9915183474508564,2.1174069576049117,2.0217971801757812,-2.1380615234375,5.27496337890625,0.9213483146067416,0.9662921348314607,True,coherent,1.6901431135916978,2.2889650249749085,2.8349756926633,11.170458413241954,0.178284388498329,0.18955416861807964,G1,I2,conditional,594,,,,,
sensitivity,mean,G1:I2:conditional:L18H19,noise,89,2.680781814489472,2.722155420967702,2.502685546875,-0.77001953125,9.726806640625,0.9550561797752809,0.9887640449438202,True,coherent,2.3637459937106358,3.0194231510162353,1.5978148599688926,11.170458413241954,0.23998852288027453,0.24369236429372843,G1,I2,conditional,595,,,,,
sensitivity,mean,G1:I2:conditional:L18H19,restore,89,2.4973933348494968,2.5068469261855224,2.4727783203125,-0.420684814453125,5.128448486328125,0.9887640449438202,1.0,True,coherent,2.2623791094576373,2.729425941022594,1.6806954694597909,11.170458413241954,0.2235712485970116,0.22441755149580928,G1,I2,conditional,595,,,,,
sensitivity,mean,G1:I2:whole,noise,89,3.1530666083432317,3.2577913637911338,2.9647216796875,-2.1848182678222656,10.6378173828125,0.9325842696629213,0.9775280898876404,True,coherent,2.7252648012021954,3.599372428588653,2.9995802868618053,11.170458413241954,0.2822683270191891,0.29164347990671574,G1,I2,whole,,,,,,
sensitivity,mean,G1:I2:whole,restore,89,2.9116767551122087,3.0487994344046947,3.0442657470703125,-2.317169189453125,6.323577880859375,0.9325842696629213,1.0,True,coherent,2.538806679275598,3.2744646029525923,3.2496535590525424,11.170458413241954,0.26065866300174206,0.2729341376707077,G1,I2,whole,,,,,,
sensitivity,mean,G1:I3:conditional:L18H18,noise,89,2.110008909461204,2.2146435694748097,1.96600341796875,-1.5390625,8.376220703125,0.9213483146067416,0.9775280898876404,True,coherent,1.8018911886750981,2.435721995187609,2.5524648280625932,11.170458413241954,0.18889188172975122,0.19825896910814989,G1,I3,conditional,594,,,,,
sensitivity,mean,G1:I3:conditional:L18H18,restore,89,1.9230233846085796,1.9908072118009075,1.8714599609375,-1.777587890625,4.8255615234375,0.9550561797752809,1.0,True,coherent,1.670094889603304,2.1735101055563164,2.6098310277703103,11.170458413241954,0.17215259333752522,0.1782207263258701,G1,I3,conditional,594,,,,,
sensitivity,mean,G1:I3:conditional:L18H19,noise,89,2.456547938036115,2.47954859090655,2.3350257873535156,-0.540130615234375,8.1875,0.9662921348314607,1.0,True,coherent,2.1909252924195837,2.7366593810279713,1.5240193431297044,11.170458413241954,0.2199146934850959,0.22197375427020827,G1,I3,conditional,595,,,,,
sensitivity,mean,G1:I3:conditional:L18H19,restore,89,2.2910638552033498,2.295811395966605,2.313323974609375,-0.21126556396484375,4.6834716796875,0.9887640449438202,1.0,True,coherent,2.0877500405472316,2.492318610127053,1.567293338561326,11.170458413241954,0.20510025376285557,0.20552526235136856,G1,I3,conditional,595,,,,,
sensitivity,mean,G1:I3:whole,noise,89,3.001819069465894,3.062396204873417,2.838226318359375,-1.5019569396972656,10.0689697265625,0.9662921348314607,0.9775280898876404,True,coherent,2.632123011819432,3.3870373566498913,3.5050896098104753,11.170458413241954,0.2687283689188087,0.27415134559232746,G1,I3,whole,,,,,,
sensitivity,mean,G1:I3:whole,restore,89,2.818131478984704,2.8893586490931136,2.8419189453125,-1.7491455078125,5.9322509765625,0.9775280898876404,0.9887640449438202,True,coherent,2.50375672726149,3.127334538470493,3.7549620210454706,11.170458413241954,0.2522843176824298,0.2586607050672102,G1,I3,whole,,,,,,
sensitivity,mean,G1:O1:whole,noise,89,3.5666550103198276,3.611032455155019,3.352294921875,-1.0814857482910156,10.607421875,0.9775280898876404,1.0,True,coherent,3.204236786419086,3.947756156626712,3.414787975589881,11.170458413241954,0.31929352210754014,0.32326627266024655,G1,O1,whole,,,,,,
sensitivity,mean,G1:O1:whole,restore,89,3.3878323630000766,3.4028291809424926,3.332275390625,-0.6673583984375,6.251209259033203,0.9887640449438202,0.9887640449438202,True,coherent,3.0865002519628972,3.69219764913066,3.5951196477654275,11.170458413241954,0.3032849895384768,0.3046275322871825,G1,O1,whole,,,,,,
sensitivity,mean,G1:O3:conditional:L18H19,noise,89,2.127903188212534,2.127903188212534,1.90869140625,0.01397705078125,6.2021484375,1.0,0.9775280898876404,True,coherent,1.8903455415468537,2.373836109611425,1.2595930635259394,11.170458413241954,0.19049381050378592,0.19049381050378592,G1,O3,conditional,595,,,,,
sensitivity,mean,G1:O3:conditional:L18H19,restore,89,2.0283685534187916,2.050610038671601,2.06005859375,-0.53955078125,4.1707763671875,0.9775280898876404,1.0,True,coherent,1.8256573173437227,2.2320072050844684,1.3722231146994601,11.170458413241954,0.18158328677131763,0.18357438547380628,G1,O3,conditional,595,,,,,
sensitivity,mean,G1:O3:whole,noise,89,3.0719727023263994,3.0938172018929815,3.16400146484375,-0.827239990234375,8.134429931640625,0.9775280898876404,1.0,True,coherent,2.8023515007469095,3.3460835488994465,3.1883038188634294,11.170458413241954,0.27500865127296364,0.27696421108604047,G1,O3,whole,,,,,,
sensitivity,mean,G1:O3:whole,restore,89,2.935486118445236,2.938801218954365,2.92718505859375,-0.14752197265625,5.9621124267578125,0.9887640449438202,1.0,True,coherent,2.6969827732343354,3.175119620226742,3.4982744281211597,11.170458413241954,0.2627901210361592,0.2630868949362526,G1,O3,whole,,,,,,
sensitivity,mean,G1:O4:conditional:L18H19,noise,89,1.945986758457141,1.9564162265048939,1.864227294921875,-0.26953125,7.197601318359375,0.9662921348314607,0.9775280898876404,True,coherent,1.7389556397213024,2.1694529351223717,1.574037101831329,11.170458413241954,0.17420831683597537,0.17514198201442402,G1,O4,conditional,595,,,,,
sensitivity,mean,G1:O4:conditional:L18H19,restore,89,1.8376035154535528,1.8382723304662811,1.8078765869140625,-0.02976226806640625,3.94293212890625,0.9887640449438202,0.9887640449438202,True,coherent,1.6833883676636083,1.9889451160859526,1.568142880214734,11.170458413241954,0.1645056494078324,0.1645655229589425,G1,O4,conditional,595,,,,,
sensitivity,mean,G1:O4:whole,noise,89,3.2072084137562955,3.2520782545711215,3.0921859741210938,-1.045654296875,9.8944091796875,0.9775280898876404,1.0,True,coherent,2.846597743704078,3.5832262471820524,3.3563660503773205,11.170458413241954,0.28711520110529476,0.29113203185251235,G1,O4,whole,,,,,,
sensitivity,mean,G1:O4:whole,restore,89,3.0227726711316056,3.0477900558643127,2.9467697143554688,-0.839111328125,5.8840789794921875,0.9775280898876404,1.0,True,coherent,2.721656986836637,3.322396596629968,3.526862326632725,11.170458413241954,0.27060417391181346,0.27284377624568457,G1,O4,whole,,,,,,
sensitivity,mean,G2:L14H23:change,noise,89,0.000997243302591731,0.026084299837605338,0.004150390625,-0.16950225830078125,0.08282470703125,0.550561797752809,0.011235955056179775,False,below_rule,-0.00659825788455063,0.008154628919751456,0.052834392933363325,11.170458413241954,8.927505619729579e-05,0.0023351145380644234,G2,,change,471,,,,,
sensitivity,mean,G2:L14H23:change,restore,89,0.0056214734409632304,0.024279280994715314,0.003795623779296875,-0.096221923828125,0.112518310546875,0.6067415730337079,0.011235955056179775,False,below_rule,-0.0011522325237145585,0.012513053551148828,0.04756537983926495,11.170458413241954,0.0005032446505775706,0.0021735259285271214,G2,,change,471,,,,,
sensitivity,mean,G2:L14H23:conditional,noise,89,-0.1341525088535266,0.21162699581531996,-0.12921142578125,-0.743499755859375,0.434814453125,0.6966292134831461,0.7191011235955056,True,heterogeneous,-0.18276465300763592,-0.08686284657274745,0.46458732947874604,11.170458413241954,-0.012009579543709351,0.018945238233414662,G2,,conditional,471,,,,,
sensitivity,mean,G2:L14H23:conditional,restore,89,-0.10446254590923866,0.18301809235904995,-0.0941162109375,-0.99462890625,0.451171875,0.6629213483146067,0.5955056179775281,True,heterogeneous,-0.15351549299915185,-0.05765197632018101,0.45706351955285235,11.170458413241954,-0.009351679406943958,0.016384116532056753,G2,,conditional,471,,,,,
sensitivity,mean,G2:L15H3:change,noise,89,-0.0016916789365618416,0.012519193499275808,-0.00091552734375,-0.0505523681640625,0.047119140625,0.5280898876404494,0.0,False,below_rule,-0.005167993936645851,0.0017013422558816622,0.025547713376163097,11.170458413241954,-0.00015144221248399714,0.0011207412476855027,G2,,change,483,,,,,
sensitivity,mean,G2:L15H3:change,restore,89,-0.0018811788451805543,0.013177954748775183,-0.001094818115234375,-0.0424652099609375,0.0399169921875,0.5168539325842697,0.0,False,below_rule,-0.005364437920323918,0.0015381738710939202,0.02719707167550419,11.170458413241954,-0.00016840659313950104,0.001179714767404125,G2,,change,483,,,,,
sensitivity,mean,G2:L15H3:conditional,noise,89,-0.1539640212326907,0.17487199118967806,-0.143310546875,-0.535247802734375,0.17938232421875,0.8651685393258427,0.7303370786516854,True,coherent,-0.1833553971869222,-0.12449943965740418,0.26145401429594234,11.170458413241954,-0.013783142601397179,0.015654862559837033,G2,,conditional,483,,,,,
sensitivity,mean,G2:L15H3:conditional,restore,89,-0.14795426304420728,0.16030747435066137,-0.1495361328125,-0.482177734375,0.13616943359375,0.8539325842696629,0.6292134831460674,True,coherent,-0.17625471601325476,-0.1204663632960802,0.24584636795386838,11.170458413241954,-0.013245137985457765,0.014351020201697883,G2,,conditional,483,,,,,
sensitivity,mean,G2:L16H1:change,noise,89,-0.09860821252458551,0.11513120940562045,-0.0948028564453125,-0.40008544921875,0.1759033203125,0.8426966292134831,0.5056179775280899,True,heterogeneous,-0.12105957249577125,-0.07614427356237777,0.18010822574744065,11.170458413241954,-0.00882758870555312,0.010306757802270571,G2,,change,513,,,,,
sensitivity,mean,G2:L16H1:change,restore,89,-0.11475074960944358,0.12989235995860582,-0.1082763671875,-0.653594970703125,0.1334228515625,0.8651685393258427,0.5393258426966292,True,coherent,-0.14095591922824305,-0.09013801739456949,0.20026570223690418,11.170458413241954,-0.010272698340957339,0.011628203172452231,G2,,change,513,,,,,
sensitivity,mean,G2:L16H1:conditional,noise,89,1.6883102936691112,1.6991004863481842,1.6144065856933594,-0.48016357421875,3.4324951171875,0.9887640449438202,1.0,True,coherent,1.5434979643714561,1.8350078105926513,0.9524958267640532,11.170458413241954,0.15114064537116165,0.1521066032826366,G2,,conditional,513,,,,,
sensitivity,mean,G2:L16H1:conditional,restore,89,1.6644837722349703,1.6657661963044927,1.63134765625,-0.05706787109375,3.59393310546875,0.9887640449438202,0.9887640449438202,True,coherent,1.5343728550364462,1.7953446607241468,0.8782484933231653,11.170458413241954,0.14900765131194776,0.14912245627536824,G2,,conditional,513,,,,,
sensitivity,mean,G2:L16H21:change,noise,89,-0.008892005748963087,0.055733369977286694,-0.01174163818359375,-0.2581787109375,0.3443603515625,0.5955056179775281,0.1348314606741573,False,below_rule,-0.02539363791433613,0.00834146684475159,0.10496737448017249,11.170458413241954,-0.0007960287232636855,0.004989353875684985,G2,,change,533,,,,,
sensitivity,mean,G2:L16H21:change,restore,89,-0.019275607352846124,0.05574163593602984,-0.0087890625,-0.2840576171875,0.2169647216796875,0.550561797752809,0.19101123595505617,False,below_rule,-0.03579618060187008,-0.0035052679897694225,0.10944307721062993,11.170458413241954,-0.0017255878532250715,0.004990093859527846,G2,,change,533,,,,,
sensitivity,mean,G2:L16H21:conditional,noise,89,0.999264443858286,1.0219126015566709,0.91650390625,-0.715576171875,3.675689697265625,0.9438202247191011,0.9213483146067416,True,coherent,0.8482769332574994,1.1557162835356896,0.9483957290649414,11.170458413241954,0.08945599248404289,0.0914834972524718,G2,,conditional,533,,,,,
sensitivity,mean,G2:L16H21:conditional,restore,89,1.0732147630011097,1.0832824777351338,0.986572265625,-0.237548828125,3.5525588989257812,0.9662921348314607,0.9438202247191011,True,coherent,0.9185181997465284,1.2366615030872687,0.8469421910435966,11.170458413241954,0.09607616118322178,0.09697744153910129,G2,,conditional,533,,,,,
sensitivity,mean,G2:L16H31:change,noise,89,0.014008902431873794,0.01985053266032358,0.01171875,-0.033447265625,0.08673095703125,0.7415730337078652,0.0,False,below_rule,0.009551671649632828,0.01859932803036122,0.03910953007387311,11.170458413241954,0.0012541027336234493,0.001777056225086688,G2,,change,543,,,,,
sensitivity,mean,G2:L16H31:change,restore,89,0.015415685900141684,0.021129154087452407,0.015594482421875,-0.0523681640625,0.072296142578125,0.7865168539325843,0.0,False,below_rule,0.01074106954456715,0.0200245890724525,0.03676365466600054,11.170458413241954,0.001380040579343391,0.001891520768960115,G2,,change,543,,,,,
sensitivity,mean,G2:L16H31:conditional,noise,89,-0.2607327043340447,0.2668847394793221,-0.26025390625,-0.6826934814453125,0.19609832763671875,0.9662921348314607,0.9101123595505618,True,coherent,-0.29277368274967325,-0.22907572730203693,0.24551719494080276,11.170458413241954,-0.023341271654971713,0.023892013165990142,G2,,conditional,543,,,,,
sensitivity,mean,G2:L16H31:conditional,restore,89,-0.24854155068986872,0.2592801378014382,-0.227294921875,-0.655181884765625,0.29388427734375,0.9550561797752809,0.8539325842696629,True,coherent,-0.284115289503269,-0.21316395428743257,0.2569757257954458,11.170458413241954,-0.022249897138978344,0.02321123522505362,G2,,conditional,543,,,,,
sensitivity,mean,G2:L17H24:change,noise,89,0.007965800467501866,0.01976939533533675,0.004150390625,-0.053371429443359375,0.1177978515625,0.5842696629213483,0.011235955056179775,False,below_rule,0.0025105312968907736,0.013782582390174436,0.034280573384145675,11.170458413241954,0.0007131131214864785,0.0017697926623943415,G2,,change,568,,,,,
sensitivity,mean,G2:L17H24:change,restore,89,-0.0005449096808272801,0.016595098409759864,0.000415802001953125,-0.0564422607421875,0.05844879150390625,0.48314606741573035,0.0,False,below_rule,-0.005094334650575445,0.003969795650310729,0.02904983584800463,11.170458413241954,-4.878131771041017e-05,0.0014856237582951209,G2,,change,568,,,,,
sensitivity,mean,G2:L17H24:conditional,noise,89,0.3243382914682453,0.3243382914682453,0.31439208984375,0.0037384033203125,0.7130126953125,1.0,0.9662921348314607,True,coherent,0.29367071524094995,0.3560270621535483,0.39695353990190485,11.170458413241954,0.029035360901908946,0.029035360901908946,G2,,conditional,568,,,,,
sensitivity,mean,G2:L17H24:conditional,restore,89,0.3051506883642647,0.3051506883642647,0.3072509765625,0.045166015625,0.5937843322753906,1.0,0.9550561797752809,True,coherent,0.278597476777066,0.33160720139407035,0.38130458553185625,11.170458413241954,0.027317651351042638,0.027317651351042638,G2,,conditional,568,,,,,
sensitivity,mean,G2:L18H19:change,noise,89,0.06259873208035244,0.09012978800227132,0.058837890625,-0.1629638671875,0.38623046875,0.7865168539325843,0.39325842696629215,False,below_rule,0.04360088900233922,0.08240011113413262,0.15243277389012025,11.170458413241954,0.005603953729073924,0.008068584535029243,G2,,change,595,,,,,
sensitivity,mean,G2:L18H19:change,restore,89,0.056758181432659705,0.08953915017374446,0.05389404296875,-0.1651611328125,0.3065185546875,0.7078651685393258,0.3707865168539326,False,below_rule,0.03620739097005865,0.07729744556244836,0.16311819633741056,11.170458413241954,0.005081096883667375,0.008015709549359299,G2,,change,595,,,,,
sensitivity,mean,G2:L18H19:conditional,noise,89,1.6889638686448,1.6889638686448,1.610382080078125,0.064300537109375,4.041611194610596,1.0,0.9887640449438202,True,coherent,1.5418011787232389,1.8377897730034385,1.0318054242080517,11.170458413241954,0.15119915460610173,0.15119915460610173,G2,,conditional,595,,,,,
sensitivity,mean,G2:L18H19:conditional,restore,89,1.6293470055869457,1.6293470055869457,1.53460693359375,0.0157470703125,2.8850746154785156,1.0,0.9887640449438202,True,coherent,1.5017740763974994,1.7558124774627468,1.1824746989132313,11.170458413241954,0.14586214328101754,0.14586214328101754,G2,,conditional,595,,,,,
sensitivity,mean,G2:L19H16:change,noise,89,-0.036998625551716666,0.041805315553472285,-0.024871826171875,-0.39923095703125,0.0516815185546875,0.8202247191011236,0.06741573033707865,False,below_rule,-0.05083047620366129,-0.02537066829338503,0.06351517023665182,11.170458413241954,-0.003312185067343061,0.0037424888045699553,G2,,change,624,,,,,
sensitivity,mean,G2:L19H16:change,restore,89,-0.026026937399017677,0.03352311755834001,-0.02159881591796875,-0.1798095703125,0.066650390625,0.8089887640449438,0.0449438202247191,False,below_rule,-0.0344770421472828,-0.018182857786671506,0.06115506740098589,11.170458413241954,-0.002329979346967909,0.003001051193977879,G2,,change,624,,,,,
sensitivity,mean,G2:L19H16:conditional,noise,89,-0.4483487739991606,0.4486781238170152,-0.40789794921875,-1.7457275390625,0.01465606689453125,0.9887640449438202,0.9213483146067416,True,coherent,-0.5152999237682043,-0.38660470247268675,0.32350778043939826,11.170458413241954,-0.04013700757953391,0.04016649158150326,G2,,conditional,624,,,,,
sensitivity,mean,G2:L19H16:conditional,restore,89,-0.4272139340304257,0.4297163754366757,-0.405303955078125,-1.164306640625,0.105987548828125,0.9662921348314607,0.9325842696629213,True,coherent,-0.47999366106611957,-0.37568729566724113,0.3092066571953591,11.170458413241954,-0.03824497780001467,0.03846900096125607,G2,,conditional,624,,,,,
sensitivity,mean,G2:L20H7:change,noise,89,0.003933826189362601,0.05124678772486997,-0.003082275390625,-0.14190673828125,0.436279296875,0.4606741573033708,0.11235955056179775,False,below_rule,-0.012808900066975798,0.022760527991176942,0.059989747036708875,11.170458413241954,0.00035216336195292305,0.004587706773440897,G2,,change,647,,,,,
sensitivity,mean,G2:L20H7:change,restore,89,-0.0023763099413239555,0.036616191435396,-0.0006103515625,-0.21380615234375,0.280517578125,0.5168539325842697,0.07865168539325842,False,below_rule,-0.014579148372907316,0.010180031784464803,0.07515697264939211,11.170458413241954,-0.00021273164031540307,0.003277948861256182,G2,,change,647,,,,,
sensitivity,mean,G2:L20H7:conditional,noise,89,-0.17662190855219123,0.356773012139824,-0.25189208984375,-0.92547607421875,1.195556640625,0.8764044943820225,0.9101123595505618,True,coherent,-0.2567503876900405,-0.09060158876890566,0.20362763994195487,11.170458413241954,-0.015811518383418877,0.03193897680303697,G2,,conditional,647,,,,,
sensitivity,mean,G2:L20H7:conditional,restore,89,-0.10117491175619404,0.2954883307553409,-0.1986083984375,-0.710540771484375,1.3125,0.8089887640449438,0.8651685393258427,True,coherent,-0.1699017907796281,-0.025167252508442137,0.17523732346095397,11.170458413241954,-0.00905736434560795,0.026452659311193175,G2,,conditional,647,,,,,
sensitivity,mean,G2:L22H5:change,noise,89,0.09253435992123035,0.0959179535340727,0.0728759765625,-0.08166122436523438,0.498992919921875,0.9438202247191011,0.38202247191011235,False,below_rule,0.07489997577131464,0.11232821258266318,0.06891693158096142,11.170458413241954,0.00828384623960786,0.008586751768429424,G2,,change,709,,,,,
sensitivity,mean,G2:L22H5:change,restore,89,0.08116874534092593,0.08419666665323665,0.07297515869140625,-0.05002593994140625,0.263916015625,0.9325842696629213,0.33707865168539325,False,below_rule,0.06831946955637985,0.094640073682485,0.0827281769741787,11.170458413241954,0.007266375500284296,0.007537440590032206,G2,,change,709,,,,,
sensitivity,mean,G2:L22H5:conditional,noise,89,0.3043331349833628,0.37381106280208976,0.25360107421875,-0.85406494140625,1.6529541015625,0.8202247191011236,0.8202247191011236,True,coherent,0.22553413597385535,0.3857467510727014,0.34388253929909696,11.170458413241954,0.027244462467412515,0.033464254462373506,G2,,conditional,709,,,,,
sensitivity,mean,G2:L22H5:conditional,restore,89,0.2807041902220651,0.33355876568997844,0.318603515625,-0.6033401489257812,1.048919677734375,0.8426966292134831,0.797752808988764,True,coherent,0.2197602523846573,0.3417084841246015,0.33591209904531416,11.170458413241954,0.02512915583565541,0.029860794727507616,G2,,conditional,709,,,,,
sensitivity,mean,G2:L23H15:change,noise,89,7.726369279154231e-05,0.029858165912413866,-0.0008544921875,-0.232421875,0.14141845703125,0.48314606741573035,0.0449438202247191,False,below_rule,-0.009888374269678351,0.009533408652530625,0.03466930818021967,11.170458413241954,6.916788007549495e-06,0.0026729579761040675,G2,,change,751,,,,,
sensitivity,mean,G2:L23H15:change,restore,89,0.004388720801707064,0.030481180448210642,-0.0022430419921875,-0.087158203125,0.1524505615234375,0.47191011235955055,0.056179775280898875,False,below_rule,-0.004551209827487388,0.013873742135722976,0.04060959012320872,11.170458413241954,0.000392886365030864,0.0027287313842086288,G2,,change,751,,,,,
sensitivity,mean,G2:L23H15:conditional,noise,89,-0.3942497071255459,0.4026282717672627,-0.37261962890625,-1.771728515625,0.236083984375,0.9438202247191011,0.9101123595505618,True,coherent,-0.45702981051434294,-0.3354938132039617,0.22317698832308308,11.170458413241954,-0.035293959526153815,0.03604402405634216,G2,,conditional,751,,,,,
sensitivity,mean,G2:L23H15:conditional,restore,89,-0.34622964162505077,0.3507860189073541,-0.31036376953125,-0.97967529296875,0.146484375,0.9662921348314607,0.9101123595505618,True,coherent,-0.3931395799256443,-0.30058137352546954,0.20151907138610153,11.170458413241954,-0.03099511486606627,0.031403010147866166,G2,,conditional,751,,,,,
sensitivity,mean,G2:L26H23:change,noise,89,-0.0006010130550084489,0.014971599150239752,-0.00146484375,-0.064453125,0.11572265625,0.5617977528089888,0.011235955056179775,False,below_rule,-0.005276800005623463,0.004313310344567456,0.01599370763542947,11.170458413241954,-5.380379504353926e-05,0.0013402851160066768,G2,,change,855,,,,,
sensitivity,mean,G2:L26H23:change,restore,89,0.0025212041447671613,0.01260967468947507,-0.0010986328125,-0.03277587890625,0.08953857421875,0.449438202247191,0.0,False,below_rule,-0.0014683148834142793,0.006963264205482566,0.015116434418753292,11.170458413241954,0.0002257028361323484,0.001128841290392076,G2,,change,855,,,,,
sensitivity,mean,G2:L26H23:conditional,noise,89,-0.16742899176779757,0.20735498492637378,-0.12640380859375,-1.956298828125,0.68011474609375,0.8314606741573034,0.6966292134831461,True,coherent,-0.23557331387916308,-0.10981676230269877,0.10141447688756364,11.170458413241954,-0.014988551550339228,0.018562799954616547,G2,,conditional,855,,,,,
sensitivity,mean,G2:L26H23:conditional,restore,89,-0.14526940195747975,0.18687249569410688,-0.12890625,-1.1998291015625,0.528076171875,0.8089887640449438,0.6292134831460674,True,coherent,-0.1931444757440117,-0.10137815750047068,0.09244574321789688,11.170458413241954,-0.013004784278617518,0.016729169813888747,G2,,conditional,855,,,,,
sensitivity,mean,G2:L6H24:change,noise,89,-0.0006194757611564036,0.02939030829440342,-0.005523681640625,-0.126708984375,0.17148971557617188,0.550561797752809,0.02247191011235955,False,below_rule,-0.008880627021360932,0.008017359422833716,0.048379673047012156,11.170458413241954,-5.5456610484494505e-05,0.0026310745008962973,G2,,change,216,,,,,
sensitivity,mean,G2:L6H24:change,restore,89,0.005729061833928141,0.033414270100968604,0.00597381591796875,-0.0987548828125,0.1199951171875,0.5842696629213483,0.033707865168539325,False,below_rule,-0.0031744617424654155,0.01474385154381227,0.04839187257745293,11.170458413241954,0.0005128761615670721,0.002991306969224992,G2,,change,216,,,,,
sensitivity,mean,G2:L6H24:conditional,noise,89,-0.06489704432112448,0.29922735021355445,-0.08831787109375,-1.78900146484375,0.9593658447265625,0.550561797752809,0.8426966292134831,True,heterogeneous,-0.1494896308759625,0.015487821852223242,0.4122285092814585,11.170458413241954,-0.00580970287165589,0.02678738321596875,G2,,conditional,216,,,,,
sensitivity,mean,G2:L6H24:conditional,restore,89,-0.03636326682701539,0.2352190205220426,-0.047882080078125,-0.93310546875,0.9259033203125,0.5842696629213483,0.6853932584269663,True,heterogeneous,-0.10265038723356269,0.029911805203791362,0.4344728609149376,11.170458413241954,-0.003255306584724291,0.021057239713922895,G2,,conditional,216,,,,,
sensitivity,mean,G2:L8H15:change,noise,89,-0.013123753365505947,0.031232721350166234,-0.01123046875,-0.1433258056640625,0.16796875,0.7078651685393258,0.02247191011235955,False,below_rule,-0.02165394432089302,-0.004337381245045182,0.05862059218160222,11.170458413241954,-0.0011748625597986623,0.0027960107092061316,G2,,change,271,,,,,
sensitivity,mean,G2:L8H15:change,restore,89,-0.007801355940572331,0.030605878722801638,-0.011016845703125,-0.14366912841796875,0.1154022216796875,0.6179775280898876,0.0449438202247191,False,below_rule,-0.016395544603969272,0.0006240847405422854,0.06084641445888562,11.170458413241954,-0.0006983917447223347,0.002739894603297576,G2,,change,271,,,,,
sensitivity,mean,G2:L8H15:conditional,noise,89,0.13010552224148525,0.2707266218206856,0.12702560424804688,-1.063720703125,1.08642578125,0.651685393258427,0.7640449438202247,True,heterogeneous,0.058969246537497876,0.20089965576536192,0.6458804527025545,11.170458413241954,0.011647285852409818,0.02423594554541775,G2,,conditional,271,,,,,
sensitivity,mean,G2:L8H15:conditional,restore,89,0.13776109191808808,0.2712387315342935,0.15380859375,-0.7220458984375,1.07177734375,0.6404494382022472,0.7752808988764045,True,heterogeneous,0.07088466554545285,0.20464967254842265,0.6780472176798275,11.170458413241954,0.012332626542414769,0.024281790549683723,G2,,conditional,271,,,,,
sensitivity,mean,G2group:negative:change,noise,89,-0.04006357139415955,0.05953241466136461,-0.02227783203125,-0.6611328125,0.13946533203125,0.7528089887640449,0.15730337078651685,False,below_rule,-0.06197363874885473,-0.0216455724132195,0.08964320514978988,11.170458413241954,-0.003586564661184041,0.00532945134917581,G2group,,change,,,,,negative,
sensitivity,mean,G2group:negative:change,restore,89,-0.024687839358040455,0.05206459291865317,-0.03246879577636719,-0.184844970703125,0.19720458984375,0.7528089887640449,0.15730337078651685,False,below_rule,-0.03773349898584773,-0.011272549361325384,0.09515797154287274,11.170458413241954,-0.002210100825295979,0.0046609181998236975,G2group,,change,,,,,negative,
sensitivity,mean,G2group:negative:intact,noise,89,-0.9998382236180681,1.007107064965066,-0.8762741088867188,-4.418212890625,0.31208038330078125,0.9775280898876404,0.9550561797752809,True,coherent,-1.1495845489287646,-0.8615610101249781,0.5140758793005783,11.170458413241954,-0.08950735830436607,0.09015807836240604,G2group,,intact,,,,,negative,
sensitivity,mean,G2group:negative:intact,restore,89,-0.9316350422548444,0.9564235451516141,-0.8211669921875,-2.5645904541015625,0.86248779296875,0.9550561797752809,0.9662921348314607,True,coherent,-1.06478981275237,-0.8029812193988415,0.4475327609630113,11.170458413241954,-0.08340168395868544,0.08562079636927232,G2group,,intact,,,,,negative,
sensitivity,mean,G2group:negative:weakened,noise,89,-1.0399017950122276,1.0471310320864902,-0.9674072265625,-5.079345703125,0.2227935791015625,0.9775280898876404,0.9550561797752809,True,coherent,-1.2025155082847296,-0.8930756565560121,0.5571753630477391,11.170458413241954,-0.09309392296555011,0.09374109757619033,G2group,,weakened,,,,,negative,
sensitivity,mean,G2group:negative:weakened,restore,89,-0.9563228816128848,0.9777489646097247,-0.83477783203125,-2.5640869140625,0.81890869140625,0.9550561797752809,0.9662921348314607,True,coherent,-1.087756298365218,-0.8291675899135933,0.5077850952577055,11.170458413241954,-0.08561178478398142,0.08752988717550374,G2group,,weakened,,,,,negative,
sensitivity,mean,G2group:positive:change,noise,89,-0.1353108286857605,0.1739197118898456,-0.1063232421875,-0.72393798828125,0.28607177734375,0.7865168539325843,0.5955056179775281,True,coherent,-0.17557893263155155,-0.09618053061238845,0.33850764558556373,11.170458413241954,-0.012113274467353736,0.015569612763937556,G2group,,change,,,,,positive,
sensitivity,mean,G2group:positive:change,restore,89,-0.17036179478248853,0.218597698747442,-0.120819091796875,-1.45611572265625,0.36285400390625,0.7303370786516854,0.6404494382022472,True,coherent,-0.22774721049190907,-0.11788775030146828,0.3669129435935717,11.170458413241954,-0.015251101474988184,0.019569268391734635,G2group,,change,,,,,positive,
sensitivity,mean,G2group:positive:intact,noise,89,4.080671642603499,4.0844709953565275,3.8842239379882812,-0.16907119750976562,9.6478271484375,0.9887640449438202,1.0,True,coherent,3.7571057570114568,4.41414608057965,1.6264685727237316,11.170458413241954,0.36530923724366504,0.3656493622960554,G2group,,intact,,,,,positive,
sensitivity,mean,G2group:positive:intact,restore,89,4.061479547050562,4.061479547050562,4.146842956542969,1.2616653442382812,7.952239990234375,1.0,1.0,True,coherent,3.78846973408474,4.339987317631753,1.703789014494821,11.170458413241954,0.36359112552049827,0.36359112552049827,G2group,,intact,,,,,positive,
sensitivity,mean,G2group:positive:weakened,noise,89,3.9453608139177385,3.9544852268829773,3.79443359375,-0.406036376953125,9.179183959960938,0.9887640449438202,1.0,True,coherent,3.624946684833993,4.2731911387336385,1.7244244947862089,11.170458413241954,0.35319596277631127,0.3540127970213967,G2group,,weakened,,,,,positive,
sensitivity,mean,G2group:positive:weakened,restore,89,3.891117752268073,3.891117752268073,4.0081787109375,1.2649688720703125,7.5240478515625,1.0,1.0,True,coherent,3.635612762108278,4.148539403784142,1.8326292734467582,11.170458413241954,0.3483400240455101,0.3483400240455101,G2group,,weakened,,,,,positive,
sensitivity,mean,G2group:reference1:change,noise,89,-0.013661341720752502,0.026088714599609375,-0.017862319946289062,-0.119354248046875,0.06441497802734375,0.651685393258427,0.011235955056179775,False,below_rule,-0.020033336623331136,-0.007321659366736262,0.05696200252918715,11.170458413241954,-0.0012229884589658152,0.002335509755685824,G2group,,change,,,,,reference1,
sensitivity,mean,G2group:reference1:change,restore,89,-0.02108646510692125,0.031207178415877095,-0.01220703125,-0.21697998046875,0.062255859375,0.7415730337078652,0.0449438202247191,False,below_rule,-0.030322317594892526,-0.012721222906969917,0.04865471164831955,11.170458413241954,-0.0018876991728400709,0.002793724058708524,G2group,,change,,,,,reference1,
sensitivity,mean,G2group:reference1:intact,noise,89,-0.022302418612362294,0.23765914895561305,-0.017578125,-0.955322265625,0.7147216796875,0.5168539325842697,0.7078651685393258,True,heterogeneous,-0.08550860680890887,0.039640993616554154,0.4085931135027596,11.170458413241954,-0.001996553569003401,0.021275684503142808,G2group,,intact,,,,,reference1,
sensitivity,mean,G2group:reference1:intact,restore,89,-0.0606012987286857,0.20057520705662416,-0.0264892578125,-0.76788330078125,0.724151611328125,0.5617977528089888,0.6067415730337079,True,heterogeneous,-0.11598622852496887,-0.005549423346358801,0.39521170198247674,11.170458413241954,-0.005425139818509709,0.017955861759339567,G2group,,intact,,,,,reference1,
sensitivity,mean,G2group:reference1:weakened,noise,89,-0.0359637603331148,0.2329509767253747,-0.02899169921875,-0.970703125,0.73077392578125,0.550561797752809,0.7078651685393258,True,heterogeneous,-0.0981970776332898,0.024695600150676206,0.42420934827140205,11.170458413241954,-0.0032195420279692165,0.020854200258176005,G2group,,weakened,,,,,reference1,
sensitivity,mean,G2group:reference1:weakened,restore,89,-0.08168776383560696,0.20363080367613373,-0.066192626953125,-0.774993896484375,0.719970703125,0.5842696629213483,0.6067415730337079,True,heterogeneous,-0.1370097920466005,-0.026470339432191466,0.40335222844327434,11.170458413241954,-0.0073128389913497795,0.018229404393533283,G2group,,weakened,,,,,reference1,
sensitivity,mean,G2group:reference2:change,noise,89,0.011939080913415116,0.03152945872103231,0.007340431213378906,-0.109161376953125,0.1868896484375,0.5730337078651685,0.033707865168539325,False,below_rule,0.0035573206590802484,0.02065898139825027,0.038138914644048456,11.170458413241954,0.0010688085011141533,0.0028225751848873003,G2group,,change,,,,,reference2,
sensitivity,mean,G2group:reference2:change,restore,89,0.005586361617184757,0.02786573131432694,0.001708984375,-0.10888671875,0.14599609375,0.5056179775280899,0.033707865168539325,False,below_rule,-0.002189240495810348,0.013606112324789666,0.04259524184666323,11.170458413241954,0.000500101375478238,0.0024945915631621415,G2group,,change,,,,,reference2,
sensitivity,mean,G2group:reference2:intact,noise,89,-0.07601157199130969,0.2461156202166268,-0.065216064453125,-0.8021240234375,0.5103816986083984,0.5955056179775281,0.7528089887640449,True,heterogeneous,-0.13896274285370044,-0.01494556384140196,0.3238188711444983,11.170458413241954,-0.006804695848578803,0.022032723377302985,G2group,,intact,,,,,reference2,
sensitivity,mean,G2group:reference2:intact,restore,89,-0.06532411361008547,0.2530228636238012,-0.10260009765625,-0.905792236328125,0.7333984375,0.6179775280898876,0.8202247191011236,True,heterogeneous,-0.1280064014906294,-0.0012909171286593691,0.36083520396371904,11.170458413241954,-0.0058479349005630225,0.022651072522131836,G2group,,intact,,,,,reference2,
sensitivity,mean,G2group:reference2:weakened,noise,89,-0.06407249107789457,0.255658074711146,-0.0753173828125,-0.7664794921875,0.5047607421875,0.5955056179775281,0.8089887640449438,True,heterogeneous,-0.1287549309516221,-0.001146015960179052,0.3222144051883998,11.170458413241954,-0.00573588734746465,0.022886981469630432,G2group,,weakened,,,,,reference2,
sensitivity,mean,G2group:reference2:weakened,restore,89,-0.05973775199290072,0.24913187241286375,-0.095947265625,-0.8526611328125,0.856903076171875,0.6179775280898876,0.7752808988764045,True,heterogeneous,-0.1225533920727419,0.004858983232733846,0.33683604336856454,11.170458413241954,-0.005347833525084785,0.02230274382629918,G2group,,weakened,,,,,reference2,
sensitivity,mean,G2group:reference3:change,noise,89,0.00990658127859737,0.036312880141011784,0.0089111328125,-0.11869621276855469,0.17572021484375,0.5842696629213483,0.056179775280898875,False,below_rule,0.00013210880622435152,0.019915675045399185,0.0706572693385435,11.170458413241954,0.0008868553923314079,0.0032507958758402336,G2group,,change,,,,,reference3,
sensitivity,mean,G2group:reference3:change,restore,89,0.005247150914052899,0.03452233785993598,0.00537109375,-0.11236572265625,0.1630859375,0.550561797752809,0.02247191011235955,False,below_rule,-0.004385218459568667,0.014899060297548068,0.06518380561571442,11.170458413241954,0.0004697346089067119,0.003090503234765341,G2group,,change,,,,,reference3,
sensitivity,mean,G2group:reference3:intact,noise,89,-0.21012451407614718,0.29929473426904574,-0.237518310546875,-0.8131103515625,0.84796142578125,0.7752808988764045,0.7752808988764045,True,coherent,-0.2713201493359683,-0.14764114792427324,0.4878459351786067,11.170458413241954,-0.018810733302319655,0.02679341556065851,G2group,,intact,,,,,reference3,
sensitivity,mean,G2group:reference3:intact,restore,89,-0.1625639454702313,0.2792184165354525,-0.1412181854248047,-0.8682861328125,0.746612548828125,0.7303370786516854,0.7640449438202247,True,coherent,-0.2273827295624808,-0.09636687589495371,0.4585240824838703,11.170458413241954,-0.014553023650087702,0.024996146640182165,G2group,,intact,,,,,reference3,
sensitivity,mean,G2group:reference3:weakened,noise,89,-0.20021793279754982,0.28863734341739267,-0.2177734375,-0.7911376953125,0.7292652130126953,0.7752808988764045,0.797752808988764,True,coherent,-0.2580827295110467,-0.14069657352533232,0.478196626298883,11.170458413241954,-0.017923877909988246,0.025839346313238965,G2group,,weakened,,,,,reference3,
sensitivity,mean,G2group:reference3:weakened,restore,89,-0.1573167945561784,0.271924230489838,-0.145751953125,-0.900390625,0.6612167358398438,0.7303370786516854,0.7528089887640449,True,coherent,-0.22005617323886142,-0.09381524953949323,0.43913494603017744,11.170458413241954,-0.014083289041180988,0.02434315767806691,G2group,,weakened,,,,,reference3,
sensitivity,mean,G2group:reference4:change,noise,89,-0.0034225522802117164,0.033103302623448745,-0.000244140625,-0.22314453125,0.10609817504882812,0.5056179775280899,0.0449438202247191,False,below_rule,-0.013744283994931852,0.006364634264720955,0.06657099455929874,11.170458413241954,-0.00030639318044051547,0.0029634685882010564,G2group,,change,,,,,reference4,
sensitivity,mean,G2group:reference4:change,restore,89,0.0022085489851705145,0.028656997037737556,0.0050201416015625,-0.13173675537109375,0.0831451416015625,0.6067415730337079,0.02247191011235955,False,below_rule,-0.005983852335576261,0.009945266099458318,0.05508968267547951,11.170458413241954,0.00019771337070217306,0.0025654271273026974,G2group,,change,,,,,reference4,
sensitivity,mean,G2group:reference4:intact,noise,89,-0.11791649829135852,0.29690155822239567,-0.1163330078125,-1.81201171875,0.81414794921875,0.6292134831460674,0.7640449438202247,True,heterogeneous,-0.20067858669195282,-0.04147069547953236,0.5427168406797259,11.170458413241954,-0.010556101990548131,0.02657917403554678,G2group,,intact,,,,,reference4,
sensitivity,mean,G2group:reference4:intact,restore,89,-0.06029483709442482,0.2796058226167486,-0.05706787109375,-1.4640045166015625,1.090301513671875,0.5842696629213483,0.6966292134831461,True,heterogeneous,-0.14257312075475628,0.020220790954118332,0.5113023693641919,11.170458413241954,-0.00539770480886878,0.02503082794572616,G2group,,intact,,,,,reference4,
sensitivity,mean,G2group:reference4:weakened,noise,89,-0.12133905057157024,0.2937904716877455,-0.0915679931640625,-1.81591796875,0.7993621826171875,0.6292134831460674,0.7415730337078652,True,heterogeneous,-0.20322180584575356,-0.04543471356456206,0.524111667375886,11.170458413241954,-0.010862495170988647,0.02630066384200252,G2group,,weakened,,,,,reference4,
sensitivity,mean,G2group:reference4:weakened,restore,89,-0.0580862881092543,0.2707808419559779,-0.0335693359375,-1.4622955322265625,1.0198593139648438,0.5842696629213483,0.7191011235955056,True,heterogeneous,-0.1373238815350479,0.020305978783060983,0.49814545706416785,11.170458413241954,-0.0051999914381666065,0.02424079943173884,G2group,,weakened,,,,,reference4,
sensitivity,mean,G2group:residual23:change,noise,89,-0.0027686772721537043,0.08593948235672512,-0.015560150146484375,-0.27294921875,0.47216796875,0.5730337078651685,0.2808988764044944,False,below_rule,-0.026482458194989837,0.022344515832622366,0.141320367877403,11.170458413241954,-0.0002478570860504339,0.007693460660025256,G2group,,change,,,,,residual23,
sensitivity,mean,G2group:residual23:change,restore,89,-0.004120775822843059,0.0813361955492684,-0.004791259765625,-0.312042236328125,0.25823974609375,0.5168539325842697,0.25842696629213485,False,below_rule,-0.026274008630366805,0.01759715549061807,0.15258475635828597,11.170458413241954,-0.000368899437283443,0.007281365951181455,G2group,,change,,,,,residual23,
sensitivity,mean,G2group:residual23:intact,noise,89,-0.6329687847180313,0.9539656156904242,-0.7174272537231445,-4.450439453125,4.260986328125,0.7752808988764045,0.9438202247191011,True,coherent,-0.8493484992659494,-0.4107370983348808,1.161828930458326,11.170458413241954,-0.05666453079201138,0.08540075799929135,G2group,,intact,,,,,residual23,
sensitivity,mean,G2group:residual23:intact,restore,89,-0.6609686305013935,0.8689925590257966,-0.7178726196289062,-3.35302734375,2.32977294921875,0.797752808988764,0.9325842696629213,True,coherent,-0.8433609887455287,-0.478394560867481,1.1826138014204046,11.170458413241954,-0.05917112852932268,0.07779381354624215,G2group,,intact,,,,,residual23,
sensitivity,mean,G2group:residual23:weakened,noise,89,-0.635737461990185,0.9791572549369898,-0.69525146484375,-4.47998046875,4.733154296875,0.7640449438202247,0.9550561797752809,True,coherent,-0.858950051966678,-0.4037494510747074,1.0917178379015977,11.170458413241954,-0.05691238787806181,0.08765595991801496,G2group,,weakened,,,,,residual23,
sensitivity,mean,G2group:residual23:weakened,restore,89,-0.6650894063242366,0.8780866178233971,-0.699493408203125,-3.33428955078125,2.017730712890625,0.8089887640449438,0.9438202247191011,True,coherent,-0.8443356896384379,-0.48714657981743975,1.1448742137866075,11.170458413241954,-0.059540027966606124,0.07860793043036395,G2group,,weakened,,,,,residual23,
sensitivity,mean,block:L17H1:query_sentence,noise,89,1.824571009432332,1.8327181741092982,1.66229248046875,-0.362548828125,5.37060546875,0.9887640449438202,0.9775280898876404,True,coherent,1.6013052484962378,2.062131805634231,1.283762771092104,11.170458413241954,0.16333895547826444,0.16406830465764172,blocking,,blocking,,,545,query_sentence,,
sensitivity,mean,block:L17H1:query_sentence,restore,89,1.750848223654072,1.750848223654072,1.5700607299804688,0.220458984375,4.747802734375,1.0,1.0,True,coherent,1.5846587039111706,1.9274389099538995,1.4226304600747783,11.170458413241954,0.15673915598473015,0.15673915598473015,blocking,,blocking,,,545,query_sentence,,
sensitivity,mean,block:L17H1:query_sentence:self,noise,89,0.0,0.0,0.0,0.0,0.0,1.0,0.0,False,below_rule,0.0,0.0,0.0,11.170458413241954,0.0,0.0,control,,self_clamp,,,,,,
sensitivity,mean,block:L17H1:query_sentence:self,restore,89,0.0,0.0,0.0,0.0,0.0,1.0,0.0,False,below_rule,0.0,0.0,0.0,11.170458413241954,0.0,0.0,control,,self_clamp,,,,,,
sensitivity,mean,block:L17H1:query_sentence:source,noise,89,2.166586216915859,2.168341834893387,1.89349365234375,-0.078125,6.8988037109375,0.9887640449438202,0.9887640449438202,True,coherent,1.9121656878610676,2.440691006719396,1.295052206918095,11.170458413241954,0.19395678644195052,0.19411395259508232,blocking,,source,,,545,query_sentence,,
sensitivity,mean,block:L17H1:query_sentence:source,restore,89,2.012569973977764,2.012569973977764,1.78790283203125,0.498291015625,5.184967041015625,1.0,1.0,True,coherent,1.8297646308213138,2.2090473228626037,1.4493625726592674,11.170458413241954,0.18016896885735456,0.18016896885735456,blocking,,source,,,545,query_sentence,,
sensitivity,mean,block:L17H1:query_writer_union,noise,89,1.6084513289205145,1.6202304711502589,1.4524078369140625,-0.439208984375,5.34796142578125,0.9662921348314607,0.9775280898876404,True,coherent,1.4036703316013466,1.8276060466016275,1.2581136467751493,11.170458413241954,0.14399152384057803,0.14504601433631104,blocking,,blocking,,,545,query_writer_union,,
sensitivity,mean,block:L17H1:query_writer_union,restore,89,1.4979610389538025,1.4979610389538025,1.3553466796875,0.08349609375,4.2425689697265625,1.0,0.9887640449438202,True,coherent,1.3494162217954573,1.656177306577061,1.3601511515928117,11.170458413241954,0.13410022968959387,0.13410022968959387,blocking,,blocking,,,545,query_writer_union,,
sensitivity,mean,block:L17H1:query_writer_union:self,noise,89,0.0,0.0,0.0,0.0,0.0,1.0,0.0,False,below_rule,0.0,0.0,0.0,11.170458413241954,0.0,0.0,control,,self_clamp,,,,,,
sensitivity,mean,block:L17H1:query_writer_union:self,restore,89,0.0,0.0,0.0,0.0,0.0,1.0,0.0,False,below_rule,0.0,0.0,0.0,11.170458413241954,0.0,0.0,control,,self_clamp,,,,,,
sensitivity,mean,block:L17H1:query_writer_union:source,noise,89,1.904741346166375,1.9089383703939031,1.63818359375,-0.186767578125,5.93658447265625,0.9887640449438202,1.0,True,coherent,1.6731659727150134,2.1540342320217176,1.233295044202483,11.170458413241954,0.17051595160216615,0.17089167693699692,blocking,,source,,,545,query_writer_union,,
sensitivity,mean,block:L17H1:query_writer_union:source,restore,89,1.7196918230378226,1.7196918230378226,1.502197265625,0.166015625,4.6302032470703125,1.0,1.0,True,coherent,1.5530276761965807,1.898939140860954,1.3491055992212189,11.170458413241954,0.1539499776481173,0.1539499776481173,blocking,,source,,,545,query_writer_union,,
