id,direction,family,effect,order_delta
G1:I1:conditional:L18H18,noise,0,2.26873779296875,1.2930908203125
G1:I1:conditional:L18H18,noise,16,3.60272216796875,3.9637451171875
G1:I1:conditional:L18H18,noise,32,4.25140380859375,6.7762451171875
G1:I1:conditional:L18H18,noise,48,2.767120361328125,4.26654052734375
G1:I1:conditional:L18H18,noise,56,4.4727020263671875,4.546783447265625
G1:I1:conditional:L18H18,noise,64,3.0338134765625,5.306396484375
G1:I1:conditional:L18H18,noise,82,1.917205810546875,3.93157958984375
G1:I1:conditional:L18H18,noise,96,7.290771484375,3.29248046875
G1:I1:conditional:L18H18,noise,98,2.58148193359375,-0.2098388671875
G1:I1:conditional:L18H18,noise,102,5.391515731811523,4.538745880126953
G1:I1:conditional:L18H18,noise,116,2.465087890625,3.2568359375
G1:I1:conditional:L18H18,noise,130,2.6787872314453125,3.145355224609375
G1:I1:conditional:L18H18,noise,150,3.151336669921875,4.46478271484375
G1:I1:conditional:L18H18,noise,154,4.038909912109375,6.20440673828125
G1:I1:conditional:L18H18,noise,162,4.21966552734375,1.6312255859375
G1:I1:conditional:L18H18,noise,176,3.106689453125,2.734375
G1:I1:conditional:L18H18,noise,178,4.3470458984375,7.786865234375
G1:I1:conditional:L18H18,noise,186,5.108673095703125,6.47454833984375
G1:I1:conditional:L18H18,noise,192,3.866851806640625,3.75640869140625
G1:I1:conditional:L18H18,noise,196,3.56689453125,4.9951171875
G1:I1:conditional:L18H19,noise,0,3.3736114501953125,2.278594970703125
G1:I1:conditional:L18H19,noise,16,2.37994384765625,1.4747314453125
G1:I1:conditional:L18H19,noise,32,4.798583984375,3.76806640625
G1:I1:conditional:L18H19,noise,48,4.44549560546875,4.3355712890625
G1:I1:conditional:L18H19,noise,56,4.1229095458984375,1.310821533203125
G1:I1:conditional:L18H19,noise,64,3.0447998046875,4.268798828125
G1:I1:conditional:L18H19,noise,82,3.29888916015625,2.3663330078125
G1:I1:conditional:L18H19,noise,96,7.100921630859375,-0.42315673828125
G1:I1:conditional:L18H19,noise,98,2.43109130859375,0.4112548828125
G1:I1:conditional:L18H19,noise,102,7.191198348999023,2.841236114501953
G1:I1:conditional:L18H19,noise,116,3.600830078125,1.888671875
G1:I1:conditional:L18H19,noise,130,3.433197021484375,0.42755126953125
G1:I1:conditional:L18H19,noise,150,2.44696044921875,1.3802490234375
G1:I1:conditional:L18H19,noise,154,3.8111572265625,4.281005859375
G1:I1:conditional:L18H19,noise,162,4.84442138671875,0.0828857421875
G1:I1:conditional:L18H19,noise,176,3.801513671875,0.25927734375
G1:I1:conditional:L18H19,noise,178,5.97308349609375,7.2156982421875
G1:I1:conditional:L18H19,noise,186,4.541351318359375,4.15216064453125
G1:I1:conditional:L18H19,noise,192,5.78863525390625,1.5745849609375
G1:I1:conditional:L18H19,noise,196,3.8564453125,3.9375
G1:I1:conditional:L19H16,noise,0,-0.32476806640625,0.3350830078125
G1:I1:conditional:L19H16,noise,16,-0.112060546875,0.25244140625
G1:I1:conditional:L19H16,noise,32,-0.309326171875,0.35693359375
G1:I1:conditional:L19H16,noise,48,-0.21600341796875,-0.3629150390625
G1:I1:conditional:L19H16,noise,56,0.088287353515625,0.30780029296875
G1:I1:conditional:L19H16,noise,64,-0.06927490234375,0.0396728515625
G1:I1:conditional:L19H16,noise,82,-0.2392730712890625,-0.090118408203125
G1:I1:conditional:L19H16,noise,96,-0.5473480224609375,0.913055419921875
G1:I1:conditional:L19H16,noise,98,-0.336669921875,0.62451171875
G1:I1:conditional:L19H16,noise,102,-0.7534427642822266,1.2002449035644531
G1:I1:conditional:L19H16,noise,116,-0.38934326171875,-0.1881103515625
G1:I1:conditional:L19H16,noise,130,-0.3201904296875,-0.312744140625
G1:I1:conditional:L19H16,noise,150,-0.217041015625,0.13818359375
G1:I1:conditional:L19H16,noise,154,-0.20361328125,0.0283203125
G1:I1:conditional:L19H16,noise,162,-0.301513671875,0.44091796875
G1:I1:conditional:L19H16,noise,176,-0.2108154296875,0.469482421875
G1:I1:conditional:L19H16,noise,178,-0.319091796875,0.51904296875
G1:I1:conditional:L19H16,noise,186,-0.30572509765625,0.3946533203125
G1:I1:conditional:L19H16,noise,192,-0.147216796875,0.13525390625
G1:I1:conditional:L19H16,noise,196,-0.0859375,0.501953125
G1:I1:conditional:L20H1,noise,0,-0.640869140625,1.09619140625
G1:I1:conditional:L20H1,noise,16,-0.177978515625,0.56982421875
G1:I1:conditional:L20H1,noise,32,-0.6533203125,1.845703125
G1:I1:conditional:L20H1,noise,48,-0.718597412109375,1.34930419921875
G1:I1:conditional:L20H1,noise,56,-0.3148345947265625,1.531036376953125
G1:I1:conditional:L20H1,noise,64,0.0406494140625,0.729736328125
G1:I1:conditional:L20H1,noise,82,-0.52825927734375,2.0264892578125
G1:I1:conditional:L20H1,noise,96,-0.737884521484375,2.04840087890625
G1:I1:conditional:L20H1,noise,98,-0.620361328125,1.18896484375
G1:I1:conditional:L20H1,noise,102,-0.9879856109619141,4.126361846923828
G1:I1:conditional:L20H1,noise,116,-0.5626220703125,1.125244140625
G1:I1:conditional:L20H1,noise,130,-0.9287109375,2.146484375
G1:I1:conditional:L20H1,noise,150,-0.1729736328125,0.744384765625
G1:I1:conditional:L20H1,noise,154,-0.32275390625,1.3935546875
G1:I1:conditional:L20H1,noise,162,-0.34014892578125,1.1107177734375
G1:I1:conditional:L20H1,noise,176,-0.558837890625,1.23388671875
G1:I1:conditional:L20H1,noise,178,-0.5789794921875,1.656005859375
G1:I1:conditional:L20H1,noise,186,-0.680938720703125,1.31011962890625
G1:I1:conditional:L20H1,noise,192,-0.20623779296875,1.3831787109375
G1:I1:conditional:L20H1,noise,196,-0.1796875,0.841796875
G1:I1:conditional:L23H15,noise,0,-0.412109375,0.607421875
G1:I1:conditional:L23H15,noise,16,-0.37890625,0.638671875
G1:I1:conditional:L23H15,noise,32,-0.236083984375,0.51513671875
G1:I1:conditional:L23H15,noise,48,-0.39276123046875,0.1810302734375
G1:I1:conditional:L23H15,noise,56,-0.6163330078125,1.545654296875
G1:I1:conditional:L23H15,noise,64,-0.2066650390625,0.339599609375
G1:I1:conditional:L23H15,noise,82,-0.12017822265625,-0.0286865234375
G1:I1:conditional:L23H15,noise,96,-0.32538604736328125,0.7942047119140625
G1:I1:conditional:L23H15,noise,98,-0.557861328125,0.72705078125
G1:I1:conditional:L23H15,noise,102,-0.6035099029541016,0.5478401184082031
G1:I1:conditional:L23H15,noise,116,-0.42034912109375,0.3211669921875
G1:I1:conditional:L23H15,noise,130,-0.3997802734375,0.391357421875
G1:I1:conditional:L23H15,noise,150,0.091552734375,-0.06591796875
G1:I1:conditional:L23H15,noise,154,-0.485107421875,0.40771484375
G1:I1:conditional:L23H15,noise,162,-0.33526611328125,0.7572021484375
G1:I1:conditional:L23H15,noise,176,-0.3160400390625,0.500244140625
G1:I1:conditional:L23H15,noise,178,-0.34912109375,0.48828125
G1:I1:conditional:L23H15,noise,186,-0.5471343994140625,1.132354736328125
G1:I1:conditional:L23H15,noise,192,-0.299896240234375,0.17596435546875
G1:I1:conditional:L23H15,noise,196,-0.27197265625,0.4658203125
G1:I1:conditional:L25H17,noise,0,0.795166015625,-0.06787109375
G1:I1:conditional:L25H17,noise,16,0.8323974609375,-0.751708984375
G1:I1:conditional:L25H17,noise,32,0.875732421875,0.12939453125
G1:I1:conditional:L25H17,noise,48,0.7323760986328125,0.162200927734375
G1:I1:conditional:L25H17,noise,56,0.8738861083984375,-0.554901123046875
G1:I1:conditional:L25H17,noise,64,0.8497314453125,0.463134765625
G1:I1:conditional:L25H17,noise,82,0.69073486328125,-0.1419677734375
G1:I1:conditional:L25H17,noise,96,0.766845703125,-0.72021484375
G1:I1:conditional:L25H17,noise,98,0.7950439453125,-1.142822265625
G1:I1:conditional:L25H17,noise,102,1.1487178802490234,-0.3325920104980469
G1:I1:conditional:L25H17,noise,116,0.720947265625,0.47314453125
G1:I1:conditional:L25H17,noise,130,0.613739013671875,0.28424072265625
G1:I1:conditional:L25H17,noise,150,0.83935546875,-0.263671875
G1:I1:conditional:L25H17,noise,154,0.7279739379882812,-0.3524322509765625
G1:I1:conditional:L25H17,noise,162,0.4024658203125,-0.164306640625
G1:I1:conditional:L25H17,noise,176,1.094482421875,-0.79052734375
G1:I1:conditional:L25H17,noise,178,0.93896484375,0.359375
G1:I1:conditional:L25H17,noise,186,0.871490478515625,0.01336669921875
G1:I1:conditional:L25H17,noise,192,0.474365234375,0.23291015625
G1:I1:conditional:L25H17,noise,196,0.69677734375,-0.4501953125
G1:I1:interaction,noise,0,2.0054168701171875,1.953704833984375
G1:I1:interaction,noise,16,0.33782196044921875,0.9505462646484375
G1:I1:interaction,noise,32,2.67041015625,2.80615234375
G1:I1:interaction,noise,48,2.11865234375,1.6209716796875
G1:I1:interaction,noise,56,1.8658294677734375,2.068878173828125
G1:I1:interaction,noise,64,1.27447509765625,2.1160888671875
G1:I1:interaction,noise,82,1.962249755859375,1.63580322265625
G1:I1:interaction,noise,96,3.8598480224609375,-1.820587158203125
G1:I1:interaction,noise,98,0.1933746337890625,-0.515899658203125
G1:I1:interaction,noise,102,3.312620162963867,1.6080665588378906
G1:I1:interaction,noise,116,-0.7636871337890625,-2.312225341796875
G1:I1:interaction,noise,130,1.164031982421875,0.51861572265625
G1:I1:interaction,noise,150,2.1709136962890625,1.536163330078125
G1:I1:interaction,noise,154,1.7283477783203125,1.499847412109375
G1:I1:interaction,noise,162,0.55096435546875,1.5897216796875
G1:I1:interaction,noise,176,-0.6748046875,-2.103515625
G1:I1:interaction,noise,178,2.6385393142700195,4.752664566040039
G1:I1:interaction,noise,186,1.398651123046875,2.54400634765625
G1:I1:interaction,noise,192,1.315155029296875,-1.52288818359375
G1:I1:interaction,noise,196,1.29010009765625,2.1893310546875
G1:I1:whole,noise,0,2.95367431640625,5.4161376953125
G1:I1:whole,noise,16,5.2444000244140625,4.586456298828125
G1:I1:whole,noise,32,5.5573883056640625,10.027374267578125
G1:I1:whole,noise,48,3.61090087890625,7.0865478515625
G1:I1:whole,noise,56,6.501251220703125,6.6793212890625
G1:I1:whole,noise,64,5.1622314453125,8.564208984375
G1:I1:whole,noise,82,3.77581787109375,7.4930419921875
G1:I1:whole,noise,96,7.633049011230469,6.4970550537109375
G1:I1:whole,noise,98,4.1346435546875,3.01220703125
G1:I1:whole,noise,102,5.935544967651367,8.59848403930664
G1:I1:whole,noise,116,5.6053466796875,7.918212890625
G1:I1:whole,noise,130,3.9651336669921875,5.463775634765625
G1:I1:whole,noise,150,4.158538818359375,5.03094482421875
G1:I1:whole,noise,154,4.9678955078125,8.710693359375
G1:I1:whole,noise,162,6.82623291015625,3.7554931640625
G1:I1:whole,noise,176,6.4208984375,6.0908203125
G1:I1:whole,noise,178,5.926891326904297,10.540306091308594
G1:I1:whole,noise,186,6.825103759765625,10.33929443359375
G1:I1:whole,noise,192,7.562255859375,7.7880859375
G1:I1:whole,noise,196,6.03369140625,7.6806640625
G1:I2:conditional:L17H24,noise,0,0.29248046875,-0.4619140625
G1:I2:conditional:L17H24,noise,16,0.347900390625,-0.62158203125
G1:I2:conditional:L17H24,noise,32,0.361328125,-0.4169921875
G1:I2:conditional:L17H24,noise,48,0.390960693359375,-0.55535888671875
G1:I2:conditional:L17H24,noise,56,0.45086669921875,-0.9627685546875
G1:I2:conditional:L17H24,noise,64,0.32666015625,-0.267578125
G1:I2:conditional:L17H24,noise,82,0.466796875,-0.6396484375
G1:I2:conditional:L17H24,noise,96,0.5112838745117188,-0.7074127197265625
G1:I2:conditional:L17H24,noise,98,1.125,-1.955078125
G1:I2:conditional:L17H24,noise,102,0.88409423828125,-1.3834228515625
G1:I2:conditional:L17H24,noise,116,0.345733642578125,-0.29888916015625
G1:I2:conditional:L17H24,noise,130,0.37603759765625,-0.4259033203125
G1:I2:conditional:L17H24,noise,150,0.220458984375,-0.25341796875
G1:I2:conditional:L17H24,noise,154,0.71893310546875,-0.9613037109375
G1:I2:conditional:L17H24,noise,162,0.43206787109375,-0.6046142578125
G1:I2:conditional:L17H24,noise,176,0.4263916015625,-0.540283203125
G1:I2:conditional:L17H24,noise,178,0.542236328125,-0.78564453125
G1:I2:conditional:L17H24,noise,186,0.4006195068359375,-0.584442138671875
G1:I2:conditional:L17H24,noise,192,0.3531494140625,-0.555908203125
G1:I2:conditional:L17H24,noise,196,1.0093994140625,-0.944580078125
G1:I2:conditional:L18H18,noise,0,1.75860595703125,1.7359619140625
G1:I2:conditional:L18H18,noise,16,3.17291259765625,3.1378173828125
G1:I2:conditional:L18H18,noise,32,3.91192626953125,6.4796142578125
G1:I2:conditional:L18H18,noise,48,2.401153564453125,4.03021240234375
G1:I2:conditional:L18H18,noise,56,4.836181640625,4.408447265625
G1:I2:conditional:L18H18,noise,64,3.27587890625,5.85302734375
G1:I2:conditional:L18H18,noise,82,1.9849853515625,4.192626953125
G1:I2:conditional:L18H18,noise,96,5.784027099609375,4.67059326171875
G1:I2:conditional:L18H18,noise,98,2.6412353515625,-0.375244140625
G1:I2:conditional:L18H18,noise,102,5.58758544921875,4.5743408203125
G1:I2:conditional:L18H18,noise,116,2.4123191833496094,3.3325729370117188
G1:I2:conditional:L18H18,noise,130,2.6607208251953125,3.064300537109375
G1:I2:conditional:L18H18,noise,150,2.76507568359375,4.2303466796875
G1:I2:conditional:L18H18,noise,154,3.7762451171875,6.221923828125
G1:I2:conditional:L18H18,noise,162,3.93316650390625,2.2716064453125
G1:I2:conditional:L18H18,noise,176,3.3607177734375,3.205322265625
G1:I2:conditional:L18H18,noise,178,4.00421142578125,7.3834228515625
G1:I2:conditional:L18H18,noise,186,4.6688995361328125,6.523406982421875
G1:I2:conditional:L18H18,noise,192,3.65704345703125,4.1280517578125
G1:I2:conditional:L18H18,noise,196,3.9610595703125,5.458740234375
G1:I2:conditional:L18H19,noise,0,2.5618896484375,2.531494140625
G1:I2:conditional:L18H19,noise,16,2.228546142578125,1.16070556640625
G1:I2:conditional:L18H19,noise,32,4.4287109375,3.8681640625
G1:I2:conditional:L18H19,noise,48,4.1243438720703125,4.052154541015625
G1:I2:conditional:L18H19,noise,56,4.70111083984375,0.8961181640625
G1:I2:conditional:L18H19,noise,64,3.23614501953125,4.5438232421875
G1:I2:conditional:L18H19,noise,82,3.4256591796875,2.688232421875
G1:I2:conditional:L18H19,noise,96,5.936737060546875,0.51263427734375
G1:I2:conditional:L18H19,noise,98,2.38525390625,0.47265625
G1:I2:conditional:L18H19,noise,102,7.54998779296875,2.4576416015625
G1:I2:conditional:L18H19,noise,116,3.640594482421875,1.83160400390625
G1:I2:conditional:L18H19,noise,130,3.5052947998046875,0.303863525390625
G1:I2:conditional:L18H19,noise,150,2.19140625,1.619140625
G1:I2:conditional:L18H19,noise,154,3.6876220703125,4.248779296875
G1:I2:conditional:L18H19,noise,162,4.68182373046875,0.6263427734375
G1:I2:conditional:L18H19,noise,176,4.1202392578125,0.353271484375
G1:I2:conditional:L18H19,noise,178,5.69921875,6.4755859375
G1:I2:conditional:L18H19,noise,186,4.2394256591796875,4.392730712890625
G1:I2:conditional:L18H19,noise,192,5.3499755859375,2.412841796875
G1:I2:conditional:L18H19,noise,196,4.4169921875,3.97265625
G1:I2:conditional:L19H16,noise,0,-0.223876953125,0.11474609375
G1:I2:conditional:L19H16,noise,16,-0.092529296875,0.20458984375
G1:I2:conditional:L19H16,noise,32,-0.2340087890625,0.238525390625
G1:I2:conditional:L19H16,noise,48,-0.143310546875,-0.44970703125
G1:I2:conditional:L19H16,noise,56,0.1519775390625,0.206298828125
G1:I2:conditional:L19H16,noise,64,-0.0662841796875,0.007568359375
G1:I2:conditional:L19H16,noise,82,-0.219482421875,-0.16064453125
G1:I2:conditional:L19H16,noise,96,-0.34808349609375,0.5623779296875
G1:I2:conditional:L19H16,noise,98,-0.228271484375,0.43505859375
G1:I2:conditional:L19H16,noise,102,-0.60455322265625,0.9493408203125
G1:I2:conditional:L19H16,noise,116,-0.3616523742675781,-0.27278900146484375
G1:I2:conditional:L19H16,noise,130,-0.2781982421875,-0.437744140625
G1:I2:conditional:L19H16,noise,150,-0.1884765625,0.0693359375
G1:I2:conditional:L19H16,noise,154,-0.1243896484375,-0.057861328125
G1:I2:conditional:L19H16,noise,162,-0.2318115234375,0.322509765625
G1:I2:conditional:L19H16,noise,176,-0.18780517578125,0.4263916015625
G1:I2:conditional:L19H16,noise,178,-0.2705078125,0.423828125
G1:I2:conditional:L19H16,noise,186,-0.2410125732421875,0.244720458984375
G1:I2:conditional:L19H16,noise,192,-0.1002197265625,0.064697265625
G1:I2:conditional:L19H16,noise,196,-0.04443359375,0.4970703125
G1:I2:conditional:L20H1,noise,0,-0.4674072265625,0.731689453125
G1:I2:conditional:L20H1,noise,16,-0.151611328125,0.51806640625
G1:I2:conditional:L20H1,noise,32,-0.47998046875,1.55419921875
G1:I2:conditional:L20H1,noise,48,-0.5339565277099609,1.0288505554199219
G1:I2:conditional:L20H1,noise,56,-0.17139434814453125,1.3818511962890625
G1:I2:conditional:L20H1,noise,64,0.06640625,0.79443359375
G1:I2:conditional:L20H1,noise,82,-0.4202880859375,1.989990234375
G1:I2:conditional:L20H1,noise,96,-0.449462890625,1.520751953125
G1:I2:conditional:L20H1,noise,98,-0.441650390625,0.83056640625
G1:I2:conditional:L20H1,noise,102,-0.58197021484375,3.5233154296875
G1:I2:conditional:L20H1,noise,116,-0.487579345703125,1.00054931640625
G1:I2:conditional:L20H1,noise,130,-0.8504638671875,2.015380859375
G1:I2:conditional:L20H1,noise,150,-0.1494140625,0.73046875
G1:I2:conditional:L20H1,noise,154,-0.1259765625,1.171875
G1:I2:conditional:L20H1,noise,162,-0.20477294921875,0.8709716796875
G1:I2:conditional:L20H1,noise,176,-0.54132080078125,1.2320556640625
G1:I2:conditional:L20H1,noise,178,-0.4483642578125,1.452392578125
G1:I2:conditional:L20H1,noise,186,-0.5228424072265625,0.980255126953125
G1:I2:conditional:L20H1,noise,192,-0.044189453125,1.06787109375
G1:I2:conditional:L20H1,noise,196,-0.13671875,0.8671875
G1:I2:interaction,noise,0,1.0095977783203125,0.780426025390625
G1:I2:interaction,noise,16,0.17987823486328125,0.2923736572265625
G1:I2:interaction,noise,32,2.2620391845703125,2.411773681640625
G1:I2:interaction,noise,48,2.02862548828125,1.214599609375
G1:I2:interaction,noise,56,2.5993499755859375,1.202362060546875
G1:I2:interaction,noise,64,1.6094970703125,2.837158203125
G1:I2:interaction,noise,82,2.32012939453125,2.1485595703125
G1:I2:interaction,noise,96,2.6540145874023438,-0.2830352783203125
G1:I2:interaction,noise,98,0.320281982421875,-0.38897705078125
G1:I2:interaction,noise,102,3.877685546875,1.5830078125
G1:I2:interaction,noise,116,-0.4100494384765625,-1.573577880859375
G1:I2:interaction,noise,130,1.2754058837890625,0.446258544921875
G1:I2:interaction,noise,150,1.34136962890625,0.8712158203125
G1:I2:interaction,noise,154,1.6372222900390625,1.503387451171875
G1:I2:interaction,noise,162,0.47540283203125,1.8756103515625
G1:I2:interaction,noise,176,0.069091796875,-1.216796875
G1:I2:interaction,noise,178,2.6615724563598633,4.099512100219727
G1:I2:interaction,noise,186,1.0659027099609375,2.273712158203125
G1:I2:interaction,noise,192,1.252593994140625,-0.64093017578125
G1:I2:interaction,noise,196,2.07574462890625,2.7352294921875
G1:I2:whole,noise,0,2.98089599609375,4.1829833984375
G1:I2:whole,noise,16,5.1704254150390625,4.047882080078125
G1:I2:whole,noise,32,5.3820953369140625,8.747100830078125
G1:I2:whole,noise,48,3.6820068359375,6.2041015625
G1:I2:whole,noise,56,6.7044525146484375,4.662567138671875
G1:I2:whole,noise,64,4.880859375,7.4287109375
G1:I2:whole,noise,82,3.6837158203125,7.035400390625
G1:I2:whole,noise,96,7.836509704589844,5.4884490966796875
G1:I2:whole,noise,98,5.0804443359375,1.38623046875
G1:I2:whole,noise,102,6.375267028808594,6.8831024169921875
G1:I2:whole,noise,116,5.712249755859375,6.77569580078125
G1:I2:whole,noise,130,4.1400604248046875,4.387359619140625
G1:I2:whole,noise,150,3.575042724609375,4.83953857421875
G1:I2:whole,noise,154,5.4766845703125,7.607177734375
G1:I2:whole,noise,162,7.21905517578125,2.5015869140625
G1:I2:whole,noise,176,6.1832275390625,5.683349609375
G1:I2:whole,noise,178,5.818737030029297,9.110130310058594
G1:I2:whole,noise,186,6.8912200927734375,8.643585205078125
G1:I2:whole,noise,192,7.77886962890625,6.8304443359375
G1:I2:whole,noise,196,6.62646484375,6.7099609375
G1:I3:conditional:L18H18,noise,0,1.87457275390625,1.3529052734375
G1:I3:conditional:L18H18,noise,16,3.37957763671875,3.6156005859375
G1:I3:conditional:L18H18,noise,32,3.53692626953125,5.6343994140625
G1:I3:conditional:L18H18,noise,48,2.196990966796875,3.49176025390625
G1:I3:conditional:L18H18,noise,56,4.0933380126953125,4.301605224609375
G1:I3:conditional:L18H18,noise,64,2.88018798828125,5.1324462890625
G1:I3:conditional:L18H18,noise,82,1.7556304931640625,3.501495361328125
G1:I3:conditional:L18H18,noise,96,6.0337371826171875,3.206695556640625
G1:I3:conditional:L18H18,noise,98,2.3018798828125,-0.330322265625
G1:I3:conditional:L18H18,noise,102,4.57305908203125,4.0355224609375
G1:I3:conditional:L18H18,noise,116,2.10931396484375,2.8692626953125
G1:I3:conditional:L18H18,noise,130,2.2655029296875,2.793212890625
G1:I3:conditional:L18H18,noise,150,2.820037841796875,4.14788818359375
G1:I3:conditional:L18H18,noise,154,3.48193359375,5.509765625
G1:I3:conditional:L18H18,noise,162,3.7750244140625,1.816162109375
G1:I3:conditional:L18H18,noise,176,2.6810302734375,2.516357421875
G1:I3:conditional:L18H18,noise,178,3.5487060546875,6.274169921875
G1:I3:conditional:L18H18,noise,186,4.521209716796875,5.59429931640625
G1:I3:conditional:L18H18,noise,192,3.5531005859375,3.64453125
G1:I3:conditional:L18H18,noise,196,3.228515625,4.5
G1:I3:conditional:L18H19,noise,0,2.829742431640625,2.31463623046875
G1:I3:conditional:L18H19,noise,16,2.23345947265625,1.2271728515625
G1:I3:conditional:L18H19,noise,32,3.8812255859375,3.151123046875
G1:I3:conditional:L18H19,noise,48,3.5535888671875,3.705322265625
G1:I3:conditional:L18H19,noise,56,3.8052520751953125,1.293792724609375
G1:I3:conditional:L18H19,noise,64,2.92218017578125,4.1881103515625
G1:I3:conditional:L18H19,noise,82,2.924224853515625,2.05572509765625
G1:I3:conditional:L18H19,noise,96,5.9995880126953125,-0.528106689453125
G1:I3:conditional:L18H19,noise,98,2.1236572265625,0.266357421875
G1:I3:conditional:L18H19,noise,102,6.41021728515625,2.4080810546875
G1:I3:conditional:L18H19,noise,116,3.11907958984375,1.8023681640625
G1:I3:conditional:L18H19,noise,130,2.9280548095703125,0.639984130859375
G1:I3:conditional:L18H19,noise,150,2.1474609375,1.5107421875
G1:I3:conditional:L18H19,noise,154,3.3386077880859375,3.741729736328125
G1:I3:conditional:L18H19,noise,162,4.36468505859375,0.2493896484375
G1:I3:conditional:L18H19,noise,176,3.3206787109375,0.248779296875
G1:I3:conditional:L18H19,noise,178,5.08441162109375,5.8690185546875
G1:I3:conditional:L18H19,noise,186,4.056976318359375,3.52276611328125
G1:I3:conditional:L18H19,noise,192,5.205413818359375,1.81439208984375
G1:I3:conditional:L18H19,noise,196,3.52294921875,3.4501953125
G1:I3:conditional:L20H1,noise,0,-0.46710205078125,1.0367431640625
G1:I3:conditional:L20H1,noise,16,-0.153076171875,0.52490234375
G1:I3:conditional:L20H1,noise,32,-0.4246826171875,1.856201171875
G1:I3:conditional:L20H1,noise,48,-0.5389404296875,1.519287109375
G1:I3:conditional:L20H1,noise,56,-0.28614044189453125,1.3740386962890625
G1:I3:conditional:L20H1,noise,64,0.04412841796875,0.7054443359375
G1:I3:conditional:L20H1,noise,82,-0.3187713623046875,2.266998291015625
G1:I3:conditional:L20H1,noise,96,-0.4725799560546875,1.735076904296875
G1:I3:conditional:L20H1,noise,98,-0.497314453125,1.04736328125
G1:I3:conditional:L20H1,noise,102,-0.38494873046875,3.8441162109375
G1:I3:conditional:L20H1,noise,116,-0.451171875,1.236328125
G1:I3:conditional:L20H1,noise,130,-0.7156982421875,2.281005859375
G1:I3:conditional:L20H1,noise,150,-0.0509033203125,0.822509765625
G1:I3:conditional:L20H1,noise,154,-0.201416015625,1.52197265625
G1:I3:conditional:L20H1,noise,162,-0.22723388671875,0.9783935546875
G1:I3:conditional:L20H1,noise,176,-0.45965576171875,1.0784912109375
G1:I3:conditional:L20H1,noise,178,-0.442138671875,1.56689453125
G1:I3:conditional:L20H1,noise,186,-0.542144775390625,1.36383056640625
G1:I3:conditional:L20H1,noise,192,-0.10552978515625,1.3546142578125
G1:I3:conditional:L20H1,noise,196,-0.1767578125,0.80859375
G1:I3:conditional:L23H15,noise,0,-0.29058837890625,0.4298095703125
G1:I3:conditional:L23H15,noise,16,-0.366455078125,0.60791015625
G1:I3:conditional:L23H15,noise,32,-0.1651611328125,0.439697265625
G1:I3:conditional:L23H15,noise,48,-0.34405517578125,0.2574462890625
G1:I3:conditional:L23H15,noise,56,-0.6139678955078125,1.485260009765625
G1:I3:conditional:L23H15,noise,64,-0.2047119140625,0.332763671875
G1:I3:conditional:L23H15,noise,82,-0.09161376953125,-0.0018310546875
G1:I3:conditional:L23H15,noise,96,-0.1568145751953125,0.481353759765625
G1:I3:conditional:L23H15,noise,98,-0.50244140625,0.62109375
G1:I3:conditional:L23H15,noise,102,-0.49444580078125,0.4234619140625
G1:I3:conditional:L23H15,noise,116,-0.35176658630371094,0.3490409851074219
G1:I3:conditional:L23H15,noise,130,-0.3548583984375,0.422607421875
G1:I3:conditional:L23H15,noise,150,0.134033203125,-0.12158203125
G1:I3:conditional:L23H15,noise,154,-0.456787109375,0.39599609375
G1:I3:conditional:L23H15,noise,162,-0.28643798828125,0.6864013671875
G1:I3:conditional:L23H15,noise,176,-0.26715087890625,0.3966064453125
G1:I3:conditional:L23H15,noise,178,-0.33154296875,0.4775390625
G1:I3:conditional:L23H15,noise,186,-0.472808837890625,1.00347900390625
G1:I3:conditional:L23H15,noise,192,-0.26727294921875,0.1414794921875
G1:I3:conditional:L23H15,noise,196,-0.279296875,0.447265625
G1:I3:conditional:L25H17,noise,0,0.69427490234375,0.0186767578125
G1:I3:conditional:L25H17,noise,16,0.822265625,-0.740234375
G1:I3:conditional:L25H17,noise,32,0.788330078125,0.21142578125
G1:I3:conditional:L25H17,noise,48,0.6879119873046875,0.083160400390625
G1:I3:conditional:L25H17,noise,56,0.8977813720703125,-0.489410400390625
G1:I3:conditional:L25H17,noise,64,0.83709716796875,0.4520263671875
G1:I3:conditional:L25H17,noise,82,0.6393585205078125,-0.184906005859375
G1:I3:conditional:L25H17,noise,96,0.7201995849609375,-0.647918701171875
G1:I3:conditional:L25H17,noise,98,0.72900390625,-1.0224609375
G1:I3:conditional:L25H17,noise,102,0.9874267578125,-0.148681640625
G1:I3:conditional:L25H17,noise,116,0.61358642578125,0.4085693359375
G1:I3:conditional:L25H17,noise,130,0.5401611328125,0.187255859375
G1:I3:conditional:L25H17,noise,150,0.75537109375,-0.1455078125
G1:I3:conditional:L25H17,noise,154,0.6902618408203125,-0.318023681640625
G1:I3:conditional:L25H17,noise,162,0.370849609375,-0.1220703125
G1:I3:conditional:L25H17,noise,176,1.0067138671875,-0.637451171875
G1:I3:conditional:L25H17,noise,178,0.92578125,0.3056640625
G1:I3:conditional:L25H17,noise,186,0.82952880859375,0.0235595703125
G1:I3:conditional:L25H17,noise,192,0.44970703125,0.2490234375
G1:I3:conditional:L25H17,noise,196,0.6904296875,-0.3818359375
G1:I3:interaction,noise,0,1.7140045166015625,1.735870361328125
G1:I3:interaction,noise,16,0.11261749267578125,0.5484771728515625
G1:I3:interaction,noise,32,1.4394073486328125,1.191802978515625
G1:I3:interaction,noise,48,1.197021484375,0.732666015625
G1:I3:interaction,noise,56,1.35125732421875,1.85284423828125
G1:I3:interaction,noise,64,1.1591796875,2.106201171875
G1:I3:interaction,noise,82,1.4156341552734375,0.434417724609375
G1:I3:interaction,noise,96,2.7735671997070312,-2.0218963623046875
G1:I3:interaction,noise,98,-0.4487152099609375,-1.108917236328125
G1:I3:interaction,noise,102,2.6796722412109375,1.024200439453125
G1:I3:interaction,noise,116,-1.3412017822265625,-2.227752685546875
G1:I3:interaction,noise,130,0.4123382568359375,0.663604736328125
G1:I3:interaction,noise,150,1.8372802734375,1.188232421875
G1:I3:interaction,noise,154,1.2457427978515625,1.251678466796875
G1:I3:interaction,noise,162,-0.01031494140625,1.5706787109375
G1:I3:interaction,noise,176,-1.150634765625,-2.064453125
G1:I3:interaction,noise,178,1.6611328125,3.232421875
G1:I3:interaction,noise,186,0.915191650390625,1.83612060546875
G1:I3:interaction,noise,192,0.790435791015625,-1.04083251953125
G1:I3:interaction,noise,196,0.80377197265625,1.6483154296875
G1:I3:whole,noise,0,3.2784423828125,5.0810546875
G1:I3:whole,noise,16,5.3564605712890625,4.334014892578125
G1:I3:whole,noise,32,5.8667144775390625,9.670440673828125
G1:I3:whole,noise,48,3.826904296875,7.449462890625
G1:I3:whole,noise,56,6.4129638671875,6.37152099609375
G1:I3:whole,noise,64,5.23150634765625,8.5245361328125
G1:I3:whole,noise,82,4.0150909423828125,7.583160400390625
G1:I3:whole,noise,96,8.180397033691406,5.5839996337890625
G1:I3:whole,noise,98,4.4713134765625,2.3876953125
G1:I3:whole,noise,102,6.688987731933594,7.3982391357421875
G1:I3:whole,noise,116,5.99468994140625,8.1063232421875
G1:I3:whole,noise,130,4.2853240966796875,5.776519775390625
G1:I3:whole,noise,150,4.375579833984375,4.89276123046875
G1:I3:whole,noise,154,5.1715087890625,8.682373046875
G1:I3:whole,noise,162,7.12774658203125,3.3145751953125
G1:I3:whole,noise,176,6.6317138671875,5.621337890625
G1:I3:whole,noise,178,6.245983123779297,10.021263122558594
G1:I3:whole,noise,186,7.130828857421875,9.94464111328125
G1:I3:whole,noise,192,7.70947265625,7.65283203125
G1:I3:whole,noise,196,6.11962890625,7.1787109375
G1:I4:conditional:L16H1,noise,0,0.44793701171875,-0.8297119140625
G1:I4:conditional:L16H1,noise,16,0.9519119262695312,-0.2382659912109375
G1:I4:conditional:L16H1,noise,32,0.68402099609375,-0.7169189453125
G1:I4:conditional:L16H1,noise,48,1.2892990112304688,-0.8484039306640625
G1:I4:conditional:L16H1,noise,56,0.7355194091796875,-0.193511962890625
G1:I4:conditional:L16H1,noise,64,0.96612548828125,-0.3492431640625
G1:I4:conditional:L16H1,noise,82,0.5330810546875,-0.092041015625
G1:I4:conditional:L16H1,noise,96,1.59722900390625,-1.8856201171875
G1:I4:conditional:L16H1,noise,98,1.6334762573242188,-1.7591705322265625
G1:I4:conditional:L16H1,noise,102,0.9847412109375,-0.779052734375
G1:I4:conditional:L16H1,noise,116,1.9892425537109375,-0.733123779296875
G1:I4:conditional:L16H1,noise,130,0.6922340393066406,-0.5377883911132812
G1:I4:conditional:L16H1,noise,150,0.840911865234375,0.00897216796875
G1:I4:conditional:L16H1,noise,154,1.145263671875,-1.0478515625
G1:I4:conditional:L16H1,noise,162,1.842041015625,0.35595703125
G1:I4:conditional:L16H1,noise,176,0.5211181640625,-0.606689453125
G1:I4:conditional:L16H1,noise,178,0.959228515625,-0.88916015625
G1:I4:conditional:L16H1,noise,186,2.6940765380859375,-0.628936767578125
G1:I4:conditional:L16H1,noise,192,1.530029296875,-2.3359375
G1:I4:conditional:L16H1,noise,196,1.004150390625,-0.93798828125
G1:I4:conditional:L16H21,noise,0,0.239959716796875,-0.09674072265625
G1:I4:conditional:L16H21,noise,16,0.9326553344726562,0.8760528564453125
G1:I4:conditional:L16H21,noise,32,1.00372314453125,0.4537353515625
G1:I4:conditional:L16H21,noise,48,0.7105484008789062,1.4733428955078125
G1:I4:conditional:L16H21,noise,56,1.1864013671875,1.237548828125
G1:I4:conditional:L16H21,noise,64,0.13140869140625,0.9388427734375
G1:I4:conditional:L16H21,noise,82,0.931427001953125,1.78607177734375
G1:I4:conditional:L16H21,noise,96,1.5318450927734375,0.733612060546875
G1:I4:conditional:L16H21,noise,98,1.2775421142578125,0.115386962890625
G1:I4:conditional:L16H21,noise,102,1.44635009765625,-0.3309326171875
G1:I4:conditional:L16H21,noise,116,2.1630706787109375,0.196563720703125
G1:I4:conditional:L16H21,noise,130,0.5327339172363281,-0.23783111572265625
G1:I4:conditional:L16H21,noise,150,0.3646240234375,0.299560546875
G1:I4:conditional:L16H21,noise,154,1.4488525390625,0.287353515625
G1:I4:conditional:L16H21,noise,162,1.509765625,1.71484375
G1:I4:conditional:L16H21,noise,176,1.0357666015625,0.068603515625
G1:I4:conditional:L16H21,noise,178,2.06768798828125,2.5523681640625
G1:I4:conditional:L16H21,noise,186,2.2739105224609375,3.571014404296875
G1:I4:conditional:L16H21,noise,192,1.157073974609375,-0.02606201171875
G1:I4:conditional:L16H21,noise,196,0.32818603515625,0.8006591796875
G1:I4:conditional:L17H3,noise,0,-0.13970947265625,0.2391357421875
G1:I4:conditional:L17H3,noise,16,-0.09091949462890625,0.3005828857421875
G1:I4:conditional:L17H3,noise,32,-0.0701904296875,0.278564453125
G1:I4:conditional:L17H3,noise,48,-0.1151123046875,0.185791015625
G1:I4:conditional:L17H3,noise,56,-0.05096435546875,0.0152587890625
G1:I4:conditional:L17H3,noise,64,0.02154541015625,-0.0953369140625
G1:I4:conditional:L17H3,noise,82,-0.03424072265625,0.0997314453125
G1:I4:conditional:L17H3,noise,96,-0.194549560546875,0.25836181640625
G1:I4:conditional:L17H3,noise,98,-0.213623046875,0.36767578125
G1:I4:conditional:L17H3,noise,102,-0.293701171875,0.080078125
G1:I4:conditional:L17H3,noise,116,-0.4401702880859375,-0.417999267578125
G1:I4:conditional:L17H3,noise,130,-0.091094970703125,-0.15570068359375
G1:I4:conditional:L17H3,noise,150,0.00201416015625,0.1485595703125
G1:I4:conditional:L17H3,noise,154,-0.09765625,0.0869140625
G1:I4:conditional:L17H3,noise,162,-0.280517578125,0.42138671875
G1:I4:conditional:L17H3,noise,176,0.0062255859375,-0.194091796875
G1:I4:conditional:L17H3,noise,178,-0.13922119140625,0.3153076171875
G1:I4:conditional:L17H3,noise,186,-0.15185213088989258,-0.07842350006103516
G1:I4:conditional:L17H3,noise,192,0.0155181884765625,0.395721435546875
G1:I4:conditional:L17H3,noise,196,-0.10723876953125,-0.1312255859375
G1:I4:interaction,noise,0,0.05108642578125,-0.1365966796875
G1:I4:interaction,noise,16,0.3875885009765625,0.257598876953125
G1:I4:interaction,noise,32,0.19428634643554688,0.27382659912109375
G1:I4:interaction,noise,48,0.5752601623535156,0.04141998291015625
G1:I4:interaction,noise,56,0.263885498046875,0.18255615234375
G1:I4:interaction,noise,64,0.28033447265625,0.1502685546875
G1:I4:interaction,noise,82,0.08447265625,0.2783203125
G1:I4:interaction,noise,96,0.547454833984375,0.25311279296875
G1:I4:interaction,noise,98,0.4729652404785156,0.14221954345703125
G1:I4:interaction,noise,102,0.5830116271972656,-0.35009002685546875
G1:I4:interaction,noise,116,0.4866485595703125,0.504852294921875
G1:I4:interaction,noise,130,0.19922637939453125,-0.1621246337890625
G1:I4:interaction,noise,150,0.20465087890625,-0.0311279296875
G1:I4:interaction,noise,154,0.50341796875,-0.0634765625
G1:I4:interaction,noise,162,0.629150390625,1.04052734375
G1:I4:interaction,noise,176,0.3427734375,-0.3515625
G1:I4:interaction,noise,178,0.3471260070800781,0.43448638916015625
G1:I4:interaction,noise,186,1.0385894775390625,1.082550048828125
G1:I4:interaction,noise,192,0.2745819091796875,-0.042327880859375
G1:I4:interaction,noise,196,0.2740631103515625,-0.108673095703125
G1:I4:whole,noise,0,0.48211669921875,-0.5460205078125
G1:I4:whole,noise,16,1.3777008056640625,0.615753173828125
G1:I4:whole,noise,32,1.4320831298828125,-0.310150146484375
G1:I4:whole,noise,48,1.2905502319335938,0.6846160888671875
G1:I4:whole,noise,56,1.5810089111328125,0.850006103515625
G1:I4:whole,noise,64,0.84124755859375,0.2843017578125
G1:I4:whole,noise,82,1.33245849609375,1.5196533203125
G1:I4:whole,noise,96,2.3761825561523438,-1.0640411376953125
G1:I4:whole,noise,98,2.1048583984375,-1.3154296875
G1:I4:whole,noise,102,1.5086288452148438,-0.6155548095703125
G1:I4:whole,noise,116,3.1434783935546875,-1.324554443359375
G1:I4:whole,noise,130,0.9181671142578125,-0.750885009765625
G1:I4:whole,noise,150,1.020538330078125,0.50592041015625
G1:I4:whole,noise,154,1.9578857421875,-0.626708984375
G1:I4:whole,noise,162,2.34033203125,1.333984375
G1:I4:whole,noise,176,1.193603515625,-0.35888671875
G1:I4:whole,noise,178,2.503978729248047,1.5372543334960938
G1:I4:whole,noise,186,3.6494598388671875,1.553314208984375
G1:I4:whole,noise,192,2.357513427734375,-1.77069091796875
G1:I4:whole,noise,196,0.956787109375,-0.20458984375
G1:O1:conditional:L16H1,noise,0,0.06396484375,-0.15625
G1:O1:conditional:L16H1,noise,16,0.22509765625,-0.1748046875
G1:O1:conditional:L16H1,noise,32,0.1571044921875,-0.112548828125
G1:O1:conditional:L16H1,noise,48,0.1383056640625,-0.048095703125
G1:O1:conditional:L16H1,noise,56,0.307861328125,-0.10009765625
G1:O1:conditional:L16H1,noise,64,0.067138671875,0.16064453125
G1:O1:conditional:L16H1,noise,82,0.090118408203125,0.04486083984375
G1:O1:conditional:L16H1,noise,96,0.505035400390625,-0.49432373046875
G1:O1:conditional:L16H1,noise,98,0.2578125,-0.4248046875
G1:O1:conditional:L16H1,noise,102,0.13873291015625,0.0975341796875
G1:O1:conditional:L16H1,noise,116,0.0782470703125,-0.217041015625
G1:O1:conditional:L16H1,noise,130,0.22607421875,-0.1220703125
G1:O1:conditional:L16H1,noise,150,0.151611328125,-0.01806640625
G1:O1:conditional:L16H1,noise,154,0.2073974609375,-0.063232421875
G1:O1:conditional:L16H1,noise,162,0.205047607421875,0.16448974609375
G1:O1:conditional:L16H1,noise,176,0.08551025390625,0.0467529296875
G1:O1:conditional:L16H1,noise,178,0.2061767578125,-0.020751953125
G1:O1:conditional:L16H1,noise,186,0.490966796875,0.36181640625
G1:O1:conditional:L16H1,noise,192,0.1298828125,-0.1884765625
G1:O1:conditional:L16H1,noise,196,0.198486328125,0.13916015625
G1:O1:conditional:L17H3,noise,0,-0.0234375,0.052734375
G1:O1:conditional:L17H3,noise,16,-0.081787109375,0.03271484375
G1:O1:conditional:L17H3,noise,32,-0.0364990234375,-0.020751953125
G1:O1:conditional:L17H3,noise,48,-0.03717041015625,-0.0526123046875
G1:O1:conditional:L17H3,noise,56,-0.08685302734375,-0.0626220703125
G1:O1:conditional:L17H3,noise,64,0.0223388671875,-0.138427734375
G1:O1:conditional:L17H3,noise,82,0.0098419189453125,-0.189117431640625
G1:O1:conditional:L17H3,noise,96,-0.2041168212890625,-0.012237548828125
G1:O1:conditional:L17H3,noise,98,-0.091796875,-0.0283203125
G1:O1:conditional:L17H3,noise,102,-0.1572265625,-0.177734375
G1:O1:conditional:L17H3,noise,116,-0.0350341796875,-0.013916015625
G1:O1:conditional:L17H3,noise,130,-0.0546875,-0.15234375
G1:O1:conditional:L17H3,noise,150,-0.0029296875,0.0341796875
G1:O1:conditional:L17H3,noise,154,-0.1392822265625,-0.133544921875
G1:O1:conditional:L17H3,noise,162,-0.0445404052734375,-0.025115966796875
G1:O1:conditional:L17H3,noise,176,-0.05767822265625,-0.1160888671875
G1:O1:conditional:L17H3,noise,178,-0.129150390625,-0.16162109375
G1:O1:conditional:L17H3,noise,186,-0.1260986328125,-0.369384765625
G1:O1:conditional:L17H3,noise,192,0.0162353515625,0.087646484375
G1:O1:conditional:L17H3,noise,196,-0.029296875,-0.185546875
G1:O1:conditional:L18H18,noise,0,1.301025390625,1.7314453125
G1:O1:conditional:L18H18,noise,16,2.5245590209960938,2.4846649169921875
G1:O1:conditional:L18H18,noise,32,2.406982421875,4.55322265625
G1:O1:conditional:L18H18,noise,48,1.311981201171875,2.88287353515625
G1:O1:conditional:L18H18,noise,56,3.5706787109375,4.02490234375
G1:O1:conditional:L18H18,noise,64,2.322021484375,5.3955078125
G1:O1:conditional:L18H18,noise,82,1.353057861328125,2.60687255859375
G1:O1:conditional:L18H18,noise,96,3.499908447265625,3.60919189453125
G1:O1:conditional:L18H18,noise,98,1.6446533203125,0.500732421875
G1:O1:conditional:L18H18,noise,102,2.4332275390625,2.404296875
G1:O1:conditional:L18H18,noise,116,1.57525634765625,2.9473876953125
G1:O1:conditional:L18H18,noise,130,1.794921875,2.404296875
G1:O1:conditional:L18H18,noise,150,1.70697021484375,2.8104248046875
G1:O1:conditional:L18H18,noise,154,2.45703125,4.6796875
G1:O1:conditional:L18H18,noise,162,2.636749267578125,2.62872314453125
G1:O1:conditional:L18H18,noise,176,2.38934326171875,2.7388916015625
G1:O1:conditional:L18H18,noise,178,2.6229248046875,5.450927734375
G1:O1:conditional:L18H18,noise,186,3.1300048828125,5.877685546875
G1:O1:conditional:L18H18,noise,192,2.4550857543945312,3.8047027587890625
G1:O1:conditional:L18H18,noise,196,2.816162109375,5.08544921875
G1:O1:conditional:L18H19,noise,0,1.97039794921875,2.4857177734375
G1:O1:conditional:L18H19,noise,16,1.74322509765625,0.7344970703125
G1:O1:conditional:L18H19,noise,32,2.8212890625,2.8828125
G1:O1:conditional:L18H19,noise,48,2.17694091796875,3.4163818359375
G1:O1:conditional:L18H19,noise,56,3.72869873046875,0.8243408203125
G1:O1:conditional:L18H19,noise,64,2.514404296875,4.15576171875
G1:O1:conditional:L18H19,noise,82,1.891082763671875,1.89312744140625
G1:O1:conditional:L18H19,noise,96,3.4017333984375,1.207275390625
G1:O1:conditional:L18H19,noise,98,1.6212158203125,0.719482421875
G1:O1:conditional:L18H19,noise,102,3.5064697265625,1.154541015625
G1:O1:conditional:L18H19,noise,116,2.384033203125,2.1484375
G1:O1:conditional:L18H19,noise,130,2.417724609375,0.46044921875
G1:O1:conditional:L18H19,noise,150,1.337158203125,1.00244140625
G1:O1:conditional:L18H19,noise,154,2.3953857421875,3.444580078125
G1:O1:conditional:L18H19,noise,162,3.025177001953125,1.47882080078125
G1:O1:conditional:L18H19,noise,176,2.84613037109375,0.6427001953125
G1:O1:conditional:L18H19,noise,178,3.9772491455078125,5.100982666015625
G1:O1:conditional:L18H19,noise,186,3.0372314453125,3.983642578125
G1:O1:conditional:L18H19,noise,192,3.32684326171875,3.1524658203125
G1:O1:conditional:L18H19,noise,196,3.3016357421875,3.510986328125
G1:O1:interaction,noise,0,-0.11834716796875,0.5191650390625
G1:O1:interaction,noise,16,-0.6861495971679688,-0.8122406005859375
G1:O1:interaction,noise,32,-0.4152565002441406,0.27593231201171875
G1:O1:interaction,noise,48,-0.35315704345703125,0.5048675537109375
G1:O1:interaction,noise,56,1.112091064453125,0.67803955078125
G1:O1:interaction,noise,64,0.6463623046875,2.779541015625
G1:O1:interaction,noise,82,-0.56201171875,-0.821533203125
G1:O1:interaction,noise,96,-1.1672744750976562,1.3490447998046875
G1:O1:interaction,noise,98,-1.5389556884765625,-0.557403564453125
G1:O1:interaction,noise,102,-0.4827461242675781,0.10018157958984375
G1:O1:interaction,noise,116,-2.3088531494140625,-1.177947998046875
G1:O1:interaction,noise,130,-0.4983177185058594,-0.17377471923828125
G1:O1:interaction,noise,150,-0.47003173828125,-0.2711181640625
G1:O1:interaction,noise,154,-0.206787109375,0.86376953125
G1:O1:interaction,noise,162,-1.514739990234375,2.85699462890625
G1:O1:interaction,noise,176,-1.23773193359375,-1.0543212890625
G1:O1:interaction,noise,178,0.6373519897460938,2.5022430419921875
G1:O1:interaction,noise,186,-0.79833984375,2.003662109375
G1:O1:interaction,noise,192,-1.745758056640625,1.90655517578125
G1:O1:interaction,noise,196,0.5636749267578125,1.967376708984375
G1:O1:whole,noise,0,3.39337158203125,3.4859619140625
G1:O1:whole,noise,16,5.1819000244140625,3.815948486328125
G1:O1:whole,noise,32,5.7926177978515625,6.867950439453125
G1:O1:whole,noise,48,4.09027099609375,5.5848388671875
G1:O1:whole,noise,56,6.5983734130859375,3.689178466796875
G1:O1:whole,noise,64,4.60888671875,7.0244140625
G1:O1:whole,noise,82,3.931243896484375,5.11895751953125
G1:O1:whole,noise,96,8.359397888183594,3.4604949951171875
G1:O1:whole,noise,98,4.9747314453125,1.14453125
G1:O1:whole,noise,102,6.527671813964844,3.0821990966796875
G1:O1:whole,noise,116,6.2392578125,5.8994140625
G1:O1:whole,noise,130,4.9153289794921875,2.596588134765625
G1:O1:whole,noise,150,3.772674560546875,4.12054443359375
G1:O1:whole,noise,154,5.1776123046875,6.742431640625
G1:O1:whole,noise,162,7.434478759765625,1.80621337890625
G1:O1:whole,noise,176,6.56512451171875,4.3726806640625
G1:O1:whole,noise,178,6.069713592529297,7.603294372558594
G1:O1:whole,noise,186,7.50164794921875,7.8392333984375
G1:O1:whole,noise,192,7.77691650390625,5.8450927734375
G1:O1:whole,noise,196,6.000732421875,6.22802734375
G1:O2:conditional:L16H1,noise,0,0.41375732421875,-0.7296142578125
G1:O2:conditional:L16H1,noise,16,0.7773666381835938,-0.2196807861328125
G1:O2:conditional:L16H1,noise,32,0.663726806640625,-0.74481201171875
G1:O2:conditional:L16H1,noise,48,0.9741325378417969,-0.5748977661132812
G1:O2:conditional:L16H1,noise,56,0.6679840087890625,-0.179656982421875
G1:O2:conditional:L16H1,noise,64,0.75482177734375,-0.2161865234375
G1:O2:conditional:L16H1,noise,82,0.50115966796875,-0.1112060546875
G1:O2:conditional:L16H1,noise,96,1.280548095703125,-1.48431396484375
G1:O2:conditional:L16H1,noise,98,1.4261054992675781,-1.6680526733398438
G1:O2:conditional:L16H1,noise,102,0.68218994140625,-0.3035888671875
G1:O2:conditional:L16H1,noise,116,1.762237548828125,-0.23785400390625
G1:O2:conditional:L16H1,noise,130,0.6080513000488281,-0.45340728759765625
G1:O2:conditional:L16H1,noise,150,0.722747802734375,0.08221435546875
G1:O2:conditional:L16H1,noise,154,0.8988037109375,-0.749755859375
G1:O2:conditional:L16H1,noise,162,1.577880859375,-0.03173828125
G1:O2:conditional:L16H1,noise,176,0.4288330078125,-0.496337890625
G1:O2:conditional:L16H1,noise,178,0.84906005859375,-0.7696533203125
G1:O2:conditional:L16H1,noise,186,2.296032428741455,-0.34317684173583984
G1:O2:conditional:L16H1,noise,192,1.135284423828125,-1.71783447265625
G1:O2:conditional:L16H1,noise,196,0.79498291015625,-0.7286376953125
G1:O2:conditional:L16H21,noise,0,0.22796630859375,-0.0465087890625
G1:O2:conditional:L16H21,noise,16,0.7793502807617188,0.7442474365234375
G1:O2:conditional:L16H21,noise,32,0.9304618835449219,0.34432220458984375
G1:O2:conditional:L16H21,noise,48,0.5202789306640625,1.276885986328125
G1:O2:conditional:L16H21,noise,56,1.12451171875,1.18115234375
G1:O2:conditional:L16H21,noise,64,0.1307373046875,0.764404296875
G1:O2:conditional:L16H21,noise,82,0.8828125,1.5673828125
G1:O2:conditional:L16H21,noise,96,1.30364990234375,0.7733154296875
G1:O2:conditional:L16H21,noise,98,1.0333099365234375,-0.029571533203125
G1:O2:conditional:L16H21,noise,102,1.3022956848144531,-0.29775238037109375
G1:O2:conditional:L16H21,noise,116,2.101715087890625,0.79217529296875
G1:O2:conditional:L16H21,noise,130,0.5089302062988281,-0.17948150634765625
G1:O2:conditional:L16H21,noise,150,0.3074951171875,0.316162109375
G1:O2:conditional:L16H21,noise,154,1.1683349609375,0.312255859375
G1:O2:conditional:L16H21,noise,162,1.260009765625,1.30029296875
G1:O2:conditional:L16H21,noise,176,0.8580322265625,0.351318359375
G1:O2:conditional:L16H21,noise,178,1.90399169921875,2.3646240234375
G1:O2:conditional:L16H21,noise,186,2.04496431350708,3.32802677154541
G1:O2:conditional:L16H21,noise,192,1.0261383056640625,0.133758544921875
G1:O2:conditional:L16H21,noise,196,0.2753448486328125,0.740325927734375
G1:O2:interaction,noise,0,0.0198974609375,0.009033203125
G1:O2:interaction,noise,16,0.08809661865234375,0.2093963623046875
G1:O2:interaction,noise,32,0.09191513061523438,0.18822479248046875
G1:O2:interaction,noise,48,0.08874893188476562,0.20316314697265625
G1:O2:interaction,noise,56,0.1605224609375,0.166748046875
G1:O2:interaction,noise,64,0.06585693359375,0.1685791015625
G1:O2:interaction,noise,82,0.01727294921875,0.0362548828125
G1:O2:interaction,noise,96,0.01346588134765625,0.6114044189453125
G1:O2:interaction,noise,98,0.14093399047851562,-0.01451873779296875
G1:O2:interaction,noise,102,0.18215560913085938,0.09429168701171875
G1:O2:interaction,noise,116,0.280303955078125,1.46087646484375
G1:O2:interaction,noise,130,0.10771942138671875,-0.0377044677734375
G1:O2:interaction,noise,150,0.01171875,0.041015625
G1:O2:interaction,noise,154,0.0115966796875,0.276123046875
G1:O2:interaction,noise,162,0.217041015625,0.35595703125
G1:O2:interaction,noise,176,0.0994873046875,0.019775390625
G1:O2:interaction,noise,178,0.10985183715820312,0.37302398681640625
G1:O2:interaction,noise,186,0.5396847724914551,1.3531122207641602
G1:O2:interaction,noise,192,-0.180572509765625,0.58233642578125
G1:O2:interaction,noise,196,0.0063018798828125,0.085052490234375
G1:O2:whole,noise,0,0.621826171875,-0.78515625
G1:O2:whole,noise,16,1.4686203002929688,0.3151702880859375
G1:O2:whole,noise,32,1.5022735595703125,-0.588714599609375
G1:O2:whole,noise,48,1.4056625366210938,0.4988250732421875
G1:O2:whole,noise,56,1.6319732666015625,0.834747314453125
G1:O2:whole,noise,64,0.8197021484375,0.379638671875
G1:O2:whole,noise,82,1.36669921875,1.419921875
G1:O2:whole,noise,96,2.5707321166992188,-1.3224029541015625
G1:O2:whole,noise,98,2.3184814453125,-1.68310546875
G1:O2:whole,noise,102,1.8023300170898438,-0.6956329345703125
G1:O2:whole,noise,116,3.583648681640625,-0.90655517578125
G1:O2:whole,noise,130,1.0092620849609375,-0.595184326171875
G1:O2:whole,noise,150,1.018524169921875,0.35736083984375
G1:O2:whole,noise,154,2.0555419921875,-0.713623046875
G1:O2:whole,noise,162,2.620849609375,0.91259765625
G1:O2:whole,noise,176,1.1873779296875,-0.164794921875
G1:O2:whole,noise,178,2.643199920654297,1.2219467163085938
G1:O2:whole,noise,186,3.80131196975708,1.6317377090454102
G1:O2:whole,noise,192,2.3419952392578125,-2.166412353515625
G1:O2:whole,noise,196,1.06402587890625,-0.0733642578125
G1:O3:conditional:L18H18,noise,0,1.9749755859375,1.775634765625
G1:O3:conditional:L18H18,noise,16,2.249755859375,2.31201171875
G1:O3:conditional:L18H18,noise,32,4.6728515625,7.6318359375
G1:O3:conditional:L18H18,noise,48,1.0512733459472656,1.7431564331054688
G1:O3:conditional:L18H18,noise,56,1.92718505859375,2.3773193359375
G1:O3:conditional:L18H18,noise,64,1.61865234375,3.0078125
G1:O3:conditional:L18H18,noise,82,2.01092529296875,3.7786865234375
G1:O3:conditional:L18H18,noise,96,6.4503173828125,2.758056640625
G1:O3:conditional:L18H18,noise,98,1.588623046875,0.41259765625
G1:O3:conditional:L18H18,noise,102,4.364044189453125,4.40631103515625
G1:O3:conditional:L18H18,noise,116,1.891082763671875,2.80181884765625
G1:O3:conditional:L18H18,noise,130,1.5693359375,1.9296875
G1:O3:conditional:L18H18,noise,150,2.984375,4.1767578125
G1:O3:conditional:L18H18,noise,154,2.554107666015625,3.83270263671875
G1:O3:conditional:L18H18,noise,162,2.634490966796875,0.74468994140625
G1:O3:conditional:L18H18,noise,176,2.066162109375,2.29150390625
G1:O3:conditional:L18H18,noise,178,1.6627197265625,2.895751953125
G1:O3:conditional:L18H18,noise,186,2.67230224609375,3.6126708984375
G1:O3:conditional:L18H18,noise,192,2.031219482421875,1.78997802734375
G1:O3:conditional:L18H18,noise,196,2.032306671142578,2.7775039672851562
G1:O3:conditional:L18H19,noise,0,2.6663818359375,2.561767578125
G1:O3:conditional:L18H19,noise,16,1.483154296875,0.87841796875
G1:O3:conditional:L18H19,noise,32,5.392333984375,5.53369140625
G1:O3:conditional:L18H19,noise,48,1.7843666076660156,2.3453292846679688
G1:O3:conditional:L18H19,noise,56,1.76263427734375,1.1126708984375
G1:O3:conditional:L18H19,noise,64,1.54736328125,2.369140625
G1:O3:conditional:L18H19,noise,82,3.4133987426757812,2.7803802490234375
G1:O3:conditional:L18H19,noise,96,6.3599853515625,-1.610107421875
G1:O3:conditional:L18H19,noise,98,1.582763671875,0.68408203125
G1:O3:conditional:L18H19,noise,102,5.6233673095703125,2.579742431640625
G1:O3:conditional:L18H19,noise,116,2.55865478515625,1.7381591796875
G1:O3:conditional:L18H19,noise,130,2.19384765625,0.3603515625
G1:O3:conditional:L18H19,noise,150,2.5537109375,1.6962890625
G1:O3:conditional:L18H19,noise,154,2.6368446350097656,2.9411544799804688
G1:O3:conditional:L18H19,noise,162,3.037322998046875,0.26812744140625
G1:O3:conditional:L18H19,noise,176,2.3590087890625,1.338623046875
G1:O3:conditional:L18H19,noise,178,2.1876220703125,2.474853515625
G1:O3:conditional:L18H19,noise,186,2.39105224609375,2.7337646484375
G1:O3:conditional:L18H19,noise,192,3.133148193359375,0.79901123046875
G1:O3:conditional:L18H19,noise,196,2.221923828125,2.31103515625
G1:O3:conditional:L18H24,noise,0,-0.6943359375,-0.869140625
G1:O3:conditional:L18H24,noise,16,-0.674560546875,-0.04443359375
G1:O3:conditional:L18H24,noise,32,-0.738037109375,-3.15087890625
G1:O3:conditional:L18H24,noise,48,-0.09807968139648438,-0.6690750122070312
G1:O3:conditional:L18H24,noise,56,-0.59222412109375,-1.1434326171875
G1:O3:conditional:L18H24,noise,64,-0.853851318359375,-2.06024169921875
G1:O3:conditional:L18H24,noise,82,-0.7469482421875,-0.265869140625
G1:O3:conditional:L18H24,noise,96,-1.15423583984375,-1.1534423828125
G1:O3:conditional:L18H24,noise,98,-0.515380859375,-0.21044921875
G1:O3:conditional:L18H24,noise,102,-0.606414794921875,-2.96539306640625
G1:O3:conditional:L18H24,noise,116,-0.318603515625,-0.98583984375
G1:O3:conditional:L18H24,noise,130,-0.4638671875,-0.5546875
G1:O3:conditional:L18H24,noise,150,-0.887451171875,-1.70654296875
G1:O3:conditional:L18H24,noise,154,-1.6463394165039062,-1.6370086669921875
G1:O3:conditional:L18H24,noise,162,-0.837982177734375,-0.73614501953125
G1:O3:conditional:L18H24,noise,176,-0.3016357421875,-1.027099609375
G1:O3:conditional:L18H24,noise,178,-0.8773193359375,-1.861572265625
G1:O3:conditional:L18H24,noise,186,-1.5105705261230469,-2.4686050415039062
G1:O3:conditional:L18H24,noise,192,-0.626617431640625,-0.59649658203125
G1:O3:conditional:L18H24,noise,196,-0.88623046875,-1.4677734375
G1:O3:conditional:L19H16,noise,0,-0.3648681640625,0.230712890625
G1:O3:conditional:L19H16,noise,16,-0.105224609375,0.14501953125
G1:O3:conditional:L19H16,noise,32,-0.4185791015625,-0.307373046875
G1:O3:conditional:L19H16,noise,48,-0.006988525390625,-0.06658935546875
G1:O3:conditional:L19H16,noise,56,0.0518798828125,0.045166015625
G1:O3:conditional:L19H16,noise,64,-0.0865478515625,-0.096923828125
G1:O3:conditional:L19H16,noise,82,-0.24481201171875,-0.1639404296875
G1:O3:conditional:L19H16,noise,96,-0.5539932250976562,0.4894561767578125
G1:O3:conditional:L19H16,noise,98,-0.2587890625,0.3125
G1:O3:conditional:L19H16,noise,102,-0.52838134765625,0.3067626953125
G1:O3:conditional:L19H16,noise,116,-0.25543212890625,-0.1947021484375
G1:O3:conditional:L19H16,noise,130,-0.22900390625,-0.125
G1:O3:conditional:L19H16,noise,150,-0.235107421875,0.04345703125
G1:O3:conditional:L19H16,noise,154,-0.31671905517578125,-0.1165618896484375
G1:O3:conditional:L19H16,noise,162,-0.218597412109375,0.21844482421875
G1:O3:conditional:L19H16,noise,176,-0.137939453125,0.12060546875
G1:O3:conditional:L19H16,noise,178,-0.2674560546875,-0.109619140625
G1:O3:conditional:L19H16,noise,186,-0.2242889404296875,-0.098541259765625
G1:O3:conditional:L19H16,noise,192,-0.092498779296875,0.05230712890625
G1:O3:conditional:L19H16,noise,196,-0.125,0.18359375
G1:O3:conditional:L20H1,noise,0,-0.5845947265625,0.878173828125
G1:O3:conditional:L20H1,noise,16,-0.16650390625,0.3388671875
G1:O3:conditional:L20H1,noise,32,-0.65948486328125,1.1959228515625
G1:O3:conditional:L20H1,noise,48,-0.18487167358398438,0.35509490966796875
G1:O3:conditional:L20H1,noise,56,-0.036529541015625,0.24725341796875
G1:O3:conditional:L20H1,noise,64,-0.0765380859375,0.220947265625
G1:O3:conditional:L20H1,noise,82,-0.4478759765625,1.121337890625
G1:O3:conditional:L20H1,noise,96,-0.67474365234375,1.1197509765625
G1:O3:conditional:L20H1,noise,98,-0.377685546875,0.59033203125
G1:O3:conditional:L20H1,noise,102,-0.6551513671875,1.800537109375
G1:O3:conditional:L20H1,noise,116,-0.30926513671875,0.5120849609375
G1:O3:conditional:L20H1,noise,130,-0.447021484375,0.97802734375
G1:O3:conditional:L20H1,noise,150,-0.3720703125,0.466796875
G1:O3:conditional:L20H1,noise,154,-0.5315322875976562,1.0220489501953125
G1:O3:conditional:L20H1,noise,162,-0.325103759765625,0.62237548828125
G1:O3:conditional:L20H1,noise,176,-0.32275390625,0.5322265625
G1:O3:conditional:L20H1,noise,178,-0.3671875,0.5625
G1:O3:conditional:L20H1,noise,186,-0.327239990234375,0.25494384765625
G1:O3:conditional:L20H1,noise,192,-0.173065185546875,0.47076416015625
G1:O3:conditional:L20H1,noise,196,-0.167236328125,0.34912109375
G1:O3:conditional:L22H5,noise,0,0.597900390625,0.58544921875
G1:O3:conditional:L22H5,noise,16,0.77392578125,-0.2734375
G1:O3:conditional:L22H5,noise,32,1.0640869140625,1.067138671875
G1:O3:conditional:L22H5,noise,48,0.47698211669921875,0.8858795166015625
G1:O3:conditional:L22H5,noise,56,0.5286865234375,-0.024169921875
G1:O3:conditional:L22H5,noise,64,0.59130859375,0.8310546875
G1:O3:conditional:L22H5,noise,82,0.834808349609375,0.15179443359375
G1:O3:conditional:L22H5,noise,96,1.2005615234375,-0.171142578125
G1:O3:conditional:L22H5,noise,98,0.720703125,0.552734375
G1:O3:conditional:L22H5,noise,102,0.9583740234375,1.039306640625
G1:O3:conditional:L22H5,noise,116,0.70440673828125,0.8265380859375
G1:O3:conditional:L22H5,noise,130,0.783935546875,0.42236328125
G1:O3:conditional:L22H5,noise,150,0.6453857421875,0.495849609375
G1:O3:conditional:L22H5,noise,154,0.5228605270385742,0.27263832092285156
G1:O3:conditional:L22H5,noise,162,0.88629150390625,-0.463623046875
G1:O3:conditional:L22H5,noise,176,0.542236328125,0.30712890625
G1:O3:conditional:L22H5,noise,178,0.7744140625,0.56494140625
G1:O3:conditional:L22H5,noise,186,1.02703857421875,0.6170654296875
G1:O3:conditional:L22H5,noise,192,0.502593994140625,0.46490478515625
G1:O3:conditional:L22H5,noise,196,0.87457275390625,0.4796142578125
G1:O3:conditional:L27H6,noise,0,0.56396484375,1.1650390625
G1:O3:conditional:L27H6,noise,16,1.784912109375,-1.56201171875
G1:O3:conditional:L27H6,noise,32,0.70977783203125,1.2432861328125
G1:O3:conditional:L27H6,noise,48,2.4861488342285156,1.6155929565429688
G1:O3:conditional:L27H6,noise,56,2.748199462890625,-3.02252197265625
G1:O3:conditional:L27H6,noise,64,1.0023193359375,0.049072265625
G1:O3:conditional:L27H6,noise,82,2.23309326171875,-0.2637939453125
G1:O3:conditional:L27H6,noise,96,1.4635009765625,-0.641845703125
G1:O3:conditional:L27H6,noise,98,1.5908203125,-1.9521484375
G1:O3:conditional:L27H6,noise,102,0.62921142578125,-0.3521728515625
G1:O3:conditional:L27H6,noise,116,1.2506904602050781,1.5913925170898438
G1:O3:conditional:L27H6,noise,130,2.164306640625,0.07568359375
G1:O3:conditional:L27H6,noise,150,0.543426513671875,0.55657958984375
G1:O3:conditional:L27H6,noise,154,0.5867233276367188,-0.7886810302734375
G1:O3:conditional:L27H6,noise,162,2.448699951171875,-1.50921630859375
G1:O3:conditional:L27H6,noise,176,2.12158203125,0.9091796875
G1:O3:conditional:L27H6,noise,178,1.9339599609375,-1.017822265625
G1:O3:conditional:L27H6,noise,186,2.786834716796875,0.23516845703125
G1:O3:conditional:L27H6,noise,192,2.1840906143188477,1.3348217010498047
G1:O3:conditional:L27H6,noise,196,1.505096435546875,-1.25543212890625
G1:O3:interaction,noise,0,0.910400390625,0.642578125
G1:O3:interaction,noise,16,-1.4101181030273438,-1.2289276123046875
G1:O3:interaction,noise,32,2.483428955078125,2.15924072265625
G1:O3:interaction,noise,48,0.22418594360351562,-2.0626296997070312
G1:O3:interaction,noise,56,-1.583465576171875,-0.88763427734375
G1:O3:interaction,noise,64,-1.18756103515625,-1.0281982421875
G1:O3:interaction,noise,82,1.742279052734375,0.60772705078125
G1:O3:interaction,noise,96,2.1840591430664062,-3.1433563232421875
G1:O3:interaction,noise,98,-0.896881103515625,-0.55120849609375
G1:O3:interaction,noise,102,1.9124908447265625,-0.156707763671875
G1:O3:interaction,noise,116,-2.6709136962890625,-4.624969482421875
G1:O3:interaction,noise,130,-0.3895111083984375,-1.791290283203125
G1:O3:interaction,noise,150,1.2447662353515625,0.457305908203125
G1:O3:interaction,noise,154,-0.28536224365234375,-2.0738067626953125
G1:O3:interaction,noise,162,-2.522491455078125,0.51177978515625
G1:O3:interaction,noise,176,-3.2059326171875,-3.825439453125
G1:O3:interaction,noise,178,-1.0652685165405273,-1.8375682830810547
G1:O3:interaction,noise,186,-1.99932861328125,-2.1661376953125
G1:O3:interaction,noise,192,-2.53631591796875,-6.668701171875
G1:O3:interaction,noise,196,-1.37811279296875,-1.5299072265625
G1:O3:whole,noise,0,3.20367431640625,5.6690673828125
G1:O3:whole,noise,16,6.4445953369140625,2.753448486328125
G1:O3:whole,noise,32,6.0870513916015625,8.546173095703125
G1:O3:whole,noise,48,6.183231353759766,8.098136901855469
G1:O3:whole,noise,56,9.133773803710938,0.416473388671875
G1:O3:whole,noise,64,5.35498046875,5.888671875
G1:O3:whole,noise,82,5.46014404296875,7.1912841796875
G1:O3:whole,noise,96,8.645988464355469,3.9965667724609375
G1:O3:whole,noise,98,5.5936279296875,1.75537109375
G1:O3:whole,noise,102,6.689292907714844,5.2843475341796875
G1:O3:whole,noise,116,7.01153564453125,8.2669677734375
G1:O3:whole,noise,130,6.2910614013671875,4.618560791015625
G1:O3:whole,noise,150,3.788909912109375,4.70281982421875
G1:O3:whole,noise,154,4.026451110839844,6.7185821533203125
G1:O3:whole,noise,162,9.038299560546875,0.17926025390625
G1:O3:whole,noise,176,8.09521484375,5.708984375
G1:O3:whole,noise,178,7.221446990966797,7.160667419433594
G1:O3:whole,noise,186,8.5789794921875,6.924560546875
G1:O3:whole,noise,192,9.045562744140625,7.98541259765625
G1:O3:whole,noise,196,6.93310546875,4.8779296875
G1:O4:conditional:L18H18,noise,0,1.413818359375,1.4990234375
G1:O4:conditional:L18H18,noise,16,2.7217941284179688,2.3376312255859375
G1:O4:conditional:L18H18,noise,32,2.5555419921875,4.277099609375
G1:O4:conditional:L18H18,noise,48,1.53363037109375,2.6290283203125
G1:O4:conditional:L18H18,noise,56,3.86822509765625,3.6575927734375
G1:O4:conditional:L18H18,noise,64,2.797607421875,5.0703125
G1:O4:conditional:L18H18,noise,82,1.469940185546875,2.55157470703125
G1:O4:conditional:L18H18,noise,96,3.7404327392578125,3.279693603515625
G1:O4:conditional:L18H18,noise,98,2.04931640625,-0.2138671875
G1:O4:conditional:L18H18,noise,102,2.46160888671875,2.2752685546875
G1:O4:conditional:L18H18,noise,116,1.8845062255859375,2.518341064453125
G1:O4:conditional:L18H18,noise,130,1.9444580078125,2.209716796875
G1:O4:conditional:L18H18,noise,150,2.0245361328125,2.897705078125
G1:O4:conditional:L18H18,noise,154,2.6436767578125,4.327880859375
G1:O4:conditional:L18H18,noise,162,2.95465087890625,2.5133056640625
G1:O4:conditional:L18H18,noise,176,2.44818115234375,2.5352783203125
G1:O4:conditional:L18H18,noise,178,2.842926025390625,4.95440673828125
G1:O4:conditional:L18H18,noise,186,3.779205322265625,4.94207763671875
G1:O4:conditional:L18H18,noise,192,2.805572509765625,3.84735107421875
G1:O4:conditional:L18H18,noise,196,3.24078369140625,4.3446044921875
G1:O4:conditional:L18H19,noise,0,2.01605224609375,2.3001708984375
G1:O4:conditional:L18H19,noise,16,1.89263916015625,0.6427001953125
G1:O4:conditional:L18H19,noise,32,2.9144287109375,2.643310546875
G1:O4:conditional:L18H19,noise,48,2.41119384765625,3.0767822265625
G1:O4:conditional:L18H19,noise,56,3.78594970703125,0.7713623046875
G1:O4:conditional:L18H19,noise,64,2.85601806640625,4.0198974609375
G1:O4:conditional:L18H19,noise,82,2.05389404296875,1.7525634765625
G1:O4:conditional:L18H19,noise,96,3.51019287109375,1.1414794921875
G1:O4:conditional:L18H19,noise,98,1.88916015625,0.1875
G1:O4:conditional:L18H19,noise,102,3.527099609375,1.022705078125
G1:O4:conditional:L18H19,noise,116,2.830780029296875,1.41888427734375
G1:O4:conditional:L18H19,noise,130,2.514892578125,0.37158203125
G1:O4:conditional:L18H19,noise,150,1.5177001953125,1.133056640625
G1:O4:conditional:L18H19,noise,154,2.5716552734375,2.980712890625
G1:O4:conditional:L18H19,noise,162,3.34625244140625,1.3521728515625
G1:O4:conditional:L18H19,noise,176,2.93780517578125,0.6072998046875
G1:O4:conditional:L18H19,noise,178,4.1370086669921875,4.594329833984375
G1:O4:conditional:L18H19,noise,186,3.426605224609375,3.28839111328125
G1:O4:conditional:L18H19,noise,192,3.79833984375,2.9208984375
G1:O4:conditional:L18H19,noise,196,3.56982421875,3.0537109375
G1:O4:interaction,noise,0,0.070556640625,0.2392578125
G1:O4:interaction,noise,16,-0.47737884521484375,-0.9122772216796875
G1:O4:interaction,noise,32,-0.1693267822265625,-0.205841064453125
G1:O4:interaction,noise,48,-0.107421875,0.09765625
G1:O4:interaction,noise,56,1.2605133056640625,0.535430908203125
G1:O4:interaction,noise,64,1.09356689453125,2.1917724609375
G1:O4:interaction,noise,82,-0.293487548828125,-0.96307373046875
G1:O4:interaction,noise,96,-0.8687515258789062,0.4153289794921875
G1:O4:interaction,noise,98,-0.9178466796875,-1.58544921875
G1:O4:interaction,noise,102,-0.6081161499023438,0.2212677001953125
G1:O4:interaction,noise,116,-1.4987030029296875,-2.150421142578125
G1:O4:interaction,noise,130,-0.3182830810546875,-0.318023681640625
G1:O4:interaction,noise,150,-0.090179443359375,-0.04949951171875
G1:O4:interaction,noise,154,0.0643310546875,0.415283203125
G1:O4:interaction,noise,162,-0.99005126953125,2.1326904296875
G1:O4:interaction,noise,176,-1.16229248046875,-1.3116455078125
G1:O4:interaction,noise,178,0.9551429748535156,1.7794265747070312
G1:O4:interaction,noise,186,0.005706787109375,0.44537353515625
G1:O4:interaction,noise,192,-1.021270751953125,0.77496337890625
G1:O4:interaction,noise,196,0.89361572265625,1.1932373046875
G1:O4:whole,noise,0,3.35931396484375,3.5599365234375
G1:O4:whole,noise,16,5.0918121337890625,3.892608642578125
G1:O4:whole,noise,32,5.6392974853515625,7.126251220703125
G1:O4:whole,noise,48,4.05224609375,5.608154296875
G1:O4:whole,noise,56,6.3936614990234375,3.893524169921875
G1:O4:whole,noise,64,4.56005859375,6.8984375
G1:O4:whole,noise,82,3.81732177734375,5.2672119140625
G1:O4:whole,noise,96,8.119377136230469,4.0058441162109375
G1:O4:whole,noise,98,4.8563232421875,1.55908203125
G1:O4:whole,noise,102,6.596824645996094,3.0767059326171875
G1:O4:whole,noise,116,6.2139892578125,6.087646484375
G1:O4:whole,noise,130,4.7776336669921875,2.899322509765625
G1:O4:whole,noise,150,3.632415771484375,4.08026123046875
G1:O4:whole,noise,154,5.1510009765625,6.893310546875
G1:O4:whole,noise,162,7.29095458984375,1.7327880859375
G1:O4:whole,noise,176,6.54827880859375,4.4542236328125
G1:O4:whole,noise,178,6.024791717529297,7.769309997558594
G1:O4:whole,noise,186,7.200103759765625,7.78509521484375
G1:O4:whole,noise,192,7.62518310546875,5.9932861328125
G1:O4:whole,noise,196,5.9169921875,6.205078125
G3:0:change,noise,0,0.0,0.0
G3:0:change,noise,16,0.0,0.0
G3:0:change,noise,32,0.0,0.0
G3:0:change,noise,48,0.0,0.0
G3:0:change,noise,56,0.0,0.0
G3:0:change,noise,64,0.0,0.0
G3:0:change,noise,82,0.0,0.0
G3:0:change,noise,96,0.0,0.0
G3:0:change,noise,98,0.0,0.0
G3:0:change,noise,102,0.0,0.0
G3:0:change,noise,116,0.0,0.0
G3:0:change,noise,130,0.0,0.0
G3:0:change,noise,150,0.0,0.0
G3:0:change,noise,154,0.0,0.0
G3:0:change,noise,162,0.0,0.0
G3:0:change,noise,176,0.0,0.0
G3:0:change,noise,178,0.0,0.0
G3:0:change,noise,186,0.0,0.0
G3:0:change,noise,192,0.0,0.0
G3:0:change,noise,196,0.0,0.0
G3:0:change,restore,0,0.0,0.0
G3:0:change,restore,16,0.0,0.0
G3:0:change,restore,32,0.0,0.0
G3:0:change,restore,48,0.0,0.0
G3:0:change,restore,56,0.0,0.0
G3:0:change,restore,64,0.0,0.0
G3:0:change,restore,82,0.0,0.0
G3:0:change,restore,96,0.0,0.0
G3:0:change,restore,98,0.0,0.0
G3:0:change,restore,102,0.0,0.0
G3:0:change,restore,116,0.0,0.0
G3:0:change,restore,130,0.0,0.0
G3:0:change,restore,150,0.0,0.0
G3:0:change,restore,154,0.0,0.0
G3:0:change,restore,162,0.0,0.0
G3:0:change,restore,176,0.0,0.0
G3:0:change,restore,178,0.0,0.0
G3:0:change,restore,186,0.0,0.0
G3:0:change,restore,192,0.0,0.0
G3:0:change,restore,196,0.0,0.0
G3:0:conditional,noise,0,0.003875732421875,0.01116943359375
G3:0:conditional,noise,16,-0.0062103271484375,0.009552001953125
G3:0:conditional,noise,32,0.2675628662109375,0.448699951171875
G3:0:conditional,noise,48,0.0034637451171875,0.009246826171875
G3:0:conditional,noise,56,-0.004364013671875,-0.01898193359375
G3:0:conditional,noise,64,-0.021728515625,-0.013671875
G3:0:conditional,noise,82,-0.00299072265625,-0.0052490234375
G3:0:conditional,noise,96,-0.017852783203125,-0.00738525390625
G3:0:conditional,noise,98,-0.0233154296875,-0.0068359375
G3:0:conditional,noise,102,-0.01317596435546875,-0.0063323974609375
G3:0:conditional,noise,116,0.0133056640625,-0.000732421875
G3:0:conditional,noise,130,-0.0124664306640625,-0.022430419921875
G3:0:conditional,noise,150,-0.009368896484375,0.00469970703125
G3:0:conditional,noise,154,-0.04998779296875,-0.0137939453125
G3:0:conditional,noise,162,0.02001953125,0.0244140625
G3:0:conditional,noise,176,-0.0059814453125,0.002685546875
G3:0:conditional,noise,178,-0.006977081298828125,-0.01493072509765625
G3:0:conditional,noise,186,-0.02410888671875,-0.0047607421875
G3:0:conditional,noise,192,-0.00592041015625,0.0098876953125
G3:0:conditional,noise,196,-0.005859375,0.0
G3:1:change,noise,0,-0.004119873046875,-0.00238037109375
G3:1:change,noise,16,0.0006561279296875,-0.008941650390625
G3:1:change,noise,32,0.0121612548828125,0.011627197265625
G3:1:change,noise,48,-0.0029754638671875,-0.005828857421875
G3:1:change,noise,56,-0.0079345703125,-0.0062255859375
G3:1:change,noise,64,0.0107421875,0.00439453125
G3:1:change,noise,82,0.00146484375,0.001708984375
G3:1:change,noise,96,0.0071258544921875,0.010345458984375
G3:1:change,noise,98,0.0025634765625,0.00439453125
G3:1:change,noise,102,-0.00037384033203125,-0.0036773681640625
G3:1:change,noise,116,0.001312255859375,0.00555419921875
G3:1:change,noise,130,0.0019683837890625,0.003387451171875
G3:1:change,noise,150,9.1552734375e-05,-0.00909423828125
G3:1:change,noise,154,0.00762939453125,0.0018310546875
G3:1:change,noise,162,0.0174560546875,-0.020751953125
G3:1:change,noise,176,-0.001708984375,-0.00927734375
G3:1:change,noise,178,-0.002788543701171875,0.00418853759765625
G3:1:change,noise,186,0.00225830078125,-0.0037841796875
G3:1:change,noise,192,-0.003154754638671875,-0.00955963134765625
G3:1:change,noise,196,0.0010986328125,-0.006103515625
G3:1:conditional,noise,0,-0.000244140625,0.0087890625
G3:1:conditional,noise,16,-0.00555419921875,0.0006103515625
G3:1:conditional,noise,32,0.27972412109375,0.4603271484375
G3:1:conditional,noise,48,0.00048828125,0.00341796875
G3:1:conditional,noise,56,-0.012298583984375,-0.02520751953125
G3:1:conditional,noise,64,-0.010986328125,-0.00927734375
G3:1:conditional,noise,82,-0.00152587890625,-0.0035400390625
G3:1:conditional,noise,96,-0.0107269287109375,0.002960205078125
G3:1:conditional,noise,98,-0.020751953125,-0.00244140625
G3:1:conditional,noise,102,-0.0135498046875,-0.010009765625
G3:1:conditional,noise,116,0.014617919921875,0.00482177734375
G3:1:conditional,noise,130,-0.010498046875,-0.01904296875
G3:1:conditional,noise,150,-0.00927734375,-0.00439453125
G3:1:conditional,noise,154,-0.0423583984375,-0.011962890625
G3:1:conditional,noise,162,0.0374755859375,0.003662109375
G3:1:conditional,noise,176,-0.0076904296875,-0.006591796875
G3:1:conditional,noise,178,-0.009765625,-0.0107421875
G3:1:conditional,noise,186,-0.0218505859375,-0.008544921875
G3:1:conditional,noise,192,-0.009075164794921875,0.00032806396484375
G3:1:conditional,noise,196,-0.0047607421875,-0.006103515625
G3:2:change,noise,0,-0.006134033203125,-0.00079345703125
G3:2:change,noise,16,0.0027923583984375,-0.003204345703125
G3:2:change,noise,32,-0.00666046142578125,-0.0323638916015625
G3:2:change,noise,48,-0.0075531005859375,-0.014739990234375
G3:2:change,noise,56,-0.016143798828125,-0.01519775390625
G3:2:change,noise,64,0.0107421875,-0.00341796875
G3:2:change,noise,82,-0.00146484375,0.01220703125
G3:2:change,noise,96,0.003833770751953125,0.00661468505859375
G3:2:change,noise,98,0.0101318359375,0.00390625
G3:2:change,noise,102,-0.00342559814453125,-0.0053863525390625
G3:2:change,noise,116,-0.006591796875,0.0048828125
G3:2:change,noise,130,0.0089263916015625,0.015838623046875
G3:2:change,noise,150,0.000701904296875,-0.00201416015625
G3:2:change,noise,154,0.01678466796875,0.0177001953125
G3:2:change,noise,162,0.055267333984375,-0.07794189453125
G3:2:change,noise,176,-0.0068359375,-0.011474609375
G3:2:change,noise,178,-0.010860443115234375,-0.01287078857421875
G3:2:change,noise,186,0.01446533203125,-0.0091552734375
G3:2:change,noise,192,-0.00054931640625,-0.0067138671875
G3:2:change,noise,196,0.000732421875,-0.00244140625
G3:2:conditional,noise,0,-0.00225830078125,0.0103759765625
G3:2:conditional,noise,16,-0.00341796875,0.00634765625
G3:2:conditional,noise,32,0.26090240478515625,0.4163360595703125
G3:2:conditional,noise,48,-0.00408935546875,-0.0054931640625
G3:2:conditional,noise,56,-0.0205078125,-0.0341796875
G3:2:conditional,noise,64,-0.010986328125,-0.01708984375
G3:2:conditional,noise,82,-0.00445556640625,0.0069580078125
G3:2:conditional,noise,96,-0.014019012451171875,-0.00077056884765625
G3:2:conditional,noise,98,-0.01318359375,-0.0029296875
G3:2:conditional,noise,102,-0.0166015625,-0.01171875
G3:2:conditional,noise,116,0.0067138671875,0.004150390625
G3:2:conditional,noise,130,-0.0035400390625,-0.006591796875
G3:2:conditional,noise,150,-0.0086669921875,0.002685546875
G3:2:conditional,noise,154,-0.033203125,0.00390625
G3:2:conditional,noise,162,0.075286865234375,-0.05352783203125
G3:2:conditional,noise,176,-0.0128173828125,-0.0087890625
G3:2:conditional,noise,178,-0.0178375244140625,-0.027801513671875
G3:2:conditional,noise,186,-0.0096435546875,-0.013916015625
G3:2:conditional,noise,192,-0.0064697265625,0.003173828125
G3:2:conditional,noise,196,-0.005126953125,-0.00244140625
G3:3:change,noise,0,-0.006622314453125,-0.01544189453125
G3:3:change,noise,16,0.0031585693359375,-0.007354736328125
G3:3:change,noise,32,-0.0218963623046875,-0.072845458984375
G3:3:change,noise,48,-0.0076141357421875,-0.014617919921875
G3:3:change,noise,56,-0.043487548828125,-0.05523681640625
G3:3:change,noise,64,0.043701171875,0.0166015625
G3:3:change,noise,82,-0.01483154296875,0.0047607421875
G3:3:change,noise,96,0.012481689453125,-0.00140380859375
G3:3:change,noise,98,0.015869140625,0.003662109375
G3:3:change,noise,102,-0.00330352783203125,-0.0056304931640625
G3:3:change,noise,116,-0.0049591064453125,-0.004241943359375
G3:3:change,noise,130,0.0075836181640625,0.018524169921875
G3:3:change,noise,150,0.0018310546875,-0.0072021484375
G3:3:change,noise,154,0.02532958984375,0.0152587890625
G3:3:change,noise,162,0.30078125,-0.2607421875
G3:3:change,noise,176,-0.0040283203125,-0.013916015625
G3:3:change,noise,178,0.012470245361328125,0.00785064697265625
G3:3:change,noise,186,0.05767822265625,0.0079345703125
G3:3:change,noise,192,0.00384521484375,-0.0086669921875
G3:3:change,noise,196,0.00274658203125,-0.0023193359375
G3:3:conditional,noise,0,-0.00274658203125,-0.0042724609375
G3:3:conditional,noise,16,-0.0030517578125,0.002197265625
G3:3:conditional,noise,32,0.24566650390625,0.3758544921875
G3:3:conditional,noise,48,-0.004150390625,-0.00537109375
G3:3:conditional,noise,56,-0.0478515625,-0.07421875
G3:3:conditional,noise,64,0.02197265625,0.0029296875
G3:3:conditional,noise,82,-0.017822265625,-0.00048828125
G3:3:conditional,noise,96,-0.00537109375,-0.0087890625
G3:3:conditional,noise,98,-0.0074462890625,-0.003173828125
G3:3:conditional,noise,102,-0.0164794921875,-0.011962890625
G3:3:conditional,noise,116,0.0083465576171875,-0.004974365234375
G3:3:conditional,noise,130,-0.0048828125,-0.00390625
G3:3:conditional,noise,150,-0.007537841796875,-0.00250244140625
G3:3:conditional,noise,154,-0.024658203125,0.00146484375
G3:3:conditional,noise,162,0.32080078125,-0.236328125
G3:3:conditional,noise,176,-0.010009765625,-0.01123046875
G3:3:conditional,noise,178,0.0054931640625,-0.007080078125
G3:3:conditional,noise,186,0.0335693359375,0.003173828125
G3:3:conditional,noise,192,-0.0020751953125,0.001220703125
G3:3:conditional,noise,196,-0.00311279296875,-0.0023193359375
G3:4:change,noise,0,-0.000213623046875,-0.00286865234375
G3:4:change,noise,16,0.0013275146484375,-0.003692626953125
G3:4:change,noise,32,-0.0272064208984375,-0.057342529296875
G3:4:change,noise,48,-0.0030364990234375,-0.002288818359375
G3:4:change,noise,56,-0.040557861328125,-0.04742431640625
G3:4:change,noise,64,0.034912109375,0.0068359375
G3:4:change,noise,82,-0.01287841796875,0.0037841796875
G3:4:change,noise,96,0.020782470703125,-0.00433349609375
G3:4:change,noise,98,0.0054931640625,-0.00048828125
G3:4:change,noise,102,-0.00290679931640625,-0.0043487548828125
G3:4:change,noise,116,-0.0042724609375,-0.003662109375
G3:4:change,noise,130,0.0095367431640625,0.020477294921875
G3:4:change,noise,150,-0.003570556640625,-0.00909423828125
G3:4:change,noise,154,0.00225830078125,-0.0001220703125
G3:4:change,noise,162,0.261474609375,-0.21142578125
G3:4:change,noise,176,0.001708984375,-0.005859375
G3:4:change,noise,178,0.020160675048828125,0.02371978759765625
G3:4:change,noise,186,0.04876708984375,0.0023193359375
G3:4:change,noise,192,0.00201416015625,-0.0059814453125
G3:4:change,noise,196,-0.0006103515625,-0.006103515625
G3:4:conditional,noise,0,0.003662109375,0.00830078125
G3:4:conditional,noise,16,-0.0048828125,0.005859375
G3:4:conditional,noise,32,0.2403564453125,0.391357421875
G3:4:conditional,noise,48,0.00042724609375,0.0069580078125
G3:4:conditional,noise,56,-0.044921875,-0.06640625
G3:4:conditional,noise,64,0.01318359375,-0.0068359375
G3:4:conditional,noise,82,-0.015869140625,-0.00146484375
G3:4:conditional,noise,96,0.0029296875,-0.01171875
G3:4:conditional,noise,98,-0.017822265625,-0.00732421875
G3:4:conditional,noise,102,-0.016082763671875,-0.01068115234375
G3:4:conditional,noise,116,0.009033203125,-0.00439453125
G3:4:conditional,noise,130,-0.0029296875,-0.001953125
G3:4:conditional,noise,150,-0.012939453125,-0.00439453125
G3:4:conditional,noise,154,-0.0477294921875,-0.013916015625
G3:4:conditional,noise,162,0.281494140625,-0.18701171875
G3:4:conditional,noise,176,-0.0042724609375,-0.003173828125
G3:4:conditional,noise,178,0.01318359375,0.0087890625
G3:4:conditional,noise,186,0.024658203125,-0.00244140625
G3:4:conditional,noise,192,-0.00390625,0.00390625
G3:4:conditional,noise,196,-0.0064697265625,-0.006103515625
block:L13H10:query_sentence,noise,0,-0.3570709228515625,0.241424560546875
block:L13H10:query_sentence,noise,16,-0.454376220703125,0.23138427734375
block:L13H10:query_sentence,noise,32,-0.20855712890625,-0.0128173828125
block:L13H10:query_sentence,noise,48,-0.5080151557922363,-0.47444820404052734
block:L13H10:query_sentence,noise,56,-0.3970947265625,-0.205810546875
block:L13H10:query_sentence,noise,64,-0.5093994140625,0.665283203125
block:L13H10:query_sentence,noise,82,-0.177398681640625,-0.34539794921875
block:L13H10:query_sentence,noise,96,-0.8092803955078125,0.047454833984375
block:L13H10:query_sentence,noise,98,-1.6493988037109375,-0.833770751953125
block:L13H10:query_sentence,noise,102,-0.40509033203125,0.3411865234375
block:L13H10:query_sentence,noise,116,-1.421112060546875,2.02984619140625
block:L13H10:query_sentence,noise,130,-0.2841796875,0.015625
block:L13H10:query_sentence,noise,150,-0.4687385559082031,-0.24704742431640625
block:L13H10:query_sentence,noise,154,-0.665740966796875,0.34954833984375
block:L13H10:query_sentence,noise,162,-0.964599609375,0.43115234375
block:L13H10:query_sentence,noise,176,-0.468505859375,0.19677734375
block:L13H10:query_sentence,noise,178,-1.0250701904296875,0.640289306640625
block:L13H10:query_sentence,noise,186,-0.5982666015625,-0.134521484375
block:L13H10:query_sentence,noise,192,-1.19537353515625,0.9798583984375
block:L13H10:query_sentence,noise,196,-0.74365234375,-0.5419921875
block:L13H10:query_sentence,restore,0,-0.3360595703125,0.043212890625
block:L13H10:query_sentence,restore,16,-0.26019287109375,0.3946533203125
block:L13H10:query_sentence,restore,32,-0.9181671142578125,0.193939208984375
block:L13H10:query_sentence,restore,48,-0.12078857421875,0.0108642578125
block:L13H10:query_sentence,restore,56,-0.44536590576171875,0.1048431396484375
block:L13H10:query_sentence,restore,64,0.437164306640625,-0.52130126953125
block:L13H10:query_sentence,restore,82,-0.714599609375,0.14111328125
block:L13H10:query_sentence,restore,96,-0.63623046875,0.6005859375
block:L13H10:query_sentence,restore,98,-0.230560302734375,-0.03155517578125
block:L13H10:query_sentence,restore,102,-0.197265625,0.158203125
block:L13H10:query_sentence,restore,116,-0.20680999755859375,0.3285675048828125
block:L13H10:query_sentence,restore,130,-0.39306640625,0.4189453125
block:L13H10:query_sentence,restore,150,0.032989501953125,0.28717041015625
block:L13H10:query_sentence,restore,154,-0.7398681640625,0.751220703125
block:L13H10:query_sentence,restore,162,-0.114501953125,0.267578125
block:L13H10:query_sentence,restore,176,-0.6736135482788086,0.4006938934326172
block:L13H10:query_sentence,restore,178,-0.177215576171875,-0.62884521484375
block:L13H10:query_sentence,restore,186,-1.680877685546875,2.39703369140625
block:L13H10:query_sentence,restore,192,-0.36712646484375,0.4815673828125
block:L13H10:query_sentence,restore,196,-0.8388671875,0.30078125
block:L13H10:query_sentence:self,noise,0,0.0,0.0
block:L13H10:query_sentence:self,noise,16,0.0,0.0
block:L13H10:query_sentence:self,noise,32,0.0,0.0
block:L13H10:query_sentence:self,noise,48,0.0,0.0
block:L13H10:query_sentence:self,noise,56,0.0,0.0
block:L13H10:query_sentence:self,noise,64,0.0,0.0
block:L13H10:query_sentence:self,noise,82,0.0,0.0
block:L13H10:query_sentence:self,noise,96,0.0,0.0
block:L13H10:query_sentence:self,noise,98,0.0,0.0
block:L13H10:query_sentence:self,noise,102,0.0,0.0
block:L13H10:query_sentence:self,noise,116,0.0,0.0
block:L13H10:query_sentence:self,noise,130,0.0,0.0
block:L13H10:query_sentence:self,noise,150,0.0,0.0
block:L13H10:query_sentence:self,noise,154,0.0,0.0
block:L13H10:query_sentence:self,noise,162,0.0,0.0
block:L13H10:query_sentence:self,noise,176,0.0,0.0
block:L13H10:query_sentence:self,noise,178,0.0,0.0
block:L13H10:query_sentence:self,noise,186,0.0,0.0
block:L13H10:query_sentence:self,noise,192,0.0,0.0
block:L13H10:query_sentence:self,noise,196,0.0,0.0
block:L13H10:query_sentence:self,restore,0,0.0,0.0
block:L13H10:query_sentence:self,restore,16,0.0,0.0
block:L13H10:query_sentence:self,restore,32,0.0,0.0
block:L13H10:query_sentence:self,restore,48,0.0,0.0
block:L13H10:query_sentence:self,restore,56,0.0,0.0
block:L13H10:query_sentence:self,restore,64,0.0,0.0
block:L13H10:query_sentence:self,restore,82,0.0,0.0
block:L13H10:query_sentence:self,restore,96,0.0,0.0
block:L13H10:query_sentence:self,restore,98,0.0,0.0
block:L13H10:query_sentence:self,restore,102,0.0,0.0
block:L13H10:query_sentence:self,restore,116,0.0,0.0
block:L13H10:query_sentence:self,restore,130,0.0,0.0
block:L13H10:query_sentence:self,restore,150,0.0,0.0
block:L13H10:query_sentence:self,restore,154,0.0,0.0
block:L13H10:query_sentence:self,restore,162,0.0,0.0
block:L13H10:query_sentence:self,restore,176,0.0,0.0
block:L13H10:query_sentence:self,restore,178,0.0,0.0
block:L13H10:query_sentence:self,restore,186,0.0,0.0
block:L13H10:query_sentence:self,restore,192,0.0,0.0
block:L13H10:query_sentence:self,restore,196,0.0,0.0
block:L13H10:query_sentence:source,noise,0,-0.2574005126953125,0.183441162109375
block:L13H10:query_sentence:source,noise,16,-0.359039306640625,0.06365966796875
block:L13H10:query_sentence:source,noise,32,-0.0055999755859375,-0.125946044921875
block:L13H10:query_sentence:source,noise,48,-0.29147768020629883,-0.6022863388061523
block:L13H10:query_sentence:source,noise,56,-0.2208099365234375,-0.256072998046875
block:L13H10:query_sentence:source,noise,64,-0.38519287109375,0.6097412109375
block:L13H10:query_sentence:source,noise,82,-0.11090087890625,-0.5819091796875
block:L13H10:query_sentence:source,noise,96,-0.7718887329101562,-0.2600860595703125
block:L13H10:query_sentence:source,noise,98,-1.7917938232421875,-0.962554931640625
block:L13H10:query_sentence:source,noise,102,-0.6237258911132812,0.2823333740234375
block:L13H10:query_sentence:source,noise,116,-1.643707275390625,2.13446044921875
block:L13H10:query_sentence:source,noise,130,0.0025482177734375,-0.158416748046875
block:L13H10:query_sentence:source,noise,150,-0.3826484680175781,-0.29557037353515625
block:L13H10:query_sentence:source,noise,154,-0.616912841796875,0.06927490234375
block:L13H10:query_sentence:source,noise,162,-0.815673828125,0.26220703125
block:L13H10:query_sentence:source,noise,176,-0.399169921875,0.00927734375
block:L13H10:query_sentence:source,noise,178,-1.1026802062988281,0.48897552490234375
block:L13H10:query_sentence:source,noise,186,-0.36700439453125,-0.2042236328125
block:L13H10:query_sentence:source,noise,192,-1.0992431640625,0.92236328125
block:L13H10:query_sentence:source,noise,196,-0.5732421875,-0.677734375
block:L13H10:query_sentence:source,restore,0,-0.150146484375,-0.16064453125
block:L13H10:query_sentence:source,restore,16,-0.2901611328125,0.395263671875
block:L13H10:query_sentence:source,restore,32,-1.0587310791015625,0.221038818359375
block:L13H10:query_sentence:source,restore,48,0.093994140625,-0.26611328125
block:L13H10:query_sentence:source,restore,56,-0.577911376953125,0.14300537109375
block:L13H10:query_sentence:source,restore,64,0.488739013671875,-0.60369873046875
block:L13H10:query_sentence:source,restore,82,-0.631591796875,0.01806640625
block:L13H10:query_sentence:source,restore,96,-0.484375,0.4296875
block:L13H10:query_sentence:source,restore,98,-0.077850341796875,-0.41265869140625
block:L13H10:query_sentence:source,restore,102,-0.0648193359375,0.289306640625
block:L13H10:query_sentence:source,restore,116,-0.0155029296875,0.396728515625
block:L13H10:query_sentence:source,restore,130,-0.234130859375,0.39990234375
block:L13H10:query_sentence:source,restore,150,0.141632080078125,0.05157470703125
block:L13H10:query_sentence:source,restore,154,-0.7554931640625,0.372314453125
block:L13H10:query_sentence:source,restore,162,-0.028076171875,0.18603515625
block:L13H10:query_sentence:source,restore,176,-0.5749177932739258,0.43285560607910156
block:L13H10:query_sentence:source,restore,178,0.0601806640625,-0.784912109375
block:L13H10:query_sentence:source,restore,186,-1.64715576171875,2.0250244140625
block:L13H10:query_sentence:source,restore,192,-0.23992919921875,0.3468017578125
block:L13H10:query_sentence:source,restore,196,-0.5615234375,0.158203125
block:L15H25:query_child_last,noise,0,0.175262451171875,-0.20123291015625
block:L15H25:query_child_last,noise,16,0.25562286376953125,0.0044097900390625
block:L15H25:query_child_last,noise,32,0.2998809814453125,-0.070159912109375
block:L15H25:query_child_last,noise,48,0.35272979736328125,0.2374420166015625
block:L15H25:query_child_last,noise,56,0.25079345703125,0.1466064453125
block:L15H25:query_child_last,noise,64,0.275390625,0.32763671875
block:L15H25:query_child_last,noise,82,0.29229736328125,0.4095458984375
block:L15H25:query_child_last,noise,96,0.6815643310546875,-0.411773681640625
block:L15H25:query_child_last,noise,98,0.4943389892578125,-0.179534912109375
block:L15H25:query_child_last,noise,102,0.3791499137878418,-0.1474618911743164
block:L15H25:query_child_last,noise,116,0.89276123046875,-0.3306884765625
block:L15H25:query_child_last,noise,130,0.1753082275390625,0.019989013671875
block:L15H25:query_child_last,noise,150,0.23602294921875,0.1097412109375
block:L15H25:query_child_last,noise,154,0.72222900390625,-0.5133056640625
block:L15H25:query_child_last,noise,162,0.751708984375,0.43701171875
block:L15H25:query_child_last,noise,176,0.22998046875,-0.0361328125
block:L15H25:query_child_last,noise,178,0.36484861373901367,0.09493160247802734
block:L15H25:query_child_last,noise,186,0.866912841796875,0.29681396484375
block:L15H25:query_child_last,noise,192,0.5869140625,-0.56982421875
block:L15H25:query_child_last,noise,196,0.24609375,0.240234375
block:L15H25:query_child_last,restore,0,0.377685546875,-0.06689453125
block:L15H25:query_child_last,restore,16,0.32830810546875,-0.1744384765625
block:L15H25:query_child_last,restore,32,0.47576904296875,-0.375732421875
block:L15H25:query_child_last,restore,48,0.50469970703125,-0.0233154296875
block:L15H25:query_child_last,restore,56,0.2822151184082031,-0.25571441650390625
block:L15H25:query_child_last,restore,64,-0.007965087890625,-0.31439208984375
block:L15H25:query_child_last,restore,82,0.6748046875,0.001953125
block:L15H25:query_child_last,restore,96,0.60009765625,-0.3115234375
block:L15H25:query_child_last,restore,98,0.116455078125,-0.18017578125
block:L15H25:query_child_last,restore,102,0.27490234375,0.3134765625
block:L15H25:query_child_last,restore,116,0.6347885131835938,-0.5457305908203125
block:L15H25:query_child_last,restore,130,0.19970703125,-0.056640625
block:L15H25:query_child_last,restore,150,0.595428466796875,-0.68084716796875
block:L15H25:query_child_last,restore,154,1.0380859375,0.140625
block:L15H25:query_child_last,restore,162,-0.0233154296875,-0.395751953125
block:L15H25:query_child_last,restore,176,0.33764171600341797,-0.13719749450683594
block:L15H25:query_child_last,restore,178,0.550048828125,0.07373046875
block:L15H25:query_child_last,restore,186,1.1904144287109375,-1.435577392578125
block:L15H25:query_child_last,restore,192,0.446533203125,-0.1328125
block:L15H25:query_child_last,restore,196,0.2470703125,0.044921875
block:L15H25:query_child_last:self,noise,0,0.0,0.0
block:L15H25:query_child_last:self,noise,16,0.0,0.0
block:L15H25:query_child_last:self,noise,32,0.0,0.0
block:L15H25:query_child_last:self,noise,48,0.0,0.0
block:L15H25:query_child_last:self,noise,56,0.0,0.0
block:L15H25:query_child_last:self,noise,64,0.0,0.0
block:L15H25:query_child_last:self,noise,82,0.0,0.0
block:L15H25:query_child_last:self,noise,96,0.0,0.0
block:L15H25:query_child_last:self,noise,98,0.0,0.0
block:L15H25:query_child_last:self,noise,102,0.0,0.0
block:L15H25:query_child_last:self,noise,116,0.0,0.0
block:L15H25:query_child_last:self,noise,130,0.0,0.0
block:L15H25:query_child_last:self,noise,150,0.0,0.0
block:L15H25:query_child_last:self,noise,154,0.0,0.0
block:L15H25:query_child_last:self,noise,162,0.0,0.0
block:L15H25:query_child_last:self,noise,176,0.0,0.0
block:L15H25:query_child_last:self,noise,178,0.0,0.0
block:L15H25:query_child_last:self,noise,186,0.0,0.0
block:L15H25:query_child_last:self,noise,192,0.0,0.0
block:L15H25:query_child_last:self,noise,196,0.0,0.0
block:L15H25:query_child_last:self,restore,0,0.0,0.0
block:L15H25:query_child_last:self,restore,16,0.0,0.0
block:L15H25:query_child_last:self,restore,32,0.0,0.0
block:L15H25:query_child_last:self,restore,48,0.0,0.0
block:L15H25:query_child_last:self,restore,56,0.0,0.0
block:L15H25:query_child_last:self,restore,64,0.0,0.0
block:L15H25:query_child_last:self,restore,82,0.0,0.0
block:L15H25:query_child_last:self,restore,96,0.0,0.0
block:L15H25:query_child_last:self,restore,98,0.0,0.0
block:L15H25:query_child_last:self,restore,102,0.0,0.0
block:L15H25:query_child_last:self,restore,116,0.0,0.0
block:L15H25:query_child_last:self,restore,130,0.0,0.0
block:L15H25:query_child_last:self,restore,150,0.0,0.0
block:L15H25:query_child_last:self,restore,154,0.0,0.0
block:L15H25:query_child_last:self,restore,162,0.0,0.0
block:L15H25:query_child_last:self,restore,176,0.0,0.0
block:L15H25:query_child_last:self,restore,178,0.0,0.0
block:L15H25:query_child_last:self,restore,186,0.0,0.0
block:L15H25:query_child_last:self,restore,192,0.0,0.0
block:L15H25:query_child_last:self,restore,196,0.0,0.0
block:L15H25:query_child_last:source,noise,0,0.200958251953125,-0.24993896484375
block:L15H25:query_child_last:source,noise,16,0.25507354736328125,-0.0445404052734375
block:L15H25:query_child_last:source,noise,32,0.2966461181640625,-0.049774169921875
block:L15H25:query_child_last:source,noise,48,0.30477142333984375,0.2093963623046875
block:L15H25:query_child_last:source,noise,56,0.2271575927734375,0.113983154296875
block:L15H25:query_child_last:source,noise,64,0.2711181640625,0.265380859375
block:L15H25:query_child_last:source,noise,82,0.32208251953125,0.3924560546875
block:L15H25:query_child_last:source,noise,96,0.7073593139648438,-0.4529571533203125
block:L15H25:query_child_last:source,noise,98,0.4831695556640625,-0.307342529296875
block:L15H25:query_child_last:source,noise,102,0.35651350021362305,-0.1507425308227539
block:L15H25:query_child_last:source,noise,116,0.86602783203125,-0.3284912109375
block:L15H25:query_child_last:source,noise,130,0.1756591796875,-0.082275390625
block:L15H25:query_child_last:source,noise,150,0.248687744140625,0.13116455078125
block:L15H25:query_child_last:source,noise,154,0.7568359375,-0.52099609375
block:L15H25:query_child_last:source,noise,162,0.7138671875,0.33984375
block:L15H25:query_child_last:source,noise,176,0.2587890625,-0.0849609375
block:L15H25:query_child_last:source,noise,178,0.3863945007324219,0.04427337646484375
block:L15H25:query_child_last:source,noise,186,0.881072998046875,0.22064208984375
block:L15H25:query_child_last:source,noise,192,0.568115234375,-0.60107421875
block:L15H25:query_child_last:source,noise,196,0.30029296875,0.2177734375
block:L15H25:query_child_last:source,restore,0,0.3681640625,-0.1494140625
block:L15H25:query_child_last:source,restore,16,0.306549072265625,-0.17010498046875
block:L15H25:query_child_last:source,restore,32,0.49169921875,-0.4205322265625
block:L15H25:query_child_last:source,restore,48,0.5218505859375,-0.099365234375
block:L15H25:query_child_last:source,restore,56,0.2894096374511719,-0.27352142333984375
block:L15H25:query_child_last:source,restore,64,0.023468017578125,-0.32867431640625
block:L15H25:query_child_last:source,restore,82,0.693115234375,-0.13134765625
block:L15H25:query_child_last:source,restore,96,0.575439453125,-0.34521484375
block:L15H25:query_child_last:source,restore,98,0.16033935546875,-0.1141357421875
block:L15H25:query_child_last:source,restore,102,0.28076171875,0.314453125
block:L15H25:query_child_last:source,restore,116,0.6860275268554688,-0.5560455322265625
block:L15H25:query_child_last:source,restore,130,0.220947265625,-0.01708984375
block:L15H25:query_child_last:source,restore,150,0.582763671875,-0.6815185546875
block:L15H25:query_child_last:source,restore,154,1.021240234375,0.00244140625
block:L15H25:query_child_last:source,restore,162,-0.0064697265625,-0.370849609375
block:L15H25:query_child_last:source,restore,176,0.3223257064819336,-0.1602153778076172
block:L15H25:query_child_last:source,restore,178,0.55316162109375,0.0457763671875
block:L15H25:query_child_last:source,restore,186,1.3634796142578125,-1.614837646484375
block:L15H25:query_child_last:source,restore,192,0.46966552734375,-0.2633056640625
block:L15H25:query_child_last:source,restore,196,0.2216796875,-0.021484375
block:L15H25:query_sentence,noise,0,0.196868896484375,-0.26007080078125
block:L15H25:query_sentence,noise,16,0.297607421875,-0.009765625
block:L15H25:query_sentence,noise,32,0.28184986114501953,-0.03493309020996094
block:L15H25:query_sentence,noise,48,0.4056549072265625,0.216217041015625
block:L15H25:query_sentence,noise,56,0.2557830810546875,0.245452880859375
block:L15H25:query_sentence,noise,64,0.3671875,0.267578125
block:L15H25:query_sentence,noise,82,0.34185791015625,0.5072021484375
block:L15H25:query_sentence,noise,96,0.7057037353515625,-0.362518310546875
block:L15H25:query_sentence,noise,98,0.527069091796875,-0.05206298828125
block:L15H25:query_sentence,noise,102,0.3684844970703125,-0.161956787109375
block:L15H25:query_sentence,noise,116,0.86346435546875,-0.3033447265625
block:L15H25:query_sentence,noise,130,0.20098114013671875,0.0272369384765625
block:L15H25:query_sentence,noise,150,0.23785400390625,0.0733642578125
block:L15H25:query_sentence,noise,154,0.7239990234375,-0.638916015625
block:L15H25:query_sentence,noise,162,0.873779296875,0.42529296875
block:L15H25:query_sentence,noise,176,0.251953125,-0.0595703125
block:L15H25:query_sentence,noise,178,0.4091663360595703,0.10348892211914062
block:L15H25:query_sentence,noise,186,0.87493896484375,0.2557373046875
block:L15H25:query_sentence,noise,192,0.49871826171875,-0.4451904296875
block:L15H25:query_sentence,noise,196,0.40087890625,0.1123046875
block:L15H25:query_sentence,restore,0,0.4161376953125,-0.061767578125
block:L15H25:query_sentence,restore,16,0.36236572265625,-0.1307373046875
block:L15H25:query_sentence,restore,32,0.5589599609375,-0.4918212890625
block:L15H25:query_sentence,restore,48,0.5291748046875,-0.118896484375
block:L15H25:query_sentence,restore,56,0.3451552391052246,-0.2675809860229492
block:L15H25:query_sentence,restore,64,-0.0977935791015625,-0.233489990234375
block:L15H25:query_sentence,restore,82,0.751220703125,-0.05224609375
block:L15H25:query_sentence,restore,96,0.556640625,-0.384765625
block:L15H25:query_sentence,restore,98,0.10943603515625,-0.1802978515625
block:L15H25:query_sentence,restore,102,0.2486572265625,0.318603515625
block:L15H25:query_sentence,restore,116,0.567230224609375,-0.49835205078125
block:L15H25:query_sentence,restore,130,0.2587890625,-0.0556640625
block:L15H25:query_sentence,restore,150,0.506134033203125,-0.69110107421875
block:L15H25:query_sentence,restore,154,1.0673828125,0.2587890625
block:L15H25:query_sentence,restore,162,-0.1031494140625,-0.427490234375
block:L15H25:query_sentence,restore,176,0.34868431091308594,-0.16038131713867188
block:L15H25:query_sentence,restore,178,0.58648681640625,0.0216064453125
block:L15H25:query_sentence,restore,186,1.0828628540039062,-1.4436492919921875
block:L15H25:query_sentence,restore,192,0.47772216796875,-0.1964111328125
block:L15H25:query_sentence,restore,196,0.25927734375,0.0224609375
block:L15H25:query_sentence:self,noise,0,0.0,0.0
block:L15H25:query_sentence:self,noise,16,0.0,0.0
block:L15H25:query_sentence:self,noise,32,0.0,0.0
block:L15H25:query_sentence:self,noise,48,0.0,0.0
block:L15H25:query_sentence:self,noise,56,0.0,0.0
block:L15H25:query_sentence:self,noise,64,0.0,0.0
block:L15H25:query_sentence:self,noise,82,0.0,0.0
block:L15H25:query_sentence:self,noise,96,0.0,0.0
block:L15H25:query_sentence:self,noise,98,0.0,0.0
block:L15H25:query_sentence:self,noise,102,0.0,0.0
block:L15H25:query_sentence:self,noise,116,0.0,0.0
block:L15H25:query_sentence:self,noise,130,0.0,0.0
block:L15H25:query_sentence:self,noise,150,0.0,0.0
block:L15H25:query_sentence:self,noise,154,0.0,0.0
block:L15H25:query_sentence:self,noise,162,0.0,0.0
block:L15H25:query_sentence:self,noise,176,0.0,0.0
block:L15H25:query_sentence:self,noise,178,0.0,0.0
block:L15H25:query_sentence:self,noise,186,0.0,0.0
block:L15H25:query_sentence:self,noise,192,0.0,0.0
block:L15H25:query_sentence:self,noise,196,0.0,0.0
block:L15H25:query_sentence:self,restore,0,0.0,0.0
block:L15H25:query_sentence:self,restore,16,0.0,0.0
block:L15H25:query_sentence:self,restore,32,0.0,0.0
block:L15H25:query_sentence:self,restore,48,0.0,0.0
block:L15H25:query_sentence:self,restore,56,0.0,0.0
block:L15H25:query_sentence:self,restore,64,0.0,0.0
block:L15H25:query_sentence:self,restore,82,0.0,0.0
block:L15H25:query_sentence:self,restore,96,0.0,0.0
block:L15H25:query_sentence:self,restore,98,0.0,0.0
block:L15H25:query_sentence:self,restore,102,0.0,0.0
block:L15H25:query_sentence:self,restore,116,0.0,0.0
block:L15H25:query_sentence:self,restore,130,0.0,0.0
block:L15H25:query_sentence:self,restore,150,0.0,0.0
block:L15H25:query_sentence:self,restore,154,0.0,0.0
block:L15H25:query_sentence:self,restore,162,0.0,0.0
block:L15H25:query_sentence:self,restore,176,0.0,0.0
block:L15H25:query_sentence:self,restore,178,0.0,0.0
block:L15H25:query_sentence:self,restore,186,0.0,0.0
block:L15H25:query_sentence:self,restore,192,0.0,0.0
block:L15H25:query_sentence:self,restore,196,0.0,0.0
block:L15H25:query_sentence:source,noise,0,0.2076416015625,-0.267822265625
block:L15H25:query_sentence:source,noise,16,0.3364105224609375,-0.075225830078125
block:L15H25:query_sentence:source,noise,32,0.21298694610595703,0.10126686096191406
block:L15H25:query_sentence:source,noise,48,0.383758544921875,0.19403076171875
block:L15H25:query_sentence:source,noise,56,0.2552337646484375,0.191131591796875
block:L15H25:query_sentence:source,noise,64,0.4488525390625,0.038818359375
block:L15H25:query_sentence:source,noise,82,0.38531494140625,0.5496826171875
block:L15H25:query_sentence:source,noise,96,0.8900375366210938,-0.6281280517578125
block:L15H25:query_sentence:source,noise,98,0.5050048828125,-0.112548828125
block:L15H25:query_sentence:source,noise,102,0.43418121337890625,-0.0520477294921875
block:L15H25:query_sentence:source,noise,116,0.9779052734375,-0.482666015625
block:L15H25:query_sentence:source,noise,130,0.19037628173828125,0.0074310302734375
block:L15H25:query_sentence:source,noise,150,0.300567626953125,0.11480712890625
block:L15H25:query_sentence:source,noise,154,0.7227783203125,-0.447509765625
block:L15H25:query_sentence:source,noise,162,0.821044921875,0.29443359375
block:L15H25:query_sentence:source,noise,176,0.28759765625,-0.1279296875
block:L15H25:query_sentence:source,noise,178,0.3278770446777344,0.13915252685546875
block:L15H25:query_sentence:source,noise,186,0.817138671875,0.306640625
block:L15H25:query_sentence:source,noise,192,0.4906005859375,-0.499755859375
block:L15H25:query_sentence:source,noise,196,0.45849609375,0.0439453125
block:L15H25:query_sentence:source,restore,0,0.3509521484375,-0.118896484375
block:L15H25:query_sentence:source,restore,16,0.272613525390625,-0.07684326171875
block:L15H25:query_sentence:source,restore,32,0.73260498046875,-0.693115234375
block:L15H25:query_sentence:source,restore,48,0.4937744140625,-0.125244140625
block:L15H25:query_sentence:source,restore,56,0.3697981834411621,-0.3415250778198242
block:L15H25:query_sentence:source,restore,64,-0.1803436279296875,-0.065704345703125
block:L15H25:query_sentence:source,restore,82,0.71484375,-0.0390625
block:L15H25:query_sentence:source,restore,96,0.526611328125,-0.44091796875
block:L15H25:query_sentence:source,restore,98,0.142822265625,-0.07275390625
block:L15H25:query_sentence:source,restore,102,0.1707763671875,0.245849609375
block:L15H25:query_sentence:source,restore,116,0.64306640625,-0.509765625
block:L15H25:query_sentence:source,restore,130,0.246337890625,-0.06787109375
block:L15H25:query_sentence:source,restore,150,0.42626953125,-0.50244140625
block:L15H25:query_sentence:source,restore,154,1.046142578125,0.07861328125
block:L15H25:query_sentence:source,restore,162,-0.0697021484375,-0.437744140625
block:L15H25:query_sentence:source,restore,176,0.31138038635253906,-0.17287063598632812
block:L15H25:query_sentence:source,restore,178,0.6656494140625,0.146240234375
block:L15H25:query_sentence:source,restore,186,1.4231948852539062,-1.4866180419921875
block:L15H25:query_sentence:source,restore,192,0.57489013671875,-0.3824462890625
block:L15H25:query_sentence:source,restore,196,0.16455078125,-0.0146484375
block:L17H1:query_sentence,noise,0,2.6300048828125,1.745849609375
block:L17H1:query_sentence,noise,16,4.907864570617676,2.2698307037353516
block:L17H1:query_sentence,noise,32,6.743896484375,4.57958984375
block:L17H1:query_sentence,noise,48,4.842681884765625,4.95245361328125
block:L17H1:query_sentence,noise,56,5.480682373046875,2.03387451171875
block:L17H1:query_sentence,noise,64,4.8338623046875,3.138916015625
block:L17H1:query_sentence,noise,82,3.9301605224609375,4.208038330078125
block:L17H1:query_sentence,noise,96,7.28863525390625,4.2174072265625
block:L17H1:query_sentence,noise,98,4.561614990234375,-0.26837158203125
block:L17H1:query_sentence,noise,102,6.470367431640625,1.38983154296875
block:L17H1:query_sentence,noise,116,6.51531982421875,4.4195556640625
block:L17H1:query_sentence,noise,130,5.01141357421875,2.5811767578125
block:L17H1:query_sentence,noise,150,3.15753173828125,3.4771728515625
block:L17H1:query_sentence,noise,154,4.6397705078125,5.010009765625
block:L17H1:query_sentence,noise,162,6.8487548828125,1.544189453125
block:L17H1:query_sentence,noise,176,6.3870849609375,2.789306640625
block:L17H1:query_sentence,noise,178,6.7967529296875,5.391357421875
block:L17H1:query_sentence,noise,186,6.937347412109375,5.40728759765625
block:L17H1:query_sentence,noise,192,6.1094970703125,3.902587890625
block:L17H1:query_sentence,noise,196,5.50787353515625,4.6173095703125
block:L17H1:query_sentence,restore,0,3.37939453125,2.91455078125
block:L17H1:query_sentence,restore,16,4.209075927734375,2.73260498046875
block:L17H1:query_sentence,restore,32,7.4298553466796875,5.411468505859375
block:L17H1:query_sentence,restore,48,4.218994140625,3.5341796875
block:L17H1:query_sentence,restore,56,7.492353439331055,2.9541969299316406
block:L17H1:query_sentence,restore,64,3.8697586059570312,3.3122711181640625
block:L17H1:query_sentence,restore,82,4.21875,2.4951171875
block:L17H1:query_sentence,restore,96,5.8336181640625,-0.268310546875
block:L17H1:query_sentence,restore,98,3.20501708984375,1.2305908203125
block:L17H1:query_sentence,restore,102,6.359375,4.82421875
block:L17H1:query_sentence,restore,116,6.14599609375,6.13916015625
block:L17H1:query_sentence,restore,130,6.43017578125,3.1884765625
block:L17H1:query_sentence,restore,150,5.123291015625,2.7999267578125
block:L17H1:query_sentence,restore,154,4.987060546875,7.10791015625
block:L17H1:query_sentence,restore,162,6.514091491699219,-3.3607330322265625
block:L17H1:query_sentence,restore,176,4.531532287597656,1.9427947998046875
block:L17H1:query_sentence,restore,178,5.57177734375,6.727294921875
block:L17H1:query_sentence,restore,186,7.3489990234375,4.466552734375
block:L17H1:query_sentence,restore,192,6.19189453125,1.34375
block:L17H1:query_sentence,restore,196,4.496551513671875,4.55657958984375
block:L17H1:query_sentence:self,noise,0,0.0,0.0
block:L17H1:query_sentence:self,noise,16,0.0,0.0
block:L17H1:query_sentence:self,noise,32,0.0,0.0
block:L17H1:query_sentence:self,noise,48,0.0,0.0
block:L17H1:query_sentence:self,noise,56,0.0,0.0
block:L17H1:query_sentence:self,noise,64,0.0,0.0
block:L17H1:query_sentence:self,noise,82,0.0,0.0
block:L17H1:query_sentence:self,noise,96,0.0,0.0
block:L17H1:query_sentence:self,noise,98,0.0,0.0
block:L17H1:query_sentence:self,noise,102,0.0,0.0
block:L17H1:query_sentence:self,noise,116,0.0,0.0
block:L17H1:query_sentence:self,noise,130,0.0,0.0
block:L17H1:query_sentence:self,noise,150,0.0,0.0
block:L17H1:query_sentence:self,noise,154,0.0,0.0
block:L17H1:query_sentence:self,noise,162,0.0,0.0
block:L17H1:query_sentence:self,noise,176,0.0,0.0
block:L17H1:query_sentence:self,noise,178,0.0,0.0
block:L17H1:query_sentence:self,noise,186,0.0,0.0
block:L17H1:query_sentence:self,noise,192,0.0,0.0
block:L17H1:query_sentence:self,noise,196,0.0,0.0
block:L17H1:query_sentence:self,restore,0,0.0,0.0
block:L17H1:query_sentence:self,restore,16,0.0,0.0
block:L17H1:query_sentence:self,restore,32,0.0,0.0
block:L17H1:query_sentence:self,restore,48,0.0,0.0
block:L17H1:query_sentence:self,restore,56,0.0,0.0
block:L17H1:query_sentence:self,restore,64,0.0,0.0
block:L17H1:query_sentence:self,restore,82,0.0,0.0
block:L17H1:query_sentence:self,restore,96,0.0,0.0
block:L17H1:query_sentence:self,restore,98,0.0,0.0
block:L17H1:query_sentence:self,restore,102,0.0,0.0
block:L17H1:query_sentence:self,restore,116,0.0,0.0
block:L17H1:query_sentence:self,restore,130,0.0,0.0
block:L17H1:query_sentence:self,restore,150,0.0,0.0
block:L17H1:query_sentence:self,restore,154,0.0,0.0
block:L17H1:query_sentence:self,restore,162,0.0,0.0
block:L17H1:query_sentence:self,restore,176,0.0,0.0
block:L17H1:query_sentence:self,restore,178,0.0,0.0
block:L17H1:query_sentence:self,restore,186,0.0,0.0
block:L17H1:query_sentence:self,restore,192,0.0,0.0
block:L17H1:query_sentence:self,restore,196,0.0,0.0
block:L17H1:query_sentence:source,noise,0,3.42901611328125,1.6558837890625
block:L17H1:query_sentence:source,noise,16,5.7788238525390625,2.196319580078125
block:L17H1:query_sentence:source,noise,32,8.458755493164062,4.529327392578125
block:L17H1:query_sentence:source,noise,48,5.31024169921875,5.2552490234375
block:L17H1:query_sentence:source,noise,56,5.9162445068359375,2.156951904296875
block:L17H1:query_sentence:source,noise,64,5.00445556640625,3.0789794921875
block:L17H1:query_sentence:source,noise,82,4.4014892578125,4.752685546875
block:L17H1:query_sentence:source,noise,96,9.062126159667969,3.7180023193359375
block:L17H1:query_sentence:source,noise,98,5.1737060546875,-0.38134765625
block:L17H1:query_sentence:source,noise,102,7.862144470214844,1.0050506591796875
block:L17H1:query_sentence:source,noise,116,7.17767333984375,4.4844970703125
block:L17H1:query_sentence:source,noise,130,5.7058563232421875,2.882720947265625
block:L17H1:query_sentence:source,noise,150,3.845550537109375,3.47430419921875
block:L17H1:query_sentence:source,noise,154,5.2325439453125,4.968505859375
block:L17H1:query_sentence:source,noise,162,7.3497314453125,1.378173828125
block:L17H1:query_sentence:source,noise,176,7.0548095703125,2.771240234375
block:L17H1:query_sentence:source,noise,178,7.229137420654297,5.166282653808594
block:L17H1:query_sentence:source,noise,186,7.509246826171875,5.62725830078125
block:L17H1:query_sentence:source,noise,192,6.77032470703125,4.3201904296875
block:L17H1:query_sentence:source,noise,196,6.07232666015625,4.5958251953125
block:L17H1:query_sentence:source,restore,0,4.30828857421875,3.1300048828125
block:L17H1:query_sentence:source,restore,16,4.7322998046875,2.247802734375
block:L17H1:query_sentence:source,restore,32,8.40966796875,5.0335693359375
block:L17H1:query_sentence:source,restore,48,4.6011962890625,3.793701171875
block:L17H1:query_sentence:source,restore,56,7.983917236328125,3.05596923828125
block:L17H1:query_sentence:source,restore,64,4.515472412109375,3.25347900390625
block:L17H1:query_sentence:source,restore,82,4.58349609375,2.603515625
block:L17H1:query_sentence:source,restore,96,6.6397705078125,-0.109130859375
block:L17H1:query_sentence:source,restore,98,3.71099853515625,1.5213623046875
block:L17H1:query_sentence:source,restore,102,7.9849853515625,5.086181640625
block:L17H1:query_sentence:source,restore,116,6.4466094970703125,6.496734619140625
block:L17H1:query_sentence:source,restore,130,7.183837890625,3.37353515625
block:L17H1:query_sentence:source,restore,150,5.692901611328125,2.77618408203125
block:L17H1:query_sentence:source,restore,154,5.6787109375,7.900390625
block:L17H1:query_sentence:source,restore,162,6.950981140136719,-3.7857818603515625
block:L17H1:query_sentence:source,restore,176,5.000156402587891,2.0222702026367188
block:L17H1:query_sentence:source,restore,178,6.27801513671875,7.6783447265625
block:L17H1:query_sentence:source,restore,186,7.9248046875,4.2431640625
block:L17H1:query_sentence:source,restore,192,6.83526611328125,1.3150634765625
block:L17H1:query_sentence:source,restore,196,5.043914794921875,4.46185302734375
block:L17H1:query_writer_union,noise,0,2.56317138671875,1.5479736328125
block:L17H1:query_writer_union,noise,16,4.547290802001953,2.4529800415039062
block:L17H1:query_writer_union,noise,32,6.448799133300781,4.8882904052734375
block:L17H1:query_writer_union,noise,48,4.335205078125,5.00341796875
block:L17H1:query_writer_union,noise,56,4.67529296875,1.90625
block:L17H1:query_writer_union,noise,64,4.2021484375,3.25830078125
block:L17H1:query_writer_union,noise,82,3.7534027099609375,4.012725830078125
block:L17H1:query_writer_union,noise,96,6.8335723876953125,4.751129150390625
block:L17H1:query_writer_union,noise,98,4.252685546875,0.16845703125
block:L17H1:query_writer_union,noise,102,5.6550445556640625,1.299835205078125
block:L17H1:query_writer_union,noise,116,6.007255554199219,4.3538970947265625
block:L17H1:query_writer_union,noise,130,4.749443054199219,2.5675201416015625
block:L17H1:query_writer_union,noise,150,2.7693710327148438,2.9059295654296875
block:L17H1:query_writer_union,noise,154,4.2659912109375,5.310791015625
block:L17H1:query_writer_union,noise,162,5.716064453125,1.96923828125
block:L17H1:query_writer_union,noise,176,6.252685546875,2.8212890625
block:L17H1:query_writer_union,noise,178,6.29779052734375,5.2943115234375
block:L17H1:query_writer_union,noise,186,6.63421630859375,5.5836181640625
block:L17H1:query_writer_union,noise,192,5.740234375,3.51806640625
block:L17H1:query_writer_union,noise,196,4.645263671875,4.70654296875
block:L17H1:query_writer_union,restore,0,3.16876220703125,2.8062744140625
block:L17H1:query_writer_union,restore,16,3.904022216796875,2.48089599609375
block:L17H1:query_writer_union,restore,32,6.89080810546875,5.3909912109375
block:L17H1:query_writer_union,restore,48,3.786407470703125,3.46527099609375
block:L17H1:query_writer_union,restore,56,6.503061294555664,2.565166473388672
block:L17H1:query_writer_union,restore,64,3.8055496215820312,3.7573394775390625
block:L17H1:query_writer_union,restore,82,3.840576171875,2.44775390625
block:L17H1:query_writer_union,restore,96,5.181884765625,0.71630859375
block:L17H1:query_writer_union,restore,98,2.845733642578125,1.26019287109375
block:L17H1:query_writer_union,restore,102,5.38592529296875,4.1436767578125
block:L17H1:query_writer_union,restore,116,4.9662322998046875,5.709808349609375
block:L17H1:query_writer_union,restore,130,5.97998046875,3.2490234375
block:L17H1:query_writer_union,restore,150,4.91290283203125,2.524658203125
block:L17H1:query_writer_union,restore,154,4.515869140625,7.06103515625
block:L17H1:query_writer_union,restore,162,5.88861083984375,-2.8892822265625
block:L17H1:query_writer_union,restore,176,4.533166885375977,1.7936515808105469
block:L17H1:query_writer_union,restore,178,5.194091796875,6.474609375
block:L17H1:query_writer_union,restore,186,6.12939453125,4.72705078125
block:L17H1:query_writer_union,restore,192,5.7119140625,1.2060546875
block:L17H1:query_writer_union,restore,196,4.0950927734375,4.406982421875
block:L17H1:query_writer_union:self,noise,0,0.0,0.0
block:L17H1:query_writer_union:self,noise,16,0.0,0.0
block:L17H1:query_writer_union:self,noise,32,0.0,0.0
block:L17H1:query_writer_union:self,noise,48,0.0,0.0
block:L17H1:query_writer_union:self,noise,56,0.0,0.0
block:L17H1:query_writer_union:self,noise,64,0.0,0.0
block:L17H1:query_writer_union:self,noise,82,0.0,0.0
block:L17H1:query_writer_union:self,noise,96,0.0,0.0
block:L17H1:query_writer_union:self,noise,98,0.0,0.0
block:L17H1:query_writer_union:self,noise,102,0.0,0.0
block:L17H1:query_writer_union:self,noise,116,0.0,0.0
block:L17H1:query_writer_union:self,noise,130,0.0,0.0
block:L17H1:query_writer_union:self,noise,150,0.0,0.0
block:L17H1:query_writer_union:self,noise,154,0.0,0.0
block:L17H1:query_writer_union:self,noise,162,0.0,0.0
block:L17H1:query_writer_union:self,noise,176,0.0,0.0
block:L17H1:query_writer_union:self,noise,178,0.0,0.0
block:L17H1:query_writer_union:self,noise,186,0.0,0.0
block:L17H1:query_writer_union:self,noise,192,0.0,0.0
block:L17H1:query_writer_union:self,noise,196,0.0,0.0
block:L17H1:query_writer_union:self,restore,0,0.0,0.0
block:L17H1:query_writer_union:self,restore,16,0.0,0.0
block:L17H1:query_writer_union:self,restore,32,0.0,0.0
block:L17H1:query_writer_union:self,restore,48,0.0,0.0
block:L17H1:query_writer_union:self,restore,56,0.0,0.0
block:L17H1:query_writer_union:self,restore,64,0.0,0.0
block:L17H1:query_writer_union:self,restore,82,0.0,0.0
block:L17H1:query_writer_union:self,restore,96,0.0,0.0
block:L17H1:query_writer_union:self,restore,98,0.0,0.0
block:L17H1:query_writer_union:self,restore,102,0.0,0.0
block:L17H1:query_writer_union:self,restore,116,0.0,0.0
block:L17H1:query_writer_union:self,restore,130,0.0,0.0
block:L17H1:query_writer_union:self,restore,150,0.0,0.0
block:L17H1:query_writer_union:self,restore,154,0.0,0.0
block:L17H1:query_writer_union:self,restore,162,0.0,0.0
block:L17H1:query_writer_union:self,restore,176,0.0,0.0
block:L17H1:query_writer_union:self,restore,178,0.0,0.0
block:L17H1:query_writer_union:self,restore,186,0.0,0.0
block:L17H1:query_writer_union:self,restore,192,0.0,0.0
block:L17H1:query_writer_union:self,restore,196,0.0,0.0
block:L17H1:query_writer_union:source,noise,0,3.3106689453125,1.4423828125
block:L17H1:query_writer_union:source,noise,16,5.3271636962890625,2.393585205078125
block:L17H1:query_writer_union:source,noise,32,8.002342224121094,4.6081695556640625
block:L17H1:query_writer_union:source,noise,48,4.77203369140625,5.2652587890625
block:L17H1:query_writer_union:source,noise,56,5.0699920654296875,2.036956787109375
block:L17H1:query_writer_union:source,noise,64,4.3582763671875,3.205322265625
block:L17H1:query_writer_union:source,noise,82,4.2022705078125,4.467529296875
block:L17H1:query_writer_union:source,noise,96,8.617439270019531,4.1513824462890625
block:L17H1:query_writer_union:source,noise,98,4.7947998046875,0.09130859375
block:L17H1:query_writer_union:source,noise,102,6.904869079589844,0.9166717529296875
block:L17H1:query_writer_union:source,noise,116,6.608512878417969,4.3523101806640625
block:L17H1:query_writer_union:source,noise,130,5.3884735107421875,2.794830322265625
block:L17H1:query_writer_union:source,noise,150,3.4385910034179688,2.8859710693359375
block:L17H1:query_writer_union:source,noise,154,4.8436279296875,5.238525390625
block:L17H1:query_writer_union:source,noise,162,6.179443359375,1.82666015625
block:L17H1:query_writer_union:source,noise,176,6.826904296875,2.806640625
block:L17H1:query_writer_union:source,noise,178,6.652355194091797,4.976097106933594
block:L17H1:query_writer_union:source,noise,186,7.153076171875,5.695556640625
block:L17H1:query_writer_union:source,noise,192,6.35784912109375,3.8892822265625
block:L17H1:query_writer_union:source,noise,196,5.133056640625,4.63916015625
block:L17H1:query_writer_union:source,restore,0,4.03741455078125,2.9888916015625
block:L17H1:query_writer_union:source,restore,16,4.3880615234375,2.031982421875
block:L17H1:query_writer_union:source,restore,32,7.790283203125,4.9759521484375
block:L17H1:query_writer_union:source,restore,48,4.146148681640625,3.66473388671875
block:L17H1:query_writer_union:source,restore,56,6.928337097167969,2.5955963134765625
block:L17H1:query_writer_union:source,restore,64,4.396820068359375,3.64215087890625
block:L17H1:query_writer_union:source,restore,82,4.191162109375,2.46337890625
block:L17H1:query_writer_union:source,restore,96,5.974853515625,0.84130859375
block:L17H1:query_writer_union:source,restore,98,3.31231689453125,1.5101318359375
block:L17H1:query_writer_union:source,restore,102,6.93865966796875,4.3292236328125
block:L17H1:query_writer_union:source,restore,116,5.2097930908203125,5.967437744140625
block:L17H1:query_writer_union:source,restore,130,6.684326171875,3.41064453125
block:L17H1:query_writer_union:source,restore,150,5.437774658203125,2.50225830078125
block:L17H1:query_writer_union:source,restore,154,5.174072265625,7.72216796875
block:L17H1:query_writer_union:source,restore,162,6.28472900390625,-3.2796630859375
block:L17H1:query_writer_union:source,restore,176,4.964008331298828,1.8545761108398438
block:L17H1:query_writer_union:source,restore,178,5.8028564453125,7.235595703125
block:L17H1:query_writer_union:source,restore,186,6.5823974609375,4.521728515625
block:L17H1:query_writer_union:source,restore,192,6.31610107421875,1.1248779296875
block:L17H1:query_writer_union:source,restore,196,4.5657958984375,4.264404296875
block:L17H3:colon,noise,0,-0.1375732421875,0.306396484375
block:L17H3:colon,noise,16,-0.2299346923828125,0.147552490234375
block:L17H3:colon,noise,32,-0.168670654296875,0.30914306640625
block:L17H3:colon,noise,48,-0.3232421875,0.4365234375
block:L17H3:colon,noise,56,-0.082183837890625,-0.01934814453125
block:L17H3:colon,noise,64,-0.12579345703125,0.0484619140625
block:L17H3:colon,noise,82,-0.09552001953125,0.1763916015625
block:L17H3:colon,noise,96,-0.5003204345703125,0.417816162109375
block:L17H3:colon,noise,98,-0.36669921875,0.173828125
block:L17H3:colon,noise,102,-0.36285400390625,0.4085693359375
block:L17H3:colon,noise,116,-0.380584716796875,0.60308837890625
block:L17H3:colon,noise,130,-0.1191253662109375,0.072723388671875
block:L17H3:colon,noise,150,-0.149200439453125,0.24554443359375
block:L17H3:colon,noise,154,-0.34368896484375,0.4315185546875
block:L17H3:colon,noise,162,-0.352294921875,-0.20458984375
block:L17H3:colon,noise,176,-0.20458984375,0.1787109375
block:L17H3:colon,noise,178,-0.21962547302246094,0.24336624145507812
block:L17H3:colon,noise,186,-0.43927001953125,0.4212646484375
block:L17H3:colon,noise,192,-0.34130859375,0.70068359375
block:L17H3:colon,noise,196,-0.25439453125,0.1787109375
block:L17H3:colon,restore,0,-0.276123046875,0.28466796875
block:L17H3:colon,restore,16,-0.1824951171875,0.294189453125
block:L17H3:colon,restore,32,-0.68804931640625,0.8438720703125
block:L17H3:colon,restore,48,-0.51348876953125,0.5174560546875
block:L17H3:colon,restore,56,-0.1280364990234375,0.063323974609375
block:L17H3:colon,restore,64,-0.1643829345703125,0.250152587890625
block:L17H3:colon,restore,82,-0.507080078125,0.40380859375
block:L17H3:colon,restore,96,-0.05224609375,0.5087890625
block:L17H3:colon,restore,98,-0.1923828125,0.13330078125
block:L17H3:colon,restore,102,-0.0640869140625,0.032958984375
block:L17H3:colon,restore,116,-0.40538787841796875,0.3479156494140625
block:L17H3:colon,restore,130,-0.083984375,0.07421875
block:L17H3:colon,restore,150,-0.46087646484375,0.1483154296875
block:L17H3:colon,restore,154,-0.4844970703125,0.633056640625
block:L17H3:colon,restore,162,-0.1326904296875,0.112548828125
block:L17H3:colon,restore,176,-0.319305419921875,0.09033203125
block:L17H3:colon,restore,178,-0.31414794921875,0.3907470703125
block:L17H3:colon,restore,186,-0.60400390625,1.01513671875
block:L17H3:colon,restore,192,-0.2803955078125,0.416748046875
block:L17H3:colon,restore,196,-0.2236328125,0.251953125
block:L17H3:colon:self,noise,0,0.0,0.0
block:L17H3:colon:self,noise,16,0.0,0.0
block:L17H3:colon:self,noise,32,0.0,0.0
block:L17H3:colon:self,noise,48,0.0,0.0
block:L17H3:colon:self,noise,56,0.0,0.0
block:L17H3:colon:self,noise,64,0.0,0.0
block:L17H3:colon:self,noise,82,0.0,0.0
block:L17H3:colon:self,noise,96,0.0,0.0
block:L17H3:colon:self,noise,98,0.0,0.0
block:L17H3:colon:self,noise,102,0.0,0.0
block:L17H3:colon:self,noise,116,0.0,0.0
block:L17H3:colon:self,noise,130,0.0,0.0
block:L17H3:colon:self,noise,150,0.0,0.0
block:L17H3:colon:self,noise,154,0.0,0.0
block:L17H3:colon:self,noise,162,0.0,0.0
block:L17H3:colon:self,noise,176,0.0,0.0
block:L17H3:colon:self,noise,178,0.0,0.0
block:L17H3:colon:self,noise,186,0.0,0.0
block:L17H3:colon:self,noise,192,0.0,0.0
block:L17H3:colon:self,noise,196,0.0,0.0
block:L17H3:colon:self,restore,0,0.0,0.0
block:L17H3:colon:self,restore,16,0.0,0.0
block:L17H3:colon:self,restore,32,0.0,0.0
block:L17H3:colon:self,restore,48,0.0,0.0
block:L17H3:colon:self,restore,56,0.0,0.0
block:L17H3:colon:self,restore,64,0.0,0.0
block:L17H3:colon:self,restore,82,0.0,0.0
block:L17H3:colon:self,restore,96,0.0,0.0
block:L17H3:colon:self,restore,98,0.0,0.0
block:L17H3:colon:self,restore,102,0.0,0.0
block:L17H3:colon:self,restore,116,0.0,0.0
block:L17H3:colon:self,restore,130,0.0,0.0
block:L17H3:colon:self,restore,150,0.0,0.0
block:L17H3:colon:self,restore,154,0.0,0.0
block:L17H3:colon:self,restore,162,0.0,0.0
block:L17H3:colon:self,restore,176,0.0,0.0
block:L17H3:colon:self,restore,178,0.0,0.0
block:L17H3:colon:self,restore,186,0.0,0.0
block:L17H3:colon:self,restore,192,0.0,0.0
block:L17H3:colon:self,restore,196,0.0,0.0
block:L17H3:colon:source,noise,0,-0.1708984375,0.384765625
block:L17H3:colon:source,noise,16,-0.390411376953125,0.25238037109375
block:L17H3:colon:source,noise,32,-0.1725616455078125,0.192962646484375
block:L17H3:colon:source,noise,48,-0.60162353515625,0.3475341796875
block:L17H3:colon:source,noise,56,-0.154327392578125,-0.00054931640625
block:L17H3:colon:source,noise,64,-0.19293212890625,-0.0770263671875
block:L17H3:colon:source,noise,82,-0.1014404296875,-0.142333984375
block:L17H3:colon:source,noise,96,-0.7285385131835938,0.6166534423828125
block:L17H3:colon:source,noise,98,-0.545654296875,0.2109375
block:L17H3:colon:source,noise,102,-0.6945571899414062,0.5244598388671875
block:L17H3:colon:source,noise,116,-0.646514892578125,0.53802490234375
block:L17H3:colon:source,noise,130,-0.1826019287109375,-0.031280517578125
block:L17H3:colon:source,noise,150,-0.19091796875,0.220703125
block:L17H3:colon:source,noise,154,-0.5894775390625,0.426513671875
block:L17H3:colon:source,noise,162,-0.692626953125,-0.26318359375
block:L17H3:colon:source,noise,176,-0.237060546875,0.17724609375
block:L17H3:colon:source,noise,178,-0.376495361328125,0.25384521484375
block:L17H3:colon:source,noise,186,-0.6507568359375,0.192138671875
block:L17H3:colon:source,noise,192,-0.43963623046875,1.0203857421875
block:L17H3:colon:source,noise,196,-0.375,0.0625
block:L17H3:colon:source,restore,0,-0.3463134765625,0.313720703125
block:L17H3:colon:source,restore,16,-0.326416015625,0.41552734375
block:L17H3:colon:source,restore,32,-0.8829345703125,0.9195556640625
block:L17H3:colon:source,restore,48,-0.62774658203125,0.5115966796875
block:L17H3:colon:source,restore,56,-0.2148895263671875,0.113250732421875
block:L17H3:colon:source,restore,64,-0.1409759521484375,0.470184326171875
block:L17H3:colon:source,restore,82,-0.78662109375,0.4755859375
block:L17H3:colon:source,restore,96,-0.256103515625,0.81591796875
block:L17H3:colon:source,restore,98,-0.1290283203125,0.047119140625
block:L17H3:colon:source,restore,102,0.04296875,0.0166015625
block:L17H3:colon:source,restore,116,-0.4323577880859375,0.376007080078125
block:L17H3:colon:source,restore,130,-0.16162109375,0.068359375
block:L17H3:colon:source,restore,150,-0.609344482421875,0.13922119140625
block:L17H3:colon:source,restore,154,-0.6990966796875,0.433349609375
block:L17H3:colon:source,restore,162,-0.11865234375,0.3974609375
block:L17H3:colon:source,restore,176,-0.5019493103027344,0.14147186279296875
block:L17H3:colon:source,restore,178,-0.3792724609375,0.369873046875
block:L17H3:colon:source,restore,186,-0.86163330078125,1.4842529296875
block:L17H3:colon:source,restore,192,-0.55902099609375,0.6129150390625
block:L17H3:colon:source,restore,196,-0.34716796875,0.5048828125
