head,anchor,scope,site,metric,total_events,matched_events,families,eligible,status,raw_mean,contextual_mean,change,contextual_family_sd,matched_causal_pairs,matched_causal_mean
L7H18,first,all_facts,all_test,target,528,528,88,True,completed,0.00845621112662156,0.016526208288469638,0.008069997161848077,0.012133983305369637,174,-0.0024702603166753597
L7H18,first,all_facts,all_test,names_gap,528,526,88,True,completed,-0.0009017439594144916,0.0018710152113723957,0.0027727591707868873,0.012081045065878383,174,-0.0024702603166753597
L7H18,first,all_facts,all_test,words_gap,528,528,88,True,completed,-0.006244218040282762,0.0002541869276873226,0.0064984049679700845,0.014037981271863923,174,-0.0024702603166753597
L7H18,last,all_facts,all_test,target,528,528,88,True,completed,0.023040410384197227,0.013965181851309384,-0.009075228532887843,0.01045047836296235,174,-0.0024702603166753597
L7H18,last,all_facts,all_test,names_gap,528,526,88,True,completed,0.0033366017131624018,0.003994539384442772,0.0006579376712803702,0.010125791576200487,174,-0.0024702603166753597
L7H18,last,all_facts,all_test,words_gap,528,528,88,True,completed,0.008339981217292904,-0.0023068395094729324,-0.010646820726765836,0.012143606470328935,174,-0.0024702603166753597
L8H15,first,all_facts,all_test,target,448,448,81,True,completed,0.017265478475074786,0.014299270912006048,-0.0029662075630687377,0.012202724117962076,144,0.27059432017950363
L8H15,first,all_facts,all_test,names_gap,448,280,76,True,completed,-0.003115081339324504,0.002850598683373469,0.005965680022697973,0.018901205464171376,125,0.32696317998986496
L8H15,first,all_facts,all_test,words_gap,448,448,81,True,completed,0.01418270241855504,0.005325493776567911,-0.008857208641987128,0.01313727901071462,144,0.27059432017950363
L8H15,last,all_facts,all_test,target,448,448,81,True,completed,0.012421313925957939,0.025126003064732418,0.01270468913877448,0.02084257634403305,144,0.27059432017950363
L8H15,last,all_facts,all_test,names_gap,448,280,76,True,completed,0.0002829811400952303,0.00308622136903146,0.0028032402289362296,0.018859233898219203,125,0.32696317998986496
L8H15,last,all_facts,all_test,words_gap,448,448,81,True,completed,0.00933853786943819,0.01615222592929428,0.006813688059856089,0.020855923288492985,144,0.27059432017950363
L11H15,first,all_facts,all_test,target,1069,1069,89,True,completed,0.012729781908087124,0.014400030393873836,0.0016702484857867121,0.0099011156542006,178,-0.05035826865206944
L11H15,first,all_facts,all_test,names_gap,1069,1020,89,True,completed,-0.0004931552068762032,-0.0012093200686724551,-0.0007161648617962519,0.011671118546385693,178,-0.05035826865206944
L11H15,first,all_facts,all_test,words_gap,1069,1069,89,True,completed,0.004454520248595851,0.008818375136768655,0.004363854888172804,0.01082378610753201,178,-0.05035826865206944
L11H15,first,query_fact,all_test,target,436,436,88,True,completed,0.013371783730510088,0.013775865507745268,0.0004040817772351796,0.012299575747647609,175,-0.050710656426169655
L11H15,first,query_fact,all_test,names_gap,436,434,88,True,completed,0.00027314534296570464,-0.0011504460996483697,-0.0014235914426140744,0.01526603304159577,175,-0.050710656426169655
L11H15,first,query_fact,all_test,words_gap,436,436,88,True,completed,0.0037410450135595343,0.00856029532722835,0.0048192503136688155,0.013806383914616234,175,-0.050710656426169655
L11H15,last,all_facts,all_test,target,1069,1069,89,True,completed,0.01811544024231046,0.023238117273548124,0.005122677031237664,0.012789442185827444,178,-0.05035826865206944
L11H15,last,all_facts,all_test,names_gap,1069,1020,89,True,completed,0.005467179691567226,0.0036304252802773465,-0.0018367544112898797,0.015254269342777523,178,-0.05035826865206944
L11H15,last,all_facts,all_test,words_gap,1069,1069,89,True,completed,0.009840178582819189,0.01765646201644294,0.00781628343362375,0.013030700703222528,178,-0.05035826865206944
L11H15,last,query_fact,all_test,target,436,436,88,True,completed,0.017990984011021463,0.022410732161274795,0.004419748150253332,0.015758958336244504,175,-0.050710656426169655
L11H15,last,query_fact,all_test,names_gap,436,434,88,True,completed,0.006296245649071532,0.0032568655345368127,-0.0030393801145347198,0.017528777267436943,175,-0.050710656426169655
L11H15,last,query_fact,all_test,words_gap,436,436,88,True,completed,0.00836024529407091,0.017195161980757875,0.008834916686686964,0.016166214314870822,175,-0.050710656426169655
L16H16,first,all_facts,all_test,target,225,225,62,True,completed,0.008767475668979228,0.009354029080253835,0.0005865534112746065,0.011882668111616947,94,0.015349318904261436
L16H16,first,all_facts,all_test,names_gap,225,221,62,True,completed,0.0004884629046011607,0.0013685761079199775,0.0008801132033188167,0.017139798828169343,92,0.01560035059528966
L16H16,first,all_facts,all_test,words_gap,225,225,62,True,completed,-0.00878600406683402,-0.008194986191409794,0.0005910178754242254,0.014364727127977454,94,0.015349318904261436
L16H16,last,all_facts,all_test,target,225,225,62,True,completed,0.016090841213072655,0.014762879270740997,-0.001327961942331658,0.015522058791980353,94,0.015349318904261436
L16H16,last,all_facts,all_test,names_gap,225,221,62,True,completed,0.002931943553073333,0.0011630150969785954,-0.0017689284560947376,0.016133911081206778,92,0.01560035059528966
L16H16,last,all_facts,all_test,words_gap,225,225,62,True,completed,-0.0014626385227405913,-0.002786136000922636,-0.0013234974781820446,0.016945083992561328,94,0.015349318904261436
L19H16,first,all_facts,all_test,target,279,279,74,True,completed,0.01166092278136237,0.012924834691092995,0.0012639119097306254,0.013807545014076212,121,-0.8484173529856914
L19H16,first,all_facts,all_test,names_gap,279,254,73,True,completed,0.0008059977369599958,0.0013787661970849094,0.0005727684601249136,0.017046990216847975,119,-0.8516523609422657
L19H16,first,all_facts,all_test,words_gap,279,279,74,True,completed,0.002121426609627114,0.0015191460452142278,-0.0006022805644128862,0.01702023660384842,121,-0.8484173529856914
L19H16,last,all_facts,all_test,target,279,279,74,True,completed,0.02081431075175322,0.018228476750152482,-0.002585834001600739,0.019648735500305048,121,-0.8484173529856914
L19H16,last,all_facts,all_test,names_gap,279,254,73,True,completed,0.004277308234660959,0.00536839590714428,0.001091087672483321,0.01909490157381684,119,-0.8516523609422657
L19H16,last,all_facts,all_test,words_gap,279,279,74,True,completed,0.011274814580017967,0.006822788104273716,-0.004452026475744251,0.02074169203286013,121,-0.8484173529856914
L25H17,first,all_facts,all_test,target,148,148,44,True,completed,0.012253933244662679,0.015205282794702391,0.0029513495500397124,0.01869989268480708,72,1.2881021282889626
L25H17,first,all_facts,all_test,names_gap,148,131,42,True,completed,-0.000690893358812372,0.0015426512866197112,0.0022335446454320833,0.02123555367516325,67,1.3312668346223377
L25H17,first,all_facts,all_test,words_gap,148,148,44,True,completed,-0.0018302176450577788,-0.006592151083335768,-0.00476193343827799,0.02252903112448393,72,1.2881021282889626
L25H17,last,all_facts,all_test,target,148,148,44,True,completed,0.011401012643482665,0.004815809386445277,-0.006585203257037388,0.008138254936382396,72,1.2881021282889626
L25H17,last,all_facts,all_test,names_gap,148,131,42,True,completed,0.00292594468422301,-0.00138723474752688,-0.00431317943174989,0.009308839124555525,67,1.3312668346223377
L25H17,last,all_facts,all_test,words_gap,148,148,44,True,completed,-0.002683138246237794,-0.016981624491592878,-0.014298486245355084,0.014361637395758605,72,1.2881021282889626
L7H18,first,query_fact,all_test,target,375,375,88,True,completed,0.008441862953275191,0.016643769013549123,0.008201906060273932,0.014832977084591876,163,-0.0017168467695062811
L7H18,first,query_fact,all_test,names_gap,375,374,88,True,completed,-0.0003234679942539556,0.0018329866227209052,0.002156454616974861,0.014692864620408407,163,-0.0017168467695062811
L7H18,first,query_fact,all_test,words_gap,375,375,88,True,completed,-0.0055224695128050574,0.0010600640362808213,0.006582533549085879,0.01706379745640174,163,-0.0017168467695062811
L7H18,last,query_fact,all_test,target,375,375,88,True,completed,0.022502242581699302,0.014458385583419104,-0.008043856998280198,0.013760066115715928,163,-0.0017168467695062811
L7H18,last,query_fact,all_test,names_gap,375,374,88,True,completed,0.002826592496071841,0.004939180330928373,0.002112587834856532,0.013441890442295663,163,-0.0017168467695062811
L7H18,last,query_fact,all_test,words_gap,375,375,88,True,completed,0.008537910115619057,-0.0011253193938491975,-0.009663229509468255,0.01578071647148894,163,-0.0017168467695062811
L11H3,first,all_facts,all_test,target,301,301,74,True,completed,0.006619118127419324,0.012227665425263953,0.005608547297844629,0.016540701423108234,110,0.01048164754300504
L11H3,first,all_facts,all_test,names_gap,301,249,70,True,completed,3.269772225351494e-05,0.0032154421812275466,0.003182744458974032,0.015265668023834628,96,0.005939476830618722
L11H3,first,all_facts,all_test,words_gap,301,301,74,True,completed,-0.007379353592099503,-0.0016926590683466571,0.005686694523752846,0.019011210436594705,110,0.01048164754300504
L11H3,first,query_fact,all_test,target,155,155,52,True,completed,0.007299719274743585,0.013837475751771076,0.006537756477027491,0.018205027358946087,62,-0.00020705736600435697
L11H3,first,query_fact,all_test,names_gap,155,147,50,True,completed,0.0007219390286131644,0.004546765322194064,0.0038248262935809,0.016962572145491323,56,-0.003729667663574219
L11H3,first,query_fact,all_test,words_gap,155,155,52,True,completed,-0.007168526260019841,-0.0010259227359519568,0.0061426035240678845,0.021292085485472317,62,-0.00020705736600435697
L11H3,last,all_facts,all_test,target,301,301,74,True,completed,0.009070233437144111,0.011057478138692832,0.001987244701548721,0.0111259539383153,110,0.01048164754300504
L11H3,last,all_facts,all_test,names_gap,301,249,70,True,completed,-0.0018577668831914204,-0.00017691903444717004,0.0016808478487442503,0.014012201186035262,96,0.005939476830618722
L11H3,last,all_facts,all_test,words_gap,301,301,74,True,completed,-0.004928238282374711,-0.002862846354917778,0.002065391927456933,0.013881163620250837,110,0.01048164754300504
L11H3,last,query_fact,all_test,target,155,155,52,True,completed,0.009109175041917689,0.011630884550562411,0.0025217095086447223,0.013059372021269633,62,-0.00020705736600435697
L11H3,last,query_fact,all_test,names_gap,155,147,50,True,completed,-0.00037996490482323717,-0.0003131441283847441,6.682077643849308e-05,0.014539437372663206,56,-0.003729667663574219
L11H3,last,query_fact,all_test,words_gap,155,155,52,True,completed,-0.005359070492845739,-0.003232513937160623,0.0021265565556851155,0.01487385133698986,62,-0.00020705736600435697
L16H1,first,all_facts,all_test,target,670,670,87,True,completed,0.008229289726326553,0.013634673593957116,0.005405383867630563,0.010512115181228241,162,0.8761475990558493
L16H1,first,all_facts,all_test,names_gap,670,661,87,True,completed,-0.003545099691660853,0.0002507599661664484,0.0037958596578273017,0.010062312974326516,161,0.870932951740835
L16H1,first,all_facts,all_test,words_gap,670,670,87,True,completed,-0.0006949819350799818,0.0003432853974046629,0.0010382673324846447,0.0124670149363743,162,0.8761475990558493
L16H1,first,query_fact,all_test,target,503,503,86,True,completed,0.00826234863186054,0.012082101767915654,0.0038197531360551137,0.01104386233567267,153,0.9041130043739496
L16H1,first,query_fact,all_test,names_gap,503,501,86,True,completed,-0.003431009748616282,0.0004249588830934852,0.003855968631709767,0.011110125084694576,151,0.9043415313543275
L16H1,first,query_fact,all_test,words_gap,503,503,86,True,completed,0.0008627280714629346,-0.003882910415135557,-0.0047456384865984915,0.012200390633144731,153,0.9041130043739496
L16H1,last,all_facts,all_test,target,670,670,87,True,completed,0.008911993684182952,0.008811165216916318,-0.0001008284672666341,0.009446600355018908,162,0.8761475990558493
L16H1,last,all_facts,all_test,names_gap,670,661,87,True,completed,-0.00037339665366557264,-0.001377379038453251,-0.0010039823847876783,0.010928329745878472,161,0.870932951740835
L16H1,last,all_facts,all_test,words_gap,670,670,87,True,completed,-1.227797722358555e-05,-0.004480222979636142,-0.004467945002412556,0.012319366873674862,162,0.8761475990558493
L16H1,last,query_fact,all_test,target,503,503,86,True,completed,0.00805171860882986,0.007100846125660909,-0.0009508724831689503,0.009074050047438503,153,0.9041130043739496
L16H1,last,query_fact,all_test,names_gap,503,501,86,True,completed,-0.0010581851499892221,-0.0017041407258749164,-0.0006459555758856943,0.011348054159342057,151,0.9043415313543275
L16H1,last,query_fact,all_test,words_gap,503,503,86,True,completed,0.0006520980484322504,-0.008864166057390304,-0.009516264105822554,0.011994405793963832,153,0.9041130043739496
L21H6,first,all_facts,all_test,target,559,559,89,True,completed,0.005622742101561701,0.0035581801233513784,-0.0020645619782103226,0.009641646220149583,175,0.7100430552879077
L21H6,first,all_facts,all_test,names_gap,559,537,89,True,completed,-0.01956385724164963,-0.02466453277524477,-0.005100675533595139,0.03309419961991174,174,0.7089640103029401
L21H6,first,all_facts,all_test,words_gap,559,559,89,True,completed,0.0038852063200595613,0.002623119638064117,-0.0012620866819954444,0.009495041396640536,175,0.7100430552879077
L21H6,first,query_fact,all_test,target,476,476,86,True,completed,0.005304763505561983,0.0037986104540931047,-0.0015061530514688779,0.01114092271349922,168,0.698543764824091
L21H6,first,query_fact,all_test,names_gap,476,467,86,True,completed,-0.02248611094764308,-0.027996293692628276,-0.005510182744985197,0.035371943946238105,168,0.698543764824091
L21H6,first,query_fact,all_test,words_gap,476,476,86,True,completed,0.0036968492500733877,0.0028485709209425986,-0.0008482783291307891,0.010870678749755776,168,0.698543764824091
L21H6,last,all_facts,all_test,target,559,559,89,True,completed,0.014114819697824849,0.01043446504144762,-0.003680354656377229,0.0195836812600714,175,0.7100430552879077
L21H6,last,all_facts,all_test,names_gap,559,537,89,True,completed,-0.0016516541777564756,-0.0004804182993558781,0.0011712358784005976,0.015158381306536224,174,0.7089640103029401
L21H6,last,all_facts,all_test,words_gap,559,559,89,True,completed,0.01237728391632271,0.009499404556160359,-0.002877879360162351,0.01979625381390087,175,0.7100430552879077
L21H6,last,query_fact,all_test,target,476,476,86,True,completed,0.012138004818180394,0.009233156962777711,-0.002904847855402683,0.01832108312936524,168,0.698543764824091
L21H6,last,query_fact,all_test,names_gap,476,467,86,True,completed,-0.002691849650909126,-0.001648961642551699,0.0010428880083574272,0.015082741840938364,168,0.698543764824091
L21H6,last,query_fact,all_test,words_gap,476,476,86,True,completed,0.010530090562691797,0.008283117429627207,-0.00224697313306459,0.018420758315975037,168,0.698543764824091
L16H1,first,all_facts,final,target,223,223,76,True,completed,0.009278755678979088,0.011286420211290442,0.002007664532311354,0.012577508882074144,124,0.9408580503965679
L16H1,first,all_facts,final,names_gap,223,223,76,True,completed,-0.0025058295933809874,-0.000376438098978923,0.0021293914944020644,0.011940768683305132,124,0.9408580503965679
L16H1,first,all_facts,final,words_gap,223,223,76,True,completed,0.0065602418071247694,-0.012820826573397193,-0.019381068380521962,0.015006217977334597,124,0.9408580503965679
L16H1,first,query_fact,final,target,223,223,76,True,completed,0.009278755678979088,0.011286420211290442,0.002007664532311354,0.012577508882074144,124,0.9408580503965679
L16H1,first,query_fact,final,names_gap,223,223,76,True,completed,-0.0025058295933809874,-0.000376438098978923,0.0021293914944020644,0.011940768683305132,124,0.9408580503965679
L16H1,first,query_fact,final,words_gap,223,223,76,True,completed,0.0065602418071247694,-0.012820826573397193,-0.019381068380521962,0.015006217977334597,124,0.9408580503965679
L16H1,last,all_facts,final,target,223,223,76,True,completed,0.0037828880242564123,0.004421825790571543,0.0006389377663151307,0.0073406974259779025,124,0.9408580503965679
L16H1,last,all_facts,final,names_gap,223,223,76,True,completed,-0.0034208532560476078,-0.00014357845210335494,0.003277274803944253,0.007682785124453874,124,0.9408580503965679
L16H1,last,all_facts,final,words_gap,223,223,76,True,completed,0.0010643741524020936,-0.019685420994116087,-0.02074979514651818,0.011232862075993746,124,0.9408580503965679
L16H1,last,query_fact,final,target,223,223,76,True,completed,0.0037828880242564123,0.004421825790571543,0.0006389377663151307,0.0073406974259779025,124,0.9408580503965679
L16H1,last,query_fact,final,names_gap,223,223,76,True,completed,-0.0034208532560476078,-0.00014357845210335494,0.003277274803944253,0.007682785124453874,124,0.9408580503965679
L16H1,last,query_fact,final,words_gap,223,223,76,True,completed,0.0010643741524020936,-0.019685420994116087,-0.02074979514651818,0.011232862075993746,124,0.9408580503965679
L12H2,first,all_facts,all_test,target,52,52,32,True,completed,0.020087579771499678,0.009672779295848458,-0.01041480047565122,0.012853413049558329,38,0.008410036563873291
L12H2,first,all_facts,all_test,names_gap,52,52,32,True,completed,0.007154941988781696,-0.0016306777631834484,-0.008785619751965144,0.014369296187364796,38,0.008410036563873291
L12H2,first,all_facts,all_test,words_gap,52,52,32,True,completed,0.012888889646615333,0.003050144165759668,-0.009838745480855665,0.016605236856323067,38,0.008410036563873291
L12H2,first,query_fact,all_test,target,7,7,6,False,insufficient support,0.008930393327082337,0.00491159000245708,-0.004018803324625257,0.008241682232868372,7,-0.00014241536458333334
L12H2,first,query_fact,all_test,names_gap,7,7,6,False,insufficient support,0.0033376649031261994,-0.0005222226763553893,-0.003859887579481589,0.010492040422855429,7,-0.00014241536458333334
L12H2,first,query_fact,all_test,words_gap,7,7,6,False,insufficient support,-0.002919161440906169,0.0010670667624074644,0.003986228203313634,0.01066925935389461,7,-0.00014241536458333334
L12H2,last,all_facts,all_test,target,52,52,32,True,completed,0.014914627871526396,0.016033739032641575,0.0011191111611151792,0.018718184549362988,38,0.008410036563873291
L12H2,last,all_facts,all_test,names_gap,52,52,32,True,completed,-0.0006828392922090215,0.002029922027042121,0.0027127613192511426,0.016577534569645374,38,0.008410036563873291
L12H2,last,all_facts,all_test,words_gap,52,52,32,True,completed,0.007715937746642055,0.009411103902552787,0.001695166155910732,0.021220876743186668,38,0.008410036563873291
L12H2,last,query_fact,all_test,target,7,7,6,False,insufficient support,0.006284019447561678,0.026870061650050996,0.02058604220248932,0.03331717924662895,7,-0.00014241536458333334
L12H2,last,query_fact,all_test,names_gap,7,7,6,False,insufficient support,-0.00960149164988284,0.015497034254753378,0.025098525904636217,0.033365114304971126,7,-0.00014241536458333334
L12H2,last,query_fact,all_test,words_gap,7,7,6,False,insufficient support,-0.005565535320426828,0.02302553841000138,0.02859107373042821,0.035288384250114366,7,-0.00014241536458333334
L14H26,first,all_facts,all_test,target,36,36,15,True,completed,0.008401471471138766,0.012220664519393966,0.0038191930482552004,0.013197627689681047,19,0.4342339833577474
L14H26,first,all_facts,all_test,names_gap,36,36,15,True,completed,-0.0019488708771723967,0.005774340884954376,0.007723211762126772,0.009770261145850136,19,0.4342339833577474
L14H26,first,all_facts,all_test,words_gap,36,36,15,True,completed,-0.004248000076816093,0.010296256532355993,0.014544256609172086,0.012608658018236487,19,0.4342339833577474
L14H26,last,all_facts,all_test,target,36,36,15,True,completed,0.018869765661424353,0.01487825046067117,-0.0039915152007531825,0.015190090973865386,19,0.4342339833577474
L14H26,last,all_facts,all_test,names_gap,36,36,15,True,completed,0.004760127746583553,-0.0034365450170575768,-0.00819667276364113,0.012957887125432086,19,0.4342339833577474
L14H26,last,all_facts,all_test,words_gap,36,36,15,True,completed,0.006220294113469494,0.012953842473633194,0.0067335483601637,0.017322466687747815,19,0.4342339833577474
L9H16,first,all_facts,all_test,target,344,344,87,True,completed,0.007270092868662282,0.006753166516248907,-0.0005169263524133754,0.0099610062617852,143,0.10534094119894094
L9H16,first,all_facts,all_test,names_gap,344,343,87,True,completed,-0.0007383219593227473,-0.0017202715938327013,-0.0009819496345099539,0.011267862763232135,143,0.10534094119894094
L9H16,first,all_facts,all_test,words_gap,344,344,87,True,completed,-0.006535772432123332,0.0007317135006119994,0.007267485932735331,0.010521238595585706,143,0.10534094119894094
L9H16,first,query_fact,all_test,target,245,245,76,True,completed,0.007265959086675698,0.004271604009813551,-0.0029943550768621466,0.0076911293524981935,112,0.09538285983236212
L9H16,first,query_fact,all_test,names_gap,245,244,76,True,completed,-0.0003714361674217331,-0.002666316264087655,-0.002294880096665922,0.010796820559496463,112,0.09538285983236212
L9H16,first,query_fact,all_test,words_gap,245,245,76,True,completed,-0.00573371166979178,-0.0024824787906430504,0.0032512328791487297,0.008812200094600093,112,0.09538285983236212
L9H16,last,all_facts,all_test,target,344,344,87,True,completed,0.02083677126512542,0.005257326817002515,-0.015579444448122905,0.00732513115553743,143,0.10534094119894094
L9H16,last,all_facts,all_test,names_gap,344,343,87,True,completed,0.00739786481340507,-0.0020304711253502305,-0.0094283359387553,0.009838652643362197,143,0.10534094119894094
L9H16,last,all_facts,all_test,words_gap,344,344,87,True,completed,0.007030905964339803,-0.0007641261986343917,-0.007795032162974194,0.008113894901577122,143,0.10534094119894094
L9H16,last,query_fact,all_test,target,245,245,76,True,completed,0.020913104734028666,0.00770695960409597,-0.013206145129932696,0.009751873540575506,112,0.09538285983236212
L9H16,last,query_fact,all_test,names_gap,245,244,76,True,completed,0.006939115121737499,-0.0012612270796401347,-0.008200342201377633,0.012013604328247827,112,0.09538285983236212
L9H16,last,query_fact,all_test,words_gap,245,245,76,True,completed,0.007913433977561187,0.0009528768036393678,-0.00696055717392182,0.01052271073309512,112,0.09538285983236212
L19H16,first,query_fact,all_test,target,138,138,63,True,completed,0.013361474376644642,0.013199212947497829,-0.00016226142914681392,0.018125653184570455,88,-0.8286388412354484
L19H16,first,query_fact,all_test,names_gap,138,129,62,True,completed,0.0038446815155885584,0.0027154017992100147,-0.0011292797163785437,0.018157631456228868,87,-0.8201258336344073
L19H16,first,query_fact,all_test,words_gap,138,138,63,True,completed,0.004002840969452667,0.0027724069260883616,-0.0012304340433643055,0.01980351517165202,88,-0.8286388412354484
L19H16,last,query_fact,all_test,target,138,138,63,True,completed,0.024562029067211995,0.016741352429743065,-0.00782067663746893,0.02051989888282984,88,-0.8286388412354484
L19H16,last,query_fact,all_test,names_gap,138,129,62,True,completed,0.005431805459795801,0.0033349058630249813,-0.0020968995967708196,0.019866674069312026,87,-0.8201258336344073
L19H16,last,query_fact,all_test,words_gap,138,138,63,True,completed,0.015203395660020018,0.0063145464083335994,-0.008888849251686419,0.022215221997969315,88,-0.8286388412354484
L23H15,first,all_facts,all_test,target,72,72,39,True,completed,0.006532335602402597,0.008668564624865508,0.0021362290224629116,0.014483780489252304,48,-1.0369966213519757
L23H15,first,all_facts,all_test,names_gap,72,62,39,True,completed,-0.005755107584005503,-0.010063829072109093,-0.00430872148810359,0.025298209934622926,47,-1.0384113849737706
L23H15,first,all_facts,all_test,words_gap,72,72,39,True,completed,-0.0014723782508466626,-0.0004889329013281721,0.0009834453495184904,0.015935460205520165,48,-1.0369966213519757
L23H15,first,query_fact,all_test,target,50,50,32,True,completed,0.007202037767835257,0.009288386581757234,0.0020863488139219767,0.01624545866432323,36,-1.0320660471916199
L23H15,first,query_fact,all_test,names_gap,50,46,32,True,completed,-0.00737537028657209,-0.012525873285606759,-0.005150502999034669,0.025012812357963717,36,-1.0320660471916199
L23H15,first,query_fact,all_test,words_gap,50,50,32,True,completed,-0.00021050626412985694,0.0026666137387323565,0.0028771200028622134,0.015540952401617958,36,-1.0320660471916199
L23H15,last,all_facts,all_test,target,72,72,39,True,completed,0.023179395827495702,0.02860998166315749,0.005430585835661788,0.030403951033464334,48,-1.0369966213519757
L23H15,last,all_facts,all_test,names_gap,72,62,39,True,completed,-7.181864842120903e-05,0.006510685239931185,0.006582503888352393,0.031199548215709583,47,-1.0384113849737706
L23H15,last,all_facts,all_test,words_gap,72,72,39,True,completed,0.015174681974246446,0.019452484136963807,0.004277802162717361,0.028263446225075834,48,-1.0369966213519757
L23H15,last,query_fact,all_test,target,50,50,32,True,completed,0.021027762941649666,0.026421300362076815,0.005393537420427148,0.030920864755539547,36,-1.0320660471916199
L23H15,last,query_fact,all_test,names_gap,50,46,32,True,completed,0.000474788542705907,0.00736331011965091,0.006888521576945004,0.02999483149047617,36,-1.0320660471916199
L23H15,last,query_fact,all_test,words_gap,50,50,32,True,completed,0.013615218909684553,0.019799527519051934,0.006184308609367381,0.031028991576679477,36,-1.0320660471916199
L21H25,first,all_facts,all_test,target,125,125,52,True,completed,0.029310874054041806,0.02444193237610747,-0.004868941677934335,0.06866647058833847,72,0.053914354397700384
L21H25,first,all_facts,all_test,names_gap,125,112,51,True,completed,-1.600474369986968e-05,-0.004896977332009797,-0.004880972588309927,0.08503758500848335,69,0.056643831963632624
L21H25,first,all_facts,all_test,words_gap,125,125,52,True,completed,0.026348417108064518,0.017745478038595157,-0.008602939069469361,0.06893962570969972,72,0.053914354397700384
L21H25,last,all_facts,all_test,target,125,125,52,True,completed,0.010937632930588314,0.005080929322216516,-0.005856703608371798,0.012667838505922745,72,0.053914354397700384
L21H25,last,all_facts,all_test,names_gap,125,112,51,True,completed,0.0013321799492656847,-0.0010481070761095169,-0.0023802870253752015,0.015829969517584485,69,0.056643831963632624
L21H25,last,all_facts,all_test,words_gap,125,125,52,True,completed,0.00797517598461103,-0.0016155250152957946,-0.009590700999906825,0.013486755485491,72,0.053914354397700384
L15H3,first,all_facts,all_test,target,95,95,41,True,completed,0.014445478130655698,0.01385119965474213,-0.0005942784759135674,0.015259487874609371,57,-0.08156222831912158
L15H3,first,all_facts,all_test,names_gap,95,88,39,True,completed,0.002493785793602762,0.0023873437425510156,-0.00010644205105174659,0.015535084611854953,53,-0.0805052732809996
L15H3,first,all_facts,all_test,words_gap,95,95,41,True,completed,0.0035177250889893395,-0.007478101951106268,-0.010995827040095607,0.021231554364265035,57,-0.08156222831912158
L15H3,last,all_facts,all_test,target,95,95,41,True,completed,0.017276960733568297,0.0083078766576929,-0.008969084075875397,0.015202875585602578,57,-0.08156222831912158
L15H3,last,all_facts,all_test,names_gap,95,88,39,True,completed,0.0024354717535764506,-0.0017832808164234759,-0.004218752569999927,0.014030386345222842,53,-0.0805052732809996
L15H3,last,all_facts,all_test,words_gap,95,95,41,True,completed,0.006349207691901941,-0.013021424948155499,-0.01937063264005744,0.02165688036642693,57,-0.08156222831912158
L18H19,first,all_facts,all_test,target,163,163,64,True,completed,0.017590313604611486,0.024954084745808656,0.00736377114119717,0.04818553949008314,90,2.9979647994041443
L18H19,first,all_facts,all_test,names_gap,163,163,64,True,completed,-0.014978067224389477,-0.02709295589388367,-0.012114888669494193,0.05794385134492694,90,2.9979647994041443
L18H19,first,all_facts,all_test,words_gap,163,163,64,True,completed,0.0121838479411021,0.014117619242805277,0.0019337713017031771,0.05040701408272553,90,2.9979647994041443
L18H19,last,all_facts,all_test,target,163,163,64,True,completed,0.006385706195405515,0.0030015582014159678,-0.0033841479939895475,0.005329316000800731,90,2.9979647994041443
L18H19,last,all_facts,all_test,names_gap,163,163,64,True,completed,-0.003563188094717124,-0.0009516918776806122,0.0026114962170365116,0.006432686138079966,90,2.9979647994041443
L18H19,last,all_facts,all_test,words_gap,163,163,64,True,completed,0.0009792405318961306,-0.00783490730158741,-0.00881414783348354,0.013470744758041057,90,2.9979647994041443
L18H19,first,query_fact,all_test,target,132,132,53,True,completed,0.015073027485756984,0.02006021007570183,0.0049871825899448444,0.04393991431944491,76,3.0742765462623454
L18H19,first,query_fact,all_test,names_gap,132,132,53,True,completed,-0.022803957149307757,-0.04473314739262638,-0.02192919024331862,0.056064399171373694,76,3.0742765462623454
L18H19,first,query_fact,all_test,words_gap,132,132,53,True,completed,0.008927049871222914,0.012987196985852986,0.004060147114630071,0.04425231621531434,76,3.0742765462623454
L18H19,last,query_fact,all_test,target,132,132,53,True,completed,0.005256584676692934,0.00248301733091487,-0.0027735673457780644,0.004611336642208164,76,3.0742765462623454
L18H19,last,query_fact,all_test,names_gap,132,132,53,True,completed,-0.003834355589095492,-0.0006108227790730553,0.0032235328100224366,0.00543012332236314,76,3.0742765462623454
L18H19,last,query_fact,all_test,words_gap,132,132,53,True,completed,-0.0008893929378411343,-0.004589995758933969,-0.0037006028210928347,0.012131879354770225,76,3.0742765462623454
L16H31,first,all_facts,all_test,target,52,52,28,True,completed,0.012307254033209657,0.020399934532996624,0.008092680499786967,0.017974829763973757,35,-0.2838712419782366
L16H31,first,all_facts,all_test,names_gap,52,48,27,True,completed,-0.00020292875867473323,-0.005417038307848691,-0.005214109549173958,0.023413246344381133,33,-0.28059104636863424
L16H31,first,all_facts,all_test,words_gap,52,52,28,True,completed,0.009781891694293377,0.017794206857760744,0.008012315163467367,0.017184183347163526,35,-0.2838712419782366
L16H31,last,all_facts,all_test,target,52,52,28,True,completed,0.029382571970489123,0.01067000061629633,-0.01871257135419279,0.018868872011775697,35,-0.2838712419782366
L16H31,last,all_facts,all_test,names_gap,52,48,27,True,completed,0.006050017931095752,-0.00660498634052663,-0.012655004271622382,0.020942178591497797,33,-0.28059104636863424
L16H31,last,all_facts,all_test,words_gap,52,52,28,True,completed,0.026857209631572846,0.008064272941060446,-0.0187929366905124,0.01731324458292693,35,-0.2838712419782366
L16H16,first,query_fact,all_test,target,77,77,32,True,completed,0.015650261471814413,0.013958367199214486,-0.0016918942725999263,0.012158053018529692,41,0.03329277038574219
L16H16,first,query_fact,all_test,names_gap,77,75,32,True,completed,0.0067404353971097005,0.0037933111152793388,-0.0029471242818303618,0.010593574292554479,40,0.03452873229980469
L16H16,first,query_fact,all_test,words_gap,77,77,32,True,completed,-0.0027924873174018892,-0.0038911100155079544,-0.0010986226981060652,0.015628051246619902,41,0.03329277038574219
L16H16,last,query_fact,all_test,target,77,77,32,True,completed,0.014590826347833416,0.015410698652984566,0.0008198723051511501,0.013938676889997057,41,0.03329277038574219
L16H16,last,query_fact,all_test,names_gap,77,75,32,True,completed,0.001036514381776039,-0.0010392335550485493,-0.0020757479368245886,0.015055294647247338,40,0.03452873229980469
L16H16,last,query_fact,all_test,words_gap,77,77,32,True,completed,-0.0038519224413828884,-0.0024387785617378745,0.001413143879645014,0.015795931263946458,41,0.03329277038574219
L15H3,first,query_fact,all_test,target,57,57,29,True,completed,0.01336578834442995,0.007821656662492397,-0.005544131681937552,0.010996583025037102,38,-0.06973950616244612
L15H3,first,query_fact,all_test,names_gap,57,52,27,True,completed,0.000764401482340389,0.0004618043249963478,-0.0003025971573440412,0.011970644901824357,34,-0.06580211498119214
L15H3,first,query_fact,all_test,words_gap,57,57,29,True,completed,0.0012500409885419575,-0.012991549819475059,-0.014241590808017016,0.021432692194765214,38,-0.06973950616244612
L15H3,last,query_fact,all_test,target,57,57,29,True,completed,0.01865020716834784,0.01007859778921892,-0.008571609379128922,0.017823757258249136,38,-0.06973950616244612
L15H3,last,query_fact,all_test,names_gap,57,52,27,True,completed,0.006049880826955111,0.00021180331932630665,-0.005838077507628804,0.014500041455058284,34,-0.06580211498119214
L15H3,last,query_fact,all_test,words_gap,57,57,29,True,completed,0.006534459812459848,-0.010734608692748537,-0.017269068505208384,0.022771171602449323,38,-0.06973950616244612
L4H0,first,all_facts,all_test,target,171,171,27,True,completed,0.008393135838218274,0.007821837237681793,-0.0005712986005364813,0.014394661819812696,54,0.0003184919004087095
L4H0,first,all_facts,all_test,names_gap,171,130,27,True,completed,-0.0019042495237847335,-0.0013694958234105195,0.0005347537003742139,0.019065805778987602,52,0.0006318622165256076
L4H0,first,all_facts,all_test,words_gap,171,171,27,True,completed,0.0014745565703570456,-0.009106908428846013,-0.01058146499920306,0.018305235150461785,54,0.0003184919004087095
L4H0,last,all_facts,all_test,target,171,171,27,True,completed,0.018413546846052595,0.019847138398527028,0.0014335915524744322,0.019060708772405947,54,0.0003184919004087095
L4H0,last,all_facts,all_test,names_gap,171,130,27,True,completed,0.007007038472369472,0.0009330845881646156,-0.006073953884204856,0.02124067874414803,52,0.0006318622165256076
L4H0,last,all_facts,all_test,words_gap,171,171,27,True,completed,0.011494967578191366,0.0029183927319992196,-0.008576574846192148,0.01986978894678821,54,0.0003184919004087095
L17H5,first,all_facts,all_test,target,65,65,34,True,completed,0.02288357689563286,0.018644851561161052,-0.004238725334471807,0.02046890466616644,42,-0.023571154650519874
L17H5,first,all_facts,all_test,names_gap,65,65,34,True,completed,0.00606074073678261,0.003936591874226389,-0.002124148862556221,0.023564316531202188,42,-0.023571154650519874
L17H5,first,all_facts,all_test,words_gap,65,65,34,True,completed,0.008805794932463865,0.014833274365111485,0.00602747943264762,0.019279236076142226,42,-0.023571154650519874
L17H5,last,all_facts,all_test,target,65,65,34,True,completed,0.004210701269770256,0.010597953609440795,0.006387252339670539,0.01646236336520379,42,-0.023571154650519874
L17H5,last,all_facts,all_test,names_gap,65,65,34,True,completed,-0.002755438533967232,0.00035403940375400164,0.0031094779377212334,0.018635012071435173,42,-0.023571154650519874
L17H5,last,all_facts,all_test,words_gap,65,65,34,True,completed,-0.00986708069339874,0.006786376413391226,0.016653457106789966,0.017082132794356473,42,-0.023571154650519874
L8H15,first,query_fact,all_test,target,42,42,28,True,completed,0.015467525306400698,0.009488151603335339,-0.005979373703065359,0.014651354661534903,39,0.2667597702571324
L8H15,first,query_fact,all_test,names_gap,42,31,23,True,completed,-0.0005617152183635164,-0.0009424396650179154,-0.00038072444665439905,0.022480524908700446,28,0.2834709001624066
L8H15,first,query_fact,all_test,words_gap,42,42,28,True,completed,0.012117450305675534,0.0024477189126722496,-0.009669731393003284,0.018581118101485418,39,0.2667597702571324
L8H15,last,query_fact,all_test,target,42,42,28,True,completed,0.017458293930275127,0.027661404676428216,0.010203110746153089,0.022080763089594217,39,0.2667597702571324
L8H15,last,query_fact,all_test,names_gap,42,31,23,True,completed,0.008136352103261673,0.0014711482558550986,-0.006665203847406574,0.030003057176509706,28,0.2834709001624066
L8H15,last,query_fact,all_test,words_gap,42,42,28,True,completed,0.014108218929549958,0.020620971985765128,0.006512753056215169,0.022569323011569335,39,0.2667597702571324
L11H3,first,all_facts,final,target,28,28,20,True,completed,0.003532035549300811,0.008863197242309669,0.005331161693008858,0.011880146543350126,22,0.009123516082763673
L11H3,first,all_facts,final,names_gap,28,28,20,True,completed,-0.0005566003519119879,0.005264454855840142,0.00582105520775213,0.011387480687999158,22,0.009123516082763673
L11H3,first,all_facts,final,words_gap,28,28,20,True,completed,-0.019062715163143718,-0.016726038393278124,0.0023366767698655942,0.017622581632079835,22,0.009123516082763673
L11H3,first,query_fact,final,target,25,25,17,True,completed,0.00360996332083832,0.00949451172836422,0.0058845484075259,0.012421792918680615,19,0.001752628999597886
L11H3,first,query_fact,final,names_gap,25,25,17,True,completed,-0.0009893991307542707,0.006073675166992646,0.0070630742977469164,0.011636030550879532,19,0.001752628999597886
L11H3,first,query_fact,final,words_gap,25,25,17,True,completed,-0.020345150370176493,-0.014711171045121086,0.005633979325055407,0.01825157430517665,19,0.001752628999597886
L11H3,last,all_facts,final,target,28,28,20,True,completed,0.010681154855219288,0.00880675463401718,-0.001874400221202107,0.009772382104469074,22,0.009123516082763673
L11H3,last,all_facts,final,names_gap,28,28,20,True,completed,-0.0009366624467898124,0.0008487109522201006,0.001785373399009913,0.009697057446549648,22,0.009123516082763673
L11H3,last,all_facts,final,words_gap,28,28,20,True,completed,-0.011913595857225245,-0.016782481001570614,-0.004868885144345369,0.016392477200950436,22,0.009123516082763673
L11H3,last,query_fact,final,target,25,25,17,True,completed,0.012566064535552103,0.009809869656508664,-0.0027561948790434387,0.01025696912462758,19,0.001752628999597886
L11H3,last,query_fact,final,names_gap,25,25,17,True,completed,0.0005107478055645882,0.001365108958948724,0.0008543611533841359,0.01015497871488872,19,0.001752628999597886
L11H3,last,query_fact,final,words_gap,25,25,17,True,completed,-0.011389049155462714,-0.014395813116976644,-0.00300676396151393,0.015914882637559063,19,0.001752628999597886
L4H0,first,query_fact,all_test,target,24,24,4,False,insufficient support,0.0027565657267190798,0.004821192673153653,0.002064626946434573,0.006689333314328891,8,-0.00870513916015625
L4H0,first,query_fact,all_test,names_gap,24,23,4,False,insufficient support,-0.01829414224165948,-0.006835595305637203,0.011458546936022277,0.011698345376553477,8,-0.00870513916015625
L4H0,first,query_fact,all_test,words_gap,24,24,4,False,insufficient support,-0.005678414784260547,-0.013322080483820279,-0.007643665699559732,0.0043024186464450925,8,-0.00870513916015625
L4H0,last,query_fact,all_test,target,24,24,4,False,insufficient support,0.015198527780485234,0.01896039794191333,0.0037618701614280953,0.00881470966901711,8,-0.00870513916015625
L4H0,last,query_fact,all_test,names_gap,24,23,4,False,insufficient support,0.012242511061069664,0.004064273892455934,-0.00817823716861373,0.007442175087803927,8,-0.00870513916015625
L4H0,last,query_fact,all_test,words_gap,24,24,4,False,insufficient support,0.006763547269505608,0.0008171247849393982,-0.00594642248456621,0.009324125609462157,8,-0.00870513916015625
L14H26,first,query_fact,all_test,target,18,18,8,False,insufficient support,0.011213822856924264,0.013679979554768915,0.0024661566978446507,0.012862316899277419,11,0.4804542064666748
L14H26,first,query_fact,all_test,names_gap,18,18,8,False,insufficient support,0.0014236822627901333,0.0075426063141630275,0.006118924051372894,0.007718385253397842,11,0.4804542064666748
L14H26,first,query_fact,all_test,words_gap,18,18,8,False,insufficient support,-0.0026115858922737133,0.011853973875257495,0.014465559767531208,0.01155113665979187,11,0.4804542064666748
L14H26,last,query_fact,all_test,target,18,18,8,False,insufficient support,0.025622684416015337,0.019178050043396816,-0.0064446343726185205,0.01735345511316828,11,0.4804542064666748
L14H26,last,query_fact,all_test,names_gap,18,18,8,False,insufficient support,0.0053424774026692495,-0.00020123442295300075,-0.00554371182562225,0.00781074635408117,11,0.4804542064666748
L14H26,last,query_fact,all_test,words_gap,18,18,8,False,insufficient support,0.011797275666817358,0.017352044363885398,0.00555476869706804,0.01955042953311014,11,0.4804542064666748
L25H17,first,query_fact,all_test,target,33,33,20,True,completed,0.014212684449720342,0.015113579122805216,0.0009008946730848736,0.01414779640598397,24,1.18319091796875
L25H17,first,query_fact,all_test,names_gap,33,31,19,True,completed,-0.0007667816501860686,0.0037940820601201387,0.004560863710306207,0.019842602032807515,22,1.1704069438733553
L25H17,first,query_fact,all_test,words_gap,33,33,20,True,completed,0.00433512013241232,-0.009080795021554426,-0.013415915153966746,0.01623834416998922,24,1.18319091796875
L25H17,last,query_fact,all_test,target,33,33,20,True,completed,0.010394725893352098,0.004572018262827359,-0.005822707630524739,0.008049799438579464,24,1.18319091796875
L25H17,last,query_fact,all_test,names_gap,33,31,19,True,completed,0.0026149552306875407,0.0006923247220670587,-0.001922630508620482,0.01013959764691441,22,1.1704069438733553
L25H17,last,query_fact,all_test,words_gap,33,33,20,True,completed,0.0005171615760440737,-0.019622355881532286,-0.020139517457576358,0.013181238131329171,24,1.18319091796875
L13H1,first,all_facts,all_test,target,37,37,11,True,completed,0.020203007748687822,0.00651554506400942,-0.013687462684678402,0.009593130918297825,14,0.009211540222167969
L13H1,first,all_facts,all_test,names_gap,37,20,8,False,insufficient support,0.00813401968189426,-0.006450820593437587,-0.014584840275331848,0.010283125988996533,10,0.004029393196105957
L13H1,first,all_facts,all_test,words_gap,37,37,11,True,completed,0.01028922700473234,-0.008407874733799918,-0.018697101738532257,0.014378204478866875,14,0.009211540222167969
L13H1,last,all_facts,all_test,target,37,37,11,True,completed,0.006844334857709722,0.014904901259399594,0.00806056640168987,0.01368368542946298,14,0.009211540222167969
L13H1,last,all_facts,all_test,names_gap,37,20,8,False,insufficient support,0.00263762252994843,-0.0011171455150793233,-0.003754768045027753,0.015023188020324875,10,0.004029393196105957
L13H1,last,all_facts,all_test,words_gap,37,37,11,True,completed,-0.00306944588624576,-1.851853840974399e-05,0.0030509273478360162,0.016438341569690523,14,0.009211540222167969
L20H1,first,all_facts,all_test,target,4,4,3,False,insufficient support,0.017151250260156514,0.0266341511891439,0.009482900928987386,0.04613170307606826,3,-1.0428059895833333
L20H1,first,all_facts,all_test,names_gap,4,3,2,False,insufficient support,-0.012729008409743482,0.03995122678371585,0.05268023519345933,0.0564995667509742,2,-1.06097412109375
L20H1,first,all_facts,all_test,words_gap,4,4,3,False,insufficient support,0.0042008165464982195,0.02304039922144099,0.01883958267494277,0.04953815487123919,3,-1.0428059895833333
L20H1,last,all_facts,all_test,target,4,4,3,False,insufficient support,0.0,0.009765093145097872,0.009765093145097872,0.01428550387501948,3,-1.0428059895833333
L20H1,last,all_facts,all_test,names_gap,4,3,2,False,insufficient support,-0.01819032702752077,6.756848942814087e-05,0.01825789551694891,0.035055518012169024,2,-1.06097412109375
L20H1,last,all_facts,all_test,words_gap,4,4,3,False,insufficient support,-0.012950433713658295,0.006171341177394961,0.019121774891053257,0.01865745825921353,3,-1.0428059895833333
L21H25,first,query_fact,all_test,target,71,71,37,True,completed,0.022069750343652047,0.0143601864064345,-0.0077095639372175475,0.06433583416722322,48,0.06260120546495593
L21H25,first,query_fact,all_test,names_gap,71,69,37,True,completed,-0.01491977444802183,-0.02747483009743456,-0.01255505564941273,0.08545374962781013,48,0.06260120546495593
L21H25,first,query_fact,all_test,words_gap,71,71,37,True,completed,0.01969715032272081,0.008025697286441378,-0.011671453036279431,0.06557547944614352,48,0.06260120546495593
L21H25,last,query_fact,all_test,target,71,71,37,True,completed,0.009556919168474393,0.004197249413369778,-0.005359669755104615,0.009216635135184571,48,0.06260120546495593
L21H25,last,query_fact,all_test,names_gap,71,69,37,True,completed,-0.0010910213441121237,-0.001276645925537203,-0.0001856245814250792,0.010003771309856397,48,0.06260120546495593
L21H25,last,query_fact,all_test,words_gap,71,71,37,True,completed,0.00718431914754316,-0.0021372397066233423,-0.009321558854166502,0.01016544264143831,48,0.06260120546495593
L17H5,first,query_fact,all_test,target,32,32,20,True,completed,0.025763354437180964,0.019385796567883175,-0.006377557869297789,0.02355222630852637,22,0.05612249374389648
L17H5,first,query_fact,all_test,names_gap,32,32,20,True,completed,0.00818454482782085,0.004177216537296802,-0.0040073282905240485,0.025815329879317315,22,0.05612249374389648
L17H5,first,query_fact,all_test,words_gap,32,32,20,True,completed,0.012751004517845577,0.014467871784483369,0.001716867266637792,0.022511002309152015,22,0.05612249374389648
L17H5,last,query_fact,all_test,target,32,32,20,True,completed,0.0032864882929544725,0.006961088560867902,0.00367460026791343,0.010261604483157119,22,0.05612249374389648
L17H5,last,query_fact,all_test,names_gap,32,32,20,True,completed,-0.0009870720270834588,-0.0032242291610827464,-0.0022371571339992874,0.015015152989457766,22,0.05612249374389648
L17H5,last,query_fact,all_test,words_gap,32,32,20,True,completed,-0.009725861626380923,0.002043163777468093,0.011769025403849016,0.010506935566839909,22,0.05612249374389648
L16H31,first,all_facts,final,target,23,23,14,True,completed,0.012887032020181783,0.020748634141692708,0.007861602121510925,0.019427655799118773,16,-0.3655460902622768
L16H31,first,all_facts,final,names_gap,23,23,14,True,completed,-0.004108360592748136,-0.00433513888228952,-0.00022677828954138345,0.02011098488958333,16,-0.3655460902622768
L16H31,first,all_facts,final,words_gap,23,23,14,True,completed,0.012197202813959878,0.020377163815046593,0.008179961001086715,0.019027748657983262,16,-0.3655460902622768
L16H31,first,query_fact,all_test,target,30,30,18,True,completed,0.013211600667300727,0.02117907060098994,0.007967469933689212,0.019621651035330354,22,-0.2982889811197917
L16H31,first,query_fact,all_test,names_gap,30,30,18,True,completed,-0.0014341283559598794,-0.0016210888593372848,-0.00018696050337740542,0.022136115195278812,22,-0.2982889811197917
L16H31,first,query_fact,all_test,words_gap,30,30,18,True,completed,0.011336778036906393,0.020609931984039362,0.009273153947132969,0.019035290759498193,22,-0.2982889811197917
L16H31,first,query_fact,final,target,23,23,14,True,completed,0.012887032020181783,0.020748634141692708,0.007861602121510925,0.019427655799118773,16,-0.3655460902622768
L16H31,first,query_fact,final,names_gap,23,23,14,True,completed,-0.004108360592748136,-0.00433513888228952,-0.00022677828954138345,0.02011098488958333,16,-0.3655460902622768
L16H31,first,query_fact,final,words_gap,23,23,14,True,completed,0.012197202813959878,0.020377163815046593,0.008179961001086715,0.019027748657983262,16,-0.3655460902622768
L16H31,last,all_facts,final,target,23,23,14,True,completed,0.016233641345592482,0.007152334373030283,-0.009081306972562198,0.010679892715331474,16,-0.3655460902622768
L16H31,last,all_facts,final,names_gap,23,23,14,True,completed,0.003834674107510239,-0.005349822876809484,-0.009184496984319723,0.01760395874816553,16,-0.3655460902622768
L16H31,last,all_facts,final,words_gap,23,23,14,True,completed,0.015543812139370573,0.0067808640463841675,-0.008762948092986406,0.010137214138773894,16,-0.3655460902622768
L16H31,last,query_fact,all_test,target,30,30,18,True,completed,0.02519109961645667,0.008624448335051214,-0.016566651281405456,0.013151242909955792,22,-0.2982889811197917
L16H31,last,query_fact,all_test,names_gap,30,30,18,True,completed,0.010850711202007663,-0.004776744378900581,-0.015627455580908244,0.022117835131346023,22,-0.2982889811197917
L16H31,last,query_fact,all_test,words_gap,30,30,18,True,completed,0.02331627698606233,0.008055309718100638,-0.015260967267961691,0.012865656614751695,22,-0.2982889811197917
L16H31,last,query_fact,final,target,23,23,14,True,completed,0.016233641345592482,0.007152334373030283,-0.009081306972562198,0.010679892715331474,16,-0.3655460902622768
L16H31,last,query_fact,final,names_gap,23,23,14,True,completed,0.003834674107510239,-0.005349822876809484,-0.009184496984319723,0.01760395874816553,16,-0.3655460902622768
L16H31,last,query_fact,final,words_gap,23,23,14,True,completed,0.015543812139370573,0.0067808640463841675,-0.008762948092986406,0.010137214138773894,16,-0.3655460902622768
L2H21,first,all_facts,all_test,target,93,93,22,True,completed,0.008831370379837954,0.013025340239425955,0.004193969859588,0.015948854219053975,36,0.005758914080533114
L2H21,first,all_facts,all_test,names_gap,93,77,21,True,completed,-0.0007190681487726223,0.000888829325583815,0.0016078974743564372,0.016640651996604316,32,0.003940990992954799
L2H21,first,all_facts,all_test,words_gap,93,93,22,True,completed,0.0011782943382394819,0.001597396155164868,0.00041910181692538613,0.018601164846499842,36,0.005758914080533114
L2H21,last,all_facts,all_test,target,93,93,22,True,completed,0.025390481986166235,0.01662736571103465,-0.008763116275131586,0.02222265028470644,36,0.005758914080533114
L2H21,last,all_facts,all_test,names_gap,93,77,21,True,completed,0.004085809177291577,0.004693498866112782,0.0006076896888212047,0.019930068979887555,32,0.003940990992954799
L2H21,last,all_facts,all_test,words_gap,93,93,22,True,completed,0.017737405944567766,0.005199421626773562,-0.012537984317794203,0.023106393725458856,36,0.005758914080533114
L15H3,first,all_facts,final,target,1,1,1,False,insufficient support,0.0,0.0,0.0,0.0,1,-0.156005859375
L15H3,first,all_facts,final,names_gap,1,1,1,False,insufficient support,0.0,-0.009322497013156919,-0.009322497013156919,0.0,1,-0.156005859375
L15H3,first,all_facts,final,words_gap,1,1,1,False,insufficient support,0.0,-0.02882411020830095,-0.02882411020830095,0.0,1,-0.156005859375
L15H3,first,query_fact,final,target,1,1,1,False,insufficient support,0.0,0.0,0.0,0.0,1,-0.156005859375
L15H3,first,query_fact,final,names_gap,1,1,1,False,insufficient support,0.0,-0.009322497013156919,-0.009322497013156919,0.0,1,-0.156005859375
L15H3,first,query_fact,final,words_gap,1,1,1,False,insufficient support,0.0,-0.02882411020830095,-0.02882411020830095,0.0,1,-0.156005859375
L15H3,last,all_facts,final,target,1,1,1,False,insufficient support,0.0,0.0,0.0,0.0,1,-0.156005859375
L15H3,last,all_facts,final,names_gap,1,1,1,False,insufficient support,-0.018747008924758442,-0.004320748720186538,0.014426260204571904,0.0,1,-0.156005859375
L15H3,last,all_facts,final,words_gap,1,1,1,False,insufficient support,0.0,-0.02882411020830095,-0.02882411020830095,0.0,1,-0.156005859375
L15H3,last,query_fact,final,target,1,1,1,False,insufficient support,0.0,0.0,0.0,0.0,1,-0.156005859375
L15H3,last,query_fact,final,names_gap,1,1,1,False,insufficient support,-0.018747008924758442,-0.004320748720186538,0.014426260204571904,0.0,1,-0.156005859375
L15H3,last,query_fact,final,words_gap,1,1,1,False,insufficient support,0.0,-0.02882411020830095,-0.02882411020830095,0.0,1,-0.156005859375
L2H21,first,query_fact,all_test,target,11,11,4,False,insufficient support,0.0017584616004410114,0.0044057087619576675,0.002647247161516656,0.006422901365876095,5,-0.017467498779296875
L2H21,first,query_fact,all_test,names_gap,11,9,4,False,insufficient support,-0.0033688887720097938,0.00021716903335607714,0.003586057805365871,0.005881632411240558,5,-0.017467498779296875
L2H21,first,query_fact,all_test,words_gap,11,11,4,False,insufficient support,-0.013634855816239431,-0.013816876813212954,-0.00018202099697352259,0.004822469100180501,5,-0.017467498779296875
L2H21,last,query_fact,all_test,target,11,11,4,False,insufficient support,0.031492261247469115,0.015535766890047042,-0.015956494357422073,0.017777152859499833,5,-0.017467498779296875
L2H21,last,query_fact,all_test,names_gap,11,9,4,False,insufficient support,-0.007401935891997897,-0.004733598580823738,0.0026683373111741583,0.030270222863667307,5,-0.017467498779296875
L2H21,last,query_fact,all_test,words_gap,11,11,4,False,insufficient support,0.016098943830788668,-0.0026868186851235786,-0.018785762515912248,0.015241579125917164,5,-0.017467498779296875
L30H13,first,all_facts,all_test,target,6,6,4,False,insufficient support,0.02822904704175465,0.014598250364750136,-0.013630796677004512,0.02530599916171283,5,0.4717445373535156
L30H13,first,all_facts,all_test,names_gap,6,6,4,False,insufficient support,0.0012825015441802448,-0.037767855323919186,-0.039050356868099434,0.06351830902405534,5,0.4717445373535156
L30H13,first,all_facts,all_test,words_gap,6,6,4,False,insufficient support,0.019600672257222947,0.014598250364750136,-0.005002421892472811,0.02530599916171283,5,0.4717445373535156
L30H13,last,all_facts,all_test,target,6,6,4,False,insufficient support,0.01903214846778608,0.03219859738147322,0.013166448913687137,0.058067083983474925,5,0.4717445373535156
L30H13,last,all_facts,all_test,names_gap,6,6,4,False,insufficient support,0.0021345462214425025,0.009819904801096832,0.0076853585796543295,0.044742917773294165,5,0.4717445373535156
L30H13,last,all_facts,all_test,words_gap,6,6,4,False,insufficient support,0.010403773683254383,0.03219859738147322,0.021794823698218835,0.058067083983474925,5,0.4717445373535156
L27H6,first,all_facts,all_test,target,1,1,1,False,insufficient support,0.0,0.0,0.0,0.0,1,1.43701171875
L27H6,first,all_facts,all_test,names_gap,1,1,1,False,insufficient support,-0.07663139259695069,0.0,0.07663139259695069,0.0,1,1.43701171875
L27H6,first,all_facts,all_test,words_gap,1,1,1,False,insufficient support,-0.0024410928336129284,-0.029091436014798615,-0.026650343181185688,0.0,1,1.43701171875
L27H6,last,all_facts,all_test,target,1,1,1,False,insufficient support,0.020999069782233634,0.037912828107872915,0.01691375832563928,0.0,1,1.43701171875
L27H6,last,all_facts,all_test,names_gap,1,1,1,False,insufficient support,0.020999069782233634,0.015668166120982978,-0.005330903661250656,0.0,1,1.43701171875
L27H6,last,all_facts,all_test,words_gap,1,1,1,False,insufficient support,0.018557976948620707,0.008821392093074299,-0.009736584855546408,0.0,1,1.43701171875
L13H1,first,query_fact,all_test,target,2,2,1,False,insufficient support,0.0,0.0063001047241960356,0.0063001047241960356,0.0,2,-0.01715087890625
L13H1,first,query_fact,all_test,names_gap,2,2,1,False,insufficient support,-0.0055031514699635,0.004560064087423109,0.01006321555738661,0.0,2,-0.01715087890625
L13H1,first,query_fact,all_test,words_gap,2,2,1,False,insufficient support,-0.005912008686037957,-0.005578148892910225,0.0003338597931277325,0.0,2,-0.01715087890625
L13H1,last,query_fact,all_test,target,2,2,1,False,insufficient support,0.015509178978904335,0.0190532700596108,0.003544091080706465,0.0,2,-0.01715087890625
L13H1,last,query_fact,all_test,names_gap,2,2,1,False,insufficient support,0.008721281074943904,-0.015674531526953597,-0.0243958126018975,0.0,2,-0.01715087890625
L13H1,last,query_fact,all_test,words_gap,2,2,1,False,insufficient support,0.009597170292866379,0.007175016442504541,-0.002422153850361838,0.0,2,-0.01715087890625
L20H1,first,query_fact,all_test,target,1,1,1,False,insufficient support,0.02041657860124675,0.0,-0.02041657860124675,0.0,1,-1.0064697265625
L20H1,first,query_fact,all_test,names_gap,1,0,0,False,insufficient support,,,,,,
L20H1,first,query_fact,all_test,words_gap,1,1,1,False,insufficient support,0.008099542046781786,-0.010781255903108732,-0.018880797949890518,0.0,1,-1.0064697265625
L20H1,last,query_fact,all_test,target,1,1,1,False,insufficient support,0.0,0.0,0.0,0.0,1,-1.0064697265625
L20H1,last,query_fact,all_test,names_gap,1,0,0,False,insufficient support,,,,,,
L20H1,last,query_fact,all_test,words_gap,1,1,1,False,insufficient support,-0.012317036554464965,-0.010781255903108732,0.0015357806513562333,0.0,1,-1.0064697265625
L1H27,first,all_facts,all_test,target,411,411,84,True,completed,0.03251827864552398,0.031424948098161355,-0.001093330547362624,0.016902900591735714,152,0.01709571338835217
L1H27,first,all_facts,all_test,names_gap,411,411,84,True,completed,0.001326055982762593,0.00022436602248974638,-0.0011016899602728466,0.015551761778001865,152,0.01709571338835217
L1H27,first,all_facts,all_test,words_gap,411,411,84,True,completed,0.015928251347338197,0.017452565106880324,0.0015243137595421265,0.017249218911090467,152,0.01709571338835217
L1H27,first,query_fact,all_test,target,269,269,75,True,completed,0.032517361877441135,0.03205902406933287,-0.00045833780810826397,0.01907787825268379,129,0.009853299458821614
L1H27,first,query_fact,all_test,names_gap,269,269,75,True,completed,0.0030027556298213255,0.0012495098469583778,-0.0017532457828629477,0.020666923917792145,129,0.009853299458821614
L1H27,first,query_fact,all_test,words_gap,269,269,75,True,completed,0.01750780560696013,0.019490858101112386,0.0019830524941522563,0.0195349994684564,129,0.009853299458821614
L1H27,last,all_facts,all_test,target,411,411,84,True,completed,0.008261142217218862,0.012088807540406683,0.003827665323187821,0.014317139426685709,152,0.01709571338835217
L1H27,last,all_facts,all_test,names_gap,411,411,84,True,completed,0.0009450958647012737,0.0022713216845355994,0.0013262258198343257,0.013916069091869479,152,0.01709571338835217
L1H27,last,all_facts,all_test,words_gap,411,411,84,True,completed,-0.008328885080966927,-0.001883575450874349,0.006445309630092578,0.015797674422284188,152,0.01709571338835217
L1H27,last,query_fact,all_test,target,269,269,75,True,completed,0.009389555607725612,0.013184150969579037,0.0037945953618534253,0.01707536358755209,129,0.009853299458821614
L1H27,last,query_fact,all_test,names_gap,269,269,75,True,completed,0.0026434006368136935,0.004600375376824466,0.0019569747400107725,0.015929045494893667,129,0.009853299458821614
L1H27,last,query_fact,all_test,words_gap,269,269,75,True,completed,-0.00562000066275539,0.0006159850013585553,0.006235985664113945,0.01845049968271104,129,0.009853299458821614
L5H18,first,all_facts,all_test,target,533,533,79,True,completed,0.008711506654704328,0.008785202302045493,7.36956473411654e-05,0.010776186122458441,135,-0.002645915067648586
L5H18,first,all_facts,all_test,names_gap,533,385,69,True,completed,0.003596106083850178,-0.00028944949687408273,-0.003885555580724261,0.015844676089370235,113,-0.006044913029325181
L5H18,first,all_facts,all_test,words_gap,533,533,79,True,completed,-0.0024479775338127944,-0.0014005002602147669,0.0010474772735980275,0.012593906168496748,135,-0.002645915067648586
L5H18,last,all_facts,all_test,target,533,533,79,True,completed,0.013087741181645513,0.014346889357098411,0.0012591481754528986,0.016892203163861624,135,-0.002645915067648586
L5H18,last,all_facts,all_test,names_gap,533,385,69,True,completed,0.003666569525543115,0.003485310587235601,-0.00018125893830751383,0.025466780597630634,113,-0.006044913029325181
L5H18,last,all_facts,all_test,words_gap,533,533,79,True,completed,0.0019282569931283874,0.004161186794838149,0.0022329298017097618,0.017985402997576422,135,-0.002645915067648586
L14H10,first,all_facts,all_test,target,328,328,78,True,completed,0.007976896292006156,0.018270364727436334,0.010293468435430178,0.014440196955580213,127,-0.007764779604398287
L14H10,first,all_facts,all_test,names_gap,328,245,76,True,completed,0.0021394115461487615,0.0001130767932499225,-0.002026334752898839,0.015900027749837627,118,-0.005698731071070621
L14H10,first,all_facts,all_test,words_gap,328,328,78,True,completed,0.00029052315553561775,0.013063380540337838,0.01277285738480222,0.015410201778416083,127,-0.007764779604398287
L14H10,last,all_facts,all_test,target,328,328,78,True,completed,0.014156885157784673,0.005215486220928515,-0.008941398936856158,0.007712067144991214,127,-0.007764779604398287
L14H10,last,all_facts,all_test,names_gap,328,245,76,True,completed,0.0007294126303478014,-0.004571799169848574,-0.005301211800196375,0.011788925118350795,118,-0.005698731071070621
L14H10,last,all_facts,all_test,words_gap,328,328,78,True,completed,0.0064705120213141365,8.502033830021669e-06,-0.006462009987484115,0.0077021135591094645,127,-0.007764779604398287
L27H23,first,all_facts,all_test,target,533,533,89,True,completed,0.007799892274182782,0.0046146477090219535,-0.003185244565160828,0.0075637051288887786,178,-0.0011554889464646242
L27H23,first,all_facts,all_test,names_gap,533,533,89,True,completed,-0.001996852359679752,-0.0014976252471975682,0.0004992271124821838,0.007544292751681454,178,-0.0011554889464646242
L27H23,first,all_facts,all_test,words_gap,533,533,89,True,completed,0.005962417637530266,0.0031284186001723138,-0.002833999037357952,0.007570056467918154,178,-0.0011554889464646242
L27H23,last,all_facts,all_test,target,533,533,89,True,completed,0.03210021203410791,0.024262178086569306,-0.0078380339475386,0.013660619601675009,178,-0.0011554889464646242
L27H23,last,all_facts,all_test,names_gap,533,533,89,True,completed,0.0019864930806724043,-0.0037959115739825892,-0.005782404654654993,0.015001303383462429,178,-0.0011554889464646242
L27H23,last,all_facts,all_test,words_gap,533,533,89,True,completed,0.030262737397455393,0.022775948977719663,-0.00748678841973573,0.013616912440355712,178,-0.0011554889464646242
L25H18,first,all_facts,all_test,target,55,55,18,True,completed,0.008919942879792435,0.011610524507415114,0.0026905816276226787,0.018593249694262456,26,-0.025285349951850042
L25H18,first,all_facts,all_test,names_gap,55,46,17,True,completed,0.001605026187096433,0.003141036705316921,0.001536010518220488,0.02494742926767038,25,-0.024474480572868797
L25H18,first,all_facts,all_test,words_gap,55,55,18,True,completed,0.0027631182056788743,0.007406959581066965,0.0046438413753880905,0.020539744710688687,26,-0.025285349951850042
L25H18,last,all_facts,all_test,target,55,55,18,True,completed,0.02855543923676461,0.023934258624271953,-0.004621180612492656,0.022482394424337908,26,-0.025285349951850042
L25H18,last,all_facts,all_test,names_gap,55,46,17,True,completed,0.01306932895642486,0.011164944921921473,-0.0019043840345033865,0.024305233326457953,25,-0.024474480572868797
L25H18,last,all_facts,all_test,words_gap,55,55,18,True,completed,0.02239861456265105,0.019730693697923803,-0.002667920864727249,0.021471620467848673,26,-0.025285349951850042
L27H23,first,query_fact,all_test,target,214,214,89,True,completed,0.006545912840674474,0.004412724323534736,-0.0021331885171397376,0.007917545521372844,107,-0.0005842487463790379
L27H23,first,query_fact,all_test,names_gap,214,214,89,True,completed,-0.0036688249376908275,-0.0017970477411170375,0.00187177719657379,0.008695091220511889,107,-0.0005842487463790379
L27H23,first,query_fact,all_test,words_gap,214,214,89,True,completed,0.004796495202736265,0.0031182733450456934,-0.0016782218576905715,0.007942690042069383,107,-0.0005842487463790379
L27H23,last,query_fact,all_test,target,214,214,89,True,completed,0.030917777912519654,0.0237859886108517,-0.007131789301667954,0.017376487110960483,107,-0.0005842487463790379
L27H23,last,query_fact,all_test,names_gap,214,214,89,True,completed,0.00040991425188806487,-0.005171119443551122,-0.005581033695439187,0.01972358109678403,107,-0.0005842487463790379
L27H23,last,query_fact,all_test,words_gap,214,214,89,True,completed,0.029168360274581438,0.022491537632362654,-0.006676822642218784,0.017302867819594246,107,-0.0005842487463790379
L12H9,first,all_facts,all_test,target,49,49,24,True,completed,0.018252870488215018,0.009591546831118125,-0.008661323657096893,0.017077283659412534,30,-0.008237719535827637
L12H9,first,all_facts,all_test,names_gap,49,49,24,True,completed,0.005618594309130777,0.001179197636535522,-0.004439396672595255,0.020416930602554242,30,-0.008237719535827637
L12H9,first,all_facts,all_test,words_gap,49,49,24,True,completed,0.009405285409549002,-0.011113245971958131,-0.02051853138150713,0.019861372932755226,30,-0.008237719535827637
L12H9,last,all_facts,all_test,target,49,49,24,True,completed,0.011531519493008062,0.013899671835872152,0.0023681523428640897,0.017954683283464362,30,-0.008237719535827637
L12H9,last,all_facts,all_test,names_gap,49,49,24,True,completed,0.00025935615853666603,0.0042341271631492925,0.0039747710046126265,0.021965261658469817,30,-0.008237719535827637
L12H9,last,all_facts,all_test,words_gap,49,49,24,True,completed,0.0026839344143420457,-0.0068051209672041,-0.009489055381546145,0.020252766207241892,30,-0.008237719535827637
L16H21,first,all_facts,all_test,target,456,456,86,True,completed,0.012266927837193176,0.011598147958930185,-0.0006687798782629914,0.010737118549889417,156,0.9163924095242523
L16H21,first,all_facts,all_test,names_gap,456,456,86,True,completed,0.000816890759979114,-0.000551137781714917,-0.001368028541694031,0.01311802239329051,156,0.9163924095242523
L16H21,first,all_facts,all_test,words_gap,456,456,86,True,completed,-0.0004235069029179101,0.0024016780422997596,0.00282518494521767,0.012514526670793317,156,0.9163924095242523
L16H21,first,query_fact,all_test,target,426,426,85,True,completed,0.012543033475412744,0.011265159677621038,-0.0012778737977917065,0.010673911600158579,153,0.9202716771294089
L16H21,first,query_fact,all_test,names_gap,426,426,85,True,completed,0.0013600236700216707,-0.0011328061486299496,-0.0024928298186516202,0.013079761888034658,153,0.9202716771294089
L16H21,first,query_fact,all_test,words_gap,426,426,85,True,completed,-0.0002531615855723417,0.001843484250705886,0.0020966458362782275,0.012253751433079569,153,0.9202716771294089
L16H21,last,all_facts,all_test,target,456,456,86,True,completed,0.017852644385122452,0.007270700974456823,-0.01058194341066563,0.009355847873981957,156,0.9163924095242523
L16H21,last,all_facts,all_test,names_gap,456,456,86,True,completed,0.0007564990621947594,-0.0006963129995035338,-0.0014528120616982931,0.01146449754377804,156,0.9163924095242523
L16H21,last,all_facts,all_test,words_gap,456,456,86,True,completed,0.005162209645011369,-0.0019257689421736035,-0.0070879785871849725,0.011258334820719782,156,0.9163924095242523
L16H21,last,query_fact,all_test,target,426,426,85,True,completed,0.01846893816429815,0.007054189086297457,-0.011414749078000691,0.009902102716102397,153,0.9202716771294089
L16H21,last,query_fact,all_test,names_gap,426,426,85,True,completed,0.001639749051715147,-0.0008144084157097997,-0.0024541574674249466,0.01219623935140613,153,0.9202716771294089
L16H21,last,query_fact,all_test,words_gap,426,426,85,True,completed,0.005672743103313065,-0.002367486340617698,-0.008040229443930763,0.011722425856554692,153,0.9202716771294089
L11H4,first,all_facts,all_test,target,94,94,39,True,completed,0.014664215359582174,0.017710645293482676,0.003046429933900502,0.018000498251137285,51,0.0024390587439903845
L11H4,first,all_facts,all_test,names_gap,94,94,39,True,completed,0.0065215489540587845,0.0015220894381820433,-0.004999459515876741,0.022240249505911653,51,0.0024390587439903845
L11H4,first,all_facts,all_test,words_gap,94,94,39,True,completed,0.0037683384666253802,0.007754229574118526,0.0039858911074931455,0.019340670586091006,51,0.0024390587439903845
L11H4,first,query_fact,all_test,target,53,53,29,True,completed,0.01613657477811355,0.018566026744220858,0.002429451966107308,0.01749535525290619,31,0.0022903968547952585
L11H4,first,query_fact,all_test,names_gap,53,53,29,True,completed,0.007080368857786774,0.0017174936423265258,-0.005362875215460248,0.022044786329837775,31,0.0022903968547952585
L11H4,first,query_fact,all_test,words_gap,53,53,29,True,completed,0.005851516058837873,0.009371604901210695,0.003520088842372822,0.017999193256061433,31,0.0022903968547952585
L11H4,last,all_facts,all_test,target,94,94,39,True,completed,0.012559333285875425,0.0069560594960475335,-0.005603273789827891,0.007739245133364499,51,0.0024390587439903845
L11H4,last,all_facts,all_test,names_gap,94,94,39,True,completed,-0.0002222939734814805,-0.00475620263267028,-0.0045339086591888,0.011712135528198463,51,0.0024390587439903845
L11H4,last,all_facts,all_test,words_gap,94,94,39,True,completed,0.0016634563929186254,-0.003000356223316612,-0.004663812616235238,0.010913343667495223,51,0.0024390587439903845
L11H4,last,query_fact,all_test,target,53,53,29,True,completed,0.015401159821251757,0.007221624259249598,-0.008179535562002158,0.008434345783637559,31,0.0022903968547952585
L11H4,last,query_fact,all_test,names_gap,53,53,29,True,completed,-0.0001818218391234573,-0.005549509340356488,-0.005367687501233031,0.013046819548795885,31,0.0022903968547952585
L11H4,last,query_fact,all_test,words_gap,53,53,29,True,completed,0.005116101101976082,-0.0019727975837605673,-0.0070888986857366495,0.01109363045923624,31,0.0022903968547952585
L16H21,first,all_facts,final,target,230,230,79,True,completed,0.009784341458114146,0.013629909834541756,0.00384556837642761,0.01576297988475785,127,0.913277004338518
L16H21,first,all_facts,final,names_gap,230,230,79,True,completed,-0.00031939085347598787,-0.0012429396721474872,-0.0009235488186714992,0.01835775532144765,127,0.913277004338518
L16H21,first,all_facts,final,words_gap,230,230,79,True,completed,-0.004780934054931142,0.006157269895545304,0.010938203950476445,0.016706238403744956,127,0.913277004338518
L16H21,first,query_fact,final,target,222,222,77,True,completed,0.009656710007473117,0.013229243817058346,0.0035725338095852297,0.015703319487483883,124,0.9453929987820712
L16H21,first,query_fact,final,names_gap,222,222,77,True,completed,-0.00041723313822420957,-0.0018762049772330478,-0.0014589718390088382,0.01823658755217698,124,0.9453929987820712
L16H21,first,query_fact,final,words_gap,222,222,77,True,completed,-0.004940311513989302,0.005730362778899563,0.010670674292888864,0.016654014873787513,124,0.9453929987820712
L16H21,last,all_facts,final,target,230,230,79,True,completed,0.01849692472678235,0.005649034122510095,-0.012847890604272256,0.010992666846108716,127,0.913277004338518
L16H21,last,all_facts,final,names_gap,230,230,79,True,completed,0.0021699845902940136,4.258438817910718e-05,-0.002127400202114906,0.011918688821767135,127,0.913277004338518
L16H21,last,all_facts,final,words_gap,230,230,79,True,completed,0.003931649213737069,-0.001823605816486359,-0.005755255030223428,0.012270666064439866,127,0.913277004338518
L16H21,last,query_fact,final,target,222,222,77,True,completed,0.019065777275222098,0.005728972350190641,-0.013336804925031457,0.011110842525675435,124,0.9453929987820712
L16H21,last,query_fact,final,names_gap,222,222,77,True,completed,0.003351207392800489,0.00023342408564018473,-0.003117783307160304,0.01198688573144766,124,0.9453929987820712
L16H21,last,query_fact,final,words_gap,222,222,77,True,completed,0.004468755753759682,-0.0017699086879681399,-0.0062386644417278215,0.01239041133440537,124,0.9453929987820712
L18H22,first,all_facts,all_test,target,37,37,19,True,completed,0.007861861838300654,0.007224385432284039,-0.000637476406016615,0.015608727176536772,24,0.07019113239489104
L18H22,first,all_facts,all_test,names_gap,37,37,19,True,completed,-0.0013008641309084242,0.0007773055673091147,0.002078169698217539,0.012690905879431683,24,0.07019113239489104
L18H22,first,all_facts,all_test,words_gap,37,37,19,True,completed,-0.024201648441056666,-0.050041140602678905,-0.02583949216162224,0.06862929416713576,24,0.07019113239489104
L18H22,last,all_facts,all_test,target,37,37,19,True,completed,0.01840965057101218,0.01103027329384621,-0.007379377277165972,0.014801279974188541,24,0.07019113239489104
L18H22,last,all_facts,all_test,names_gap,37,37,19,True,completed,-0.0008645144278548255,-0.00031836125523710226,0.0005461531726177232,0.015310137627883892,24,0.07019113239489104
L18H22,last,all_facts,all_test,words_gap,37,37,19,True,completed,-0.013653859708345139,-0.04623525274111673,-0.03258139303277159,0.06867780334520097,24,0.07019113239489104
L6H24,first,all_facts,all_test,target,370,370,86,True,completed,0.009399662248598882,0.026523150137017493,0.01712348788841861,0.01674557420804419,145,0.11427108631577602
L6H24,first,all_facts,all_test,names_gap,370,366,86,True,completed,0.00048063261313671316,0.004139220249335875,0.0036585876361991615,0.015892057609422302,145,0.11427108631577602
L6H24,first,all_facts,all_test,words_gap,370,370,86,True,completed,-0.0024955328479215172,0.014345212600614223,0.01684074544853574,0.017430018524395068,145,0.11427108631577602
L6H24,first,query_fact,all_test,target,246,246,75,True,completed,0.00936297697768681,0.025295253906368657,0.01593227692868185,0.01933723632451326,107,0.10407560984293619
L6H24,first,query_fact,all_test,names_gap,246,245,75,True,completed,0.0013724918569613187,0.0026535420952647783,0.0012810502383034596,0.02080426922448641,107,0.10407560984293619
L6H24,first,query_fact,all_test,words_gap,246,246,75,True,completed,-0.0026134946004211655,0.01273567282870488,0.015349167429126046,0.019324706664758093,107,0.10407560984293619
L6H24,last,all_facts,all_test,target,370,370,86,True,completed,0.02223534986535307,0.00308230560641436,-0.01915304425893871,0.0069612822397685115,145,0.11427108631577602
L6H24,last,all_facts,all_test,names_gap,370,366,86,True,completed,0.00033762320835771764,-0.0009159209522197467,-0.0012535441605774644,0.008516387910007837,145,0.11427108631577602
L6H24,last,all_facts,all_test,words_gap,370,370,86,True,completed,0.010340154768832672,-0.009095631929988919,-0.01943578669882159,0.007978910934309014,145,0.11427108631577602
L6H24,last,query_fact,all_test,target,246,246,75,True,completed,0.023009408142635534,0.0035220242557811553,-0.01948738388685438,0.008210599145569304,107,0.10407560984293619
L6H24,last,query_fact,all_test,names_gap,246,245,75,True,completed,-7.230088751760145e-05,-0.0004277567540468011,-0.0003554558665291996,0.008901984222640635,107,0.10407560984293619
L6H24,last,query_fact,all_test,words_gap,246,246,75,True,completed,0.011032936564527555,-0.009037556821882625,-0.02007049338641018,0.00884958244012593,107,0.10407560984293619
L7H25,first,all_facts,all_test,target,73,73,36,True,completed,0.012255732776936167,0.016613829046144172,0.004358096269208005,0.019289319580841572,44,-0.0013915962643093532
L7H25,first,all_facts,all_test,names_gap,73,73,36,True,completed,0.0017168559904221408,-0.00048141894649632,-0.002198274936918461,0.024429810908710995,44,-0.0013915962643093532
L7H25,first,all_facts,all_test,words_gap,73,73,36,True,completed,0.004377064278144485,-0.004999834395995666,-0.009376898674140152,0.026106330194039306,44,-0.0013915962643093532
L7H25,last,all_facts,all_test,target,73,73,36,True,completed,0.015302580500933508,0.006245928941012854,-0.009056651559920654,0.009706390895214745,44,-0.0013915962643093532
L7H25,last,all_facts,all_test,names_gap,73,73,36,True,completed,-0.004770929750566364,-0.0032777447398696456,0.0014931850106967189,0.010474206472447112,44,-0.0013915962643093532
L7H25,last,all_facts,all_test,words_gap,73,73,36,True,completed,0.007423912002141825,-0.015367734501126983,-0.022791646503268807,0.0204228251203338,44,-0.0013915962643093532
L21H27,first,all_facts,all_test,target,483,483,84,True,completed,0.00510043143316178,0.00490500515007448,-0.00019542628308729954,0.012533948007850234,154,0.04872666654132661
L21H27,first,all_facts,all_test,names_gap,483,458,84,True,completed,-0.0069950207068159,-0.009782474987283874,-0.0027874542804679735,0.022261866156489347,154,0.04872666654132661
L21H27,first,all_facts,all_test,words_gap,483,483,84,True,completed,0.0005315106619265345,0.0010472133909567526,0.0005157027290302181,0.014632670282942701,154,0.04872666654132661
L21H27,first,query_fact,all_test,target,360,360,80,True,completed,0.0032764323512614454,0.003179268609794954,-9.716374146649144e-05,0.007938586323279477,143,0.050762218236923215
L21H27,first,query_fact,all_test,names_gap,360,350,80,True,completed,-0.010542318156197116,-0.013176623739646422,-0.002634305583449306,0.023246370873353375,143,0.050762218236923215
L21H27,first,query_fact,all_test,words_gap,360,360,80,True,completed,-0.0012341409866794652,-0.0007373575693246339,0.0004967834173548313,0.010882918628218153,143,0.050762218236923215
L21H27,last,all_facts,all_test,target,483,483,84,True,completed,0.01958931678355878,0.012917437534236362,-0.006671879249322417,0.017868447806136025,154,0.04872666654132661
L21H27,last,all_facts,all_test,names_gap,483,458,84,True,completed,-0.0023095672922755646,-0.002723001990914269,-0.00041343469863870446,0.019306027628227106,154,0.04872666654132661
L21H27,last,all_facts,all_test,words_gap,483,483,84,True,completed,0.015020396012323533,0.009059645775118627,-0.005960750237204906,0.02036991921560986,154,0.04872666654132661
L21H27,last,query_fact,all_test,target,360,360,80,True,completed,0.02292089056901428,0.014415130069729712,-0.008505760499284568,0.023426191863579065,143,0.050762218236923215
L21H27,last,query_fact,all_test,names_gap,360,350,80,True,completed,-0.0005704322110227425,-0.0031091948055946574,-0.002538762594571915,0.02372876576436508,143,0.050762218236923215
L21H27,last,query_fact,all_test,words_gap,360,360,80,True,completed,0.01841031723107337,0.010498503890610123,-0.007911813340463248,0.025358649129737353,143,0.050762218236923215
L25H18,first,query_fact,all_test,target,30,30,9,False,insufficient support,0.010083302100060441,0.011164265107511989,0.001080963007451547,0.020630098394133402,13,-0.030810568067762587
L25H18,first,query_fact,all_test,names_gap,30,26,9,False,insufficient support,8.346403723924333e-05,-0.0007928666159057172,-0.0008763306531449606,0.028374415098007196,13,-0.030810568067762587
L25H18,first,query_fact,all_test,words_gap,30,30,9,False,insufficient support,0.003367133155388559,0.007385167612385428,0.004018034456996869,0.022717676486839748,13,-0.030810568067762587
L25H18,last,query_fact,all_test,target,30,30,9,False,insufficient support,0.030793583321573708,0.026675054994250408,-0.0041185283273233,0.02545073121530709,13,-0.030810568067762587
L25H18,last,query_fact,all_test,names_gap,30,26,9,False,insufficient support,0.015563472267813936,0.013136722617863772,-0.0024267496499501637,0.02811117719061161,13,-0.030810568067762587
L25H18,last,query_fact,all_test,words_gap,30,30,9,False,insufficient support,0.024077414376901824,0.02289595749912384,-0.0011814568777779831,0.024787409932089742,13,-0.030810568067762587
L8H16,first,all_facts,all_test,target,329,329,77,True,completed,0.011460862341460988,0.009965689088813214,-0.001495173252647775,0.010056398528483897,130,-0.004879350786085253
L8H16,first,all_facts,all_test,names_gap,329,329,77,True,completed,0.0017579195997527975,-0.00026489796561491176,-0.0020228175653677094,0.012230433051828976,130,-0.004879350786085253
L8H16,first,all_facts,all_test,words_gap,329,329,77,True,completed,-0.004277812705041456,-0.011605979935498424,-0.007328167230456968,0.01381445461545397,130,-0.004879350786085253
L8H16,last,all_facts,all_test,target,329,329,77,True,completed,0.013492790019350777,0.005203984839605633,-0.008288805179745144,0.00989244478879044,130,-0.004879350786085253
L8H16,last,all_facts,all_test,names_gap,329,329,77,True,completed,-0.002664175470017514,0.00013879155519903934,0.002802967025216553,0.011047993776963848,130,-0.004879350786085253
L8H16,last,all_facts,all_test,words_gap,329,329,77,True,completed,-0.0022458850271516702,-0.016367684184706004,-0.014121799157554335,0.012882861721760687,130,-0.004879350786085253
L15H0,first,all_facts,all_test,target,23,23,15,True,completed,0.008465316552584921,0.014896107076243292,0.006430790523658371,0.025788010061582312,16,-0.016951942443847658
L15H0,first,all_facts,all_test,names_gap,23,23,15,True,completed,-0.0002628381229616219,-0.001627016280719,-0.001364178157757378,0.024326722332667267,16,-0.016951942443847658
L15H0,first,all_facts,all_test,words_gap,23,23,15,True,completed,0.005015668596550347,0.006493907135774869,0.0014782385392245216,0.02688550077206694,16,-0.016951942443847658
L15H0,last,all_facts,all_test,target,23,23,15,True,completed,0.024506633845051688,0.022582325759520086,-0.0019243080855316022,0.024378588386556505,16,-0.016951942443847658
L15H0,last,all_facts,all_test,names_gap,23,23,15,True,completed,0.0004802629737696078,0.0016824949034564135,0.0012022319296868056,0.028310195784925708,16,-0.016951942443847658
L15H0,last,all_facts,all_test,words_gap,23,23,15,True,completed,0.02105698588901712,0.014180125819051665,-0.006876860069965456,0.02318343912194127,16,-0.016951942443847658
L9H17,first,all_facts,all_test,target,39,39,23,True,completed,0.00731027229284023,0.006698834500105534,-0.0006114377927346959,0.01227073962090818,27,0.057806844296662704
L9H17,first,all_facts,all_test,names_gap,39,38,22,True,completed,0.002079164260776488,-0.00028667363280712054,-0.0023658378935836086,0.014550513930719997,26,0.055662588639692825
L9H17,first,all_facts,all_test,words_gap,39,39,23,True,completed,0.003332190067727436,-0.013509139693826654,-0.01684132976155409,0.016768126245917076,27,0.057806844296662704
L9H17,first,query_fact,all_test,target,25,25,14,True,completed,0.008840595988669512,0.007976938401373878,-0.0008636575872956343,0.014616866999601616,16,0.043521336146763394
L9H17,first,query_fact,all_test,names_gap,25,24,13,True,completed,0.0027150264345344993,0.0014306573285715308,-0.0012843691059629685,0.017827716658828482,15,0.038793710561899036
L9H17,first,query_fact,all_test,words_gap,25,25,14,True,completed,0.0039626991583493806,-0.01482021027757167,-0.01878290943592105,0.017787814428220253,16,0.043521336146763394
L9H17,last,all_facts,all_test,target,39,39,23,True,completed,0.021091588297144373,0.026502650732701166,0.005411062435556793,0.021216853946571624,27,0.057806844296662704
L9H17,last,all_facts,all_test,names_gap,39,38,22,True,completed,0.007282819248561978,0.00963154575672051,0.0023487265081585315,0.026684199958436284,26,0.055662588639692825
L9H17,last,all_facts,all_test,words_gap,39,39,23,True,completed,0.017113506072031583,0.006294676538768973,-0.01081882953326261,0.020747095391266172,27,0.057806844296662704
L9H17,last,query_fact,all_test,target,25,25,14,True,completed,0.020983334021906806,0.025330813784721018,0.004347479762814212,0.019724372393637984,16,0.043521336146763394
L9H17,last,query_fact,all_test,names_gap,25,24,13,True,completed,0.008669551056294668,0.00818488406160493,-0.0004846669946897385,0.017053706678440594,15,0.038793710561899036
L9H17,last,query_fact,all_test,words_gap,25,25,14,True,completed,0.01610543719158667,0.002533665105775467,-0.013571772085811203,0.01838946424276436,16,0.043521336146763394
L15H28,first,all_facts,all_test,target,104,104,41,True,completed,0.009404327301840777,0.006977614294643073,-0.002426713007197704,0.01069626327785889,53,0.009658580873070694
L15H28,first,all_facts,all_test,names_gap,104,103,40,True,completed,-0.00240840362923003,0.0012421119686960307,0.0036505155979260607,0.013079329761033133,52,0.009282064437866212
L15H28,first,all_facts,all_test,words_gap,104,104,41,True,completed,0.005968698182513078,-0.008969131217270297,-0.014937829399783376,0.015021633406085992,53,0.009658580873070694
L15H28,last,all_facts,all_test,target,104,104,41,True,completed,0.017650561231926685,0.01608678891833602,-0.0015637723135906653,0.01916620536905041,53,0.009658580873070694
L15H28,last,all_facts,all_test,names_gap,104,103,40,True,completed,-0.0070425570201041055,-0.0028458269844761157,0.004196730035627989,0.022598062443347375,52,0.009282064437866212
L15H28,last,all_facts,all_test,words_gap,104,104,41,True,completed,0.014214932112598984,0.00014004340642264563,-0.014074888706176339,0.021336839432830233,53,0.009658580873070694
L15H18,first,all_facts,all_test,target,110,110,50,True,completed,0.015534365666369334,0.012672684207188306,-0.002861681459181028,0.01711355050261937,67,0.04733394622802734
L15H18,first,all_facts,all_test,names_gap,110,110,50,True,completed,0.005405304839351009,0.004174273273512529,-0.0012310315658384807,0.01874736598473811,67,0.04733394622802734
L15H18,first,all_facts,all_test,words_gap,110,110,50,True,completed,0.006806487720640065,0.004557403449566543,-0.0022490842710735223,0.019828233592145517,67,0.04733394622802734
L15H18,last,all_facts,all_test,target,110,110,50,True,completed,0.016060032122748227,0.004061419701114357,-0.011998612421633869,0.009086640904613232,67,0.04733394622802734
L15H18,last,all_facts,all_test,names_gap,110,110,50,True,completed,0.007894866493607693,-0.0014729548220343183,-0.009367821315642011,0.01061941274429992,67,0.04733394622802734
L15H18,last,all_facts,all_test,words_gap,110,110,50,True,completed,0.007332154177018958,-0.004053861056507409,-0.011386015233526368,0.01062585057462601,67,0.04733394622802734
L20H7,first,all_facts,all_test,target,26,26,21,True,completed,0.00833632025705781,0.020817120242573713,0.012480799985515902,0.02196599968798812,24,-0.04310716901506696
L20H7,first,all_facts,all_test,names_gap,26,26,21,True,completed,0.0010459990700309337,-0.0018394096189122747,-0.0028854086889432084,0.012997286069101364,24,-0.04310716901506696
L20H7,first,all_facts,all_test,words_gap,26,26,21,True,completed,0.000883263313431689,0.01121146362578512,0.01032820031235343,0.0261495901583796,24,-0.04310716901506696
L20H7,first,query_fact,all_test,target,20,20,16,True,completed,0.01075375156192296,0.027799618065233095,0.017045866503310136,0.021184480069925862,19,-0.12207651138305664
L20H7,first,query_fact,all_test,names_gap,20,20,16,True,completed,0.002498268061635304,-4.526809147585727e-05,-0.0025435361531111617,0.010547873939656722,19,-0.12207651138305664
L20H7,first,query_fact,all_test,words_gap,20,20,16,True,completed,0.005445750377015709,0.021675141349113955,0.016229390972098245,0.021351217847416875,19,-0.12207651138305664
L20H7,last,all_facts,all_test,target,26,26,21,True,completed,0.028219092488476163,0.0387604247710044,0.010541332282528237,0.032639593089211716,24,-0.04310716901506696
L20H7,last,all_facts,all_test,names_gap,26,26,21,True,completed,0.010672906959281572,0.011141765977555384,0.0004688590182738116,0.03426069961932791,24,-0.04310716901506696
L20H7,last,all_facts,all_test,words_gap,26,26,21,True,completed,0.02076603554485005,0.029154768154215797,0.008388732609365748,0.03541550942167864,24,-0.04310716901506696
L20H7,last,query_fact,all_test,target,20,20,16,True,completed,0.028123245995170944,0.040618798757064,0.012495552761893056,0.03347822410423974,19,-0.12207651138305664
L20H7,last,query_fact,all_test,names_gap,20,20,16,True,completed,0.013667763659370556,0.016013457882938988,0.0023456942235684317,0.0325141567388861,19,-0.12207651138305664
L20H7,last,query_fact,all_test,words_gap,20,20,16,True,completed,0.022815244810263695,0.034494322040944866,0.011679077230681172,0.034044575891007046,19,-0.12207651138305664
L14H10,first,query_fact,all_test,target,98,98,45,True,completed,0.01045948580528406,0.018344079452105047,0.007884593646820988,0.01594872538472287,57,-0.010173373752170138
L14H10,first,query_fact,all_test,names_gap,98,92,45,True,completed,0.0035670923033317703,-0.0034423365037945758,-0.0070094288071263465,0.01817946526883446,54,-0.00633087158203125
L14H10,first,query_fact,all_test,words_gap,98,98,45,True,completed,0.0028754589890102353,0.015148154717585082,0.012272695728574846,0.016915481071973024,57,-0.010173373752170138
L14H10,last,query_fact,all_test,target,98,98,45,True,completed,0.015264689619490113,0.0020016855002913526,-0.01326300411919876,0.005657704719207719,57,-0.010173373752170138
L14H10,last,query_fact,all_test,names_gap,98,92,45,True,completed,0.0023864956645246968,-0.005219710527120693,-0.00760620619164539,0.010702027004246554,54,-0.00633087158203125
L14H10,last,query_fact,all_test,words_gap,98,98,45,True,completed,0.00768066280321629,-0.0011942392342286189,-0.008874902037444909,0.004692630689163746,57,-0.010173373752170138
L8H16,first,query_fact,all_test,target,64,64,38,True,completed,0.012724504039947094,0.014256249852801106,0.0015317458128540126,0.01841468840458331,47,-0.021697295339483964
L8H16,first,query_fact,all_test,names_gap,64,64,38,True,completed,0.003971157463829981,0.004121518240408769,0.0001503607765787878,0.020381383466634432,47,-0.021697295339483964
L8H16,first,query_fact,all_test,words_gap,64,64,38,True,completed,-0.004219782925244628,-0.008281016748075748,-0.004061233822831119,0.020957377664220518,47,-0.021697295339483964
L8H16,last,query_fact,all_test,target,64,64,38,True,completed,0.01816714713669414,0.0033832334624223416,-0.014783913674271799,0.007453115937653653,47,-0.021697295339483964
L8H16,last,query_fact,all_test,names_gap,64,64,38,True,completed,0.0037022880721630643,-0.0019175655514240698,-0.005619853623587134,0.014428175445368214,47,-0.021697295339483964
L8H16,last,query_fact,all_test,words_gap,64,64,38,True,completed,0.0012228601715024167,-0.019154033138454513,-0.02037689330995693,0.010186936411828208,47,-0.021697295339483964
L16H2,first,all_facts,all_test,target,103,103,48,True,completed,0.010642307562975498,0.019020569711738555,0.008378262148763057,0.013774845450562205,62,0.006115565697352092
L16H2,first,all_facts,all_test,names_gap,103,103,48,True,completed,0.0004208228260915786,0.0008535368145633531,0.0004327139884717745,0.014689654335729786,62,0.006115565697352092
L16H2,first,all_facts,all_test,words_gap,103,103,48,True,completed,0.0013029887181156775,0.006035433503660245,0.0047324447855445675,0.017345959407318964,62,0.006115565697352092
L16H2,first,all_facts,final,target,81,81,42,True,completed,0.009733739776112561,0.01983598367847484,0.010102243902362279,0.013792893543599574,50,0.005467392149425689
L16H2,first,all_facts,final,names_gap,81,81,42,True,completed,-0.00012369797277061206,-0.0005318964178084263,-0.00040819844503781424,0.015749249685756493,50,0.005467392149425689
L16H2,first,all_facts,final,words_gap,81,81,42,True,completed,-0.0008118367482926373,0.008480784939836237,0.009292621688128874,0.014933934838249958,50,0.005467392149425689
L16H2,first,query_fact,all_test,target,89,89,46,True,completed,0.010000500849535618,0.018495645482432887,0.008495144632897269,0.013523747026407176,57,0.006263370099275008
L16H2,first,query_fact,all_test,names_gap,89,89,46,True,completed,-0.00037287339918291244,-0.0006597723128711787,-0.00028689891368826627,0.01536324874944114,57,0.006263370099275008
L16H2,first,query_fact,all_test,words_gap,89,89,46,True,completed,-0.0002348696387632009,0.005966475752189399,0.0062013453909526,0.017254681790149558,57,0.006263370099275008
L16H2,first,query_fact,final,target,81,81,42,True,completed,0.009733739776112561,0.01983598367847484,0.010102243902362279,0.013792893543599574,50,0.005467392149425689
L16H2,first,query_fact,final,names_gap,81,81,42,True,completed,-0.00012369797277061206,-0.0005318964178084263,-0.00040819844503781424,0.015749249685756493,50,0.005467392149425689
L16H2,first,query_fact,final,words_gap,81,81,42,True,completed,-0.0008118367482926373,0.008480784939836237,0.009292621688128874,0.014933934838249958,50,0.005467392149425689
L16H2,last,all_facts,all_test,target,103,103,48,True,completed,0.01218195267203729,0.00112005507603919,-0.0110618975959981,0.0043665336480064815,62,0.006115565697352092
L16H2,last,all_facts,all_test,names_gap,103,103,48,True,completed,-0.0015128115875839086,-0.00409461410691428,-0.0025818025193303715,0.007683078973925599,62,0.006115565697352092
L16H2,last,all_facts,all_test,words_gap,103,103,48,True,completed,0.0028426338271774695,-0.011865081132039117,-0.014707714959216587,0.010435057224429535,62,0.006115565697352092
L16H2,last,all_facts,final,target,81,81,42,True,completed,0.01169431947164418,0.0003721639254027103,-0.01132215554624147,0.0010999162179903454,50,0.005467392149425689
L16H2,last,all_facts,final,names_gap,81,81,42,True,completed,-0.0003706304816140971,-0.003716107765562367,-0.00334547728394827,0.006837168255045553,50,0.005467392149425689
L16H2,last,all_facts,final,words_gap,81,81,42,True,completed,0.0011487429472389838,-0.010983034813235891,-0.012131777760474874,0.006563975438124263,50,0.005467392149425689
L16H2,last,query_fact,all_test,target,89,89,46,True,completed,0.012006544341397278,0.001137808734752687,-0.010868735606644591,0.00445912271118207,57,0.006263370099275008
L16H2,last,query_fact,all_test,names_gap,89,89,46,True,completed,-0.0010102231883653374,-0.0032958801774913347,-0.0022856569891259973,0.007564982102764054,57,0.006263370099275008
L16H2,last,query_fact,all_test,words_gap,89,89,46,True,completed,0.0017711738530984586,-0.011391360995490806,-0.013162534848589265,0.010647756071005234,57,0.006263370099275008
L16H2,last,query_fact,final,target,81,81,42,True,completed,0.01169431947164418,0.0003721639254027103,-0.01132215554624147,0.0010999162179903454,50,0.005467392149425689
L16H2,last,query_fact,final,names_gap,81,81,42,True,completed,-0.0003706304816140971,-0.003716107765562367,-0.00334547728394827,0.006837168255045553,50,0.005467392149425689
L16H2,last,query_fact,final,words_gap,81,81,42,True,completed,0.0011487429472389838,-0.010983034813235891,-0.012131777760474874,0.006563975438124263,50,0.005467392149425689
L18H15,first,all_facts,all_test,target,45,45,18,True,completed,0.02135009287491249,0.008775102980279552,-0.012574989894632939,0.012493017932982646,22,0.00792996088663737
L18H15,first,all_facts,all_test,names_gap,45,39,17,True,completed,0.006804482217576878,-0.0007404880677962262,-0.007544970285373104,0.016635774069061682,21,0.005782688365263098
L18H15,first,all_facts,all_test,words_gap,45,45,18,True,completed,0.01159775391119516,-0.018898026691539185,-0.030495780602734345,0.021803362650281048,22,0.00792996088663737
L18H15,last,all_facts,all_test,target,45,45,18,True,completed,0.010784249031123754,0.00922151131996827,-0.0015627377111554833,0.01373097251674946,22,0.00792996088663737
L18H15,last,all_facts,all_test,names_gap,45,39,17,True,completed,0.00382547509829724,0.0004574502460460666,-0.0033680248522511736,0.019130947179490026,21,0.005782688365263098
L18H15,last,all_facts,all_test,words_gap,45,45,18,True,completed,0.001031910067406424,-0.018451618351850465,-0.01948352841925689,0.0230293051058808,22,0.00792996088663737
L18H22,first,query_fact,all_test,target,16,16,7,False,insufficient support,0.002510132223059462,0.009201342406788713,0.006691210183729252,0.023141384083481,9,0.04261997767857143
L18H22,first,query_fact,all_test,names_gap,16,16,7,False,insufficient support,-0.010341231330796476,0.0003531676326205328,0.010694398963417008,0.007613109808158677,9,0.04261997767857143
L18H22,first,query_fact,all_test,words_gap,16,16,7,False,insufficient support,-0.01668454164603309,-0.03315818700868461,-0.01647364536265152,0.04638596902186106,9,0.04261997767857143
L18H22,last,query_fact,all_test,target,16,16,7,False,insufficient support,0.006984988819307381,0.015337289157743888,0.008352300338436508,0.023813133390666777,9,0.04261997767857143
L18H22,last,query_fact,all_test,names_gap,16,16,7,False,insufficient support,-0.0032385352994003212,0.009283361646372801,0.012521896945773122,0.01955215398495336,9,0.04261997767857143
L18H22,last,query_fact,all_test,words_gap,16,16,7,False,insufficient support,-0.012209685049785169,-0.02702224025772943,-0.014812555207944262,0.03752019405754712,9,0.04261997767857143
L2H22,first,all_facts,all_test,target,38,38,15,True,completed,0.005579085410581858,0.00841326516545257,0.002834179754870712,0.013328625106966493,21,-0.0030415852864583335
L2H22,first,all_facts,all_test,names_gap,38,30,13,True,completed,-0.0006205312011082904,-0.00045553289285482634,0.00016499830825346406,0.017985706620630707,18,-0.007392296424278846
L2H22,first,all_facts,all_test,words_gap,38,38,15,True,completed,-0.003113819239422814,0.0032544952717627335,0.006368314511185547,0.014827044071644209,21,-0.0030415852864583335
L2H22,last,all_facts,all_test,target,38,38,15,True,completed,0.01911361111715059,0.01528136250400093,-0.003832248613149661,0.025485879702672427,21,-0.0030415852864583335
L2H22,last,all_facts,all_test,names_gap,38,30,13,True,completed,0.008528991456278685,0.001283002328218047,-0.007245989128060638,0.027668294012029547,18,-0.007392296424278846
L2H22,last,all_facts,all_test,words_gap,38,38,15,True,completed,0.01042070646714592,0.010122592610311093,-0.0002981138568348262,0.026934657031461768,21,-0.0030415852864583335
L26H23,first,all_facts,all_test,target,70,70,30,True,completed,0.01355680882290436,0.010023991455604371,-0.003532817367299988,0.012324185188283453,41,-0.340363343556722
L26H23,first,all_facts,all_test,names_gap,70,58,28,True,completed,0.005873084280925172,0.001244244753182851,-0.004628839527742321,0.014760210031320067,35,-0.32044877324785503
L26H23,first,all_facts,all_test,words_gap,70,70,30,True,completed,0.0018860195547833966,-0.006027026381741729,-0.007913045936525125,0.015079575013174454,41,-0.340363343556722
L26H23,last,all_facts,all_test,target,70,70,30,True,completed,0.01539506621646004,0.009814575756459247,-0.005580490460000793,0.01112588233536189,41,-0.340363343556722
L26H23,last,all_facts,all_test,names_gap,70,58,28,True,completed,8.760188748140616e-06,-0.006242794793048012,-0.0062515549817961525,0.016726245526613746,35,-0.32044877324785503
L26H23,last,all_facts,all_test,words_gap,70,70,30,True,completed,0.0037242769483390777,-0.006236442080886858,-0.009960719029225936,0.01324815776249002,41,-0.340363343556722
L26H23,first,query_fact,all_test,target,32,32,18,True,completed,0.016674186340932245,0.015633558241768573,-0.001040628099163672,0.017315273217842892,21,-0.3309941291809082
L26H23,first,query_fact,all_test,names_gap,32,29,17,True,completed,0.00415094023790525,0.0039060000631610035,-0.00024494017474424633,0.020125194776008024,20,-0.34795115975772634
L26H23,first,query_fact,all_test,words_gap,32,32,18,True,completed,0.0057683723518793684,-8.942831747653378e-05,-0.005857800669355902,0.020212323383835416,21,-0.3309941291809082
L26H23,last,query_fact,all_test,target,32,32,18,True,completed,0.016313211637391793,0.01038542413313226,-0.005927787504259534,0.01818764810022779,21,-0.3309941291809082
L26H23,last,query_fact,all_test,names_gap,32,29,17,True,completed,0.00386971624011135,-0.003890074543320915,-0.007759790783432265,0.017252054030991205,20,-0.34795115975772634
L26H23,last,query_fact,all_test,words_gap,32,32,18,True,completed,0.0054073976483389186,-0.005337562426112846,-0.010744960074451766,0.018526016135742656,21,-0.3309941291809082
L7H25,first,query_fact,all_test,target,23,23,15,True,completed,0.012514002447203472,0.019262649089865563,0.006748646642662091,0.017764949110200594,19,-0.025582313537597656
L7H25,first,query_fact,all_test,names_gap,23,23,15,True,completed,0.005103019262419922,0.002708244114470035,-0.002394775147949887,0.025601804773978283,19,-0.025582313537597656
L7H25,first,query_fact,all_test,words_gap,23,23,15,True,completed,0.004054359944736175,-0.0032589220886225785,-0.007313282033358754,0.020873532919947667,19,-0.025582313537597656
L7H25,last,query_fact,all_test,target,23,23,15,True,completed,0.026106100180925972,0.011458819106105241,-0.014647281074820731,0.012501852067327965,19,-0.025582313537597656
L7H25,last,query_fact,all_test,names_gap,23,23,15,True,completed,0.004278547814893314,0.001264964292229817,-0.003013583522663497,0.013624100047068146,19,-0.025582313537597656
L7H25,last,query_fact,all_test,words_gap,23,23,15,True,completed,0.01764645767845868,-0.011062752072382902,-0.028709209750841583,0.025700633652358734,19,-0.025582313537597656
L12H9,first,query_fact,all_test,target,22,22,13,True,completed,0.00875738879174774,0.010227989727510824,0.001470600935763084,0.021295179779731204,15,-0.013184547424316406
L12H9,first,query_fact,all_test,names_gap,22,22,13,True,completed,-0.0011238501002868218,0.006388975784639756,0.007512825884926577,0.020780591434628796,15,-0.013184547424316406
L12H9,first,query_fact,all_test,words_gap,22,22,13,True,completed,0.00013590642468305124,-0.008425106694640545,-0.008561013119323595,0.024162537379316937,15,-0.013184547424316406
L12H9,last,query_fact,all_test,target,22,22,13,True,completed,0.010474227770094215,0.010701657149935925,0.00022742937984170965,0.013422130216220603,15,-0.013184547424316406
L12H9,last,query_fact,all_test,names_gap,22,22,13,True,completed,0.000491319502528607,0.0015565921901111953,0.0010652726875825884,0.014366482127908727,15,-0.013184547424316406
L12H9,last,query_fact,all_test,words_gap,22,22,13,True,completed,0.0018527454030295278,-0.007951439272215447,-0.009804184675244975,0.017349000710997334,15,-0.013184547424316406
L5H18,first,query_fact,all_test,target,64,64,18,True,completed,0.009735289633189849,0.009761967898878105,2.6678265688256583e-05,0.01165496080120157,22,0.015689320034450956
L5H18,first,query_fact,all_test,names_gap,64,45,14,True,completed,0.00410245685943947,-0.001065726943498459,-0.0051681838029379295,0.02206287556767743,17,0.021816798618861606
L5H18,first,query_fact,all_test,words_gap,64,64,18,True,completed,0.001713509268014016,-3.646921438307168e-05,-0.0017499784823970877,0.01590264534291013,22,0.015689320034450956
L5H18,last,query_fact,all_test,target,64,64,18,True,completed,0.014668204567022376,0.010778035019929225,-0.003890169547093151,0.013983598261054202,22,0.015689320034450956
L5H18,last,query_fact,all_test,names_gap,64,45,14,True,completed,0.0001191921136442889,-0.0033540289183964056,-0.0034732210320406946,0.010312057624973017,17,0.021816798618861606
L5H18,last,query_fact,all_test,words_gap,64,64,18,True,completed,0.006646424201846542,0.000979597906668048,-0.005666826295178494,0.013750320862408292,22,0.015689320034450956
L18H15,first,query_fact,all_test,target,3,3,3,False,insufficient support,0.03604918627388859,0.011013415118107757,-0.02503577115578083,0.01907579454940982,3,0.0041815439860026045
L18H15,first,query_fact,all_test,names_gap,3,3,3,False,insufficient support,0.024490475017815493,0.010284359402048417,-0.014206115615767076,0.01971686146303017,3,0.0041815439860026045
L18H15,first,query_fact,all_test,words_gap,3,3,3,False,insufficient support,0.02697001049350194,-0.021491228099558893,-0.04846123859306083,0.024769223399453862,3,0.0041815439860026045
L18H15,last,query_fact,all_test,target,3,3,3,False,insufficient support,0.0007173645206739787,0.012636813370508865,0.011919448849834886,0.021887602803487068,3,0.0041815439860026045
L18H15,last,query_fact,all_test,names_gap,3,3,3,False,insufficient support,-0.002529709055414786,0.00020858542106414434,0.00273829447647893,0.024073362764339,3,0.0041815439860026045
L18H15,last,query_fact,all_test,words_gap,3,3,3,False,insufficient support,-0.00836181125971267,-0.01986782984715779,-0.011506018587445118,0.033189606775946165,3,0.0041815439860026045
L15H0,first,query_fact,all_test,target,2,2,2,False,insufficient support,0.015784881558337998,0.053772836418475634,0.03798795486013763,0.06417975883902295,2,-0.06982421875
L15H0,first,query_fact,all_test,names_gap,2,2,2,False,insufficient support,0.005237885107178422,0.03739296745332103,0.03215508234614261,0.05294802054501643,2,-0.06982421875
L15H0,first,query_fact,all_test,words_gap,2,2,2,False,insufficient support,0.013376640214211782,0.05001934304863555,0.036642702834423765,0.058871517609117616,2,-0.06982421875
L15H0,last,query_fact,all_test,target,2,2,2,False,insufficient support,0.031543932452955184,0.0,-0.031543932452955184,0.0,2,-0.06982421875
L15H0,last,query_fact,all_test,names_gap,2,2,2,False,insufficient support,0.00998394156609328,-0.00837233277708769,-0.01835627434318097,0.011840266562058211,2,-0.06982421875
L15H0,last,query_fact,all_test,words_gap,2,2,2,False,insufficient support,0.02913569110882897,-0.0037534933698400857,-0.03288918447866905,0.00530824122990534,2,-0.06982421875
L15H28,first,query_fact,all_test,target,20,20,14,True,completed,0.005875849895359872,0.0062951352102708705,0.00041928531491099846,0.009031075921251007,14,0.031505039760044644
L15H28,first,query_fact,all_test,names_gap,20,20,14,True,completed,-0.006219112559849536,0.0006859873003020036,0.00690509986015154,0.008693344177777607,14,0.031505039760044644
L15H28,first,query_fact,all_test,words_gap,20,20,14,True,completed,0.0023163983364891633,-0.010709900389113736,-0.0130262987256029,0.017271006229987458,14,0.031505039760044644
L15H28,last,query_fact,all_test,target,20,20,14,True,completed,0.022243999478377074,0.013433442803211596,-0.008810556675165478,0.018120408906380538,14,0.031505039760044644
L15H28,last,query_fact,all_test,names_gap,20,20,14,True,completed,0.005128865945480778,-0.011888299193196283,-0.01701716513867706,0.020758001093574955,14,0.031505039760044644
L15H28,last,query_fact,all_test,words_gap,20,20,14,True,completed,0.018684547919506363,-0.0035715927961730144,-0.022256140715679378,0.023916698257982334,14,0.031505039760044644
L13H10,first,all_facts,all_test,target,52,52,24,True,completed,0.017874597996467134,0.019182630897838383,0.0013080329013712491,0.025817107493599983,31,-0.5878758827845255
L13H10,first,all_facts,all_test,names_gap,52,41,24,True,completed,0.00242496720992654,0.002918021970871815,0.0004930547609452753,0.025816644744208823,28,-0.6130396127700806
L13H10,first,all_facts,all_test,words_gap,52,52,24,True,completed,0.009759554378536603,0.010364437005505983,0.0006048826269693802,0.030311499108859608,31,-0.5878758827845255
L13H10,last,all_facts,all_test,target,52,52,24,True,completed,0.013102934235642447,0.012023898933964229,-0.0010790353016782179,0.022060438018548737,31,-0.5878758827845255
L13H10,last,all_facts,all_test,names_gap,52,41,24,True,completed,-0.0028487710096518157,-0.001192600704178308,0.0016561703054735078,0.026800122741718353,28,-0.6130396127700806
L13H10,last,all_facts,all_test,words_gap,52,52,24,True,completed,0.0049878906177119155,0.0032057050416318296,-0.001782185576080086,0.02694842720781572,31,-0.5878758827845255
L17H1,first,all_facts,all_test,target,2,2,1,False,insufficient support,0.009365063729400288,0.01794958381960925,0.008584520090208962,0.0,1,8.2186279296875
L17H1,first,all_facts,all_test,names_gap,2,2,1,False,insufficient support,0.009365063729400288,0.01794958381960925,0.008584520090208962,0.0,1,8.2186279296875
L17H1,first,all_facts,all_test,words_gap,2,2,1,False,insufficient support,-0.016871051064425872,0.00143597155684296,0.018307022621268834,0.0,1,8.2186279296875
L17H1,first,query_fact,all_test,target,2,2,1,False,insufficient support,0.009365063729400288,0.01794958381960925,0.008584520090208962,0.0,1,8.2186279296875
L17H1,first,query_fact,all_test,names_gap,2,2,1,False,insufficient support,0.009365063729400288,0.01794958381960925,0.008584520090208962,0.0,1,8.2186279296875
L17H1,first,query_fact,all_test,words_gap,2,2,1,False,insufficient support,-0.016871051064425872,0.00143597155684296,0.018307022621268834,0.0,1,8.2186279296875
L17H1,last,all_facts,all_test,target,2,2,1,False,insufficient support,0.002594115590171504,0.0048068165007163184,0.0022127009105448146,0.0,1,8.2186279296875
L17H1,last,all_facts,all_test,names_gap,2,2,1,False,insufficient support,0.002594115590171504,0.0048068165007163184,0.0022127009105448146,0.0,1,8.2186279296875
L17H1,last,all_facts,all_test,words_gap,2,2,1,False,insufficient support,-0.02364199920365466,-0.011706795762049974,0.011935203441604685,0.0,1,8.2186279296875
L17H1,last,query_fact,all_test,target,2,2,1,False,insufficient support,0.002594115590171504,0.0048068165007163184,0.0022127009105448146,0.0,1,8.2186279296875
L17H1,last,query_fact,all_test,names_gap,2,2,1,False,insufficient support,0.002594115590171504,0.0048068165007163184,0.0022127009105448146,0.0,1,8.2186279296875
L17H1,last,query_fact,all_test,words_gap,2,2,1,False,insufficient support,-0.02364199920365466,-0.011706795762049974,0.011935203441604685,0.0,1,8.2186279296875
L15H28,first,all_facts,final,target,2,2,2,False,insufficient support,0.0,0.0,0.0,0.0,2,0.065826416015625
L15H28,first,all_facts,final,names_gap,2,2,2,False,insufficient support,-0.010662453314557214,-0.0049195489164843694,0.005742904398072845,0.00695729279845006,2,0.065826416015625
L15H28,first,all_facts,final,words_gap,2,2,2,False,insufficient support,-0.007066969354063792,-0.03675096133347927,-0.02968399197941548,0.019574723745580995,2,0.065826416015625
L15H28,first,query_fact,final,target,2,2,2,False,insufficient support,0.0,0.0,0.0,0.0,2,0.065826416015625
L15H28,first,query_fact,final,names_gap,2,2,2,False,insufficient support,-0.010662453314557214,-0.0049195489164843694,0.005742904398072845,0.00695729279845006,2,0.065826416015625
L15H28,first,query_fact,final,words_gap,2,2,2,False,insufficient support,-0.007066969354063792,-0.03675096133347927,-0.02968399197941548,0.019574723745580995,2,0.065826416015625
L15H28,last,all_facts,final,target,2,2,2,False,insufficient support,0.0,0.006822030144481423,0.006822030144481423,0.009647807553243714,2,0.065826416015625
L15H28,last,all_facts,final,names_gap,2,2,2,False,insufficient support,-0.011288852199097404,-0.043935186278705685,-0.03264633407960828,0.033392490806093675,2,0.065826416015625
L15H28,last,all_facts,final,words_gap,2,2,2,False,insufficient support,-0.007066969354063792,-0.029928931188997844,-0.022861961834934053,0.029222531298824708,2,0.065826416015625
L15H28,last,query_fact,final,target,2,2,2,False,insufficient support,0.0,0.006822030144481423,0.006822030144481423,0.009647807553243714,2,0.065826416015625
L15H28,last,query_fact,final,names_gap,2,2,2,False,insufficient support,-0.011288852199097404,-0.043935186278705685,-0.03264633407960828,0.033392490806093675,2,0.065826416015625
L15H28,last,query_fact,final,words_gap,2,2,2,False,insufficient support,-0.007066969354063792,-0.029928931188997844,-0.022861961834934053,0.029222531298824708,2,0.065826416015625
L2H22,first,query_fact,all_test,target,7,7,3,False,insufficient support,0.005538278305083592,0.009101186477972699,0.0035629081728891067,0.0156471189560777,4,-0.009796142578125
L2H22,first,query_fact,all_test,names_gap,7,6,3,False,insufficient support,0.004857217385099679,-0.0011922840193924315,-0.0060495014044921105,0.022433423709250146,4,-0.009796142578125
L2H22,first,query_fact,all_test,words_gap,7,7,3,False,insufficient support,-0.011605635231221746,0.0014471018920779722,0.013052737123299718,0.022595042710964748,4,-0.009796142578125
L2H22,last,query_fact,all_test,target,7,7,3,False,insufficient support,0.0009028584124986795,0.003272056808524624,0.0023691983960259446,0.005667368637616318,4,-0.009796142578125
L2H22,last,query_fact,all_test,names_gap,7,6,3,False,insufficient support,-0.005480214141623557,-0.004208712092841231,0.0012715020487823261,0.010728475937584005,4,-0.009796142578125
L2H22,last,query_fact,all_test,words_gap,7,7,3,False,insufficient support,-0.01624105512380666,-0.0043820277773701025,0.011859027346436558,0.009424451516018359,4,-0.009796142578125
L13H10,first,query_fact,all_test,target,2,2,2,False,insufficient support,0.0,0.008214801480313777,0.008214801480313777,0.011617483665662322,2,-0.3345947265625
L13H10,first,query_fact,all_test,names_gap,2,2,2,False,insufficient support,-0.013695792353108697,0.005928049253057449,0.019623841606166145,0.014851439679235105,2,-0.3345947265625
L13H10,first,query_fact,all_test,words_gap,2,2,2,False,insufficient support,-0.004729379873415923,-0.0070792448081479125,-0.00234986493473199,0.003543651991896533,2,-0.3345947265625
L13H10,last,query_fact,all_test,target,2,2,2,False,insufficient support,0.019844572263498735,0.0013984512763727294,-0.018446120987126006,0.0019777087613642792,2,-0.3345947265625
L13H10,last,query_fact,all_test,names_gap,2,2,2,False,insufficient support,0.004110840879481213,0.0001130571841328115,-0.003997783695348402,0.002453671541036813,2,-0.3345947265625
L13H10,last,query_fact,all_test,words_gap,2,2,2,False,insufficient support,0.015115192390082813,-0.013895595012088962,-0.029010787402171775,0.013183426896194575,2,-0.3345947265625
L30H18,first,all_facts,all_test,target,1,1,1,False,insufficient support,0.0,0.0,0.0,0.0,1,-1.6328125
L30H18,first,all_facts,all_test,names_gap,1,1,1,False,insufficient support,0.0,0.0,0.0,0.0,1,-1.6328125
L30H18,first,all_facts,all_test,words_gap,1,1,1,False,insufficient support,-0.009120112644255546,0.0,0.009120112644255546,0.0,1,-1.6328125
L30H18,last,all_facts,all_test,target,1,1,1,False,insufficient support,0.0,0.0,0.0,0.0,1,-1.6328125
L30H18,last,all_facts,all_test,names_gap,1,1,1,False,insufficient support,0.0,0.0,0.0,0.0,1,-1.6328125
L30H18,last,all_facts,all_test,words_gap,1,1,1,False,insufficient support,-0.009120112644255546,0.0,0.009120112644255546,0.0,1,-1.6328125
L15H18,first,query_fact,all_test,target,1,1,1,False,insufficient support,0.0,0.0,0.0,0.0,1,-0.0458984375
L15H18,first,query_fact,all_test,names_gap,1,1,1,False,insufficient support,-0.0038317291841856982,-0.024408245646097254,-0.020576516461911557,0.0,1,-0.0458984375
L15H18,first,query_fact,all_test,words_gap,1,1,1,False,insufficient support,-0.009977404008835143,-0.024018104500939687,-0.014040700492104544,0.0,1,-0.0458984375
L15H18,last,query_fact,all_test,target,1,1,1,False,insufficient support,0.0,0.0060513739763255825,0.0060513739763255825,0.0,1,-0.0458984375
L15H18,last,query_fact,all_test,names_gap,1,1,1,False,insufficient support,0.0,0.004034249317550389,0.004034249317550389,0.0,1,-0.0458984375
L15H18,last,query_fact,all_test,words_gap,1,1,1,False,insufficient support,-0.009977404008835143,-0.017966730524614106,-0.007989326515778963,0.0,1,-0.0458984375
L6H2,first,all_facts,all_test,target,984,984,89,True,completed,0.006731063320228971,0.008060448783083127,0.0013293854628541567,0.007642436204252314,178,-0.003942350323280591
L6H2,first,all_facts,all_test,names_gap,984,927,89,True,completed,-3.855666330073303e-05,0.0007333176597093524,0.0007718743230100855,0.009068106307878531,178,-0.003942350323280591
L6H2,first,all_facts,all_test,words_gap,984,984,89,True,completed,-0.0032227404072625483,0.002485360346877456,0.005708100754140005,0.009350581829981918,178,-0.003942350323280591
L6H2,first,query_fact,all_test,target,416,416,85,True,completed,0.00733481202999363,0.0085234615125569,0.0011886494825632688,0.010192315492017398,168,-0.003807976666618796
L6H2,first,query_fact,all_test,names_gap,416,411,85,True,completed,-0.00022703382508787456,0.0009308452703497612,0.0011578790954376358,0.011599400224040261,168,-0.003807976666618796
L6H2,first,query_fact,all_test,words_gap,416,416,85,True,completed,-0.0024684154389142403,0.0022728745380091848,0.004741289976923425,0.012964544843254766,168,-0.003807976666618796
L6H2,last,all_facts,all_test,target,984,984,89,True,completed,0.012951253485015806,0.006087699109519863,-0.006863554375495943,0.0073815114360211345,178,-0.003942350323280591
L6H2,last,all_facts,all_test,names_gap,984,927,89,True,completed,0.006681341744018526,-0.0009575909129906375,-0.007638932657009163,0.009764490670811664,178,-0.003942350323280591
L6H2,last,all_facts,all_test,words_gap,984,984,89,True,completed,0.002997449757524286,0.0005126106733141911,-0.002484839084210095,0.008930581650623765,178,-0.003942350323280591
L6H2,last,query_fact,all_test,target,416,416,85,True,completed,0.012458268725436594,0.005287696452899177,-0.007170572272537417,0.008466432658943543,168,-0.003807976666618796
L6H2,last,query_fact,all_test,names_gap,416,411,85,True,completed,0.006646407021426598,-0.0017951482380113414,-0.00844155525943794,0.014202676913273295,168,-0.003807976666618796
L6H2,last,query_fact,all_test,words_gap,416,416,85,True,completed,0.0026550412565287222,-0.0009628905216485353,-0.0036179317781772575,0.010593672110073596,168,-0.003807976666618796
L11H7,first,all_facts,all_test,target,1378,1378,89,True,completed,0.022461074238860106,0.01657693174401507,-0.005884142494845035,0.008920336118999004,178,-0.0018788294845752502
L11H7,first,all_facts,all_test,names_gap,1378,1232,89,True,completed,-0.00036893683194916244,-0.0013976329753613433,-0.001028696143412181,0.0071421083409673935,178,-0.0018788294845752502
L11H7,first,all_facts,all_test,words_gap,1378,1378,89,True,completed,0.021434723137325144,0.012919829434258045,-0.008514893703067098,0.008982365939264061,178,-0.0018788294845752502
L11H7,first,query_fact,all_test,target,375,375,88,True,completed,0.0231935668394085,0.014804765105109186,-0.008388801734299314,0.011577226759960603,155,-0.006811770525845614
L11H7,first,query_fact,all_test,names_gap,375,362,88,True,completed,0.0015807302329336732,-0.0014650638368753242,-0.0030457940698089972,0.013419542694386243,152,-0.0052808631550182
L11H7,first,query_fact,all_test,words_gap,375,375,88,True,completed,0.022132054692555733,0.010669700026920912,-0.01146235466563482,0.011167048869469252,155,-0.006811770525845614
L11H7,last,all_facts,all_test,target,1378,1378,89,True,completed,0.014404867315543279,0.007081239294212233,-0.007323628021331046,0.006168714280084633,178,-0.0018788294845752502
L11H7,last,all_facts,all_test,names_gap,1378,1232,89,True,completed,0.001202678664622007,-0.00022225374064006672,-0.0014249324052620737,0.005544166477710911,178,-0.0018788294845752502
L11H7,last,all_facts,all_test,words_gap,1378,1378,89,True,completed,0.013378516214008313,0.0034241369844552044,-0.009954379229553108,0.006239668789718818,178,-0.0018788294845752502
L11H7,last,query_fact,all_test,target,375,375,88,True,completed,0.014671944700547975,0.007166863524932476,-0.007505081175615499,0.007683507786641065,155,-0.006811770525845614
L11H7,last,query_fact,all_test,names_gap,375,362,88,True,completed,0.0019325128335467845,-0.0014343263794912853,-0.0033668392130380698,0.011353554500599399,152,-0.0052808631550182
L11H7,last,query_fact,all_test,words_gap,375,375,88,True,completed,0.013610432553695206,0.0030317984467441964,-0.01057863410695101,0.008067888885156896,155,-0.006811770525845614
L14H23,first,all_facts,all_test,target,1932,1932,89,True,completed,0.0160511442637177,0.01581657813534822,-0.00023456612836948026,0.009831261903842817,178,-0.21156842521067415
L14H23,first,all_facts,all_test,names_gap,1932,1549,89,True,completed,0.0004527936230543266,0.00033583716118685956,-0.00011695646186746705,0.009416410617340493,178,-0.21156842521067415
L14H23,first,all_facts,all_test,words_gap,1932,1932,89,True,completed,0.007283083478032007,0.009350555861074576,0.002067472383042569,0.010500110259529516,178,-0.21156842521067415
L14H23,last,all_facts,all_test,target,1932,1932,89,True,completed,0.004126603453387789,0.008207151079847869,0.00408054762646008,0.007788462198425812,178,-0.21156842521067415
L14H23,last,all_facts,all_test,names_gap,1932,1549,89,True,completed,-0.002089294096121202,-0.0007519281786279881,0.0013373659174932139,0.006429230866709602,178,-0.21156842521067415
L14H23,last,all_facts,all_test,words_gap,1932,1932,89,True,completed,-0.004641457332297906,0.001741128805574226,0.006382586137872132,0.00863543350049476,178,-0.21156842521067415
L14H23,first,query_fact,all_test,target,517,517,89,True,completed,0.017876133194957393,0.018723306610065063,0.0008471734151076701,0.014866121270042205,178,-0.21156842521067415
L14H23,first,query_fact,all_test,names_gap,517,481,89,True,completed,0.002122870195869479,0.0005497733858112955,-0.0015730968100581832,0.020987517983931128,178,-0.21156842521067415
L14H23,first,query_fact,all_test,words_gap,517,517,89,True,completed,0.008430605319077855,0.01234339039735109,0.003912785078273235,0.01520140369505567,178,-0.21156842521067415
L14H23,last,query_fact,all_test,target,517,517,89,True,completed,0.003696187195246001,0.005814298262125795,0.002118111066879794,0.007264629071849734,178,-0.21156842521067415
L14H23,last,query_fact,all_test,names_gap,517,481,89,True,completed,-0.0045813622023323786,-0.003507420582277213,0.0010739416200551658,0.01231607479933533,178,-0.21156842521067415
L14H23,last,query_fact,all_test,words_gap,517,517,89,True,completed,-0.005749340680633538,-0.0005656179505881766,0.005183722730045361,0.007433535131668664,178,-0.21156842521067415
L15H2,first,all_facts,all_test,target,242,242,72,True,completed,0.012363416979250717,0.013144045429365571,0.0007806284501148536,0.022548715920200413,123,0.014394654168023003
L15H2,first,all_facts,all_test,names_gap,242,196,70,True,completed,-0.0028692240681810863,-0.002897908883896236,-2.868481571514968e-05,0.028918261020285944,113,0.014138269424438476
L15H2,first,all_facts,all_test,words_gap,242,242,72,True,completed,0.009225935136308299,0.011222153173313959,0.00199621803700566,0.02229161069471679,123,0.014394654168023003
L15H2,last,all_facts,all_test,target,242,242,72,True,completed,0.010132494986288312,0.009801429474317015,-0.00033106551197129713,0.015478392122295723,123,0.014394654168023003
L15H2,last,all_facts,all_test,names_gap,242,196,70,True,completed,-0.0016398920518969323,-0.002375336078943879,-0.0007354440270469465,0.01986578799867321,113,0.014138269424438476
L15H2,last,all_facts,all_test,words_gap,242,242,72,True,completed,0.006995013143345895,0.007879537218265405,0.0008845240749195101,0.014793846780516824,123,0.014394654168023003
L19H22,first,all_facts,all_test,target,118,118,57,True,completed,0.005709847729799779,0.006316464587848512,0.0006066168580487327,0.014433187232588721,79,0.4148547942178291
L19H22,first,all_facts,all_test,names_gap,118,98,52,True,completed,-0.0030705608960627686,-0.0017543282545722275,0.001316232641490541,0.016957773402331813,72,0.42842209339141846
L19H22,first,all_facts,all_test,words_gap,118,118,57,True,completed,-0.0015679187951582853,5.572294491569619e-05,0.0016236417400739816,0.013071267202877454,79,0.4148547942178291
L19H22,last,all_facts,all_test,target,118,118,57,True,completed,0.004892908342473377,0.00684414505455716,0.0019512367120837829,0.014835558757724824,79,0.4148547942178291
L19H22,last,all_facts,all_test,names_gap,118,98,52,True,completed,0.0007355146259847555,0.0016264491533825116,0.0008909345273977561,0.01245814951241153,72,0.42842209339141846
L19H22,last,all_facts,all_test,words_gap,118,118,57,True,completed,-0.0023848581824846885,0.0005834034116243452,0.0029682615941090335,0.01685629092479512,79,0.4148547942178291
L11H27,first,all_facts,all_test,target,421,421,82,True,completed,0.01014075818561324,0.005925250881462868,-0.004215507304150372,0.009714428321148829,146,-0.006191683978569217
L11H27,first,all_facts,all_test,names_gap,421,418,82,True,completed,-0.0025858793364665605,0.0008646121393937246,0.003450491475860285,0.009180591112764334,146,-0.006191683978569217
L11H27,first,all_facts,all_test,words_gap,421,421,82,True,completed,0.0033528543039127857,-0.008228120582622327,-0.011580974886535114,0.011979080449442611,146,-0.006191683978569217
L11H27,last,all_facts,all_test,target,421,421,82,True,completed,0.013857727912735426,0.02272160920822623,0.008863881295490806,0.013434527234489462,146,-0.006191683978569217
L11H27,last,all_facts,all_test,names_gap,421,418,82,True,completed,0.002609933551951613,-0.000379527081753344,-0.0029894606337049568,0.015093183719165614,146,-0.006191683978569217
L11H27,last,all_facts,all_test,words_gap,421,421,82,True,completed,0.0070698240310349695,0.00856823774414104,0.0014984137131060704,0.016138098702745556,146,-0.006191683978569217
L11H27,first,query_fact,all_test,target,274,274,76,True,completed,0.00938884951010882,0.007303335394534152,-0.002085514115574667,0.011279474583919407,116,-0.007578724309017784
L11H27,first,query_fact,all_test,names_gap,274,273,76,True,completed,-0.0026164459700802225,0.000854055336859948,0.0034705013069401703,0.01035382789466001,116,-0.007578724309017784
L11H27,first,query_fact,all_test,words_gap,274,274,76,True,completed,0.002142804752389488,-0.0020611666778852663,-0.004203971430274754,0.012761053753938375,116,-0.007578724309017784
L11H27,last,query_fact,all_test,target,274,274,76,True,completed,0.012083106412656152,0.02569747757596782,0.013614371163311666,0.014366642221807654,116,-0.007578724309017784
L11H27,last,query_fact,all_test,names_gap,274,273,76,True,completed,0.0011634683437809715,0.000917409739356925,-0.0002460586044240466,0.01435419632631111,116,-0.007578724309017784
L11H27,last,query_fact,all_test,words_gap,274,274,76,True,completed,0.004837061654936818,0.016332975503548404,0.011495913848611587,0.015211759535261953,116,-0.007578724309017784
L12H17,first,all_facts,all_test,target,70,70,33,True,completed,0.01556847507918952,0.01111884747981362,-0.004449627599375899,0.020625039790074955,41,0.1957791212833289
L12H17,first,all_facts,all_test,names_gap,70,67,32,True,completed,-0.000417030202906924,0.0016494205664920913,0.002066450769399015,0.02425745551410843,40,0.20684869587421417
L12H17,first,all_facts,all_test,words_gap,70,70,33,True,completed,-0.0007660545173976947,0.008600343015814504,0.009366397533212199,0.020831693973142808,41,0.1957791212833289
L12H17,last,all_facts,all_test,target,70,70,33,True,completed,0.008236699370713226,0.016953776911924432,0.008717077541211206,0.015907362949117043,41,0.1957791212833289
L12H17,last,all_facts,all_test,names_gap,70,67,32,True,completed,-0.005680631776824244,0.0001918983215859957,0.00587253009841024,0.020538112894365825,40,0.20684869587421417
L12H17,last,all_facts,all_test,words_gap,70,70,33,True,completed,-0.008097830225873986,0.014435272447925316,0.0225331026737993,0.017047941935054836,41,0.1957791212833289
L23H10,first,all_facts,all_test,target,60,60,24,True,completed,0.02827293911109999,0.034787963216310995,0.006515024105211004,0.07020867779009843,32,0.03220391273498535
L23H10,first,all_facts,all_test,names_gap,60,60,24,True,completed,0.02150607323295783,0.03182313474531281,0.010317061512354977,0.07172842103788236,32,0.03220391273498535
L23H10,first,all_facts,all_test,words_gap,60,60,24,True,completed,0.025303144503067237,0.03307594923084209,0.007772804727774852,0.07081816535825969,32,0.03220391273498535
L23H10,last,all_facts,all_test,target,60,60,24,True,completed,0.009641388998524084,0.0024426230940710492,-0.007198765904453034,0.006617492813998182,32,0.03220391273498535
L23H10,last,all_facts,all_test,names_gap,60,60,24,True,completed,-0.0016110620964858609,-0.0012288090430211745,0.0003822530534646864,0.011946391190489129,32,0.03220391273498535
L23H10,last,all_facts,all_test,words_gap,60,60,24,True,completed,0.006671594390491326,0.0007306091086021474,-0.005940985281889179,0.007941913806130801,32,0.03220391273498535
L31H1,first,all_facts,all_test,target,172,172,38,True,completed,0.017119562924085462,0.009382024556109574,-0.007737538367975888,0.015342095560154295,69,0.000572054009688528
L31H1,first,all_facts,all_test,names_gap,172,76,26,True,completed,0.00565985118527634,0.0025144465490388205,-0.0031454046362375193,0.0164140922863057,40,-0.002712213076077975
L31H1,first,all_facts,all_test,words_gap,172,172,38,True,completed,0.012200299014488034,0.007337819233861949,-0.004862479780626085,0.01630936208897186,69,0.000572054009688528
L31H1,last,all_facts,all_test,target,172,172,38,True,completed,0.018475973815278466,0.01849587979265633,1.9905977377863288e-05,0.026812474038024905,69,0.000572054009688528
L31H1,last,all_facts,all_test,names_gap,172,76,26,True,completed,0.004109682023209192,0.00354782852434418,-0.0005618534988650124,0.029129578666460834,40,-0.002712213076077975
L31H1,last,all_facts,all_test,words_gap,172,172,38,True,completed,0.013556709905681044,0.016451674470408708,0.002894964564727664,0.0263679151490697,69,0.000572054009688528
L13H22,first,all_facts,all_test,target,154,154,57,True,completed,0.0031211352593750975,0.012387581598737036,0.009266446339361939,0.02272725929118099,80,-0.0015595210225958574
L13H22,first,all_facts,all_test,names_gap,154,154,57,True,completed,-0.0021532404482255954,0.0027963719495233833,0.004949612397748979,0.024712880367177652,80,-0.0015595210225958574
L13H22,first,all_facts,all_test,words_gap,154,154,57,True,completed,0.002413201277572659,0.007110360898666563,0.004697159621093903,0.02370171292245526,80,-0.0015595210225958574
L13H22,first,query_fact,all_test,target,74,74,40,True,completed,0.0030921651067950862,0.011699997864596459,0.008607832757801373,0.02250585389706081,46,-0.005555307865142823
L13H22,first,query_fact,all_test,names_gap,74,74,40,True,completed,-0.00462471343991611,0.0017497621999196082,0.006374475639835718,0.026902370923148608,46,-0.005555307865142823
L13H22,first,query_fact,all_test,words_gap,74,74,40,True,completed,0.002416413654071281,0.006588808253495384,0.0041723945994241035,0.023080873397968285,46,-0.005555307865142823
L13H22,last,all_facts,all_test,target,154,154,57,True,completed,0.016022778464488182,0.010328136825199358,-0.0056946416392888236,0.016238665227363846,80,-0.0015595210225958574
L13H22,last,all_facts,all_test,names_gap,154,154,57,True,completed,-0.007490165011355647,0.0007279324588651419,0.00821809747022079,0.022488640268233044,80,-0.0015595210225958574
L13H22,last,all_facts,all_test,words_gap,154,154,57,True,completed,0.015314844482685747,0.005050916125128885,-0.010263928357556861,0.01683269169301649,80,-0.0015595210225958574
L13H22,last,query_fact,all_test,target,74,74,40,True,completed,0.018979511774227444,0.014066996165533401,-0.004912515608694042,0.021213857883704244,46,-0.005555307865142823
L13H22,last,query_fact,all_test,names_gap,74,74,40,True,completed,-0.006080752448050772,0.004675869711352069,0.010756622159402842,0.02765020099832689,46,-0.005555307865142823
L13H22,last,query_fact,all_test,words_gap,74,74,40,True,completed,0.01830376032150364,0.00895580655443233,-0.009347953767071308,0.02174403828933389,46,-0.005555307865142823
L16H24,first,all_facts,all_test,target,238,238,74,True,completed,0.011248195183916005,0.009381396794654703,-0.0018667983892613014,0.010745925795995506,109,-0.026092104009679845
L16H24,first,all_facts,all_test,names_gap,238,217,70,True,completed,-0.0028151150547805134,0.0008023927991073896,0.003617507853887903,0.011994236069506729,103,-0.026421233585902624
L16H24,first,all_facts,all_test,words_gap,238,238,74,True,completed,0.0025748274855949015,-0.0007393680432905874,-0.003314195528885489,0.011487664093957827,109,-0.026092104009679845
L16H24,first,all_facts,final,target,68,68,35,True,completed,0.01134155195117524,0.009227456713180059,-0.0021140952379951807,0.012995104686895452,45,0.003614316667829241
L16H24,first,all_facts,final,names_gap,68,68,35,True,completed,-0.0028322799157197718,0.0009707316682075073,0.003803011583927279,0.012398692137955457,45,0.003614316667829241
L16H24,first,all_facts,final,words_gap,68,68,35,True,completed,0.0012347531717198598,-0.004381084402960086,-0.005615837574679945,0.014090166528472744,45,0.003614316667829241
L16H24,first,query_fact,all_test,target,170,170,62,True,completed,0.011098487062012073,0.009168544070603978,-0.001929942991408095,0.011550441830511432,89,-0.026337177522720828
L16H24,first,query_fact,all_test,names_gap,170,162,60,True,completed,-0.0025325482673288404,0.00030156389620934694,0.0028341121635381875,0.011829462348636082,85,-0.028258784612019857
L16H24,first,query_fact,all_test,words_gap,170,170,62,True,completed,0.002154789718657443,-0.0012815759081615803,-0.003436365626819023,0.011536444142695635,89,-0.026337177522720828
L16H24,first,query_fact,final,target,68,68,35,True,completed,0.01134155195117524,0.009227456713180059,-0.0021140952379951807,0.012995104686895452,45,0.003614316667829241
L16H24,first,query_fact,final,names_gap,68,68,35,True,completed,-0.0028322799157197718,0.0009707316682075073,0.003803011583927279,0.012398692137955457,45,0.003614316667829241
L16H24,first,query_fact,final,words_gap,68,68,35,True,completed,0.0012347531717198598,-0.004381084402960086,-0.005615837574679945,0.014090166528472744,45,0.003614316667829241
L16H24,last,all_facts,all_test,target,238,238,74,True,completed,0.014985062422335858,0.02034272875726756,0.005357666334931701,0.01865008505052405,109,-0.026092104009679845
L16H24,last,all_facts,all_test,names_gap,238,217,70,True,completed,-0.0013862038680613315,0.0007914836829503103,0.002177687551011642,0.022085044282931576,103,-0.026421233585902624
L16H24,last,all_facts,all_test,words_gap,238,238,74,True,completed,0.006311694724014756,0.010221963919322266,0.003910269195307511,0.01990080917475182,109,-0.026092104009679845
L16H24,last,all_facts,final,target,68,68,35,True,completed,0.02272252663120602,0.01193252595625967,-0.010790000674946352,0.012388707275303473,45,0.003614316667829241
L16H24,last,all_facts,final,names_gap,68,68,35,True,completed,0.0035861905127253886,-0.004374957887435778,-0.007961148400161166,0.013732038935188182,45,0.003614316667829241
L16H24,last,all_facts,final,words_gap,68,68,35,True,completed,0.012615727851750644,-0.0016760151598804755,-0.014291743011631119,0.013486417918421678,45,0.003614316667829241
L16H24,last,query_fact,all_test,target,170,170,62,True,completed,0.017728891443557656,0.018002053264107157,0.0002731618205495008,0.017541599196486055,89,-0.026337177522720828
L16H24,last,query_fact,all_test,names_gap,170,162,60,True,completed,0.001122041387773355,0.0006034282231986023,-0.0005186131645747526,0.02036569472568502,85,-0.028258784612019857
L16H24,last,query_fact,all_test,words_gap,170,170,62,True,completed,0.008785194100203021,0.007551933285341595,-0.0012332608148614256,0.018828402268939063,89,-0.026337177522720828
L16H24,last,query_fact,final,target,68,68,35,True,completed,0.02272252663120602,0.01193252595625967,-0.010790000674946352,0.012388707275303473,45,0.003614316667829241
L16H24,last,query_fact,final,names_gap,68,68,35,True,completed,0.0035861905127253886,-0.004374957887435778,-0.007961148400161166,0.013732038935188182,45,0.003614316667829241
L16H24,last,query_fact,final,words_gap,68,68,35,True,completed,0.012615727851750644,-0.0016760151598804755,-0.014291743011631119,0.013486417918421678,45,0.003614316667829241
L21H18,first,all_facts,all_test,target,423,423,85,True,completed,0.011987536123358676,0.013466592580444511,0.0014790564570858356,0.016213521750447706,150,1.7425068967482622
L21H18,first,all_facts,all_test,names_gap,423,379,84,True,completed,-0.005179008533795075,-0.007825995074002088,-0.0026469865402070133,0.021415562542568902,145,1.758127388500032
L21H18,first,all_facts,all_test,words_gap,423,423,85,True,completed,0.005353446141225575,0.00974339838237603,0.004389952241150455,0.016546671576090053,150,1.7425068967482622
L21H18,first,query_fact,all_test,target,275,275,78,True,completed,0.01055754707531977,0.013695469074771554,0.0031379219994517836,0.019465585763621368,130,1.782264116482857
L21H18,first,query_fact,all_test,names_gap,275,263,76,True,completed,-0.010809234594065097,-0.012721010915438518,-0.0019117763213734214,0.02476554317978829,126,1.8074814583125867
L21H18,first,query_fact,all_test,words_gap,275,275,78,True,completed,0.0037622749224025817,0.009635120982666251,0.005872846060263669,0.019412744325087668,130,1.782264116482857
L21H18,last,all_facts,all_test,target,423,423,85,True,completed,0.009179075208331082,0.01052585670146477,0.0013467814931336884,0.01489869759629345,150,1.7425068967482622
L21H18,last,all_facts,all_test,names_gap,423,379,84,True,completed,-0.0031694337904578105,0.0007709141174417757,0.0039403479078995865,0.015534769461443835,145,1.758127388500032
L21H18,last,all_facts,all_test,words_gap,423,423,85,True,completed,0.0025449852261979827,0.006802662503396288,0.004257677277198306,0.015202976355612423,150,1.7425068967482622
L21H18,last,query_fact,all_test,target,275,275,78,True,completed,0.007029878622274765,0.007271839734282455,0.00024196111200768932,0.01372087308020416,130,1.782264116482857
L21H18,last,query_fact,all_test,names_gap,275,263,76,True,completed,-0.00502701538664851,-0.001921972451920029,0.003105042934728481,0.015473820418229272,126,1.8074814583125867
L21H18,last,query_fact,all_test,words_gap,275,275,78,True,completed,0.00023460646935757846,0.0032114916421771564,0.002976885172819578,0.014862754809029476,130,1.782264116482857
L10H16,first,all_facts,all_test,target,92,92,41,True,completed,0.015349070141763966,0.012004775750628005,-0.0033442943911359616,0.014146515062596558,55,0.008448344905201981
L10H16,first,all_facts,all_test,names_gap,92,92,41,True,completed,-0.0018271839273075493,-0.001968243490421831,-0.00014105956311428157,0.01700664959543952,55,0.008448344905201981
L10H16,first,all_facts,all_test,words_gap,92,92,41,True,completed,0.00482810290313204,0.006489297457693895,0.0016611945545618543,0.016685468007209724,55,0.008448344905201981
L10H16,last,all_facts,all_test,target,92,92,41,True,completed,0.01043174341702988,0.01452918598321607,0.00409744256618619,0.016889000646961628,55,0.008448344905201981
L10H16,last,all_facts,all_test,names_gap,92,92,41,True,completed,0.0037332789705075008,-0.0033372925391831247,-0.007070571509690626,0.022821298514434984,55,0.008448344905201981
L10H16,last,all_facts,all_test,words_gap,92,92,41,True,completed,-8.922382160204604e-05,0.00901370769028196,0.009102931511884006,0.017740860790632643,55,0.008448344905201981
L24H17,first,all_facts,all_test,target,144,144,50,True,completed,0.010484864133967218,0.012965730168369239,0.002480866034402021,0.05145532506923089,73,0.023923349380493165
L24H17,first,all_facts,all_test,names_gap,144,116,45,True,completed,-0.0036913335790457087,-0.0013771159556679835,0.0023142176233777252,0.0649711815306804,62,0.02392740249633789
L24H17,first,all_facts,all_test,words_gap,144,144,50,True,completed,0.008546669648852175,0.010797023501252966,0.0022503538524007907,0.050815613560234105,73,0.023923349380493165
L24H17,last,all_facts,all_test,target,144,144,50,True,completed,0.00869863287429856,0.0052038804150486215,-0.0034947524592499387,0.009890151713393696,73,0.023923349380493165
L24H17,last,all_facts,all_test,names_gap,144,116,45,True,completed,0.0002568751340592074,-0.0012612535581205358,-0.0015181286921797433,0.013595460109982603,62,0.02392740249633789
L24H17,last,all_facts,all_test,words_gap,144,144,50,True,completed,0.006760438389183516,0.003035173747932349,-0.003725264641251167,0.010467621080860369,73,0.023923349380493165
L8H8,first,all_facts,all_test,target,49,49,16,True,completed,0.01317892506902952,0.00858440353442863,-0.004594521534600889,0.009448904615488134,22,-0.015451431274414062
L8H8,first,all_facts,all_test,names_gap,49,30,13,True,completed,0.0036868399478863405,0.0015876726098459717,-0.002099167338040369,0.010337272316727892,18,-0.004800649789663462
L8H8,first,all_facts,all_test,words_gap,49,49,16,True,completed,0.006218069253149939,-0.0029325170020737647,-0.009150586255223704,0.012352701491208573,22,-0.015451431274414062
L8H8,first,query_fact,all_test,target,11,11,8,False,insufficient support,0.01598540143551771,0.00686432120699559,-0.009121080228522118,0.009754386606712906,9,0.0150299072265625
L8H8,first,query_fact,all_test,names_gap,11,10,7,False,insufficient support,0.007266892789059252,0.0001552498795171547,-0.007111642909542097,0.006242136989542168,8,0.0220947265625
L8H8,first,query_fact,all_test,words_gap,11,11,8,False,insufficient support,0.003691428087940667,-0.0050134271976964035,-0.00870485528563707,0.01286339595407297,9,0.0150299072265625
L8H8,last,all_facts,all_test,target,49,49,16,True,completed,0.019964669611279656,0.020441738532528952,0.00047706892124929623,0.02436354676947601,22,-0.015451431274414062
L8H8,last,all_facts,all_test,names_gap,49,30,13,True,completed,0.014270955227712868,0.008428615657691724,-0.005842339570021143,0.023444418116297175,18,-0.004800649789663462
L8H8,last,all_facts,all_test,words_gap,49,49,16,True,completed,0.013003813795400075,0.008924817996026554,-0.004078995799373521,0.02676561626035814,22,-0.015451431274414062
L8H8,last,query_fact,all_test,target,11,11,8,False,insufficient support,0.012139036911040187,0.021527028141889545,0.009387991230849359,0.023068984131769884,9,0.0150299072265625
L8H8,last,query_fact,all_test,names_gap,11,10,7,False,insufficient support,0.008875658922010407,0.008562407426400674,-0.0003132514956097326,0.018414661709332307,8,0.0220947265625
L8H8,last,query_fact,all_test,words_gap,11,11,8,False,insufficient support,-0.00015493643653685944,0.009649279737197557,0.009804216173734417,0.026813918369298327,9,0.0150299072265625
L9H6,first,all_facts,all_test,target,72,72,22,True,completed,0.02436368598407129,0.008643817863632277,-0.01571986812043901,0.010642982416558727,33,-0.033256877552379265
L9H6,first,all_facts,all_test,names_gap,72,46,18,True,completed,0.011549620325579968,0.0055031916318832455,-0.006046428693696722,0.01062002505159145,26,-0.04852591620551215
L9H6,first,all_facts,all_test,words_gap,72,72,22,True,completed,0.02436368598407129,-0.015590746680584307,-0.03995443266465559,0.01502327202747398,33,-0.033256877552379265
L9H6,last,all_facts,all_test,target,72,72,22,True,completed,0.02132501511574482,0.005788043762485462,-0.015536971353259358,0.014088494183789015,33,-0.033256877552379265
L9H6,last,all_facts,all_test,names_gap,72,46,18,True,completed,-0.002394125389962809,-0.0037587751652196264,-0.0013646497752568174,0.0195606577202384,26,-0.04852591620551215
L9H6,last,all_facts,all_test,words_gap,72,72,22,True,completed,0.02132501511574482,-0.018446520781731122,-0.03977153589747594,0.016063692066520086,33,-0.033256877552379265
L18H18,first,all_facts,all_test,target,25,25,16,True,completed,0.013720702057329892,0.02380764117766042,0.010086939120330526,0.039981373561224075,19,2.7215728163719177
L18H18,first,all_facts,all_test,names_gap,25,25,16,True,completed,0.0038191338657661425,-0.0006835955871962941,-0.004502729452962437,0.05012091002715008,19,2.7215728163719177
L18H18,first,all_facts,all_test,words_gap,25,25,16,True,completed,0.003578410943207131,0.016474697443068273,0.012896286499861142,0.042070182507998016,19,2.7215728163719177
L18H18,first,query_fact,all_test,target,9,9,7,False,insufficient support,0.01803606519151481,0.015922450952299057,-0.0021136142392157546,0.02046656269279058,8,2.967146873474121
L18H18,first,query_fact,all_test,names_gap,9,9,7,False,insufficient support,0.01033588437060757,-0.009193947271077843,-0.019529831641685414,0.027911158116424382,8,2.967146873474121
L18H18,first,query_fact,all_test,words_gap,9,9,7,False,insufficient support,0.007669649900505441,0.011411894182717932,0.003742244282212491,0.01969748225937294,8,2.967146873474121
L18H18,last,all_facts,all_test,target,25,25,16,True,completed,0.017555784120443934,0.017207388263612698,-0.0003483958568312358,0.018616280166258724,19,2.7215728163719177
L18H18,last,all_facts,all_test,names_gap,25,25,16,True,completed,0.0065090959865950595,0.0052070890207713974,-0.001302006965823662,0.014910375504034052,19,2.7215728163719177
L18H18,last,all_facts,all_test,words_gap,25,25,16,True,completed,0.007413493006321173,0.009874444529020558,0.002460951522699385,0.020274746271646247,19,2.7215728163719177
L18H18,last,query_fact,all_test,target,9,9,7,False,insufficient support,0.023555364822297854,0.01753004713137901,-0.006025317690918845,0.018176567589433548,8,2.967146873474121
L18H18,last,query_fact,all_test,names_gap,9,9,7,False,insufficient support,0.01587580989492493,-0.00031092773868756236,-0.016186737633612492,0.009651998687759253,8,2.967146873474121
L18H18,last,query_fact,all_test,words_gap,9,9,7,False,insufficient support,0.013188949531288477,0.013019490361797881,-0.00016945916949059545,0.016939745305393123,8,2.967146873474121
L24H17,first,query_fact,all_test,target,67,67,28,True,completed,0.014666565135341,0.016882756753795754,0.0022161916184547537,0.06481478364106796,40,0.038405145917619975
L24H17,first,query_fact,all_test,names_gap,67,60,26,True,completed,0.001628549186447451,0.0040293691870608266,0.0024008200006133754,0.07572646516522731,37,0.0406034909761869
L24H17,first,query_fact,all_test,words_gap,67,67,28,True,completed,0.013028834238090535,0.015414053627748824,0.002385219389658289,0.06376875927722045,40,0.038405145917619975
L24H17,last,query_fact,all_test,target,67,67,28,True,completed,0.007258293819505057,0.005964757255459611,-0.0012935365640454463,0.010239890694662628,40,0.038405145917619975
L24H17,last,query_fact,all_test,names_gap,67,60,26,True,completed,9.765045073876297e-05,0.00220969349950327,0.002112043048764507,0.011140904348545142,37,0.0406034909761869
L24H17,last,query_fact,all_test,words_gap,67,67,28,True,completed,0.005620562922254593,0.004496054129412679,-0.0011245087928419143,0.011361105285558625,40,0.038405145917619975
L26H31,first,all_facts,all_test,target,26,26,11,True,completed,0.0188495079624087,0.016660399252747538,-0.002189108709661162,0.0349134935113574,13,0.044773101806640625
L26H31,first,all_facts,all_test,names_gap,26,26,11,True,completed,0.003520146606767774,0.004636680126234684,0.0011165335194669099,0.04464737308623907,13,0.044773101806640625
L26H31,first,all_facts,all_test,words_gap,26,26,11,True,completed,0.017276865642387222,0.01505212770918857,-0.002224737933198653,0.03403830100842499,13,0.044773101806640625
L26H31,first,query_fact,all_test,target,14,14,5,False,insufficient support,0.029416437850078525,0.022261377507936397,-0.007155060342142128,0.04977795338053064,7,0.040029144287109374
L26H31,first,query_fact,all_test,names_gap,14,14,5,False,insufficient support,0.011064634238214816,-0.0017062646831580235,-0.01277089892137284,0.0658186654305751,7,0.040029144287109374
L26H31,first,query_fact,all_test,words_gap,14,14,5,False,insufficient support,0.026783445323696926,0.021861092624009214,-0.004922352699687712,0.04992093275702738,7,0.040029144287109374
L26H31,last,all_facts,all_test,target,26,26,11,True,completed,0.023736857875157766,0.031423536662498947,0.007686678787341181,0.08445860648753793,13,0.044773101806640625
L26H31,last,all_facts,all_test,names_gap,26,26,11,True,completed,0.012333828122781639,0.013669628336830853,0.001335800214049214,0.04384496820421554,13,0.044773101806640625
L26H31,last,all_facts,all_test,words_gap,26,26,11,True,completed,0.0221642155551363,0.029815265118939973,0.007651049563803674,0.0851285340973123,13,0.044773101806640625
L26H31,last,query_fact,all_test,target,14,14,5,False,insufficient support,0.023353725100545807,0.057546582282730095,0.03419285718218429,0.12640625694967728,7,0.040029144287109374
L26H31,last,query_fact,all_test,names_gap,14,14,5,False,insufficient support,0.01277261705298901,0.02403769382372033,0.01126507677073132,0.06599635041360923,7,0.040029144287109374
L26H31,last,query_fact,all_test,words_gap,14,14,5,False,insufficient support,0.020720732574164215,0.05714629739880291,0.0364255648246387,0.1266343600121166,7,0.040029144287109374
L7H1,first,all_facts,all_test,target,282,282,65,True,completed,0.008996510449599694,0.014120488683764018,0.005123978234164325,0.016952497244932755,104,0.2629000003521259
L7H1,first,all_facts,all_test,names_gap,282,136,47,True,completed,-0.0014051536128995977,-0.003128266750663437,-0.0017231131377638393,0.015722332155138206,70,0.2586664443320416
L7H1,first,all_facts,all_test,words_gap,282,282,65,True,completed,0.001082237164527101,0.004314532449308165,0.003232295284781064,0.016250365935321,104,0.2629000003521259
L7H1,last,all_facts,all_test,target,282,282,65,True,completed,0.009371228287329971,0.028104806118643053,0.018733577831313082,0.02819652930664269,104,0.2629000003521259
L7H1,last,all_facts,all_test,names_gap,282,136,47,True,completed,-0.0007642161805185058,-0.0024068833606608014,-0.0016426671801422956,0.03473198072220921,70,0.2586664443320416
L7H1,last,all_facts,all_test,words_gap,282,282,65,True,completed,0.0014569550022573785,0.0182988498841872,0.016841894881929824,0.02778995745631733,104,0.2629000003521259
L22H5,first,all_facts,all_test,target,24,24,13,True,completed,0.034490481331370074,0.0017089708095444067,-0.032781510521825666,0.004611686543215971,16,0.9668268057016226
L22H5,first,all_facts,all_test,names_gap,24,24,13,True,completed,0.0012958618044620538,-0.07143440743709253,-0.07273026924155458,0.07232405817399479,16,0.9668268057016226
L22H5,first,all_facts,all_test,words_gap,24,24,13,True,completed,0.027759844679432155,-0.0020414828363270656,-0.029801327515759223,0.00394164434261294,16,0.9668268057016226
L22H5,last,all_facts,all_test,target,24,24,13,True,completed,0.00393344867596492,0.012016832576524186,0.008083383900559266,0.018545393072726346,16,0.9668268057016226
L22H5,last,all_facts,all_test,names_gap,24,24,13,True,completed,-0.008661386604868211,0.006842686175911346,0.015504072780779556,0.013947262719184882,16,0.9668268057016226
L22H5,last,all_facts,all_test,words_gap,24,24,13,True,completed,-0.002797187975972998,0.008266378930652712,0.01106356690662571,0.01625003145477657,16,0.9668268057016226
L30H3,first,all_facts,all_test,target,183,183,48,True,completed,0.005480806791487276,0.0038243168467781787,-0.0016564899447090975,0.007729735202087783,65,-0.003240346908569336
L30H3,first,all_facts,all_test,names_gap,183,162,44,True,completed,-0.0034083807501990664,-0.0017841571805358844,0.001624223569663182,0.01245104121744072,59,-0.0023218501697887073
L30H3,first,all_facts,all_test,words_gap,183,183,48,True,completed,-0.001205466419775087,-0.0004555357155932224,0.0007499307041818645,0.007634572615917542,65,-0.003240346908569336
L30H3,last,all_facts,all_test,target,183,183,48,True,completed,0.05212778663276388,0.04078502457286201,-0.011342762059901867,0.11056906167820937,65,-0.003240346908569336
L30H3,last,all_facts,all_test,names_gap,183,162,44,True,completed,0.0027507676824215007,-0.0065110960697051115,-0.009261863752126613,0.12847985767717549,59,-0.0023218501697887073
L30H3,last,all_facts,all_test,words_gap,183,183,48,True,completed,0.045441513421501524,0.03650517201049061,-0.008936341411010913,0.11145036760766816,65,-0.003240346908569336
L30H3,first,query_fact,all_test,target,42,42,21,True,completed,0.006921612024755506,0.0034061106960604983,-0.003515501328695008,0.006216443154081937,23,0.0021111624581473215
L30H3,first,query_fact,all_test,names_gap,42,40,21,True,completed,-0.0027466140880148546,-0.0048697311802743184,-0.002123117092259464,0.012938611428077573,23,0.0021111624581473215
L30H3,first,query_fact,all_test,words_gap,42,42,21,True,completed,0.0016649797937544632,0.00024209659202729892,-0.0014228832017271643,0.006720889755717042,23,0.0021111624581473215
L30H3,last,query_fact,all_test,target,42,42,21,True,completed,0.052022653112356126,0.0571232089761032,0.0051005558637470735,0.1488329838726284,23,0.0021111624581473215
L30H3,last,query_fact,all_test,names_gap,42,40,21,True,completed,0.008021439408674528,0.02387004162983469,0.015848602221160163,0.13585478782916866,23,0.0021111624581473215
L30H3,last,query_fact,all_test,words_gap,42,42,21,True,completed,0.04676602088135507,0.05395919487207001,0.007193173990714938,0.14923491749534373,23,0.0021111624581473215
L16H4,first,all_facts,all_test,target,91,91,41,True,completed,0.014349523744203724,0.0070210842435087075,-0.007328439500695017,0.010326603443466663,57,0.024577803728057117
L16H4,first,all_facts,all_test,names_gap,91,91,41,True,completed,0.0014111114887861073,-0.0017891984364006494,-0.0032003099251867568,0.01342709703322075,57,0.024577803728057117
L16H4,first,all_facts,all_test,words_gap,91,91,41,True,completed,0.009567297587708109,-0.006062904485750716,-0.015630202073458825,0.017850688565058205,57,0.024577803728057117
L16H4,first,all_facts,final,target,63,63,32,True,completed,0.01414963120340908,0.006914021423455305,-0.007235609779953776,0.009824424081398863,44,0.02641165256500244
L16H4,first,all_facts,final,names_gap,63,63,32,True,completed,0.00041838178436533647,-0.00026319038591041723,-0.0006815721702757536,0.013129427517715276,44,0.02641165256500244
L16H4,first,all_facts,final,words_gap,63,63,32,True,completed,0.008741333946985116,-0.010818685800410033,-0.01956001974739515,0.019495562911526886,44,0.02641165256500244
L16H4,first,query_fact,all_test,target,78,78,37,True,completed,0.015238762261986056,0.006018080852060806,-0.00922068140992525,0.00893727583153781,50,0.023434716301995354
L16H4,first,query_fact,all_test,names_gap,78,78,37,True,completed,0.001593190799595039,-0.0028950569290976903,-0.004488247728692729,0.01272432604113291,50,0.023434716301995354
L16H4,first,query_fact,all_test,words_gap,78,78,37,True,completed,0.010254639743815037,-0.008714435039082074,-0.01896907478289711,0.018231211326395207,50,0.023434716301995354
L16H4,first,query_fact,final,target,63,63,32,True,completed,0.01414963120340908,0.006914021423455305,-0.007235609779953776,0.009824424081398863,44,0.02641165256500244
L16H4,first,query_fact,final,names_gap,63,63,32,True,completed,0.00041838178436533647,-0.00026319038591041723,-0.0006815721702757536,0.013129427517715276,44,0.02641165256500244
L16H4,first,query_fact,final,words_gap,63,63,32,True,completed,0.008741333946985116,-0.010818685800410033,-0.01956001974739515,0.019495562911526886,44,0.02641165256500244
L16H4,last,all_facts,all_test,target,91,91,41,True,completed,0.004178392221997287,0.015881551491494582,0.011703159269497294,0.024078620644857402,57,0.024577803728057117
L16H4,last,all_facts,all_test,names_gap,91,91,41,True,completed,-0.006272046934118667,0.00045822391239920486,0.006730270846517871,0.023601052426519026,57,0.024577803728057117
L16H4,last,all_facts,all_test,words_gap,91,91,41,True,completed,-0.000603833934498323,0.0027975627622351586,0.0034013966967334818,0.026860017834635215,57,0.024577803728057117
L16H4,last,all_facts,final,target,63,63,32,True,completed,0.0009874707885435194,0.017941261019536088,0.01695379023099257,0.028567852692358293,44,0.02641165256500244
L16H4,last,all_facts,final,names_gap,63,63,32,True,completed,-0.007151267205751201,0.0005866369424884998,0.0077379041482397,0.0309026878913279,44,0.02641165256500244
L16H4,last,all_facts,final,words_gap,63,63,32,True,completed,-0.004420826467880444,0.00020855379567075128,0.004629380263551195,0.03257514277803373,44,0.02641165256500244
L16H4,last,query_fact,all_test,target,78,78,37,True,completed,0.0021690867161672065,0.016184952235912552,0.014015865519745346,0.02619879953970753,50,0.023434716301995354
L16H4,last,query_fact,all_test,names_gap,78,78,37,True,completed,-0.007425468047686604,1.5385009000800184e-06,0.007427006548586684,0.027540924297790002,50,0.023434716301995354
L16H4,last,query_fact,all_test,words_gap,78,78,37,True,completed,-0.0028150358020038093,0.0014524363447696697,0.004267472146773479,0.029957959889630414,50,0.023434716301995354
L16H4,last,query_fact,final,target,63,63,32,True,completed,0.0009874707885435194,0.017941261019536088,0.01695379023099257,0.028567852692358293,44,0.02641165256500244
L16H4,last,query_fact,final,names_gap,63,63,32,True,completed,-0.007151267205751201,0.0005866369424884998,0.0077379041482397,0.0309026878913279,44,0.02641165256500244
L16H4,last,query_fact,final,words_gap,63,63,32,True,completed,-0.004420826467880444,0.00020855379567075128,0.004629380263551195,0.03257514277803373,44,0.02641165256500244
L12H17,first,query_fact,all_test,target,12,12,9,False,insufficient support,0.002547378188180256,0.02111026630693895,0.018562888118758693,0.03041027962196727,10,0.2679443359375
L12H17,first,query_fact,all_test,names_gap,12,12,9,False,insufficient support,-0.014938872625114325,0.014057009847549987,0.02899588247266431,0.031556920812984605,10,0.2679443359375
L12H17,first,query_fact,all_test,words_gap,12,12,9,False,insufficient support,-0.011779402208890913,0.015823541823937127,0.02760294403282804,0.031198940877035723,10,0.2679443359375
L12H17,last,query_fact,all_test,target,12,12,9,False,insufficient support,0.004628270876332518,0.018494966785961173,0.013866695909628655,0.019095538128573137,10,0.2679443359375
L12H17,last,query_fact,all_test,names_gap,12,12,9,False,insufficient support,-0.020049564122812072,0.008937561258501828,0.0289871253813139,0.018274442961417656,10,0.2679443359375
L12H17,last,query_fact,all_test,words_gap,12,12,9,False,insufficient support,-0.00969850952073865,0.013208242302959349,0.022906751823697998,0.022379701687862307,10,0.2679443359375
L15H29,first,all_facts,all_test,target,38,38,19,True,completed,0.00786693575118864,0.006296263833479053,-0.0015706719177095863,0.0103985024248359,26,0.006253393072831004
L15H29,first,all_facts,all_test,names_gap,38,34,18,True,completed,0.0039676894381041215,0.0003409006448943735,-0.003626788793209748,0.01221709292991991,25,0.008557319641113281
L15H29,first,all_facts,all_test,words_gap,38,38,19,True,completed,0.005715221566836321,-0.015685634805555522,-0.021400856372391842,0.017163641048114076,26,0.006253393072831004
L15H29,last,all_facts,all_test,target,38,38,19,True,completed,0.020340474652592044,0.0016226052494458713,-0.01871786940314617,0.003940829596637594,26,0.006253393072831004
L15H29,last,all_facts,all_test,names_gap,38,34,18,True,completed,0.004738651515112823,-0.0023210234781434486,-0.007059674993256272,0.008154656854007632,25,0.008557319641113281
L15H29,last,all_facts,all_test,words_gap,38,38,19,True,completed,0.018188760468239727,-0.020359293389588695,-0.03854805385782842,0.012892720928222298,26,0.006253393072831004
L15H2,first,query_fact,all_test,target,89,89,44,True,completed,0.012463317002536934,0.011874240543190846,-0.0005890764593460881,0.027448338232651828,62,-0.002474643967368386
L15H2,first,query_fact,all_test,names_gap,89,81,42,True,completed,-0.006007630599602408,-0.00826371457825498,-0.002256083978652573,0.03635005299493239,54,-0.008619126819428943
L15H2,first,query_fact,all_test,words_gap,89,89,44,True,completed,0.009240494451286212,0.009564398324154124,0.000323903872867912,0.02755000708077948,62,-0.002474643967368386
L15H2,last,query_fact,all_test,target,89,89,44,True,completed,0.010914264055047534,0.00913093479143088,-0.0017833292636166547,0.01793985185900443,62,-0.002474643967368386
L15H2,last,query_fact,all_test,names_gap,89,81,42,True,completed,-0.00018518337014575764,-0.0028187556783635147,-0.002633572308217757,0.023863869009266,54,-0.008619126819428943
L15H2,last,query_fact,all_test,words_gap,89,89,44,True,completed,0.007691441503796807,0.0068210925723941555,-0.0008703489314026511,0.017418029765526838,62,-0.002474643967368386
L19H22,first,query_fact,all_test,target,51,51,32,True,completed,0.0073034043141089,0.008108723190815192,0.0008053188767062919,0.017491984796678486,43,0.45466049015522003
L19H22,first,query_fact,all_test,names_gap,51,45,30,True,completed,-0.004664409980332599,-0.005484615586375802,-0.0008202056060432027,0.022707315027471257,38,0.46225457191467284
L19H22,first,query_fact,all_test,words_gap,51,51,32,True,completed,0.0004974541269617879,0.001282954301909187,0.0007855001749473992,0.015216249682285597,43,0.45466049015522003
L19H22,last,query_fact,all_test,target,51,51,32,True,completed,0.005052413964582746,0.0068131773393312065,0.0017607633747484608,0.010993597659899592,43,0.45466049015522003
L19H22,last,query_fact,all_test,names_gap,51,45,30,True,completed,0.000774324657957458,0.0008870883521290393,0.00011276369417158132,0.009432901280739207,38,0.46225457191467284
L19H22,last,query_fact,all_test,words_gap,51,51,32,True,completed,-0.0017535362225643658,-1.2591549574798811e-05,0.001740944672989567,0.01303419096361141,43,0.45466049015522003
L21H24,first,all_facts,all_test,target,49,49,23,True,completed,0.01351644039752315,0.004352806452057239,-0.009163633945465911,0.007568939046817419,31,0.005624833314315132
L21H24,first,all_facts,all_test,names_gap,49,49,23,True,completed,0.006077129164935838,0.002069656268597948,-0.00400747289633789,0.008716935449154603,31,0.005624833314315132
L21H24,first,all_facts,all_test,words_gap,49,49,23,True,completed,-0.018470892946279394,-0.01598026292112146,0.0024906300251579354,0.038318125356341305,31,0.005624833314315132
L21H24,last,all_facts,all_test,target,49,49,23,True,completed,0.006716678818525954,0.006988005188964819,0.00027132637043886503,0.009989969010750726,31,0.005624833314315132
L21H24,last,all_facts,all_test,names_gap,49,49,23,True,completed,0.00010541134886734746,0.004095828833237115,0.003990417484369768,0.009260234652755044,31,0.005624833314315132
L21H24,last,all_facts,all_test,words_gap,49,49,23,True,completed,-0.025270654525276593,-0.013345064184213882,0.01192559034106271,0.039725356315507686,31,0.005624833314315132
L21H24,first,query_fact,all_test,target,17,17,13,False,insufficient support,0.01076998476177288,0.003516203179390075,-0.007253781582382806,0.0069132097109297136,15,0.0043999598576472355
L21H24,first,query_fact,all_test,names_gap,17,17,13,False,insufficient support,0.0020410657351834544,-0.0006064938993729939,-0.002647559634556448,0.014270405663592828,15,0.0043999598576472355
L21H24,first,query_fact,all_test,words_gap,17,17,13,False,insufficient support,-0.00840756382491966,-0.004655805820570574,0.003751758004349086,0.011180834520218562,15,0.0043999598576472355
L21H24,last,query_fact,all_test,target,17,17,13,False,insufficient support,0.008564617986360618,0.0054534293083815435,-0.0031111886779790748,0.009030819499283667,15,0.0043999598576472355
L21H24,last,query_fact,all_test,names_gap,17,17,13,False,insufficient support,0.00401833055775056,0.0024725040736131927,-0.001545826484137367,0.0044600292630276655,15,0.0043999598576472355
L21H24,last,query_fact,all_test,words_gap,17,17,13,False,insufficient support,-0.010612930600331923,-0.002718579691579106,0.007894350908752817,0.012201231789023392,15,0.0043999598576472355
L10H16,first,query_fact,all_test,target,53,53,26,True,completed,0.015778691804069496,0.008423741039250972,-0.0073549507648185235,0.013317160374941862,34,0.023937812218299277
L10H16,first,query_fact,all_test,names_gap,53,53,26,True,completed,-0.002291847232571636,-0.004712691772248233,-0.002420844539676597,0.017869682032250898,34,0.023937812218299277
L10H16,first,query_fact,all_test,words_gap,53,53,26,True,completed,0.0026731138802491214,0.003718023222243076,0.0010449093419939545,0.014759168783297876,34,0.023937812218299277
L10H16,last,query_fact,all_test,target,53,53,26,True,completed,0.008851409849709732,0.013254415566938283,0.004403005717228551,0.01389216966680186,34,0.023937812218299277
L10H16,last,query_fact,all_test,names_gap,53,53,26,True,completed,0.004851910023384339,-0.007047474961846865,-0.011899384985231205,0.029230739178804165,34,0.023937812218299277
L10H16,last,query_fact,all_test,words_gap,53,53,26,True,completed,-0.004254168074110642,0.008548697749930386,0.012802865824041028,0.01396532375047423,34,0.023937812218299277
L7H1,first,query_fact,all_test,target,27,27,13,True,completed,0.0072254065500169705,0.010093767450774747,0.002868360900757777,0.012675956330966628,17,0.2962254010714017
L7H1,first,query_fact,all_test,names_gap,27,22,9,False,insufficient support,-0.006607852316067677,-0.004676628204079442,0.0019312241119882351,0.00993867918941314,13,0.24360148111979166
L7H1,first,query_fact,all_test,words_gap,27,27,13,True,completed,-0.0009194295151197085,0.0010607279723456498,0.001980157487465358,0.012972411833115836,17,0.2962254010714017
L7H1,last,query_fact,all_test,target,27,27,13,True,completed,0.0038980059294826345,0.03798769680546822,0.03408969087598559,0.04168308354845117,17,0.2962254010714017
L7H1,last,query_fact,all_test,names_gap,27,22,9,False,insufficient support,-0.008447435207494988,0.02339184532198178,0.031839280529476766,0.05305710445401441,13,0.24360148111979166
L7H1,last,query_fact,all_test,words_gap,27,27,13,True,completed,-0.0042468301356540445,0.028954657327039134,0.03320148746269318,0.04390478970937386,17,0.2962254010714017
L20H14,first,all_facts,all_test,target,33,33,18,True,completed,0.019573150024440964,0.0129440317424933,-0.006629118281947665,0.01860761399720313,21,0.01713858710394965
L20H14,first,all_facts,all_test,names_gap,33,30,17,True,completed,0.005414166868896342,-0.003771471959308621,-0.009185638828204962,0.023282060790164715,20,0.019410526051240808
L20H14,first,all_facts,all_test,words_gap,33,33,18,True,completed,0.01750500933212963,-0.03721013246727632,-0.05471514179940595,0.038686010417393994,21,0.01713858710394965
L20H14,last,all_facts,all_test,target,33,33,18,True,completed,0.01083140493085108,0.006194022764780859,-0.004637382166070221,0.011646781254042319,21,0.01713858710394965
L20H14,last,all_facts,all_test,names_gap,33,30,17,True,completed,-0.002181733037942151,-0.0029771961748477596,-0.0007954631369056085,0.01432916902919285,20,0.019410526051240808
L20H14,last,all_facts,all_test,words_gap,33,33,18,True,completed,0.008763264238539752,-0.04396014144498876,-0.05272340568352851,0.028636047000146644,21,0.01713858710394965
L17H24,first,all_facts,all_test,target,21,21,13,True,completed,0.04774669184554404,0.04912869594506594,0.0013820040995219038,0.08408619501965427,18,0.4003143310546875
L17H24,first,all_facts,all_test,names_gap,21,19,12,False,insufficient support,0.02523094512363218,0.023772590286119027,-0.001458354837513151,0.08437327818369056,16,0.4735603332519531
L17H24,first,all_facts,all_test,words_gap,21,21,13,True,completed,0.04191364027656848,0.04574041990235464,0.0038267796257861614,0.08529824651146475,18,0.4003143310546875
L17H24,last,all_facts,all_test,target,21,21,13,True,completed,0.009482730792701803,0.00518633738474532,-0.004296393407956484,0.014097980562239177,18,0.4003143310546875
L17H24,last,all_facts,all_test,names_gap,21,19,12,False,insufficient support,0.0028507344639120183,0.0005447830065463743,-0.002305951457365644,0.004904772081460433,16,0.4735603332519531
L17H24,last,all_facts,all_test,words_gap,21,21,13,True,completed,0.0036496792237262284,0.0017980613420340177,-0.0018516178816922106,0.016045061924258735,18,0.4003143310546875
L17H24,first,query_fact,all_test,target,11,11,8,False,insufficient support,0.02122016740834197,0.021679630621942864,0.00045946321360089415,0.05266691255653373,10,0.3664264678955078
L17H24,first,query_fact,all_test,names_gap,11,10,7,False,insufficient support,0.007380706623233702,0.004733731479061402,-0.0026469751441723,0.055838086738485,9,0.41418675013950895
L17H24,first,query_fact,all_test,words_gap,11,11,8,False,insufficient support,0.015907168369776164,0.01752269628853302,0.0016155279187568573,0.0534224239014451,10,0.3664264678955078
L17H24,last,query_fact,all_test,target,11,11,8,False,insufficient support,0.016318670288924652,0.006806052389529294,-0.009512617899395358,0.017646680463848378,10,0.3664264678955078
L17H24,last,query_fact,all_test,names_gap,11,10,7,False,insufficient support,0.006140558139000571,1.1767013716450115e-05,-0.006128791125284121,0.0030819994058512313,9,0.41418675013950895
L17H24,last,query_fact,all_test,words_gap,11,11,8,False,insufficient support,0.011005671250358846,0.00264911805611945,-0.008356553194239396,0.02002313986425921,10,0.3664264678955078
L31H1,first,query_fact,all_test,target,12,12,9,False,insufficient support,0.007747868210221883,0.00958785607370366,0.001839987863481777,0.020317088896226607,12,-0.029295179578993056
L31H1,first,query_fact,all_test,names_gap,12,1,1,False,insufficient support,0.01298792615594227,-0.039473394753640714,-0.052461320909582984,0.0,1,0.0009765625
L31H1,first,query_fact,all_test,words_gap,12,12,9,False,insufficient support,0.0009720410534589227,0.008676049710127181,0.007704008656668258,0.020376283411585826,12,-0.029295179578993056
L31H1,last,query_fact,all_test,target,12,12,9,False,insufficient support,0.020958763660915602,0.017409499316632868,-0.003549264344282734,0.022966653735027636,12,-0.029295179578993056
L31H1,last,query_fact,all_test,names_gap,12,1,1,False,insufficient support,0.03928030478969806,0.03841316058869023,-0.0008671442010078287,0.0,1,0.0009765625
L31H1,last,query_fact,all_test,words_gap,12,12,9,False,insufficient support,0.014182936504152643,0.016497692953056385,0.0023147564489037417,0.023565376748756976,12,-0.029295179578993056
L17H3,first,all_facts,all_test,target,16,16,7,False,insufficient support,0.018712856115823788,0.00962268470423903,-0.009090171411584759,0.016884865300999627,10,-0.46624973842075895
L17H3,first,all_facts,all_test,names_gap,16,8,4,False,insufficient support,0.01029848131450173,0.011484723566627724,0.0011862422521259942,0.013656836021399457,5,-0.6274757385253906
L17H3,first,all_facts,all_test,words_gap,16,16,7,False,insufficient support,0.008976412098101938,-0.003608750351545045,-0.012585162449646983,0.021533006376245535,10,-0.46624973842075895
L17H3,last,all_facts,all_test,target,16,16,7,False,insufficient support,0.022309669894467993,0.019421650189332115,-0.002888019705135879,0.024318974531851927,10,-0.46624973842075895
L17H3,last,all_facts,all_test,names_gap,16,8,4,False,insufficient support,-0.0022602734472925035,-0.001433597315134939,0.0008266761321575646,0.023931371239491808,5,-0.6274757385253906
L17H3,last,all_facts,all_test,words_gap,16,16,7,False,insufficient support,0.012573225876746145,0.006190215133548041,-0.0063830107431981035,0.033456329826919866,10,-0.46624973842075895
L9H6,first,query_fact,all_test,target,16,16,5,False,insufficient support,0.021729476957579118,0.008928578678778828,-0.01280089827880029,0.009870694880038612,8,0.02656402587890625
L9H6,first,query_fact,all_test,names_gap,16,14,5,False,insufficient support,0.008703103518047888,0.006399377141229403,-0.002303726376818485,0.007438571024357756,8,0.02656402587890625
L9H6,first,query_fact,all_test,words_gap,16,16,5,False,insufficient support,0.021729476957579118,-0.014955157152702157,-0.03668463411028128,0.012731076967886642,8,0.02656402587890625
L9H6,last,query_fact,all_test,target,16,16,5,False,insufficient support,0.026474930604493036,0.005881140351823154,-0.020593790252669882,0.010770096996383734,8,0.02656402587890625
L9H6,last,query_fact,all_test,names_gap,16,14,5,False,insufficient support,0.01110408265033011,-0.001888147110162033,-0.012992229760492144,0.010301827348465529,8,0.02656402587890625
L9H6,last,query_fact,all_test,words_gap,16,16,5,False,insufficient support,0.026474930604493036,-0.01800259547965783,-0.04447752608415087,0.01143143835935169,8,0.02656402587890625
L9H22,first,all_facts,all_test,target,14,14,4,False,insufficient support,0.0047207274538766586,0.0030440347491267773,-0.0016766927047498813,0.0043734483383242925,6,-0.014984130859375
L9H22,first,all_facts,all_test,names_gap,14,9,4,False,insufficient support,1.9969403121970807e-05,-0.008433645974608831,-0.008453615377730803,0.016882262852277417,6,-0.014984130859375
L9H22,first,all_facts,all_test,words_gap,14,14,4,False,insufficient support,-0.005409630257577422,-0.00819279283583131,-0.002783162578253887,0.008149182917379318,6,-0.014984130859375
L9H22,first,query_fact,all_test,target,1,1,1,False,insufficient support,0.0,0.009275275240624862,0.009275275240624862,0.0,1,0.0135498046875
L9H22,first,query_fact,all_test,names_gap,1,1,1,False,insufficient support,0.0,0.007824287382322805,0.007824287382322805,0.0,1,0.0135498046875
L9H22,first,query_fact,all_test,words_gap,1,1,1,False,insufficient support,-0.023705619650710958,0.002310633494100856,0.026016253144811815,0.0,1,0.0135498046875
L9H22,last,all_facts,all_test,target,14,14,4,False,insufficient support,0.008509760506430104,0.06486095876007276,0.05635119825364266,0.040902286075964966,6,-0.014984130859375
L9H22,last,all_facts,all_test,names_gap,14,9,4,False,insufficient support,-0.00858762465880198,0.01715866272059275,0.02574628737939473,0.040608339254354524,6,-0.014984130859375
L9H22,last,all_facts,all_test,words_gap,14,14,4,False,insufficient support,-0.0016205972050239766,0.05362413117511468,0.05524472838013866,0.044024336925319645,6,-0.014984130859375
L9H22,last,query_fact,all_test,target,1,1,1,False,insufficient support,0.0,0.09201744859449688,0.09201744859449688,0.0,1,0.0135498046875
L9H22,last,query_fact,all_test,names_gap,1,1,1,False,insufficient support,-0.0384419682588162,-0.031082019428691182,0.0073599488301250154,0.0,1,0.0135498046875
L9H22,last,query_fact,all_test,words_gap,1,1,1,False,insufficient support,-0.023705619650710958,0.08505280684797288,0.10875842649868384,0.0,1,0.0135498046875
L23H10,first,query_fact,all_test,target,4,4,3,False,insufficient support,0.01947417896049899,0.002842145145940542,-0.01663203381455845,0.004922739795254281,3,0.046183268229166664
L23H10,first,query_fact,all_test,names_gap,4,4,3,False,insufficient support,-0.009569842253988659,-0.008966696777228372,0.0006031454767602869,0.018655670088562632,3,0.046183268229166664
L23H10,first,query_fact,all_test,words_gap,4,4,3,False,insufficient support,0.018532707355338348,0.0025000870195323256,-0.016032620335806023,0.004734151740011078,3,0.046183268229166664
L23H10,last,query_fact,all_test,target,4,4,3,False,insufficient support,0.025892448887103122,0.007633108353854044,-0.01825934053324908,0.012203842597277326,3,0.046183268229166664
L23H10,last,query_fact,all_test,names_gap,4,4,3,False,insufficient support,0.02045671555529573,0.006206762799108321,-0.014249952756187408,0.013513038487325064,3,0.046183268229166664
L23H10,last,query_fact,all_test,words_gap,4,4,3,False,insufficient support,0.02495097728194248,0.007291050227445827,-0.017659927054496653,0.012502376162896232,3,0.046183268229166664
L20H14,first,query_fact,all_test,target,5,5,4,False,insufficient support,0.0007286423460719773,0.01899241222277385,0.018263769876701873,0.030329057229836545,4,0.0086669921875
L20H14,first,query_fact,all_test,names_gap,5,5,4,False,insufficient support,-0.009507775487826064,-0.007823997719351022,0.0016837777684750414,0.04139694375687116,4,0.0086669921875
L20H14,first,query_fact,all_test,words_gap,5,5,4,False,insufficient support,-0.004106043682986009,-0.02552563164320029,-0.021419587960214283,0.049394382554469075,4,0.0086669921875
L20H14,last,query_fact,all_test,target,5,5,4,False,insufficient support,0.009546971916425803,0.009473992573501445,-7.29793429243581e-05,0.014379237079183375,4,0.0086669921875
L20H14,last,query_fact,all_test,names_gap,5,5,4,False,insufficient support,0.0014698378444842437,0.0001818662514551624,-0.0012879715930290813,0.026951820159165543,4,0.0086669921875
L20H14,last,query_fact,all_test,words_gap,5,5,4,False,insufficient support,0.0047122858873678165,-0.035044051292472705,-0.03975633717984052,0.018027757756382965,4,0.0086669921875
L22H5,first,query_fact,all_test,target,10,10,8,False,insufficient support,0.02302879419491574,0.0007865221490982463,-0.022242272045817496,0.002224620580723147,9,0.9421796798706055
L22H5,first,query_fact,all_test,names_gap,10,10,8,False,insufficient support,-0.0187140086052883,-0.10623059313887834,-0.08751658453359004,0.07281945613013108,9,0.9421796798706055
L22H5,first,query_fact,all_test,words_gap,10,10,8,False,insufficient support,0.01989037669798567,0.00039231833301611567,-0.019498058364969553,0.002592352596218618,9,0.9421796798706055
L22H5,last,query_fact,all_test,target,10,10,8,False,insufficient support,0.005493176636782467,0.0014061243084271685,-0.0040870523283552986,0.0039771201347203805,9,0.9421796798706055
L22H5,last,query_fact,all_test,names_gap,10,10,8,False,insufficient support,-0.005301641212506813,5.85267153359227e-05,0.005360167927842736,0.003884936719920535,9,0.9421796798706055
L22H5,last,query_fact,all_test,words_gap,10,10,8,False,insufficient support,0.0023547591398524015,0.001011920492345038,-0.0013428386475073635,0.004259944186709523,9,0.9421796798706055
L15H29,first,query_fact,all_test,target,4,4,2,False,insufficient support,0.0074880264314399125,0.024427213445791837,0.016939187014351924,0.03454529654602124,2,0.0120849609375
L15H29,first,query_fact,all_test,names_gap,4,4,2,False,insufficient support,0.006649937145561505,0.024427213445791837,0.017777276300230332,0.03454529654602124,2,0.0120849609375
L15H29,first,query_fact,all_test,words_gap,4,4,2,False,insufficient support,0.0057984006007840184,-0.007158444715962222,-0.01295684531674624,0.03264543202406656,2,0.0120849609375
L15H29,last,query_fact,all_test,target,4,4,2,False,insufficient support,0.016809424280311583,0.0015047046711057287,-0.015304719609205854,0.0021279737532438688,2,0.0120849609375
L15H29,last,query_fact,all_test,names_gap,4,4,2,False,insufficient support,0.0027003684913402192,0.0,-0.0027003684913402192,0.0,2,0.0120849609375
L15H29,last,query_fact,all_test,words_gap,4,4,2,False,insufficient support,0.015119798449655688,-0.030080953490648335,-0.045200751940304026,0.004027838275198549,2,0.0120849609375
L3H11,first,all_facts,all_test,target,5,5,1,False,insufficient support,0.038429002811395496,0.006771155706869088,-0.03165784710452641,0.0,2,-0.019073486328125
L3H11,first,all_facts,all_test,names_gap,5,3,1,False,insufficient support,0.024177411692931545,0.0016365140710862798,-0.022540897621845263,0.0,1,-0.03131103515625
L3H11,first,all_facts,all_test,words_gap,5,5,1,False,insufficient support,0.030947421355443944,-0.0198446152658224,-0.05079203662126634,0.0,2,-0.019073486328125
L3H11,last,all_facts,all_test,target,5,5,1,False,insufficient support,0.0,0.057106388621546676,0.057106388621546676,0.0,2,-0.019073486328125
L3H11,last,all_facts,all_test,names_gap,5,3,1,False,insufficient support,-0.009386403417290766,0.048184658987767394,0.05757106240505816,0.0,1,-0.03131103515625
L3H11,last,all_facts,all_test,words_gap,5,5,1,False,insufficient support,-0.007481581455951555,0.0304906176488552,0.03797219910480676,0.0,2,-0.019073486328125
