head,family,order,exact,sum_positions,residual
L0H1,0,0,0.1002197265625,0.2530517578125,0.15283203125
L0H1,0,1,-0.065185546875,0.140380859375,0.20556640625
L0H1,16,0,-0.08599853515625,0.0060882568359375,0.0920867919921875
L0H1,16,1,-0.1259765625,-0.2060546875,-0.080078125
L0H1,32,0,-0.550506591796875,-0.6788864135742188,-0.12837982177734375
L0H1,32,1,-1.086181640625,-1.23291015625,-0.146728515625
L0H1,48,0,0.6749267578125,0.89398193359375,0.21905517578125
L0H1,48,1,0.112091064453125,-0.050758361816406194,-0.1628494262695312
L0H1,56,0,0.030792236328125,-0.0972747802734375,-0.1280670166015625
L0H1,56,1,-0.0283203125,-0.158935546875,-0.130615234375
L0H1,64,0,-0.230712890625,-0.493896484375,-0.26318359375
L0H1,64,1,0.4852294921875,0.87890625,0.3936767578125
L0H1,82,0,0.930419921875,0.947021484375,0.0166015625
L0H1,82,1,0.648681640625,0.821044921875,0.17236328125
L0H1,96,0,-1.3811492919921875,-1.5773773193359375,-0.19622802734375
L0H1,96,1,-1.9501953125,-1.519775390625,0.430419921875
L0H1,98,0,0.1414794921875,0.2221527099609375,0.0806732177734375
L0H1,98,1,-0.2950439453125,-0.61328125,-0.3182373046875
L0H1,102,0,-0.3505706787109375,-0.5280170440673829,-0.17744636535644542
L0H1,102,1,0.6650390625,0.507080078125,-0.157958984375
L0H1,116,0,0.4737548828125,0.361572265625,-0.1121826171875
L0H1,116,1,0.619384765625,0.4072265625,-0.212158203125
L0H1,130,0,0.244873046875,0.171142578125,-0.07373046875
L0H1,130,1,0.223175048828125,0.2344512939453125,0.0112762451171875
L0H1,150,0,0.28778076171875,0.428436279296875,0.140655517578125
L0H1,150,1,0.18017578125,0.15771484375,-0.0224609375
L0H1,154,0,0.134033203125,0.36572265625,0.231689453125
L0H1,154,1,-0.218994140625,-0.2188720703125,0.0001220703125
L0H1,162,0,0.04931640625,0.12744140625,0.078125
L0H1,162,1,-0.5166015625,-0.693359375,-0.1767578125
L0H1,176,0,0.52734375,0.577392578125,0.050048828125
L0H1,176,1,0.07763671875,-0.18212890625,-0.259765625
L0H1,178,0,0.31475067138671875,0.1674919128417969,-0.14725875854492185
L0H1,178,1,0.560546875,0.345703125,-0.21484375
L0H1,186,0,-0.2569580078125,0.2342529296875,0.4912109375
L0H1,186,1,0.124267578125,-0.294921875,-0.419189453125
L0H1,192,0,0.0400390625,0.095458984375,0.055419921875
L0H1,192,1,-0.2823486328125,-0.2344970703125,0.0478515625
L0H1,196,0,0.3740234375,0.1806640625,-0.193359375
L0H1,196,1,-0.201171875,-0.392578125,-0.19140625
L1H27,0,0,-0.0018310546875,0.096435546875,0.0982666015625
L1H27,0,1,0.035400390625,0.2744140625,0.239013671875
L1H27,16,0,0.250213623046875,0.39947509765625,0.149261474609375
L1H27,16,1,0.22705078125,0.13134765625,-0.095703125
L1H27,32,0,-0.006988525390625,-0.156494140625,-0.149505615234375
L1H27,32,1,0.04248046875,0.0390625,-0.00341796875
L1H27,48,0,0.16253662109375,0.42041015625,0.25787353515625
L1H27,48,1,0.19964599609375,0.007659912109375,-0.191986083984375
L1H27,56,0,0.045013427734375,-0.008544921875,-0.053558349609375
L1H27,56,1,-0.040771484375,-0.156982421875,-0.1162109375
L1H27,64,0,-0.074462890625,-0.289306640625,-0.21484375
L1H27,64,1,-0.0584716796875,0.1678466796875,0.226318359375
L1H27,82,0,-0.14453125,-0.0517578125,0.0927734375
L1H27,82,1,0.0592041015625,0.1016845703125,0.04248046875
L1H27,96,0,0.2299652099609375,0.12945556640625,-0.1005096435546875
L1H27,96,1,0.21826171875,0.753173828125,0.534912109375
L1H27,98,0,-0.7628173828125,-0.7255859375,0.0372314453125
L1H27,98,1,0.2447509765625,-0.3988037109375,-0.6435546875
L1H27,102,0,0.011566162109375,0.01934814453125,0.007781982421875
L1H27,102,1,-0.060546875,-0.30712890625,-0.24658203125
L1H27,116,0,0.0355224609375,-0.0596923828125,-0.09521484375
L1H27,116,1,-0.04296875,-0.2900390625,-0.2470703125
L1H27,130,0,-0.043701171875,0.078125,0.121826171875
L1H27,130,1,-0.044281005859375,-0.08709716796875,-0.042816162109375
L1H27,150,0,0.07733154296875,0.22711181640625,0.1497802734375
L1H27,150,1,-0.09326171875,-0.080078125,0.01318359375
L1H27,154,0,0.00048828125,0.2470703125,0.24658203125
L1H27,154,1,0.0382080078125,-0.1312255859375,-0.16943359375
L1H27,162,0,-0.12744140625,-0.09375,0.03369140625
L1H27,162,1,0.01904296875,-0.169921875,-0.18896484375
L1H27,176,0,-0.019775390625,0.076904296875,0.0966796875
L1H27,176,1,0.03369140625,-0.29833984375,-0.33203125
L1H27,178,0,0.0353851318359375,-0.10384368896484335,-0.13922882080078086
L1H27,178,1,0.0380859375,-0.15283203125,-0.19091796875
L1H27,186,0,0.02880859375,0.1090087890625,0.0802001953125
L1H27,186,1,0.4287109375,0.01953125,-0.4091796875
L1H27,192,0,0.05126953125,0.017333984375,-0.033935546875
L1H27,192,1,0.032470703125,0.1168212890625,0.0843505859375
L1H27,196,0,0.037109375,-0.212890625,-0.25
L1H27,196,1,0.09765625,-0.130859375,-0.228515625
L2H1,0,0,0.07086181640625,0.1737060546875,0.10284423828125
L2H1,0,1,0.0771484375,0.38037109375,0.30322265625
L2H1,16,0,0.0296783447265625,0.1267852783203125,0.09710693359375
L2H1,16,1,-0.176025390625,-0.28662109375,-0.110595703125
L2H1,32,0,-0.211578369140625,-0.3821258544921875,-0.1705474853515625
L2H1,32,1,-0.17333984375,-0.20849609375,-0.03515625
L2H1,48,0,0.070526123046875,0.269683837890625,0.19915771484375
L2H1,48,1,-0.0449371337890625,-0.1742172241210937,-0.1292800903320312
L2H1,56,0,0.110748291015625,0.07080078125,-0.039947509765625
L2H1,56,1,0.055419921875,-0.046142578125,-0.1015625
L2H1,64,0,0.030029296875,-0.12646484375,-0.156494140625
L2H1,64,1,-0.108642578125,0.20361328125,0.312255859375
L2H1,82,0,0.013916015625,0.082275390625,0.068359375
L2H1,82,1,-0.04150390625,0.053955078125,0.095458984375
L2H1,96,0,0.1171875,-0.0951690673828125,-0.2123565673828125
L2H1,96,1,0.23486328125,0.68017578125,0.4453125
L2H1,98,0,0.08563232421875,0.23565673828125,0.1500244140625
L2H1,98,1,0.218994140625,0.020263671875,-0.19873046875
L2H1,102,0,-0.2562408447265625,-0.3453292846679687,-0.0890884399414062
L2H1,102,1,-0.7392578125,-0.95068359375,-0.21142578125
L2H1,116,0,0.1510009765625,-0.0145263671875,-0.16552734375
L2H1,116,1,0.48388671875,0.1943359375,-0.28955078125
L2H1,130,0,-0.15087890625,-0.22216796875,-0.0712890625
L2H1,130,1,-0.424285888671875,-0.512542724609375,-0.0882568359375
L2H1,150,0,-0.02252197265625,0.19683837890625,0.2193603515625
L2H1,150,1,0.0576171875,0.0439453125,-0.013671875
L2H1,154,0,-0.025390625,0.24560546875,0.27099609375
L2H1,154,1,-0.15869140625,-0.355224609375,-0.196533203125
L2H1,162,0,-0.109375,-0.03564453125,0.07373046875
L2H1,162,1,0.1025390625,-0.03369140625,-0.13623046875
L2H1,176,0,0.013427734375,0.083251953125,0.06982421875
L2H1,176,1,0.19482421875,-0.03173828125,-0.2265625
L2H1,178,0,0.03975677490234375,-0.0942153930664056,-0.13397216796874933
L2H1,178,1,0.12548828125,-0.05126953125,-0.1767578125
L2H1,186,0,0.0245361328125,0.115234375,0.0906982421875
L2H1,186,1,-0.04833984375,-0.3388671875,-0.29052734375
L2H1,192,0,-0.1162109375,-0.2392578125,-0.123046875
L2H1,192,1,-0.2171630859375,-0.1517333984375,0.0654296875
L2H1,196,0,-0.060546875,-0.32421875,-0.263671875
L2H1,196,1,-0.23046875,-0.4501953125,-0.2197265625
L2H21,0,0,-0.00054931640625,0.13153076171875,0.132080078125
L2H21,0,1,-0.00390625,0.223876953125,0.227783203125
L2H21,16,0,0.0338592529296875,0.1377716064453125,0.103912353515625
L2H21,16,1,0.0234375,-0.09912109375,-0.12255859375
L2H21,32,0,0.009246826171875,-0.14764404296875,-0.156890869140625
L2H21,32,1,-0.026611328125,-0.058349609375,-0.03173828125
L2H21,48,0,0.010589599609375,0.2557373046875,0.245147705078125
L2H21,48,1,0.0093994140625,-0.2318115234375,-0.2412109375
L2H21,56,0,-0.00958251953125,-0.032257080078125,-0.022674560546875
L2H21,56,1,-0.002197265625,-0.08544921875,-0.083251953125
L2H21,64,0,-0.064697265625,-0.2158203125,-0.151123046875
L2H21,64,1,-0.0843505859375,0.1744384765625,0.2587890625
L2H21,82,0,0.00244140625,0.109619140625,0.107177734375
L2H21,82,1,0.023193359375,0.1361083984375,0.1129150390625
L2H21,96,0,0.0247802734375,-0.101165771484375,-0.125946044921875
L2H21,96,1,0.052978515625,0.475341796875,0.42236328125
L2H21,98,0,-0.0067138671875,0.0938720703125,0.1005859375
L2H21,98,1,0.0382080078125,-0.2515869140625,-0.289794921875
L2H21,102,0,0.0125885009765625,-0.05181884765625,-0.0644073486328125
L2H21,102,1,-0.001708984375,-0.1982421875,-0.196533203125
L2H21,116,0,-0.0009765625,-0.1263427734375,-0.1253662109375
L2H21,116,1,-0.0361328125,-0.24267578125,-0.20654296875
L2H21,130,0,0.029296875,0.00830078125,-0.02099609375
L2H21,130,1,-0.188812255859375,-0.283050537109375,-0.09423828125
L2H21,150,0,0.0224609375,0.224609375,0.2021484375
L2H21,150,1,0.02294921875,0.029296875,0.00634765625
L2H21,154,0,0.052734375,0.344970703125,0.292236328125
L2H21,154,1,-0.04296875,-0.1739501953125,-0.1309814453125
L2H21,162,0,-0.02978515625,0.0478515625,0.07763671875
L2H21,162,1,0.0009765625,-0.19189453125,-0.19287109375
L2H21,176,0,-0.06005859375,-0.065673828125,-0.005615234375
L2H21,176,1,-0.02099609375,-0.25048828125,-0.2294921875
L2H21,178,0,0.00725555419921875,-0.10800933837890575,-0.1152648925781245
L2H21,178,1,-0.00927734375,-0.1923828125,-0.18310546875
L2H21,186,0,0.011474609375,0.04443359375,0.032958984375
L2H21,186,1,-0.095458984375,-0.38427734375,-0.288818359375
L2H21,192,0,-0.015625,-0.118896484375,-0.103271484375
L2H21,192,1,0.0059814453125,0.015625,0.0096435546875
L2H21,196,0,0.0419921875,-0.216796875,-0.2587890625
L2H21,196,1,0.017578125,-0.16015625,-0.177734375
L2H22,0,0,0.0023193359375,0.08453369140625,0.08221435546875
L2H22,0,1,-0.111328125,0.091796875,0.203125
L2H22,16,0,0.076934814453125,0.19049072265625,0.113555908203125
L2H22,16,1,0.087158203125,-0.00341796875,-0.090576171875
L2H22,32,0,-0.01593017578125,-0.243499755859375,-0.227569580078125
L2H22,32,1,0.02392578125,0.021484375,-0.00244140625
L2H22,48,0,-0.00579833984375,0.242431640625,0.24822998046875
L2H22,48,1,-0.044189453125,-0.2412109375,-0.197021484375
L2H22,56,0,-0.03582763671875,-0.066680908203125,-0.030853271484375
L2H22,56,1,-0.010986328125,-0.10595703125,-0.094970703125
L2H22,64,0,0.025634765625,-0.103271484375,-0.12890625
L2H22,64,1,0.085205078125,0.3072509765625,0.2220458984375
L2H22,82,0,-0.00146484375,0.08447265625,0.0859375
L2H22,82,1,0.02001953125,0.1436767578125,0.1236572265625
L2H22,96,0,-0.043365478515625,-0.0916595458984375,-0.0482940673828125
L2H22,96,1,0.024658203125,0.486083984375,0.46142578125
L2H22,98,0,-0.0137939453125,0.09637451171875,0.11016845703125
L2H22,98,1,-0.00439453125,-0.2940673828125,-0.2896728515625
L2H22,102,0,0.0255279541015625,-0.088836669921875,-0.1143646240234375
L2H22,102,1,-0.065185546875,-0.3134765625,-0.248291015625
L2H22,116,0,-0.0035400390625,-0.144775390625,-0.1412353515625
L2H22,116,1,0.05712890625,-0.1982421875,-0.25537109375
L2H22,130,0,-0.03271484375,-0.070068359375,-0.037353515625
L2H22,130,1,-0.021759033203125,-0.132843017578125,-0.111083984375
L2H22,150,0,0.00250244140625,0.18341064453125,0.180908203125
L2H22,150,1,0.0107421875,0.02685546875,0.01611328125
L2H22,154,0,0.009521484375,0.274169921875,0.2646484375
L2H22,154,1,-0.0660400390625,-0.1859130859375,-0.119873046875
L2H22,162,0,0.009765625,0.03125,0.021484375
L2H22,162,1,-0.01025390625,-0.1572265625,-0.14697265625
L2H22,176,0,0.008056640625,0.081298828125,0.0732421875
L2H22,176,1,-0.0302734375,-0.29052734375,-0.26025390625
L2H22,178,0,0.01595306396484375,-0.133132934570312,-0.14908599853515575
L2H22,178,1,-0.01708984375,-0.1953125,-0.17822265625
L2H22,186,0,-0.0340576171875,0.066162109375,0.1002197265625
L2H22,186,1,-0.04736328125,-0.37255859375,-0.3251953125
L2H22,192,0,-0.0,-0.107421875,-0.107421875
L2H22,192,1,-0.0008544921875,0.006103515625,0.0069580078125
L2H22,196,0,-0.0361328125,-0.259765625,-0.2236328125
L2H22,196,1,-0.06640625,-0.322265625,-0.255859375
L3H11,0,0,0.01397705078125,0.1180419921875,0.10406494140625
L3H11,0,1,-0.014404296875,0.29150390625,0.305908203125
L3H11,16,0,-0.022064208984375,0.024200439453125,0.0462646484375
L3H11,16,1,-0.001220703125,-0.181640625,-0.180419921875
L3H11,32,0,0.03240966796875,-0.1182861328125,-0.15069580078125
L3H11,32,1,0.033203125,0.071044921875,0.037841796875
L3H11,48,0,0.0030517578125,0.247802734375,0.2447509765625
L3H11,48,1,0.014312744140625,-0.2161712646484375,-0.2304840087890625
L3H11,56,0,0.0018310546875,-0.057037353515625,-0.058868408203125
L3H11,56,1,0.013916015625,-0.058349609375,-0.072265625
L3H11,64,0,0.0244140625,-0.0673828125,-0.091796875
L3H11,64,1,0.09033203125,0.372314453125,0.281982421875
L3H11,82,0,0.00537109375,0.10693359375,0.1015625
L3H11,82,1,-0.0054931640625,0.1011962890625,0.106689453125
L3H11,96,0,-0.0207672119140625,-0.144439697265625,-0.1236724853515625
L3H11,96,1,0.00634765625,0.4375,0.43115234375
L3H11,98,0,-0.01287841796875,0.1331787109375,0.14605712890625
L3H11,98,1,0.006103515625,-0.3134765625,-0.319580078125
L3H11,102,0,-0.0107879638671875,-0.131683349609375,-0.1208953857421875
L3H11,102,1,-0.011962890625,-0.158447265625,-0.146484375
L3H11,116,0,-0.0045166015625,-0.1610107421875,-0.156494140625
L3H11,116,1,-0.02490234375,-0.298828125,-0.27392578125
L3H11,130,0,0.01904296875,-0.063720703125,-0.082763671875
L3H11,130,1,-0.0186767578125,-0.140350341796875,-0.121673583984375
L3H11,150,0,-0.00860595703125,0.20367431640625,0.2122802734375
L3H11,150,1,-0.00048828125,-0.0029296875,-0.00244140625
L3H11,154,0,0.019287109375,0.22314453125,0.203857421875
L3H11,154,1,0.00146484375,-0.140625,-0.14208984375
L3H11,162,0,0.03662109375,0.13916015625,0.1025390625
L3H11,162,1,0.0126953125,-0.11767578125,-0.13037109375
L3H11,176,0,0.003173828125,0.07666015625,0.073486328125
L3H11,176,1,-0.02197265625,-0.28955078125,-0.267578125
L3H11,178,0,-0.03263092041015625,-0.1890335083007803,-0.15640258789062406
L3H11,178,1,-0.03125,-0.27685546875,-0.24560546875
L3H11,186,0,0.2109375,0.23291015625,0.02197265625
L3H11,186,1,-0.0341796875,-0.38720703125,-0.35302734375
L3H11,192,0,0.005126953125,-0.147216796875,-0.15234375
L3H11,192,1,0.0189208984375,0.12939453125,0.1104736328125
L3H11,196,0,-0.0107421875,-0.302734375,-0.2919921875
L3H11,196,1,0.01171875,-0.1591796875,-0.1708984375
L4H0,0,0,0.00537109375,0.0731201171875,0.0677490234375
L4H0,0,1,0.018798828125,0.238037109375,0.21923828125
L4H0,16,0,0.002410888671875,0.10693359375,0.104522705078125
L4H0,16,1,-0.005859375,-0.11328125,-0.107421875
L4H0,32,0,0.01519775390625,-0.142547607421875,-0.157745361328125
L4H0,32,1,-0.013427734375,0.00634765625,0.019775390625
L4H0,48,0,0.009521484375,0.280181884765625,0.270660400390625
L4H0,48,1,-0.0219879150390625,-0.16571044921875,-0.1437225341796875
L4H0,56,0,-0.008758544921875,-0.049530029296875,-0.040771484375
L4H0,56,1,0.003173828125,-0.08349609375,-0.086669921875
L4H0,64,0,-0.032958984375,-0.151611328125,-0.11865234375
L4H0,64,1,0.026611328125,0.2647705078125,0.2381591796875
L4H0,82,0,0.009033203125,0.042724609375,0.03369140625
L4H0,82,1,-0.004150390625,0.0908203125,0.094970703125
L4H0,96,0,0.008819580078125,-0.098052978515625,-0.10687255859375
L4H0,96,1,0.033935546875,0.548583984375,0.5146484375
L4H0,98,0,0.0142822265625,0.09674072265625,0.08245849609375
L4H0,98,1,0.0474853515625,-0.228271484375,-0.2757568359375
L4H0,102,0,0.000274658203125,-0.09442138671875,-0.094696044921875
L4H0,102,1,-0.114013671875,-0.311767578125,-0.19775390625
L4H0,116,0,-0.0072021484375,-0.169677734375,-0.1624755859375
L4H0,116,1,0.01025390625,-0.24072265625,-0.2509765625
L4H0,130,0,-0.01123046875,-0.071533203125,-0.060302734375
L4H0,130,1,-0.01458740234375,-0.11859130859375,-0.10400390625
L4H0,150,0,-0.00946044921875,0.143310546875,0.15277099609375
L4H0,150,1,-0.017578125,-0.033203125,-0.015625
L4H0,154,0,0.009521484375,0.322021484375,0.3125
L4H0,154,1,-0.0162353515625,-0.2220458984375,-0.205810546875
L4H0,162,0,0.009765625,0.12451171875,0.11474609375
L4H0,162,1,-0.009765625,-0.16015625,-0.150390625
L4H0,176,0,-0.0009765625,0.04296875,0.0439453125
L4H0,176,1,-0.01708984375,-0.27734375,-0.26025390625
L4H0,178,0,-0.01435089111328125,-0.2168617248535148,-0.20251083374023354
L4H0,178,1,-0.0107421875,-0.150390625,-0.1396484375
L4H0,186,0,0.0010986328125,0.020751953125,0.0196533203125
L4H0,186,1,-0.0087890625,-0.43017578125,-0.42138671875
L4H0,192,0,0.006591796875,-0.105224609375,-0.11181640625
L4H0,192,1,0.0174560546875,0.160400390625,0.1429443359375
L4H0,196,0,-0.0078125,-0.24609375,-0.23828125
L4H0,196,1,-0.0146484375,-0.2490234375,-0.234375
L5H18,0,0,-0.0001220703125,0.069580078125,0.0697021484375
L5H18,0,1,0.034423828125,0.271728515625,0.2373046875
L5H18,16,0,-0.109588623046875,-0.016815185546875,0.0927734375
L5H18,16,1,-0.101318359375,-0.169677734375,-0.068359375
L5H18,32,0,-0.002471923828125,-0.19903564453125,-0.196563720703125
L5H18,32,1,-0.041015625,0.00537109375,0.04638671875
L5H18,48,0,-0.038299560546875,0.192718505859375,0.23101806640625
L5H18,48,1,-0.04327392578125,-0.2200469970703125,-0.1767730712890625
L5H18,56,0,-0.022735595703125,-0.11151123046875,-0.088775634765625
L5H18,56,1,-0.005859375,-0.073974609375,-0.068115234375
L5H18,64,0,-0.017578125,-0.1318359375,-0.1142578125
L5H18,64,1,0.0091552734375,0.225341796875,0.2161865234375
L5H18,82,0,0.028076171875,0.157958984375,0.1298828125
L5H18,82,1,0.0660400390625,0.1719970703125,0.10595703125
L5H18,96,0,-0.0294036865234375,-0.082427978515625,-0.0530242919921875
L5H18,96,1,-0.011474609375,0.39990234375,0.411376953125
L5H18,98,0,-0.02911376953125,0.07977294921875,0.10888671875
L5H18,98,1,-0.02294921875,-0.3919677734375,-0.3690185546875
L5H18,102,0,0.0149688720703125,-0.0867919921875,-0.1017608642578125
L5H18,102,1,0.00341796875,-0.17919921875,-0.1826171875
L5H18,116,0,-0.015869140625,-0.12158203125,-0.105712890625
L5H18,116,1,-0.01806640625,-0.28564453125,-0.267578125
L5H18,130,0,-0.00341796875,-0.048583984375,-0.045166015625
L5H18,130,1,-0.01788330078125,-0.06298828125,-0.04510498046875
L5H18,150,0,-0.0126953125,0.18231201171875,0.19500732421875
L5H18,150,1,-0.0302734375,-0.064453125,-0.0341796875
L5H18,154,0,0.021728515625,0.314697265625,0.29296875
L5H18,154,1,-0.0155029296875,-0.2327880859375,-0.21728515625
L5H18,162,0,-0.017578125,0.09130859375,0.10888671875
L5H18,162,1,-0.04931640625,-0.15673828125,-0.107421875
L5H18,176,0,0.029296875,0.068359375,0.0390625
L5H18,176,1,0.05859375,-0.28515625,-0.34375
L5H18,178,0,0.00536346435546875,-0.1838493347167962,-0.18921279907226496
L5H18,178,1,0.05517578125,-0.0810546875,-0.13623046875
L5H18,186,0,-0.0140380859375,0.0738525390625,0.087890625
L5H18,186,1,-0.013671875,-0.388916015625,-0.375244140625
L5H18,192,0,-0.033203125,-0.1484375,-0.115234375
L5H18,192,1,-0.0220947265625,0.059326171875,0.0814208984375
L5H18,196,0,-0.0029296875,-0.26171875,-0.2587890625
L5H18,196,1,-0.0673828125,-0.3115234375,-0.244140625
L6H2,0,0,0.013671875,0.12274169921875,0.10906982421875
L6H2,0,1,0.026123046875,0.2587890625,0.232666015625
L6H2,16,0,0.031402587890625,0.104217529296875,0.07281494140625
L6H2,16,1,0.01806640625,-0.12451171875,-0.142578125
L6H2,32,0,-0.09063720703125,-0.32757568359375,-0.2369384765625
L6H2,32,1,0.036376953125,0.099609375,0.063232421875
L6H2,48,0,-0.025238037109375,0.19866943359375,0.223907470703125
L6H2,48,1,-0.0503692626953125,-0.1981964111328125,-0.1478271484375
L6H2,56,0,-0.033660888671875,-0.117431640625,-0.083770751953125
L6H2,56,1,-0.0302734375,-0.06103515625,-0.03076171875
L6H2,64,0,0.001708984375,-0.119384765625,-0.12109375
L6H2,64,1,0.03125,0.19482421875,0.16357421875
L6H2,82,0,0.088134765625,0.199462890625,0.111328125
L6H2,82,1,0.07470703125,0.1651611328125,0.0904541015625
L6H2,96,0,-0.0115509033203125,-0.0767822265625,-0.0652313232421875
L6H2,96,1,0.06640625,0.522216796875,0.455810546875
L6H2,98,0,-0.128173828125,-0.03912353515625,0.08905029296875
L6H2,98,1,-0.2154541015625,-0.56689453125,-0.3514404296875
L6H2,102,0,-0.01055908203125,-0.0989837646484375,-0.0884246826171875
L6H2,102,1,-0.027587890625,-0.12841796875,-0.100830078125
L6H2,116,0,-0.0079345703125,-0.128662109375,-0.1207275390625
L6H2,116,1,-0.02734375,-0.2578125,-0.23046875
L6H2,130,0,-0.0048828125,-0.041748046875,-0.036865234375
L6H2,130,1,0.100555419921875,-0.02935791015625,-0.129913330078125
L6H2,150,0,0.00177001953125,0.168212890625,0.16644287109375
L6H2,150,1,-0.00244140625,-0.04443359375,-0.0419921875
L6H2,154,0,-0.0048828125,0.371337890625,0.376220703125
L6H2,154,1,-0.0166015625,-0.092041015625,-0.075439453125
L6H2,162,0,0.0029296875,0.12646484375,0.12353515625
L6H2,162,1,-0.056640625,-0.24755859375,-0.19091796875
L6H2,176,0,-0.007568359375,0.043701171875,0.05126953125
L6H2,176,1,-0.03369140625,-0.32666015625,-0.29296875
L6H2,178,0,-0.00943756103515625,-0.1316337585449216,-0.12219619750976535
L6H2,178,1,-0.0625,-0.29345703125,-0.23095703125
L6H2,186,0,0.0128173828125,0.0433349609375,0.030517578125
L6H2,186,1,-0.029052734375,-0.479736328125,-0.45068359375
L6H2,192,0,0.03857421875,-0.050048828125,-0.088623046875
L6H2,192,1,0.0936279296875,0.0743408203125,-0.019287109375
L6H2,196,0,-0.0146484375,-0.267578125,-0.2529296875
L6H2,196,1,-0.0263671875,-0.259765625,-0.2333984375
L6H12,0,0,0.00537109375,0.11358642578125,0.10821533203125
L6H12,0,1,0.008544921875,0.2216796875,0.213134765625
L6H12,16,0,0.03253173828125,0.05499267578125,0.0224609375
L6H12,16,1,0.0361328125,-0.166748046875,-0.202880859375
L6H12,32,0,-0.064697265625,-0.27337646484375,-0.20867919921875
L6H12,32,1,-0.041015625,0.00146484375,0.04248046875
L6H12,48,0,-0.001373291015625,0.187530517578125,0.18890380859375
L6H12,48,1,0.01727294921875,-0.1626434326171875,-0.1799163818359375
L6H12,56,0,0.003173828125,-0.07843017578125,-0.08160400390625
L6H12,56,1,-0.0048828125,-0.055419921875,-0.050537109375
L6H12,64,0,-0.0341796875,-0.17333984375,-0.13916015625
L6H12,64,1,-0.0997314453125,0.0810546875,0.1807861328125
L6H12,82,0,0.019287109375,0.14599609375,0.126708984375
L6H12,82,1,0.005859375,0.1640625,0.158203125
L6H12,96,0,-0.0425567626953125,-0.16900634765625,-0.1264495849609375
L6H12,96,1,0.014404296875,0.40380859375,0.389404296875
L6H12,98,0,0.017822265625,0.0986328125,0.080810546875
L6H12,98,1,0.0394287109375,-0.341552734375,-0.3809814453125
L6H12,102,0,0.007720947265625,-0.1067352294921875,-0.1144561767578125
L6H12,102,1,0.041015625,0.01904296875,-0.02197265625
L6H12,116,0,-0.02392578125,-0.162109375,-0.13818359375
L6H12,116,1,-0.029296875,-0.27783203125,-0.24853515625
L6H12,130,0,0.001953125,-0.071533203125,-0.073486328125
L6H12,130,1,0.0096435546875,-0.095458984375,-0.1051025390625
L6H12,150,0,0.00506591796875,0.176025390625,0.17095947265625
L6H12,150,1,0.00341796875,-0.025390625,-0.02880859375
L6H12,154,0,-0.01025390625,0.306640625,0.31689453125
L6H12,154,1,-0.0164794921875,-0.07421875,-0.0577392578125
L6H12,162,0,-0.0732421875,-0.0498046875,0.0234375
L6H12,162,1,0.01220703125,-0.05029296875,-0.0625
L6H12,176,0,-0.03271484375,-0.055908203125,-0.023193359375
L6H12,176,1,-0.08056640625,-0.330078125,-0.24951171875
L6H12,178,0,0.015636444091796875,-0.1994514465332025,-0.21508789062499936
L6H12,178,1,0.0751953125,-0.08740234375,-0.16259765625
L6H12,186,0,0.051025390625,0.07666015625,0.025634765625
L6H12,186,1,0.01513671875,-0.32421875,-0.33935546875
L6H12,192,0,-0.0107421875,-0.138671875,-0.1279296875
L6H12,192,1,-0.0316162109375,-0.0142822265625,0.017333984375
L6H12,196,0,0.017578125,-0.2509765625,-0.2685546875
L6H12,196,1,-0.0166015625,-0.2431640625,-0.2265625
L6H24,0,0,0.34100341796875,0.4542236328125,0.11322021484375
L6H24,0,1,0.056640625,0.4208984375,0.3642578125
L6H24,16,0,-0.249237060546875,-0.1712646484375,0.077972412109375
L6H24,16,1,-0.022216796875,-0.0810546875,-0.058837890625
L6H24,32,0,0.358856201171875,0.11665725708007812,-0.24219894409179688
L6H24,32,1,1.124755859375,0.7978515625,-0.326904296875
L6H24,48,0,0.0787353515625,0.3416290283203125,0.2628936767578125
L6H24,48,1,-0.36688232421875,-0.4709739685058593,-0.10409164428710932
L6H24,56,0,0.093048095703125,-0.0223388671875,-0.115386962890625
L6H24,56,1,0.173583984375,0.1064453125,-0.067138671875
L6H24,64,0,-0.135009765625,-0.284912109375,-0.14990234375
L6H24,64,1,-0.530517578125,-0.339111328125,0.19140625
L6H24,82,0,-0.597900390625,-0.4677734375,0.130126953125
L6H24,82,1,-0.83984375,-0.6951904296875,0.1446533203125
L6H24,96,0,-0.4181365966796875,-0.8953142166137695,-0.47717761993408203
L6H24,96,1,-1.2568359375,-1.4755859375,-0.21875
L6H24,98,0,0.1605072021484375,0.27288818359375,0.1123809814453125
L6H24,98,1,0.5330810546875,0.234619140625,-0.2984619140625
L6H24,102,0,0.5546722412109375,0.4959945678710937,-0.058677673339843806
L6H24,102,1,1.458251953125,1.576416015625,0.1181640625
L6H24,116,0,0.15673828125,0.010498046875,-0.146240234375
L6H24,116,1,0.421875,0.22998046875,-0.19189453125
L6H24,130,0,-0.0546875,-0.05810546875,-0.00341796875
L6H24,130,1,-0.0993490219116211,-0.12432861328125,-0.024979591369628906
L6H24,150,0,-0.0919189453125,0.139739990234375,0.231658935546875
L6H24,150,1,-0.21240234375,-0.24267578125,-0.0302734375
L6H24,154,0,0.00146484375,0.27783203125,0.2763671875
L6H24,154,1,0.40576171875,0.33203125,-0.07373046875
L6H24,162,0,-0.02001953125,0.1240234375,0.14404296875
L6H24,162,1,-0.35302734375,-0.482421875,-0.12939453125
L6H24,176,0,0.122802734375,0.18994140625,0.067138671875
L6H24,176,1,0.073486328125,-0.194580078125,-0.26806640625
L6H24,178,0,-0.38358306884765625,-0.45831871032714766,-0.07473564147949141
L6H24,178,1,-0.20263671875,-0.4169921875,-0.21435546875
L6H24,186,0,0.1104736328125,0.169189453125,0.0587158203125
L6H24,186,1,0.23974609375,-0.06201171875,-0.3017578125
L6H24,192,0,0.10107421875,-0.028076171875,-0.129150390625
L6H24,192,1,-0.3292236328125,-0.2998046875,0.0294189453125
L6H24,196,0,-0.03515625,-0.3369140625,-0.3017578125
L6H24,196,1,0.072265625,-0.201171875,-0.2734375
L7H1,0,0,0.1016845703125,0.15240478515625,0.05072021484375
L7H1,0,1,0.250732421875,0.6708984375,0.420166015625
L7H1,16,0,0.33123779296875,0.36993408203125,0.0386962890625
L7H1,16,1,0.447021484375,0.453857421875,0.0068359375
L7H1,32,0,0.9287109375,0.669891357421875,-0.258819580078125
L7H1,32,1,0.162109375,0.382568359375,0.220458984375
L7H1,48,0,0.26580810546875,0.411712646484375,0.145904541015625
L7H1,48,1,-0.01324462890625,-0.1617774963378905,-0.1485328674316405
L7H1,56,0,0.267364501953125,0.139495849609375,-0.12786865234375
L7H1,56,1,0.03955078125,0.040771484375,0.001220703125
L7H1,64,0,0.249267578125,0.1806640625,-0.068603515625
L7H1,64,1,-0.329345703125,-0.0809326171875,0.2484130859375
L7H1,82,0,0.552734375,0.5556640625,0.0029296875
L7H1,82,1,-0.615234375,-0.432373046875,0.182861328125
L7H1,96,0,0.4473724365234375,0.3193206787109375,-0.1280517578125
L7H1,96,1,0.353759765625,0.79541015625,0.441650390625
L7H1,98,0,-0.05908203125,-0.01446533203125,0.04461669921875
L7H1,98,1,0.81396484375,0.5318603515625,-0.2821044921875
L7H1,102,0,0.4367523193359375,0.2236852645874022,-0.2130670547485353
L7H1,102,1,0.757568359375,0.88623046875,0.128662109375
L7H1,116,0,0.4229736328125,0.154296875,-0.2686767578125
L7H1,116,1,1.63916015625,1.3828125,-0.25634765625
L7H1,130,0,0.203857421875,0.021240234375,-0.1826171875
L7H1,130,1,-0.856414794921875,-1.043731689453125,-0.18731689453125
L7H1,150,0,0.539306640625,0.66351318359375,0.12420654296875
L7H1,150,1,0.10009765625,0.14697265625,0.046875
L7H1,154,0,0.18994140625,0.371826171875,0.181884765625
L7H1,154,1,0.5484619140625,0.466796875,-0.0816650390625
L7H1,162,0,0.45703125,0.6123046875,0.1552734375
L7H1,162,1,-0.255859375,-0.29150390625,-0.03564453125
L7H1,176,0,0.482421875,0.49462890625,0.01220703125
L7H1,176,1,0.65283203125,0.5654296875,-0.08740234375
L7H1,178,0,0.08065032958984375,-0.09679794311523411,-0.17744827270507785
L7H1,178,1,0.017578125,-0.07080078125,-0.08837890625
L7H1,186,0,0.1123046875,0.1427001953125,0.0303955078125
L7H1,186,1,-0.181640625,-0.46337890625,-0.28173828125
L7H1,192,0,0.079833984375,-0.0654296875,-0.145263671875
L7H1,192,1,0.0806884765625,0.3441162109375,0.263427734375
L7H1,196,0,0.4169921875,0.0380859375,-0.37890625
L7H1,196,1,0.1787109375,-0.0439453125,-0.22265625
L7H18,0,0,-0.0059814453125,0.0958251953125,0.101806640625
L7H18,0,1,-0.047607421875,0.251953125,0.299560546875
L7H18,16,0,-0.158599853515625,-0.0940093994140625,0.0645904541015625
L7H18,16,1,-0.3388671875,-0.467529296875,-0.128662109375
L7H18,32,0,-0.0511474609375,-0.212738037109375,-0.161590576171875
L7H18,32,1,-0.08349609375,-0.05126953125,0.0322265625
L7H18,48,0,0.01068115234375,0.222198486328125,0.211517333984375
L7H18,48,1,-0.051239013671875,-0.224578857421875,-0.17333984375
L7H18,56,0,-0.0695037841796875,-0.1485595703125,-0.0790557861328125
L7H18,56,1,0.018798828125,-0.027587890625,-0.04638671875
L7H18,64,0,0.0146484375,-0.10205078125,-0.11669921875
L7H18,64,1,-0.0377197265625,0.271484375,0.3092041015625
L7H18,82,0,-0.400634765625,-0.29833984375,0.102294921875
L7H18,82,1,0.1158447265625,0.4141845703125,0.29833984375
L7H18,96,0,0.1621856689453125,-0.085479736328125,-0.2476654052734375
L7H18,96,1,0.13623046875,0.55810546875,0.421875
L7H18,98,0,-0.38848876953125,-0.38092041015625,0.007568359375
L7H18,98,1,0.2513427734375,-0.138916015625,-0.3902587890625
L7H18,102,0,0.00017547607421875,-0.1596527099609375,-0.15982818603515625
L7H18,102,1,-0.050537109375,-0.100341796875,-0.0498046875
L7H18,116,0,-0.04931640625,-0.21630859375,-0.1669921875
L7H18,116,1,-0.4072265625,-0.66748046875,-0.26025390625
L7H18,130,0,0.056884765625,0.0234375,-0.033447265625
L7H18,130,1,0.169464111328125,-0.00958251953125,-0.179046630859375
L7H18,150,0,-0.00482177734375,0.220947265625,0.22576904296875
L7H18,150,1,-0.03173828125,-0.08154296875,-0.0498046875
L7H18,154,0,0.025146484375,0.333984375,0.308837890625
L7H18,154,1,0.39892578125,0.385498046875,-0.013427734375
L7H18,162,0,-0.06640625,-0.0048828125,0.0615234375
L7H18,162,1,-0.12353515625,-0.21044921875,-0.0869140625
L7H18,176,0,-0.0078125,0.020263671875,0.028076171875
L7H18,176,1,-0.04052734375,-0.2705078125,-0.22998046875
L7H18,178,0,-0.005802154541015625,-0.1769332885742184,-0.17113113403320276
L7H18,178,1,0.23583984375,-0.01806640625,-0.25390625
L7H18,186,0,0.197265625,0.25634765625,0.05908203125
L7H18,186,1,0.0009765625,-0.318603515625,-0.319580078125
L7H18,192,0,-0.01220703125,-0.11376953125,-0.1015625
L7H18,192,1,-0.0933837890625,-0.108154296875,-0.0147705078125
L7H18,196,0,0.09765625,-0.1435546875,-0.2412109375
L7H18,196,1,0.0908203125,-0.181640625,-0.2724609375
L7H25,0,0,0.0308837890625,0.09661865234375,0.06573486328125
L7H25,0,1,0.04931640625,0.305908203125,0.256591796875
L7H25,16,0,-0.102203369140625,-0.064605712890625,0.03759765625
L7H25,16,1,-0.183349609375,-0.34130859375,-0.157958984375
L7H25,32,0,-0.0435791015625,-0.26513671875,-0.2215576171875
L7H25,32,1,-0.054931640625,-0.059814453125,-0.0048828125
L7H25,48,0,0.019500732421875,0.22784423828125,0.208343505859375
L7H25,48,1,-0.0799407958984375,-0.22442626953125,-0.1444854736328125
L7H25,56,0,0.06964111328125,0.01080322265625,-0.058837890625
L7H25,56,1,0.115966796875,0.04296875,-0.072998046875
L7H25,64,0,0.01220703125,-0.112060546875,-0.124267578125
L7H25,64,1,0.08984375,0.2755126953125,0.1856689453125
L7H25,82,0,0.090087890625,0.204345703125,0.1142578125
L7H25,82,1,0.152587890625,0.312744140625,0.16015625
L7H25,96,0,0.0061187744140625,-0.1319427490234375,-0.1380615234375
L7H25,96,1,0.034423828125,0.401611328125,0.3671875
L7H25,98,0,-0.08489990234375,0.0225830078125,0.10748291015625
L7H25,98,1,-0.128173828125,-0.494384765625,-0.3662109375
L7H25,102,0,0.0249176025390625,-0.081787109375,-0.1067047119140625
L7H25,102,1,0.093017578125,-0.01123046875,-0.104248046875
L7H25,116,0,-0.0155029296875,-0.1563720703125,-0.140869140625
L7H25,116,1,-0.0634765625,-0.35009765625,-0.28662109375
L7H25,130,0,-0.002685546875,-0.08349609375,-0.080810546875
L7H25,130,1,-0.032989501953125,-0.197052001953125,-0.1640625
L7H25,150,0,-0.00689697265625,0.21075439453125,0.2176513671875
L7H25,150,1,-0.03173828125,-0.0654296875,-0.03369140625
L7H25,154,0,0.001708984375,0.28076171875,0.279052734375
L7H25,154,1,-0.1162109375,-0.1943359375,-0.078125
L7H25,162,0,-0.0615234375,0.01806640625,0.07958984375
L7H25,162,1,-0.1201171875,-0.203125,-0.0830078125
L7H25,176,0,-0.014404296875,0.058837890625,0.0732421875
L7H25,176,1,-0.1455078125,-0.3603515625,-0.21484375
L7H25,178,0,0.04352569580078125,-0.181766510009765,-0.22529220581054624
L7H25,178,1,0.0234375,-0.19091796875,-0.21435546875
L7H25,186,0,-0.001708984375,0.07763671875,0.079345703125
L7H25,186,1,0.154052734375,-0.218994140625,-0.373046875
L7H25,192,0,0.015380859375,-0.08837890625,-0.103759765625
L7H25,192,1,0.0234375,0.006591796875,-0.016845703125
L7H25,196,0,0.037109375,-0.2119140625,-0.2490234375
L7H25,196,1,0.0224609375,-0.232421875,-0.2548828125
L8H8,0,0,0.03912353515625,0.10986328125,0.07073974609375
L8H8,0,1,-0.034423828125,0.243408203125,0.27783203125
L8H8,16,0,-0.075103759765625,-0.01702880859375,0.058074951171875
L8H8,16,1,-0.16650390625,-0.2685546875,-0.10205078125
L8H8,32,0,-0.153289794921875,-0.3707275390625,-0.217437744140625
L8H8,32,1,-0.023193359375,0.02490234375,0.048095703125
L8H8,48,0,-0.028656005859375,0.192352294921875,0.22100830078125
L8H8,48,1,0.044647216796875,-0.070587158203125,-0.115234375
L8H8,56,0,-0.1085662841796875,-0.1722412109375,-0.0636749267578125
L8H8,56,1,0.00244140625,-0.05126953125,-0.0537109375
L8H8,64,0,-0.060302734375,-0.151123046875,-0.0908203125
L8H8,64,1,0.0267333984375,0.24560546875,0.2188720703125
L8H8,82,0,-0.024169921875,0.047607421875,0.07177734375
L8H8,82,1,0.0394287109375,0.1929931640625,0.153564453125
L8H8,96,0,0.0986175537109375,-0.057037353515625,-0.1556549072265625
L8H8,96,1,-0.023681640625,0.381591796875,0.4052734375
L8H8,98,0,-0.10772705078125,-0.0338134765625,0.07391357421875
L8H8,98,1,-0.060302734375,-0.3770751953125,-0.3167724609375
L8H8,102,0,0.061920166015625,-0.010139465332031299,-0.0720596313476563
L8H8,102,1,-0.11279296875,-0.14697265625,-0.0341796875
L8H8,116,0,-0.06982421875,-0.291015625,-0.22119140625
L8H8,116,1,-0.20361328125,-0.4501953125,-0.24658203125
L8H8,130,0,0.005859375,-0.03955078125,-0.04541015625
L8H8,130,1,0.079803466796875,-0.097686767578125,-0.177490234375
L8H8,150,0,-0.048828125,0.159423828125,0.208251953125
L8H8,150,1,-0.037109375,-0.0849609375,-0.0478515625
L8H8,154,0,-0.0283203125,0.23974609375,0.26806640625
L8H8,154,1,-0.027587890625,-0.0496826171875,-0.0220947265625
L8H8,162,0,-0.13134765625,-0.0361328125,0.09521484375
L8H8,162,1,-0.12353515625,-0.1796875,-0.05615234375
L8H8,176,0,-0.048583984375,0.02783203125,0.076416015625
L8H8,176,1,-0.1103515625,-0.265625,-0.1552734375
L8H8,178,0,0.000423431396484375,-0.1578674316406242,-0.15829086303710857
L8H8,178,1,-0.013671875,-0.2373046875,-0.2236328125
L8H8,186,0,0.03076171875,0.0045166015625,-0.0262451171875
L8H8,186,1,0.027587890625,-0.304443359375,-0.33203125
L8H8,192,0,0.005615234375,-0.0908203125,-0.096435546875
L8H8,192,1,-0.1290283203125,-0.1900634765625,-0.06103515625
L8H8,196,0,-0.041015625,-0.251953125,-0.2109375
L8H8,196,1,-0.080078125,-0.216796875,-0.13671875
L8H15,0,0,0.29034423828125,0.41156005859375,0.1212158203125
L8H15,0,1,0.08349609375,0.36376953125,0.2802734375
L8H15,16,0,0.466033935546875,0.6090087890625,0.142974853515625
L8H15,16,1,-0.337158203125,-0.338623046875,-0.00146484375
L8H15,32,0,1.726318359375,2.1321563720703125,0.4058380126953125
L8H15,32,1,0.080810546875,0.03125,-0.049560546875
L8H15,48,0,0.471832275390625,0.68768310546875,0.215850830078125
L8H15,48,1,0.28900146484375,0.1362762451171875,-0.1527252197265625
L8H15,56,0,0.0987548828125,0.00408935546875,-0.09466552734375
L8H15,56,1,-0.41064453125,-0.513671875,-0.10302734375
L8H15,64,0,0.154052734375,0.156494140625,0.00244140625
L8H15,64,1,-0.23388671875,0.0712890625,0.30517578125
L8H15,82,0,0.569091796875,0.650634765625,0.08154296875
L8H15,82,1,0.1444091796875,0.28228759765625,0.13787841796875
L8H15,96,0,0.54595947265625,0.411224365234375,-0.134735107421875
L8H15,96,1,-0.11669921875,0.449462890625,0.566162109375
L8H15,98,0,0.2457275390625,0.4794464111328125,0.2337188720703125
L8H15,98,1,-0.043701171875,-0.326416015625,-0.28271484375
L8H15,102,0,0.7724456787109375,0.7374210357666013,-0.03502464294433616
L8H15,102,1,0.623779296875,0.63720703125,0.013427734375
L8H15,116,0,0.51708984375,0.4722900390625,-0.0447998046875
L8H15,116,1,1.475830078125,1.66455078125,0.188720703125
L8H15,130,0,0.1943359375,0.231201171875,0.036865234375
L8H15,130,1,-0.6278533935546875,-1.174896240234375,-0.5470428466796875
L8H15,150,0,0.35601806640625,0.600341796875,0.24432373046875
L8H15,150,1,0.2001953125,0.23193359375,0.03173828125
L8H15,154,0,0.490478515625,0.768310546875,0.27783203125
L8H15,154,1,0.3297119140625,0.089111328125,-0.2406005859375
L8H15,162,0,1.17724609375,1.5498046875,0.37255859375
L8H15,162,1,0.47314453125,0.47900390625,0.005859375
L8H15,176,0,0.679931640625,0.86767578125,0.187744140625
L8H15,176,1,0.665283203125,0.712890625,0.047607421875
L8H15,178,0,0.8319320678710938,0.4331817626953126,-0.39875030517578114
L8H15,178,1,0.99853515625,0.908203125,-0.09033203125
L8H15,186,0,0.345947265625,0.2840576171875,-0.0618896484375
L8H15,186,1,0.1240234375,-0.166015625,-0.2900390625
L8H15,192,0,0.2431640625,0.17578125,-0.0673828125
L8H15,192,1,0.110595703125,0.033935546875,-0.07666015625
L8H15,196,0,0.23828125,0.0927734375,-0.1455078125
L8H15,196,1,0.4365234375,0.427734375,-0.0087890625
L8H16,0,0,-0.03387451171875,0.06951904296875,0.1033935546875
L8H16,0,1,-0.009033203125,0.259765625,0.268798828125
L8H16,16,0,0.037628173828125,0.11395263671875,0.076324462890625
L8H16,16,1,-0.081787109375,-0.202392578125,-0.12060546875
L8H16,32,0,0.05963134765625,-0.1622314453125,-0.22186279296875
L8H16,32,1,0.285400390625,0.411865234375,0.12646484375
L8H16,48,0,-0.010009765625,0.232025146484375,0.242034912109375
L8H16,48,1,-0.141265869140625,-0.2652511596679687,-0.1239852905273437
L8H16,56,0,0.038177490234375,-0.038330078125,-0.076507568359375
L8H16,56,1,0.079833984375,0.027099609375,-0.052734375
L8H16,64,0,-0.001220703125,-0.1044921875,-0.103271484375
L8H16,64,1,-0.027099609375,0.138671875,0.165771484375
L8H16,82,0,-0.035400390625,0.062744140625,0.09814453125
L8H16,82,1,0.323699951171875,0.447265625,0.123565673828125
L8H16,96,0,0.0146636962890625,-0.098785400390625,-0.1134490966796875
L8H16,96,1,-0.11083984375,0.24365234375,0.3544921875
L8H16,98,0,0.110443115234375,0.16571044921875,0.055267333984375
L8H16,98,1,-0.0098876953125,-0.38427734375,-0.3743896484375
L8H16,102,0,0.016021728515625,-0.0823974609375,-0.098419189453125
L8H16,102,1,-0.02587890625,-0.08154296875,-0.0556640625
L8H16,116,0,-0.056396484375,-0.2135009765625,-0.1571044921875
L8H16,116,1,-0.14306640625,-0.39794921875,-0.2548828125
L8H16,130,0,0.075927734375,0.07763671875,0.001708984375
L8H16,130,1,-0.09039306640625,-0.29364013671875,-0.2032470703125
L8H16,150,0,-0.042236328125,0.1729736328125,0.2152099609375
L8H16,150,1,-0.01171875,-0.02001953125,-0.00830078125
L8H16,154,0,-0.03125,0.238525390625,0.269775390625
L8H16,154,1,-0.2073974609375,-0.3021240234375,-0.0947265625
L8H16,162,0,-0.0390625,0.044921875,0.083984375
L8H16,162,1,-0.1689453125,-0.19775390625,-0.02880859375
L8H16,176,0,-0.032958984375,-0.012451171875,0.0205078125
L8H16,176,1,-0.14794921875,-0.2705078125,-0.12255859375
L8H16,178,0,-0.0401763916015625,-0.2137413024902338,-0.1735649108886713
L8H16,178,1,-0.16748046875,-0.373046875,-0.20556640625
L8H16,186,0,0.054931640625,0.0877685546875,0.0328369140625
L8H16,186,1,-0.00927734375,-0.334716796875,-0.325439453125
L8H16,192,0,0.013427734375,-0.081787109375,-0.09521484375
L8H16,192,1,0.247314453125,0.1282958984375,-0.1190185546875
L8H16,196,0,-0.0166015625,-0.185546875,-0.1689453125
L8H16,196,1,0.18359375,0.0322265625,-0.1513671875
L9H6,0,0,-0.10296630859375,0.03668212890625,0.1396484375
L9H6,0,1,-0.14453125,0.083984375,0.228515625
L9H6,16,0,-0.152618408203125,-0.14300537109375,0.009613037109375
L9H6,16,1,-0.337158203125,-0.50048828125,-0.163330078125
L9H6,32,0,-0.098663330078125,-0.260284423828125,-0.16162109375
L9H6,32,1,-0.124267578125,-0.072509765625,0.0517578125
L9H6,48,0,-0.00677490234375,0.18768310546875,0.1944580078125
L9H6,48,1,-0.0577545166015625,-0.1485595703125,-0.0908050537109375
L9H6,56,0,-0.034637451171875,-0.124603271484375,-0.0899658203125
L9H6,56,1,-0.02490234375,-0.1015625,-0.07666015625
L9H6,64,0,-0.0302734375,-0.126953125,-0.0966796875
L9H6,64,1,-0.065185546875,0.1607666015625,0.2259521484375
L9H6,82,0,0.06982421875,0.11279296875,0.04296875
L9H6,82,1,0.15966796875,0.2379150390625,0.0782470703125
L9H6,96,0,-0.1047821044921875,-0.2193450927734375,-0.11456298828125
L9H6,96,1,0.033935546875,0.336669921875,0.302734375
L9H6,98,0,-0.237548828125,-0.18304443359375,0.05450439453125
L9H6,98,1,-0.1561279296875,-0.462890625,-0.3067626953125
L9H6,102,0,-0.054840087890625,-0.1562347412109375,-0.1013946533203125
L9H6,102,1,-0.072021484375,-0.07958984375,-0.007568359375
L9H6,116,0,-0.1448974609375,-0.30517578125,-0.1602783203125
L9H6,116,1,-0.3310546875,-0.53173828125,-0.20068359375
L9H6,130,0,-0.064208984375,-0.156982421875,-0.0927734375
L9H6,130,1,-0.029754638671875,-0.21734619140625,-0.187591552734375
L9H6,150,0,-0.0318603515625,0.20306396484375,0.23492431640625
L9H6,150,1,-0.017578125,-0.119140625,-0.1015625
L9H6,154,0,0.0478515625,0.325439453125,0.277587890625
L9H6,154,1,-0.0419921875,-0.1300048828125,-0.0880126953125
L9H6,162,0,0.009765625,0.185546875,0.17578125
L9H6,162,1,-0.07373046875,-0.21044921875,-0.13671875
L9H6,176,0,-0.072998046875,0.033203125,0.106201171875
L9H6,176,1,0.0146484375,-0.1142578125,-0.12890625
L9H6,178,0,-0.09525680541992188,-0.2414474487304683,-0.14619064331054643
L9H6,178,1,-0.02392578125,-0.25439453125,-0.23046875
L9H6,186,0,0.0296630859375,0.0067138671875,-0.02294921875
L9H6,186,1,0.117919921875,-0.22021484375,-0.338134765625
L9H6,192,0,0.02197265625,-0.043212890625,-0.065185546875
L9H6,192,1,0.0836181640625,-0.08251953125,-0.1661376953125
L9H6,196,0,-0.125,-0.2529296875,-0.1279296875
L9H6,196,1,-0.26171875,-0.3974609375,-0.1357421875
L9H16,0,0,0.3201904296875,0.4703369140625,0.150146484375
L9H16,0,1,0.201904296875,0.44189453125,0.239990234375
L9H16,16,0,0.15338134765625,0.198211669921875,0.044830322265625
L9H16,16,1,0.139892578125,0.07958984375,-0.060302734375
L9H16,32,0,0.943389892578125,0.6013565063476562,-0.34203338623046875
L9H16,32,1,0.254150390625,0.290283203125,0.0361328125
L9H16,48,0,-0.0467529296875,0.182220458984375,0.228973388671875
L9H16,48,1,-0.3387451171875,-0.4576034545898437,-0.1188583374023437
L9H16,56,0,0.17169189453125,0.14532470703125,-0.0263671875
L9H16,56,1,0.10791015625,0.04931640625,-0.05859375
L9H16,64,0,-0.036865234375,-0.119384765625,-0.08251953125
L9H16,64,1,0.1044921875,0.3616943359375,0.2572021484375
L9H16,82,0,0.37939453125,0.42919921875,0.0498046875
L9H16,82,1,-0.1826171875,-0.052978515625,0.129638671875
L9H16,96,0,0.1395416259765625,-0.0873947143554687,-0.2269363403320312
L9H16,96,1,0.145263671875,-0.012451171875,-0.15771484375
L9H16,98,0,-0.0155029296875,0.030517578125,0.0460205078125
L9H16,98,1,0.454833984375,0.1683349609375,-0.2864990234375
L9H16,102,0,0.3391876220703125,0.3093566894531248,-0.029830932617187722
L9H16,102,1,0.499755859375,0.446044921875,-0.0537109375
L9H16,116,0,0.0009765625,-0.1962890625,-0.197265625
L9H16,116,1,0.03271484375,-0.1650390625,-0.19775390625
L9H16,130,0,-0.1220703125,-0.2060546875,-0.083984375
L9H16,130,1,-0.312255859375,-0.5780029296875,-0.2657470703125
L9H16,150,0,0.33001708984375,0.5732421875,0.24322509765625
L9H16,150,1,-0.009765625,-0.05419921875,-0.04443359375
L9H16,154,0,0.182373046875,0.438232421875,0.255859375
L9H16,154,1,0.02734375,-0.0006103515625,-0.0279541015625
L9H16,162,0,0.0390625,0.1220703125,0.0830078125
L9H16,162,1,0.07666015625,0.0673828125,-0.00927734375
L9H16,176,0,-0.1572265625,-0.104248046875,0.052978515625
L9H16,176,1,-0.31396484375,-0.44091796875,-0.126953125
L9H16,178,0,0.17800140380859375,-0.021919250488280896,-0.19992065429687464
L9H16,178,1,0.568359375,0.3046875,-0.263671875
L9H16,186,0,0.220703125,0.1842041015625,-0.0364990234375
L9H16,186,1,0.024658203125,-0.3486328125,-0.373291015625
L9H16,192,0,-0.110595703125,-0.14892578125,-0.038330078125
L9H16,192,1,-0.1436767578125,-0.2554931640625,-0.11181640625
L9H16,196,0,-0.0244140625,-0.279296875,-0.2548828125
L9H16,196,1,0.142578125,0.021484375,-0.12109375
L9H17,0,0,0.0224609375,0.13543701171875,0.11297607421875
L9H17,0,1,0.116455078125,0.358154296875,0.24169921875
L9H17,16,0,0.0228271484375,0.038909912109375,0.016082763671875
L9H17,16,1,-0.099609375,-0.1826171875,-0.0830078125
L9H17,32,0,-0.0206298828125,-0.266754150390625,-0.246124267578125
L9H17,32,1,0.08447265625,0.177001953125,0.092529296875
L9H17,48,0,0.044189453125,0.226593017578125,0.182403564453125
L9H17,48,1,-0.0238037109375,-0.1168670654296875,-0.0930633544921875
L9H17,56,0,-0.00201416015625,-0.097015380859375,-0.095001220703125
L9H17,56,1,0.023681640625,-0.02490234375,-0.048583984375
L9H17,64,0,0.013916015625,-0.012451171875,-0.0263671875
L9H17,64,1,-0.074462890625,0.14697265625,0.221435546875
L9H17,82,0,-0.020751953125,0.02001953125,0.040771484375
L9H17,82,1,-0.15478515625,-0.0537109375,0.10107421875
L9H17,96,0,0.0965118408203125,-0.039581298828125,-0.1360931396484375
L9H17,96,1,0.206787109375,0.49755859375,0.290771484375
L9H17,98,0,-0.021728515625,0.03289794921875,0.05462646484375
L9H17,98,1,0.002685546875,-0.32861328125,-0.331298828125
L9H17,102,0,-0.01461029052734375,-0.11456298828125,-0.09995269775390625
L9H17,102,1,0.04541015625,-0.0712890625,-0.11669921875
L9H17,116,0,0.056396484375,-0.1131591796875,-0.1695556640625
L9H17,116,1,0.43212890625,0.25,-0.18212890625
L9H17,130,0,-0.01171875,-0.054931640625,-0.043212890625
L9H17,130,1,-0.038604736328125,-0.213836669921875,-0.17523193359375
L9H17,150,0,0.06097412109375,0.2738037109375,0.21282958984375
L9H17,150,1,-0.01171875,-0.11669921875,-0.10498046875
L9H17,154,0,0.05078125,0.279052734375,0.228271484375
L9H17,154,1,0.3037109375,0.22900390625,-0.07470703125
L9H17,162,0,-0.06787109375,0.06005859375,0.1279296875
L9H17,162,1,-0.1376953125,-0.17578125,-0.0380859375
L9H17,176,0,0.058837890625,0.08837890625,0.029541015625
L9H17,176,1,0.0244140625,-0.1162109375,-0.140625
L9H17,178,0,0.0839691162109375,-0.0824623107910152,-0.16643142700195268
L9H17,178,1,0.07568359375,-0.10791015625,-0.18359375
L9H17,186,0,0.10498046875,0.078857421875,-0.026123046875
L9H17,186,1,0.0517578125,-0.323486328125,-0.375244140625
L9H17,192,0,0.016357421875,-0.074462890625,-0.0908203125
L9H17,192,1,0.1083984375,-0.0682373046875,-0.1766357421875
L9H17,196,0,0.037109375,-0.16796875,-0.205078125
L9H17,196,1,-0.06640625,-0.203125,-0.13671875
L9H22,0,0,-0.004638671875,0.1190185546875,0.1236572265625
L9H22,0,1,0.01025390625,0.2080078125,0.19775390625
L9H22,16,0,-0.0224609375,0.03204345703125,0.05450439453125
L9H22,16,1,-0.01025390625,-0.19970703125,-0.189453125
L9H22,32,0,0.011993408203125,-0.18231201171875,-0.194305419921875
L9H22,32,1,0.023681640625,0.090576171875,0.06689453125
L9H22,48,0,-0.01629638671875,0.174072265625,0.19036865234375
L9H22,48,1,-0.0389251708984375,-0.10882568359375,-0.0699005126953125
L9H22,56,0,-0.0074462890625,-0.093292236328125,-0.085845947265625
L9H22,56,1,-0.00341796875,-0.053466796875,-0.050048828125
L9H22,64,0,0.0009765625,-0.0654296875,-0.06640625
L9H22,64,1,-0.034912109375,0.217041015625,0.251953125
L9H22,82,0,0.01123046875,0.001708984375,-0.009521484375
L9H22,82,1,0.0751953125,0.1524658203125,0.0772705078125
L9H22,96,0,-0.0142974853515625,-0.059600830078125,-0.0453033447265625
L9H22,96,1,0.008544921875,0.305419921875,0.296875
L9H22,98,0,-0.0174560546875,0.0697021484375,0.087158203125
L9H22,98,1,0.001708984375,-0.30517578125,-0.306884765625
L9H22,102,0,-0.0082855224609375,-0.0263671875,-0.0180816650390625
L9H22,102,1,0.00732421875,0.007080078125,-0.000244140625
L9H22,116,0,-0.0166015625,-0.2529296875,-0.236328125
L9H22,116,1,0.0048828125,-0.17529296875,-0.18017578125
L9H22,130,0,-0.01953125,-0.064453125,-0.044921875
L9H22,130,1,-0.03741455078125,-0.20782470703125,-0.17041015625
L9H22,150,0,0.01739501953125,0.23602294921875,0.2186279296875
L9H22,150,1,0.01220703125,-0.08349609375,-0.095703125
L9H22,154,0,0.005126953125,0.3154296875,0.310302734375
L9H22,154,1,-0.01513671875,-0.02197265625,-0.0068359375
L9H22,162,0,-0.02734375,0.04345703125,0.07080078125
L9H22,162,1,-0.03271484375,-0.0849609375,-0.05224609375
L9H22,176,0,0.001708984375,0.019775390625,0.01806640625
L9H22,176,1,-0.0068359375,-0.1572265625,-0.150390625
L9H22,178,0,-0.00797271728515625,-0.1540794372558586,-0.14610671997070235
L9H22,178,1,-0.0146484375,-0.18701171875,-0.17236328125
L9H22,186,0,0.0189208984375,0.0233154296875,0.00439453125
L9H22,186,1,0.0654296875,-0.268798828125,-0.334228515625
L9H22,192,0,-0.0,-0.0859375,-0.0859375
L9H22,192,1,0.0443115234375,-0.103759765625,-0.1480712890625
L9H22,196,0,0.001953125,-0.1689453125,-0.1708984375
L9H22,196,1,-0.0146484375,-0.1669921875,-0.15234375
L9H23,0,0,0.00341796875,0.1031494140625,0.0997314453125
L9H23,0,1,0.00927734375,0.2109375,0.20166015625
L9H23,16,0,0.009979248046875,0.0916748046875,0.081695556640625
L9H23,16,1,-0.010498046875,-0.196533203125,-0.18603515625
L9H23,32,0,-0.009765625,-0.193389892578125,-0.183624267578125
L9H23,32,1,0.010986328125,0.1064453125,0.095458984375
L9H23,48,0,-6.103515625e-05,0.196502685546875,0.196563720703125
L9H23,48,1,-0.0018463134765625,-0.10845947265625,-0.1066131591796875
L9H23,56,0,0.00909423828125,-0.078338623046875,-0.087432861328125
L9H23,56,1,-0.005859375,-0.060791015625,-0.054931640625
L9H23,64,0,-0.007568359375,-0.070068359375,-0.0625
L9H23,64,1,0.0003662109375,0.2437744140625,0.243408203125
L9H23,82,0,-0.005859375,-0.009521484375,-0.003662109375
L9H23,82,1,0.021240234375,0.1441650390625,0.1229248046875
L9H23,96,0,-0.000885009765625,-0.0191650390625,-0.018280029296875
L9H23,96,1,-0.0048828125,0.35546875,0.3603515625
L9H23,98,0,0.00836181640625,0.025390625,0.01702880859375
L9H23,98,1,0.002197265625,-0.356201171875,-0.3583984375
L9H23,102,0,0.0075225830078125,-0.0248870849609375,-0.03240966796875
L9H23,102,1,0.01953125,0.09423828125,0.07470703125
L9H23,116,0,-0.009521484375,-0.2705078125,-0.260986328125
L9H23,116,1,-0.0078125,-0.27294921875,-0.26513671875
L9H23,130,0,0.011474609375,-0.0849609375,-0.096435546875
L9H23,130,1,0.007781982421875,-0.09075927734375,-0.098541259765625
L9H23,150,0,0.01458740234375,0.24005126953125,0.2254638671875
L9H23,150,1,-0.00634765625,-0.07568359375,-0.0693359375
L9H23,154,0,0.005859375,0.311767578125,0.305908203125
L9H23,154,1,-0.01025390625,-0.079833984375,-0.069580078125
L9H23,162,0,-0.0009765625,0.1376953125,0.138671875
L9H23,162,1,-0.00732421875,-0.09130859375,-0.083984375
L9H23,176,0,0.01025390625,0.0380859375,0.02783203125
L9H23,176,1,-0.0048828125,-0.17138671875,-0.16650390625
L9H23,178,0,-0.0026397705078125,-0.1516532897949211,-0.1490135192871086
L9H23,178,1,-0.00830078125,-0.19140625,-0.18310546875
L9H23,186,0,-0.000732421875,-0.049072265625,-0.04833984375
L9H23,186,1,-0.01611328125,-0.346435546875,-0.330322265625
L9H23,192,0,-0.0078125,-0.12890625,-0.12109375
L9H23,192,1,-0.0,-0.1737060546875,-0.1737060546875
L9H23,196,0,-0.0185546875,-0.1826171875,-0.1640625
L9H23,196,1,-0.01171875,-0.1357421875,-0.1240234375
L9H26,0,0,-0.00146484375,0.130126953125,0.131591796875
L9H26,0,1,0.011474609375,0.24462890625,0.233154296875
L9H26,16,0,-0.0081787109375,0.05145263671875,0.05963134765625
L9H26,16,1,0.005859375,-0.180419921875,-0.186279296875
L9H26,32,0,-0.00567626953125,-0.278045654296875,-0.272369384765625
L9H26,32,1,0.026611328125,0.159912109375,0.13330078125
L9H26,48,0,0.004058837890625,0.1346435546875,0.130584716796875
L9H26,48,1,-0.006744384765625,-0.077117919921875,-0.07037353515625
L9H26,56,0,-0.003204345703125,-0.1158447265625,-0.112640380859375
L9H26,56,1,-0.012451171875,-0.03515625,-0.022705078125
L9H26,64,0,0.016357421875,-0.033935546875,-0.05029296875
L9H26,64,1,0.0264892578125,0.232421875,0.2059326171875
L9H26,82,0,-0.017822265625,-0.013427734375,0.00439453125
L9H26,82,1,-0.00390625,0.0906982421875,0.0946044921875
L9H26,96,0,0.0020599365234375,-0.0868682861328125,-0.08892822265625
L9H26,96,1,0.02001953125,0.32080078125,0.30078125
L9H26,98,0,-0.08502197265625,-0.05230712890625,0.03271484375
L9H26,98,1,-0.1212158203125,-0.4300537109375,-0.308837890625
L9H26,102,0,-0.0133819580078125,-0.115142822265625,-0.1017608642578125
L9H26,102,1,0.014404296875,-0.020751953125,-0.03515625
L9H26,116,0,-0.0126953125,-0.24267578125,-0.22998046875
L9H26,116,1,0.0009765625,-0.162109375,-0.1630859375
L9H26,130,0,-0.012451171875,-0.10791015625,-0.095458984375
L9H26,130,1,0.001068115234375,-0.12542724609375,-0.126495361328125
L9H26,150,0,0.01416015625,0.26361083984375,0.24945068359375
L9H26,150,1,0.0029296875,-0.06640625,-0.0693359375
L9H26,154,0,0.0009765625,0.260986328125,0.260009765625
L9H26,154,1,-0.0455322265625,-0.06396484375,-0.0184326171875
L9H26,162,0,-0.0009765625,0.099609375,0.1005859375
L9H26,162,1,-0.01513671875,-0.10498046875,-0.08984375
L9H26,176,0,-0.005615234375,0.004150390625,0.009765625
L9H26,176,1,-0.02197265625,-0.19921875,-0.17724609375
L9H26,178,0,0.00121307373046875,-0.16950225830078033,-0.17071533203124908
L9H26,178,1,-0.03662109375,-0.24267578125,-0.2060546875
L9H26,186,0,0.0418701171875,0.0626220703125,0.020751953125
L9H26,186,1,-0.054443359375,-0.411865234375,-0.357421875
L9H26,192,0,0.00146484375,-0.122314453125,-0.123779296875
L9H26,192,1,0.0186767578125,-0.1129150390625,-0.131591796875
L9H26,196,0,-0.0185546875,-0.1572265625,-0.138671875
L9H26,196,1,-0.01171875,-0.1689453125,-0.1572265625
L10H16,0,0,0.020751953125,0.088623046875,0.06787109375
L10H16,0,1,0.150146484375,0.3505859375,0.200439453125
L10H16,16,0,-0.135650634765625,-0.075408935546875,0.06024169921875
L10H16,16,1,0.200927734375,0.050537109375,-0.150390625
L10H16,32,0,-0.049346923828125,-0.282958984375,-0.233612060546875
L10H16,32,1,-0.109375,-0.114501953125,-0.005126953125
L10H16,48,0,-0.0108642578125,0.19683837890625,0.20770263671875
L10H16,48,1,-0.11310458183288574,-0.16522216796875,-0.05211758613586426
L10H16,56,0,0.029510498046875,-0.0172119140625,-0.046722412109375
L10H16,56,1,0.005615234375,-0.043701171875,-0.04931640625
L10H16,64,0,-0.144775390625,-0.23779296875,-0.093017578125
L10H16,64,1,0.0325927734375,0.2340087890625,0.201416015625
L10H16,82,0,-0.19189453125,-0.212890625,-0.02099609375
L10H16,82,1,0.16455078125,0.2255859375,0.06103515625
L10H16,96,0,0.0353851318359375,-0.0838470458984375,-0.119232177734375
L10H16,96,1,0.05029296875,0.32275390625,0.2724609375
L10H16,98,0,0.138427734375,0.1627197265625,0.0242919921875
L10H16,98,1,0.1417236328125,-0.1851806640625,-0.326904296875
L10H16,102,0,-0.0079803466796875,-0.0514144897460938,-0.0434341430664063
L10H16,102,1,0.187744140625,0.253173828125,0.0654296875
L10H16,116,0,-0.033935546875,-0.208251953125,-0.17431640625
L10H16,116,1,-0.27197265625,-0.453125,-0.18115234375
L10H16,130,0,0.0654296875,0.029541015625,-0.035888671875
L10H16,130,1,0.239410400390625,0.086151123046875,-0.15325927734375
L10H16,150,0,-0.066650390625,0.1783447265625,0.2449951171875
L10H16,150,1,-0.0341796875,-0.0537109375,-0.01953125
L10H16,154,0,-0.025634765625,0.25390625,0.279541015625
L10H16,154,1,-0.0057373046875,-0.10546875,-0.0997314453125
L10H16,162,0,-0.29931640625,-0.15380859375,0.1455078125
L10H16,162,1,-0.1787109375,-0.21142578125,-0.03271484375
L10H16,176,0,0.048583984375,0.099609375,0.051025390625
L10H16,176,1,0.23388671875,0.10546875,-0.12841796875
L10H16,178,0,-0.1886138916015625,-0.3263626098632808,-0.1377487182617183
L10H16,178,1,-0.35302734375,-0.51318359375,-0.16015625
L10H16,186,0,-0.1572265625,-0.160400390625,-0.003173828125
L10H16,186,1,-0.32763671875,-0.59130859375,-0.263671875
L10H16,192,0,0.03857421875,-0.0498046875,-0.08837890625
L10H16,192,1,-0.1087646484375,-0.2918701171875,-0.18310546875
L10H16,196,0,-0.19921875,-0.3857421875,-0.1865234375
L10H16,196,1,0.166015625,0.0107421875,-0.1552734375
L11H3,0,0,0.014404296875,0.119384765625,0.10498046875
L11H3,0,1,0.04345703125,0.22265625,0.17919921875
L11H3,16,0,0.0662078857421875,0.0668487548828125,0.000640869140625
L11H3,16,1,-0.05029296875,-0.22021484375,-0.169921875
L11H3,32,0,-0.018585205078125,-0.26824951171875,-0.249664306640625
L11H3,32,1,0.1953125,0.24853515625,0.05322265625
L11H3,48,0,0.009368896484375,0.24920654296875,0.239837646484375
L11H3,48,1,-0.02203369140625,-0.1112823486328125,-0.0892486572265625
L11H3,56,0,0.041015625,-0.032135009765625,-0.073150634765625
L11H3,56,1,-0.03271484375,-0.112548828125,-0.079833984375
L11H3,64,0,0.095703125,0.040771484375,-0.054931640625
L11H3,64,1,0.121337890625,0.254150390625,0.1328125
L11H3,82,0,0.084716796875,0.041748046875,-0.04296875
L11H3,82,1,-0.1298828125,-0.062255859375,0.067626953125
L11H3,96,0,0.045684814453125,-0.134033203125,-0.179718017578125
L11H3,96,1,-0.031982421875,0.34033203125,0.372314453125
L11H3,98,0,-0.04254150390625,0.0045166015625,0.04705810546875
L11H3,98,1,0.0172119140625,-0.344970703125,-0.3621826171875
L11H3,102,0,0.02170562744140625,-0.02679443359375,-0.04850006103515625
L11H3,102,1,0.132568359375,0.104248046875,-0.0283203125
L11H3,116,0,0.04052734375,-0.2386474609375,-0.2791748046875
L11H3,116,1,0.14453125,-0.0791015625,-0.2236328125
L11H3,130,0,-0.055908203125,-0.124755859375,-0.06884765625
L11H3,130,1,-0.19549560546875,-0.275970458984375,-0.080474853515625
L11H3,150,0,0.01031494140625,0.22613525390625,0.2158203125
L11H3,150,1,0.017578125,0.00048828125,-0.01708984375
L11H3,154,0,0.045654296875,0.334716796875,0.2890625
L11H3,154,1,0.0894775390625,-0.0213623046875,-0.11083984375
L11H3,162,0,0.076171875,0.21923828125,0.14306640625
L11H3,162,1,0.04345703125,-0.0654296875,-0.10888671875
L11H3,176,0,-0.0126953125,0.00341796875,0.01611328125
L11H3,176,1,0.033203125,-0.0888671875,-0.1220703125
L11H3,178,0,0.0261383056640625,-0.1685218811035151,-0.1946601867675776
L11H3,178,1,0.16845703125,0.04638671875,-0.1220703125
L11H3,186,0,0.0360107421875,0.0155029296875,-0.0205078125
L11H3,186,1,0.00830078125,-0.310546875,-0.31884765625
L11H3,192,0,0.04150390625,-0.05419921875,-0.095703125
L11H3,192,1,0.014404296875,-0.1572265625,-0.171630859375
L11H3,196,0,0.05078125,-0.017578125,-0.068359375
L11H3,196,1,0.1171875,-0.0419921875,-0.1591796875
L11H4,0,0,0.0030517578125,0.09295654296875,0.08990478515625
L11H4,0,1,-0.01611328125,0.1708984375,0.18701171875
L11H4,16,0,0.029022216796875,0.0340576171875,0.005035400390625
L11H4,16,1,0.0341796875,-0.215576171875,-0.249755859375
L11H4,32,0,-0.009063720703125,-0.3505859375,-0.341522216796875
L11H4,32,1,0.02685546875,0.15771484375,0.130859375
L11H4,48,0,0.008880615234375,0.26129150390625,0.252410888671875
L11H4,48,1,-0.0452880859375,-0.1085052490234375,-0.0632171630859375
L11H4,56,0,0.0074462890625,-0.05072021484375,-0.05816650390625
L11H4,56,1,0.01220703125,-0.073486328125,-0.085693359375
L11H4,64,0,-0.005859375,-0.008544921875,-0.002685546875
L11H4,64,1,-0.01220703125,0.1307373046875,0.1429443359375
L11H4,82,0,0.0068359375,-0.013427734375,-0.020263671875
L11H4,82,1,0.0093994140625,0.0360107421875,0.026611328125
L11H4,96,0,-0.007598876953125,-0.095550537109375,-0.08795166015625
L11H4,96,1,0.070068359375,0.348876953125,0.27880859375
L11H4,98,0,-0.00885009765625,0.0362548828125,0.04510498046875
L11H4,98,1,0.0843505859375,-0.2294921875,-0.3138427734375
L11H4,102,0,-0.003143310546875,-0.0237274169921875,-0.0205841064453125
L11H4,102,1,-0.002197265625,0.035400390625,0.03759765625
L11H4,116,0,-0.0087890625,-0.2476806640625,-0.2388916015625
L11H4,116,1,-0.03173828125,-0.28173828125,-0.25
L11H4,130,0,-0.023193359375,-0.129150390625,-0.10595703125
L11H4,130,1,-0.02825927734375,-0.128936767578125,-0.100677490234375
L11H4,150,0,-0.00128173828125,0.16009521484375,0.161376953125
L11H4,150,1,-0.01318359375,-0.033203125,-0.02001953125
L11H4,154,0,-0.004638671875,0.241455078125,0.24609375
L11H4,154,1,-0.01220703125,-0.0880126953125,-0.0758056640625
L11H4,162,0,0.05712890625,0.16015625,0.10302734375
L11H4,162,1,0.01953125,-0.1005859375,-0.1201171875
L11H4,176,0,-0.011474609375,0.0400390625,0.051513671875
L11H4,176,1,-0.00732421875,-0.10791015625,-0.1005859375
L11H4,178,0,-0.005279541015625,-0.1954116821289055,-0.1901321411132805
L11H4,178,1,0.0107421875,-0.11767578125,-0.12841796875
L11H4,186,0,0.0135498046875,0.015625,0.0020751953125
L11H4,186,1,0.02685546875,-0.252685546875,-0.279541015625
L11H4,192,0,0.0283203125,-0.014892578125,-0.043212890625
L11H4,192,1,0.0263671875,-0.1441650390625,-0.1705322265625
L11H4,196,0,-0.0048828125,-0.1259765625,-0.12109375
L11H4,196,1,-0.03515625,-0.1962890625,-0.1611328125
L11H7,0,0,0.020263671875,0.137939453125,0.11767578125
L11H7,0,1,-0.003173828125,0.17333984375,0.176513671875
L11H7,16,0,-0.108001708984375,-0.087890625,0.020111083984375
L11H7,16,1,-0.164306640625,-0.41845703125,-0.254150390625
L11H7,32,0,0.133941650390625,-0.204620361328125,-0.33856201171875
L11H7,32,1,-0.12939453125,-0.086669921875,0.042724609375
L11H7,48,0,0.0169677734375,0.2318115234375,0.21484375
L11H7,48,1,0.05487060546875,-0.0487823486328125,-0.1036529541015625
L11H7,56,0,0.05987548828125,0.0194091796875,-0.04046630859375
L11H7,56,1,0.154541015625,0.057373046875,-0.09716796875
L11H7,64,0,0.035400390625,0.005126953125,-0.0302734375
L11H7,64,1,0.1114501953125,0.2755126953125,0.1640625
L11H7,82,0,0.138671875,0.13818359375,-0.00048828125
L11H7,82,1,0.32171630859375,0.36669921875,0.04498291015625
L11H7,96,0,0.0778961181640625,-0.03851318359375,-0.1164093017578125
L11H7,96,1,-0.203857421875,0.07275390625,0.276611328125
L11H7,98,0,0.08319091796875,0.068359375,-0.01483154296875
L11H7,98,1,-0.3548583984375,-0.65863037109375,-0.30377197265625
L11H7,102,0,-0.1734771728515625,-0.1975555419921875,-0.024078369140625
L11H7,102,1,-0.2587890625,-0.265625,-0.0068359375
L11H7,116,0,0.032470703125,-0.170654296875,-0.203125
L11H7,116,1,0.064453125,-0.14208984375,-0.20654296875
L11H7,130,0,0.169677734375,0.1220703125,-0.047607421875
L11H7,130,1,0.16949462890625,0.02691650390625,-0.142578125
L11H7,150,0,0.06573486328125,0.256134033203125,0.190399169921875
L11H7,150,1,0.0234375,0.0263671875,0.0029296875
L11H7,154,0,0.000244140625,0.268310546875,0.26806640625
L11H7,154,1,-0.2462158203125,-0.3807373046875,-0.134521484375
L11H7,162,0,0.02197265625,0.1337890625,0.11181640625
L11H7,162,1,-0.0322265625,-0.1162109375,-0.083984375
L11H7,176,0,0.06494140625,0.0927734375,0.02783203125
L11H7,176,1,0.18505859375,0.1220703125,-0.06298828125
L11H7,178,0,-0.09552764892578125,-0.2835044860839836,-0.18797683715820235
L11H7,178,1,0.00830078125,-0.13525390625,-0.1435546875
L11H7,186,0,0.26123046875,0.2109375,-0.05029296875
L11H7,186,1,0.122314453125,-0.206298828125,-0.32861328125
L11H7,192,0,0.03759765625,-0.01123046875,-0.048828125
L11H7,192,1,0.06689453125,-0.1279296875,-0.19482421875
L11H7,196,0,-0.13671875,-0.267578125,-0.130859375
L11H7,196,1,0.00390625,-0.15234375,-0.15625
L11H15,0,0,-0.0318603515625,0.107666015625,0.1395263671875
L11H15,0,1,-0.0107421875,0.15673828125,0.16748046875
L11H15,16,0,-0.00946044921875,0.0341644287109375,0.0436248779296875
L11H15,16,1,-0.1259765625,-0.2958984375,-0.169921875
L11H15,32,0,-0.02447509765625,-0.2073974609375,-0.18292236328125
L11H15,32,1,-0.286865234375,-0.203857421875,0.0830078125
L11H15,48,0,-0.003692626953125,0.184234619140625,0.18792724609375
L11H15,48,1,0.1922607421875,0.1209969520568848,-0.0712637901306152
L11H15,56,0,-0.078521728515625,-0.116973876953125,-0.0384521484375
L11H15,56,1,0.039306640625,-0.002197265625,-0.04150390625
L11H15,64,0,-0.090576171875,-0.0986328125,-0.008056640625
L11H15,64,1,0.099609375,0.26416015625,0.16455078125
L11H15,82,0,-0.118896484375,-0.14990234375,-0.031005859375
L11H15,82,1,0.3463592529296875,0.4437255859375,0.0973663330078125
L11H15,96,0,-0.0572967529296875,-0.23651123046875,-0.1792144775390625
L11H15,96,1,-0.306640625,-0.07958984375,0.22705078125
L11H15,98,0,-0.12030029296875,-0.1497802734375,-0.02947998046875
L11H15,98,1,0.141845703125,-0.18505859375,-0.326904296875
L11H15,102,0,-0.1207733154296875,-0.1557464599609375,-0.03497314453125
L11H15,102,1,-0.771484375,-0.8603515625,-0.0888671875
L11H15,116,0,-0.10009765625,-0.3365478515625,-0.2364501953125
L11H15,116,1,-0.55078125,-0.90966796875,-0.35888671875
L11H15,130,0,0.2734375,0.224609375,-0.048828125
L11H15,130,1,0.376190185546875,0.1934814453125,-0.182708740234375
L11H15,150,0,-0.087646484375,0.07562255859375,0.16326904296875
L11H15,150,1,0.12451171875,0.1552734375,0.03076171875
L11H15,154,0,-0.02587890625,0.223876953125,0.249755859375
L11H15,154,1,-0.46417236328125,-0.5640869140625,-0.09991455078125
L11H15,162,0,-0.2080078125,-0.17431640625,0.03369140625
L11H15,162,1,0.15673828125,0.09765625,-0.05908203125
L11H15,176,0,-0.10205078125,-0.111572265625,-0.009521484375
L11H15,176,1,-0.26025390625,-0.32470703125,-0.064453125
L11H15,178,0,-0.07491683959960938,-0.2821731567382809,-0.20725631713867154
L11H15,178,1,-0.15771484375,-0.27978515625,-0.1220703125
L11H15,186,0,-0.07568359375,-0.0760498046875,-0.0003662109375
L11H15,186,1,0.017822265625,-0.302490234375,-0.3203125
L11H15,192,0,-0.04296875,-0.106201171875,-0.063232421875
L11H15,192,1,-0.2628173828125,-0.445068359375,-0.1822509765625
L11H15,196,0,0.0771484375,-0.025390625,-0.1025390625
L11H15,196,1,0.0234375,-0.0634765625,-0.0869140625
L11H20,0,0,0.05169677734375,0.14642333984375,0.0947265625
L11H20,0,1,0.10498046875,0.251953125,0.14697265625
L11H20,16,0,-0.010894775390625,-0.00433349609375,0.006561279296875
L11H20,16,1,-0.0185546875,-0.234619140625,-0.216064453125
L11H20,32,0,-0.078369140625,-0.359527587890625,-0.281158447265625
L11H20,32,1,0.012451171875,0.080322265625,0.06787109375
L11H20,48,0,-0.013092041015625,0.22113037109375,0.234222412109375
L11H20,48,1,-0.0484619140625,-0.111114501953125,-0.062652587890625
L11H20,56,0,0.03375244140625,-0.039337158203125,-0.073089599609375
L11H20,56,1,0.01611328125,-0.08447265625,-0.1005859375
L11H20,64,0,-0.026611328125,-0.0888671875,-0.062255859375
L11H20,64,1,0.109619140625,0.2060546875,0.096435546875
L11H20,82,0,-0.045654296875,-0.1005859375,-0.054931640625
L11H20,82,1,-0.02490234375,0.1015625,0.12646484375
L11H20,96,0,0.0594635009765625,-0.019989013671875,-0.0794525146484375
L11H20,96,1,-0.068603515625,0.20263671875,0.271240234375
L11H20,98,0,0.04083251953125,0.01739501953125,-0.0234375
L11H20,98,1,-0.05810546875,-0.2745361328125,-0.2164306640625
L11H20,102,0,-0.11469268798828125,-0.1126785278320313,0.0020141601562499445
L11H20,102,1,-0.052490234375,-0.01708984375,0.035400390625
L11H20,116,0,-0.0260009765625,-0.249267578125,-0.2232666015625
L11H20,116,1,-0.07421875,-0.35205078125,-0.27783203125
L11H20,130,0,-0.0712890625,-0.097412109375,-0.026123046875
L11H20,130,1,-0.14141845703125,-0.27685546875,-0.13543701171875
L11H20,150,0,-0.02728271484375,0.16156005859375,0.1888427734375
L11H20,150,1,0.02001953125,-0.02294921875,-0.04296875
L11H20,154,0,-0.0419921875,0.26318359375,0.30517578125
L11H20,154,1,-0.1900634765625,-0.281982421875,-0.0919189453125
L11H20,162,0,0.04541015625,0.14990234375,0.1044921875
L11H20,162,1,0.02734375,-0.1181640625,-0.1455078125
L11H20,176,0,0.0166015625,0.030517578125,0.013916015625
L11H20,176,1,0.03173828125,-0.12158203125,-0.1533203125
L11H20,178,0,0.02890777587890625,-0.1098480224609371,-0.13875579833984336
L11H20,178,1,0.009765625,-0.14111328125,-0.15087890625
L11H20,186,0,0.02880859375,-0.0191650390625,-0.0479736328125
L11H20,186,1,-0.04638671875,-0.38330078125,-0.3369140625
L11H20,192,0,0.04296875,-0.05908203125,-0.10205078125
L11H20,192,1,0.034423828125,-0.183837890625,-0.21826171875
L11H20,196,0,0.0009765625,-0.099609375,-0.1005859375
L11H20,196,1,0.0439453125,-0.14453125,-0.1884765625
L11H27,0,0,0.00885009765625,0.12451171875,0.11566162109375
L11H27,0,1,0.00439453125,0.145751953125,0.141357421875
L11H27,16,0,0.065032958984375,0.104034423828125,0.03900146484375
L11H27,16,1,-0.076171875,-0.37109375,-0.294921875
L11H27,32,0,0.042510986328125,-0.171630859375,-0.214141845703125
L11H27,32,1,0.171875,0.199951171875,0.028076171875
L11H27,48,0,0.046844482421875,0.2818603515625,0.235015869140625
L11H27,48,1,0.01177978515625,-0.06292724609375,-0.07470703125
L11H27,56,0,0.0260009765625,-0.051849365234375,-0.077850341796875
L11H27,56,1,0.06103515625,-0.0302734375,-0.09130859375
L11H27,64,0,0.1005859375,0.052001953125,-0.048583984375
L11H27,64,1,-0.02392578125,0.12744140625,0.1513671875
L11H27,82,0,-0.01025390625,-0.0458984375,-0.03564453125
L11H27,82,1,0.0478515625,0.1246337890625,0.0767822265625
L11H27,96,0,0.0164031982421875,-0.0634002685546875,-0.079803466796875
L11H27,96,1,0.04833984375,0.31298828125,0.2646484375
L11H27,98,0,0.07147216796875,0.05828857421875,-0.01318359375
L11H27,98,1,0.1463623046875,-0.1536865234375,-0.300048828125
L11H27,102,0,-0.0445404052734375,-0.107696533203125,-0.0631561279296875
L11H27,102,1,0.10693359375,0.15185546875,0.044921875
L11H27,116,0,0.0126953125,-0.2222900390625,-0.2349853515625
L11H27,116,1,0.00244140625,-0.23291015625,-0.2353515625
L11H27,130,0,-0.082763671875,-0.198486328125,-0.11572265625
L11H27,130,1,-0.21319580078125,-0.27032470703125,-0.05712890625
L11H27,150,0,-0.004150390625,0.14605712890625,0.15020751953125
L11H27,150,1,-0.00390625,-0.03125,-0.02734375
L11H27,154,0,-0.037841796875,0.200439453125,0.23828125
L11H27,154,1,-0.0164794921875,-0.091796875,-0.0753173828125
L11H27,162,0,0.052734375,0.18798828125,0.13525390625
L11H27,162,1,-0.1748046875,-0.26318359375,-0.08837890625
L11H27,176,0,-0.063720703125,-0.044677734375,0.01904296875
L11H27,176,1,-0.033203125,-0.1796875,-0.146484375
L11H27,178,0,-0.01617431640625,-0.2059249877929678,-0.1897506713867178
L11H27,178,1,0.28125,0.14013671875,-0.14111328125
L11H27,186,0,-0.0106201171875,0.0057373046875,0.016357421875
L11H27,186,1,0.0869140625,-0.166259765625,-0.253173828125
L11H27,192,0,-0.009033203125,-0.06494140625,-0.055908203125
L11H27,192,1,0.012939453125,-0.15087890625,-0.163818359375
L11H27,196,0,0.091796875,0.01953125,-0.072265625
L11H27,196,1,-0.1240234375,-0.3154296875,-0.19140625
L12H2,0,0,-0.01092529296875,0.0330810546875,0.04400634765625
L12H2,0,1,0.0615234375,0.2138671875,0.15234375
L12H2,16,0,0.040069580078125,0.056610107421875,0.01654052734375
L12H2,16,1,0.032958984375,-0.1923828125,-0.225341796875
L12H2,32,0,-0.036407470703125,-0.244873046875,-0.208465576171875
L12H2,32,1,-0.060302734375,0.035400390625,0.095703125
L12H2,48,0,0.046051025390625,0.310516357421875,0.26446533203125
L12H2,48,1,-0.004913330078125,-0.109619140625,-0.104705810546875
L12H2,56,0,0.02642822265625,0.007598876953125,-0.018829345703125
L12H2,56,1,-0.000244140625,-0.063720703125,-0.0634765625
L12H2,64,0,0.0224609375,0.0205078125,-0.001953125
L12H2,64,1,0.0032958984375,0.1015625,0.0982666015625
L12H2,82,0,-0.02587890625,-0.00439453125,0.021484375
L12H2,82,1,0.0660400390625,0.1915283203125,0.12548828125
L12H2,96,0,-0.0712432861328125,-0.319000244140625,-0.2477569580078125
L12H2,96,1,0.01904296875,0.295166015625,0.276123046875
L12H2,98,0,-0.0216064453125,-0.0526123046875,-0.031005859375
L12H2,98,1,0.1607666015625,-0.018798828125,-0.1795654296875
L12H2,102,0,0.0364532470703125,0.0339813232421875,-0.002471923828125
L12H2,102,1,0.0009765625,0.123779296875,0.122802734375
L12H2,116,0,0.0157470703125,-0.140625,-0.1563720703125
L12H2,116,1,0.11474609375,-0.087890625,-0.20263671875
L12H2,130,0,0.02880859375,0.02392578125,-0.0048828125
L12H2,130,1,0.073944091796875,-0.01300048828125,-0.086944580078125
L12H2,150,0,0.02630615234375,0.19598388671875,0.169677734375
L12H2,150,1,0.015625,0.02001953125,0.00439453125
L12H2,154,0,-0.01708984375,0.208740234375,0.225830078125
L12H2,154,1,0.039794921875,-0.053466796875,-0.09326171875
L12H2,162,0,-0.06982421875,0.0771484375,0.14697265625
L12H2,162,1,-0.04052734375,-0.10595703125,-0.0654296875
L12H2,176,0,0.017822265625,0.071044921875,0.05322265625
L12H2,176,1,0.05224609375,-0.03173828125,-0.083984375
L12H2,178,0,-0.00060272216796875,-0.1199951171874994,-0.11939239501953065
L12H2,178,1,0.10400390625,-0.037109375,-0.14111328125
L12H2,186,0,0.025390625,0.0361328125,0.0107421875
L12H2,186,1,-0.014404296875,-0.276123046875,-0.26171875
L12H2,192,0,-0.03173828125,-0.1298828125,-0.09814453125
L12H2,192,1,-0.0623779296875,-0.23486328125,-0.1724853515625
L12H2,196,0,-0.0302734375,-0.16015625,-0.1298828125
L12H2,196,1,-0.0498046875,-0.193359375,-0.1435546875
L12H9,0,0,0.0322265625,0.0662841796875,0.0340576171875
L12H9,0,1,0.04345703125,0.183349609375,0.139892578125
L12H9,16,0,-0.02569580078125,-0.002532958984375,0.023162841796875
L12H9,16,1,0.045654296875,-0.156982421875,-0.20263671875
L12H9,32,0,-0.1016845703125,-0.3028564453125,-0.201171875
L12H9,32,1,-0.02392578125,0.026123046875,0.050048828125
L12H9,48,0,-0.02294921875,0.2025146484375,0.2254638671875
L12H9,48,1,-0.0481109619140625,-0.170318603515625,-0.1222076416015625
L12H9,56,0,-0.01385498046875,-0.04827880859375,-0.034423828125
L12H9,56,1,-0.057373046875,-0.098388671875,-0.041015625
L12H9,64,0,-0.009765625,-0.05126953125,-0.04150390625
L12H9,64,1,-0.048095703125,0.060791015625,0.10888671875
L12H9,82,0,-0.006103515625,-0.03125,-0.025146484375
L12H9,82,1,-0.034423828125,0.1182861328125,0.1527099609375
L12H9,96,0,-0.0103607177734375,-0.180389404296875,-0.1700286865234375
L12H9,96,1,-0.02392578125,0.231689453125,0.255615234375
L12H9,98,0,-0.07196044921875,-0.10821533203125,-0.0362548828125
L12H9,98,1,0.1651611328125,-0.033203125,-0.1983642578125
L12H9,102,0,0.0076141357421875,0.0069122314453125,-0.000701904296875
L12H9,102,1,0.0927734375,0.1748046875,0.08203125
L12H9,116,0,-0.0172119140625,-0.1923828125,-0.1751708984375
L12H9,116,1,0.16845703125,-0.025390625,-0.19384765625
L12H9,130,0,-0.01220703125,-0.088134765625,-0.075927734375
L12H9,130,1,0.0501708984375,-0.07012939453125,-0.12030029296875
L12H9,150,0,-0.0400390625,0.0806884765625,0.1207275390625
L12H9,150,1,-0.04833984375,-0.01611328125,0.0322265625
L12H9,154,0,0.017333984375,0.26171875,0.244384765625
L12H9,154,1,-0.1407470703125,-0.194091796875,-0.0533447265625
L12H9,162,0,0.03564453125,0.14208984375,0.1064453125
L12H9,162,1,0.07861328125,0.03955078125,-0.0390625
L12H9,176,0,-0.01611328125,-0.00390625,0.01220703125
L12H9,176,1,-0.05615234375,-0.1376953125,-0.08154296875
L12H9,178,0,0.03166961669921875,-0.13619995117187444,-0.1678695678710932
L12H9,178,1,-0.00244140625,-0.1328125,-0.13037109375
L12H9,186,0,0.0174560546875,0.0474853515625,0.030029296875
L12H9,186,1,0.006103515625,-0.2666015625,-0.272705078125
L12H9,192,0,0.036865234375,-0.06005859375,-0.096923828125
L12H9,192,1,-0.0826416015625,-0.2652587890625,-0.1826171875
L12H9,196,0,0.0048828125,-0.1162109375,-0.12109375
L12H9,196,1,-0.1044921875,-0.2314453125,-0.126953125
L12H17,0,0,0.0362548828125,0.11444091796875,0.07818603515625
L12H17,0,1,0.2587890625,0.4453125,0.1865234375
L12H17,16,0,0.1509552001953125,0.18182373046875,0.0308685302734375
L12H17,16,1,0.031982421875,-0.126708984375,-0.15869140625
L12H17,32,0,-0.127593994140625,-0.310150146484375,-0.18255615234375
L12H17,32,1,0.126708984375,0.258056640625,0.13134765625
L12H17,48,0,0.13970947265625,0.418853759765625,0.279144287109375
L12H17,48,1,0.028411865234375,-0.1034774780273437,-0.1318893432617187
L12H17,56,0,-0.000213623046875,-0.002532958984375,-0.0023193359375
L12H17,56,1,-0.188232421875,-0.283935546875,-0.095703125
L12H17,64,0,0.077880859375,0.093994140625,0.01611328125
L12H17,64,1,0.0469970703125,0.1962890625,0.1492919921875
L12H17,82,0,0.215576171875,0.237060546875,0.021484375
L12H17,82,1,-0.34033203125,-0.236083984375,0.104248046875
L12H17,96,0,0.5507659912109375,0.393524169921875,-0.1572418212890625
L12H17,96,1,0.521484375,0.906494140625,0.385009765625
L12H17,98,0,0.12518310546875,0.14129638671875,0.01611328125
L12H17,98,1,0.82373046875,0.5821533203125,-0.2415771484375
L12H17,102,0,0.3795623779296875,0.3379478454589843,-0.04161453247070318
L12H17,102,1,0.765380859375,0.8662109375,0.100830078125
L12H17,116,0,0.2244873046875,0.069580078125,-0.1549072265625
L12H17,116,1,0.9853515625,0.7646484375,-0.220703125
L12H17,130,0,-0.0625,-0.08642578125,-0.02392578125
L12H17,130,1,-0.130859375,-0.21234130859375,-0.08148193359375
L12H17,150,0,0.13397216796875,0.31585693359375,0.181884765625
L12H17,150,1,0.15087890625,0.19091796875,0.0400390625
L12H17,154,0,0.20556640625,0.480224609375,0.274658203125
L12H17,154,1,0.6365966796875,0.539794921875,-0.0968017578125
L12H17,162,0,0.21728515625,0.3369140625,0.11962890625
L12H17,162,1,-0.0654296875,-0.140625,-0.0751953125
L12H17,176,0,0.078369140625,0.140625,0.062255859375
L12H17,176,1,0.251953125,0.20166015625,-0.05029296875
L12H17,178,0,0.41420745849609375,0.30868148803710926,-0.10552597045898449
L12H17,178,1,1.04833984375,0.88427734375,-0.1640625
L12H17,186,0,0.324951171875,0.3306884765625,0.0057373046875
L12H17,186,1,0.2587890625,0.038330078125,-0.220458984375
L12H17,192,0,0.04541015625,0.021728515625,-0.023681640625
L12H17,192,1,0.1611328125,0.0152587890625,-0.1458740234375
L12H17,196,0,0.3037109375,0.21484375,-0.0888671875
L12H17,196,1,0.3798828125,0.306640625,-0.0732421875
L13H1,0,0,-0.00897216796875,0.05010986328125,0.05908203125
L13H1,0,1,-0.03125,0.17919921875,0.21044921875
L13H1,16,0,0.011932373046875,0.014373779296875,0.00244140625
L13H1,16,1,0.01123046875,-0.240234375,-0.25146484375
L13H1,32,0,-0.01141357421875,-0.217620849609375,-0.206207275390625
L13H1,32,1,0.027587890625,0.15625,0.128662109375
L13H1,48,0,0.017120361328125,0.233154296875,0.216033935546875
L13H1,48,1,0.0020751953125,-0.0570220947265625,-0.0590972900390625
L13H1,56,0,-0.004638671875,-0.0206298828125,-0.0159912109375
L13H1,56,1,0.00537109375,-0.048828125,-0.05419921875
L13H1,64,0,0.001953125,-0.0078125,-0.009765625
L13H1,64,1,0.0069580078125,0.1580810546875,0.151123046875
L13H1,82,0,0.033935546875,0.0380859375,0.004150390625
L13H1,82,1,-0.010986328125,0.0804443359375,0.0914306640625
L13H1,96,0,-0.02880859375,-0.1845245361328125,-0.1557159423828125
L13H1,96,1,-0.018798828125,0.361572265625,0.38037109375
L13H1,98,0,-0.00311279296875,-0.07086181640625,-0.0677490234375
L13H1,98,1,0.002197265625,-0.2159423828125,-0.2181396484375
L13H1,102,0,0.0096282958984375,0.0526580810546875,0.04302978515625
L13H1,102,1,-0.021484375,0.106201171875,0.127685546875
L13H1,116,0,-0.0008544921875,-0.21826171875,-0.2174072265625
L13H1,116,1,0.02880859375,-0.072265625,-0.10107421875
L13H1,130,0,0.02099609375,-0.028564453125,-0.049560546875
L13H1,130,1,0.036834716796875,0.028289794921875,-0.008544921875
L13H1,150,0,0.01031494140625,0.14923095703125,0.138916015625
L13H1,150,1,-0.00732421875,0.0498046875,0.05712890625
L13H1,154,0,-0.01416015625,0.156005859375,0.170166015625
L13H1,154,1,0.015625,-0.136474609375,-0.152099609375
L13H1,162,0,0.01318359375,0.08447265625,0.0712890625
L13H1,162,1,-0.025390625,-0.0712890625,-0.0458984375
L13H1,176,0,-0.0029296875,0.06982421875,0.07275390625
L13H1,176,1,-0.01513671875,-0.1201171875,-0.10498046875
L13H1,178,0,-0.02205657958984375,-0.1426811218261714,-0.12062454223632765
L13H1,178,1,-0.00732421875,-0.1201171875,-0.11279296875
L13H1,186,0,-0.0059814453125,0.0435791015625,0.049560546875
L13H1,186,1,0.0009765625,-0.219482421875,-0.220458984375
L13H1,192,0,-0.003662109375,-0.104736328125,-0.10107421875
L13H1,192,1,-0.0355224609375,-0.2498779296875,-0.21435546875
L13H1,196,0,-0.00390625,-0.0654296875,-0.0615234375
L13H1,196,1,-0.005859375,-0.1376953125,-0.1318359375
L13H10,0,0,-0.194580078125,-0.13922119140625,0.05535888671875
L13H10,0,1,-0.761962890625,-0.501953125,0.260009765625
L13H10,16,0,-0.459503173828125,-0.41143798828125,0.048065185546875
L13H10,16,1,-0.1416015625,-0.27783203125,-0.13623046875
L13H10,32,0,0.0315399169921875,-0.1659393310546875,-0.197479248046875
L13H10,32,1,-0.373046875,-0.1748046875,0.1982421875
L13H10,48,0,-0.790252685546875,-0.5975494384765625,0.1927032470703125
L13H10,48,1,-0.45703125,-0.8509635925292965,-0.39393234252929654
L13H10,56,0,-0.349395751953125,-0.285552978515625,0.0638427734375
L13H10,56,1,-0.2021484375,0.117431640625,0.319580078125
L13H10,64,0,-0.219482421875,-0.221435546875,-0.001953125
L13H10,64,1,-0.90380859375,-0.7894287109375,0.1143798828125
L13H10,82,0,-0.060302734375,-0.220947265625,-0.16064453125
L13H10,82,1,-0.228515625,0.247802734375,0.476318359375
L13H10,96,0,-1.1867218017578125,-1.6637191772460935,-0.47699737548828103
L13H10,96,1,-1.98681640625,-0.974853515625,1.011962890625
L13H10,98,0,-2.4874267578125,-2.085693359375,0.4017333984375
L13H10,98,1,-1.999786376953125,-2.3026123046875,-0.302825927734375
L13H10,102,0,-0.8046417236328125,-0.85498046875,-0.0503387451171875
L13H10,102,1,-1.166748046875,-1.0390625,0.127685546875
L13H10,116,0,-0.7916259765625,-1.1778564453125,-0.38623046875
L13H10,116,1,-3.2578125,-3.9013671875,-0.6435546875
L13H10,130,0,-0.06787109375,-0.21533203125,-0.1474609375
L13H10,130,1,-0.264678955078125,-0.23809814453125,0.026580810546875
L13H10,150,0,-0.6137046813964844,-0.564239501953125,0.049465179443359375
L13H10,150,1,-0.212890625,-0.18017578125,0.03271484375
L13H10,154,0,-0.28662109375,-0.43701171875,-0.150390625
L13H10,154,1,-1.265289306640625,-1.6092529296875,-0.343963623046875
L13H10,162,0,-0.8994140625,-0.779296875,0.1201171875
L13H10,162,1,-0.7529296875,-0.40478515625,0.34814453125
L13H10,176,0,-0.561279296875,-0.490478515625,0.07080078125
L13H10,176,1,-0.83349609375,-0.61572265625,0.2177734375
L13H10,178,0,-0.9750137329101562,-1.4284601211547843,-0.453446388244628
L13H10,178,1,-1.77880859375,-2.052734375,-0.27392578125
L13H10,186,0,-0.6800537109375,-0.819091796875,-0.1390380859375
L13H10,186,1,-0.80810546875,-0.676513671875,0.131591796875
L13H10,192,0,-0.6971435546875,-0.85400390625,-0.1568603515625
L13H10,192,1,-2.1690673828125,-1.9176025390625,0.25146484375
L13H10,196,0,-0.9111328125,-1.326171875,-0.4150390625
L13H10,196,1,-0.056640625,-0.0966796875,-0.0400390625
L13H22,0,0,0.00689697265625,0.03424072265625,0.02734375
L13H22,0,1,0.003173828125,0.193359375,0.190185546875
L13H22,16,0,0.005828857421875,0.055145263671875,0.04931640625
L13H22,16,1,-0.079833984375,-0.345947265625,-0.26611328125
L13H22,32,0,0.01507568359375,-0.17132568359375,-0.1864013671875
L13H22,32,1,-0.03955078125,0.022216796875,0.061767578125
L13H22,48,0,0.011322021484375,0.25323486328125,0.241912841796875
L13H22,48,1,0.06005859375,0.005157470703125,-0.054901123046875
L13H22,56,0,-0.01007080078125,0.02532958984375,0.035400390625
L13H22,56,1,0.02880859375,-0.008056640625,-0.036865234375
L13H22,64,0,-0.021240234375,-0.0263671875,-0.005126953125
L13H22,64,1,-0.0135498046875,0.09765625,0.1112060546875
L13H22,82,0,0.05224609375,0.087890625,0.03564453125
L13H22,82,1,0.108642578125,0.2587890625,0.150146484375
L13H22,96,0,0.0631866455078125,-0.1068267822265625,-0.170013427734375
L13H22,96,1,-0.17529296875,0.1630859375,0.33837890625
L13H22,98,0,-0.0369873046875,-0.1033935546875,-0.06640625
L13H22,98,1,0.1259765625,-0.045654296875,-0.171630859375
L13H22,102,0,0.016326904296875,-0.0226593017578125,-0.0389862060546875
L13H22,102,1,0.080322265625,0.198486328125,0.1181640625
L13H22,116,0,0.013671875,-0.1763916015625,-0.1900634765625
L13H22,116,1,-0.013671875,-0.1083984375,-0.0947265625
L13H22,130,0,-0.010986328125,-0.0634765625,-0.052490234375
L13H22,130,1,-0.015716552734375,-0.044036865234375,-0.0283203125
L13H22,150,0,-0.02215576171875,0.11114501953125,0.13330078125
L13H22,150,1,0.00048828125,0.056640625,0.05615234375
L13H22,154,0,0.01318359375,0.21875,0.20556640625
L13H22,154,1,0.031005859375,-0.083984375,-0.114990234375
L13H22,162,0,-0.0302734375,0.07470703125,0.10498046875
L13H22,162,1,-0.00537109375,-0.0771484375,-0.07177734375
L13H22,176,0,0.018798828125,0.09033203125,0.071533203125
L13H22,176,1,0.05908203125,-0.05517578125,-0.1142578125
L13H22,178,0,0.02490234375,-0.117233276367187,-0.142135620117187
L13H22,178,1,-0.03466796875,-0.201171875,-0.16650390625
L13H22,186,0,0.0059814453125,0.0906982421875,0.084716796875
L13H22,186,1,-0.083251953125,-0.322509765625,-0.2392578125
L13H22,192,0,-0.01806640625,-0.135009765625,-0.116943359375
L13H22,192,1,-0.1192626953125,-0.321533203125,-0.2022705078125
L13H22,196,0,-0.0,-0.029296875,-0.029296875
L13H22,196,1,0.04296875,-0.0859375,-0.12890625
L13H30,0,0,0.00164794921875,0.05352783203125,0.0518798828125
L13H30,0,1,0.0068359375,0.19482421875,0.18798828125
L13H30,16,0,0.007720947265625,0.04974365234375,0.042022705078125
L13H30,16,1,-0.03955078125,-0.262939453125,-0.223388671875
L13H30,32,0,-0.00750732421875,-0.2177734375,-0.21026611328125
L13H30,32,1,0.033447265625,0.094482421875,0.06103515625
L13H30,48,0,-0.005157470703125,0.182464599609375,0.1876220703125
L13H30,48,1,0.0021514892578125,-0.0306243896484375,-0.03277587890625
L13H30,56,0,0.008209228515625,0.008636474609375,0.00042724609375
L13H30,56,1,-0.0126953125,-0.04052734375,-0.02783203125
L13H30,64,0,0.0322265625,0.0205078125,-0.01171875
L13H30,64,1,0.051025390625,0.183837890625,0.1328125
L13H30,82,0,0.019287109375,0.010986328125,-0.00830078125
L13H30,82,1,0.06396484375,0.1966552734375,0.1326904296875
L13H30,96,0,-0.019561767578125,-0.172882080078125,-0.1533203125
L13H30,96,1,0.01904296875,0.365478515625,0.346435546875
L13H30,98,0,-0.01708984375,-0.10565185546875,-0.08856201171875
L13H30,98,1,0.0045166015625,-0.2808837890625,-0.285400390625
L13H30,102,0,0.0158538818359375,0.05792236328125,0.0420684814453125
L13H30,102,1,-0.02734375,0.137451171875,0.164794921875
L13H30,116,0,-0.005859375,-0.2593994140625,-0.2535400390625
L13H30,116,1,0.0361328125,-0.02734375,-0.0634765625
L13H30,130,0,-0.0244140625,-0.063720703125,-0.039306640625
L13H30,130,1,-0.01483154296875,-0.12469482421875,-0.10986328125
L13H30,150,0,0.01043701171875,0.10467529296875,0.09423828125
L13H30,150,1,-0.00048828125,0.052734375,0.05322265625
L13H30,154,0,-0.002685546875,0.160400390625,0.1630859375
L13H30,154,1,-0.0679931640625,-0.1614990234375,-0.093505859375
L13H30,162,0,0.015625,0.10986328125,0.09423828125
L13H30,162,1,-0.03515625,-0.0712890625,-0.0361328125
L13H30,176,0,0.042236328125,0.099853515625,0.0576171875
L13H30,176,1,-0.00341796875,-0.1025390625,-0.09912109375
L13H30,178,0,0.00469970703125,-0.14373016357421808,-0.14842987060546808
L13H30,178,1,-0.01171875,-0.12353515625,-0.11181640625
L13H30,186,0,0.02587890625,0.1475830078125,0.1217041015625
L13H30,186,1,-0.00244140625,-0.240478515625,-0.238037109375
L13H30,192,0,-0.00439453125,-0.0986328125,-0.09423828125
L13H30,192,1,-0.0079345703125,-0.1968994140625,-0.18896484375
L13H30,196,0,-0.0283203125,-0.07421875,-0.0458984375
L13H30,196,1,-0.0263671875,-0.138671875,-0.1123046875
L14H10,0,0,-0.017333984375,-0.01629638671875,0.00103759765625
L14H10,0,1,-0.052490234375,0.125244140625,0.177734375
L14H10,16,0,0.0765228271484375,0.0887451171875,0.0122222900390625
L14H10,16,1,-0.08154296875,-0.26806640625,-0.1865234375
L14H10,32,0,0.009521484375,-0.084014892578125,-0.093536376953125
L14H10,32,1,0.0234375,0.188232421875,0.164794921875
L14H10,48,0,0.00970458984375,0.237060546875,0.22735595703125
L14H10,48,1,-0.1416797637939453,-0.1687164306640625,-0.027036666870117188
L14H10,56,0,0.005401611328125,-0.0216064453125,-0.027008056640625
L14H10,56,1,-0.008544921875,-0.123291015625,-0.11474609375
L14H10,64,0,-0.00341796875,0.061767578125,0.065185546875
L14H10,64,1,-0.0665283203125,0.0155029296875,0.08203125
L14H10,82,0,-0.016357421875,0.017333984375,0.03369140625
L14H10,82,1,-0.17724609375,-0.145751953125,0.031494140625
L14H10,96,0,0.0461578369140625,-0.161865234375,-0.2080230712890625
L14H10,96,1,-0.173828125,0.23486328125,0.40869140625
L14H10,98,0,-0.03399658203125,-0.0992431640625,-0.06524658203125
L14H10,98,1,0.3187255859375,0.19775390625,-0.1209716796875
L14H10,102,0,0.063385009765625,0.093841552734375,0.03045654296875
L14H10,102,1,0.09130859375,0.2177734375,0.12646484375
L14H10,116,0,-0.0023193359375,-0.227783203125,-0.2254638671875
L14H10,116,1,-0.00341796875,-0.103515625,-0.10009765625
L14H10,130,0,-0.008056640625,-0.125,-0.116943359375
L14H10,130,1,0.036468505859375,-0.047576904296875,-0.08404541015625
L14H10,150,0,-0.01263427734375,0.1138916015625,0.12652587890625
L14H10,150,1,-0.01171875,0.03564453125,0.04736328125
L14H10,154,0,0.016357421875,0.168212890625,0.15185546875
L14H10,154,1,-0.0009765625,-0.0975341796875,-0.0965576171875
L14H10,162,0,0.0166015625,0.12109375,0.1044921875
L14H10,162,1,-0.05712890625,-0.08447265625,-0.02734375
L14H10,176,0,0.009521484375,0.0673828125,0.057861328125
L14H10,176,1,0.08154296875,0.01904296875,-0.0625
L14H10,178,0,-0.01912689208984375,-0.1768646240234372,-0.15773773193359344
L14H10,178,1,-0.02392578125,-0.17041015625,-0.146484375
L14H10,186,0,0.0213623046875,0.0810546875,0.0596923828125
L14H10,186,1,-0.03564453125,-0.147705078125,-0.112060546875
L14H10,192,0,-0.017333984375,-0.16357421875,-0.146240234375
L14H10,192,1,-0.0633544921875,-0.200439453125,-0.1370849609375
L14H10,196,0,0.005859375,-0.0947265625,-0.1005859375
L14H10,196,1,-0.0205078125,-0.1640625,-0.1435546875
L14H23,0,0,0.1416015625,0.13934326171875,-0.00225830078125
L14H23,0,1,0.156005859375,0.336669921875,0.1806640625
L14H23,16,0,-0.08575439453125,0.008575439453125,0.094329833984375
L14H23,16,1,0.008544921875,-0.138671875,-0.147216796875
L14H23,32,0,0.3338031768798828,0.209930419921875,-0.12387275695800781
L14H23,32,1,0.105224609375,0.3115234375,0.206298828125
L14H23,48,0,0.0667572021484375,0.35784912109375,0.2910919189453125
L14H23,48,1,-0.45123291015625,-0.4625720977783202,-0.011339187622070201
L14H23,56,0,0.2198486328125,0.17315673828125,-0.04669189453125
L14H23,56,1,-0.06640625,-0.0771484375,-0.0107421875
L14H23,64,0,-0.254638671875,-0.21484375,0.039794921875
L14H23,64,1,-0.2613525390625,-0.1275634765625,0.1337890625
L14H23,82,0,-0.199462890625,-0.1494140625,0.050048828125
L14H23,82,1,0.27874755859375,0.3903045654296875,0.1115570068359375
L14H23,96,0,-0.6937103271484375,-0.9100532531738281,-0.21634292602539062
L14H23,96,1,-1.111328125,-0.51806640625,0.59326171875
L14H23,98,0,-0.02166748046875,-0.1290283203125,-0.10736083984375
L14H23,98,1,-0.6417236328125,-0.690185546875,-0.0484619140625
L14H23,102,0,-0.0998687744140625,-0.091552734375,0.0083160400390625
L14H23,102,1,-0.52294921875,-0.455078125,0.06787109375
L14H23,116,0,-0.0335693359375,-0.2236328125,-0.1900634765625
L14H23,116,1,-0.96435546875,-0.9755859375,-0.01123046875
L14H23,130,0,0.050537109375,-0.021484375,-0.072021484375
L14H23,130,1,-0.141265869140625,-0.192718505859375,-0.05145263671875
L14H23,150,0,-0.023681640625,0.0684814453125,0.0921630859375
L14H23,150,1,-0.1748046875,-0.08349609375,0.09130859375
L14H23,154,0,0.038818359375,0.207275390625,0.16845703125
L14H23,154,1,-0.620849609375,-0.7032470703125,-0.0823974609375
L14H23,162,0,-0.26708984375,-0.17529296875,0.091796875
L14H23,162,1,-0.0732421875,-0.0322265625,0.041015625
L14H23,176,0,-0.050537109375,0.023681640625,0.07421875
L14H23,176,1,-0.189453125,-0.177734375,0.01171875
L14H23,178,0,0.13240814208984375,-0.004913330078124608,-0.13732147216796836
L14H23,178,1,-0.794921875,-0.83203125,-0.037109375
L14H23,186,0,0.0283203125,0.1026611328125,0.0743408203125
L14H23,186,1,-0.607421875,-0.768798828125,-0.161376953125
L14H23,192,0,0.016845703125,-0.118408203125,-0.13525390625
L14H23,192,1,-0.7144775390625,-0.785400390625,-0.0709228515625
L14H23,196,0,-0.1240234375,-0.259765625,-0.1357421875
L14H23,196,1,-0.4921875,-0.60546875,-0.11328125
L14H26,0,0,-0.038177490234375,-0.0614013671875,-0.023223876953125
L14H26,0,1,0.182373046875,0.37548828125,0.193115234375
L14H26,16,0,0.48638916015625,0.549224853515625,0.062835693359375
L14H26,16,1,0.298828125,0.175537109375,-0.123291015625
L14H26,32,0,0.050201416015625,-0.00701904296875,-0.057220458984375
L14H26,32,1,0.19140625,0.38037109375,0.18896484375
L14H26,48,0,0.4487762451171875,0.6735687255859375,0.22479248046875
L14H26,48,1,0.2596435546875,0.2405166625976563,-0.019126892089843694
L14H26,56,0,0.166961669921875,0.130096435546875,-0.036865234375
L14H26,56,1,0.0263671875,0.00927734375,-0.01708984375
L14H26,64,0,0.2919921875,0.370361328125,0.078369140625
L14H26,64,1,0.65869140625,0.8519287109375,0.1932373046875
L14H26,82,0,0.385986328125,0.398193359375,0.01220703125
L14H26,82,1,-0.15380859375,-0.02392578125,0.1298828125
L14H26,96,0,0.8529510498046875,0.620819091796875,-0.2321319580078125
L14H26,96,1,0.95703125,1.5068359375,0.5498046875
L14H26,98,0,0.274139404296875,0.19720458984375,-0.076934814453125
L14H26,98,1,0.980224609375,0.950439453125,-0.02978515625
L14H26,102,0,0.5917205810546875,0.5933809280395507,0.0016603469848631702
L14H26,102,1,0.91064453125,1.053955078125,0.143310546875
L14H26,116,0,0.408447265625,0.230712890625,-0.177734375
L14H26,116,1,0.89404296875,0.90625,0.01220703125
L14H26,130,0,0.164794921875,0.062255859375,-0.1025390625
L14H26,130,1,-0.0115966796875,0.040191650390625,0.051788330078125
L14H26,150,0,0.21246337890625,0.32354736328125,0.111083984375
L14H26,150,1,0.11669921875,0.22802734375,0.111328125
L14H26,154,0,0.277587890625,0.424072265625,0.146484375
L14H26,154,1,0.6982421875,0.6207275390625,-0.0775146484375
L14H26,162,0,0.42236328125,0.57080078125,0.1484375
L14H26,162,1,-0.0234375,-0.009765625,0.013671875
L14H26,176,0,0.25146484375,0.27490234375,0.0234375
L14H26,176,1,0.3720703125,0.3701171875,-0.001953125
L14H26,178,0,0.49459075927734375,0.3229179382324214,-0.17167282104492237
L14H26,178,1,1.16015625,1.10400390625,-0.05615234375
L14H26,186,0,0.639892578125,0.7503662109375,0.1104736328125
L14H26,186,1,0.742919921875,0.70947265625,-0.033447265625
L14H26,192,0,0.19189453125,0.020751953125,-0.171142578125
L14H26,192,1,0.76318359375,1.0526123046875,0.2894287109375
L14H26,196,0,0.4814453125,0.3447265625,-0.13671875
L14H26,196,1,0.130859375,0.0810546875,-0.0498046875
L15H0,0,0,0.09954833984375,0.07843017578125,-0.0211181640625
L15H0,0,1,0.0673828125,0.15283203125,0.08544921875
L15H0,16,0,0.024749755859375,0.186309814453125,0.16156005859375
L15H0,16,1,-0.011474609375,-0.1787109375,-0.167236328125
L15H0,32,0,0.07958984375,0.009063720703125,-0.070526123046875
L15H0,32,1,0.007568359375,0.07763671875,0.070068359375
L15H0,48,0,0.040252685546875,0.263763427734375,0.2235107421875
L15H0,48,1,-0.04813385009765625,-0.061065673828125,-0.01293182373046875
L15H0,56,0,0.019775390625,0.014984130859375,-0.004791259765625
L15H0,56,1,0.07080078125,-0.050537109375,-0.121337890625
L15H0,64,0,0.023193359375,0.08544921875,0.062255859375
L15H0,64,1,0.0302734375,0.110595703125,0.080322265625
L15H0,82,0,-0.0,0.049560546875,0.049560546875
L15H0,82,1,-0.05859375,-0.0689697265625,-0.0103759765625
L15H0,96,0,-0.0250091552734375,-0.2083892822265625,-0.183380126953125
L15H0,96,1,-0.068115234375,0.222412109375,0.29052734375
L15H0,98,0,0.01287841796875,-0.00732421875,-0.02020263671875
L15H0,98,1,0.1046142578125,0.016845703125,-0.0877685546875
L15H0,102,0,0.0332183837890625,0.1068572998046875,0.073638916015625
L15H0,102,1,0.117431640625,0.298095703125,0.1806640625
L15H0,116,0,0.027099609375,-0.2357177734375,-0.2628173828125
L15H0,116,1,0.0458984375,-0.05810546875,-0.10400390625
L15H0,130,0,-0.091552734375,-0.18115234375,-0.089599609375
L15H0,130,1,-0.0894775390625,-0.1468505859375,-0.057373046875
L15H0,150,0,0.04425048828125,0.11614990234375,0.0718994140625
L15H0,150,1,-0.009765625,0.060546875,0.0703125
L15H0,154,0,-0.02099609375,0.12451171875,0.1455078125
L15H0,154,1,-0.0445556640625,-0.0560302734375,-0.011474609375
L15H0,162,0,-0.03369140625,0.12353515625,0.1572265625
L15H0,162,1,0.00048828125,-0.0693359375,-0.06982421875
L15H0,176,0,-0.00341796875,0.0419921875,0.04541015625
L15H0,176,1,-0.00341796875,-0.00146484375,0.001953125
L15H0,178,0,-0.00470733642578125,-0.21054840087890545,-0.2058410644531242
L15H0,178,1,0.03955078125,-0.0439453125,-0.08349609375
L15H0,186,0,0.00732421875,0.009033203125,0.001708984375
L15H0,186,1,-0.05224609375,-0.172119140625,-0.119873046875
L15H0,192,0,0.004638671875,-0.145263671875,-0.14990234375
L15H0,192,1,-0.0623779296875,-0.1783447265625,-0.115966796875
L15H0,196,0,0.001953125,-0.0751953125,-0.0771484375
L15H0,196,1,-0.064453125,-0.197265625,-0.1328125
L15H2,0,0,0.07208251953125,0.0499267578125,-0.02215576171875
L15H2,0,1,0.070556640625,0.17333984375,0.102783203125
L15H2,16,0,-0.10986328125,0.005340576171875,0.115203857421875
L15H2,16,1,-0.02099609375,-0.1279296875,-0.10693359375
L15H2,32,0,0.277252197265625,0.2358856201171875,-0.0413665771484375
L15H2,32,1,0.561767578125,0.649169921875,0.08740234375
L15H2,48,0,-0.01373291015625,0.192138671875,0.20587158203125
L15H2,48,1,0.0426025390625,0.0162200927734375,-0.0263824462890625
L15H2,56,0,0.099639892578125,0.091217041015625,-0.0084228515625
L15H2,56,1,-0.03564453125,-0.173095703125,-0.137451171875
L15H2,64,0,0.03125,0.095458984375,0.064208984375
L15H2,64,1,0.2540283203125,0.3316650390625,0.07763671875
L15H2,82,0,-0.091552734375,-0.02880859375,0.062744140625
L15H2,82,1,0.0439453125,0.0213623046875,-0.0225830078125
L15H2,96,0,0.0331573486328125,-0.1427955627441406,-0.1759529113769531
L15H2,96,1,-0.0546875,0.22314453125,0.27783203125
L15H2,98,0,-0.2330322265625,-0.31048583984375,-0.07745361328125
L15H2,98,1,-0.32220458984375,-0.4285888671875,-0.10638427734375
L15H2,102,0,0.0995635986328125,0.1403121948242187,0.040748596191406194
L15H2,102,1,0.134033203125,0.262451171875,0.12841796875
L15H2,116,0,-0.0257568359375,-0.25,-0.2242431640625
L15H2,116,1,-0.0869140625,-0.1748046875,-0.087890625
L15H2,130,0,-0.07275390625,-0.1630859375,-0.09033203125
L15H2,130,1,-0.0152587890625,-0.1329345703125,-0.11767578125
L15H2,150,0,0.17529296875,0.24530029296875,0.07000732421875
L15H2,150,1,0.1005859375,0.18212890625,0.08154296875
L15H2,154,0,-0.061279296875,0.113525390625,0.1748046875
L15H2,154,1,-0.2496337890625,-0.2806396484375,-0.031005859375
L15H2,162,0,-0.06005859375,0.11669921875,0.1767578125
L15H2,162,1,0.10693359375,0.02001953125,-0.0869140625
L15H2,176,0,0.1298828125,0.189453125,0.0595703125
L15H2,176,1,0.30615234375,0.28759765625,-0.0185546875
L15H2,178,0,-0.2131195068359375,-0.35149002075195257,-0.13837051391601507
L15H2,178,1,-0.1826171875,-0.25732421875,-0.07470703125
L15H2,186,0,0.10595703125,0.1695556640625,0.0635986328125
L15H2,186,1,0.08154296875,-0.039794921875,-0.121337890625
L15H2,192,0,0.027587890625,-0.177001953125,-0.20458984375
L15H2,192,1,-0.2391357421875,-0.3485107421875,-0.109375
L15H2,196,0,-0.0087890625,-0.056640625,-0.0478515625
L15H2,196,1,-0.0625,-0.2099609375,-0.1474609375
L15H3,0,0,0.01416015625,-0.03533935546875,-0.04949951171875
L15H3,0,1,-0.1435546875,-0.0458984375,0.09765625
L15H3,16,0,-0.018798828125,0.064056396484375,0.082855224609375
L15H3,16,1,0.06640625,-0.120849609375,-0.187255859375
L15H3,32,0,-0.029541015625,-0.148284912109375,-0.118743896484375
L15H3,32,1,0.000732421875,0.058837890625,0.05810546875
L15H3,48,0,-0.06573486328125,0.167694091796875,0.233428955078125
L15H3,48,1,-0.06879043579101562,-0.076873779296875,-0.008083343505859375
L15H3,56,0,-0.097625732421875,-0.125091552734375,-0.0274658203125
L15H3,56,1,0.005126953125,-0.095947265625,-0.10107421875
L15H3,64,0,-0.092041015625,-0.0322265625,0.059814453125
L15H3,64,1,-0.165771484375,-0.122314453125,0.04345703125
L15H3,82,0,-0.19580078125,-0.14208984375,0.0537109375
L15H3,82,1,0.0628662109375,0.07080078125,0.0079345703125
L15H3,96,0,-0.17340087890625,-0.326629638671875,-0.153228759765625
L15H3,96,1,-0.666015625,-0.4267578125,0.2392578125
L15H3,98,0,-0.007080078125,-0.05059814453125,-0.04351806640625
L15H3,98,1,-0.16357421875,-0.262451171875,-0.098876953125
L15H3,102,0,-0.1548004150390625,-0.1471099853515625,0.0076904296875
L15H3,102,1,-0.20654296875,-0.02587890625,0.1806640625
L15H3,116,0,-0.1383056640625,-0.3699951171875,-0.231689453125
L15H3,116,1,-0.47509765625,-0.5693359375,-0.09423828125
L15H3,130,0,-0.056396484375,-0.183349609375,-0.126953125
L15H3,130,1,-0.033905029296875,-0.097015380859375,-0.0631103515625
L15H3,150,0,-0.018798828125,0.024658203125,0.04345703125
L15H3,150,1,-0.10302734375,-0.03759765625,0.0654296875
L15H3,154,0,-0.004638671875,0.16943359375,0.174072265625
L15H3,154,1,-0.29443359375,-0.311767578125,-0.017333984375
L15H3,162,0,-0.01513671875,0.0986328125,0.11376953125
L15H3,162,1,0.1083984375,0.04736328125,-0.06103515625
L15H3,176,0,-0.01123046875,0.089111328125,0.100341796875
L15H3,176,1,-0.03955078125,-0.10888671875,-0.0693359375
L15H3,178,0,-0.13884735107421875,-0.24330902099609286,-0.10446166992187411
L15H3,178,1,-0.24853515625,-0.3447265625,-0.09619140625
L15H3,186,0,-0.1444091796875,-0.118896484375,0.0255126953125
L15H3,186,1,-0.270751953125,-0.359375,-0.088623046875
L15H3,192,0,-0.039794921875,-0.156982421875,-0.1171875
L15H3,192,1,-0.1893310546875,-0.2486572265625,-0.059326171875
L15H3,196,0,-0.126953125,-0.193359375,-0.06640625
L15H3,196,1,-0.107421875,-0.2412109375,-0.1337890625
L15H18,0,0,0.073486328125,0.0283203125,-0.045166015625
L15H18,0,1,0.09033203125,0.1943359375,0.10400390625
L15H18,16,0,0.0665283203125,0.12799072265625,0.06146240234375
L15H18,16,1,0.187744140625,0.012451171875,-0.17529296875
L15H18,32,0,0.069793701171875,0.01495361328125,-0.054840087890625
L15H18,32,1,0.352294921875,0.43359375,0.081298828125
L15H18,48,0,0.004302978515625,0.222320556640625,0.218017578125
L15H18,48,1,-0.05362701416015625,-0.0774307250976562,-0.023803710937499944
L15H18,56,0,-0.031707763671875,-0.0450439453125,-0.013336181640625
L15H18,56,1,0.000244140625,-0.099609375,-0.099853515625
L15H18,64,0,0.011962890625,0.06640625,0.054443359375
L15H18,64,1,-0.5242919921875,-0.4403076171875,0.083984375
L15H18,82,0,-0.11083984375,-0.07861328125,0.0322265625
L15H18,82,1,0.3809051513671875,0.3696136474609375,-0.01129150390625
L15H18,96,0,0.025726318359375,-0.1436843872070312,-0.1694107055664062
L15H18,96,1,0.103515625,0.372314453125,0.268798828125
L15H18,98,0,0.081298828125,0.0413818359375,-0.0399169921875
L15H18,98,1,0.1195068359375,0.04150390625,-0.0780029296875
L15H18,102,0,0.06285572052001953,0.0726089477539062,0.009753227233886663
L15H18,102,1,0.202880859375,0.336669921875,0.1337890625
L15H18,116,0,0.0164794921875,-0.19921875,-0.2156982421875
L15H18,116,1,0.15576171875,0.048828125,-0.10693359375
L15H18,130,0,0.275146484375,0.160888671875,-0.1142578125
L15H18,130,1,0.013458251953125,-0.072967529296875,-0.08642578125
L15H18,150,0,-0.004638671875,0.09893798828125,0.10357666015625
L15H18,150,1,-0.04296875,0.0048828125,0.0478515625
L15H18,154,0,0.0888671875,0.253662109375,0.164794921875
L15H18,154,1,-0.00042724609375,-0.080810546875,-0.08038330078125
L15H18,162,0,0.00341796875,0.125,0.12158203125
L15H18,162,1,0.02197265625,-0.04833984375,-0.0703125
L15H18,176,0,0.03466796875,0.123779296875,0.089111328125
L15H18,176,1,-0.14501953125,-0.1845703125,-0.03955078125
L15H18,178,0,-0.04205322265625,-0.2341690063476556,-0.1921157836914056
L15H18,178,1,-0.0458984375,-0.0986328125,-0.052734375
L15H18,186,0,0.0499267578125,0.0897216796875,0.039794921875
L15H18,186,1,-0.0947265625,-0.198486328125,-0.103759765625
L15H18,192,0,0.036376953125,-0.1142578125,-0.150634765625
L15H18,192,1,0.2049560546875,0.117919921875,-0.0870361328125
L15H18,196,0,0.1240234375,0.068359375,-0.0556640625
L15H18,196,1,-0.388671875,-0.5400390625,-0.1513671875
L15H25,0,0,0.07305908203125,0.06292724609375,-0.0101318359375
L15H25,0,1,0.6162109375,0.86279296875,0.24658203125
L15H25,16,0,0.49706268310546875,0.6499786376953125,0.15291595458984375
L15H25,16,1,0.650146484375,0.548095703125,-0.10205078125
L15H25,32,0,0.24125385284423828,0.2276611328125,-0.013592720031738281
L15H25,32,1,0.259521484375,0.42626953125,0.166748046875
L15H25,48,0,0.594940185546875,0.8321990966796875,0.2372589111328125
L15H25,48,1,0.982666015625,1.0842132568359375,0.1015472412109375
L15H25,56,0,0.3970947265625,0.385650634765625,-0.011444091796875
L15H25,56,1,0.27294921875,0.3056640625,0.03271484375
L15H25,64,0,0.55859375,0.6259765625,0.0673828125
L15H25,64,1,0.811767578125,0.968017578125,0.15625
L15H25,82,0,0.82080078125,0.98193359375,0.1611328125
L15H25,82,1,0.40802001953125,0.589569091796875,0.181549072265625
L15H25,96,0,0.8331756591796875,0.6377716064453125,-0.195404052734375
L15H25,96,1,1.8447265625,2.532958984375,0.688232421875
L15H25,98,0,0.5360107421875,0.548675537109375,0.012664794921875
L15H25,98,1,0.7269287109375,0.813232421875,0.0863037109375
L15H25,102,0,0.5481109619140625,0.6251287460327148,0.07701778411865234
L15H25,102,1,0.72998046875,0.950927734375,0.220947265625
L15H25,116,0,0.9786376953125,0.802734375,-0.1759033203125
L15H25,116,1,1.498779296875,1.70751953125,0.208740234375
L15H25,130,0,0.231201171875,0.097900390625,-0.13330078125
L15H25,130,1,0.3425140380859375,0.332061767578125,-0.0104522705078125
L15H25,150,0,0.472900390625,0.62933349609375,0.15643310546875
L15H25,150,1,0.3037109375,0.47607421875,0.17236328125
L15H25,154,0,0.49072265625,0.8193359375,0.32861328125
L15H25,154,1,0.697265625,0.8336181640625,0.1363525390625
L15H25,162,0,1.13671875,1.291015625,0.154296875
L15H25,162,1,0.7265625,0.73193359375,0.00537109375
L15H25,176,0,0.2236328125,0.341796875,0.1181640625
L15H25,176,1,0.451171875,0.55908203125,0.10791015625
L15H25,178,0,0.43538665771484375,0.3408622741699221,-0.09452438354492165
L15H25,178,1,0.623046875,0.779296875,0.15625
L15H25,186,0,1.20428466796875,1.28814697265625,0.0838623046875
L15H25,186,1,1.419189453125,1.771484375,0.352294921875
L15H25,192,0,0.25146484375,0.179931640625,-0.071533203125
L15H25,192,1,1.10540771484375,1.5406494140625,0.43524169921875
L15H25,196,0,0.615234375,0.60546875,-0.009765625
L15H25,196,1,0.83837890625,0.7578125,-0.08056640625
L15H27,0,0,0.002685546875,-0.0413818359375,-0.0440673828125
L15H27,0,1,0.00048828125,0.104248046875,0.103759765625
L15H27,16,0,0.018402099609375,0.156402587890625,0.13800048828125
L15H27,16,1,0.021484375,-0.1494140625,-0.1708984375
L15H27,32,0,0.031402587890625,-0.047454833984375,-0.078857421875
L15H27,32,1,0.013916015625,0.112548828125,0.0986328125
L15H27,48,0,-0.010711669921875,0.22210693359375,0.232818603515625
L15H27,48,1,0.038543701171875,0.01519775390625,-0.023345947265625
L15H27,56,0,0.0054931640625,-0.051055908203125,-0.056549072265625
L15H27,56,1,0.007080078125,-0.097412109375,-0.1044921875
L15H27,64,0,0.009033203125,0.063720703125,0.0546875
L15H27,64,1,-0.0030517578125,0.063720703125,0.0667724609375
L15H27,82,0,-0.01513671875,0.046875,0.06201171875
L15H27,82,1,-0.001708984375,0.003662109375,0.00537109375
L15H27,96,0,0.0371551513671875,-0.1646575927734375,-0.201812744140625
L15H27,96,1,0.052001953125,0.296875,0.244873046875
L15H27,98,0,-0.00628662109375,-0.06207275390625,-0.0557861328125
L15H27,98,1,0.034423828125,-0.092529296875,-0.126953125
L15H27,102,0,0.0092010498046875,0.040069580078125,0.0308685302734375
L15H27,102,1,-0.0185546875,0.1337890625,0.15234375
L15H27,116,0,-0.006591796875,-0.2530517578125,-0.2464599609375
L15H27,116,1,0.04736328125,-0.0400390625,-0.08740234375
L15H27,130,0,-0.016357421875,-0.146240234375,-0.1298828125
L15H27,130,1,-0.015869140625,-0.108367919921875,-0.092498779296875
L15H27,150,0,0.029052734375,0.0679931640625,0.0389404296875
L15H27,150,1,0.001953125,0.04833984375,0.04638671875
L15H27,154,0,0.0244140625,0.17431640625,0.14990234375
L15H27,154,1,-0.0474853515625,-0.065673828125,-0.0181884765625
L15H27,162,0,0.01171875,0.18115234375,0.16943359375
L15H27,162,1,-0.0078125,-0.09228515625,-0.08447265625
L15H27,176,0,-0.001953125,0.10302734375,0.10498046875
L15H27,176,1,0.0087890625,-0.05615234375,-0.06494140625
L15H27,178,0,0.0106658935546875,-0.1662139892578118,-0.1768798828124993
L15H27,178,1,-0.01025390625,-0.07373046875,-0.0634765625
L15H27,186,0,0.043701171875,0.0498046875,0.006103515625
L15H27,186,1,0.067138671875,-0.07958984375,-0.146728515625
L15H27,192,0,-0.0,-0.111083984375,-0.111083984375
L15H27,192,1,0.0606689453125,-0.0599365234375,-0.12060546875
L15H27,196,0,0.01171875,-0.01171875,-0.0234375
L15H27,196,1,-0.0244140625,-0.1767578125,-0.15234375
L15H28,0,0,0.00140380859375,-0.03729248046875,-0.0386962890625
L15H28,0,1,0.0419921875,0.140869140625,0.098876953125
L15H28,16,0,0.010223388671875,0.10552978515625,0.095306396484375
L15H28,16,1,0.05712890625,-0.124267578125,-0.181396484375
L15H28,32,0,-0.04150390625,-0.121826171875,-0.080322265625
L15H28,32,1,0.02099609375,0.06689453125,0.0458984375
L15H28,48,0,-0.046295166015625,0.169952392578125,0.21624755859375
L15H28,48,1,-0.029876708984375,-0.0811195373535156,-0.0512428283691406
L15H28,56,0,0.0006103515625,0.006988525390625,0.006378173828125
L15H28,56,1,-0.01953125,-0.13427734375,-0.11474609375
L15H28,64,0,0.014892578125,0.061279296875,0.04638671875
L15H28,64,1,0.0841064453125,0.1644287109375,0.080322265625
L15H28,82,0,-0.023193359375,-0.015625,0.007568359375
L15H28,82,1,0.13671875,0.1185302734375,-0.0181884765625
L15H28,96,0,-0.0860748291015625,-0.272491455078125,-0.1864166259765625
L15H28,96,1,-0.083740234375,0.20751953125,0.291259765625
L15H28,98,0,0.0216064453125,-0.03204345703125,-0.05364990234375
L15H28,98,1,0.00860595703125,-0.11053466796875,-0.119140625
L15H28,102,0,-0.0186767578125,0.0243682861328125,0.0430450439453125
L15H28,102,1,-0.014892578125,0.13134765625,0.146240234375
L15H28,116,0,-0.0545654296875,-0.303955078125,-0.2493896484375
L15H28,116,1,0.00341796875,-0.1357421875,-0.13916015625
L15H28,130,0,0.010986328125,-0.095947265625,-0.10693359375
L15H28,130,1,0.019561767578125,-0.08880615234375,-0.108367919921875
L15H28,150,0,-0.002685546875,0.060791015625,0.0634765625
L15H28,150,1,0.01416015625,0.06396484375,0.0498046875
L15H28,154,0,0.057861328125,0.229248046875,0.17138671875
L15H28,154,1,0.002197265625,-0.006591796875,-0.0087890625
L15H28,162,0,0.1376953125,0.31591796875,0.17822265625
L15H28,162,1,0.01220703125,-0.04833984375,-0.060546875
L15H28,176,0,0.02001953125,0.107421875,0.08740234375
L15H28,176,1,0.00537109375,-0.0556640625,-0.06103515625
L15H28,178,0,-0.007251739501953125,-0.1289443969726558,-0.12169265747070268
L15H28,178,1,0.04150390625,-0.0576171875,-0.09912109375
L15H28,186,0,0.0494384765625,0.0343017578125,-0.01513671875
L15H28,186,1,0.033203125,-0.07177734375,-0.10498046875
L15H28,192,0,0.036376953125,-0.099365234375,-0.1357421875
L15H28,192,1,0.0421142578125,-0.0423583984375,-0.08447265625
L15H28,196,0,-0.021484375,-0.041015625,-0.01953125
L15H28,196,1,0.0048828125,-0.1396484375,-0.14453125
L15H29,0,0,-0.019287109375,-0.04754638671875,-0.02825927734375
L15H29,0,1,0.011474609375,0.119140625,0.107666015625
L15H29,16,0,0.0308837890625,0.161346435546875,0.130462646484375
L15H29,16,1,0.03857421875,-0.1064453125,-0.14501953125
L15H29,32,0,-0.0035400390625,-0.069244384765625,-0.065704345703125
L15H29,32,1,0.0859375,0.1474609375,0.0615234375
L15H29,48,0,0.025421142578125,0.26373291015625,0.238311767578125
L15H29,48,1,0.0452880859375,0.0258026123046875,-0.0194854736328125
L15H29,56,0,0.00079345703125,-0.02984619140625,-0.0306396484375
L15H29,56,1,0.008056640625,-0.096923828125,-0.10498046875
L15H29,64,0,0.001220703125,0.100341796875,0.09912109375
L15H29,64,1,0.045654296875,0.122314453125,0.07666015625
L15H29,82,0,-0.018310546875,0.05908203125,0.077392578125
L15H29,82,1,-0.048828125,-0.04150390625,0.00732421875
L15H29,96,0,0.000640869140625,-0.1515655517578125,-0.1522064208984375
L15H29,96,1,0.059326171875,0.287109375,0.227783203125
L15H29,98,0,-0.0361328125,-0.0908203125,-0.0546875
L15H29,98,1,-0.018798828125,-0.124267578125,-0.10546875
L15H29,102,0,-0.01073455810546875,0.0439605712890625,0.05469512939453125
L15H29,102,1,0.00390625,0.14697265625,0.14306640625
L15H29,116,0,0.013427734375,-0.251708984375,-0.26513671875
L15H29,116,1,0.0439453125,-0.08203125,-0.1259765625
L15H29,130,0,-0.01123046875,-0.108154296875,-0.096923828125
L15H29,130,1,-0.03607177734375,-0.132598876953125,-0.096527099609375
L15H29,150,0,0.00262451171875,0.0797119140625,0.07708740234375
L15H29,150,1,-0.001953125,0.07177734375,0.07373046875
L15H29,154,0,-0.03857421875,0.10498046875,0.1435546875
L15H29,154,1,-0.030029296875,-0.0684814453125,-0.0384521484375
L15H29,162,0,-0.00146484375,0.13916015625,0.140625
L15H29,162,1,0.01513671875,-0.0595703125,-0.07470703125
L15H29,176,0,-0.014404296875,0.0302734375,0.044677734375
L15H29,176,1,0.00634765625,-0.04443359375,-0.05078125
L15H29,178,0,-0.03387451171875,-0.164802551269531,-0.130928039550781
L15H29,178,1,-0.00439453125,-0.12353515625,-0.119140625
L15H29,186,0,-0.0023193359375,0.0433349609375,0.045654296875
L15H29,186,1,0.0283203125,-0.056884765625,-0.085205078125
L15H29,192,0,0.007080078125,-0.170166015625,-0.17724609375
L15H29,192,1,-0.0157470703125,-0.1461181640625,-0.13037109375
L15H29,196,0,-0.0,-0.0498046875,-0.0498046875
L15H29,196,1,0.0966796875,-0.0693359375,-0.166015625
L16H1,0,0,0.00238037109375,-0.0440673828125,-0.04644775390625
L16H1,0,1,0.765869140625,0.887939453125,0.1220703125
L16H1,16,0,0.424102783203125,0.499755859375,0.075653076171875
L16H1,16,1,0.82275390625,0.64599609375,-0.1767578125
L16H1,32,0,0.11474609375,-0.018913269042968806,-0.1336593627929688
L16H1,32,1,1.002685546875,1.239990234375,0.2373046875
L16H1,48,0,0.5056838989257812,0.7567901611328125,0.25110626220703125
L16H1,48,1,1.3642578125,1.1855888366699219,-0.17866897583007812
L16H1,56,0,0.341461181640625,0.343109130859375,0.00164794921875
L16H1,56,1,0.55908203125,0.508056640625,-0.051025390625
L16H1,64,0,0.56982421875,0.60986328125,0.0400390625
L16H1,64,1,1.056640625,1.1317138671875,0.0750732421875
L16H1,82,0,0.512451171875,0.598876953125,0.08642578125
L16H1,82,1,0.4945068359375,0.5,0.0054931640625
L16H1,96,0,0.3946380615234375,0.1880035400390625,-0.206634521484375
L16H1,96,1,2.48291015625,2.89306640625,0.41015625
L16H1,98,0,0.50787353515625,0.417327880859375,-0.090545654296875
L16H1,98,1,2.2545166015625,2.206787109375,-0.0477294921875
L16H1,102,0,0.3516845703125,0.4112777709960937,0.059593200683593694
L16H1,102,1,0.80322265625,0.886962890625,0.083740234375
L16H1,116,0,0.6087646484375,0.4063720703125,-0.202392578125
L16H1,116,1,2.17333984375,2.098388671875,-0.074951171875
L16H1,130,0,0.201416015625,0.078369140625,-0.123046875
L16H1,130,1,0.7788238525390625,0.6618881225585938,-0.11693572998046875
L16H1,150,0,0.78070068359375,0.8212890625,0.04058837890625
L16H1,150,1,0.65283203125,0.705078125,0.05224609375
L16H1,154,0,0.3017578125,0.471923828125,0.170166015625
L16H1,154,1,1.25048828125,1.2347412109375,-0.0157470703125
L16H1,162,0,1.2138671875,1.29638671875,0.08251953125
L16H1,162,1,1.38330078125,1.46044921875,0.0771484375
L16H1,176,0,0.103515625,0.19775390625,0.09423828125
L16H1,176,1,0.5888671875,0.521484375,-0.0673828125
L16H1,178,0,0.31871795654296875,0.1614799499511721,-0.15723800659179665
L16H1,178,1,1.4609375,1.53369140625,0.07275390625
L16H1,186,0,0.9737548828125,0.9984130859375,0.024658203125
L16H1,186,1,2.634033203125,2.489501953125,-0.14453125
L16H1,192,0,0.24365234375,0.08544921875,-0.158203125
L16H1,192,1,2.3438720703125,2.17333984375,-0.1705322265625
L16H1,196,0,0.4189453125,0.392578125,-0.0263671875
L16H1,196,1,1.3262939453125,1.224822998046875,-0.101470947265625
L16H2,0,0,0.01055908203125,-0.013427734375,-0.02398681640625
L16H2,0,1,-0.00634765625,0.082275390625,0.088623046875
L16H2,16,0,0.05706787109375,0.12921142578125,0.0721435546875
L16H2,16,1,0.025146484375,-0.189208984375,-0.21435546875
L16H2,32,0,-0.000701904296875,-0.061614990234375,-0.0609130859375
L16H2,32,1,0.00830078125,0.072265625,0.06396484375
L16H2,48,0,0.007293701171875,0.205291748046875,0.197998046875
L16H2,48,1,0.007904052734375,-0.005950927734375,-0.01385498046875
L16H2,56,0,0.0103759765625,0.011932373046875,0.001556396484375
L16H2,56,1,0.01220703125,-0.096435546875,-0.108642578125
L16H2,64,0,0.0029296875,0.095703125,0.0927734375
L16H2,64,1,-0.011474609375,0.05029296875,0.061767578125
L16H2,82,0,-0.0009765625,0.04443359375,0.04541015625
L16H2,82,1,-0.019287109375,-0.029296875,-0.010009765625
L16H2,96,0,0.00787353515625,-0.1490631103515625,-0.1569366455078125
L16H2,96,1,0.008544921875,0.226806640625,0.21826171875
L16H2,98,0,0.02178955078125,-0.0501708984375,-0.07196044921875
L16H2,98,1,0.0255126953125,-0.072021484375,-0.0975341796875
L16H2,102,0,-0.0059814453125,0.0605316162109375,0.0665130615234375
L16H2,102,1,0.015625,0.153076171875,0.137451171875
L16H2,116,0,0.0509033203125,-0.1904296875,-0.2413330078125
L16H2,116,1,0.01806640625,-0.06982421875,-0.087890625
L16H2,130,0,-0.0,-0.091064453125,-0.091064453125
L16H2,130,1,0.005462646484375,-0.076141357421875,-0.08160400390625
L16H2,150,0,0.01220703125,0.07171630859375,0.05950927734375
L16H2,150,1,-0.01611328125,0.02587890625,0.0419921875
L16H2,154,0,0.067138671875,0.1708984375,0.103759765625
L16H2,154,1,0.05419921875,0.074951171875,0.020751953125
L16H2,162,0,0.01171875,0.11572265625,0.10400390625
L16H2,162,1,-0.0244140625,-0.07568359375,-0.05126953125
L16H2,176,0,0.00439453125,0.069091796875,0.064697265625
L16H2,176,1,0.0283203125,-0.08203125,-0.1103515625
L16H2,178,0,0.04192352294921875,-0.1190261840820305,-0.16094970703124925
L16H2,178,1,0.04052734375,-0.0087890625,-0.04931640625
L16H2,186,0,-0.0360107421875,-0.054443359375,-0.0184326171875
L16H2,186,1,-0.032958984375,-0.13671875,-0.103759765625
L16H2,192,0,0.01025390625,-0.12890625,-0.13916015625
L16H2,192,1,-0.0252685546875,-0.117919921875,-0.0926513671875
L16H2,196,0,0.0078125,-0.0283203125,-0.0361328125
L16H2,196,1,-0.0185546875,-0.0595703125,-0.041015625
L16H4,0,0,-0.01605224609375,-0.02001953125,-0.00396728515625
L16H4,0,1,-0.00146484375,0.093994140625,0.095458984375
L16H4,16,0,0.028228759765625,0.112274169921875,0.08404541015625
L16H4,16,1,0.06298828125,-0.109375,-0.17236328125
L16H4,32,0,0.02667236328125,0.02978515625,0.00311279296875
L16H4,32,1,0.06494140625,0.15576171875,0.0908203125
L16H4,48,0,0.033935546875,0.223358154296875,0.189422607421875
L16H4,48,1,0.02569580078125,0.0314788818359375,0.0057830810546875
L16H4,56,0,-0.001953125,-0.012939453125,-0.010986328125
L16H4,56,1,-0.025634765625,-0.135986328125,-0.1103515625
L16H4,64,0,0.0263671875,0.12939453125,0.10302734375
L16H4,64,1,0.0712890625,0.14404296875,0.07275390625
L16H4,82,0,0.00048828125,0.0693359375,0.06884765625
L16H4,82,1,0.0111083984375,-0.0128173828125,-0.02392578125
L16H4,96,0,0.0223846435546875,-0.0978240966796875,-0.120208740234375
L16H4,96,1,0.0771484375,0.295166015625,0.218017578125
L16H4,98,0,-0.0460205078125,-0.114501953125,-0.0684814453125
L16H4,98,1,0.005859375,-0.0948486328125,-0.1007080078125
L16H4,102,0,0.006134033203125,0.0379180908203125,0.0317840576171875
L16H4,102,1,-0.05810546875,0.070068359375,0.128173828125
L16H4,116,0,0.015625,-0.240966796875,-0.256591796875
L16H4,116,1,0.10986328125,0.0244140625,-0.08544921875
L16H4,130,0,-0.015869140625,-0.14697265625,-0.131103515625
L16H4,130,1,-0.005523681640625,-0.08984375,-0.084320068359375
L16H4,150,0,0.06597900390625,0.1282958984375,0.06231689453125
L16H4,150,1,-0.00634765625,0.0078125,0.01416015625
L16H4,154,0,0.0029296875,0.111328125,0.1083984375
L16H4,154,1,-0.0386962890625,-0.0072021484375,0.031494140625
L16H4,162,0,-0.00927734375,0.0947265625,0.10400390625
L16H4,162,1,-0.04248046875,-0.068359375,-0.02587890625
L16H4,176,0,-0.020751953125,0.093017578125,0.11376953125
L16H4,176,1,-0.0419921875,-0.14111328125,-0.09912109375
L16H4,178,0,0.0299224853515625,-0.1498107910156246,-0.1797332763671871
L16H4,178,1,0.078125,0.0048828125,-0.0732421875
L16H4,186,0,0.0281982421875,0.009765625,-0.0184326171875
L16H4,186,1,0.091552734375,-0.02734375,-0.118896484375
L16H4,192,0,-0.001220703125,-0.106689453125,-0.10546875
L16H4,192,1,0.03173828125,-0.09521484375,-0.126953125
L16H4,196,0,0.01953125,-0.001953125,-0.021484375
L16H4,196,1,0.0322265625,-0.0244140625,-0.056640625
L16H16,0,0,-0.018310546875,-0.06109619140625,-0.04278564453125
L16H16,0,1,0.023193359375,0.133544921875,0.1103515625
L16H16,16,0,-0.002777099609375,0.020721435546875,0.02349853515625
L16H16,16,1,-0.014892578125,-0.20849609375,-0.193603515625
L16H16,32,0,-0.026702880859375,-0.128265380859375,-0.1015625
L16H16,32,1,0.079345703125,0.154296875,0.074951171875
L16H16,48,0,-0.00054931640625,0.238311767578125,0.238861083984375
L16H16,48,1,0.0423583984375,0.03875732421875,-0.00360107421875
L16H16,56,0,0.0010986328125,0.035980224609375,0.034881591796875
L16H16,56,1,0.0341796875,-0.04541015625,-0.07958984375
L16H16,64,0,0.023681640625,0.087158203125,0.0634765625
L16H16,64,1,0.06884765625,0.1190185546875,0.0501708984375
L16H16,82,0,-0.021240234375,0.056640625,0.077880859375
L16H16,82,1,0.0087890625,-0.0185546875,-0.02734375
L16H16,96,0,-0.038818359375,-0.2364654541015625,-0.1976470947265625
L16H16,96,1,0.109375,0.351318359375,0.241943359375
L16H16,98,0,0.013916015625,-0.09814453125,-0.112060546875
L16H16,98,1,0.0045166015625,-0.0823974609375,-0.0869140625
L16H16,102,0,0.019805908203125,0.0702056884765625,0.0503997802734375
L16H16,102,1,0.016845703125,0.11767578125,0.100830078125
L16H16,116,0,-0.01708984375,-0.2613525390625,-0.2442626953125
L16H16,116,1,0.0234375,-0.06201171875,-0.08544921875
L16H16,130,0,0.005859375,-0.096923828125,-0.102783203125
L16H16,130,1,0.014404296875,-0.054168701171875,-0.068572998046875
L16H16,150,0,0.0185546875,0.08343505859375,0.06488037109375
L16H16,150,1,0.025390625,0.05126953125,0.02587890625
L16H16,154,0,0.0048828125,0.10498046875,0.10009765625
L16H16,154,1,-0.0408935546875,-0.0072021484375,0.03369140625
L16H16,162,0,-0.01953125,0.0849609375,0.1044921875
L16H16,162,1,0.076171875,-0.02978515625,-0.10595703125
L16H16,176,0,-0.013427734375,0.06201171875,0.075439453125
L16H16,176,1,0.0361328125,-0.06103515625,-0.09716796875
L16H16,178,0,-0.0117645263671875,-0.17261505126953075,-0.16085052490234325
L16H16,178,1,0.1083984375,0.056640625,-0.0517578125
L16H16,186,0,-0.002685546875,-0.0020751953125,0.0006103515625
L16H16,186,1,0.109619140625,0.0078125,-0.101806640625
L16H16,192,0,-0.005126953125,-0.161376953125,-0.15625
L16H16,192,1,0.0953369140625,-0.0018310546875,-0.09716796875
L16H16,196,0,0.0107421875,-0.0126953125,-0.0234375
L16H16,196,1,0.0263671875,-0.0185546875,-0.044921875
L16H21,0,0,0.1729736328125,0.13787841796875,-0.03509521484375
L16H21,0,1,0.2392578125,0.3232421875,0.083984375
L16H21,16,0,0.958160400390625,1.04071044921875,0.082550048828125
L16H21,16,1,0.38525390625,0.16552734375,-0.2197265625
L16H21,32,0,0.925506591796875,0.821014404296875,-0.1044921875
L16H21,32,1,0.811767578125,0.86328125,0.051513671875
L16H21,48,0,0.9604568481445312,1.1266555786132812,0.16619873046875
L16H21,48,1,-0.1632843017578125,-0.220062255859375,-0.0567779541015625
L16H21,56,0,1.4093017578125,1.409454345703125,0.000152587890625
L16H21,56,1,0.4306640625,0.313232421875,-0.117431640625
L16H21,64,0,0.346435546875,0.40478515625,0.058349609375
L16H21,64,1,-0.32861328125,-0.257080078125,0.071533203125
L16H21,82,0,1.677978515625,1.656982421875,-0.02099609375
L16H21,82,1,0.0472412109375,-0.00537109375,-0.0526123046875
L16H21,96,0,1.3369598388671875,1.149658203125,-0.1873016357421875
L16H21,96,1,1.19970703125,1.357666015625,0.157958984375
L16H21,98,0,0.860870361328125,0.7340316772460938,-0.12683868408203125
L16H21,98,1,1.0079345703125,0.9154052734375,-0.092529296875
L16H21,102,0,0.9211883544921875,0.9457550048828126,0.02456665039062511
L16H21,102,1,1.246337890625,1.383056640625,0.13671875
L16H21,116,0,1.6484375,1.3001708984375,-0.3482666015625
L16H21,116,1,2.156005859375,1.94482421875,-0.211181640625
L16H21,130,0,0.3515625,0.239990234375,-0.111572265625
L16H21,130,1,0.48154449462890625,0.4309310913085937,-0.050613403320312556
L16H21,150,0,0.43634033203125,0.47137451171875,0.0350341796875
L16H21,150,1,0.18603515625,0.19189453125,0.005859375
L16H21,154,0,1.288818359375,1.314453125,0.025634765625
L16H21,154,1,1.21142578125,1.2178955078125,0.0064697265625
L16H21,162,0,1.5537109375,1.625,0.0712890625
L16H21,162,1,0.65673828125,0.54345703125,-0.11328125
L16H21,176,0,0.9833984375,0.9990234375,0.015625
L16H21,176,1,0.662353515625,0.4990234375,-0.163330078125
L16H21,178,0,2.8441390991210938,2.651248931884766,-0.19289016723632768
L16H21,178,1,0.830078125,0.75634765625,-0.07373046875
L16H21,186,0,2.72088623046875,2.57269287109375,-0.148193359375
L16H21,186,1,0.54931640625,0.41845703125,-0.130859375
L16H21,192,0,1.003662109375,0.84326171875,-0.160400390625
L16H21,192,1,1.540283203125,1.359588623046875,-0.180694580078125
L16H21,196,0,0.595703125,0.5615234375,-0.0341796875
L16H21,196,1,-0.0205078125,-0.083984375,-0.0634765625
L16H24,0,0,0.0679931640625,0.01788330078125,-0.05010986328125
L16H24,0,1,-0.0693359375,0.031005859375,0.100341796875
L16H24,16,0,-0.078033447265625,-0.012054443359375,0.06597900390625
L16H24,16,1,-0.35205078125,-0.5458984375,-0.19384765625
L16H24,32,0,0.04034423828125,-0.04937744140625,-0.0897216796875
L16H24,32,1,0.080078125,0.142822265625,0.062744140625
L16H24,48,0,0.169952392578125,0.362945556640625,0.1929931640625
L16H24,48,1,-0.1408538818359375,-0.1830978393554687,-0.042243957519531194
L16H24,56,0,0.031494140625,0.01861572265625,-0.01287841796875
L16H24,56,1,-0.04345703125,-0.14892578125,-0.10546875
L16H24,64,0,-0.04638671875,0.036865234375,0.083251953125
L16H24,64,1,-0.3302001953125,-0.2613525390625,0.06884765625
L16H24,82,0,-0.067626953125,-0.028076171875,0.03955078125
L16H24,82,1,0.1231689453125,0.10260009765625,-0.02056884765625
L16H24,96,0,0.127410888671875,-0.064117431640625,-0.1915283203125
L16H24,96,1,-0.44970703125,-0.252197265625,0.197509765625
L16H24,98,0,-0.007568359375,-0.0858154296875,-0.0782470703125
L16H24,98,1,0.108154296875,0.02099609375,-0.087158203125
L16H24,102,0,-0.0979461669921875,-0.0370635986328125,0.060882568359375
L16H24,102,1,-0.05419921875,0.09619140625,0.150390625
L16H24,116,0,0.01904296875,-0.1973876953125,-0.2164306640625
L16H24,116,1,-0.052734375,-0.126953125,-0.07421875
L16H24,130,0,-0.035888671875,-0.15283203125,-0.116943359375
L16H24,130,1,-0.122406005859375,-0.18255615234375,-0.060150146484375
L16H24,150,0,-0.15277099609375,-0.07666015625,0.07611083984375
L16H24,150,1,-0.0712890625,-0.078125,-0.0068359375
L16H24,154,0,0.15576171875,0.303466796875,0.147705078125
L16H24,154,1,-0.14202880859375,-0.137451171875,0.00457763671875
L16H24,162,0,-0.1953125,-0.10205078125,0.09326171875
L16H24,162,1,-0.2705078125,-0.3203125,-0.0498046875
L16H24,176,0,0.038818359375,0.123291015625,0.08447265625
L16H24,176,1,-0.0537109375,-0.20654296875,-0.15283203125
L16H24,178,0,0.006801605224609375,-0.1349792480468747,-0.14178085327148407
L16H24,178,1,-0.28662109375,-0.36865234375,-0.08203125
L16H24,186,0,0.1217041015625,0.071044921875,-0.0506591796875
L16H24,186,1,-0.509765625,-0.6416015625,-0.1318359375
L16H24,192,0,0.046875,-0.044189453125,-0.091064453125
L16H24,192,1,-0.1591796875,-0.2987060546875,-0.1395263671875
L16H24,196,0,-0.0205078125,-0.05078125,-0.0302734375
L16H24,196,1,-0.203125,-0.2822265625,-0.0791015625
L16H31,0,0,-0.0172119140625,-0.03741455078125,-0.02020263671875
L16H31,0,1,-0.199462890625,-0.101318359375,0.09814453125
L16H31,16,0,-0.0548095703125,0.01617431640625,0.07098388671875
L16H31,16,1,-0.36962890625,-0.5556640625,-0.18603515625
L16H31,32,0,-0.017669677734375,-0.0985107421875,-0.080841064453125
L16H31,32,1,-0.25146484375,-0.1875,0.06396484375
L16H31,48,0,-0.05267333984375,0.17364501953125,0.226318359375
L16H31,48,1,-0.52056884765625,-0.5283203125,-0.00775146484375
L16H31,56,0,-0.028472900390625,-0.0262451171875,0.002227783203125
L16H31,56,1,-0.110107421875,-0.213623046875,-0.103515625
L16H31,64,0,-0.031982421875,0.033935546875,0.06591796875
L16H31,64,1,-0.2274169921875,-0.1875,0.0399169921875
L16H31,82,0,-0.00537109375,0.069580078125,0.074951171875
L16H31,82,1,-0.169921875,-0.2021484375,-0.0322265625
L16H31,96,0,-0.07758331298828125,-0.2621917724609375,-0.18460845947265625
L16H31,96,1,-0.70166015625,-0.465576171875,0.236083984375
L16H31,98,0,0.02691650390625,-0.06915283203125,-0.0960693359375
L16H31,98,1,-0.208984375,-0.274658203125,-0.065673828125
L16H31,102,0,-0.0250396728515625,0.02911376953125,0.0541534423828125
L16H31,102,1,-0.136474609375,-0.02294921875,0.113525390625
L16H31,116,0,-0.039306640625,-0.25341796875,-0.214111328125
L16H31,116,1,-0.4873046875,-0.583984375,-0.0966796875
L16H31,130,0,-0.00244140625,-0.124267578125,-0.121826171875
L16H31,130,1,-0.073577880859375,-0.12054443359375,-0.046966552734375
L16H31,150,0,-0.01861572265625,0.05841064453125,0.0770263671875
L16H31,150,1,-0.1474609375,-0.1025390625,0.044921875
L16H31,154,0,-0.023193359375,0.116455078125,0.1396484375
L16H31,154,1,-0.2529296875,-0.22314453125,0.02978515625
L16H31,162,0,-0.04248046875,0.05126953125,0.09375
L16H31,162,1,-0.4248046875,-0.51025390625,-0.08544921875
L16H31,176,0,0.013427734375,0.04541015625,0.031982421875
L16H31,176,1,-0.19873046875,-0.2607421875,-0.06201171875
L16H31,178,0,-0.015033721923828125,-0.15965652465820246,-0.14462280273437433
L16H31,178,1,-0.3955078125,-0.46484375,-0.0693359375
L16H31,186,0,-0.0333251953125,-0.0587158203125,-0.025390625
L16H31,186,1,-0.691650390625,-0.805419921875,-0.11376953125
L16H31,192,0,-0.021240234375,-0.197998046875,-0.1767578125
L16H31,192,1,-0.5694580078125,-0.6246337890625,-0.05517578125
L16H31,196,0,-0.1162109375,-0.166015625,-0.0498046875
L16H31,196,1,-0.337890625,-0.431640625,-0.09375
L17H1,0,0,4.7550048828125,3.943603515625,-0.8114013671875
L17H1,0,1,1.8046875,1.48388671875,-0.32080078125
L17H1,16,0,7.035675048828125,9.332984924316406,2.2973098754882812
L17H1,16,1,4.495361328125,4.70654296875,0.211181640625
L17H1,32,0,10.184844970703125,9.251754760742188,-0.9330902099609375
L17H1,32,1,3.59930419921875,2.493408203125,-1.10589599609375
L17H1,48,0,7.7528076171875,9.051376342773438,1.2985687255859375
L17H1,48,1,0.7393798828125,0.7429275512695312,0.00354766845703125
L17H1,56,0,7.117279052734375,4.6648406982421875,-2.4524383544921875
L17H1,56,1,4.000732421875,3.14453125,-0.856201171875
L17H1,64,0,6.69287109375,4.15966796875,-2.533203125
L17H1,64,1,2.13232421875,2.451171875,0.31884765625
L17H1,82,0,7.43994140625,7.24365234375,-0.1962890625
L17H1,82,1,-1.05224609375,-0.87298583984375,0.17926025390625
L17H1,96,0,11.431625366210938,13.614097595214844,2.1824722290039062
L17H1,96,1,7.0810546875,9.567626953125,2.486572265625
L17H1,98,0,4.5504150390625,6.057232141494751,1.506817102432251
L17H1,98,1,4.7476806640625,5.62139892578125,0.87371826171875
L17H1,102,0,9.623458862304688,6.770090103149413,-2.8533687591552743
L17H1,102,1,5.5167236328125,5.596343994140625,0.079620361328125
L17H1,116,0,9.98779296875,10.5003662109375,0.5125732421875
L17H1,116,1,4.2879638671875,5.277099609375,0.9891357421875
L17H1,130,0,5.810302734375,4.46435546875,-1.345947265625
L17H1,130,1,1.417938232421875,0.47412109375,-0.943817138671875
L17H1,150,0,6.11492919921875,5.714141845703125,-0.400787353515625
L17H1,150,1,1.359375,1.42529296875,0.06591796875
L17H1,154,0,8.5556640625,7.201416015625,-1.354248046875
L17H1,154,1,1.132080078125,1.15362548828125,0.02154541015625
L17H1,162,0,7.56787109375,7.705078125,0.13720703125
L17H1,162,1,5.88916015625,6.1875,0.29833984375
L17H1,176,0,8.98681640625,8.72216796875,-0.2646484375
L17H1,176,1,4.9052276611328125,5.66943359375,0.7642059326171875
L17H1,178,0,10.261985778808594,9.176501750946045,-1.0854840278625488
L17H1,178,1,3.7684326171875,3.78466796875,0.0162353515625
L17H1,186,0,10.6468505859375,12.2408447265625,1.593994140625
L17H1,186,1,3.79638671875,3.9920654296875,0.1956787109375
L17H1,192,0,9.584716796875,8.206298828125,-1.37841796875
L17H1,192,1,3.25762939453125,3.41448974609375,0.1568603515625
L17H1,196,0,9.1513671875,6.970703125,-2.1806640625
L17H1,196,1,3.5439453125,2.98828125,-0.5556640625
L17H3,0,0,0.1026611328125,0.08282470703125,-0.01983642578125
L17H3,0,1,-0.4970703125,-0.367431640625,0.129638671875
L17H3,16,0,-0.444915771484375,-0.3642578125,0.080657958984375
L17H3,16,1,-0.60009765625,-0.683837890625,-0.083740234375
L17H3,32,0,0.016204833984375,0.010040283203125,-0.00616455078125
L17H3,32,1,-0.096923828125,0.02294921875,0.119873046875
L17H3,48,0,-0.60943603515625,-0.448577880859375,0.160858154296875
L17H3,48,1,-1.144287109375,-1.0578689575195312,0.08641815185546875
L17H3,56,0,0.035430908203125,0.079376220703125,0.0439453125
L17H3,56,1,0.025634765625,-0.043212890625,-0.06884765625
L17H3,64,0,-0.233642578125,-0.246337890625,-0.0126953125
L17H3,64,1,-0.1839599609375,-0.093505859375,0.0904541015625
L17H3,82,0,-0.56201171875,-0.480224609375,0.081787109375
L17H3,82,1,-0.158203125,-0.1068115234375,0.0513916015625
L17H3,96,0,-0.7060699462890625,-0.8734893798828125,-0.16741943359375
L17H3,96,1,-1.632080078125,-1.445556640625,0.1865234375
L17H3,98,0,-0.475341796875,-0.453857421875,0.021484375
L17H3,98,1,-0.9786376953125,-1.0184326171875,-0.039794921875
L17H3,102,0,-0.4758453369140625,-0.430145263671875,0.0457000732421875
L17H3,102,1,-1.16650390625,-1.03125,0.13525390625
L17H3,116,0,-0.42510986328125,-0.62908935546875,-0.2039794921875
L17H3,116,1,-1.234375,-1.22900390625,0.00537109375
L17H3,130,0,-0.132568359375,-0.20703125,-0.074462890625
L17H3,130,1,-0.122100830078125,-0.14892578125,-0.026824951171875
L17H3,150,0,-0.16302490234375,-0.10400390625,0.05902099609375
L17H3,150,1,-0.376953125,-0.32080078125,0.05615234375
L17H3,154,0,-0.546875,-0.42578125,0.12109375
L17H3,154,1,-1.1856689453125,-1.064697265625,0.1209716796875
L17H3,162,0,-0.970703125,-0.81982421875,0.15087890625
L17H3,162,1,-0.43115234375,-0.34130859375,0.08984375
L17H3,176,0,-0.18017578125,-0.102783203125,0.077392578125
L17H3,176,1,-0.517578125,-0.53515625,-0.017578125
L17H3,178,0,-0.32892608642578125,-0.4747543334960931,-0.14582824707031183
L17H3,178,1,-0.7099609375,-0.705078125,0.0048828125
L17H3,186,0,-0.6234130859375,-0.52685546875,0.0965576171875
L17H3,186,1,-0.86474609375,-0.84375,0.02099609375
L17H3,192,0,-0.0556640625,-0.153076171875,-0.097412109375
L17H3,192,1,-1.3392333984375,-1.2818603515625,0.057373046875
L17H3,196,0,-0.5185546875,-0.4794921875,0.0390625
L17H3,196,1,-0.48046875,-0.4951171875,-0.0146484375
L17H5,0,0,0.01947021484375,-0.0015869140625,-0.02105712890625
L17H5,0,1,-0.0302734375,0.050537109375,0.080810546875
L17H5,16,0,0.0674591064453125,0.1648101806640625,0.09735107421875
L17H5,16,1,-0.08544921875,-0.165283203125,-0.079833984375
L17H5,32,0,0.11041259765625,0.1195068359375,0.00909423828125
L17H5,32,1,-0.193359375,-0.09423828125,0.09912109375
L17H5,48,0,0.028564453125,0.1859130859375,0.1573486328125
L17H5,48,1,-0.267852783203125,-0.2375106811523437,0.030342102050781306
L17H5,56,0,0.013519287109375,0.019805908203125,0.00628662109375
L17H5,56,1,0.02880859375,-0.071533203125,-0.100341796875
L17H5,64,0,0.07373046875,0.096435546875,0.022705078125
L17H5,64,1,-0.0650634765625,0.0208740234375,0.0859375
L17H5,82,0,0.196533203125,0.2431640625,0.046630859375
L17H5,82,1,-0.054931640625,-0.068115234375,-0.01318359375
L17H5,96,0,0.027374267578125,-0.110992431640625,-0.13836669921875
L17H5,96,1,-0.071044921875,0.085205078125,0.15625
L17H5,98,0,0.12725830078125,0.082611083984375,-0.044647216796875
L17H5,98,1,-0.0330810546875,-0.1669921875,-0.1339111328125
L17H5,102,0,0.16409683227539062,0.2315149307250976,0.06741809844970698
L17H5,102,1,0.035400390625,0.125244140625,0.08984375
L17H5,116,0,0.017822265625,-0.2109375,-0.228759765625
L17H5,116,1,-0.21435546875,-0.26953125,-0.05517578125
L17H5,130,0,0.02734375,-0.022216796875,-0.049560546875
L17H5,130,1,-0.017669677734375,-0.02911376953125,-0.011444091796875
L17H5,150,0,-0.0206298828125,0.02685546875,0.0474853515625
L17H5,150,1,-0.09033203125,-0.05615234375,0.0341796875
L17H5,154,0,-0.010498046875,0.062744140625,0.0732421875
L17H5,154,1,0.0247802734375,0.019287109375,-0.0054931640625
L17H5,162,0,0.0556640625,0.18017578125,0.12451171875
L17H5,162,1,0.0048828125,0.0029296875,-0.001953125
L17H5,176,0,0.13037109375,0.168701171875,0.038330078125
L17H5,176,1,-0.10107421875,-0.197265625,-0.09619140625
L17H5,178,0,0.15836334228515625,0.004150390625000399,-0.15421295166015586
L17H5,178,1,-0.12841796875,-0.16748046875,-0.0390625
L17H5,186,0,0.0938720703125,0.1636962890625,0.06982421875
L17H5,186,1,-0.137939453125,-0.18359375,-0.045654296875
L17H5,192,0,0.02587890625,-0.0341796875,-0.06005859375
L17H5,192,1,-0.1646728515625,-0.2869873046875,-0.122314453125
L17H5,196,0,0.0166015625,0.046875,0.0302734375
L17H5,196,1,-0.0634765625,-0.169921875,-0.1064453125
L17H17,0,0,0.1751708984375,0.21942138671875,0.04425048828125
L17H17,0,1,0.61328125,0.7275390625,0.1142578125
L17H17,16,0,0.084564208984375,0.19317626953125,0.108612060546875
L17H17,16,1,0.441162109375,0.364013671875,-0.0771484375
L17H17,32,0,0.0133209228515625,-0.0576019287109375,-0.0709228515625
L17H17,32,1,0.391357421875,0.471923828125,0.08056640625
L17H17,48,0,0.45294189453125,0.6436309814453125,0.1906890869140625
L17H17,48,1,0.77587890625,0.85772705078125,0.08184814453125
L17H17,56,0,0.331329345703125,0.35113525390625,0.019805908203125
L17H17,56,1,0.35546875,0.27880859375,-0.07666015625
L17H17,64,0,0.33447265625,0.34423828125,0.009765625
L17H17,64,1,0.241943359375,0.328857421875,0.0869140625
L17H17,82,0,0.60888671875,0.6865234375,0.07763671875
L17H17,82,1,0.393768310546875,0.3621978759765625,-0.0315704345703125
L17H17,96,0,0.1662445068359375,-0.0290374755859375,-0.195281982421875
L17H17,96,1,1.191650390625,1.348388671875,0.15673828125
L17H17,98,0,-0.08905029296875,-0.12786865234375,-0.038818359375
L17H17,98,1,0.974365234375,0.9189453125,-0.055419921875
L17H17,102,0,-0.1565093994140625,-0.088958740234375,0.0675506591796875
L17H17,102,1,0.606689453125,0.718017578125,0.111328125
L17H17,116,0,0.412109375,0.189697265625,-0.222412109375
L17H17,116,1,2.04248046875,2.0205078125,-0.02197265625
L17H17,130,0,0.26171875,0.20556640625,-0.05615234375
L17H17,130,1,0.109222412109375,0.084625244140625,-0.02459716796875
L17H17,150,0,0.14703369140625,0.21807861328125,0.071044921875
L17H17,150,1,0.3935546875,0.45703125,0.0634765625
L17H17,154,0,0.39794921875,0.482666015625,0.084716796875
L17H17,154,1,1.073974609375,1.1378173828125,0.0638427734375
L17H17,162,0,0.736328125,0.9462890625,0.2099609375
L17H17,162,1,0.478515625,0.50537109375,0.02685546875
L17H17,176,0,0.0771484375,0.146728515625,0.069580078125
L17H17,176,1,0.2421875,0.17724609375,-0.06494140625
L17H17,178,0,0.5226669311523438,0.4030265808105473,-0.11964035034179643
L17H17,178,1,0.94189453125,0.86279296875,-0.0791015625
L17H17,186,0,1.173583984375,1.25128173828125,0.07769775390625
L17H17,186,1,1.272705078125,1.281494140625,0.0087890625
L17H17,192,0,0.13818359375,0.05859375,-0.07958984375
L17H17,192,1,1.3459510803222656,1.3270797729492188,-0.018871307373046875
L17H17,196,0,0.068359375,0.078125,0.009765625
L17H17,196,1,0.533203125,0.474609375,-0.05859375
L17H24,0,0,-0.0357666015625,-0.04876708984375,-0.01300048828125
L17H24,0,1,0.5791015625,0.635498046875,0.056396484375
L17H24,16,0,-0.07452392578125,-0.051727294921875,0.022796630859375
L17H24,16,1,0.77685546875,0.69140625,-0.08544921875
L17H24,32,0,0.116607666015625,0.055145263671875,-0.06146240234375
L17H24,32,1,0.602783203125,0.682861328125,0.080078125
L17H24,48,0,-0.018310546875,0.178802490234375,0.197113037109375
L17H24,48,1,0.5751953125,0.586181640625,0.010986328125
L17H24,56,0,-0.124481201171875,-0.10296630859375,0.021514892578125
L17H24,56,1,0.392333984375,0.29150390625,-0.100830078125
L17H24,64,0,0.00830078125,0.011962890625,0.003662109375
L17H24,64,1,0.5811767578125,0.6497802734375,0.068603515625
L17H24,82,0,0.12060546875,0.184814453125,0.064208984375
L17H24,82,1,0.686767578125,0.68255615234375,-0.00421142578125
L17H24,96,0,0.1677398681640625,-0.0341033935546875,-0.20184326171875
L17H24,96,1,1.560546875,1.73583984375,0.17529296875
L17H24,98,0,-0.0469970703125,-0.08905029296875,-0.04205322265625
L17H24,98,1,2.3482666015625,2.2264404296875,-0.121826171875
L17H24,102,0,0.0335540771484375,0.120452880859375,0.0868988037109375
L17H24,102,1,1.10888671875,1.19384765625,0.0849609375
L17H24,116,0,0.0228271484375,-0.1932373046875,-0.216064453125
L17H24,116,1,0.96484375,0.91943359375,-0.04541015625
L17H24,130,0,0.120361328125,0.030517578125,-0.08984375
L17H24,130,1,0.6927299499511719,0.631500244140625,-0.061229705810546875
L17H24,150,0,-0.0240478515625,0.02783203125,0.0518798828125
L17H24,150,1,0.4755859375,0.52685546875,0.05126953125
L17H24,154,0,0.098876953125,0.15478515625,0.055908203125
L17H24,154,1,1.34228515625,1.36962890625,0.02734375
L17H24,162,0,0.01025390625,0.12841796875,0.1181640625
L17H24,162,1,1.09912109375,1.1318359375,0.03271484375
L17H24,176,0,0.0576171875,0.125732421875,0.068115234375
L17H24,176,1,1.01171875,0.9404296875,-0.0712890625
L17H24,178,0,-0.09226226806640625,-0.2618904113769524,-0.16962814331054615
L17H24,178,1,1.03759765625,0.9970703125,-0.04052734375
L17H24,186,0,-0.00537109375,0.0787353515625,0.0841064453125
L17H24,186,1,1.07275390625,1.031494140625,-0.041259765625
L17H24,192,0,-0.068115234375,-0.203125,-0.135009765625
L17H24,192,1,1.17767333984375,1.08349609375,-0.09417724609375
L17H24,196,0,-0.0078125,-0.009765625,-0.001953125
L17H24,196,1,1.513671875,1.4228515625,-0.0908203125
L18H5,0,0,-0.00128173828125,0.04901123046875,0.05029296875
L18H5,0,1,0.010498046875,0.0791015625,0.068603515625
L18H5,16,0,0.0196533203125,0.083709716796875,0.064056396484375
L18H5,16,1,-0.0185546875,-0.093505859375,-0.074951171875
L18H5,32,0,0.013946533203125,0.058746337890625,0.0447998046875
L18H5,32,1,0.008056640625,0.11767578125,0.109619140625
L18H5,48,0,0.0111083984375,0.17230224609375,0.16119384765625
L18H5,48,1,0.0020751953125,0.0271759033203125,0.0251007080078125
L18H5,56,0,-0.0203857421875,0.0037841796875,0.024169921875
L18H5,56,1,-0.02392578125,-0.0595703125,-0.03564453125
L18H5,64,0,0.015625,-0.0263671875,-0.0419921875
L18H5,64,1,0.0028076171875,0.0574951171875,0.0546875
L18H5,82,0,0.002685546875,0.076904296875,0.07421875
L18H5,82,1,-0.003662109375,-0.00927734375,-0.005615234375
L18H5,96,0,-0.0267333984375,-0.1616363525390625,-0.1349029541015625
L18H5,96,1,-0.023193359375,0.119873046875,0.14306640625
L18H5,98,0,-0.005859375,-0.11029052734375,-0.10443115234375
L18H5,98,1,-0.0262451171875,-0.18212890625,-0.1558837890625
L18H5,102,0,0.009796142578125,0.0683441162109375,0.0585479736328125
L18H5,102,1,-0.021484375,0.052978515625,0.074462890625
L18H5,116,0,-0.0113525390625,-0.1390380859375,-0.127685546875
L18H5,116,1,-0.01171875,-0.0810546875,-0.0693359375
L18H5,130,0,-0.00390625,-0.03173828125,-0.02783203125
L18H5,130,1,-0.004608154296875,0.044708251953125,0.04931640625
L18H5,150,0,-0.0030517578125,0.0740966796875,0.0771484375
L18H5,150,1,0.00244140625,-0.02294921875,-0.025390625
L18H5,154,0,0.005859375,-0.000244140625,-0.006103515625
L18H5,154,1,-0.008056640625,0.1165771484375,0.1246337890625
L18H5,162,0,-0.0048828125,0.09375,0.0986328125
L18H5,162,1,-0.001953125,-0.056640625,-0.0546875
L18H5,176,0,-0.0068359375,0.0263671875,0.033203125
L18H5,176,1,0.00634765625,-0.03466796875,-0.041015625
L18H5,178,0,-0.014324188232421875,-0.1182556152343745,-0.10393142700195263
L18H5,178,1,-0.0341796875,-0.02587890625,0.00830078125
L18H5,186,0,0.007568359375,0.0797119140625,0.0721435546875
L18H5,186,1,-0.03759765625,-0.052978515625,-0.015380859375
L18H5,192,0,-0.0224609375,-0.068359375,-0.0458984375
L18H5,192,1,-0.0015869140625,-0.1033935546875,-0.101806640625
L18H5,196,0,-0.0185546875,0.0185546875,0.037109375
L18H5,196,1,-0.009765625,-0.0908203125,-0.0810546875
L18H15,0,0,-0.01239013671875,0.00714111328125,0.01953125
L18H15,0,1,-0.009765625,0.066650390625,0.076416015625
L18H15,16,0,0.0321044921875,0.094390869140625,0.062286376953125
L18H15,16,1,0.0126953125,-0.05419921875,-0.06689453125
L18H15,32,0,0.0115966796875,0.024658203125,0.0130615234375
L18H15,32,1,0.004150390625,0.091064453125,0.0869140625
L18H15,48,0,0.000213623046875,0.175323486328125,0.17510986328125
L18H15,48,1,-0.0075225830078125,0.0121002197265625,0.019622802734375
L18H15,56,0,0.003204345703125,0.0484619140625,0.045257568359375
L18H15,56,1,-0.010498046875,-0.06494140625,-0.054443359375
L18H15,64,0,0.0048828125,-0.019775390625,-0.024658203125
L18H15,64,1,-0.0120849609375,0.028564453125,0.0406494140625
L18H15,82,0,0.050537109375,0.15234375,0.101806640625
L18H15,82,1,-0.0045166015625,-0.001708984375,0.0028076171875
L18H15,96,0,-0.007720947265625,-0.17218017578125,-0.164459228515625
L18H15,96,1,-0.00830078125,0.075927734375,0.084228515625
L18H15,98,0,-0.01409912109375,-0.09521484375,-0.08111572265625
L18H15,98,1,0.029296875,-0.109619140625,-0.138916015625
L18H15,102,0,-0.0145721435546875,0.02471923828125,0.0392913818359375
L18H15,102,1,-0.006591796875,0.052734375,0.059326171875
L18H15,116,0,-0.010986328125,-0.165771484375,-0.15478515625
L18H15,116,1,-0.013671875,-0.07958984375,-0.06591796875
L18H15,130,0,0.01611328125,-0.042236328125,-0.058349609375
L18H15,130,1,0.034423828125,0.088531494140625,0.054107666015625
L18H15,150,0,-0.031982421875,0.03814697265625,0.07012939453125
L18H15,150,1,-0.00537109375,-0.0283203125,-0.02294921875
L18H15,154,0,0.006591796875,0.023193359375,0.0166015625
L18H15,154,1,0.0030517578125,0.0921630859375,0.089111328125
L18H15,162,0,0.037109375,0.15185546875,0.11474609375
L18H15,162,1,0.01318359375,-0.0029296875,-0.01611328125
L18H15,176,0,0.03173828125,0.0947265625,0.06298828125
L18H15,176,1,0.03271484375,-0.001953125,-0.03466796875
L18H15,178,0,-0.01390838623046875,-0.1346702575683585,-0.12076187133788974
L18H15,178,1,-0.00048828125,-0.01953125,-0.01904296875
L18H15,186,0,0.05322265625,0.141845703125,0.088623046875
L18H15,186,1,0.001953125,0.00244140625,0.00048828125
L18H15,192,0,-0.01416015625,-0.052734375,-0.03857421875
L18H15,192,1,0.0101318359375,-0.1082763671875,-0.118408203125
L18H15,196,0,0.0107421875,0.0146484375,0.00390625
L18H15,196,1,-0.0068359375,-0.111328125,-0.1044921875
L18H18,0,0,1.957763671875,2.00897216796875,0.05120849609375
L18H18,0,1,0.735107421875,0.7861328125,0.051025390625
L18H18,16,0,4.835113525390625,4.961639404296875,0.12652587890625
L18H18,16,1,1.7021484375,1.5166015625,-0.185546875
L18H18,32,0,4.938262939453125,5.079833984375,0.141571044921875
L18H18,32,1,0.562744140625,0.6669921875,0.104248046875
L18H18,48,0,2.8046875,2.993896484375,0.189208984375
L18H18,48,1,0.4376220703125,0.4419708251953125,0.0043487548828125
L18H18,56,0,3.960540771484375,4.123199462890625,0.16265869140625
L18H18,56,1,0.985595703125,0.883544921875,-0.10205078125
L18H18,64,0,3.014404296875,3.092041015625,0.07763671875
L18H18,64,1,0.3372802734375,0.3785400390625,0.041259765625
L18H18,82,0,3.414794921875,3.552001953125,0.13720703125
L18H18,82,1,0.1123046875,0.1083984375,-0.00390625
L18H18,96,0,6.0959320068359375,5.954681396484375,-0.1412506103515625
L18H18,96,1,3.264404296875,3.2978515625,0.033447265625
L18H18,98,0,3.5675048828125,3.45611572265625,-0.11138916015625
L18H18,98,1,2.4742431640625,2.2864990234375,-0.187744140625
L18H18,102,0,3.7967987060546875,3.906341552734376,0.10954284667968839
L18H18,102,1,2.300048828125,2.400634765625,0.1005859375
L18H18,116,0,5.6116943359375,5.45550537109375,-0.15618896484375
L18H18,116,1,1.005615234375,0.935546875,-0.070068359375
L18H18,130,0,3.537841796875,3.514404296875,-0.0234375
L18H18,130,1,0.963714599609375,1.013214111328125,0.04949951171875
L18H18,150,0,3.56732177734375,3.64312744140625,0.0758056640625
L18H18,150,1,0.6669921875,0.62939453125,-0.03759765625
L18H18,154,0,4.40478515625,4.4677734375,0.06298828125
L18H18,154,1,0.677490234375,0.7957763671875,0.1182861328125
L18H18,162,0,4.058349609375,4.139892578125,0.08154296875
L18H18,162,1,3.80615234375,3.728515625,-0.07763671875
L18H18,176,0,5.4951171875,5.53662109375,0.04150390625
L18H18,176,1,1.71240234375,1.640625,-0.07177734375
L18H18,178,0,3.4446029663085938,3.3242492675781254,-0.1203536987304683
L18H18,178,1,0.4541015625,0.36474609375,-0.08935546875
L18H18,186,0,5.9271240234375,6.046875,0.1197509765625
L18H18,186,1,1.584716796875,1.576171875,-0.008544921875
L18H18,192,0,5.38427734375,5.3359375,-0.04833984375
L18H18,192,1,2.3123779296875,2.150390625,-0.1619873046875
L18H18,196,0,3.8388671875,3.9296875,0.0908203125
L18H18,196,1,0.95166015625,0.7939453125,-0.15771484375
L18H19,0,0,2.938720703125,3.01123046875,0.072509765625
L18H19,0,1,0.9814453125,1.017578125,0.0361328125
L18H19,16,0,3.16339111328125,3.2532501220703125,0.0898590087890625
L18H19,16,1,1.709716796875,1.5576171875,-0.152099609375
L18H19,32,0,4.499176025390625,4.594635009765625,0.095458984375
L18H19,32,1,1.7548828125,1.798095703125,0.043212890625
L18H19,48,0,3.8448486328125,4.0574951171875,0.212646484375
L18H19,48,1,1.1348876953125,1.14971923828125,0.01483154296875
L18H19,56,0,2.447723388671875,2.56097412109375,0.113250732421875
L18H19,56,1,2.4482421875,2.3427734375,-0.10546875
L18H19,64,0,2.5576171875,2.594482421875,0.036865234375
L18H19,64,1,0.904541015625,0.9278564453125,0.0233154296875
L18H19,82,0,3.5601806640625,3.6246337890625,0.064453125
L18H19,82,1,1.0454940795898438,1.05999755859375,0.01450347900390625
L18H19,96,0,4.7460784912109375,4.6568450927734375,-0.0892333984375
L18H19,96,1,4.103759765625,3.989990234375,-0.11376953125
L18H19,98,0,3.6744384765625,3.544189453125,-0.1302490234375
L18H19,98,1,2.0679931640625,1.911865234375,-0.1561279296875
L18H19,102,0,4.2671356201171875,4.342193603515626,0.07505798339843839
L18H19,102,1,3.90576171875,3.9876708984375,0.0819091796875
L18H19,116,0,5.981201171875,5.87451171875,-0.106689453125
L18H19,116,1,2.5336456298828125,2.440338134765625,-0.0933074951171875
L18H19,130,0,3.194091796875,3.159423828125,-0.03466796875
L18H19,130,1,2.503753662109375,2.548736572265625,0.04498291015625
L18H19,150,0,2.10760498046875,2.13818359375,0.03057861328125
L18H19,150,1,1.03515625,1.03515625,0.0
L18H19,154,0,3.70458984375,3.731689453125,0.027099609375
L18H19,154,1,1.2763671875,1.364990234375,0.088623046875
L18H19,162,0,3.864013671875,3.968994140625,0.10498046875
L18H19,162,1,4.84521484375,4.736328125,-0.10888671875
L18H19,176,0,4.993408203125,5.0576171875,0.064208984375
L18H19,176,1,3.1728515625,3.07763671875,-0.09521484375
L18H19,178,0,4.534996032714844,4.479324340820313,-0.05567169189453036
L18H19,178,1,1.9228515625,1.83740234375,-0.08544921875
L18H19,186,0,4.7481689453125,4.8277587890625,0.07958984375
L18H19,186,1,2.0379638671875,2.0220947265625,-0.015869140625
L18H19,192,0,5.8077392578125,5.749755859375,-0.0579833984375
L18H19,192,1,3.874267578125,3.68597412109375,-0.18829345703125
L18H19,196,0,3.462890625,3.5234375,0.060546875
L18H19,196,1,1.8583984375,1.7039794921875,-0.1544189453125
L18H22,0,0,0.03509521484375,0.08001708984375,0.044921875
L18H22,0,1,0.118896484375,0.18896484375,0.070068359375
L18H22,16,0,0.156585693359375,0.243438720703125,0.08685302734375
L18H22,16,1,0.19970703125,0.173583984375,-0.026123046875
L18H22,32,0,-0.03814697265625,-0.08502197265625,-0.046875
L18H22,32,1,0.13232421875,0.2265625,0.09423828125
L18H22,48,0,0.1331939697265625,0.293853759765625,0.1606597900390625
L18H22,48,1,0.07586669921875,0.095733642578125,0.019866943359375
L18H22,56,0,0.0028076171875,0.051666259765625,0.048858642578125
L18H22,56,1,0.005615234375,-0.06298828125,-0.068603515625
L18H22,64,0,0.021728515625,0.019287109375,-0.00244140625
L18H22,64,1,-0.0562744140625,-0.0279541015625,0.0283203125
L18H22,82,0,0.047607421875,0.14794921875,0.100341796875
L18H22,82,1,-0.032958984375,-0.023193359375,0.009765625
L18H22,96,0,0.054931640625,-0.0537872314453125,-0.1087188720703125
L18H22,96,1,0.225341796875,0.338623046875,0.11328125
L18H22,98,0,0.0015869140625,-0.092864990234375,-0.094451904296875
L18H22,98,1,0.2530517578125,0.0911865234375,-0.161865234375
L18H22,102,0,0.02121734619140625,0.0690765380859375,0.04785919189453125
L18H22,102,1,0.116455078125,0.218017578125,0.1015625
L18H22,116,0,0.0546875,-0.098388671875,-0.153076171875
L18H22,116,1,0.11328125,0.03125,-0.08203125
L18H22,130,0,0.03857421875,-0.019775390625,-0.058349609375
L18H22,130,1,0.124237060546875,0.155517578125,0.031280517578125
L18H22,150,0,0.015380859375,0.07952880859375,0.06414794921875
L18H22,150,1,0.04443359375,0.044921875,0.00048828125
L18H22,154,0,0.069091796875,0.09521484375,0.026123046875
L18H22,154,1,0.1060791015625,0.2186279296875,0.112548828125
L18H22,162,0,0.0166015625,0.12890625,0.1123046875
L18H22,162,1,0.09716796875,0.08984375,-0.00732421875
L18H22,176,0,0.02490234375,0.08740234375,0.0625
L18H22,176,1,0.08837890625,0.037109375,-0.05126953125
L18H22,178,0,0.054534912109375,-0.0677528381347651,-0.1222877502441401
L18H22,178,1,0.16796875,0.154296875,-0.013671875
L18H22,186,0,0.0546875,0.1201171875,0.0654296875
L18H22,186,1,0.2353515625,0.246337890625,0.010986328125
L18H22,192,0,0.050537109375,-0.029541015625,-0.080078125
L18H22,192,1,0.0841064453125,-0.0089111328125,-0.093017578125
L18H22,196,0,-0.0283203125,-0.0068359375,0.021484375
L18H22,196,1,-0.0771484375,-0.150390625,-0.0732421875
L18H24,0,0,-0.6857681274414062,-0.661773681640625,0.02399444580078125
L18H24,0,1,-0.158447265625,-0.081298828125,0.0771484375
L18H24,16,0,-0.929901123046875,-0.835723876953125,0.09417724609375
L18H24,16,1,-0.874267578125,-0.96142578125,-0.087158203125
L18H24,32,0,-1.356903076171875,-1.309478759765625,0.04742431640625
L18H24,32,1,0.5673828125,0.698486328125,0.131103515625
L18H24,48,0,-0.62774658203125,-0.423065185546875,0.204681396484375
L18H24,48,1,0.23236083984375,0.2485504150390625,0.0161895751953125
L18H24,56,0,-0.742767333984375,-0.722442626953125,0.02032470703125
L18H24,56,1,-0.017822265625,-0.085205078125,-0.0673828125
L18H24,64,0,-0.61669921875,-0.62255859375,-0.005859375
L18H24,64,1,0.296630859375,0.3619384765625,0.0653076171875
L18H24,82,0,-1.16796875,-1.080810546875,0.087158203125
L18H24,82,1,-0.59814453125,-0.603271484375,-0.005126953125
L18H24,96,0,-1.0832366943359375,-1.214935302734375,-0.1316986083984375
L18H24,96,1,-0.82421875,-0.72314453125,0.10107421875
L18H24,98,0,-2.0025634765625,-2.03692626953125,-0.03436279296875
L18H24,98,1,-0.4449462890625,-0.58355712890625,-0.13861083984375
L18H24,102,0,-0.8305206298828125,-0.7681732177734375,0.062347412109375
L18H24,102,1,0.623046875,0.72412109375,0.10107421875
L18H24,116,0,-1.1072998046875,-1.22662353515625,-0.11932373046875
L18H24,116,1,0.40576171875,0.33056640625,-0.0751953125
L18H24,130,0,-1.0517578125,-1.099609375,-0.0478515625
L18H24,130,1,-0.286041259765625,-0.266510009765625,0.01953125
L18H24,150,0,-0.91259765625,-0.88470458984375,0.02789306640625
L18H24,150,1,-0.0703125,-0.078125,-0.0078125
L18H24,154,0,-0.934814453125,-0.892333984375,0.04248046875
L18H24,154,1,-0.94561767578125,-0.8505859375,0.09503173828125
L18H24,162,0,-1.07763671875,-0.95751953125,0.1201171875
L18H24,162,1,-1.1103515625,-1.162109375,-0.0517578125
L18H24,176,0,-0.955322265625,-0.91650390625,0.038818359375
L18H24,176,1,0.1923828125,0.1474609375,-0.044921875
L18H24,178,0,-1.2628555297851562,-1.3728218078613277,-0.10996627807617143
L18H24,178,1,-0.0048828125,-0.04150390625,-0.03662109375
L18H24,186,0,-1.6605224609375,-1.553955078125,0.1065673828125
L18H24,186,1,-0.472900390625,-0.507080078125,-0.0341796875
L18H24,192,0,-0.9227294921875,-0.985595703125,-0.0628662109375
L18H24,192,1,-1.4112548828125,-1.515869140625,-0.1046142578125
L18H24,196,0,-0.833984375,-0.837890625,-0.00390625
L18H24,196,1,-0.189453125,-0.2998046875,-0.1103515625
L19H16,0,0,-0.50323486328125,-0.45941162109375,0.0438232421875
L19H16,0,1,-0.638671875,-0.525634765625,0.113037109375
L19H16,16,0,-0.371337890625,-0.3267822265625,0.0445556640625
L19H16,16,1,-0.255615234375,-0.33349609375,-0.077880859375
L19H16,32,0,-2.045013427734375,-2.07958984375,-0.034576416015625
L19H16,32,1,-0.724609375,-0.707275390625,0.017333984375
L19H16,48,0,-1.69488525390625,-1.54998779296875,0.1448974609375
L19H16,48,1,-0.5185546875,-0.4862213134765625,0.0323333740234375
L19H16,56,0,-0.367156982421875,-0.401275634765625,-0.03411865234375
L19H16,56,1,-0.49609375,-0.585205078125,-0.089111328125
L19H16,64,0,-0.173095703125,-0.169189453125,0.00390625
L19H16,64,1,-0.23291015625,-0.1982421875,0.03466796875
L19H16,82,0,-1.372314453125,-1.236083984375,0.13623046875
L19H16,82,1,-0.16064453125,-0.1578369140625,0.0028076171875
L19H16,96,0,-1.2584686279296875,-1.46893310546875,-0.2104644775390625
L19H16,96,1,-2.047119140625,-1.949462890625,0.09765625
L19H16,98,0,-0.9022216796875,-0.98974609375,-0.0875244140625
L19H16,98,1,-1.05450439453125,-1.2147216796875,-0.16021728515625
L19H16,102,0,-0.9735260009765625,-0.9086456298828125,0.06488037109375
L19H16,102,1,-1.842529296875,-1.76171875,0.080810546875
L19H16,116,0,-0.9884033203125,-1.0587158203125,-0.0703125
L19H16,116,1,-0.93115234375,-1.02783203125,-0.0966796875
L19H16,130,0,-1.110595703125,-1.173095703125,-0.0625
L19H16,130,1,-0.994781494140625,-0.956207275390625,0.03857421875
L19H16,150,0,-0.622650146484375,-0.564300537109375,0.058349609375
L19H16,150,1,-0.447265625,-0.43408203125,0.01318359375
L19H16,154,0,-0.78271484375,-0.755126953125,0.027587890625
L19H16,154,1,-0.5927734375,-0.4976806640625,0.0950927734375
L19H16,162,0,-0.626953125,-0.49267578125,0.13427734375
L19H16,162,1,-1.10107421875,-1.13232421875,-0.03125
L19H16,176,0,-0.42041015625,-0.4033203125,0.01708984375
L19H16,176,1,-0.97314453125,-1.02978515625,-0.056640625
L19H16,178,0,-1.7827272415161133,-1.8726634979248045,-0.08993625640869118
L19H16,178,1,-0.923828125,-1.0322265625,-0.1083984375
L19H16,186,0,-0.9068603515625,-0.7825927734375,0.124267578125
L19H16,186,1,-0.640869140625,-0.63720703125,0.003662109375
L19H16,192,0,-0.330322265625,-0.364990234375,-0.03466796875
L19H16,192,1,-1.0562744140625,-1.142822265625,-0.0865478515625
L19H16,196,0,-0.5546875,-0.5322265625,0.0224609375
L19H16,196,1,-0.615234375,-0.70703125,-0.091796875
L19H20,0,0,-0.00787353515625,0.05328369140625,0.0611572265625
L19H20,0,1,0.013427734375,0.11328125,0.099853515625
L19H20,16,0,0.01153564453125,0.068878173828125,0.057342529296875
L19H20,16,1,0.00927734375,-0.064697265625,-0.073974609375
L19H20,32,0,0.0010986328125,-0.014892578125,-0.0159912109375
L19H20,32,1,0.020263671875,0.046875,0.026611328125
L19H20,48,0,-0.015106201171875,0.107177734375,0.122283935546875
L19H20,48,1,-0.0172271728515625,-0.014862060546875,0.0023651123046875
L19H20,56,0,-0.027191162109375,-0.04052734375,-0.013336181640625
L19H20,56,1,-0.01220703125,-0.096435546875,-0.084228515625
L19H20,64,0,-0.01318359375,-0.019287109375,-0.006103515625
L19H20,64,1,0.018798828125,0.0467529296875,0.0279541015625
L19H20,82,0,0.0048828125,0.1025390625,0.09765625
L19H20,82,1,-0.014404296875,-0.0155029296875,-0.0010986328125
L19H20,96,0,-0.01470947265625,-0.1802520751953125,-0.1655426025390625
L19H20,96,1,0.017333984375,0.130615234375,0.11328125
L19H20,98,0,0.00537109375,-0.11004638671875,-0.11541748046875
L19H20,98,1,0.003173828125,-0.1517333984375,-0.1549072265625
L19H20,102,0,0.0045013427734375,0.022613525390625,0.0181121826171875
L19H20,102,1,0.01806640625,0.08251953125,0.064453125
L19H20,116,0,-0.006591796875,-0.1168212890625,-0.1102294921875
L19H20,116,1,-0.0068359375,-0.11279296875,-0.10595703125
L19H20,130,0,-0.009765625,-0.06884765625,-0.05908203125
L19H20,130,1,-0.0086669921875,0.01824951171875,0.02691650390625
L19H20,150,0,-0.00634765625,0.082275390625,0.088623046875
L19H20,150,1,0.0068359375,-0.015625,-0.0224609375
L19H20,154,0,0.017578125,0.01806640625,0.00048828125
L19H20,154,1,0.028564453125,0.1363525390625,0.1077880859375
L19H20,162,0,-0.0654296875,0.0400390625,0.10546875
L19H20,162,1,-0.02587890625,-0.03515625,-0.00927734375
L19H20,176,0,-0.0,0.05419921875,0.05419921875
L19H20,176,1,-0.0078125,-0.04638671875,-0.03857421875
L19H20,178,0,-0.001522064208984375,-0.1031913757324215,-0.10166931152343713
L19H20,178,1,0.02099609375,-0.05029296875,-0.0712890625
L19H20,186,0,-0.00048828125,0.121826171875,0.122314453125
L19H20,186,1,0.024658203125,0.016845703125,-0.0078125
L19H20,192,0,-0.00732421875,-0.076904296875,-0.069580078125
L19H20,192,1,-0.0152587890625,-0.0870361328125,-0.07177734375
L19H20,196,0,-0.009765625,-0.005859375,0.00390625
L19H20,196,1,0.00390625,-0.087890625,-0.091796875
L19H22,0,0,0.179931640625,0.20526123046875,0.02532958984375
L19H22,0,1,0.2861328125,0.388916015625,0.102783203125
L19H22,16,0,0.50421142578125,0.532562255859375,0.028350830078125
L19H22,16,1,0.3076171875,0.21533203125,-0.09228515625
L19H22,32,0,0.6748046875,0.658172607421875,-0.016632080078125
L19H22,32,1,0.261474609375,0.298583984375,0.037109375
L19H22,48,0,0.67303466796875,0.82403564453125,0.1510009765625
L19H22,48,1,0.322998046875,0.333099365234375,0.010101318359375
L19H22,56,0,0.397186279296875,0.370330810546875,-0.02685546875
L19H22,56,1,0.3216552734375,0.2486572265625,-0.072998046875
L19H22,64,0,0.07958984375,0.04833984375,-0.03125
L19H22,64,1,0.013916015625,0.064453125,0.050537109375
L19H22,82,0,0.6015625,0.6982421875,0.0966796875
L19H22,82,1,0.33795166015625,0.33203125,-0.00592041015625
L19H22,96,0,1.2184906005859375,1.0489959716796875,-0.16949462890625
L19H22,96,1,2.153076171875,2.276123046875,0.123046875
L19H22,98,0,0.298004150390625,0.18855857849121094,-0.10944557189941406
L19H22,98,1,0.548828125,0.4339599609375,-0.1148681640625
L19H22,102,0,0.8138885498046875,0.8887786865234375,0.07489013671875
L19H22,102,1,1.128662109375,1.18212890625,0.053466796875
L19H22,116,0,0.4964599609375,0.3582763671875,-0.13818359375
L19H22,116,1,0.37744140625,0.296875,-0.08056640625
L19H22,130,0,0.685302734375,0.6240234375,-0.061279296875
L19H22,130,1,0.996490478515625,1.02349853515625,0.027008056640625
L19H22,150,0,0.239990234375,0.3046875,0.064697265625
L19H22,150,1,0.3134765625,0.32275390625,0.00927734375
L19H22,154,0,0.03173828125,0.0712890625,0.03955078125
L19H22,154,1,0.1630859375,0.251953125,0.0888671875
L19H22,162,0,0.14013671875,0.2724609375,0.13232421875
L19H22,162,1,0.64111328125,0.62646484375,-0.0146484375
L19H22,176,0,0.427978515625,0.45751953125,0.029541015625
L19H22,176,1,0.68896484375,0.65625,-0.03271484375
L19H22,178,0,-0.11118316650390625,-0.2069206237792967,-0.09573745727539046
L19H22,178,1,0.140625,0.08056640625,-0.06005859375
L19H22,186,0,0.7093505859375,0.8228759765625,0.113525390625
L19H22,186,1,0.652587890625,0.626708984375,-0.02587890625
L19H22,192,0,0.3243408203125,0.2353515625,-0.0889892578125
L19H22,192,1,0.815826416015625,0.7561521530151367,-0.05967426300048828
L19H22,196,0,0.287109375,0.29296875,0.005859375
L19H22,196,1,0.423828125,0.3330078125,-0.0908203125
L20H1,0,0,-0.728790283203125,-0.677398681640625,0.0513916015625
L20H1,0,1,-1.207275390625,-1.14013671875,0.067138671875
L20H1,16,0,-0.741851806640625,-0.65789794921875,0.083953857421875
L20H1,16,1,-0.460693359375,-0.535888671875,-0.0751953125
L20H1,32,0,-0.994964599609375,-1.046478271484375,-0.051513671875
L20H1,32,1,-1.952392578125,-1.871826171875,0.08056640625
L20H1,48,0,-0.96905517578125,-0.868682861328125,0.100372314453125
L20H1,48,1,-2.3603515625,-2.305267333984375,0.055084228515625
L20H1,56,0,-0.5211181640625,-0.556365966796875,-0.035247802734375
L20H1,56,1,-0.88623046875,-0.923828125,-0.03759765625
L20H1,64,0,-0.14208984375,-0.1806640625,-0.03857421875
L20H1,64,1,-0.4639892578125,-0.4053955078125,0.05859375
L20H1,82,0,-2.011474609375,-1.980712890625,0.03076171875
L20H1,82,1,-2.4638671875,-2.3736572265625,0.0902099609375
L20H1,96,0,-1.6924285888671875,-1.9325103759765625,-0.240081787109375
L20H1,96,1,-4.375244140625,-4.3262939453125,0.0489501953125
L20H1,98,0,-0.7755126953125,-0.7969970703125,-0.021484375
L20H1,98,1,-1.529541015625,-1.605712890625,-0.076171875
L20H1,102,0,-2.4037628173828125,-2.2589111328125,0.1448516845703125
L20H1,102,1,-5.149658203125,-5.10888671875,0.040771484375
L20H1,116,0,-0.57421875,-0.690673828125,-0.116455078125
L20H1,116,1,-1.439453125,-1.52099609375,-0.08154296875
L20H1,130,0,-0.879638671875,-0.8828125,-0.003173828125
L20H1,130,1,-2.257232666015625,-2.18695068359375,0.070281982421875
L20H1,150,0,-0.935272216796875,-0.860931396484375,0.0743408203125
L20H1,150,1,-1.46044921875,-1.38525390625,0.0751953125
L20H1,154,0,-0.84130859375,-0.790283203125,0.051025390625
L20H1,154,1,-1.793609619140625,-1.653228759765625,0.140380859375
L20H1,162,0,-0.55224609375,-0.43115234375,0.12109375
L20H1,162,1,-2.0986328125,-2.16650390625,-0.06787109375
L20H1,176,0,-0.68994140625,-0.638671875,0.05126953125
L20H1,176,1,-2.1142578125,-2.1806640625,-0.06640625
L20H1,178,0,-0.6691818237304688,-0.7225341796875,-0.05335235595703125
L20H1,178,1,-1.54931640625,-1.58203125,-0.03271484375
L20H1,186,0,-0.9505615234375,-0.8519287109375,0.0986328125
L20H1,186,1,-1.1947021484375,-1.1436767578125,0.051025390625
L20H1,192,0,-0.647216796875,-0.739013671875,-0.091796875
L20H1,192,1,-3.5074462890625,-3.516357421875,-0.0089111328125
L20H1,196,0,-0.650390625,-0.6279296875,0.0224609375
L20H1,196,1,-0.734375,-0.81640625,-0.08203125
L20H7,0,0,0.335205078125,0.36517333984375,0.02996826171875
L20H7,0,1,0.327392578125,0.44091796875,0.113525390625
L20H7,16,0,-0.128021240234375,-0.02099609375,0.107025146484375
L20H7,16,1,0.090087890625,0.044921875,-0.045166015625
L20H7,32,0,-0.509490966796875,-0.610687255859375,-0.1011962890625
L20H7,32,1,0.227783203125,0.26806640625,0.040283203125
L20H7,48,0,-0.2962646484375,-0.217742919921875,0.078521728515625
L20H7,48,1,0.03759765625,0.0455474853515625,0.0079498291015625
L20H7,56,0,-0.038604736328125,-0.075653076171875,-0.03704833984375
L20H7,56,1,-0.10595703125,-0.1865234375,-0.08056640625
L20H7,64,0,-0.226806640625,-0.255859375,-0.029052734375
L20H7,64,1,-0.06396484375,0.0008544921875,0.0648193359375
L20H7,82,0,-0.318603515625,-0.256103515625,0.0625
L20H7,82,1,0.1395263671875,0.1248779296875,-0.0146484375
L20H7,96,0,-0.1366119384765625,-0.358245849609375,-0.2216339111328125
L20H7,96,1,0.032958984375,0.140380859375,0.107421875
L20H7,98,0,0.3068094253540039,0.2578086853027344,-0.04900074005126953
L20H7,98,1,-0.0594482421875,-0.16552734375,-0.1060791015625
L20H7,102,0,0.9640960693359375,1.05755615234375,0.0934600830078125
L20H7,102,1,1.40887451171875,1.4517822265625,0.04290771484375
L20H7,116,0,-0.1494140625,-0.275634765625,-0.126220703125
L20H7,116,1,0.1318359375,0.05859375,-0.0732421875
L20H7,130,0,-1.291748046875,-1.291259765625,0.00048828125
L20H7,130,1,-0.679962158203125,-0.61798095703125,0.061981201171875
L20H7,150,0,-0.25347900390625,-0.169189453125,0.08428955078125
L20H7,150,1,0.419921875,0.38232421875,-0.03759765625
L20H7,154,0,0.27294921875,0.33740234375,0.064453125
L20H7,154,1,0.145751953125,0.244140625,0.098388671875
L20H7,162,0,-0.28955078125,-0.18115234375,0.1083984375
L20H7,162,1,-0.3388671875,-0.3798828125,-0.041015625
L20H7,176,0,-0.033935546875,0.028076171875,0.06201171875
L20H7,176,1,-0.14208984375,-0.1845703125,-0.04248046875
L20H7,178,0,-0.24076080322265625,-0.3749999999999994,-0.13423919677734314
L20H7,178,1,-0.259765625,-0.3232421875,-0.0634765625
L20H7,186,0,-0.4290771484375,-0.41064453125,0.0184326171875
L20H7,186,1,-0.479736328125,-0.48486328125,-0.005126953125
L20H7,192,0,-0.0203857421875,-0.1177978515625,-0.097412109375
L20H7,192,1,-0.5924072265625,-0.6500244140625,-0.0576171875
L20H7,196,0,-0.59375,-0.521484375,0.072265625
L20H7,196,1,-0.25390625,-0.318359375,-0.064453125
L20H14,0,0,0.01422119140625,0.046630859375,0.03240966796875
L20H14,0,1,-0.012939453125,0.10986328125,0.122802734375
L20H14,16,0,0.0115966796875,0.11004638671875,0.09844970703125
L20H14,16,1,0.0185546875,-0.01904296875,-0.03759765625
L20H14,32,0,-0.023284912109375,-0.126678466796875,-0.1033935546875
L20H14,32,1,-0.019287109375,0.02880859375,0.048095703125
L20H14,48,0,0.047760009765625,0.1363525390625,0.088592529296875
L20H14,48,1,0.0020751953125,0.0142059326171875,0.0121307373046875
L20H14,56,0,0.05145263671875,-0.00079345703125,-0.05224609375
L20H14,56,1,0.001708984375,-0.06298828125,-0.064697265625
L20H14,64,0,0.0087890625,-0.0078125,-0.0166015625
L20H14,64,1,0.0003662109375,0.0601806640625,0.059814453125
L20H14,82,0,0.009765625,0.06103515625,0.05126953125
L20H14,82,1,0.0198974609375,0.0198974609375,0.0
L20H14,96,0,0.06915283203125,-0.1543045043945313,-0.2234573364257813
L20H14,96,1,0.036376953125,0.119384765625,0.0830078125
L20H14,98,0,0.077392578125,0.05670166015625,-0.02069091796875
L20H14,98,1,0.038818359375,-0.05615234375,-0.094970703125
L20H14,102,0,0.024017333984375,0.0929822921752929,0.0689649581909179
L20H14,102,1,-0.015869140625,0.0126953125,0.028564453125
L20H14,116,0,-0.013916015625,-0.1409912109375,-0.1270751953125
L20H14,116,1,-0.009765625,-0.0830078125,-0.0732421875
L20H14,130,0,0.0166015625,0.035400390625,0.018798828125
L20H14,130,1,-0.0107421875,0.0416259765625,0.0523681640625
L20H14,150,0,0.00946044921875,0.08770751953125,0.0782470703125
L20H14,150,1,-0.021484375,-0.046875,-0.025390625
L20H14,154,0,0.031005859375,0.10400390625,0.072998046875
L20H14,154,1,0.0142822265625,0.083740234375,0.0694580078125
L20H14,162,0,0.0419921875,0.15283203125,0.11083984375
L20H14,162,1,-0.017578125,-0.07470703125,-0.05712890625
L20H14,176,0,-0.014404296875,0.0546875,0.069091796875
L20H14,176,1,-0.01171875,-0.09423828125,-0.08251953125
L20H14,178,0,0.03289031982421875,-0.09495925903320279,-0.12784957885742154
L20H14,178,1,0.04150390625,-0.05322265625,-0.0947265625
L20H14,186,0,-0.0081787109375,0.02783203125,0.0360107421875
L20H14,186,1,0.02197265625,0.01025390625,-0.01171875
L20H14,192,0,0.02734375,-0.075927734375,-0.103271484375
L20H14,192,1,0.021728515625,-0.0369873046875,-0.0587158203125
L20H14,196,0,0.04296875,0.1103515625,0.0673828125
L20H14,196,1,0.0029296875,-0.0712890625,-0.07421875
L21H6,0,0,0.265899658203125,0.3067626953125,0.040863037109375
L21H6,0,1,0.31298828125,0.443603515625,0.130615234375
L21H6,16,0,0.92218017578125,0.990753173828125,0.068572998046875
L21H6,16,1,1.600830078125,1.550537109375,-0.05029296875
L21H6,32,0,0.715423583984375,0.604766845703125,-0.11065673828125
L21H6,32,1,0.481201171875,0.549560546875,0.068359375
L21H6,48,0,0.5408935546875,0.61358642578125,0.07269287109375
L21H6,48,1,0.6136474609375,0.6142120361328125,0.0005645751953125
L21H6,56,0,0.490020751953125,0.42694091796875,-0.063079833984375
L21H6,56,1,0.83544921875,0.737548828125,-0.097900390625
L21H6,64,0,0.449462890625,0.37890625,-0.070556640625
L21H6,64,1,0.604248046875,0.671142578125,0.06689453125
L21H6,82,0,0.7294921875,0.8037109375,0.07421875
L21H6,82,1,0.5731201171875,0.60662841796875,0.03350830078125
L21H6,96,0,0.22039794921875,0.0533294677734375,-0.1670684814453125
L21H6,96,1,0.513671875,0.56591796875,0.05224609375
L21H6,98,0,0.53515625,0.516357421875,-0.018798828125
L21H6,98,1,2.0322265625,1.9454345703125,-0.0867919921875
L21H6,102,0,0.3177032470703125,0.3699798583984375,0.052276611328125
L21H6,102,1,0.764892578125,0.79345703125,0.028564453125
L21H6,116,0,0.4447021484375,0.331787109375,-0.1129150390625
L21H6,116,1,0.70751953125,0.63671875,-0.07080078125
L21H6,130,0,-0.011474609375,0.021240234375,0.03271484375
L21H6,130,1,0.0299072265625,0.061065673828125,0.031158447265625
L21H6,150,0,0.15179443359375,0.25933837890625,0.1075439453125
L21H6,150,1,0.29443359375,0.3037109375,0.00927734375
L21H6,154,0,0.63525390625,0.68310546875,0.0478515625
L21H6,154,1,0.92041015625,1.0394287109375,0.1190185546875
L21H6,162,0,0.78515625,0.91015625,0.125
L21H6,162,1,1.96826171875,1.93701171875,-0.03125
L21H6,176,0,0.650390625,0.714599609375,0.064208984375
L21H6,176,1,1.3642578125,1.299072265625,-0.065185546875
L21H6,178,0,0.44316864013671875,0.3655757904052739,-0.07759284973144487
L21H6,178,1,1.2041015625,1.18115234375,-0.02294921875
L21H6,186,0,0.574951171875,0.5745849609375,-0.0003662109375
L21H6,186,1,1.487548828125,1.482177734375,-0.00537109375
L21H6,192,0,0.6044921875,0.5810546875,-0.0234375
L21H6,192,1,1.20489501953125,1.137359619140625,-0.067535400390625
L21H6,196,0,0.8623046875,0.90625,0.0439453125
L21H6,196,1,2.2470703125,2.1796875,-0.0673828125
L21H11,0,0,-0.002197265625,0.0482177734375,0.0504150390625
L21H11,0,1,0.004638671875,0.140380859375,0.1357421875
L21H11,16,0,0.003814697265625,0.073822021484375,0.07000732421875
L21H11,16,1,0.0009765625,-0.052001953125,-0.052978515625
L21H11,32,0,0.007110595703125,-0.139984130859375,-0.1470947265625
L21H11,32,1,0.010986328125,0.05615234375,0.045166015625
L21H11,48,0,-0.00311279296875,0.05780029296875,0.0609130859375
L21H11,48,1,-0.00213623046875,-0.0008392333984375,0.0012969970703125
L21H11,56,0,0.004852294921875,-0.034454345703125,-0.039306640625
L21H11,56,1,0.0009765625,-0.100830078125,-0.101806640625
L21H11,64,0,-0.0009765625,-0.07373046875,-0.07275390625
L21H11,64,1,0.00048828125,0.082763671875,0.082275390625
L21H11,82,0,0.000732421875,0.075927734375,0.0751953125
L21H11,82,1,-0.005859375,-0.0064697265625,-0.0006103515625
L21H11,96,0,-0.0062408447265625,-0.1470184326171875,-0.140777587890625
L21H11,96,1,-0.003173828125,0.05517578125,0.058349609375
L21H11,98,0,-0.019287109375,-0.0260009765625,-0.0067138671875
L21H11,98,1,-0.01171875,-0.101806640625,-0.090087890625
L21H11,102,0,0.006988525390625,0.082672119140625,0.07568359375
L21H11,102,1,0.00244140625,0.0341796875,0.03173828125
L21H11,116,0,-0.0113525390625,-0.10400390625,-0.0926513671875
L21H11,116,1,0.00146484375,-0.0810546875,-0.08251953125
L21H11,130,0,0.00048828125,0.0615234375,0.06103515625
L21H11,130,1,0.0103759765625,0.037841796875,0.0274658203125
L21H11,150,0,0.00531005859375,0.1180419921875,0.11273193359375
L21H11,150,1,-0.0029296875,-0.02490234375,-0.02197265625
L21H11,154,0,0.0009765625,0.03955078125,0.03857421875
L21H11,154,1,0.0047607421875,0.108154296875,0.1033935546875
L21H11,162,0,0.00146484375,0.12744140625,0.1259765625
L21H11,162,1,0.00244140625,-0.02978515625,-0.0322265625
L21H11,176,0,0.000732421875,0.080810546875,0.080078125
L21H11,176,1,-0.0,-0.10107421875,-0.10107421875
L21H11,178,0,-0.00368499755859375,-0.0772209167480467,-0.07353591918945294
L21H11,178,1,0.00146484375,-0.06298828125,-0.064453125
L21H11,186,0,0.001953125,0.0203857421875,0.0184326171875
L21H11,186,1,0.0009765625,-0.016357421875,-0.017333984375
L21H11,192,0,-0.00634765625,-0.02587890625,-0.01953125
L21H11,192,1,-0.0050048828125,-0.0595703125,-0.0545654296875
L21H11,196,0,0.0009765625,0.0478515625,0.046875
L21H11,196,1,-0.005859375,-0.0693359375,-0.0634765625
L21H18,0,0,2.3358154296875,2.41754150390625,0.08172607421875
L21H18,0,1,1.506591796875,1.6328125,0.126220703125
L21H18,16,0,2.534576416015625,2.6116943359375,0.077117919921875
L21H18,16,1,1.8134765625,1.755859375,-0.0576171875
L21H18,32,0,3.729766845703125,3.63165283203125,-0.098114013671875
L21H18,32,1,1.9921875,2.046875,0.0546875
L21H18,48,0,2.4532470703125,2.525909423828125,0.072662353515625
L21H18,48,1,0.716064453125,0.7151336669921875,-0.0009307861328125
L21H18,56,0,1.071380615234375,1.03436279296875,-0.037017822265625
L21H18,56,1,2.81036376953125,2.72314453125,-0.08721923828125
L21H18,64,0,1.40185546875,1.36181640625,-0.0400390625
L21H18,64,1,0.472900390625,0.54541015625,0.072509765625
L21H18,82,0,1.800537109375,1.85205078125,0.051513671875
L21H18,82,1,0.4410400390625,0.441162109375,0.0001220703125
L21H18,96,0,1.2617950439453125,1.10015869140625,-0.1616363525390625
L21H18,96,1,1.430908203125,1.502685546875,0.07177734375
L21H18,98,0,2.9063720703125,2.9039306640625,-0.00244140625
L21H18,98,1,2.1654052734375,2.075927734375,-0.0894775390625
L21H18,102,0,3.3221893310546875,3.4195022583007812,0.09731292724609375
L21H18,102,1,1.19683837890625,1.2135009765625,0.01666259765625
L21H18,116,0,2.12213134765625,2.01116943359375,-0.1109619140625
L21H18,116,1,0.408203125,0.30908203125,-0.09912109375
L21H18,130,0,2.610595703125,2.661865234375,0.05126953125
L21H18,130,1,1.363861083984375,1.388580322265625,0.02471923828125
L21H18,150,0,3.08892822265625,3.15478515625,0.06585693359375
L21H18,150,1,2.2939453125,2.291748046875,-0.002197265625
L21H18,154,0,2.5595703125,2.613037109375,0.053466796875
L21H18,154,1,1.14697265625,1.295166015625,0.148193359375
L21H18,162,0,2.1171875,2.22216796875,0.10498046875
L21H18,162,1,2.5703125,2.50244140625,-0.06787109375
L21H18,176,0,2.080322265625,2.1484375,0.068115234375
L21H18,176,1,1.65673828125,1.55859375,-0.09814453125
L21H18,178,0,1.4796371459960938,1.445842742919922,-0.03379440307617165
L21H18,178,1,0.98876953125,0.92529296875,-0.0634765625
L21H18,186,0,2.1971435546875,2.186767578125,-0.0103759765625
L21H18,186,1,1.19482421875,1.1925048828125,-0.0023193359375
L21H18,192,0,2.2828369140625,2.237548828125,-0.0452880859375
L21H18,192,1,1.1582183837890625,1.082977294921875,-0.0752410888671875
L21H18,196,0,1.4833984375,1.53515625,0.0517578125
L21H18,196,1,1.824615478515625,1.7481689453125,-0.076446533203125
L21H22,0,0,0.0042724609375,0.03704833984375,0.03277587890625
L21H22,0,1,-0.0048828125,0.114990234375,0.119873046875
L21H22,16,0,0.00823974609375,0.079376220703125,0.071136474609375
L21H22,16,1,-0.017578125,-0.066162109375,-0.048583984375
L21H22,32,0,0.00836181640625,-0.09796142578125,-0.1063232421875
L21H22,32,1,0.005126953125,0.070068359375,0.06494140625
L21H22,48,0,0.00286865234375,0.048065185546875,0.045196533203125
L21H22,48,1,-4.57763671875e-05,0.0034637451171875,0.003509521484375
L21H22,56,0,-0.002838134765625,-0.0584716796875,-0.055633544921875
L21H22,56,1,0.000732421875,-0.12158203125,-0.122314453125
L21H22,64,0,0.001708984375,-0.0439453125,-0.045654296875
L21H22,64,1,0.0106201171875,0.0703125,0.0596923828125
L21H22,82,0,-0.0,0.03173828125,0.03173828125
L21H22,82,1,0.004150390625,-0.0006103515625,-0.0047607421875
L21H22,96,0,-0.0078887939453125,-0.1387786865234375,-0.130889892578125
L21H22,96,1,-0.004638671875,0.093505859375,0.09814453125
L21H22,98,0,0.0030517578125,0.00604248046875,0.00299072265625
L21H22,98,1,0.006103515625,-0.094482421875,-0.1005859375
L21H22,102,0,0.024169921875,0.0887603759765625,0.0645904541015625
L21H22,102,1,0.01953125,0.02587890625,0.00634765625
L21H22,116,0,-0.0067138671875,-0.156005859375,-0.1492919921875
L21H22,116,1,0.001953125,-0.09130859375,-0.09326171875
L21H22,130,0,0.00244140625,0.066650390625,0.064208984375
L21H22,130,1,0.001251220703125,0.02154541015625,0.020294189453125
L21H22,150,0,0.00103759765625,0.100341796875,0.09930419921875
L21H22,150,1,0.00341796875,-0.02294921875,-0.0263671875
L21H22,154,0,0.006103515625,0.062744140625,0.056640625
L21H22,154,1,0.005615234375,0.112548828125,0.10693359375
L21H22,162,0,0.0009765625,0.12939453125,0.12841796875
L21H22,162,1,-0.00830078125,-0.068359375,-0.06005859375
L21H22,176,0,0.001708984375,0.048583984375,0.046875
L21H22,176,1,-0.0078125,-0.0703125,-0.0625
L21H22,178,0,0.00225830078125,-0.10141372680664,-0.10367202758789
L21H22,178,1,-0.00244140625,-0.05029296875,-0.0478515625
L21H22,186,0,-0.00390625,0.003173828125,0.007080078125
L21H22,186,1,-0.01416015625,-0.01171875,0.00244140625
L21H22,192,0,-0.013916015625,-0.040283203125,-0.0263671875
L21H22,192,1,-0.0118408203125,-0.0802001953125,-0.068359375
L21H22,196,0,0.0029296875,0.0615234375,0.05859375
L21H22,196,1,-0.0087890625,-0.0849609375,-0.076171875
L21H23,0,0,0.7269287109375,0.77490234375,0.0479736328125
L21H23,0,1,0.484619140625,0.59228515625,0.107666015625
L21H23,16,0,1.0203857421875,1.098602294921875,0.078216552734375
L21H23,16,1,0.626953125,0.59814453125,-0.02880859375
L21H23,32,0,1.0539741516113281,0.9332847595214844,-0.12068939208984375
L21H23,32,1,0.354248046875,0.409423828125,0.05517578125
L21H23,48,0,0.33447265625,0.395416259765625,0.060943603515625
L21H23,48,1,0.26934814453125,0.288909912109375,0.019561767578125
L21H23,56,0,0.232269287109375,0.1942138671875,-0.038055419921875
L21H23,56,1,0.677734375,0.577392578125,-0.100341796875
L21H23,64,0,0.546142578125,0.499755859375,-0.04638671875
L21H23,64,1,0.4620361328125,0.539794921875,0.0777587890625
L21H23,82,0,0.3603515625,0.40576171875,0.04541015625
L21H23,82,1,-0.15625,-0.1546630859375,0.0015869140625
L21H23,96,0,0.4701080322265625,0.2628936767578125,-0.20721435546875
L21H23,96,1,1.375,1.442138671875,0.067138671875
L21H23,98,0,0.5457763671875,0.52734375,-0.0184326171875
L21H23,98,1,1.7818603515625,1.67919921875,-0.1026611328125
L21H23,102,0,0.9580726623535156,1.076446533203125,0.11837387084960938
L21H23,102,1,1.8602294921875,1.88067626953125,0.02044677734375
L21H23,116,0,0.22119140625,0.080810546875,-0.140380859375
L21H23,116,1,0.1806640625,0.09521484375,-0.08544921875
L21H23,130,0,0.276123046875,0.349609375,0.073486328125
L21H23,130,1,0.4609832763671875,0.4928970336914062,0.031913757324218694
L21H23,150,0,0.2301025390625,0.34051513671875,0.11041259765625
L21H23,150,1,0.212890625,0.22216796875,0.00927734375
L21H23,154,0,0.20556640625,0.24267578125,0.037109375
L21H23,154,1,0.1552734375,0.2611083984375,0.1058349609375
L21H23,162,0,0.40673828125,0.5439453125,0.13720703125
L21H23,162,1,1.23974609375,1.22119140625,-0.0185546875
L21H23,176,0,0.412109375,0.48193359375,0.06982421875
L21H23,176,1,0.4560546875,0.37939453125,-0.07666015625
L21H23,178,0,0.5443115234375,0.498191833496094,-0.04611968994140597
L21H23,178,1,0.578125,0.52294921875,-0.05517578125
L21H23,186,0,1.207275390625,1.2032470703125,-0.0040283203125
L21H23,186,1,1.144775390625,1.138427734375,-0.00634765625
L21H23,192,0,0.57763671875,0.53369140625,-0.0439453125
L21H23,192,1,1.03009033203125,0.9707794189453125,-0.0593109130859375
L21H23,196,0,1.04296875,1.099609375,0.056640625
L21H23,196,1,0.78369140625,0.70263671875,-0.0810546875
L21H24,0,0,0.0201416015625,0.09869384765625,0.07855224609375
L21H24,0,1,0.00927734375,0.142333984375,0.133056640625
L21H24,16,0,0.049774169921875,0.1036376953125,0.053863525390625
L21H24,16,1,-0.002197265625,-0.021728515625,-0.01953125
L21H24,32,0,0.11474609375,0.027130126953125,-0.087615966796875
L21H24,32,1,0.041259765625,0.08056640625,0.039306640625
L21H24,48,0,0.028289794921875,0.073455810546875,0.045166015625
L21H24,48,1,-0.022308349609375,-0.015228271484375,0.007080078125
L21H24,56,0,0.053070068359375,0.008575439453125,-0.04449462890625
L21H24,56,1,0.002197265625,-0.10498046875,-0.107177734375
L21H24,64,0,-0.01806640625,-0.04931640625,-0.03125
L21H24,64,1,0.0057373046875,0.0701904296875,0.064453125
L21H24,82,0,0.001953125,0.020751953125,0.018798828125
L21H24,82,1,-0.005126953125,0.00537109375,0.010498046875
L21H24,96,0,0.020965576171875,-0.1234893798828125,-0.1444549560546875
L21H24,96,1,0.078369140625,0.173095703125,0.0947265625
L21H24,98,0,0.0108642578125,0.00189208984375,-0.00897216796875
L21H24,98,1,0.0198974609375,-0.0772705078125,-0.09716796875
L21H24,102,0,-0.07365989685058594,-0.0328102111816406,0.04084968566894534
L21H24,102,1,-0.0234375,-0.007080078125,0.016357421875
L21H24,116,0,0.013671875,-0.1221923828125,-0.1358642578125
L21H24,116,1,-0.01025390625,-0.09130859375,-0.0810546875
L21H24,130,0,0.050048828125,0.083740234375,0.03369140625
L21H24,130,1,0.02020263671875,0.04248046875,0.02227783203125
L21H24,150,0,0.03900146484375,0.133056640625,0.09405517578125
L21H24,150,1,0.01025390625,-0.00830078125,-0.0185546875
L21H24,154,0,-0.007080078125,0.03662109375,0.043701171875
L21H24,154,1,-0.0091552734375,0.0892333984375,0.098388671875
L21H24,162,0,0.046875,0.17138671875,0.12451171875
L21H24,162,1,0.02392578125,-0.03369140625,-0.0576171875
L21H24,176,0,0.00048828125,0.086669921875,0.086181640625
L21H24,176,1,0.02197265625,-0.09716796875,-0.119140625
L21H24,178,0,0.0299835205078125,-0.05132675170898375,-0.08131027221679625
L21H24,178,1,0.04833984375,-0.00830078125,-0.056640625
L21H24,186,0,0.0250244140625,0.0428466796875,0.017822265625
L21H24,186,1,0.014404296875,0.00439453125,-0.010009765625
L21H24,192,0,0.021484375,-0.036376953125,-0.057861328125
L21H24,192,1,0.0185546875,-0.0601806640625,-0.0787353515625
L21H24,196,0,0.0224609375,0.0908203125,0.068359375
L21H24,196,1,0.029296875,-0.0439453125,-0.0732421875
L21H25,0,0,0.03460693359375,0.099365234375,0.06475830078125
L21H25,0,1,0.033935546875,0.1572265625,0.123291015625
L21H25,16,0,0.145782470703125,0.220794677734375,0.07501220703125
L21H25,16,1,0.0849609375,0.03466796875,-0.05029296875
L21H25,32,0,0.067352294921875,-0.028167724609375,-0.09552001953125
L21H25,32,1,0.07568359375,0.119384765625,0.043701171875
L21H25,48,0,-0.00189208984375,0.07122802734375,0.0731201171875
L21H25,48,1,0.0057525634765625,0.0037994384765625,-0.001953125
L21H25,56,0,-0.065826416015625,-0.14697265625,-0.081146240234375
L21H25,56,1,-0.003662109375,-0.093994140625,-0.09033203125
L21H25,64,0,0.030029296875,-0.032958984375,-0.06298828125
L21H25,64,1,0.0426025390625,0.111083984375,0.0684814453125
L21H25,82,0,0.0029296875,0.048583984375,0.045654296875
L21H25,82,1,0.021240234375,0.02001953125,-0.001220703125
L21H25,96,0,0.02313232421875,-0.1221160888671875,-0.1452484130859375
L21H25,96,1,0.024658203125,0.097412109375,0.07275390625
L21H25,98,0,0.10693359375,0.06573486328125,-0.04119873046875
L21H25,98,1,0.413330078125,0.3226318359375,-0.0906982421875
L21H25,102,0,-0.024816513061523438,0.014556884765625,0.03937339782714844
L21H25,102,1,-0.027587890625,-0.0078125,0.019775390625
L21H25,116,0,0.0479736328125,-0.079833984375,-0.1278076171875
L21H25,116,1,0.0498046875,-0.03271484375,-0.08251953125
L21H25,130,0,0.053466796875,0.105712890625,0.05224609375
L21H25,130,1,0.11260986328125,0.1611328125,0.04852294921875
L21H25,150,0,0.010894775390625,0.11602783203125,0.105133056640625
L21H25,150,1,-0.01123046875,-0.01416015625,-0.0029296875
L21H25,154,0,0.1669921875,0.236083984375,0.069091796875
L21H25,154,1,0.051025390625,0.1573486328125,0.1063232421875
L21H25,162,0,0.0458984375,0.1748046875,0.12890625
L21H25,162,1,0.1240234375,0.099609375,-0.0244140625
L21H25,176,0,0.0234375,0.063232421875,0.039794921875
L21H25,176,1,0.14599609375,0.04052734375,-0.10546875
L21H25,178,0,-0.04715728759765625,-0.1394462585449213,-0.09228897094726504
L21H25,178,1,0.0712890625,0.00732421875,-0.06396484375
L21H25,186,0,0.02392578125,0.0072021484375,-0.0167236328125
L21H25,186,1,0.055419921875,0.039306640625,-0.01611328125
L21H25,192,0,0.124267578125,0.104248046875,-0.02001953125
L21H25,192,1,0.0762939453125,-0.0087890625,-0.0850830078125
L21H25,196,0,-0.0224609375,0.03125,0.0537109375
L21H25,196,1,0.1181640625,0.01953125,-0.0986328125
L21H27,0,0,0.1729736328125,0.21502685546875,0.04205322265625
L21H27,0,1,0.035400390625,0.160400390625,0.125
L21H27,16,0,0.0500030517578125,0.1107330322265625,0.06072998046875
L21H27,16,1,-0.0078125,-0.06494140625,-0.05712890625
L21H27,32,0,0.9140510559082031,0.8649673461914062,-0.049083709716796875
L21H27,32,1,0.132568359375,0.14990234375,0.017333984375
L21H27,48,0,-0.07086944580078125,0.009193420410156299,0.08006286621093756
L21H27,48,1,-0.032135009765625,-0.0367279052734375,-0.0045928955078125
L21H27,56,0,-0.05938720703125,-0.11075973510742179,-0.05137252807617179
L21H27,56,1,0.079345703125,-0.028076171875,-0.107421875
L21H27,64,0,0.011474609375,-0.043701171875,-0.05517578125
L21H27,64,1,0.037109375,0.09619140625,0.05908203125
L21H27,82,0,-0.16845703125,-0.126220703125,0.042236328125
L21H27,82,1,0.006591796875,0.0128173828125,0.0062255859375
L21H27,96,0,0.0392608642578125,-0.1348114013671875,-0.174072265625
L21H27,96,1,0.039306640625,0.096435546875,0.05712890625
L21H27,98,0,-0.00048828125,0.0120849609375,0.0125732421875
L21H27,98,1,0.07763671875,-0.0045166015625,-0.0821533203125
L21H27,102,0,0.1891937255859375,0.22267246246337902,0.03347873687744152
L21H27,102,1,0.059326171875,0.06396484375,0.004638671875
L21H27,116,0,0.0533447265625,-0.04541015625,-0.0987548828125
L21H27,116,1,0.0419921875,-0.0595703125,-0.1015625
L21H27,130,0,0.039306640625,0.096435546875,0.05712890625
L21H27,130,1,0.119293212890625,0.13922119140625,0.019927978515625
L21H27,150,0,0.20208740234375,0.27764892578125,0.0755615234375
L21H27,150,1,0.052734375,0.02880859375,-0.02392578125
L21H27,154,0,-0.1029052734375,-0.02587890625,0.0770263671875
L21H27,154,1,-0.0115966796875,0.10595703125,0.1175537109375
L21H27,162,0,0.0126953125,0.130859375,0.1181640625
L21H27,162,1,0.0302734375,-0.01708984375,-0.04736328125
L21H27,176,0,0.0322265625,0.097900390625,0.065673828125
L21H27,176,1,0.09912109375,0.02392578125,-0.0751953125
L21H27,178,0,-0.06311798095703125,-0.1376991271972653,-0.07458114624023404
L21H27,178,1,0.0087890625,-0.0380859375,-0.046875
L21H27,186,0,-0.009521484375,0.01226806640625,0.02178955078125
L21H27,186,1,-0.029296875,-0.021728515625,0.007568359375
L21H27,192,0,0.056396484375,0.0009765625,-0.055419921875
L21H27,192,1,0.10205078125,0.032470703125,-0.069580078125
L21H27,196,0,0.203125,0.2705078125,0.0673828125
L21H27,196,1,0.173828125,0.109375,-0.064453125
L22H5,0,0,0.67547607421875,0.73211669921875,0.056640625
L22H5,0,1,0.258056640625,0.401123046875,0.14306640625
L22H5,16,0,1.245330810546875,1.34747314453125,0.102142333984375
L22H5,16,1,1.144287109375,1.1279296875,-0.016357421875
L22H5,32,0,1.08392333984375,1.050933837890625,-0.032989501953125
L22H5,32,1,0.478759765625,0.516357421875,0.03759765625
L22H5,48,0,1.7342529296875,1.795013427734375,0.060760498046875
L22H5,48,1,0.055328369140625,0.051910400390625,-0.00341796875
L22H5,56,0,0.613311767578125,0.53021240234375,-0.083099365234375
L22H5,56,1,0.9541015625,0.863037109375,-0.091064453125
L22H5,64,0,0.977783203125,0.9267578125,-0.051025390625
L22H5,64,1,0.4560546875,0.526123046875,0.070068359375
L22H5,82,0,1.4072265625,1.482421875,0.0751953125
L22H5,82,1,0.8203125,0.80859375,-0.01171875
L22H5,96,0,1.6893157958984375,1.5228271484375,-0.1664886474609375
L22H5,96,1,1.435302734375,1.520263671875,0.0849609375
L22H5,98,0,1.66357421875,1.68359375,0.02001953125
L22H5,98,1,0.6494140625,0.5478515625,-0.1015625
L22H5,102,0,1.7439422607421875,1.8101806640625,0.0662384033203125
L22H5,102,1,0.804443359375,0.822509765625,0.01806640625
L22H5,116,0,1.102294921875,0.9534912109375,-0.1488037109375
L22H5,116,1,0.3955078125,0.3291015625,-0.06640625
L22H5,130,0,1.299560546875,1.326171875,0.026611328125
L22H5,130,1,0.816802978515625,0.83856201171875,0.021759033203125
L22H5,150,0,0.789520263671875,0.914520263671875,0.125
L22H5,150,1,0.431640625,0.41552734375,-0.01611328125
L22H5,154,0,0.793701171875,0.8408203125,0.047119140625
L22H5,154,1,0.4552001953125,0.5506591796875,0.095458984375
L22H5,162,0,1.41064453125,1.51806640625,0.107421875
L22H5,162,1,2.1103515625,2.06494140625,-0.04541015625
L22H5,176,0,0.964599609375,1.037841796875,0.0732421875
L22H5,176,1,0.90380859375,0.845703125,-0.05810546875
L22H5,178,0,1.8884506225585938,1.7785758972167975,-0.10987472534179621
L22H5,178,1,0.857421875,0.81640625,-0.041015625
L22H5,186,0,1.3984375,1.3896484375,-0.0087890625
L22H5,186,1,1.1796875,1.150634765625,-0.029052734375
L22H5,192,0,2.39013671875,2.3408203125,-0.04931640625
L22H5,192,1,0.954833984375,0.881103515625,-0.07373046875
L22H5,196,0,1.708984375,1.7763671875,0.0673828125
L22H5,196,1,0.98876953125,0.943359375,-0.04541015625
L22H15,0,0,0.0009765625,0.037841796875,0.036865234375
L22H15,0,1,0.001953125,0.10302734375,0.10107421875
L22H15,16,0,0.002532958984375,0.1124267578125,0.109893798828125
L22H15,16,1,0.002685546875,-0.02001953125,-0.022705078125
L22H15,32,0,0.003936767578125,-0.105865478515625,-0.10980224609375
L22H15,32,1,0.00048828125,0.07958984375,0.0791015625
L22H15,48,0,0.003814697265625,0.0323486328125,0.028533935546875
L22H15,48,1,-0.0017242431640625,-0.0057525634765625,-0.0040283203125
L22H15,56,0,0.00067138671875,-0.08087158203125,-0.08154296875
L22H15,56,1,-0.000244140625,-0.091796875,-0.091552734375
L22H15,64,0,0.001220703125,-0.084716796875,-0.0859375
L22H15,64,1,-0.0025634765625,0.0621337890625,0.064697265625
L22H15,82,0,-0.002197265625,0.0263671875,0.028564453125
L22H15,82,1,0.0028076171875,-0.012939453125,-0.0157470703125
L22H15,96,0,-0.0063629150390625,-0.14923095703125,-0.1428680419921875
L22H15,96,1,0.00537109375,0.1142578125,0.10888671875
L22H15,98,0,-0.0035400390625,0.02081298828125,0.02435302734375
L22H15,98,1,-0.0072021484375,-0.1016845703125,-0.094482421875
L22H15,102,0,-0.000946044921875,0.0414581298828125,0.0424041748046875
L22H15,102,1,0.000732421875,0.0244140625,0.023681640625
L22H15,116,0,-0.000732421875,-0.1173095703125,-0.1165771484375
L22H15,116,1,-0.00146484375,-0.08056640625,-0.0791015625
L22H15,130,0,0.00048828125,0.0546875,0.05419921875
L22H15,130,1,0.002716064453125,0.041717529296875,0.03900146484375
L22H15,150,0,-0.0006103515625,0.12274169921875,0.12335205078125
L22H15,150,1,-0.001953125,0.00244140625,0.00439453125
L22H15,154,0,0.003173828125,0.044189453125,0.041015625
L22H15,154,1,-0.00048828125,0.0701904296875,0.0706787109375
L22H15,162,0,0.00341796875,0.1162109375,0.11279296875
L22H15,162,1,-0.00048828125,-0.0556640625,-0.05517578125
L22H15,176,0,-0.001708984375,0.07421875,0.075927734375
L22H15,176,1,-0.00244140625,-0.04052734375,-0.0380859375
L22H15,178,0,-0.00685882568359375,-0.1492385864257805,-0.14237976074218675
L22H15,178,1,0.00048828125,-0.0263671875,-0.02685546875
L22H15,186,0,-0.0028076171875,-0.0252685546875,-0.0224609375
L22H15,186,1,-0.0009765625,-0.021240234375,-0.020263671875
L22H15,192,0,-0.00048828125,-0.034912109375,-0.034423828125
L22H15,192,1,0.001953125,-0.077880859375,-0.079833984375
L22H15,196,0,0.005859375,0.0703125,0.064453125
L22H15,196,1,-0.0,-0.056640625,-0.056640625
L22H31,0,0,-0.0028076171875,0.03515625,0.0379638671875
L22H31,0,1,-0.0078125,0.117919921875,0.125732421875
L22H31,16,0,-0.00634765625,0.112701416015625,0.119049072265625
L22H31,16,1,0.000244140625,-0.025390625,-0.025634765625
L22H31,32,0,0.00347900390625,-0.1046142578125,-0.10809326171875
L22H31,32,1,0.007568359375,0.05322265625,0.045654296875
L22H31,48,0,0.029510498046875,0.097900390625,0.068389892578125
L22H31,48,1,0.0058746337890625,0.0125885009765625,0.0067138671875
L22H31,56,0,0.008636474609375,-0.0672607421875,-0.075897216796875
L22H31,56,1,0.070556640625,-0.013671875,-0.084228515625
L22H31,64,0,0.028564453125,-0.03515625,-0.063720703125
L22H31,64,1,0.0235595703125,0.08154296875,0.0579833984375
L22H31,82,0,0.014892578125,0.0693359375,0.054443359375
L22H31,82,1,0.02880859375,0.02685546875,-0.001953125
L22H31,96,0,0.011962890625,-0.15179443359375,-0.16375732421875
L22H31,96,1,0.02001953125,0.1259765625,0.10595703125
L22H31,98,0,-0.01934814453125,0.00067138671875,0.02001953125
L22H31,98,1,0.010498046875,-0.0694580078125,-0.0799560546875
L22H31,102,0,0.0011749267578125,0.008514404296875,0.0073394775390625
L22H31,102,1,0.00390625,0.025634765625,0.021728515625
L22H31,116,0,0.0111083984375,-0.08154296875,-0.0926513671875
L22H31,116,1,0.01123046875,-0.0595703125,-0.07080078125
L22H31,130,0,0.000244140625,0.066162109375,0.06591796875
L22H31,130,1,0.01025390625,0.044158935546875,0.033905029296875
L22H31,150,0,0.005859375,0.1361083984375,0.1302490234375
L22H31,150,1,0.0009765625,-0.0478515625,-0.048828125
L22H31,154,0,0.0048828125,0.05615234375,0.05126953125
L22H31,154,1,0.0107421875,0.1016845703125,0.0909423828125
L22H31,162,0,0.00927734375,0.10498046875,0.095703125
L22H31,162,1,0.06005859375,0.0498046875,-0.01025390625
L22H31,176,0,0.004638671875,0.0908203125,0.086181640625
L22H31,176,1,0.01171875,-0.03369140625,-0.04541015625
L22H31,178,0,0.006755828857421875,-0.1027832031249993,-0.10953903198242118
L22H31,178,1,0.0244140625,-0.01611328125,-0.04052734375
L22H31,186,0,0.0242919921875,0.0191650390625,-0.005126953125
L22H31,186,1,0.08740234375,0.079833984375,-0.007568359375
L22H31,192,0,0.009033203125,-0.029541015625,-0.03857421875
L22H31,192,1,0.0130615234375,-0.0706787109375,-0.083740234375
L22H31,196,0,0.009765625,0.0888671875,0.0791015625
L22H31,196,1,0.017578125,-0.029296875,-0.046875
L23H10,0,0,0.00091552734375,0.05755615234375,0.056640625
L23H10,0,1,0.035400390625,0.153076171875,0.11767578125
L23H10,16,0,0.003387451171875,0.0886077880859375,0.0852203369140625
L23H10,16,1,0.026611328125,-0.011962890625,-0.03857421875
L23H10,32,0,-0.121490478515625,-0.181640625,-0.060150146484375
L23H10,32,1,0.04541015625,0.0703125,0.02490234375
L23H10,48,0,-0.0330810546875,0.011474609375,0.0445556640625
L23H10,48,1,0.103790283203125,0.1010284423828125,-0.0027618408203125
L23H10,56,0,-0.074554443359375,-0.159149169921875,-0.0845947265625
L23H10,56,1,0.118408203125,0.007568359375,-0.11083984375
L23H10,64,0,-0.058349609375,-0.145751953125,-0.08740234375
L23H10,64,1,0.00244140625,0.0362548828125,0.0338134765625
L23H10,82,0,0.0107421875,0.092041015625,0.081298828125
L23H10,82,1,0.038818359375,0.025390625,-0.013427734375
L23H10,96,0,-0.14306640625,-0.331695556640625,-0.188629150390625
L23H10,96,1,0.08544921875,0.20263671875,0.1171875
L23H10,98,0,-0.0244140625,-0.01788330078125,0.00653076171875
L23H10,98,1,0.13336181640625,0.05810546875,-0.07525634765625
L23H10,102,0,-0.067840576171875,-0.055572509765625,0.01226806640625
L23H10,102,1,0.093505859375,0.089599609375,-0.00390625
L23H10,116,0,-0.04931640625,-0.1392822265625,-0.0899658203125
L23H10,116,1,0.18505859375,0.1123046875,-0.07275390625
L23H10,130,0,-0.02880859375,-0.003662109375,0.025146484375
L23H10,130,1,-0.0389404296875,-0.06719970703125,-0.02825927734375
L23H10,150,0,-0.0106201171875,0.087158203125,0.0977783203125
L23H10,150,1,0.10107421875,0.1044921875,0.00341796875
L23H10,154,0,-0.0078125,0.058837890625,0.066650390625
L23H10,154,1,0.1407470703125,0.2176513671875,0.076904296875
L23H10,162,0,-0.0439453125,-0.0068359375,0.037109375
L23H10,162,1,0.09521484375,0.01953125,-0.07568359375
L23H10,176,0,0.001708984375,0.03759765625,0.035888671875
L23H10,176,1,0.07861328125,0.06982421875,-0.0087890625
L23H10,178,0,-0.0489349365234375,-0.1140899658203125,-0.065155029296875
L23H10,178,1,0.15673828125,0.1455078125,-0.01123046875
L23H10,186,0,-0.0946044921875,-0.1236572265625,-0.029052734375
L23H10,186,1,-0.010498046875,-0.012939453125,-0.00244140625
L23H10,192,0,-0.007568359375,-0.023193359375,-0.015625
L23H10,192,1,0.0484619140625,-0.001220703125,-0.0496826171875
L23H10,196,0,-0.0224609375,0.0673828125,0.08984375
L23H10,196,1,0.0517578125,0.02734375,-0.0244140625
L23H15,0,0,-1.93414306640625,-1.895294189453125,0.038848876953125
L23H15,0,1,-1.1502685546875,-1.041015625,0.1092529296875
L23H15,16,0,-1.052581787109375,-0.994842529296875,0.0577392578125
L23H15,16,1,-0.64306640625,-0.6650390625,-0.02197265625
L23H15,32,0,-2.233612060546875,-2.294219970703125,-0.06060791015625
L23H15,32,1,-0.846923828125,-0.809326171875,0.03759765625
L23H15,48,0,-1.073974609375,-1.033233642578125,0.040740966796875
L23H15,48,1,-0.449615478515625,-0.449066162109375,0.00054931640625
L23H15,56,0,-0.534820556640625,-0.602874755859375,-0.06805419921875
L23H15,56,1,-0.9261474609375,-1.009033203125,-0.0828857421875
L23H15,64,0,-0.409912109375,-0.47412109375,-0.064208984375
L23H15,64,1,-0.516357421875,-0.47314453125,0.043212890625
L23H15,82,0,-0.59033203125,-0.509521484375,0.080810546875
L23H15,82,1,-0.036865234375,-0.029541015625,0.00732421875
L23H15,96,0,-1.8117828369140625,-1.980133056640625,-0.1683502197265625
L23H15,96,1,-2.873779296875,-2.723388671875,0.150390625
L23H15,98,0,-0.9869384765625,-0.9786376953125,0.00830078125
L23H15,98,1,-1.065948486328125,-1.128448486328125,-0.0625
L23H15,102,0,-1.1043243408203125,-1.0784149169921875,0.025909423828125
L23H15,102,1,-1.2158203125,-1.22607421875,-0.01025390625
L23H15,116,0,-0.9736328125,-1.1031494140625,-0.1295166015625
L23H15,116,1,-0.93359375,-1.0126953125,-0.0791015625
L23H15,130,0,-0.697021484375,-0.632568359375,0.064453125
L23H15,130,1,-0.488555908203125,-0.508087158203125,-0.01953125
L23H15,150,0,-1.50738525390625,-1.4747314453125,0.03265380859375
L23H15,150,1,-0.47998046875,-0.47802734375,0.001953125
L23H15,154,0,-1.126708984375,-1.07763671875,0.049072265625
L23H15,154,1,-0.75274658203125,-0.67578125,0.07696533203125
L23H15,162,0,-0.685546875,-0.63916015625,0.04638671875
L23H15,162,1,-0.9541015625,-0.98486328125,-0.03076171875
L23H15,176,0,-0.442138671875,-0.406005859375,0.0361328125
L23H15,176,1,-0.9814453125,-1.00390625,-0.0224609375
L23H15,178,0,-0.8563613891601562,-0.9015693664550779,-0.04520797729492165
L23H15,178,1,-0.54052734375,-0.55908203125,-0.0185546875
L23H15,186,0,-1.142578125,-1.16259765625,-0.02001953125
L23H15,186,1,-1.3154296875,-1.3134765625,0.001953125
L23H15,192,0,-0.638916015625,-0.681884765625,-0.04296875
L23H15,192,1,-1.1614990234375,-1.2332763671875,-0.07177734375
L23H15,196,0,-0.50048828125,-0.435546875,0.06494140625
L23H15,196,1,-0.3359375,-0.3505859375,-0.0146484375
L23H17,0,0,-0.003662109375,0.01361083984375,0.01727294921875
L23H17,0,1,0.004150390625,0.108642578125,0.1044921875
L23H17,16,0,0.001068115234375,0.0718994140625,0.070831298828125
L23H17,16,1,-0.0048828125,-0.026611328125,-0.021728515625
L23H17,32,0,-0.004608154296875,-0.028289794921875,-0.023681640625
L23H17,32,1,0.00244140625,0.063720703125,0.061279296875
L23H17,48,0,-0.006072998046875,0.026123046875,0.032196044921875
L23H17,48,1,-0.0009765625,-0.007598876953125,-0.006622314453125
L23H17,56,0,0.004302978515625,-0.09051513671875,-0.094818115234375
L23H17,56,1,0.001953125,-0.0986328125,-0.1005859375
L23H17,64,0,-0.001953125,-0.043212890625,-0.041259765625
L23H17,64,1,-0.0045166015625,0.0340576171875,0.03857421875
L23H17,82,0,-0.004150390625,0.09716796875,0.101318359375
L23H17,82,1,-0.00048828125,-0.0048828125,-0.00439453125
L23H17,96,0,-0.00897216796875,-0.19000244140625,-0.1810302734375
L23H17,96,1,0.003662109375,0.142578125,0.138916015625
L23H17,98,0,-0.00537109375,-0.002685546875,0.002685546875
L23H17,98,1,-0.005615234375,-0.081787109375,-0.076171875
L23H17,102,0,0.004150390625,0.01458740234375,0.01043701171875
L23H17,102,1,-0.0,0.002685546875,0.002685546875
L23H17,116,0,-0.0013427734375,-0.0994873046875,-0.09814453125
L23H17,116,1,0.00146484375,-0.08740234375,-0.0888671875
L23H17,130,0,0.00048828125,0.0498046875,0.04931640625
L23H17,130,1,0.004669189453125,-0.016357421875,-0.021026611328125
L23H17,150,0,0.00140380859375,0.094482421875,0.09307861328125
L23H17,150,1,0.00048828125,0.005859375,0.00537109375
L23H17,154,0,0.00390625,0.050048828125,0.046142578125
L23H17,154,1,0.000244140625,0.0601806640625,0.0599365234375
L23H17,162,0,0.00390625,0.04150390625,0.03759765625
L23H17,162,1,0.00244140625,-0.05810546875,-0.060546875
L23H17,176,0,0.001708984375,0.02294921875,0.021240234375
L23H17,176,1,-0.00537109375,-0.02392578125,-0.0185546875
L23H17,178,0,-0.0027313232421875,-0.07661819458007818,-0.07388687133789068
L23H17,178,1,-0.0068359375,0.00146484375,0.00830078125
L23H17,186,0,0.004150390625,-0.0211181640625,-0.0252685546875
L23H17,186,1,-0.000244140625,-0.016357421875,-0.01611328125
L23H17,192,0,-0.002197265625,-0.012451171875,-0.01025390625
L23H17,192,1,-0.002197265625,-0.073486328125,-0.0712890625
L23H17,196,0,0.005859375,0.0908203125,0.0849609375
L23H17,196,1,-0.0,-0.0283203125,-0.0283203125
L24H17,0,0,0.09210205078125,0.1256103515625,0.03350830078125
L24H17,0,1,0.02001953125,0.11376953125,0.09375
L24H17,16,0,-0.04095458984375,0.00653076171875,0.0474853515625
L24H17,16,1,-0.049560546875,-0.074951171875,-0.025390625
L24H17,32,0,0.1177215576171875,0.0706329345703125,-0.047088623046875
L24H17,32,1,0.034912109375,0.116943359375,0.08203125
L24H17,48,0,-0.0784149169921875,-0.0396881103515625,0.038726806640625
L24H17,48,1,-0.00909423828125,-0.0066680908203125,0.0024261474609375
L24H17,56,0,-0.202484130859375,-0.303192138671875,-0.1007080078125
L24H17,56,1,-0.090576171875,-0.167236328125,-0.07666015625
L24H17,64,0,-0.007568359375,-0.08935546875,-0.081787109375
L24H17,64,1,0.0740966796875,0.1051025390625,0.031005859375
L24H17,82,0,0.070068359375,0.153076171875,0.0830078125
L24H17,82,1,0.0008544921875,-0.0062255859375,-0.007080078125
L24H17,96,0,0.3041534423828125,0.1668701171875,-0.1372833251953125
L24H17,96,1,0.198486328125,0.29052734375,0.092041015625
L24H17,98,0,0.0465087890625,0.080322265625,0.0338134765625
L24H17,98,1,0.14764404296875,0.0849609375,-0.06268310546875
L24H17,102,0,0.1776580810546875,0.2034912109375,0.0258331298828125
L24H17,102,1,0.03173828125,0.00927734375,-0.0224609375
L24H17,116,0,0.4139404296875,0.3026123046875,-0.111328125
L24H17,116,1,0.130859375,0.0693359375,-0.0615234375
L24H17,130,0,0.160888671875,0.126220703125,-0.03466796875
L24H17,130,1,0.05023193359375,0.048675537109375,-0.001556396484375
L24H17,150,0,0.0458984375,0.1617431640625,0.1158447265625
L24H17,150,1,-0.1875,-0.20849609375,-0.02099609375
L24H17,154,0,0.104248046875,0.211181640625,0.10693359375
L24H17,154,1,0.021728515625,0.096435546875,0.07470703125
L24H17,162,0,0.021484375,0.0478515625,0.0263671875
L24H17,162,1,0.06103515625,-0.01513671875,-0.076171875
L24H17,176,0,0.091064453125,0.137939453125,0.046875
L24H17,176,1,0.1826171875,0.1796875,-0.0029296875
L24H17,178,0,-0.5124282836914062,-0.552692413330078,-0.040264129638671764
L24H17,178,1,-0.09912109375,-0.06005859375,0.0390625
L24H17,186,0,-0.03424072265625,-0.066009521484375,-0.031768798828125
L24H17,186,1,-0.0,-0.012451171875,-0.012451171875
L24H17,192,0,0.045166015625,-0.067626953125,-0.11279296875
L24H17,192,1,-0.0057373046875,-0.068359375,-0.0626220703125
L24H17,196,0,0.0830078125,0.1435546875,0.060546875
L24H17,196,1,0.0107421875,-0.01171875,-0.0224609375
L25H11,0,0,0.00390625,0.0340576171875,0.0301513671875
L25H11,0,1,0.003662109375,0.104248046875,0.1005859375
L25H11,16,0,0.000213623046875,0.051055908203125,0.05084228515625
L25H11,16,1,-0.0029296875,-0.038330078125,-0.035400390625
L25H11,32,0,0.00537109375,-0.091888427734375,-0.097259521484375
L25H11,32,1,0.00048828125,0.130126953125,0.129638671875
L25H11,48,0,-0.0018310546875,0.0384521484375,0.040283203125
L25H11,48,1,-0.002105712890625,-0.01800537109375,-0.015899658203125
L25H11,56,0,-0.008697509765625,-0.051177978515625,-0.04248046875
L25H11,56,1,-0.00341796875,-0.10302734375,-0.099609375
L25H11,64,0,-0.000244140625,-0.0625,-0.062255859375
L25H11,64,1,-0.0045166015625,0.03662109375,0.0411376953125
L25H11,82,0,0.0048828125,0.0556640625,0.05078125
L25H11,82,1,-0.000732421875,-0.013916015625,-0.01318359375
L25H11,96,0,-0.00567626953125,-0.121978759765625,-0.116302490234375
L25H11,96,1,0.00244140625,0.080810546875,0.078369140625
L25H11,98,0,0.00396728515625,0.02069091796875,0.0167236328125
L25H11,98,1,-0.00146484375,-0.0584716796875,-0.0570068359375
L25H11,102,0,0.0063323974609375,0.02099609375,0.0146636962890625
L25H11,102,1,-0.000732421875,-0.022216796875,-0.021484375
L25H11,116,0,-0.0,-0.064453125,-0.064453125
L25H11,116,1,0.00048828125,-0.05517578125,-0.0556640625
L25H11,130,0,-0.00048828125,-0.048828125,-0.04833984375
L25H11,130,1,0.001983642578125,-0.006744384765625,-0.00872802734375
L25H11,150,0,-0.00030517578125,0.105712890625,0.10601806640625
L25H11,150,1,-0.0009765625,0.0009765625,0.001953125
L25H11,154,0,-0.0009765625,0.04443359375,0.04541015625
L25H11,154,1,0.00048828125,0.02734375,0.02685546875
L25H11,162,0,-0.00146484375,-0.0087890625,-0.00732421875
L25H11,162,1,-0.00341796875,-0.07568359375,-0.072265625
L25H11,176,0,-0.0,0.014892578125,0.014892578125
L25H11,176,1,0.0009765625,-0.037109375,-0.0380859375
L25H11,178,0,-0.0001678466796875,-0.1073455810546872,-0.1071777343749997
L25H11,178,1,-0.0,0.05029296875,0.05029296875
L25H11,186,0,-0.0030517578125,-0.0694580078125,-0.06640625
L25H11,186,1,-0.00146484375,-0.02197265625,-0.0205078125
L25H11,192,0,-0.00146484375,-0.072265625,-0.07080078125
L25H11,192,1,-0.003662109375,-0.05908203125,-0.055419921875
L25H11,196,0,-0.0009765625,0.056640625,0.0576171875
L25H11,196,1,0.001953125,-0.0302734375,-0.0322265625
L25H13,0,0,0.03875732421875,0.0814208984375,0.04266357421875
L25H13,0,1,0.017333984375,0.1259765625,0.108642578125
L25H13,16,0,0.05078125,0.1265869140625,0.0758056640625
L25H13,16,1,-0.00341796875,-0.047607421875,-0.044189453125
L25H13,32,0,-0.007843017578125,-0.095947265625,-0.088104248046875
L25H13,32,1,0.008544921875,0.103759765625,0.09521484375
L25H13,48,0,0.005340576171875,0.035980224609375,0.0306396484375
L25H13,48,1,-0.0051727294921875,-0.0131988525390625,-0.008026123046875
L25H13,56,0,0.038665771484375,-0.030670166015625,-0.0693359375
L25H13,56,1,0.02734375,-0.079833984375,-0.107177734375
L25H13,64,0,0.002685546875,-0.033203125,-0.035888671875
L25H13,64,1,0.002685546875,0.0435791015625,0.0408935546875
L25H13,82,0,-0.003662109375,0.072021484375,0.07568359375
L25H13,82,1,0.0234375,0.02294921875,-0.00048828125
L25H13,96,0,-0.0183258056640625,-0.133544921875,-0.1152191162109375
L25H13,96,1,-0.00439453125,0.07275390625,0.0771484375
L25H13,98,0,0.02471923828125,0.02886962890625,0.004150390625
L25H13,98,1,0.021240234375,-0.0340576171875,-0.0552978515625
L25H13,102,0,0.001953125,0.0399322509765625,0.0379791259765625
L25H13,102,1,0.00732421875,-0.020263671875,-0.027587890625
L25H13,116,0,-0.0142822265625,-0.08203125,-0.0677490234375
L25H13,116,1,0.00537109375,-0.0439453125,-0.04931640625
L25H13,130,0,-0.008056640625,-0.04931640625,-0.041259765625
L25H13,130,1,0.001312255859375,-0.012054443359375,-0.01336669921875
L25H13,150,0,0.004150390625,0.1092529296875,0.1051025390625
L25H13,150,1,0.0078125,-0.00341796875,-0.01123046875
L25H13,154,0,-0.0,0.060791015625,0.060791015625
L25H13,154,1,0.0198974609375,0.0604248046875,0.04052734375
L25H13,162,0,-0.03369140625,-0.0341796875,-0.00048828125
L25H13,162,1,-0.017578125,-0.08642578125,-0.06884765625
L25H13,176,0,0.01611328125,0.02294921875,0.0068359375
L25H13,176,1,-0.0029296875,-0.0283203125,-0.025390625
L25H13,178,0,-0.033222198486328125,-0.1212310791015622,-0.08800888061523407
L25H13,178,1,-0.01123046875,0.04833984375,0.0595703125
L25H13,186,0,0.024169921875,-0.053466796875,-0.07763671875
L25H13,186,1,-0.00244140625,-0.005859375,-0.00341796875
L25H13,192,0,-0.009033203125,-0.0458984375,-0.036865234375
L25H13,192,1,-0.0076904296875,-0.060546875,-0.0528564453125
L25H13,196,0,0.0166015625,0.0732421875,0.056640625
L25H13,196,1,0.001953125,-0.0244140625,-0.0263671875
L25H15,0,0,0.00079345703125,0.03363037109375,0.0328369140625
L25H15,0,1,0.00341796875,0.089599609375,0.086181640625
L25H15,16,0,-0.001220703125,0.073822021484375,0.075042724609375
L25H15,16,1,-0.002685546875,-0.01708984375,-0.014404296875
L25H15,32,0,0.009857177734375,-0.09088134765625,-0.100738525390625
L25H15,32,1,0.008056640625,0.11962890625,0.111572265625
L25H15,48,0,-0.000885009765625,0.01971435546875,0.020599365234375
L25H15,48,1,0.000213623046875,-0.01092529296875,-0.011138916015625
L25H15,56,0,-0.005828857421875,-0.05560302734375,-0.049774169921875
L25H15,56,1,-0.00048828125,-0.1005859375,-0.10009765625
L25H15,64,0,0.00048828125,-0.06982421875,-0.0703125
L25H15,64,1,0.0008544921875,0.03076171875,0.0299072265625
L25H15,82,0,-0.000244140625,0.059814453125,0.06005859375
L25H15,82,1,0.003173828125,-0.0020751953125,-0.0052490234375
L25H15,96,0,0.0035552978515625,-0.1488494873046875,-0.15240478515625
L25H15,96,1,0.00439453125,0.083984375,0.07958984375
L25H15,98,0,-0.010986328125,-0.00341796875,0.007568359375
L25H15,98,1,-0.0037841796875,-0.055419921875,-0.0516357421875
L25H15,102,0,0.002532958984375,0.002227783203125,-0.00030517578125
L25H15,102,1,0.001953125,-0.006591796875,-0.008544921875
L25H15,116,0,0.001953125,-0.08154296875,-0.08349609375
L25H15,116,1,0.0009765625,-0.0576171875,-0.05859375
L25H15,130,0,-0.00244140625,-0.037109375,-0.03466796875
L25H15,130,1,0.00103759765625,-0.01837158203125,-0.0194091796875
L25H15,150,0,0.00067138671875,0.1063232421875,0.10565185546875
L25H15,150,1,-0.0048828125,-0.001953125,0.0029296875
L25H15,154,0,-0.0,0.068115234375,0.068115234375
L25H15,154,1,0.0006103515625,0.038330078125,0.0377197265625
L25H15,162,0,0.00244140625,0.00830078125,0.005859375
L25H15,162,1,-0.0048828125,-0.05859375,-0.0537109375
L25H15,176,0,-0.006591796875,-0.011474609375,-0.0048828125
L25H15,176,1,-0.0048828125,-0.01953125,-0.0146484375
L25H15,178,0,-0.00719451904296875,-0.09598541259765579,-0.08879089355468704
L25H15,178,1,-0.0029296875,0.04541015625,0.04833984375
L25H15,186,0,-0.0025634765625,-0.0745849609375,-0.072021484375
L25H15,186,1,0.006591796875,-0.009033203125,-0.015625
L25H15,192,0,-0.005859375,-0.013671875,-0.0078125
L25H15,192,1,-0.0054931640625,-0.061279296875,-0.0557861328125
L25H15,196,0,-0.0,0.0380859375,0.0380859375
L25H15,196,1,-0.0009765625,-0.0244140625,-0.0234375
L25H17,0,0,1.00152587890625,1.040557861328125,0.039031982421875
L25H17,0,1,0.62109375,0.716552734375,0.095458984375
L25H17,16,0,0.987335205078125,1.036834716796875,0.04949951171875
L25H17,16,1,1.317138671875,1.273681640625,-0.04345703125
L25H17,32,0,2.675445556640625,2.564208984375,-0.111236572265625
L25H17,32,1,0.80810546875,0.90283203125,0.0947265625
L25H17,48,0,1.2396240234375,1.28216552734375,0.04254150390625
L25H17,48,1,0.607666015625,0.6029815673828125,-0.0046844482421875
L25H17,56,0,1.641204833984375,1.56011962890625,-0.081085205078125
L25H17,56,1,1.2584228515625,1.1656494140625,-0.0927734375
L25H17,64,0,2.05810546875,1.989501953125,-0.068603515625
L25H17,64,1,0.714599609375,0.7581787109375,0.0435791015625
L25H17,82,0,1.675537109375,1.7686767578125,0.0931396484375
L25H17,82,1,0.5701904296875,0.56494140625,-0.0052490234375
L25H17,96,0,1.8041839599609375,1.694610595703125,-0.1095733642578125
L25H17,96,1,1.44580078125,1.52197265625,0.076171875
L25H17,98,0,1.2572021484375,1.28338623046875,0.02618408203125
L25H17,98,1,1.5130615234375,1.4788818359375,-0.0341796875
L25H17,102,0,2.1803436279296875,2.230010986328125,0.0496673583984375
L25H17,102,1,1.3817138671875,1.362457275390625,-0.019256591796875
L25H17,116,0,2.33428955078125,2.25421142578125,-0.080078125
L25H17,116,1,1.01708984375,0.9697265625,-0.04736328125
L25H17,130,0,1.396240234375,1.351318359375,-0.044921875
L25H17,130,1,0.611724853515625,0.60888671875,-0.002838134765625
L25H17,150,0,1.222198486328125,1.322052001953125,0.099853515625
L25H17,150,1,0.8427734375,0.83349609375,-0.00927734375
L25H17,154,0,1.2568359375,1.315185546875,0.058349609375
L25H17,154,1,0.931640625,0.970703125,0.0390625
L25H17,162,0,1.12646484375,1.150146484375,0.023681640625
L25H17,162,1,0.74658203125,0.6962890625,-0.05029296875
L25H17,176,0,2.208251953125,2.233642578125,0.025390625
L25H17,176,1,2.115234375,2.091796875,-0.0234375
L25H17,178,0,1.4245834350585938,1.3869018554687502,-0.03768157958984353
L25H17,178,1,1.08251953125,1.11767578125,0.03515625
L25H17,186,0,1.5108642578125,1.435791015625,-0.0750732421875
L25H17,186,1,1.10888671875,1.091064453125,-0.017822265625
L25H17,192,0,1.319427490234375,1.263671875,-0.055755615234375
L25H17,192,1,0.9844970703125,0.9190673828125,-0.0654296875
L25H17,196,0,1.740234375,1.8095703125,0.0693359375
L25H17,196,1,1.03466796875,1.021484375,-0.01318359375
L25H18,0,0,-0.01800537109375,0.00323486328125,0.021240234375
L25H18,0,1,-0.02490234375,0.08056640625,0.10546875
L25H18,16,0,-0.0446014404296875,0.004631042480468799,0.0492324829101563
L25H18,16,1,-0.069580078125,-0.102294921875,-0.03271484375
L25H18,32,0,0.0419921875,-0.033538818359375,-0.075531005859375
L25H18,32,1,-0.015380859375,0.092041015625,0.107421875
L25H18,48,0,-0.02130126953125,0.0331878662109375,0.0544891357421875
L25H18,48,1,-0.03851318359375,-0.0460052490234375,-0.0074920654296875
L25H18,56,0,-0.0919647216796875,-0.1319427490234375,-0.03997802734375
L25H18,56,1,-0.012939453125,-0.121826171875,-0.10888671875
L25H18,64,0,-0.002197265625,-0.055908203125,-0.0537109375
L25H18,64,1,-0.0098876953125,0.0341796875,0.0440673828125
L25H18,82,0,0.089599609375,0.152587890625,0.06298828125
L25H18,82,1,0.0089111328125,0.003662109375,-0.0052490234375
L25H18,96,0,0.6356048583984375,0.52398681640625,-0.1116180419921875
L25H18,96,1,0.282470703125,0.356689453125,0.07421875
L25H18,98,0,-0.0179443359375,0.01031494140625,0.02825927734375
L25H18,98,1,-0.0037841796875,-0.0478515625,-0.0440673828125
L25H18,102,0,-0.01169586181640625,0.018096923828125,0.02979278564453125
L25H18,102,1,-0.0029296875,-0.025634765625,-0.022705078125
L25H18,116,0,-0.00048828125,-0.0933837890625,-0.0928955078125
L25H18,116,1,0.00927734375,-0.0654296875,-0.07470703125
L25H18,130,0,-0.03466796875,-0.061279296875,-0.026611328125
L25H18,130,1,-0.027435302734375,-0.031280517578125,-0.00384521484375
L25H18,150,0,0.037353515625,0.12066650390625,0.08331298828125
L25H18,150,1,0.0009765625,0.0009765625,0.0
L25H18,154,0,-0.052001953125,0.005859375,0.057861328125
L25H18,154,1,-0.01513671875,0.03955078125,0.0546875
L25H18,162,0,0.00634765625,0.02587890625,0.01953125
L25H18,162,1,-0.0380859375,-0.10595703125,-0.06787109375
L25H18,176,0,-0.012939453125,-0.00390625,0.009033203125
L25H18,176,1,-0.0302734375,-0.05126953125,-0.02099609375
L25H18,178,0,-0.020984649658203125,-0.0776109695434568,-0.05662631988525367
L25H18,178,1,-0.0,0.052734375,0.052734375
L25H18,186,0,-0.0208740234375,-0.110107421875,-0.0892333984375
L25H18,186,1,0.00390625,-0.0068359375,-0.0107421875
L25H18,192,0,-0.153564453125,-0.228271484375,-0.07470703125
L25H18,192,1,-0.1038818359375,-0.1639404296875,-0.06005859375
L25H18,196,0,0.0224609375,0.083984375,0.0615234375
L25H18,196,1,-0.013671875,-0.0302734375,-0.0166015625
L25H20,0,0,0.0028076171875,0.0302734375,0.0274658203125
L25H20,0,1,-0.0,0.115478515625,0.115478515625
L25H20,16,0,0.0048828125,0.074249267578125,0.069366455078125
L25H20,16,1,-0.001953125,-0.050048828125,-0.048095703125
L25H20,32,0,0.005218505859375,-0.10833740234375,-0.113555908203125
L25H20,32,1,0.0029296875,0.09375,0.0908203125
L25H20,48,0,0.00164794921875,0.03070068359375,0.029052734375
L25H20,48,1,0.0002593994140625,-0.0057830810546875,-0.00604248046875
L25H20,56,0,0.002777099609375,-0.04229736328125,-0.045074462890625
L25H20,56,1,0.000732421875,-0.0966796875,-0.097412109375
L25H20,64,0,0.00341796875,-0.046142578125,-0.049560546875
L25H20,64,1,0.0035400390625,0.036865234375,0.0333251953125
L25H20,82,0,0.000732421875,0.064453125,0.063720703125
L25H20,82,1,0.007080078125,-0.0001220703125,-0.0072021484375
L25H20,96,0,-0.00067138671875,-0.0875244140625,-0.08685302734375
L25H20,96,1,0.0048828125,0.08984375,0.0849609375
L25H20,98,0,-0.0010986328125,0.009033203125,0.0101318359375
L25H20,98,1,-0.0047607421875,-0.0499267578125,-0.045166015625
L25H20,102,0,0.00250244140625,0.0153045654296875,0.0128021240234375
L25H20,102,1,0.009765625,-0.020263671875,-0.030029296875
L25H20,116,0,-0.0009765625,-0.074951171875,-0.073974609375
L25H20,116,1,-0.00048828125,-0.0703125,-0.06982421875
L25H20,130,0,-0.00439453125,-0.062744140625,-0.058349609375
L25H20,130,1,-0.003143310546875,-0.0069580078125,-0.003814697265625
L25H20,150,0,0.00067138671875,0.10247802734375,0.101806640625
L25H20,150,1,0.005859375,-0.0078125,-0.013671875
L25H20,154,0,0.00146484375,0.05517578125,0.0537109375
L25H20,154,1,-0.0028076171875,0.0494384765625,0.05224609375
L25H20,162,0,0.00244140625,0.013671875,0.01123046875
L25H20,162,1,0.001953125,-0.0517578125,-0.0537109375
L25H20,176,0,-0.000244140625,-0.0009765625,-0.000732421875
L25H20,176,1,-0.00390625,-0.04443359375,-0.04052734375
L25H20,178,0,0.0048980712890625,-0.0916519165039061,-0.0965499877929686
L25H20,178,1,-0.0029296875,0.04052734375,0.04345703125
L25H20,186,0,0.0050048828125,-0.0660400390625,-0.071044921875
L25H20,186,1,0.001953125,-0.01611328125,-0.01806640625
L25H20,192,0,0.001708984375,-0.019775390625,-0.021484375
L25H20,192,1,-0.001953125,-0.064208984375,-0.062255859375
L25H20,196,0,-0.0,0.0673828125,0.0673828125
L25H20,196,1,-0.0,-0.0224609375,-0.0224609375
L25H21,0,0,0.0050048828125,0.0250244140625,0.02001953125
L25H21,0,1,0.012939453125,0.100341796875,0.08740234375
L25H21,16,0,0.0269775390625,0.07861328125,0.0516357421875
L25H21,16,1,0.022705078125,-0.004638671875,-0.02734375
L25H21,32,0,-0.025146484375,-0.1047210693359375,-0.0795745849609375
L25H21,32,1,-0.007080078125,0.1142578125,0.121337890625
L25H21,48,0,-0.04150390625,-0.001617431640625,0.039886474609375
L25H21,48,1,-0.0781402587890625,-0.0825958251953125,-0.00445556640625
L25H21,56,0,-0.066314697265625,-0.141387939453125,-0.0750732421875
L25H21,56,1,-0.037353515625,-0.142822265625,-0.10546875
L25H21,64,0,-0.01025390625,-0.086669921875,-0.076416015625
L25H21,64,1,-0.00146484375,0.0523681640625,0.0538330078125
L25H21,82,0,0.00634765625,0.081298828125,0.074951171875
L25H21,82,1,0.013671875,0.0084228515625,-0.0052490234375
L25H21,96,0,1.0088043212890625,0.8969268798828124,-0.11187744140625011
L25H21,96,1,0.486572265625,0.53173828125,0.045166015625
L25H21,98,0,-0.022705078125,-0.01611328125,0.006591796875
L25H21,98,1,-0.0123291015625,-0.066162109375,-0.0538330078125
L25H21,102,0,0.0053253173828125,0.047119140625,0.0417938232421875
L25H21,102,1,-0.00830078125,-0.02685546875,-0.0185546875
L25H21,116,0,-0.118408203125,-0.18994140625,-0.071533203125
L25H21,116,1,-0.0400390625,-0.10595703125,-0.06591796875
L25H21,130,0,-0.024169921875,-0.066650390625,-0.04248046875
L25H21,130,1,-0.021148681640625,-0.027862548828125,-0.0067138671875
L25H21,150,0,0.00958251953125,0.11865234375,0.10906982421875
L25H21,150,1,0.0068359375,-0.0009765625,-0.0078125
L25H21,154,0,-0.036865234375,0.034423828125,0.0712890625
L25H21,154,1,-0.0634765625,-0.0093994140625,0.0540771484375
L25H21,162,0,0.01220703125,0.02294921875,0.0107421875
L25H21,162,1,0.0380859375,-0.0107421875,-0.048828125
L25H21,176,0,0.000732421875,0.038818359375,0.0380859375
L25H21,176,1,0.0068359375,-0.02587890625,-0.03271484375
L25H21,178,0,0.00421142578125,-0.052803039550781194,-0.057014465332031194
L25H21,178,1,0.00244140625,0.06689453125,0.064453125
L25H21,186,0,0.0147705078125,-0.0537109375,-0.0684814453125
L25H21,186,1,0.011962890625,-0.01171875,-0.023681640625
L25H21,192,0,-0.003173828125,-0.015625,-0.012451171875
L25H21,192,1,-0.0093994140625,-0.0557861328125,-0.04638671875
L25H21,196,0,0.0029296875,0.06640625,0.0634765625
L25H21,196,1,0.0048828125,-0.0107421875,-0.015625
L26H23,0,0,-0.5709228515625,-0.523162841796875,0.047760009765625
L26H23,0,1,-0.515380859375,-0.4306640625,0.084716796875
L26H23,16,0,-0.07818603515625,0.019927978515625,0.098114013671875
L26H23,16,1,-0.16015625,-0.17919921875,-0.01904296875
L26H23,32,0,-1.1048583984375,-1.3280181884765625,-0.2231597900390625
L26H23,32,1,-0.561767578125,-0.46337890625,0.098388671875
L26H23,48,0,-0.2912631034851074,-0.2765045166015625,0.014758586883544922
L26H23,48,1,-0.13713836669921875,-0.1396369934082031,-0.0024986267089843472
L26H23,56,0,-0.855804443359375,-0.900970458984375,-0.045166015625
L26H23,56,1,-0.86083984375,-0.981201171875,-0.120361328125
L26H23,64,0,0.0146484375,-0.034423828125,-0.049072265625
L26H23,64,1,-0.1094970703125,-0.0693359375,0.0401611328125
L26H23,82,0,-0.312255859375,-0.2568359375,0.055419921875
L26H23,82,1,-0.09228515625,-0.084716796875,0.007568359375
L26H23,96,0,-1.7808990478515625,-1.875640869140625,-0.0947418212890625
L26H23,96,1,-2.293701171875,-2.229248046875,0.064453125
L26H23,98,0,-0.12249755859375,-0.07415771484375,0.04833984375
L26H23,98,1,-0.2081298828125,-0.24322509765625,-0.03509521484375
L26H23,102,0,-0.4253692626953125,-0.4098968505859375,0.015472412109375
L26H23,102,1,-0.510498046875,-0.513427734375,-0.0029296875
L26H23,116,0,-0.18408203125,-0.266845703125,-0.082763671875
L26H23,116,1,-0.298828125,-0.36083984375,-0.06201171875
L26H23,130,0,-0.17236328125,-0.232177734375,-0.059814453125
L26H23,130,1,-0.254547119140625,-0.269744873046875,-0.01519775390625
L26H23,150,0,-1.14764404296875,-1.06561279296875,0.08203125
L26H23,150,1,-0.9658203125,-0.970703125,-0.0048828125
L26H23,154,0,-0.41009521484375,-0.3980712890625,0.01202392578125
L26H23,154,1,-0.435577392578125,-0.40423583984375,0.031341552734375
L26H23,162,0,-0.1357421875,-0.14208984375,-0.00634765625
L26H23,162,1,-0.2255859375,-0.3125,-0.0869140625
L26H23,176,0,-0.09228515625,-0.0712890625,0.02099609375
L26H23,176,1,-0.1552734375,-0.193359375,-0.0380859375
L26H23,178,0,0.05028533935546875,-0.045692443847655896,-0.09597778320312464
L26H23,178,1,-0.34375,-0.3251953125,0.0185546875
L26H23,186,0,0.01318359375,-0.05126953125,-0.064453125
L26H23,186,1,-0.260009765625,-0.2646484375,-0.004638671875
L26H23,192,0,-0.05810546875,-0.1201171875,-0.06201171875
L26H23,192,1,-0.4791259765625,-0.5264892578125,-0.04736328125
L26H23,196,0,-0.6005859375,-0.580078125,0.0205078125
L26H23,196,1,-0.36328125,-0.3935546875,-0.0302734375
L26H31,0,0,0.00787353515625,0.03839111328125,0.030517578125
L26H31,0,1,-0.00732421875,0.087158203125,0.094482421875
L26H31,16,0,-0.023406982421875,0.058197021484375,0.08160400390625
L26H31,16,1,-0.00732421875,-0.034912109375,-0.027587890625
L26H31,32,0,0.460174560546875,0.32733154296875,-0.132843017578125
L26H31,32,1,0.03173828125,0.13916015625,0.107421875
L26H31,48,0,0.07916259765625,0.10546875,0.02630615234375
L26H31,48,1,0.007598876953125,0.003570556640625,-0.0040283203125
L26H31,56,0,0.0345458984375,-0.023162841796875,-0.057708740234375
L26H31,56,1,0.01171875,-0.076171875,-0.087890625
L26H31,64,0,-0.04248046875,-0.07861328125,-0.0361328125
L26H31,64,1,-0.0347900390625,0.0079345703125,0.042724609375
L26H31,82,0,0.077392578125,0.105712890625,0.0283203125
L26H31,82,1,0.005615234375,0.014892578125,0.00927734375
L26H31,96,0,-0.0210723876953125,-0.040985107421875,-0.0199127197265625
L26H31,96,1,-0.022705078125,0.036865234375,0.0595703125
L26H31,98,0,-0.02392578125,0.03167724609375,0.05560302734375
L26H31,98,1,-0.0164794921875,-0.0318603515625,-0.015380859375
L26H31,102,0,-0.03128814697265625,-0.0048065185546875,0.02648162841796875
L26H31,102,1,-0.05419921875,-0.0595703125,-0.00537109375
L26H31,116,0,0.024658203125,-0.0699462890625,-0.0946044921875
L26H31,116,1,0.0283203125,-0.04833984375,-0.07666015625
L26H31,130,0,-0.0126953125,-0.0537109375,-0.041015625
L26H31,130,1,-0.009033203125,0.011810302734375,0.020843505859375
L26H31,150,0,0.01947021484375,0.09930419921875,0.079833984375
L26H31,150,1,-0.005859375,-0.0185546875,-0.0126953125
L26H31,154,0,-0.080322265625,-0.052978515625,0.02734375
L26H31,154,1,-0.0693359375,-0.00830078125,0.06103515625
L26H31,162,0,0.05078125,0.044921875,-0.005859375
L26H31,162,1,0.025390625,-0.05126953125,-0.07666015625
L26H31,176,0,0.00048828125,0.00390625,0.00341796875
L26H31,176,1,0.0009765625,-0.00146484375,-0.00244140625
L26H31,178,0,0.01165008544921875,-0.08782958984375,-0.09947967529296875
L26H31,178,1,0.01220703125,0.04248046875,0.0302734375
L26H31,186,0,-0.0133056640625,-0.05859375,-0.0452880859375
L26H31,186,1,-0.01904296875,-0.019287109375,-0.000244140625
L26H31,192,0,0.01708984375,-0.03564453125,-0.052734375
L26H31,192,1,0.009765625,-0.040771484375,-0.050537109375
L26H31,196,0,-0.048828125,-0.013671875,0.03515625
L26H31,196,1,-0.0322265625,-0.0517578125,-0.01953125
L27H6,0,0,1.2364501953125,1.22698974609375,-0.00946044921875
L27H6,0,1,-0.076904296875,0.031982421875,0.10888671875
L27H6,16,0,2.808135986328125,2.851593017578125,0.04345703125
L27H6,16,1,3.2109375,3.171875,-0.0390625
L27H6,32,0,1.075958251953125,0.9510498046875,-0.124908447265625
L27H6,32,1,0.035400390625,0.145751953125,0.1103515625
L27H6,48,0,6.0272216796875,6.115875244140625,0.088653564453125
L27H6,48,1,1.9820556640625,1.973663330078125,-0.008392333984375
L27H6,56,0,5.609954833984375,5.55609130859375,-0.053863525390625
L27H6,56,1,7.16455078125,7.03857421875,-0.1259765625
L27H6,64,0,4.2099609375,4.18212890625,-0.02783203125
L27H6,64,1,1.7939453125,1.8277587890625,0.0338134765625
L27H6,82,0,3.201416015625,3.201904296875,0.00048828125
L27H6,82,1,1.873046875,1.863037109375,-0.010009765625
L27H6,96,0,1.5610198974609375,1.4967575073242188,-0.06426239013671875
L27H6,96,1,1.430908203125,1.446044921875,0.01513671875
L27H6,98,0,2.5938720703125,2.59698486328125,0.00311279296875
L27H6,98,1,3.3604736328125,3.3577880859375,-0.002685546875
L27H6,102,0,1.6926727294921875,1.7056884765625,0.0130157470703125
L27H6,102,1,1.5595703125,1.546875,-0.0126953125
L27H6,116,0,6.12841796875,6.056396484375,-0.072021484375
L27H6,116,1,1.26513671875,1.178466796875,-0.086669921875
L27H6,130,0,4.903076171875,4.868408203125,-0.03466796875
L27H6,130,1,2.595550537109375,2.5699462890625,-0.025604248046875
L27H6,150,0,0.64666748046875,0.70794677734375,0.061279296875
L27H6,150,1,0.21435546875,0.20263671875,-0.01171875
L27H6,154,0,2.1123046875,2.127685546875,0.015380859375
L27H6,154,1,0.9013671875,0.93701171875,0.03564453125
L27H6,162,0,4.2470703125,4.2890625,0.0419921875
L27H6,162,1,5.44140625,5.45556640625,0.01416015625
L27H6,176,0,6.58935546875,6.701416015625,0.112060546875
L27H6,176,1,3.67236328125,3.582763671875,-0.089599609375
L27H6,178,0,6.599388122558594,6.391527175903321,-0.20786094665527255
L27H6,178,1,3.088134765625,3.1640625,0.075927734375
L27H6,186,0,6.6036376953125,6.441650390625,-0.1619873046875
L27H6,186,1,3.671630859375,3.665771484375,-0.005859375
L27H6,192,0,7.327880859375,7.3203125,-0.007568359375
L27H6,192,1,2.9637451171875,2.8870849609375,-0.07666015625
L27H6,196,0,4.531005859375,4.46240234375,-0.068603515625
L27H6,196,1,3.00927734375,2.96875,-0.04052734375
L27H23,0,0,0.0093994140625,0.0166015625,0.0072021484375
L27H23,0,1,0.003173828125,0.09326171875,0.090087890625
L27H23,16,0,0.0001220703125,0.07305908203125,0.07293701171875
L27H23,16,1,0.00634765625,-0.0068359375,-0.01318359375
L27H23,32,0,-0.01885986328125,-0.180877685546875,-0.162017822265625
L27H23,32,1,0.01220703125,0.135498046875,0.123291015625
L27H23,48,0,-0.00518798828125,0.06549072265625,0.0706787109375
L27H23,48,1,0.0002899169921875,-0.0042572021484375,-0.004547119140625
L27H23,56,0,-0.001220703125,-0.0284423828125,-0.0272216796875
L27H23,56,1,0.010498046875,-0.076904296875,-0.08740234375
L27H23,64,0,0.00146484375,-0.017578125,-0.01904296875
L27H23,64,1,-0.0010986328125,0.0361328125,0.0372314453125
L27H23,82,0,0.001953125,0.0390625,0.037109375
L27H23,82,1,-0.0003662109375,-0.0030517578125,-0.002685546875
L27H23,96,0,-0.0144195556640625,-0.0245513916015625,-0.0101318359375
L27H23,96,1,-0.0078125,0.03173828125,0.03955078125
L27H23,98,0,-0.00439453125,0.00079345703125,0.00518798828125
L27H23,98,1,-0.0264892578125,-0.052978515625,-0.0264892578125
L27H23,102,0,-0.0064697265625,0.0284423828125,0.034912109375
L27H23,102,1,-0.0068359375,-0.003173828125,0.003662109375
L27H23,116,0,0.000732421875,-0.056396484375,-0.05712890625
L27H23,116,1,-0.00244140625,-0.07470703125,-0.072265625
L27H23,130,0,-0.01708984375,-0.094482421875,-0.077392578125
L27H23,130,1,-0.0103759765625,-0.029296875,-0.0189208984375
L27H23,150,0,0.00030517578125,0.06976318359375,0.0694580078125
L27H23,150,1,-0.0029296875,-0.0458984375,-0.04296875
L27H23,154,0,0.002685546875,0.01025390625,0.007568359375
L27H23,154,1,-0.0048828125,0.0517578125,0.056640625
L27H23,162,0,-0.0029296875,0.01318359375,0.01611328125
L27H23,162,1,0.001953125,-0.03759765625,-0.03955078125
L27H23,176,0,0.00244140625,0.059326171875,0.056884765625
L27H23,176,1,-0.00537109375,-0.037109375,-0.03173828125
L27H23,178,0,0.01509857177734375,-0.1067695617675775,-0.12186813354492125
L27H23,178,1,-0.0,0.02490234375,0.02490234375
L27H23,186,0,-0.0101318359375,-0.095458984375,-0.0853271484375
L27H23,186,1,0.010009765625,-0.00244140625,-0.012451171875
L27H23,192,0,0.00634765625,-0.00537109375,-0.01171875
L27H23,192,1,0.0025634765625,-0.0498046875,-0.0523681640625
L27H23,196,0,-0.0,0.0322265625,0.0322265625
L27H23,196,1,-0.0009765625,-0.0361328125,-0.03515625
L28H1,0,0,-0.00518798828125,0.0489501953125,0.05413818359375
L28H1,0,1,-0.0029296875,0.107177734375,0.110107421875
L28H1,16,0,0.002838134765625,0.048309326171875,0.04547119140625
L28H1,16,1,0.000244140625,-0.015869140625,-0.01611328125
L28H1,32,0,0.006134033203125,-0.10015869140625,-0.106292724609375
L28H1,32,1,0.004638671875,0.138671875,0.134033203125
L28H1,48,0,-0.001373291015625,0.062744140625,0.064117431640625
L28H1,48,1,0.000946044921875,0.0072021484375,0.006256103515625
L28H1,56,0,-0.001617431640625,-0.064910888671875,-0.06329345703125
L28H1,56,1,-0.005126953125,-0.085693359375,-0.08056640625
L28H1,64,0,-0.005615234375,-0.025390625,-0.019775390625
L28H1,64,1,-0.00048828125,0.026123046875,0.026611328125
L28H1,82,0,0.00244140625,0.03466796875,0.0322265625
L28H1,82,1,0.0010986328125,-0.013427734375,-0.0145263671875
L28H1,96,0,-0.0127105712890625,0.0008392333984375,0.0135498046875
L28H1,96,1,-0.007568359375,0.04052734375,0.048095703125
L28H1,98,0,-0.0013427734375,0.015625,0.0169677734375
L28H1,98,1,-0.0054931640625,-0.016845703125,-0.0113525390625
L28H1,102,0,0.0084228515625,0.0481109619140625,0.0396881103515625
L28H1,102,1,0.003662109375,0.004638671875,0.0009765625
L28H1,116,0,-0.006591796875,-0.0491943359375,-0.0426025390625
L28H1,116,1,-0.00244140625,-0.06005859375,-0.0576171875
L28H1,130,0,-0.0029296875,-0.068115234375,-0.065185546875
L28H1,130,1,-0.001983642578125,-0.032745361328125,-0.03076171875
L28H1,150,0,-0.002685546875,0.06744384765625,0.07012939453125
L28H1,150,1,-0.001953125,-0.048828125,-0.046875
L28H1,154,0,0.00390625,0.02587890625,0.02197265625
L28H1,154,1,0.002197265625,0.039794921875,0.03759765625
L28H1,162,0,-0.005859375,0.0185546875,0.0244140625
L28H1,162,1,-0.0009765625,-0.04931640625,-0.04833984375
L28H1,176,0,0.009521484375,0.09912109375,0.089599609375
L28H1,176,1,0.00439453125,0.01171875,0.00732421875
L28H1,178,0,-0.0014801025390625,-0.04903411865234365,-0.04755401611328115
L28H1,178,1,0.00146484375,0.02197265625,0.0205078125
L28H1,186,0,0.0029296875,-0.087890625,-0.0908203125
L28H1,186,1,0.000732421875,-0.000244140625,-0.0009765625
L28H1,192,0,-0.0,-0.033203125,-0.033203125
L28H1,192,1,-0.00048828125,-0.0443115234375,-0.0438232421875
L28H1,196,0,0.0029296875,0.02734375,0.0244140625
L28H1,196,1,0.001953125,-0.01953125,-0.021484375
L28H15,0,0,-0.00091552734375,0.05401611328125,0.054931640625
L28H15,0,1,0.00146484375,0.104248046875,0.102783203125
L28H15,16,0,-0.0008544921875,0.0557861328125,0.056640625
L28H15,16,1,0.002197265625,-0.0322265625,-0.034423828125
L28H15,32,0,-0.00482177734375,-0.12158203125,-0.11676025390625
L28H15,32,1,0.009765625,0.150390625,0.140625
L28H15,48,0,-0.0201416015625,0.02996826171875,0.05010986328125
L28H15,48,1,0.00250244140625,0.00421142578125,0.001708984375
L28H15,56,0,-0.01690673828125,-0.03912353515625,-0.022216796875
L28H15,56,1,-0.0224609375,-0.09619140625,-0.07373046875
L28H15,64,0,-0.00146484375,-0.003662109375,-0.002197265625
L28H15,64,1,0.0009765625,0.0286865234375,0.0277099609375
L28H15,82,0,0.008544921875,0.039306640625,0.03076171875
L28H15,82,1,-0.005859375,-0.01171875,-0.005859375
L28H15,96,0,-0.057586669921875,-0.0590057373046875,-0.0014190673828125
L28H15,96,1,-0.029052734375,0.006591796875,0.03564453125
L28H15,98,0,0.01300048828125,0.0406494140625,0.02764892578125
L28H15,98,1,0.0032958984375,-0.00244140625,-0.0057373046875
L28H15,102,0,-0.007843017578125,0.032989501953125,0.04083251953125
L28H15,102,1,-0.008544921875,-0.0126953125,-0.004150390625
L28H15,116,0,-0.002197265625,-0.0439453125,-0.041748046875
L28H15,116,1,0.0029296875,-0.0556640625,-0.05859375
L28H15,130,0,-0.00244140625,-0.09130859375,-0.0888671875
L28H15,130,1,0.00091552734375,-0.0250244140625,-0.02593994140625
L28H15,150,0,0.008544921875,0.08087158203125,0.07232666015625
L28H15,150,1,-0.00048828125,-0.0185546875,-0.01806640625
L28H15,154,0,0.01171875,0.027587890625,0.015869140625
L28H15,154,1,0.0169677734375,0.0537109375,0.0367431640625
L28H15,162,0,-0.00146484375,0.017578125,0.01904296875
L28H15,162,1,-0.0048828125,-0.03662109375,-0.03173828125
L28H15,176,0,0.00341796875,0.059814453125,0.056396484375
L28H15,176,1,-0.0029296875,0.0048828125,0.0078125
L28H15,178,0,0.006359100341796875,-0.069866180419922,-0.07622528076171887
L28H15,178,1,0.001953125,0.017578125,0.015625
L28H15,186,0,0.008056640625,-0.0908203125,-0.098876953125
L28H15,186,1,0.00146484375,0.002197265625,0.000732421875
L28H15,192,0,0.000732421875,-0.05078125,-0.051513671875
L28H15,192,1,0.0042724609375,-0.0411376953125,-0.04541015625
L28H15,196,0,-0.0009765625,0.0234375,0.0244140625
L28H15,196,1,0.0009765625,-0.03125,-0.0322265625
L29H5,0,0,0.002197265625,0.0057373046875,0.0035400390625
L29H5,0,1,0.0009765625,0.1025390625,0.1015625
L29H5,16,0,0.0099334716796875,0.0841064453125,0.0741729736328125
L29H5,16,1,0.006103515625,-0.029541015625,-0.03564453125
L29H5,32,0,0.00836181640625,-0.09454345703125,-0.1029052734375
L29H5,32,1,0.007568359375,0.102294921875,0.0947265625
L29H5,48,0,0.001983642578125,0.080535888671875,0.07855224609375
L29H5,48,1,0.002166748046875,-0.0025634765625,-0.004730224609375
L29H5,56,0,-0.00982666015625,-0.047210693359375,-0.037384033203125
L29H5,56,1,-0.013916015625,-0.06689453125,-0.052978515625
L29H5,64,0,-0.001220703125,-0.013427734375,-0.01220703125
L29H5,64,1,-0.0001220703125,0.0133056640625,0.013427734375
L29H5,82,0,-0.001708984375,0.094970703125,0.0966796875
L29H5,82,1,0.000244140625,-0.0067138671875,-0.0069580078125
L29H5,96,0,0.0056304931640625,0.017425537109375,0.0117950439453125
L29H5,96,1,0.011474609375,0.0341796875,0.022705078125
L29H5,98,0,-0.00146484375,0.00146484375,0.0029296875
L29H5,98,1,0.0020751953125,-0.0733642578125,-0.075439453125
L29H5,102,0,0.007232666015625,0.0158233642578125,0.0085906982421875
L29H5,102,1,-0.002197265625,-0.00439453125,-0.002197265625
L29H5,116,0,-0.000244140625,-0.012939453125,-0.0126953125
L29H5,116,1,-0.00048828125,-0.01025390625,-0.009765625
L29H5,130,0,-0.009521484375,-0.06396484375,-0.054443359375
L29H5,130,1,0.0032958984375,-0.0216064453125,-0.02490234375
L29H5,150,0,0.0030517578125,0.04010009765625,0.03704833984375
L29H5,150,1,0.005859375,-0.013671875,-0.01953125
L29H5,154,0,0.011962890625,0.0087890625,-0.003173828125
L29H5,154,1,0.00341796875,0.0406494140625,0.0372314453125
L29H5,162,0,0.005859375,0.0146484375,0.0087890625
L29H5,162,1,-0.01025390625,-0.0234375,-0.01318359375
L29H5,176,0,0.00830078125,-0.01318359375,-0.021484375
L29H5,176,1,0.00537109375,0.00048828125,-0.0048828125
L29H5,178,0,-0.00133514404296875,-0.0260238647460938,-0.02468872070312505
L29H5,178,1,0.00244140625,0.0146484375,0.01220703125
L29H5,186,0,-0.003173828125,-0.0811767578125,-0.0780029296875
L29H5,186,1,-0.001708984375,0.012451171875,0.01416015625
L29H5,192,0,-0.001220703125,-0.0439453125,-0.042724609375
L29H5,192,1,-0.00244140625,-0.053955078125,-0.051513671875
L29H5,196,0,-0.0,0.02734375,0.02734375
L29H5,196,1,-0.0029296875,-0.048828125,-0.0458984375
L30H3,0,0,0.0030517578125,-0.03009033203125,-0.03314208984375
L30H3,0,1,0.004638671875,0.07080078125,0.066162109375
L30H3,16,0,-0.006561279296875,0.003021240234375,0.00958251953125
L30H3,16,1,-0.005126953125,-0.0068359375,-0.001708984375
L30H3,32,0,-0.0042724609375,-0.076904296875,-0.0726318359375
L30H3,32,1,0.00341796875,0.052978515625,0.049560546875
L30H3,48,0,-0.039825439453125,0.00201416015625,0.041839599609375
L30H3,48,1,0.002532958984375,0.004974365234375,0.00244140625
L30H3,56,0,-0.003753662109375,-0.022430419921875,-0.0186767578125
L30H3,56,1,-0.0205078125,-0.0185546875,0.001953125
L30H3,64,0,-0.006591796875,0.002685546875,0.00927734375
L30H3,64,1,-0.0,0.0152587890625,0.0152587890625
L30H3,82,0,0.001220703125,0.1181640625,0.116943359375
L30H3,82,1,0.0001220703125,-0.0040283203125,-0.004150390625
L30H3,96,0,-0.00732421875,0.0032196044921875,0.0105438232421875
L30H3,96,1,-0.001220703125,0.001708984375,0.0029296875
L30H3,98,0,-0.00372314453125,0.010986328125,0.01470947265625
L30H3,98,1,-0.001953125,-0.0596923828125,-0.0577392578125
L30H3,102,0,0.007244110107421875,-0.005406379699707101,-0.012650489807128976
L30H3,102,1,-0.007568359375,0.004638671875,0.01220703125
L30H3,116,0,-0.0076904296875,-0.0042724609375,0.00341796875
L30H3,116,1,0.00048828125,-0.0478515625,-0.04833984375
L30H3,130,0,-0.000732421875,-0.01220703125,-0.011474609375
L30H3,130,1,-0.000274658203125,0.00164794921875,0.001922607421875
L30H3,150,0,-0.000732421875,-0.00372314453125,-0.00299072265625
L30H3,150,1,0.0048828125,-0.01953125,-0.0244140625
L30H3,154,0,-0.025390625,-0.05322265625,-0.02783203125
L30H3,154,1,-0.0076904296875,0.027099609375,0.0347900390625
L30H3,162,0,-0.0048828125,-0.00341796875,0.00146484375
L30H3,162,1,-0.01220703125,-0.02001953125,-0.0078125
L30H3,176,0,-0.00634765625,-0.025146484375,-0.018798828125
L30H3,176,1,0.00048828125,-0.00439453125,-0.0048828125
L30H3,178,0,-0.0251312255859375,-0.02196502685546845,0.0031661987304690484
L30H3,178,1,-0.00146484375,0.01025390625,0.01171875
L30H3,186,0,0.022705078125,-0.007568359375,-0.0302734375
L30H3,186,1,0.00048828125,0.009033203125,0.008544921875
L30H3,192,0,-0.0263671875,-0.029296875,-0.0029296875
L30H3,192,1,-0.0257568359375,-0.078369140625,-0.0526123046875
L30H3,196,0,-0.00390625,-0.0068359375,-0.0029296875
L30H3,196,1,-0.001953125,-0.0634765625,-0.0615234375
L30H13,0,0,0.335784912109375,0.29388427734375,-0.041900634765625
L30H13,0,1,0.23828125,0.306640625,0.068359375
L30H13,16,0,1.096099853515625,1.111602783203125,0.0155029296875
L30H13,16,1,0.73095703125,0.724365234375,-0.006591796875
L30H13,32,0,0.340606689453125,0.28704833984375,-0.053558349609375
L30H13,32,1,0.16259765625,0.22705078125,0.064453125
L30H13,48,0,0.4658203125,0.528778076171875,0.062957763671875
L30H13,48,1,0.0770263671875,0.0767059326171875,-0.0003204345703125
L30H13,56,0,0.584014892578125,0.5518798828125,-0.032135009765625
L30H13,56,1,0.355224609375,0.350830078125,-0.00439453125
L30H13,64,0,0.620849609375,0.620849609375,0.0
L30H13,64,1,0.428466796875,0.4422607421875,0.0137939453125
L30H13,82,0,0.9296875,1.05419921875,0.12451171875
L30H13,82,1,0.3753662109375,0.370574951171875,-0.004791259765625
L30H13,96,0,0.34168243408203125,0.3471755981445312,0.0054931640624999445
L30H13,96,1,-0.068603515625,-0.06591796875,0.002685546875
L30H13,98,0,0.4871978759765625,0.50396728515625,0.0167694091796875
L30H13,98,1,1.1265869140625,1.0706787109375,-0.055908203125
L30H13,102,0,0.5436859130859375,0.5372314453125,-0.0064544677734375
L30H13,102,1,0.044189453125,0.05126953125,0.007080078125
L30H13,116,0,1.29876708984375,1.30047607421875,0.001708984375
L30H13,116,1,0.21240234375,0.17138671875,-0.041015625
L30H13,130,0,0.380859375,0.376708984375,-0.004150390625
L30H13,130,1,0.560943603515625,0.5672607421875,0.006317138671875
L30H13,150,0,0.27744293212890625,0.2714767456054687,-0.0059661865234375555
L30H13,150,1,0.12255859375,0.0888671875,-0.03369140625
L30H13,154,0,0.70947265625,0.696533203125,-0.012939453125
L30H13,154,1,0.35205078125,0.3900146484375,0.0379638671875
L30H13,162,0,1.13818359375,1.1376953125,-0.00048828125
L30H13,162,1,1.49169921875,1.482421875,-0.00927734375
L30H13,176,0,1.494384765625,1.46875,-0.025634765625
L30H13,176,1,1.341796875,1.33154296875,-0.01025390625
L30H13,178,0,0.7406234741210938,0.7431259155273439,0.002502441406250111
L30H13,178,1,0.494140625,0.51171875,0.017578125
L30H13,186,0,1.3865966796875,1.3419189453125,-0.044677734375
L30H13,186,1,0.93115234375,0.946044921875,0.014892578125
L30H13,192,0,1.0819091796875,1.087158203125,0.0052490234375
L30H13,192,1,0.365478515625,0.316650390625,-0.048828125
L30H13,196,0,2.0595703125,2.0615234375,0.001953125
L30H13,196,1,2.26904296875,2.210693359375,-0.058349609375
L30H18,0,0,0.0728759765625,0.0340576171875,-0.038818359375
L30H18,0,1,0.07568359375,0.147705078125,0.072021484375
L30H18,16,0,-0.93603515625,-0.9021224975585938,0.03391265869140625
L30H18,16,1,-0.415283203125,-0.426513671875,-0.01123046875
L30H18,32,0,-0.10845947265625,-0.1824951171875,-0.07403564453125
L30H18,32,1,0.000732421875,0.07421875,0.073486328125
L30H18,48,0,-2.62298583984375,-2.577362060546875,0.045623779296875
L30H18,48,1,-0.2763671875,-0.272369384765625,0.003997802734375
L30H18,56,0,-1.761199951171875,-1.806427001953125,-0.04522705078125
L30H18,56,1,-1.057373046875,-1.092041015625,-0.03466796875
L30H18,64,0,-1.60400390625,-1.61083984375,-0.0068359375
L30H18,64,1,-0.149169921875,-0.1268310546875,0.0223388671875
L30H18,82,0,-5.8525390625,-5.746826171875,0.105712890625
L30H18,82,1,-0.57177734375,-0.5799560546875,-0.0081787109375
L30H18,96,0,-0.3148345947265625,-0.3170623779296875,-0.002227783203125
L30H18,96,1,0.0791015625,0.09423828125,0.01513671875
L30H18,98,0,-0.822021484375,-0.79730224609375,0.02471923828125
L30H18,98,1,-0.45037841796875,-0.51153564453125,-0.0611572265625
L30H18,102,0,-2.8849639892578125,-2.8926544189453125,-0.0076904296875
L30H18,102,1,-1.11669921875,-1.1025390625,0.01416015625
L30H18,116,0,-1.591064453125,-1.589111328125,0.001953125
L30H18,116,1,-0.205078125,-0.2490234375,-0.0439453125
L30H18,130,0,-3.6103515625,-3.6240234375,-0.013671875
L30H18,130,1,-1.994232177734375,-1.990631103515625,0.00360107421875
L30H18,150,0,-0.096710205078125,-0.1058349609375,-0.009124755859375
L30H18,150,1,0.0830078125,0.0419921875,-0.041015625
L30H18,154,0,-0.885498046875,-0.899169921875,-0.013671875
L30H18,154,1,0.08349609375,0.1134033203125,0.0299072265625
L30H18,162,0,-2.2783203125,-2.2587890625,0.01953125
L30H18,162,1,-1.41845703125,-1.42578125,-0.00732421875
L30H18,176,0,-1.6328125,-1.66162109375,-0.02880859375
L30H18,176,1,-1.174560546875,-1.180908203125,-0.00634765625
L30H18,178,0,-1.6767349243164062,-1.68011474609375,-0.00337982177734375
L30H18,178,1,-1.08544921875,-1.05810546875,0.02734375
L30H18,186,0,-1.4609375,-1.51898193359375,-0.05804443359375
L30H18,186,1,-0.53125,-0.50732421875,0.02392578125
L30H18,192,0,-1.232177734375,-1.257568359375,-0.025390625
L30H18,192,1,-0.5191650390625,-0.572021484375,-0.0528564453125
L30H18,196,0,-2.41796875,-2.41015625,0.0078125
L30H18,196,1,-1.4453125,-1.5087890625,-0.0634765625
L31H1,0,0,0.02130126953125,0.02130126953125,0.0
L31H1,0,1,0.058837890625,0.058837890625,0.0
L31H1,16,0,-0.000762939453125,-0.000762939453125,0.0
L31H1,16,1,0.00732421875,0.00732421875,0.0
L31H1,32,0,-0.086212158203125,-0.086212158203125,0.0
L31H1,32,1,0.028564453125,0.028564453125,0.0
L31H1,48,0,0.0173797607421875,0.0173797607421875,0.0
L31H1,48,1,-0.01137542724609375,-0.0113754272460937,5.0306980803327406e-17
L31H1,56,0,-0.029205322265625,-0.029205322265625,0.0
L31H1,56,1,0.0009765625,0.0009765625,0.0
L31H1,64,0,0.00341796875,0.00341796875,0.0
L31H1,64,1,-0.0010986328125,-0.0010986328125,0.0
L31H1,82,0,0.015625,0.015625,0.0
L31H1,82,1,-0.003173828125,-0.003173828125,0.0
L31H1,96,0,-0.11207962036132812,-0.1120796203613281,2.7755575615628914e-17
L31H1,96,1,0.00634765625,0.00634765625,0.0
L31H1,98,0,0.00189208984375,0.00189208984375,0.0
L31H1,98,1,0.0072021484375,0.0072021484375,0.0
L31H1,102,0,-0.125518798828125,-0.125518798828125,0.0
L31H1,102,1,0.002685546875,0.002685546875,0.0
L31H1,116,0,-0.005859375,-0.005859375,0.0
L31H1,116,1,0.0087890625,0.0087890625,0.0
L31H1,130,0,-0.0244140625,-0.0244140625,0.0
L31H1,130,1,-0.000396728515625,-0.000396728515625,0.0
L31H1,150,0,-0.0770263671875,-0.0770263671875,0.0
L31H1,150,1,0.07861328125,0.07861328125,0.0
L31H1,154,0,-0.0693359375,-0.0693359375,0.0
L31H1,154,1,0.033203125,0.033203125,0.0
L31H1,162,0,-0.0009765625,-0.0009765625,0.0
L31H1,162,1,0.00244140625,0.00244140625,0.0
L31H1,176,0,0.0029296875,0.0029296875,0.0
L31H1,176,1,0.001953125,0.001953125,0.0
L31H1,178,0,0.02211761474609375,0.0221176147460937,-4.85722573273506e-17
L31H1,178,1,-0.00732421875,-0.00732421875,0.0
L31H1,186,0,-0.00537109375,-0.00537109375,0.0
L31H1,186,1,0.002685546875,0.002685546875,0.0
L31H1,192,0,-0.0068359375,-0.0068359375,0.0
L31H1,192,1,-0.0106201171875,-0.0106201171875,0.0
L31H1,196,0,-0.0107421875,-0.0107421875,0.0
L31H1,196,1,0.001953125,0.001953125,0.0
