layer,head,variant,evals,qk_passes,freq,n_a,strength_first,strength_last,null_tok10,null_random
0,0,base,513588,0,0,0,0,0,0,0
0,0,corrupted,513588,0,0,0,0,0,0,0
0,0,reorder,513581,0,0,0,0,0,0,0
0,1,base,513588,0,0,0,0,0,0,0
0,1,corrupted,513588,0,0,0,0,0,0,0
0,1,reorder,513581,0,0,0,0,0,0,0
0,2,base,513588,632,0.00123056,632,0.0401501,0.0313531,0.0217404,0.0297029
0,2,corrupted,513588,632,0.00123056,632,0.0401967,0.0312672,0.0217471,0.0306381
0,2,reorder,513581,632,0.00123058,632,0.0401558,0.0313538,0.0217367,0.0345155
0,3,base,513588,0,0,0,0,0,0,0
0,3,corrupted,513588,0,0,0,0,0,0,0
0,3,reorder,513581,0,0,0,0,0,0,0
0,4,base,513588,0,0,0,0,0,0,0
0,4,corrupted,513588,0,0,0,0,0,0,0
0,4,reorder,513581,0,0,0,0,0,0,0
0,5,base,513588,0,0,0,0,0,0,0
0,5,corrupted,513588,0,0,0,0,0,0,0
0,5,reorder,513581,0,0,0,0,0,0,0
0,6,base,513588,0,0,0,0,0,0,0
0,6,corrupted,513588,0,0,0,0,0,0,0
0,6,reorder,513581,0,0,0,0,0,0,0
0,7,base,513588,218,0.000424465,218,0.00265226,0.00852871,0.0277827,0.0239334
0,7,corrupted,513588,218,0.000424465,218,0.0025797,0.00788053,0.0277969,0.0223956
0,7,reorder,513581,218,0.000424471,218,0.00264042,0.00850329,0.0277498,0.0207596
0,8,base,513588,0,0,0,0,0,0,0
0,8,corrupted,513588,0,0,0,0,0,0,0
0,8,reorder,513581,0,0,0,0,0,0,0
0,9,base,513588,0,0,0,0,0,0,0
0,9,corrupted,513588,0,0,0,0,0,0,0
0,9,reorder,513581,0,0,0,0,0,0,0
0,10,base,513588,0,0,0,0,0,0,0
0,10,corrupted,513588,0,0,0,0,0,0,0
0,10,reorder,513581,0,0,0,0,0,0,0
0,11,base,513588,0,0,0,0,0,0,0
0,11,corrupted,513588,0,0,0,0,0,0,0
0,11,reorder,513581,0,0,0,0,0,0,0
0,12,base,513588,0,0,0,0,0,0,0
0,12,corrupted,513588,0,0,0,0,0,0,0
0,12,reorder,513581,0,0,0,0,0,0,0
0,13,base,513588,0,0,0,0,0,0,0
0,13,corrupted,513588,0,0,0,0,0,0,0
0,13,reorder,513581,0,0,0,0,0,0,0
0,14,base,513588,8,1.55767e-05,8,0.0212176,0.0320109,0.00544737,0.00832775
0,14,corrupted,513588,8,1.55767e-05,8,0.0120285,0.0229248,0.00536061,0.0145735
0,14,reorder,513581,8,1.55769e-05,8,0.0211499,0.0315979,0.0053645,0.0317953
0,15,base,513588,0,0,0,0,0,0,0
0,15,corrupted,513588,0,0,0,0,0,0,0
0,15,reorder,513581,0,0,0,0,0,0,0
0,16,base,513588,1,1.94709e-06,1,0.026871,0.0150752,0.000356565,0
0,16,corrupted,513588,5,9.73543e-06,5,0.00331029,0,0.00592019,0.0103046
0,16,reorder,513581,0,0,0,0,0,0,0
0,17,base,513588,0,0,0,0,0,0,0
0,17,corrupted,513588,0,0,0,0,0,0,0
0,17,reorder,513581,0,0,0,0,0,0,0
0,18,base,513588,0,0,0,0,0,0,0
0,18,corrupted,513588,0,0,0,0,0,0,0
0,18,reorder,513581,0,0,0,0,0,0,0
0,19,base,513588,0,0,0,0,0,0,0
0,19,corrupted,513588,0,0,0,0,0,0,0
0,19,reorder,513581,0,0,0,0,0,0,0
0,20,base,513588,0,0,0,0,0,0,0
0,20,corrupted,513588,0,0,0,0,0,0,0
0,20,reorder,513581,0,0,0,0,0,0,0
0,21,base,513588,0,0,0,0,0,0,0
0,21,corrupted,513588,0,0,0,0,0,0,0
0,21,reorder,513581,0,0,0,0,0,0,0
0,22,base,513588,0,0,0,0,0,0,0
0,22,corrupted,513588,0,0,0,0,0,0,0
0,22,reorder,513581,0,0,0,0,0,0,0
0,23,base,513588,0,0,0,0,0,0,0
0,23,corrupted,513588,0,0,0,0,0,0,0
0,23,reorder,513581,0,0,0,0,0,0,0
0,24,base,513588,1252,0.00243775,1252,0.0131816,0.0111418,0.0292301,0.0313171
0,24,corrupted,513588,1252,0.00243775,1252,0.0132855,0.0110897,0.0292364,0.0317415
0,24,reorder,513581,1253,0.00243973,1253,0.0131857,0.0111428,0.0292385,0.0305706
0,25,base,513588,0,0,0,0,0,0,0
0,25,corrupted,513588,0,0,0,0,0,0,0
0,25,reorder,513581,0,0,0,0,0,0,0
0,26,base,513588,477,0.00092876,477,0.00302181,0.0235577,0.0210946,0.0349918
0,26,corrupted,513588,479,0.000932654,479,0.00309598,0.0234546,0.0211025,0.0409368
0,26,reorder,513581,533,0.00103781,533,0.00319251,0.0219907,0.0206448,0.0373632
0,27,base,513588,44,8.56718e-05,44,0.116159,0.0436315,0.00514481,0.0336233
0,27,corrupted,513588,46,8.9566e-05,46,0.111028,0.0414796,0.00562542,0.0316746
0,27,reorder,513581,45,8.76201e-05,45,0.113638,0.0426945,0.00502685,0.0451994
0,28,base,513588,0,0,0,0,0,0,0
0,28,corrupted,513588,0,0,0,0,0,0,0
0,28,reorder,513581,0,0,0,0,0,0,0
0,29,base,513588,0,0,0,0,0,0,0
0,29,corrupted,513588,0,0,0,0,0,0,0
0,29,reorder,513581,0,0,0,0,0,0,0
0,30,base,513588,0,0,0,0,0,0,0
0,30,corrupted,513588,0,0,0,0,0,0,0
0,30,reorder,513581,0,0,0,0,0,0,0
0,31,base,513588,0,0,0,0,0,0,0
0,31,corrupted,513588,0,0,0,0,0,0,0
0,31,reorder,513581,0,0,0,0,0,0,0
1,0,base,513588,0,0,0,0,0,0,0
1,0,corrupted,513588,0,0,0,0,0,0,0
1,0,reorder,513581,0,0,0,0,0,0,0
1,1,base,513588,224,0.000436147,224,0.00734397,0.050657,0.00903741,0.0332448
1,1,corrupted,513588,224,0.000436147,224,0.00750398,0.0504942,0.00903375,0.0345048
1,1,reorder,513581,224,0.000436153,224,0.00732661,0.0506806,0.00903016,0.0269647
1,2,base,513588,0,0,0,0,0,0,0
1,2,corrupted,513588,0,0,0,0,0,0,0
1,2,reorder,513581,0,0,0,0,0,0,0
1,3,base,513588,0,0,0,0,0,0,0
1,3,corrupted,513588,0,0,0,0,0,0,0
1,3,reorder,513581,0,0,0,0,0,0,0
1,4,base,513588,0,0,0,0,0,0,0
1,4,corrupted,513588,0,0,0,0,0,0,0
1,4,reorder,513581,0,0,0,0,0,0,0
1,5,base,513588,0,0,0,0,0,0,0
1,5,corrupted,513588,0,0,0,0,0,0,0
1,5,reorder,513581,0,0,0,0,0,0,0
1,6,base,513588,0,0,0,0,0,0,0
1,6,corrupted,513588,0,0,0,0,0,0,0
1,6,reorder,513581,0,0,0,0,0,0,0
1,7,base,513588,0,0,0,0,0,0,0
1,7,corrupted,513588,0,0,0,0,0,0,0
1,7,reorder,513581,0,0,0,0,0,0,0
1,8,base,513588,0,0,0,0,0,0,0
1,8,corrupted,513588,0,0,0,0,0,0,0
1,8,reorder,513581,0,0,0,0,0,0,0
1,9,base,513588,69,0.000134349,69,0.0812083,0.0066346,0.00773395,0.0254179
1,9,corrupted,513588,70,0.000136296,70,0.0796539,0.00547839,0.00674343,0.0337554
1,9,reorder,513581,69,0.000134351,69,0.0819504,0.00613115,0.00616232,0.0409884
1,10,base,513588,0,0,0,0,0,0,0
1,10,corrupted,513588,0,0,0,0,0,0,0
1,10,reorder,513581,0,0,0,0,0,0,0
1,11,base,513588,0,0,0,0,0,0,0
1,11,corrupted,513588,0,0,0,0,0,0,0
1,11,reorder,513581,0,0,0,0,0,0,0
1,12,base,513588,48,9.34601e-05,48,0.00956802,0,0.0323467,0.0228019
1,12,corrupted,513588,50,9.73543e-05,50,0.0091853,0.000339701,0.0310528,0.0356512
1,12,reorder,513581,48,9.34614e-05,48,0.00956802,0,0.0323467,0.0397413
1,13,base,513588,4,7.78834e-06,4,0.00570594,0.0100271,0.0177182,0.00199752
1,13,corrupted,513588,4,7.78834e-06,4,0.0409014,0,0.01713,0.0276474
1,13,reorder,513581,4,7.78845e-06,4,0.00601876,0.0102927,0.0182694,0.0169607
1,14,base,513588,0,0,0,0,0,0,0
1,14,corrupted,513588,0,0,0,0,0,0,0
1,14,reorder,513581,0,0,0,0,0,0,0
1,15,base,513588,0,0,0,0,0,0,0
1,15,corrupted,513588,0,0,0,0,0,0,0
1,15,reorder,513581,0,0,0,0,0,0,0
1,16,base,513588,7,1.36296e-05,7,0.0167534,0.0212904,0.0056046,0.0190263
1,16,corrupted,513588,3,5.84126e-06,3,0.0159633,8.35661e-05,0.00811405,0
1,16,reorder,513581,4,7.78845e-06,4,0,0.0125782,0.00589512,0.0213893
1,17,base,513588,501,0.00097549,501,0.00496469,0.00178474,0.0255131,0.0195786
1,17,corrupted,513588,498,0.000969649,498,0.00485831,0.00164024,0.0256474,0.020254
1,17,reorder,513581,523,0.00101834,523,0.0053298,0.00154467,0.0252145,0.0187784
1,18,base,513588,0,0,0,0,0,0,0
1,18,corrupted,513588,0,0,0,0,0,0,0
1,18,reorder,513581,0,0,0,0,0,0,0
1,19,base,513588,0,0,0,0,0,0,0
1,19,corrupted,513588,0,0,0,0,0,0,0
1,19,reorder,513581,0,0,0,0,0,0,0
1,20,base,513588,0,0,0,0,0,0,0
1,20,corrupted,513588,0,0,0,0,0,0,0
1,20,reorder,513581,1,1.94711e-06,1,0,0.045315,0.0115624,0
1,21,base,513588,238,0.000463406,238,0.00809876,0.010353,0.00436377,0.0174274
1,21,corrupted,513588,258,0.000502348,258,0.00819485,0.00871626,0.00465803,0.0158427
1,21,reorder,513581,334,0.000650336,334,0.00730406,0.00770791,0.00448203,0.0176015
1,22,base,513588,0,0,0,0,0,0,0
1,22,corrupted,513588,0,0,0,0,0,0,0
1,22,reorder,513581,0,0,0,0,0,0,0
1,23,base,513588,0,0,0,0,0,0,0
1,23,corrupted,513588,0,0,0,0,0,0,0
1,23,reorder,513581,0,0,0,0,0,0,0
1,24,base,513588,0,0,0,0,0,0,0
1,24,corrupted,513588,0,0,0,0,0,0,0
1,24,reorder,513581,0,0,0,0,0,0,0
1,25,base,513588,0,0,0,0,0,0,0
1,25,corrupted,513588,0,0,0,0,0,0,0
1,25,reorder,513581,0,0,0,0,0,0,0
1,26,base,513588,6,1.16825e-05,6,0.00709732,0.0567934,0,0.00623798
1,26,corrupted,513588,4,7.78834e-06,4,0,0.0327624,0,0.00191001
1,26,reorder,513581,3,5.84134e-06,3,0,0.0224285,0,0.0364956
1,27,base,513588,653,0.00127145,653,0.0775372,0.0154575,0.0450285,0.0259427
1,27,corrupted,513588,658,0.00128118,658,0.0771395,0.0155041,0.0447693,0.0255315
1,27,reorder,513581,735,0.00143113,735,0.0728612,0.0151158,0.0422072,0.0234343
1,28,base,513588,0,0,0,0,0,0,0
1,28,corrupted,513588,0,0,0,0,0,0,0
1,28,reorder,513581,0,0,0,0,0,0,0
1,29,base,513588,0,0,0,0,0,0,0
1,29,corrupted,513588,0,0,0,0,0,0,0
1,29,reorder,513581,0,0,0,0,0,0,0
1,30,base,513588,6,1.16825e-05,6,0.0219854,0.018581,3.89095e-05,0.0405744
1,30,corrupted,513588,6,1.16825e-05,6,0.0222462,0,0.000167902,0.0231789
1,30,reorder,513581,5,9.73556e-06,5,0.0213816,0.0222117,6.78476e-05,0.0279633
1,31,base,513588,0,0,0,0,0,0,0
1,31,corrupted,513588,0,0,0,0,0,0,0
1,31,reorder,513581,0,0,0,0,0,0,0
2,0,base,513588,51,9.93014e-05,51,0.00860452,0.0136884,0.00698621,0.00925522
2,0,corrupted,513588,42,8.17776e-05,42,0.00888956,0.0128217,0.00598985,0.0156373
2,0,reorder,513581,50,9.73556e-05,50,0.00779046,0.018973,0.00827758,0.0112509
2,1,base,513588,0,0,0,0,0,0,0
2,1,corrupted,513588,0,0,0,0,0,0,0
2,1,reorder,513581,0,0,0,0,0,0,0
2,2,base,513588,0,0,0,0,0,0,0
2,2,corrupted,513588,0,0,0,0,0,0,0
2,2,reorder,513581,0,0,0,0,0,0,0
2,3,base,513588,74,0.000144084,74,0.0117154,0.00407721,0.0173096,0.0249448
2,3,corrupted,513588,74,0.000144084,74,0.0116241,0.00191342,0.0173465,0.0191084
2,3,reorder,513581,77,0.000149928,77,0.0114283,0.00393399,0.0185119,0.0287822
2,4,base,513588,0,0,0,0,0,0,0
2,4,corrupted,513588,0,0,0,0,0,0,0
2,4,reorder,513581,0,0,0,0,0,0,0
2,5,base,513588,0,0,0,0,0,0,0
2,5,corrupted,513588,0,0,0,0,0,0,0
2,5,reorder,513581,0,0,0,0,0,0,0
2,6,base,513588,0,0,0,0,0,0,0
2,6,corrupted,513588,0,0,0,0,0,0,0
2,6,reorder,513581,0,0,0,0,0,0,0
2,7,base,513588,6,1.16825e-05,6,0.0060501,0.0326093,6.28008e-05,0.036388
2,7,corrupted,513588,5,9.73543e-06,5,0.00441651,0.0243433,0,0.0197714
2,7,reorder,513581,7,1.36298e-05,7,0.00619166,0.0363056,3.56586e-05,0.00996723
2,8,base,513588,2,3.89417e-06,2,0,0,0,0.00987531
2,8,corrupted,513588,2,3.89417e-06,2,0,0,0,0.04242
2,8,reorder,513581,2,3.89423e-06,2,0,0,0,0
2,9,base,513588,0,0,0,0,0,0,0
2,9,corrupted,513588,0,0,0,0,0,0,0
2,9,reorder,513581,0,0,0,0,0,0,0
2,10,base,513588,0,0,0,0,0,0,0
2,10,corrupted,513588,0,0,0,0,0,0,0
2,10,reorder,513581,0,0,0,0,0,0,0
2,11,base,513588,0,0,0,0,0,0,0
2,11,corrupted,513588,0,0,0,0,0,0,0
2,11,reorder,513581,0,0,0,0,0,0,0
2,12,base,513588,0,0,0,0,0,0,0
2,12,corrupted,513588,0,0,0,0,0,0,0
2,12,reorder,513581,0,0,0,0,0,0,0
2,13,base,513588,0,0,0,0,0,0,0
2,13,corrupted,513588,0,0,0,0,0,0,0
2,13,reorder,513581,0,0,0,0,0,0,0
2,14,base,513588,0,0,0,0,0,0,0
2,14,corrupted,513588,0,0,0,0,0,0,0
2,14,reorder,513581,0,0,0,0,0,0,0
2,15,base,513588,0,0,0,0,0,0,0
2,15,corrupted,513588,0,0,0,0,0,0,0
2,15,reorder,513581,0,0,0,0,0,0,0
2,16,base,513588,6,1.16825e-05,6,0.004236,0.0553059,0.0131947,0.0164697
2,16,corrupted,513588,6,1.16825e-05,6,4.71664e-05,0.0356455,0.0133227,0.0246714
2,16,reorder,513581,6,1.16827e-05,6,0.00425096,0.0551343,0.0131094,0.0288051
2,17,base,513588,0,0,0,0,0,0,0
2,17,corrupted,513588,0,0,0,0,0,0,0
2,17,reorder,513581,0,0,0,0,0,0,0
2,18,base,513588,48,9.34601e-05,48,0,0.0147305,0.0140225,0.0214011
2,18,corrupted,513588,48,9.34601e-05,48,0,0.0136773,0.0140004,0.0234584
2,18,reorder,513581,48,9.34614e-05,48,0,0.014792,0.014097,0.0230522
2,19,base,513588,0,0,0,0,0,0,0
2,19,corrupted,513588,0,0,0,0,0,0,0
2,19,reorder,513581,0,0,0,0,0,0,0
2,20,base,513588,6,1.16825e-05,6,0.00405338,0.00513132,0.00361434,0.0261856
2,20,corrupted,513588,6,1.16825e-05,6,0.00405338,0.00513132,0.00361434,0.0309396
2,20,reorder,513581,7,1.36298e-05,7,0.00347433,0.00681045,0.00720625,0.0180951
2,21,base,513588,118,0.000229756,118,0.00337299,0.0042778,0.0269633,0.0233367
2,21,corrupted,513588,127,0.00024728,127,0.0036264,0.00389199,0.0254086,0.0237409
2,21,reorder,513581,124,0.000241442,124,0.00422173,0.00646257,0.0264278,0.0190108
2,22,base,513588,18,3.50475e-05,18,0.0209422,0.0202993,0.0268978,0.00733245
2,22,corrupted,513588,22,4.28359e-05,22,0.0162156,0.0145999,0.0216371,0.0201991
2,22,reorder,513581,22,4.28365e-05,22,0.0103239,0.00387593,0.0240608,0.00696016
2,23,base,513588,95,0.000184973,95,0.00484937,0.0396226,0.0254071,0.0430625
2,23,corrupted,513588,96,0.00018692,96,0.00505468,0.0374542,0.0235011,0.0395073
2,23,reorder,513581,101,0.000196658,101,0.00629846,0.0377034,0.0234216,0.0356985
2,24,base,513588,6,1.16825e-05,6,0.00555849,0.0203514,0.014259,0.00576852
2,24,corrupted,513588,6,1.16825e-05,6,0.00543205,0.020797,0.0149488,0.0200782
2,24,reorder,513581,7,1.36298e-05,7,0.00448444,0.0182909,0.0161308,0.0150199
2,25,base,513588,0,0,0,0,0,0,0
2,25,corrupted,513588,1,1.94709e-06,1,0.0576556,0,0.0457925,0.0115588
2,25,reorder,513581,0,0,0,0,0,0,0
2,26,base,513588,0,0,0,0,0,0,0
2,26,corrupted,513588,0,0,0,0,0,0,0
2,26,reorder,513581,0,0,0,0,0,0,0
2,27,base,513588,0,0,0,0,0,0,0
2,27,corrupted,513588,0,0,0,0,0,0,0
2,27,reorder,513581,0,0,0,0,0,0,0
2,28,base,513588,0,0,0,0,0,0,0
2,28,corrupted,513588,0,0,0,0,0,0,0
2,28,reorder,513581,0,0,0,0,0,0,0
2,29,base,513588,1,1.94709e-06,1,0.00966959,0,0,0.000227395
2,29,corrupted,513588,1,1.94709e-06,1,0.009412,0,0,0
2,29,reorder,513581,0,0,0,0,0,0,0
2,30,base,513588,0,0,0,0,0,0,0
2,30,corrupted,513588,0,0,0,0,0,0,0
2,30,reorder,513581,0,0,0,0,0,0,0
2,31,base,513588,0,0,0,0,0,0,0
2,31,corrupted,513588,0,0,0,0,0,0,0
2,31,reorder,513581,0,0,0,0,0,0,0
3,0,base,513588,0,0,0,0,0,0,0
3,0,corrupted,513588,0,0,0,0,0,0,0
3,0,reorder,513581,0,0,0,0,0,0,0
3,1,base,513588,0,0,0,0,0,0,0
3,1,corrupted,513588,0,0,0,0,0,0,0
3,1,reorder,513581,0,0,0,0,0,0,0
3,2,base,513588,0,0,0,0,0,0,0
3,2,corrupted,513588,0,0,0,0,0,0,0
3,2,reorder,513581,0,0,0,0,0,0,0
3,3,base,513588,0,0,0,0,0,0,0
3,3,corrupted,513588,0,0,0,0,0,0,0
3,3,reorder,513581,0,0,0,0,0,0,0
3,4,base,513588,3,5.84126e-06,3,0,0.0103858,0.00954459,0
3,4,corrupted,513588,3,5.84126e-06,3,0,0.0103777,0.00953541,0.0132007
3,4,reorder,513581,2,3.89423e-06,2,0,0.0160387,0.014764,0
3,5,base,513588,0,0,0,0,0,0,0
3,5,corrupted,513588,0,0,0,0,0,0,0
3,5,reorder,513581,0,0,0,0,0,0,0
3,6,base,513588,0,0,0,0,0,0,0
3,6,corrupted,513588,0,0,0,0,0,0,0
3,6,reorder,513581,0,0,0,0,0,0,0
3,7,base,513588,0,0,0,0,0,0,0
3,7,corrupted,513588,0,0,0,0,0,0,0
3,7,reorder,513581,0,0,0,0,0,0,0
3,8,base,513588,0,0,0,0,0,0,0
3,8,corrupted,513588,0,0,0,0,0,0,0
3,8,reorder,513581,0,0,0,0,0,0,0
3,9,base,513588,25,4.86771e-05,25,0.0172159,0.0174645,0.0241492,0.00864829
3,9,corrupted,513588,25,4.86771e-05,25,0.0200691,0.0206889,0.0242561,0.013059
3,9,reorder,513581,28,5.45192e-05,28,0.0175207,0.0147912,0.0222039,0.0206451
3,10,base,513588,0,0,0,0,0,0,0
3,10,corrupted,513588,0,0,0,0,0,0,0
3,10,reorder,513581,0,0,0,0,0,0,0
3,11,base,513588,50,9.73543e-05,50,0.2417,0.0562843,0.0185373,0.110587
3,11,corrupted,513588,50,9.73543e-05,50,0.241702,0.0562843,0.0185374,0.0741893
3,11,reorder,513581,49,9.54085e-05,49,0.245855,0.0574329,0.0183176,0.0797764
3,12,base,513588,1,1.94709e-06,1,0.0368752,0,0,0.00608152
3,12,corrupted,513588,2,3.89417e-06,2,0.0371088,0,0,0.00588609
3,12,reorder,513581,3,5.84134e-06,3,0.0125263,0.00737907,0.011958,0
3,13,base,513588,1,1.94709e-06,1,0,0.00624217,0.0186021,0
3,13,corrupted,513588,2,3.89417e-06,2,0,0.011789,0.0160382,0
3,13,reorder,513581,1,1.94711e-06,1,0,0.00549615,0.0182997,0.0282204
3,14,base,513588,0,0,0,0,0,0,0
3,14,corrupted,513588,0,0,0,0,0,0,0
3,14,reorder,513581,0,0,0,0,0,0,0
3,15,base,513588,0,0,0,0,0,0,0
3,15,corrupted,513588,0,0,0,0,0,0,0
3,15,reorder,513581,0,0,0,0,0,0,0
3,16,base,513588,1125,0.00219047,1125,0.0222027,0.0251665,0.0140363,0.0254565
3,16,corrupted,513588,1149,0.0022372,1149,0.0222672,0.0252606,0.0143057,0.0256858
3,16,reorder,513581,1286,0.00250399,1286,0.0203286,0.024311,0.0142238,0.024368
3,17,base,513588,0,0,0,0,0,0,0
3,17,corrupted,513588,0,0,0,0,0,0,0
3,17,reorder,513581,0,0,0,0,0,0,0
3,18,base,513588,0,0,0,0,0,0,0
3,18,corrupted,513588,0,0,0,0,0,0,0
3,18,reorder,513581,0,0,0,0,0,0,0
3,19,base,513588,0,0,0,0,0,0,0
3,19,corrupted,513588,0,0,0,0,0,0,0
3,19,reorder,513581,0,0,0,0,0,0,0
3,20,base,513588,18,3.50475e-05,18,0.0370107,0.265764,0,0.175174
3,20,corrupted,513588,18,3.50475e-05,18,0.0370107,0.265764,0,0.164055
3,20,reorder,513581,18,3.5048e-05,18,0.0370107,0.265764,0,0.0902698
3,21,base,513588,0,0,0,0,0,0,0
3,21,corrupted,513588,0,0,0,0,0,0,0
3,21,reorder,513581,0,0,0,0,0,0,0
3,22,base,513588,0,0,0,0,0,0,0
3,22,corrupted,513588,0,0,0,0,0,0,0
3,22,reorder,513581,0,0,0,0,0,0,0
3,23,base,513588,0,0,0,0,0,0,0
3,23,corrupted,513588,0,0,0,0,0,0,0
3,23,reorder,513581,0,0,0,0,0,0,0
3,24,base,513588,0,0,0,0,0,0,0
3,24,corrupted,513588,0,0,0,0,0,0,0
3,24,reorder,513581,0,0,0,0,0,0,0
3,25,base,513588,0,0,0,0,0,0,0
3,25,corrupted,513588,0,0,0,0,0,0,0
3,25,reorder,513581,0,0,0,0,0,0,0
3,26,base,513588,0,0,0,0,0,0,0
3,26,corrupted,513588,0,0,0,0,0,0,0
3,26,reorder,513581,0,0,0,0,0,0,0
3,27,base,513588,0,0,0,0,0,0,0
3,27,corrupted,513588,0,0,0,0,0,0,0
3,27,reorder,513581,0,0,0,0,0,0,0
3,28,base,513588,18,3.50475e-05,18,0,0,0.0367662,0.0182889
3,28,corrupted,513588,18,3.50475e-05,18,0,0,0.0367662,0.0171521
3,28,reorder,513581,18,3.5048e-05,18,0,0,0.0367662,0.0131261
3,29,base,513588,0,0,0,0,0,0,0
3,29,corrupted,513588,0,0,0,0,0,0,0
3,29,reorder,513581,0,0,0,0,0,0,0
3,30,base,513588,109,0.000212232,109,0.0330895,0.0597015,0.025668,0.0343976
3,30,corrupted,513588,109,0.000212232,109,0.0332639,0.0606455,0.0260897,0.0396542
3,30,reorder,513581,112,0.000218077,112,0.0321931,0.0581105,0.024685,0.029961
3,31,base,513588,0,0,0,0,0,0,0
3,31,corrupted,513588,0,0,0,0,0,0,0
3,31,reorder,513581,0,0,0,0,0,0,0
4,0,base,513588,269,0.000523766,269,0.0520247,0.0379109,0.0301192,0.0342006
4,0,corrupted,513588,268,0.000521819,268,0.0522658,0.0370181,0.0302305,0.0290266
4,0,reorder,513581,270,0.00052572,270,0.0517625,0.0377444,0.0299669,0.0292226
4,1,base,513588,0,0,0,0,0,0,0
4,1,corrupted,513588,0,0,0,0,0,0,0
4,1,reorder,513581,0,0,0,0,0,0,0
4,2,base,513588,2,3.89417e-06,2,0,0,0.0169885,0.0127581
4,2,corrupted,513588,2,3.89417e-06,2,0,0,0.0169185,0
4,2,reorder,513581,3,5.84134e-06,3,0,0.0212047,0.0150486,0.0141083
4,3,base,513588,0,0,0,0,0,0,0
4,3,corrupted,513588,0,0,0,0,0,0,0
4,3,reorder,513581,0,0,0,0,0,0,0
4,4,base,513588,4,7.78834e-06,4,0.00108785,0.00635804,0.0156761,0.0220686
4,4,corrupted,513588,4,7.78834e-06,4,0.00108785,0.00635804,0.0154649,0.00966446
4,4,reorder,513581,8,1.55769e-05,8,0.00108785,0.0193621,0.0132628,0.00370716
4,5,base,513588,0,0,0,0,0,0,0
4,5,corrupted,513588,0,0,0,0,0,0,0
4,5,reorder,513581,0,0,0,0,0,0,0
4,6,base,513588,0,0,0,0,0,0,0
4,6,corrupted,513588,0,0,0,0,0,0,0
4,6,reorder,513581,0,0,0,0,0,0,0
4,7,base,513588,0,0,0,0,0,0,0
4,7,corrupted,513588,0,0,0,0,0,0,0
4,7,reorder,513581,0,0,0,0,0,0,0
4,8,base,513588,0,0,0,0,0,0,0
4,8,corrupted,513588,0,0,0,0,0,0,0
4,8,reorder,513581,0,0,0,0,0,0,0
4,9,base,513588,0,0,0,0,0,0,0
4,9,corrupted,513588,0,0,0,0,0,0,0
4,9,reorder,513581,0,0,0,0,0,0,0
4,10,base,513588,424,0.000825564,424,0.0164803,0.0451113,0.0273323,0.0225227
4,10,corrupted,513588,425,0.000827512,425,0.015166,0.0451787,0.0275131,0.0222271
4,10,reorder,513581,537,0.0010456,537,0.0155717,0.0397404,0.0262048,0.0218124
4,11,base,513588,0,0,0,0,0,0,0
4,11,corrupted,513588,0,0,0,0,0,0,0
4,11,reorder,513581,0,0,0,0,0,0,0
4,12,base,513588,0,0,0,0,0,0,0
4,12,corrupted,513588,0,0,0,0,0,0,0
4,12,reorder,513581,0,0,0,0,0,0,0
4,13,base,513588,66,0.000128508,66,0.102554,0.060453,0,0.103803
4,13,corrupted,513588,66,0.000128508,66,0.102554,0.060453,0,0.0946769
4,13,reorder,513581,66,0.000128509,66,0.102554,0.060453,0,0.0990282
4,14,base,513588,211,0.000410835,211,0.0132057,0.00778235,0.0395612,0.0275238
4,14,corrupted,513588,212,0.000412782,212,0.0121732,0.00776228,0.0394178,0.0281538
4,14,reorder,513581,387,0.000753533,387,0.0138662,0.0111011,0.0302392,0.0184856
4,15,base,513588,24,4.67301e-05,24,0.111389,0.0166973,0.0152835,0.0590078
4,15,corrupted,513588,25,4.86771e-05,25,0.103806,0.0226655,0.0164433,0.0660827
4,15,reorder,513581,24,4.67307e-05,24,0.109807,0.0168883,0.0108339,0.0331432
4,16,base,513588,0,0,0,0,0,0,0
4,16,corrupted,513588,0,0,0,0,0,0,0
4,16,reorder,513581,0,0,0,0,0,0,0
4,17,base,513588,0,0,0,0,0,0,0
4,17,corrupted,513588,0,0,0,0,0,0,0
4,17,reorder,513581,0,0,0,0,0,0,0
4,18,base,513588,0,0,0,0,0,0,0
4,18,corrupted,513588,0,0,0,0,0,0,0
4,18,reorder,513581,0,0,0,0,0,0,0
4,19,base,513588,0,0,0,0,0,0,0
4,19,corrupted,513588,0,0,0,0,0,0,0
4,19,reorder,513581,0,0,0,0,0,0,0
4,20,base,513588,0,0,0,0,0,0,0
4,20,corrupted,513588,0,0,0,0,0,0,0
4,20,reorder,513581,0,0,0,0,0,0,0
4,21,base,513588,0,0,0,0,0,0,0
4,21,corrupted,513588,0,0,0,0,0,0,0
4,21,reorder,513581,0,0,0,0,0,0,0
4,22,base,513588,0,0,0,0,0,0,0
4,22,corrupted,513588,0,0,0,0,0,0,0
4,22,reorder,513581,0,0,0,0,0,0,0
4,23,base,513588,2,3.89417e-06,2,0.0170177,0.014608,0,0
4,23,corrupted,513588,2,3.89417e-06,2,0.00455252,0.0462431,0,0
4,23,reorder,513581,2,3.89423e-06,2,0.0189622,0.0164345,0,0.00934119
4,24,base,513588,0,0,0,0,0,0,0
4,24,corrupted,513588,0,0,0,0,0,0,0
4,24,reorder,513581,0,0,0,0,0,0,0
4,25,base,513588,0,0,0,0,0,0,0
4,25,corrupted,513588,0,0,0,0,0,0,0
4,25,reorder,513581,0,0,0,0,0,0,0
4,26,base,513588,0,0,0,0,0,0,0
4,26,corrupted,513588,0,0,0,0,0,0,0
4,26,reorder,513581,0,0,0,0,0,0,0
4,27,base,513588,0,0,0,0,0,0,0
4,27,corrupted,513588,0,0,0,0,0,0,0
4,27,reorder,513581,0,0,0,0,0,0,0
4,28,base,513588,519,0.00101054,519,0.0512662,0.0272948,0.0315954,0.0385769
4,28,corrupted,513588,516,0.0010047,516,0.0520867,0.027196,0.0317207,0.0365376
4,28,reorder,513581,608,0.00118384,608,0.0448369,0.0250118,0.029096,0.0364942
4,29,base,513588,0,0,0,0,0,0,0
4,29,corrupted,513588,0,0,0,0,0,0,0
4,29,reorder,513581,1,1.94711e-06,1,0.00454559,0,0,0.0774126
4,30,base,513588,0,0,0,0,0,0,0
4,30,corrupted,513588,0,0,0,0,0,0,0
4,30,reorder,513581,0,0,0,0,0,0,0
4,31,base,513588,0,0,0,0,0,0,0
4,31,corrupted,513588,0,0,0,0,0,0,0
4,31,reorder,513581,0,0,0,0,0,0,0
5,0,base,513588,0,0,0,0,0,0,0
5,0,corrupted,513588,0,0,0,0,0,0,0
5,0,reorder,513581,0,0,0,0,0,0,0
5,1,base,513588,0,0,0,0,0,0,0
5,1,corrupted,513588,0,0,0,0,0,0,0
5,1,reorder,513581,0,0,0,0,0,0,0
5,2,base,513588,0,0,0,0,0,0,0
5,2,corrupted,513588,0,0,0,0,0,0,0
5,2,reorder,513581,0,0,0,0,0,0,0
5,3,base,513588,0,0,0,0,0,0,0
5,3,corrupted,513588,0,0,0,0,0,0,0
5,3,reorder,513581,0,0,0,0,0,0,0
5,4,base,513588,0,0,0,0,0,0,0
5,4,corrupted,513588,0,0,0,0,0,0,0
5,4,reorder,513581,0,0,0,0,0,0,0
5,5,base,513588,0,0,0,0,0,0,0
5,5,corrupted,513588,0,0,0,0,0,0,0
5,5,reorder,513581,0,0,0,0,0,0,0
5,6,base,513588,24,4.67301e-05,24,0.0109294,0.105449,0.0177526,0.0248181
5,6,corrupted,513588,24,4.67301e-05,24,0.0109646,0.105449,0.0177526,0.0475586
5,6,reorder,513581,26,5.06249e-05,26,0.0118378,0.0976125,0.0174502,0.0558571
5,7,base,513588,0,0,0,0,0,0,0
5,7,corrupted,513588,0,0,0,0,0,0,0
5,7,reorder,513581,0,0,0,0,0,0,0
5,8,base,513588,14,2.72592e-05,14,0.0197773,0.00337681,0.00126716,0.018617
5,8,corrupted,513588,14,2.72592e-05,14,0.0112518,0.0121323,0.00147608,0.01218
5,8,reorder,513581,14,2.72596e-05,14,0.0181353,0.000158274,0.00245355,0.0130243
5,9,base,513588,0,0,0,0,0,0,0
5,9,corrupted,513588,0,0,0,0,0,0,0
5,9,reorder,513581,0,0,0,0,0,0,0
5,10,base,513588,500,0.000973543,500,0.0265093,0.0107251,0.0189813,0.0341454
5,10,corrupted,513588,490,0.000954072,490,0.0259996,0.0100608,0.0193317,0.0285791
5,10,reorder,513581,514,0.00100082,514,0.0260725,0.0109055,0.01863,0.02463
5,11,base,513588,0,0,0,0,0,0,0
5,11,corrupted,513588,0,0,0,0,0,0,0
5,11,reorder,513581,0,0,0,0,0,0,0
5,12,base,513588,0,0,0,0,0,0,0
5,12,corrupted,513588,0,0,0,0,0,0,0
5,12,reorder,513581,0,0,0,0,0,0,0
5,13,base,513588,0,0,0,0,0,0,0
5,13,corrupted,513588,0,0,0,0,0,0,0
5,13,reorder,513581,0,0,0,0,0,0,0
5,14,base,513588,0,0,0,0,0,0,0
5,14,corrupted,513588,0,0,0,0,0,0,0
5,14,reorder,513581,0,0,0,0,0,0,0
5,15,base,513588,0,0,0,0,0,0,0
5,15,corrupted,513588,0,0,0,0,0,0,0
5,15,reorder,513581,0,0,0,0,0,0,0
5,16,base,513588,80,0.000155767,80,0.00842379,0.0491713,0.00964192,0.0101613
5,16,corrupted,513588,82,0.000159661,82,0.00738247,0.0475984,0.00940123,0.0215483
5,16,reorder,513581,88,0.000171346,88,0.00886178,0.0458939,0.00953323,0.0148645
5,17,base,513588,0,0,0,0,0,0,0
5,17,corrupted,513588,0,0,0,0,0,0,0
5,17,reorder,513581,0,0,0,0,0,0,0
5,18,base,513588,1038,0.00202108,1038,0.0400903,0.0388626,0.0245622,0.0295361
5,18,corrupted,513588,1023,0.00199187,1023,0.0403508,0.0396298,0.0244745,0.0329993
5,18,reorder,513581,1122,0.00218466,1122,0.0378238,0.0367954,0.0232635,0.0291766
5,19,base,513588,188,0.000366052,188,0.0140675,0.0231447,0.0112182,0.0410324
5,19,corrupted,513588,192,0.000373841,192,0.0136087,0.0232274,0.0107823,0.0308225
5,19,reorder,513581,365,0.000710696,365,0.0114587,0.02304,0.00998714,0.0243571
5,20,base,513588,0,0,0,0,0,0,0
5,20,corrupted,513588,0,0,0,0,0,0,0
5,20,reorder,513581,0,0,0,0,0,0,0
5,21,base,513588,0,0,0,0,0,0,0
5,21,corrupted,513588,0,0,0,0,0,0,0
5,21,reorder,513581,0,0,0,0,0,0,0
5,22,base,513588,0,0,0,0,0,0,0
5,22,corrupted,513588,0,0,0,0,0,0,0
5,22,reorder,513581,0,0,0,0,0,0,0
5,23,base,513588,0,0,0,0,0,0,0
5,23,corrupted,513588,0,0,0,0,0,0,0
5,23,reorder,513581,0,0,0,0,0,0,0
5,24,base,513588,2,3.89417e-06,2,0,0.0862775,0,0.0118948
5,24,corrupted,513588,1,1.94709e-06,1,0,0.0889272,0,0
5,24,reorder,513581,1,1.94711e-06,1,0.0174679,0,0.0285834,0
5,25,base,513588,0,0,0,0,0,0,0
5,25,corrupted,513588,0,0,0,0,0,0,0
5,25,reorder,513581,0,0,0,0,0,0,0
5,26,base,513588,0,0,0,0,0,0,0
5,26,corrupted,513588,0,0,0,0,0,0,0
5,26,reorder,513581,0,0,0,0,0,0,0
5,27,base,513588,0,0,0,0,0,0,0
5,27,corrupted,513588,0,0,0,0,0,0,0
5,27,reorder,513581,0,0,0,0,0,0,0
5,28,base,513588,0,0,0,0,0,0,0
5,28,corrupted,513588,0,0,0,0,0,0,0
5,28,reorder,513581,0,0,0,0,0,0,0
5,29,base,513588,2,3.89417e-06,2,0.011578,0,0,0.0275778
5,29,corrupted,513588,2,3.89417e-06,2,0.011578,0,0,0.0202885
5,29,reorder,513581,2,3.89423e-06,2,0.011578,0,0,0.01549
5,30,base,513588,0,0,0,0,0,0,0
5,30,corrupted,513588,0,0,0,0,0,0,0
5,30,reorder,513581,0,0,0,0,0,0,0
5,31,base,513588,4,7.78834e-06,4,0.0105095,0.0193628,0.04547,0.0101412
5,31,corrupted,513588,4,7.78834e-06,4,0.0100576,0,0.0453257,0.00944228
5,31,reorder,513581,3,5.84134e-06,3,0.0108104,0.0247847,0.0446185,0.00444769
6,0,base,513588,0,0,0,0,0,0,0
6,0,corrupted,513588,0,0,0,0,0,0,0
6,0,reorder,513581,0,0,0,0,0,0,0
6,1,base,513588,0,0,0,0,0,0,0
6,1,corrupted,513588,0,0,0,0,0,0,0
6,1,reorder,513581,0,0,0,0,0,0,0
6,2,base,513588,1740,0.00338793,1740,0.0119241,0.0139722,0.0233807,0.0240428
6,2,corrupted,513588,1738,0.00338404,1738,0.0120372,0.0136297,0.0233271,0.0224325
6,2,reorder,513581,1580,0.00307644,1580,0.0124656,0.0142094,0.0245418,0.0270405
6,3,base,513588,289,0.000562708,289,0.0581631,0.0310301,0.0423218,0.0494734
6,3,corrupted,513588,286,0.000556867,286,0.0584327,0.0310947,0.0427847,0.039918
6,3,reorder,513581,303,0.000589975,303,0.0563252,0.0295035,0.0411498,0.0449253
6,4,base,513588,0,0,0,0,0,0,0
6,4,corrupted,513588,0,0,0,0,0,0,0
6,4,reorder,513581,0,0,0,0,0,0,0
6,5,base,513588,0,0,0,0,0,0,0
6,5,corrupted,513588,0,0,0,0,0,0,0
6,5,reorder,513581,0,0,0,0,0,0,0
6,6,base,513588,0,0,0,0,0,0,0
6,6,corrupted,513588,0,0,0,0,0,0,0
6,6,reorder,513581,0,0,0,0,0,0,0
6,7,base,513588,9,1.75238e-05,9,0.00656752,0.0101971,0.00370286,0.0206978
6,7,corrupted,513588,9,1.75238e-05,9,0.0066424,0.0102859,0.00379795,0.00323807
6,7,reorder,513581,9,1.7524e-05,9,0.006566,0.0100092,0.00352034,0.0183679
6,8,base,513588,0,0,0,0,0,0,0
6,8,corrupted,513588,0,0,0,0,0,0,0
6,8,reorder,513581,0,0,0,0,0,0,0
6,9,base,513588,0,0,0,0,0,0,0
6,9,corrupted,513588,0,0,0,0,0,0,0
6,9,reorder,513581,0,0,0,0,0,0,0
6,10,base,513588,0,0,0,0,0,0,0
6,10,corrupted,513588,0,0,0,0,0,0,0
6,10,reorder,513581,0,0,0,0,0,0,0
6,11,base,513588,533,0.0010378,533,0.0348738,0.093787,0.0310373,0.0546557
6,11,corrupted,513588,530,0.00103196,530,0.0349595,0.0940852,0.03122,0.0510574
6,11,reorder,513581,537,0.0010456,537,0.0344003,0.0928404,0.0308853,0.0528097
6,12,base,513588,0,0,0,0,0,0,0
6,12,corrupted,513588,0,0,0,0,0,0,0
6,12,reorder,513581,0,0,0,0,0,0,0
6,13,base,513588,0,0,0,0,0,0,0
6,13,corrupted,513588,0,0,0,0,0,0,0
6,13,reorder,513581,0,0,0,0,0,0,0
6,14,base,513588,50,9.73543e-05,50,0.0104808,0.0761487,0.0173952,0.0382476
6,14,corrupted,513588,50,9.73543e-05,50,0.0104509,0.0761487,0.0173652,0.0325648
6,14,reorder,513581,57,0.000110985,57,0.014163,0.0672055,0.0155463,0.027612
6,15,base,513588,0,0,0,0,0,0,0
6,15,corrupted,513588,0,0,0,0,0,0,0
6,15,reorder,513581,0,0,0,0,0,0,0
6,16,base,513588,3,5.84126e-06,3,0.00145188,0.012223,0.0142039,0.0307558
6,16,corrupted,513588,3,5.84126e-06,3,0.00145188,0.0179401,0.0141634,0.015842
6,16,reorder,513581,3,5.84134e-06,3,0.00145188,0.0119605,0.0139318,0.0458622
6,17,base,513588,0,0,0,0,0,0,0
6,17,corrupted,513588,0,0,0,0,0,0,0
6,17,reorder,513581,0,0,0,0,0,0,0
6,18,base,513588,18,3.50475e-05,18,0.0557033,0.0598886,0.0598886,0.0401725
6,18,corrupted,513588,18,3.50475e-05,18,0.0557033,0.0598886,0.0598886,0.0296352
6,18,reorder,513581,22,4.28365e-05,22,0.0466179,0.0500723,0.0500906,0.0471927
6,19,base,513588,450,0.000876189,450,0.0381456,0.0411448,0.016134,0.0254542
6,19,corrupted,513588,456,0.000887871,456,0.0373718,0.0409764,0.0161395,0.0245744
6,19,reorder,513581,700,0.00136298,700,0.0277804,0.0332682,0.0129459,0.0206416
6,20,base,513588,0,0,0,0,0,0,0
6,20,corrupted,513588,0,0,0,0,0,0,0
6,20,reorder,513581,0,0,0,0,0,0,0
6,21,base,513588,71,0.000138243,71,0.0419044,0.106662,0.00842647,0.0654401
6,21,corrupted,513588,73,0.000142137,73,0.0413876,0.105251,0.00823923,0.0623731
6,21,reorder,513581,74,0.000144086,74,0.0402051,0.103377,0.00815189,0.0655657
6,22,base,513588,28,5.45184e-05,28,0,0.0112784,0.00665435,0.0533661
6,22,corrupted,513588,28,5.45184e-05,28,0,0.0112784,0.00665435,0.0366221
6,22,reorder,513581,30,5.84134e-05,30,0.00120924,0.0105265,0.00621073,0.0753054
6,23,base,513588,0,0,0,0,0,0,0
6,23,corrupted,513588,0,0,0,0,0,0,0
6,23,reorder,513581,0,0,0,0,0,0,0
6,24,base,513588,531,0.0010339,531,0.00778652,0.0334002,0.0201719,0.0247005
6,24,corrupted,513588,538,0.00104753,538,0.00759786,0.0332825,0.0199558,0.0239988
6,24,reorder,513581,805,0.00156743,805,0.00864128,0.029544,0.018614,0.0217273
6,25,base,513588,0,0,0,0,0,0,0
6,25,corrupted,513588,0,0,0,0,0,0,0
6,25,reorder,513581,0,0,0,0,0,0,0
6,26,base,513588,0,0,0,0,0,0,0
6,26,corrupted,513588,0,0,0,0,0,0,0
6,26,reorder,513581,0,0,0,0,0,0,0
6,27,base,513588,0,0,0,0,0,0,0
6,27,corrupted,513588,0,0,0,0,0,0,0
6,27,reorder,513581,0,0,0,0,0,0,0
6,28,base,513588,0,0,0,0,0,0,0
6,28,corrupted,513588,0,0,0,0,0,0,0
6,28,reorder,513581,0,0,0,0,0,0,0
6,29,base,513588,0,0,0,0,0,0,0
6,29,corrupted,513588,0,0,0,0,0,0,0
6,29,reorder,513581,0,0,0,0,0,0,0
6,30,base,513588,49,9.54072e-05,49,0.00670798,0.0283273,0.0210704,0.0253248
6,30,corrupted,513588,43,8.37247e-05,43,0.00627794,0.0301024,0.0234232,0.0181817
6,30,reorder,513581,46,8.95672e-05,46,0.00603147,0.027863,0.022189,0.025268
6,31,base,513588,0,0,0,0,0,0,0
6,31,corrupted,513588,0,0,0,0,0,0,0
6,31,reorder,513581,0,0,0,0,0,0,0
7,0,base,513588,103,0.00020055,103,0.0360259,0.00535964,0.0218874,0.0213175
7,0,corrupted,513588,103,0.00020055,103,0.037188,0.00537075,0.0219856,0.0240681
7,0,reorder,513581,104,0.0002025,104,0.0362517,0.00308569,0.0205215,0.0194572
7,1,base,513588,546,0.00106311,546,0.0630176,0.0298859,0.0291018,0.0476934
7,1,corrupted,513588,546,0.00106311,546,0.063082,0.0300119,0.0291487,0.0450792
7,1,reorder,513581,564,0.00109817,564,0.0609736,0.0288714,0.0284978,0.044259
7,2,base,513588,0,0,0,0,0,0,0
7,2,corrupted,513588,0,0,0,0,0,0,0
7,2,reorder,513581,0,0,0,0,0,0,0
7,3,base,513588,0,0,0,0,0,0,0
7,3,corrupted,513588,0,0,0,0,0,0,0
7,3,reorder,513581,0,0,0,0,0,0,0
7,4,base,513588,16,3.11534e-05,16,0,0.247874,0.104448,0.0650996
7,4,corrupted,513588,16,3.11534e-05,16,0,0.247874,0.104448,0.0647696
7,4,reorder,513581,16,3.11538e-05,16,0,0.247874,0.104448,0.0403322
7,5,base,513588,0,0,0,0,0,0,0
7,5,corrupted,513588,0,0,0,0,0,0,0
7,5,reorder,513581,0,0,0,0,0,0,0
7,6,base,513588,0,0,0,0,0,0,0
7,6,corrupted,513588,0,0,0,0,0,0,0
7,6,reorder,513581,0,0,0,0,0,0,0
7,7,base,513588,18,3.50475e-05,18,0,0,0,0.233033
7,7,corrupted,513588,18,3.50475e-05,18,0,0,0,0.0873568
7,7,reorder,513581,18,3.5048e-05,18,0,0,0,0.238281
7,8,base,513588,254,0.00049456,254,0.0331216,0.0193846,0.0532743,0.0408148
7,8,corrupted,513588,257,0.000500401,257,0.0328844,0.0192037,0.0532182,0.0389549
7,8,reorder,513581,240,0.000467307,240,0.0342062,0.0198575,0.0558567,0.0500792
7,9,base,513588,0,0,0,0,0,0,0
7,9,corrupted,513588,0,0,0,0,0,0,0
7,9,reorder,513581,0,0,0,0,0,0,0
7,10,base,513588,0,0,0,0,0,0,0
7,10,corrupted,513588,0,0,0,0,0,0,0
7,10,reorder,513581,0,0,0,0,0,0,0
7,11,base,513588,5,9.73543e-06,5,0.0194863,0.0033894,0.0051831,0.0172052
7,11,corrupted,513588,6,1.16825e-05,6,0.0235962,0.0061308,0.00924484,0.00625282
7,11,reorder,513581,5,9.73556e-06,5,0.0194863,0.0033894,0.0051831,0.015065
7,12,base,513588,0,0,0,0,0,0,0
7,12,corrupted,513588,0,0,0,0,0,0,0
7,12,reorder,513581,1,1.94711e-06,1,0,0.0390069,0,0.0141986
7,13,base,513588,0,0,0,0,0,0,0
7,13,corrupted,513588,0,0,0,0,0,0,0
7,13,reorder,513581,0,0,0,0,0,0,0
7,14,base,513588,0,0,0,0,0,0,0
7,14,corrupted,513588,0,0,0,0,0,0,0
7,14,reorder,513581,0,0,0,0,0,0,0
7,15,base,513588,10,1.94709e-05,10,0.00924489,0.0114861,0.0465957,0.103349
7,15,corrupted,513588,10,1.94709e-05,10,0.00925882,0.0114938,0.0465957,0.0680232
7,15,reorder,513581,15,2.92067e-05,15,0.00866942,0.0174584,0.0367061,0.0361237
7,16,base,513588,0,0,0,0,0,0,0
7,16,corrupted,513588,0,0,0,0,0,0,0
7,16,reorder,513581,0,0,0,0,0,0,0
7,17,base,513588,0,0,0,0,0,0,0
7,17,corrupted,513588,0,0,0,0,0,0,0
7,17,reorder,513581,0,0,0,0,0,0,0
7,18,base,513588,696,0.00135517,696,0.0169989,0.0251258,0.0311322,0.0259317
7,18,corrupted,513588,691,0.00134544,691,0.0166073,0.0251001,0.0311322,0.0254735
7,18,reorder,513581,824,0.00160442,824,0.0158224,0.025004,0.0288018,0.0202279
7,19,base,513588,0,0,0,0,0,0,0
7,19,corrupted,513588,0,0,0,0,0,0,0
7,19,reorder,513581,0,0,0,0,0,0,0
7,20,base,513588,0,0,0,0,0,0,0
7,20,corrupted,513588,1,1.94709e-06,1,0,0.0289684,0,0.0525213
7,20,reorder,513581,0,0,0,0,0,0,0
7,21,base,513588,0,0,0,0,0,0,0
7,21,corrupted,513588,0,0,0,0,0,0,0
7,21,reorder,513581,0,0,0,0,0,0,0
7,22,base,513588,14,2.72592e-05,14,0.0976549,0.126082,0,0.0875031
7,22,corrupted,513588,13,2.53121e-05,13,0.105167,0.135781,0,0.061158
7,22,reorder,513581,13,2.53125e-05,13,0.105167,0.135781,0,0.0526963
7,23,base,513588,0,0,0,0,0,0,0
7,23,corrupted,513588,0,0,0,0,0,0,0
7,23,reorder,513581,0,0,0,0,0,0,0
7,24,base,513588,0,0,0,0,0,0,0
7,24,corrupted,513588,0,0,0,0,0,0,0
7,24,reorder,513581,0,0,0,0,0,0,0
7,25,base,513588,5,9.73543e-06,5,0.00572785,0.0313831,0.0211879,0.00609989
7,25,corrupted,513588,6,1.16825e-05,6,0.012125,0.0118356,0.0476124,0.0110288
7,25,reorder,513581,62,0.000120721,62,0.0148945,0.0146515,0.0156402,0.0166916
7,26,base,513588,0,0,0,0,0,0,0
7,26,corrupted,513588,0,0,0,0,0,0,0
7,26,reorder,513581,0,0,0,0,0,0,0
7,27,base,513588,47,9.1513e-05,47,0.0601369,0.221177,0.0206867,0.0603392
7,27,corrupted,513588,49,9.54072e-05,49,0.0575614,0.212439,0.0198423,0.0769132
7,27,reorder,513581,47,9.15143e-05,47,0.0601297,0.221154,0.0206867,0.0678081
7,28,base,513588,0,0,0,0,0,0,0
7,28,corrupted,513588,0,0,0,0,0,0,0
7,28,reorder,513581,0,0,0,0,0,0,0
7,29,base,513588,1,1.94709e-06,1,0,0.0300792,0.0185735,0.0259387
7,29,corrupted,513588,1,1.94709e-06,1,0,0.0300496,0.0186489,0
7,29,reorder,513581,1,1.94711e-06,1,0,0.0300792,0.0185735,0
7,30,base,513588,2,3.89417e-06,2,0,0,0.0215835,0.0539572
7,30,corrupted,513588,2,3.89417e-06,2,0.0561647,0.0196111,0.0207694,0.00659649
7,30,reorder,513581,2,3.89423e-06,2,0,0,0.0193943,0
7,31,base,513588,8,1.55767e-05,8,0,0,0,0.0295136
7,31,corrupted,513588,8,1.55767e-05,8,0,0,0,0.0326724
7,31,reorder,513581,8,1.55769e-05,8,0,0,0,0.0443434
8,0,base,513588,48,9.34601e-05,48,0.0993813,0.0113902,0.0255956,0.0511605
8,0,corrupted,513588,48,9.34601e-05,48,0.0993813,0.0113902,0.0255956,0.0840167
8,0,reorder,513581,48,9.34614e-05,48,0.0993813,0.0113902,0.0255956,0.113958
8,1,base,513588,0,0,0,0,0,0,0
8,1,corrupted,513588,0,0,0,0,0,0,0
8,1,reorder,513581,0,0,0,0,0,0,0
8,2,base,513588,0,0,0,0,0,0,0
8,2,corrupted,513588,0,0,0,0,0,0,0
8,2,reorder,513581,0,0,0,0,0,0,0
8,3,base,513588,2,3.89417e-06,2,0,0.026127,0,0.0334242
8,3,corrupted,513588,2,3.89417e-06,2,0,0.0260796,0,0.0423917
8,3,reorder,513581,2,3.89423e-06,2,0,0.0250925,0,0.0159812
8,4,base,513588,851,0.00165697,851,0.0167467,0.0440627,0.0339898,0.0205161
8,4,corrupted,513588,849,0.00165308,849,0.016513,0.0432996,0.0343732,0.0235559
8,4,reorder,513581,981,0.00191012,981,0.0159654,0.0404851,0.0320405,0.0222484
8,5,base,513588,20,3.89417e-05,20,0.0148559,0.101028,0.0148559,0.0443484
8,5,corrupted,513588,20,3.89417e-05,20,0.0148559,0.101028,0.0148559,0.0280685
8,5,reorder,513581,20,3.89423e-05,20,0.0148559,0.101028,0.0148559,0.0361015
8,6,base,513588,0,0,0,0,0,0,0
8,6,corrupted,513588,0,0,0,0,0,0,0
8,6,reorder,513581,1,1.94711e-06,1,0.0205639,0,0.000548481,0
8,7,base,513588,0,0,0,0,0,0,0
8,7,corrupted,513588,0,0,0,0,0,0,0
8,7,reorder,513581,0,0,0,0,0,0,0
8,8,base,513588,51,9.93014e-05,51,0.00726284,0.00862257,0.0175402,0.0173764
8,8,corrupted,513588,49,9.54072e-05,49,0.00675929,0.00684337,0.0161752,0.0228275
8,8,reorder,513581,51,9.93027e-05,51,0.00701265,0.00646001,0.0159593,0.020764
8,9,base,513588,0,0,0,0,0,0,0
8,9,corrupted,513588,0,0,0,0,0,0,0
8,9,reorder,513581,0,0,0,0,0,0,0
8,10,base,513588,0,0,0,0,0,0,0
8,10,corrupted,513588,0,0,0,0,0,0,0
8,10,reorder,513581,0,0,0,0,0,0,0
8,11,base,513588,0,0,0,0,0,0,0
8,11,corrupted,513588,0,0,0,0,0,0,0
8,11,reorder,513581,0,0,0,0,0,0,0
8,12,base,513588,0,0,0,0,0,0,0
8,12,corrupted,513588,0,0,0,0,0,0,0
8,12,reorder,513581,0,0,0,0,0,0,0
8,13,base,513588,6,1.16825e-05,6,0.00559681,0.0203808,0.0159654,0.00663867
8,13,corrupted,513588,2,3.89417e-06,2,0,0,0.0136497,0.0167414
8,13,reorder,513581,5,9.73556e-06,5,0.0102386,0.0168025,0.0135252,0.00733793
8,14,base,513588,220,0.000428359,220,0.0228891,0.174117,0.0325421,0.0814601
8,14,corrupted,513588,220,0.000428359,220,0.0228891,0.174117,0.0325421,0.0801703
8,14,reorder,513581,220,0.000428365,220,0.0228891,0.174117,0.0325421,0.094011
8,15,base,513588,562,0.00109426,562,0.0577915,0.0246194,0.0499929,0.0296085
8,15,corrupted,513588,563,0.00109621,563,0.0577532,0.0245438,0.0500661,0.032293
8,15,reorder,513581,607,0.0011819,607,0.0545381,0.0243329,0.0481948,0.0243295
8,16,base,513588,228,0.000443936,228,0.0336973,0.0186544,0.0202838,0.0212156
8,16,corrupted,513588,228,0.000443936,228,0.0322732,0.0182402,0.019928,0.0294742
8,16,reorder,513581,303,0.000589975,303,0.0268085,0.0182153,0.0182658,0.0209137
8,17,base,513588,0,0,0,0,0,0,0
8,17,corrupted,513588,0,0,0,0,0,0,0
8,17,reorder,513581,0,0,0,0,0,0,0
8,18,base,513588,0,0,0,0,0,0,0
8,18,corrupted,513588,0,0,0,0,0,0,0
8,18,reorder,513581,0,0,0,0,0,0,0
8,19,base,513588,500,0.000973543,500,0.0234447,0.0346649,0.0241275,0.0250495
8,19,corrupted,513588,498,0.000969649,498,0.0235306,0.0348296,0.0241369,0.0267192
8,19,reorder,513581,508,0.000989133,508,0.0246257,0.0343704,0.0241139,0.0289606
8,20,base,513588,3,5.84126e-06,3,0.000563413,0.0323088,0.0132393,0.00804841
8,20,corrupted,513588,3,5.84126e-06,3,0.000563413,0.0315268,0.0127446,0.0324001
8,20,reorder,513581,3,5.84134e-06,3,0.000259827,0.0309562,0.012218,0.00800994
8,21,base,513588,0,0,0,0,0,0,0
8,21,corrupted,513588,0,0,0,0,0,0,0
8,21,reorder,513581,0,0,0,0,0,0,0
8,22,base,513588,0,0,0,0,0,0,0
8,22,corrupted,513588,0,0,0,0,0,0,0
8,22,reorder,513581,0,0,0,0,0,0,0
8,23,base,513588,0,0,0,0,0,0,0
8,23,corrupted,513588,0,0,0,0,0,0,0
8,23,reorder,513581,2,3.89423e-06,2,0.0132297,0,0.0420316,0.031334
8,24,base,513588,0,0,0,0,0,0,0
8,24,corrupted,513588,0,0,0,0,0,0,0
8,24,reorder,513581,0,0,0,0,0,0,0
8,25,base,513588,0,0,0,0,0,0,0
8,25,corrupted,513588,0,0,0,0,0,0,0
8,25,reorder,513581,0,0,0,0,0,0,0
8,26,base,513588,0,0,0,0,0,0,0
8,26,corrupted,513588,0,0,0,0,0,0,0
8,26,reorder,513581,0,0,0,0,0,0,0
8,27,base,513588,0,0,0,0,0,0,0
8,27,corrupted,513588,0,0,0,0,0,0,0
8,27,reorder,513581,0,0,0,0,0,0,0
8,28,base,513588,0,0,0,0,0,0,0
8,28,corrupted,513588,0,0,0,0,0,0,0
8,28,reorder,513581,0,0,0,0,0,0,0
8,29,base,513588,0,0,0,0,0,0,0
8,29,corrupted,513588,0,0,0,0,0,0,0
8,29,reorder,513581,0,0,0,0,0,0,0
8,30,base,513588,0,0,0,0,0,0,0
8,30,corrupted,513588,0,0,0,0,0,0,0
8,30,reorder,513581,0,0,0,0,0,0,0
8,31,base,513588,0,0,0,0,0,0,0
8,31,corrupted,513588,0,0,0,0,0,0,0
8,31,reorder,513581,0,0,0,0,0,0,0
9,0,base,513588,0,0,0,0,0,0,0
9,0,corrupted,513588,0,0,0,0,0,0,0
9,0,reorder,513581,0,0,0,0,0,0,0
9,1,base,513588,11,2.14179e-05,11,0.0303351,0.00680554,0.0108864,0.0124171
9,1,corrupted,513588,17,3.31005e-05,17,0.0220895,0.0167619,0.00535701,0.015303
9,1,reorder,513581,14,2.72596e-05,14,0.0302637,0.0052024,0.00964477,0.0321919
9,2,base,513588,584,0.0011371,584,0.025672,0.0264798,0.016614,0.0272075
9,2,corrupted,513588,578,0.00112542,578,0.0253924,0.0263061,0.016853,0.0284611
9,2,reorder,513581,820,0.00159663,820,0.0212188,0.0233476,0.0144945,0.0269359
9,3,base,513588,216,0.000420571,216,0.0570943,0.0787785,0.0195684,0.0430447
9,3,corrupted,513588,218,0.000424465,218,0.0565523,0.0784314,0.0194078,0.0540108
9,3,reorder,513581,223,0.000434206,223,0.0552702,0.0775009,0.0191913,0.0521816
9,4,base,513588,0,0,0,0,0,0,0
9,4,corrupted,513588,0,0,0,0,0,0,0
9,4,reorder,513581,0,0,0,0,0,0,0
9,5,base,513588,0,0,0,0,0,0,0
9,5,corrupted,513588,0,0,0,0,0,0,0
9,5,reorder,513581,0,0,0,0,0,0,0
9,6,base,513588,429,0.0008353,429,0.114824,0.107758,0.0455621,0.0582949
9,6,corrupted,513588,426,0.000829459,426,0.115089,0.108344,0.0460244,0.0641914
9,6,reorder,513581,429,0.000835311,429,0.114824,0.107566,0.0456728,0.0658276
9,7,base,513588,17,3.31005e-05,17,0.00503642,0.00604399,0.0117132,0.0117209
9,7,corrupted,513588,16,3.11534e-05,16,0.00647855,0.00494275,0.00894817,0.0322923
9,7,reorder,513581,12,2.33654e-05,12,0.0012846,0.00434318,0.010097,0.0273319
9,8,base,513588,0,0,0,0,0,0,0
9,8,corrupted,513588,0,0,0,0,0,0,0
9,8,reorder,513581,0,0,0,0,0,0,0
9,9,base,513588,8,1.55767e-05,8,0,0,0,0.0351287
9,9,corrupted,513588,8,1.55767e-05,8,0,0,0,0.0539352
9,9,reorder,513581,8,1.55769e-05,8,0,0,0,0.0864974
9,10,base,513588,0,0,0,0,0,0,0
9,10,corrupted,513588,0,0,0,0,0,0,0
9,10,reorder,513581,0,0,0,0,0,0,0
9,11,base,513588,1840,0.00358264,1840,0.0185104,0.0113018,0.0209658,0.0252618
9,11,corrupted,513588,1838,0.00357874,1838,0.0187393,0.0113423,0.0209956,0.025049
9,11,reorder,513581,1659,0.00323026,1659,0.0190229,0.0119706,0.0221437,0.0249933
9,12,base,513588,0,0,0,0,0,0,0
9,12,corrupted,513588,0,0,0,0,0,0,0
9,12,reorder,513581,0,0,0,0,0,0,0
9,13,base,513588,0,0,0,0,0,0,0
9,13,corrupted,513588,0,0,0,0,0,0,0
9,13,reorder,513581,0,0,0,0,0,0,0
9,14,base,513588,283,0.000551025,283,0.0703241,0.126419,0.042556,0.0522119
9,14,corrupted,513588,280,0.000545184,280,0.0709552,0.127744,0.0428581,0.0507151
9,14,reorder,513581,287,0.000558821,287,0.0693781,0.125309,0.0419949,0.0538719
9,15,base,513588,0,0,0,0,0,0,0
9,15,corrupted,513588,0,0,0,0,0,0,0
9,15,reorder,513581,0,0,0,0,0,0,0
9,16,base,513588,396,0.000771046,396,0.0191408,0.0357962,0.0208855,0.0219602
9,16,corrupted,513588,397,0.000772993,397,0.0190663,0.036081,0.020836,0.0221631
9,16,reorder,513581,675,0.0013143,675,0.0141641,0.0298081,0.0164709,0.0183767
9,17,base,513588,27,5.25713e-05,27,0.197864,0.238096,0.00488373,0.0732761
9,17,corrupted,513588,27,5.25713e-05,27,0.199844,0.239133,0.00488373,0.0741256
9,17,reorder,513581,51,9.93027e-05,51,0.10964,0.135243,0.00688315,0.031584
9,18,base,513588,138,0.000268698,138,0.00993349,0.0160882,0.0126926,0.0148613
9,18,corrupted,513588,140,0.000272592,140,0.0118741,0.018991,0.0129335,0.0140881
9,18,reorder,513581,96,0.000186923,96,0.00987905,0.0162249,0.0119019,0.0137976
9,19,base,513588,0,0,0,0,0,0,0
9,19,corrupted,513588,0,0,0,0,0,0,0
9,19,reorder,513581,0,0,0,0,0,0,0
9,20,base,513588,0,0,0,0,0,0,0
9,20,corrupted,513588,0,0,0,0,0,0,0
9,20,reorder,513581,0,0,0,0,0,0,0
9,21,base,513588,0,0,0,0,0,0,0
9,21,corrupted,513588,0,0,0,0,0,0,0
9,21,reorder,513581,0,0,0,0,0,0,0
9,22,base,513588,29,5.64655e-05,29,0.369841,0.308626,7.96827e-05,0.0784044
9,22,corrupted,513588,27,5.25713e-05,27,0.396538,0.330529,3.92135e-05,0.08538
9,22,reorder,513581,30,5.84134e-05,30,0.3575,0.298345,4.81827e-05,0.094162
9,23,base,513588,0,0,0,0,0,0,0
9,23,corrupted,513588,0,0,0,0,0,0,0
9,23,reorder,513581,0,0,0,0,0,0,0
9,24,base,513588,292,0.000568549,292,0.0109616,0.0475826,0.0202665,0.0189742
9,24,corrupted,513588,282,0.000549078,282,0.0115368,0.048569,0.021152,0.0194288
9,24,reorder,513581,304,0.000591922,304,0.0111257,0.0455589,0.0217582,0.020434
9,25,base,513588,545,0.00106116,545,0.0205538,0.030121,0.0251585,0.027304
9,25,corrupted,513588,538,0.00104753,538,0.0204017,0.0294793,0.0254175,0.0279557
9,25,reorder,513581,565,0.00110012,565,0.0200802,0.0292366,0.0250514,0.0279039
9,26,base,513588,0,0,0,0,0,0,0
9,26,corrupted,513588,0,0,0,0,0,0,0
9,26,reorder,513581,0,0,0,0,0,0,0
9,27,base,513588,0,0,0,0,0,0,0
9,27,corrupted,513588,0,0,0,0,0,0,0
9,27,reorder,513581,0,0,0,0,0,0,0
9,28,base,513588,0,0,0,0,0,0,0
9,28,corrupted,513588,0,0,0,0,0,0,0
9,28,reorder,513581,0,0,0,0,0,0,0
9,29,base,513588,0,0,0,0,0,0,0
9,29,corrupted,513588,0,0,0,0,0,0,0
9,29,reorder,513581,0,0,0,0,0,0,0
9,30,base,513588,0,0,0,0,0,0,0
9,30,corrupted,513588,0,0,0,0,0,0,0
9,30,reorder,513581,0,0,0,0,0,0,0
9,31,base,513588,0,0,0,0,0,0,0
9,31,corrupted,513588,0,0,0,0,0,0,0
9,31,reorder,513581,0,0,0,0,0,0,0
10,0,base,513588,9,1.75238e-05,9,0.000792533,0.00203149,0.00516343,0.0206876
10,0,corrupted,513588,9,1.75238e-05,9,0.000791218,0.00198031,0.0049862,0.0515908
10,0,reorder,513581,9,1.7524e-05,9,0.000836417,0.00204603,0.00510379,0.0682484
10,1,base,513588,9,1.75238e-05,9,0.00253149,0.10348,0,0.0503815
10,1,corrupted,513588,8,1.55767e-05,8,0,0.116416,0,0.0421272
10,1,reorder,513581,8,1.55769e-05,8,0,0.116416,0,0.0415021
10,2,base,513588,0,0,0,0,0,0,0
10,2,corrupted,513588,0,0,0,0,0,0,0
10,2,reorder,513581,0,0,0,0,0,0,0
10,3,base,513588,0,0,0,0,0,0,0
10,3,corrupted,513588,0,0,0,0,0,0,0
10,3,reorder,513581,0,0,0,0,0,0,0
10,4,base,513588,0,0,0,0,0,0,0
10,4,corrupted,513588,0,0,0,0,0,0,0
10,4,reorder,513581,0,0,0,0,0,0,0
10,5,base,513588,0,0,0,0,0,0,0
10,5,corrupted,513588,0,0,0,0,0,0,0
10,5,reorder,513581,0,0,0,0,0,0,0
10,6,base,513588,0,0,0,0,0,0,0
10,6,corrupted,513588,0,0,0,0,0,0,0
10,6,reorder,513581,0,0,0,0,0,0,0
10,7,base,513588,0,0,0,0,0,0,0
10,7,corrupted,513588,0,0,0,0,0,0,0
10,7,reorder,513581,0,0,0,0,0,0,0
10,8,base,513588,2,3.89417e-06,2,0,0,0.0443407,0.0122982
10,8,corrupted,513588,2,3.89417e-06,2,0,0,0.0443407,0.000949047
10,8,reorder,513581,2,3.89423e-06,2,0,0,0.0443407,0.0657003
10,9,base,513588,1,1.94709e-06,1,0,0.0359954,0.0147372,0.0406703
10,9,corrupted,513588,0,0,0,0,0,0,0
10,9,reorder,513581,0,0,0,0,0,0,0
10,10,base,513588,0,0,0,0,0,0,0
10,10,corrupted,513588,0,0,0,0,0,0,0
10,10,reorder,513581,0,0,0,0,0,0,0
10,11,base,513588,0,0,0,0,0,0,0
10,11,corrupted,513588,0,0,0,0,0,0,0
10,11,reorder,513581,0,0,0,0,0,0,0
10,12,base,513588,695,0.00135322,695,0.047006,0.0382854,0.0167475,0.0306764
10,12,corrupted,513588,688,0.0013396,688,0.0473694,0.0387096,0.0166945,0.0319576
10,12,reorder,513581,695,0.00135324,695,0.0471094,0.0382526,0.0167305,0.0316665
10,13,base,513588,1,1.94709e-06,1,0,0.0189497,0.087243,0
10,13,corrupted,513588,0,0,0,0,0,0,0
10,13,reorder,513581,1,1.94711e-06,1,0,0.0189497,0.087243,0.00411196
10,14,base,513588,0,0,0,0,0,0,0
10,14,corrupted,513588,0,0,0,0,0,0,0
10,14,reorder,513581,0,0,0,0,0,0,0
10,15,base,513588,1574,0.00306471,1574,0.0178848,0.0270476,0.0208602,0.0223392
10,15,corrupted,513588,1562,0.00304135,1562,0.0176668,0.027018,0.0207947,0.0239716
10,15,reorder,513581,1535,0.00298882,1535,0.0181469,0.0273888,0.021083,0.0244316
10,16,base,513588,57,0.000110984,57,0.015697,0.00625376,0.0101697,0.011147
10,16,corrupted,513588,53,0.000103196,53,0.0147538,0.0043379,0.0116588,0.0151272
10,16,reorder,513581,60,0.000116827,60,0.0129187,0.0044731,0.0111484,0.0135782
10,17,base,513588,0,0,0,0,0,0,0
10,17,corrupted,513588,0,0,0,0,0,0,0
10,17,reorder,513581,0,0,0,0,0,0,0
10,18,base,513588,14,2.72592e-05,14,0.000997003,0.0252435,0.0272511,0.0416213
10,18,corrupted,513588,14,2.72592e-05,14,0.000997003,0.0252435,0.0272511,0.0407248
10,18,reorder,513581,14,2.72596e-05,14,0.000997003,0.0252435,0.0272511,0.0280123
10,19,base,513588,677,0.00131818,677,0.0287155,0.0321132,0.0125673,0.0226911
10,19,corrupted,513588,688,0.0013396,688,0.0284412,0.031871,0.0124694,0.0223164
10,19,reorder,513581,673,0.00131041,673,0.02844,0.032141,0.0125612,0.0215174
10,20,base,513588,0,0,0,0,0,0,0
10,20,corrupted,513588,0,0,0,0,0,0,0
10,20,reorder,513581,0,0,0,0,0,0,0
10,21,base,513588,441,0.000858665,441,0.0153643,0.0244113,0.0170539,0.0183556
10,21,corrupted,513588,437,0.000850877,437,0.0154477,0.0253832,0.0171714,0.0178415
10,21,reorder,513581,506,0.000985239,506,0.0154888,0.0236436,0.0164133,0.0166051
10,22,base,513588,548,0.001067,548,0.0208786,0.0234978,0.00982848,0.028901
10,22,corrupted,513588,552,0.00107479,552,0.0203522,0.0232923,0.00987734,0.0257544
10,22,reorder,513581,506,0.000985239,506,0.0222496,0.0244582,0.0101329,0.0301272
10,23,base,513588,0,0,0,0,0,0,0
10,23,corrupted,513588,0,0,0,0,0,0,0
10,23,reorder,513581,0,0,0,0,0,0,0
10,24,base,513588,10,1.94709e-05,10,0.0452605,0.00415681,0.0075451,0.0284097
10,24,corrupted,513588,10,1.94709e-05,10,0.0459038,0.00319449,0.0075451,0.0438553
10,24,reorder,513581,9,1.7524e-05,9,0.0539049,0.00181107,0.0116428,0.0527505
10,25,base,513588,625,0.00121693,625,0.0158037,0.0210309,0.018482,0.024215
10,25,corrupted,513588,632,0.00123056,632,0.015946,0.0205049,0.0184578,0.0203291
10,25,reorder,513581,790,0.00153822,790,0.0145314,0.0200038,0.0166112,0.0202778
10,26,base,513588,857,0.00166865,857,0.0143422,0.023338,0.0250022,0.0211544
10,26,corrupted,513588,860,0.00167449,860,0.0143455,0.0231766,0.0249525,0.0216872
10,26,reorder,513581,807,0.00157132,807,0.014481,0.0238808,0.0259123,0.0252572
10,27,base,513588,1200,0.0023365,1200,0.0238284,0.0211139,0.0171699,0.0277556
10,27,corrupted,513588,1187,0.00231119,1187,0.0238,0.0210832,0.0172205,0.0286753
10,27,reorder,513581,1210,0.00235601,1210,0.0235683,0.0209212,0.0170611,0.0295757
10,28,base,513588,0,0,0,0,0,0,0
10,28,corrupted,513588,0,0,0,0,0,0,0
10,28,reorder,513581,0,0,0,0,0,0,0
10,29,base,513588,1,1.94709e-06,1,0,0.000554482,0.0458032,0.00880697
10,29,corrupted,513588,2,3.89417e-06,2,0,0.00140343,0.0293215,0.0107614
10,29,reorder,513581,2,3.89423e-06,2,0,0,0.00151618,0
10,30,base,513588,0,0,0,0,0,0,0
10,30,corrupted,513588,0,0,0,0,0,0,0
10,30,reorder,513581,0,0,0,0,0,0,0
10,31,base,513588,1137,0.00221384,1137,0.0192521,0.0180317,0.0210793,0.0251577
10,31,corrupted,513588,1140,0.00221968,1140,0.0194676,0.0180308,0.0210478,0.0254851
10,31,reorder,513581,1062,0.00206783,1062,0.0203244,0.018751,0.0215688,0.0298159
11,0,base,513588,88,0.000171344,88,0.00964997,0.0504895,0.0102828,0.0189765
11,0,corrupted,513588,86,0.000167449,86,0.0099764,0.0516453,0.0108125,0.0346842
11,0,reorder,513581,85,0.000165505,85,0.0101974,0.0518571,0.010029,0.0247665
11,1,base,513588,0,0,0,0,0,0,0
11,1,corrupted,513588,0,0,0,0,0,0,0
11,1,reorder,513581,0,0,0,0,0,0,0
11,2,base,513588,99,0.000192762,99,0.0462356,0.0278029,0.0382031,0.020824
11,2,corrupted,513588,99,0.000192762,99,0.0463847,0.0276522,0.0379064,0.0313047
11,2,reorder,513581,112,0.000218077,112,0.0417451,0.0251049,0.035531,0.0218284
11,3,base,513588,534,0.00103974,534,0.00617671,0.0113352,0.0175953,0.0206414
11,3,corrupted,513588,539,0.00104948,539,0.00629625,0.0112628,0.0180633,0.0190028
11,3,reorder,513581,496,0.000965768,496,0.00579378,0.0120747,0.0173172,0.0228394
11,4,base,513588,87,0.000169396,87,0.0310624,0.00651426,0.0119574,0.0106562
11,4,corrupted,513588,90,0.000175238,90,0.0286452,0.00833234,0.0130658,0.0172054
11,4,reorder,513581,67,0.000130457,67,0.0326275,0.00355118,0.0113472,0.0200466
11,5,base,513588,80,0.000155767,80,0.0335587,0.0331488,0.0280791,0.0267627
11,5,corrupted,513588,73,0.000142137,73,0.0352834,0.03615,0.0304673,0.0315967
11,5,reorder,513581,86,0.000167452,86,0.0324793,0.0317285,0.0265923,0.0229945
11,6,base,513588,11,2.14179e-05,11,0.0114448,0.00949365,0.0203574,0.0754606
11,6,corrupted,513588,11,2.14179e-05,11,0.0114448,0.0120108,0.0203574,0.0449175
11,6,reorder,513581,11,2.14182e-05,11,0.0114448,0.0102935,0.0203574,0.0364236
11,7,base,513588,1212,0.00235987,1212,0.0363926,0.0287736,0.0308613,0.0210316
11,7,corrupted,513588,1214,0.00236376,1214,0.0363462,0.028814,0.030904,0.0198153
11,7,reorder,513581,1256,0.00244557,1256,0.0360264,0.0283427,0.0309652,0.0221751
11,8,base,513588,4,7.78834e-06,4,0.00130778,0.0145204,0.00650045,0
11,8,corrupted,513588,5,9.73543e-06,5,0.00104622,0.0116164,0.010145,0.0216131
11,8,reorder,513581,8,1.55769e-05,8,0.00065389,0.00726022,0.00871338,0.0251683
11,9,base,513588,0,0,0,0,0,0,0
11,9,corrupted,513588,0,0,0,0,0,0,0
11,9,reorder,513581,0,0,0,0,0,0,0
11,10,base,513588,0,0,0,0,0,0,0
11,10,corrupted,513588,0,0,0,0,0,0,0
11,10,reorder,513581,0,0,0,0,0,0,0
11,11,base,513588,0,0,0,0,0,0,0
11,11,corrupted,513588,0,0,0,0,0,0,0
11,11,reorder,513581,0,0,0,0,0,0,0
11,12,base,513588,0,0,0,0,0,0,0
11,12,corrupted,513588,0,0,0,0,0,0,0
11,12,reorder,513581,0,0,0,0,0,0,0
11,13,base,513588,0,0,0,0,0,0,0
11,13,corrupted,513588,0,0,0,0,0,0,0
11,13,reorder,513581,0,0,0,0,0,0,0
11,14,base,513588,2086,0.00406162,2086,0.0211684,0.042687,0.0213917,0.0293836
11,14,corrupted,513588,2081,0.00405189,2081,0.0211702,0.042497,0.0214981,0.0284339
11,14,reorder,513581,1995,0.00388449,1995,0.0218251,0.0437259,0.0222371,0.0278322
11,15,base,513588,1517,0.00295373,1517,0.0217375,0.03115,0.0225103,0.0206081
11,15,corrupted,513588,1520,0.00295957,1520,0.020897,0.0311884,0.022521,0.0192297
11,15,reorder,513581,1362,0.00265197,1362,0.0224021,0.0324814,0.0230998,0.0218469
11,16,base,513588,0,0,0,0,0,0,0
11,16,corrupted,513588,0,0,0,0,0,0,0
11,16,reorder,513581,0,0,0,0,0,0,0
11,17,base,513588,0,0,0,0,0,0,0
11,17,corrupted,513588,0,0,0,0,0,0,0
11,17,reorder,513581,0,0,0,0,0,0,0
11,18,base,513588,0,0,0,0,0,0,0
11,18,corrupted,513588,0,0,0,0,0,0,0
11,18,reorder,513581,0,0,0,0,0,0,0
11,19,base,513588,4,7.78834e-06,4,0,0.00617734,0,0.0342118
11,19,corrupted,513588,4,7.78834e-06,4,0,0.00617734,0,0
11,19,reorder,513581,3,5.84134e-06,3,0.00736331,0,0,0.00991839
11,20,base,513588,0,0,0,0,0,0,0
11,20,corrupted,513588,0,0,0,0,0,0,0
11,20,reorder,513581,0,0,0,0,0,0,0
11,21,base,513588,312,0.000607491,312,0.0153239,0.0592759,0.0303995,0.0303601
11,21,corrupted,513588,310,0.000603597,310,0.0153732,0.0595977,0.0304972,0.0305723
11,21,reorder,513581,319,0.000621129,319,0.0152839,0.0577077,0.0300137,0.0284424
11,22,base,513588,46,8.9566e-05,46,0.00172197,0.0751063,0.00838903,0.0169228
11,22,corrupted,513588,45,8.76189e-05,45,0.00127143,0.0752233,0.0086252,0.01461
11,22,reorder,513581,49,9.54085e-05,49,0.00152031,0.0721865,0.00811098,0.019438
11,23,base,513588,0,0,0,0,0,0,0
11,23,corrupted,513588,0,0,0,0,0,0,0
11,23,reorder,513581,1,1.94711e-06,1,0,0.0373626,0,0
11,24,base,513588,46,8.9566e-05,46,0.00179895,0.0338429,0.0102357,0.0194176
11,24,corrupted,513588,42,8.17776e-05,42,0.00198535,0.0353116,0.0100599,0.0122391
11,24,reorder,513581,38,7.39903e-05,38,0.002442,0.0379598,0.011824,0.0253537
11,25,base,513588,0,0,0,0,0,0,0
11,25,corrupted,513588,0,0,0,0,0,0,0
11,25,reorder,513581,0,0,0,0,0,0,0
11,26,base,513588,69,0.000134349,69,0.00703334,0.0558189,0.0117537,0.0158969
11,26,corrupted,513588,67,0.000130455,67,0.00783367,0.0574448,0.0128581,0.0142043
11,26,reorder,513581,79,0.000153822,79,0.00962113,0.050825,0.0121745,0.0165849
11,27,base,513588,345,0.000671745,345,0.0141905,0.0131853,0.0142822,0.0174922
11,27,corrupted,513588,365,0.000710686,365,0.0146123,0.0139363,0.0133725,0.0168149
11,27,reorder,513581,395,0.000769109,395,0.0130832,0.0137339,0.0130143,0.0170223
11,28,base,513588,6,1.16825e-05,6,0,0.00415635,0.015395,0.0241277
11,28,corrupted,513588,7,1.36296e-05,7,0,0.0104601,0.0140122,0.0118409
11,28,reorder,513581,5,9.73556e-06,5,0,0,0.0149831,0.0163783
11,29,base,513588,555,0.00108063,555,0.0200375,0.0296799,0.011281,0.0193487
11,29,corrupted,513588,551,0.00107284,551,0.0203701,0.0291846,0.0109397,0.0230982
11,29,reorder,513581,678,0.00132014,678,0.0182055,0.0284033,0.010164,0.0191759
11,30,base,513588,0,0,0,0,0,0,0
11,30,corrupted,513588,1,1.94709e-06,1,0.00479174,0,0,0.0876897
11,30,reorder,513581,2,3.89423e-06,2,0.0227212,0.032775,0.00175583,0.0131731
11,31,base,513588,41,7.98305e-05,41,0.0115686,0.0457259,0.0326096,0.0169773
11,31,corrupted,513588,35,6.8148e-05,35,0.012992,0.0534379,0.032873,0.0261561
11,31,reorder,513581,33,6.42547e-05,33,0.0153775,0.0557497,0.0340263,0.0292231
12,0,base,513588,0,0,0,0,0,0,0
12,0,corrupted,513588,0,0,0,0,0,0,0
12,0,reorder,513581,0,0,0,0,0,0,0
12,1,base,513588,0,0,0,0,0,0,0
12,1,corrupted,513588,0,0,0,0,0,0,0
12,1,reorder,513581,0,0,0,0,0,0,0
12,2,base,513588,52,0.000101248,52,0.0517413,0.0886317,0.0455648,0.0594574
12,2,corrupted,513588,55,0.00010709,55,0.0492336,0.0856309,0.0421186,0.0459819
12,2,reorder,513581,71,0.000138245,71,0.0413672,0.0683548,0.0366085,0.0294402
12,3,base,513588,0,0,0,0,0,0,0
12,3,corrupted,513588,0,0,0,0,0,0,0
12,3,reorder,513581,1,1.94711e-06,1,0.0208018,0.0419032,0,0.031807
12,4,base,513588,0,0,0,0,0,0,0
12,4,corrupted,513588,0,0,0,0,0,0,0
12,4,reorder,513581,0,0,0,0,0,0,0
12,5,base,513588,0,0,0,0,0,0,0
12,5,corrupted,513588,0,0,0,0,0,0,0
12,5,reorder,513581,0,0,0,0,0,0,0
12,6,base,513588,6,1.16825e-05,6,0,0.0757038,0.000213636,0.0404013
12,6,corrupted,513588,7,1.36296e-05,7,0,0.0701252,0.000183117,0.00880303
12,6,reorder,513581,7,1.36298e-05,7,0,0.0736328,0.00284668,0.0128463
12,7,base,513588,326,0.00063475,326,0.0156212,0.0136008,0.0127107,0.0166341
12,7,corrupted,513588,334,0.000650327,334,0.0153949,0.0144668,0.012653,0.0189287
12,7,reorder,513581,282,0.000549086,282,0.0174448,0.0145892,0.0133212,0.0173966
12,8,base,513588,0,0,0,0,0,0,0
12,8,corrupted,513588,0,0,0,0,0,0,0
12,8,reorder,513581,0,0,0,0,0,0,0
12,9,base,513588,123,0.000239492,123,0.0376727,0.0124226,0.0424188,0.0297903
12,9,corrupted,513588,124,0.000241439,124,0.0371847,0.0124704,0.0422499,0.0320994
12,9,reorder,513581,128,0.00024923,128,0.037853,0.0131856,0.0412395,0.0342896
12,10,base,513588,22,4.28359e-05,22,0.0532794,0.0668166,0.0107454,0.0284507
12,10,corrupted,513588,22,4.28359e-05,22,0.0532794,0.0668166,0.0107454,0.0345076
12,10,reorder,513581,22,4.28365e-05,22,0.0532794,0.0668166,0.0107454,0.0594676
12,11,base,513588,43,8.37247e-05,43,0.00621271,0.00994045,0.015249,0.0157383
12,11,corrupted,513588,46,8.9566e-05,46,0.00820908,0.00934024,0.0144057,0.013347
12,11,reorder,513581,37,7.20432e-05,37,0.00697338,0.0085839,0.0164962,0.0151938
12,12,base,513588,4,7.78834e-06,4,0.00662191,0,0.0097605,0
12,12,corrupted,513588,6,1.16825e-05,6,0.003424,0.0165956,0.0126249,0.0128562
12,12,reorder,513581,8,1.55769e-05,8,0.0102531,0.0101608,0.0109102,0.0102189
12,13,base,513588,0,0,0,0,0,0,0
12,13,corrupted,513588,0,0,0,0,0,0,0
12,13,reorder,513581,0,0,0,0,0,0,0
12,14,base,513588,0,0,0,0,0,0,0
12,14,corrupted,513588,0,0,0,0,0,0,0
12,14,reorder,513581,0,0,0,0,0,0,0
12,15,base,513588,0,0,0,0,0,0,0
12,15,corrupted,513588,0,0,0,0,0,0,0
12,15,reorder,513581,0,0,0,0,0,0,0
12,16,base,513588,0,0,0,0,0,0,0
12,16,corrupted,513588,0,0,0,0,0,0,0
12,16,reorder,513581,1,1.94711e-06,1,0.0419854,0.00278647,0.0405539,0
12,17,base,513588,273,0.000531554,273,0.0562316,0.125345,0.0358245,0.0556479
12,17,corrupted,513588,275,0.000535449,275,0.0563043,0.124421,0.0360709,0.0408504
12,17,reorder,513581,278,0.000541297,278,0.0554607,0.123633,0.0356574,0.0793276
12,18,base,513588,0,0,0,0,0,0,0
12,18,corrupted,513588,0,0,0,0,0,0,0
12,18,reorder,513581,0,0,0,0,0,0,0
12,19,base,513588,0,0,0,0,0,0,0
12,19,corrupted,513588,0,0,0,0,0,0,0
12,19,reorder,513581,0,0,0,0,0,0,0
12,20,base,513588,0,0,0,0,0,0,0
12,20,corrupted,513588,0,0,0,0,0,0,0
12,20,reorder,513581,0,0,0,0,0,0,0
12,21,base,513588,916,0.00178353,916,0.0354982,0.0510647,0.0213026,0.028817
12,21,corrupted,513588,919,0.00178937,919,0.0355515,0.0511196,0.0214762,0.0284776
12,21,reorder,513581,955,0.00185949,955,0.0349298,0.0489534,0.0208249,0.0264274
12,22,base,513588,0,0,0,0,0,0,0
12,22,corrupted,513588,0,0,0,0,0,0,0
12,22,reorder,513581,0,0,0,0,0,0,0
12,23,base,513588,0,0,0,0,0,0,0
12,23,corrupted,513588,0,0,0,0,0,0,0
12,23,reorder,513581,0,0,0,0,0,0,0
12,24,base,513588,539,0.00104948,539,0.0179987,0.0247899,0.0219527,0.0210582
12,24,corrupted,513588,538,0.00104753,538,0.0180161,0.0245819,0.0216188,0.0221169
12,24,reorder,513581,558,0.00108649,558,0.0179911,0.0236856,0.0222881,0.0206803
12,25,base,513588,190,0.000369946,190,0.0328073,0.0357531,0.0194563,0.0362102
12,25,corrupted,513588,188,0.000366052,188,0.0329719,0.0361334,0.0195452,0.0315701
12,25,reorder,513581,188,0.000366057,188,0.0327829,0.0359872,0.0197282,0.0332665
12,26,base,513588,696,0.00135517,696,0.015342,0.0240711,0.0274932,0.0267745
12,26,corrupted,513588,700,0.00136296,700,0.0152257,0.0241421,0.0279323,0.0260686
12,26,reorder,513581,730,0.00142139,730,0.0151458,0.0227988,0.0275129,0.0286853
12,27,base,513588,0,0,0,0,0,0,0
12,27,corrupted,513588,0,0,0,0,0,0,0
12,27,reorder,513581,0,0,0,0,0,0,0
12,28,base,513588,0,0,0,0,0,0,0
12,28,corrupted,513588,0,0,0,0,0,0,0
12,28,reorder,513581,0,0,0,0,0,0,0
12,29,base,513588,9,1.75238e-05,9,0.0078816,0.0103784,0.0551208,0.0123849
12,29,corrupted,513588,8,1.55767e-05,8,0,0.0116757,0.0593676,0.0166928
12,29,reorder,513581,8,1.55769e-05,8,0,0.0116757,0.0593676,0.0363478
12,30,base,513588,42,8.17776e-05,42,0.027145,0.0148956,0.0228792,0.0200019
12,30,corrupted,513588,45,8.76189e-05,45,0.0258845,0.0147436,0.0220817,0.0192399
12,30,reorder,513581,45,8.76201e-05,45,0.0258101,0.0143178,0.0200555,0.0217676
12,31,base,513588,1356,0.00264025,1356,0.0220394,0.026436,0.0216887,0.0275052
12,31,corrupted,513588,1373,0.00267335,1373,0.0219392,0.0262813,0.0218935,0.0270467
12,31,reorder,513581,1388,0.00270259,1388,0.0215744,0.0263588,0.0219654,0.0239719
13,0,base,513588,0,0,0,0,0,0,0
13,0,corrupted,513588,0,0,0,0,0,0,0
13,0,reorder,513581,0,0,0,0,0,0,0
13,1,base,513588,342,0.000665903,342,0.0311084,0.0199741,0.0416995,0.0419359
13,1,corrupted,513588,343,0.00066785,343,0.0309994,0.0199895,0.0420773,0.0425722
13,1,reorder,513581,347,0.000675648,347,0.0308967,0.0200697,0.0417194,0.0322783
13,2,base,513588,185,0.000360211,185,0.0472677,0.135755,0.0127514,0.0371356
13,2,corrupted,513588,187,0.000364105,187,0.0468165,0.134221,0.0125132,0.0407213
13,2,reorder,513581,193,0.000375793,193,0.0453113,0.130983,0.0125953,0.0329
13,3,base,513588,16,3.11534e-05,16,0.0252021,0.00956293,0.0281224,0.0200194
13,3,corrupted,513588,16,3.11534e-05,16,0.024581,0.00852916,0.0280251,0.0340894
13,3,reorder,513581,54,0.000105144,54,0.0132971,0.0143045,0.0171048,0.0184484
13,4,base,513588,0,0,0,0,0,0,0
13,4,corrupted,513588,0,0,0,0,0,0,0
13,4,reorder,513581,0,0,0,0,0,0,0
13,5,base,513588,22,4.28359e-05,22,0.0049732,0.0200822,0.0194264,0.018044
13,5,corrupted,513588,21,4.08888e-05,21,0.00435708,0.0194843,0.0164699,0.024436
13,5,reorder,513581,30,5.84134e-05,30,0.00523319,0.0175137,0.0127707,0.014769
13,6,base,513588,0,0,0,0,0,0,0
13,6,corrupted,513588,0,0,0,0,0,0,0
13,6,reorder,513581,0,0,0,0,0,0,0
13,7,base,513588,6,1.16825e-05,6,0.012621,0.000207155,0.0339712,0.0163349
13,7,corrupted,513588,7,1.36296e-05,7,0.00417975,0.0180264,0.0291181,0.0196786
13,7,reorder,513581,5,9.73556e-06,5,0.00585165,0.00141288,0.0407654,0.050512
13,8,base,513588,2653,0.00516562,2653,0.0145088,0.0191137,0.0186585,0.0184293
13,8,corrupted,513588,2647,0.00515394,2647,0.014448,0.0192415,0.018767,0.0183955
13,8,reorder,513581,2436,0.00474317,2436,0.0145275,0.0197529,0.0191925,0.0194443
13,9,base,513588,0,0,0,0,0,0,0
13,9,corrupted,513588,0,0,0,0,0,0,0
13,9,reorder,513581,0,0,0,0,0,0,0
13,10,base,513588,22,4.28359e-05,22,0.0230215,0.0027016,0.0139048,0.0138853
13,10,corrupted,513588,19,3.69946e-05,19,0.0247399,0.00587628,0.0122673,0.0113119
13,10,reorder,513581,23,4.47836e-05,23,0.0188458,0.00887842,0.014275,0.0112896
13,11,base,513588,0,0,0,0,0,0,0
13,11,corrupted,513588,0,0,0,0,0,0,0
13,11,reorder,513581,1,1.94711e-06,1,0.0122511,0.0399068,0.0131065,0
13,12,base,513588,0,0,0,0,0,0,0
13,12,corrupted,513588,0,0,0,0,0,0,0
13,12,reorder,513581,0,0,0,0,0,0,0
13,13,base,513588,645,0.00125587,645,0.0223999,0.0149411,0.0158211,0.020696
13,13,corrupted,513588,653,0.00127145,653,0.021856,0.0148205,0.0157471,0.0187714
13,13,reorder,513581,568,0.00110596,568,0.023863,0.0153729,0.0165525,0.018879
13,14,base,513588,1,1.94709e-06,1,0,0.00773844,0.00185251,0
13,14,corrupted,513588,2,3.89417e-06,2,0.000145805,0,0.000746531,0.0119565
13,14,reorder,513581,2,3.89423e-06,2,0.000428201,0,0.00212681,0
13,15,base,513588,1,1.94709e-06,1,0.0451063,0,0.0575279,0.0100751
13,15,corrupted,513588,0,0,0,0,0,0,0
13,15,reorder,513581,8,1.55769e-05,8,0.021136,0.016406,0.0104244,0.0180413
13,16,base,513588,0,0,0,0,0,0,0
13,16,corrupted,513588,0,0,0,0,0,0,0
13,16,reorder,513581,6,1.16827e-05,6,0.016022,0.029713,0.0191476,0.0234504
13,17,base,513588,0,0,0,0,0,0,0
13,17,corrupted,513588,0,0,0,0,0,0,0
13,17,reorder,513581,0,0,0,0,0,0,0
13,18,base,513588,476,0.000926813,476,0.0244669,0.0362302,0.00965916,0.0223433
13,18,corrupted,513588,474,0.000922919,474,0.0240496,0.0359528,0.00949931,0.0212424
13,18,reorder,513581,662,0.00128899,662,0.0204101,0.0301371,0.00964995,0.0203603
13,19,base,513588,0,0,0,0,0,0,0
13,19,corrupted,513588,0,0,0,0,0,0,0
13,19,reorder,513581,1,1.94711e-06,1,0,0.0305473,0,0.0369392
13,20,base,513588,0,0,0,0,0,0,0
13,20,corrupted,513588,0,0,0,0,0,0,0
13,20,reorder,513581,0,0,0,0,0,0,0
13,21,base,513588,0,0,0,0,0,0,0
13,21,corrupted,513588,0,0,0,0,0,0,0
13,21,reorder,513581,0,0,0,0,0,0,0
13,22,base,513588,338,0.000658115,338,0.00881812,0.0550559,0.0198043,0.0324355
13,22,corrupted,513588,340,0.000662009,340,0.00887173,0.0556096,0.0195099,0.0308595
13,22,reorder,513581,310,0.000603605,310,0.00962796,0.0582064,0.0215476,0.0358995
13,23,base,513588,3,5.84126e-06,3,0.0111017,0,0.0191511,0
13,23,corrupted,513588,2,3.89417e-06,2,0.00221188,0.0161811,0,0.017101
13,23,reorder,513581,11,2.14182e-05,11,0.0126011,0.014052,0.0197879,0.0138555
13,24,base,513588,1,1.94709e-06,1,0,0,0.0175651,0
13,24,corrupted,513588,1,1.94709e-06,1,0.0184165,0,0.00434215,0
13,24,reorder,513581,1,1.94711e-06,1,0.00711576,0,0,0.0287055
13,25,base,513588,0,0,0,0,0,0,0
13,25,corrupted,513588,0,0,0,0,0,0,0
13,25,reorder,513581,0,0,0,0,0,0,0
13,26,base,513588,12,2.3365e-05,12,0.0311475,0.00903206,0.0393823,0.018668
13,26,corrupted,513588,11,2.14179e-05,11,0.0304905,0.0142114,0.0426436,0.0386472
13,26,reorder,513581,14,2.72596e-05,14,0.0266996,0.0143512,0.0320284,0.0280784
13,27,base,513588,0,0,0,0,0,0,0
13,27,corrupted,513588,0,0,0,0,0,0,0
13,27,reorder,513581,0,0,0,0,0,0,0
13,28,base,513588,26,5.06242e-05,26,0.00834537,0.0172575,0.0113329,0.00838013
13,28,corrupted,513588,26,5.06242e-05,26,0.00834458,0.0185156,0.0111078,0.0212983
13,28,reorder,513581,21,4.08894e-05,21,0.00781746,0.0176837,0.0142679,0.020811
13,29,base,513588,0,0,0,0,0,0,0
13,29,corrupted,513588,0,0,0,0,0,0,0
13,29,reorder,513581,0,0,0,0,0,0,0
13,30,base,513588,26,5.06242e-05,26,0.00958044,0,0.00958044,0.130085
13,30,corrupted,513588,26,5.06242e-05,26,0.00958044,0,0.00958044,0.152275
13,30,reorder,513581,26,5.06249e-05,26,0.00958044,0,0.00958044,0.233291
13,31,base,513588,0,0,0,0,0,0,0
13,31,corrupted,513588,0,0,0,0,0,0,0
13,31,reorder,513581,0,0,0,0,0,0,0
14,0,base,513588,16,3.11534e-05,16,0.00017456,0.00820527,0.00660386,0.0151895
14,0,corrupted,513588,16,3.11534e-05,16,0.00017456,0.00820527,0.00660386,0.0123397
14,0,reorder,513581,17,3.31009e-05,17,0.000139952,0.00798278,0.00742357,0.0222919
14,1,base,513588,0,0,0,0,0,0,0
14,1,corrupted,513588,0,0,0,0,0,0,0
14,1,reorder,513581,0,0,0,0,0,0,0
14,2,base,513588,0,0,0,0,0,0,0
14,2,corrupted,513588,0,0,0,0,0,0,0
14,2,reorder,513581,0,0,0,0,0,0,0
14,3,base,513588,2,3.89417e-06,2,0,0,0,0.0202585
14,3,corrupted,513588,3,5.84126e-06,3,0.00608603,0.00513312,0.00487641,0.078372
14,3,reorder,513581,2,3.89423e-06,2,0,0,0,0.0676036
14,4,base,513588,2,3.89417e-06,2,0,0,0.0456429,0.00251684
14,4,corrupted,513588,2,3.89417e-06,2,0,0,0.0456429,0.00591848
14,4,reorder,513581,2,3.89423e-06,2,0,0,0.0456429,0.0510554
14,5,base,513588,13,2.53121e-05,13,0,0.00546971,0.0229335,0.0273797
14,5,corrupted,513588,14,2.72592e-05,14,0.00158073,0.00507902,0.0212953,0.024817
14,5,reorder,513581,28,5.45192e-05,28,0.0121733,0.0107869,0.0216623,0.0200526
14,6,base,513588,0,0,0,0,0,0,0
14,6,corrupted,513588,0,0,0,0,0,0,0
14,6,reorder,513581,1,1.94711e-06,1,0.0313167,0.00907673,0,0
14,7,base,513588,0,0,0,0,0,0,0
14,7,corrupted,513588,0,0,0,0,0,0,0
14,7,reorder,513581,2,3.89423e-06,2,0,0,0.00104737,0
14,8,base,513588,0,0,0,0,0,0,0
14,8,corrupted,513588,0,0,0,0,0,0,0
14,8,reorder,513581,0,0,0,0,0,0,0
14,9,base,513588,0,0,0,0,0,0,0
14,9,corrupted,513588,0,0,0,0,0,0,0
14,9,reorder,513581,0,0,0,0,0,0,0
14,10,base,513588,632,0.00123056,632,0.0228267,0.0400552,0.0182223,0.0324187
14,10,corrupted,513588,639,0.00124419,639,0.0226694,0.0397745,0.018211,0.0347363
14,10,reorder,513581,593,0.00115464,593,0.0234737,0.042651,0.0186082,0.0327485
14,11,base,513588,0,0,0,0,0,0,0
14,11,corrupted,513588,0,0,0,0,0,0,0
14,11,reorder,513581,0,0,0,0,0,0,0
14,12,base,513588,0,0,0,0,0,0,0
14,12,corrupted,513588,0,0,0,0,0,0,0
14,12,reorder,513581,0,0,0,0,0,0,0
14,13,base,513588,0,0,0,0,0,0,0
14,13,corrupted,513588,0,0,0,0,0,0,0
14,13,reorder,513581,0,0,0,0,0,0,0
14,14,base,513588,42,8.17776e-05,42,0.0085823,0.00534039,0.00899561,0.0182522
14,14,corrupted,513588,46,8.9566e-05,46,0.00925882,0.0028396,0.00744657,0.0139824
14,14,reorder,513581,57,0.000110985,57,0.0110799,0.00539562,0.0124014,0.0140543
14,15,base,513588,0,0,0,0,0,0,0
14,15,corrupted,513588,0,0,0,0,0,0,0
14,15,reorder,513581,0,0,0,0,0,0,0
14,16,base,513588,1135,0.00220994,1135,0.0163401,0.0308036,0.0267785,0.0227514
14,16,corrupted,513588,1136,0.00221189,1136,0.0162841,0.0305682,0.0265614,0.0228416
14,16,reorder,513581,1251,0.00243584,1251,0.0154358,0.0289219,0.0256201,0.023511
14,17,base,513588,10,1.94709e-05,10,0.111403,0.447455,0.00343046,0.00957457
14,17,corrupted,513588,11,2.14179e-05,11,0.10262,0.412276,0.0031186,0.0367365
14,17,reorder,513581,10,1.94711e-05,10,0.111403,0.447455,0.00343046,0.164698
14,18,base,513588,26,5.06242e-05,26,0.00840483,0.0293546,0.0270286,0.0146293
14,18,corrupted,513588,23,4.4783e-05,23,0.0099439,0.0279723,0.0317269,0.0228678
14,18,reorder,513581,33,6.42547e-05,33,0.00745991,0.0197899,0.0263773,0.0116554
14,19,base,513588,0,0,0,0,0,0,0
14,19,corrupted,513588,0,0,0,0,0,0,0
14,19,reorder,513581,0,0,0,0,0,0,0
14,20,base,513588,4,7.78834e-06,4,0,0,0.00767341,0.0102441
14,20,corrupted,513588,4,7.78834e-06,4,0,0,0.00767341,0
14,20,reorder,513581,5,9.73556e-06,5,0,0,0.00978524,0.00967772
14,21,base,513588,0,0,0,0,0,0,0
14,21,corrupted,513588,0,0,0,0,0,0,0
14,21,reorder,513581,0,0,0,0,0,0,0
14,22,base,513588,3064,0.00596587,3064,0.0204222,0.0235561,0.0139692,0.0282761
14,22,corrupted,513588,3067,0.00597171,3067,0.0204864,0.0234433,0.0139621,0.0291482
14,22,reorder,513581,3073,0.00598348,3073,0.0203744,0.0236582,0.0139092,0.0278562
14,23,base,513588,3117,0.00606907,3117,0.0310938,0.00769093,0.0211576,0.0268838
14,23,corrupted,513588,3117,0.00606907,3117,0.0309509,0.00757967,0.0211456,0.0258415
14,23,reorder,513581,3096,0.00602826,3096,0.0312725,0.0077525,0.0212299,0.0268062
14,24,base,513588,7,1.36296e-05,7,0.0096756,0.0161236,0.0138815,0.00670271
14,24,corrupted,513588,5,9.73543e-06,5,0,0.0255171,0.013427,0.00585745
14,24,reorder,513581,7,1.36298e-05,7,0.0175842,0.0195411,0.0212238,0.016138
14,25,base,513588,2862,0.00557256,2862,0.0258734,0.0318127,0.0204893,0.027489
14,25,corrupted,513588,2863,0.00557451,2863,0.0255581,0.0317206,0.020505,0.0254559
14,25,reorder,513581,2826,0.00550254,2826,0.0260327,0.0320757,0.0206247,0.0265454
14,26,base,513588,13,2.53121e-05,13,0.00401069,0.0249213,0.0159969,0.0139493
14,26,corrupted,513588,13,2.53121e-05,13,0.0146441,0.0201296,0.01752,0.0232324
14,26,reorder,513581,16,3.11538e-05,16,0.00998906,0.0216388,0.0130593,0.0129147
14,27,base,513588,20,3.89417e-05,20,0.015072,0,0.016429,0.0384315
14,27,corrupted,513588,20,3.89417e-05,20,0.015072,0,0.016429,0.0593615
14,27,reorder,513581,20,3.89423e-05,20,0.015072,0,0.016429,0.0359354
14,28,base,513588,0,0,0,0,0,0,0
14,28,corrupted,513588,0,0,0,0,0,0,0
14,28,reorder,513581,0,0,0,0,0,0,0
14,29,base,513588,0,0,0,0,0,0,0
14,29,corrupted,513588,0,0,0,0,0,0,0
14,29,reorder,513581,0,0,0,0,0,0,0
14,30,base,513588,0,0,0,0,0,0,0
14,30,corrupted,513588,0,0,0,0,0,0,0
14,30,reorder,513581,0,0,0,0,0,0,0
14,31,base,513588,0,0,0,0,0,0,0
14,31,corrupted,513588,0,0,0,0,0,0,0
14,31,reorder,513581,0,0,0,0,0,0,0
15,0,base,513588,503,0.000979384,503,0.0298497,0.0577904,0.0349,0.0262013
15,0,corrupted,513588,501,0.00097549,501,0.0300395,0.0577578,0.0350793,0.0268931
15,0,reorder,513581,497,0.000967715,497,0.0297816,0.0568919,0.0344615,0.0342683
15,1,base,513588,0,0,0,0,0,0,0
15,1,corrupted,513588,0,0,0,0,0,0,0
15,1,reorder,513581,0,0,0,0,0,0,0
15,2,base,513588,288,0.000560761,288,0.0196249,0.0138035,0.0118887,0.0178377
15,2,corrupted,513588,298,0.000580232,298,0.0195405,0.0123181,0.0107116,0.0135907
15,2,reorder,513581,355,0.000691225,355,0.0192078,0.0140698,0.010743,0.0167525
15,3,base,513588,166,0.000323216,166,0.0258902,0.0318517,0.0102941,0.0220717
15,3,corrupted,513588,160,0.000311534,160,0.0260637,0.0332661,0.0102822,0.0207079
15,3,reorder,513581,222,0.000432259,222,0.0229355,0.0288928,0.011164,0.022253
15,4,base,513588,4,7.78834e-06,4,0.0916978,0.0204191,0.00628187,0
15,4,corrupted,513588,4,7.78834e-06,4,0.0916978,0.0204191,0.00628187,0.0291898
15,4,reorder,513581,6,1.16827e-05,6,0.0677276,0.0248066,0.0131996,0.028584
15,5,base,513588,4,7.78834e-06,4,0.00139017,0.0581258,0,0.0143173
15,5,corrupted,513588,4,7.78834e-06,4,0.00139017,0.0581258,0,0.0270635
15,5,reorder,513581,9,1.7524e-05,9,0.0023627,0.0360287,0.00535786,0.0140766
15,6,base,513588,0,0,0,0,0,0,0
15,6,corrupted,513588,0,0,0,0,0,0,0
15,6,reorder,513581,0,0,0,0,0,0,0
15,7,base,513588,11,2.14179e-05,11,0.00763591,0.0518996,0.020943,0.0260319
15,7,corrupted,513588,12,2.3365e-05,12,0.00703211,0.0475746,0.0191978,0.0510792
15,7,reorder,513581,13,2.53125e-05,13,0.00751048,0.043915,0.0181357,0.00848845
15,8,base,513588,0,0,0,0,0,0,0
15,8,corrupted,513588,0,0,0,0,0,0,0
15,8,reorder,513581,0,0,0,0,0,0,0
15,9,base,513588,0,0,0,0,0,0,0
15,9,corrupted,513588,0,0,0,0,0,0,0
15,9,reorder,513581,0,0,0,0,0,0,0
15,10,base,513588,52,0.000101248,52,0.103892,0.0391691,0.0816693,0.0507074
15,10,corrupted,513588,53,0.000103196,53,0.101123,0.0385078,0.0808731,0.0479739
15,10,reorder,513581,51,9.93027e-05,51,0.105422,0.0403736,0.0828361,0.0503863
15,11,base,513588,37,7.20422e-05,37,0.0160897,0.0397272,0.0267042,0.0172635
15,11,corrupted,513588,37,7.20422e-05,37,0.0160898,0.0396262,0.0257807,0.0311574
15,11,reorder,513581,41,7.98316e-05,41,0.015817,0.0359922,0.02285,0.0156192
15,12,base,513588,4,7.78834e-06,4,0.00600858,0,0.06124,0.0363487
15,12,corrupted,513588,4,7.78834e-06,4,0.00600858,0,0.06124,0.020884
15,12,reorder,513581,4,7.78845e-06,4,0.00600858,0,0.06124,0
15,13,base,513588,0,0,0,0,0,0,0
15,13,corrupted,513588,0,0,0,0,0,0,0
15,13,reorder,513581,0,0,0,0,0,0,0
15,14,base,513588,0,0,0,0,0,0,0
15,14,corrupted,513588,0,0,0,0,0,0,0
15,14,reorder,513581,0,0,0,0,0,0,0
15,15,base,513588,0,0,0,0,0,0,0
15,15,corrupted,513588,0,0,0,0,0,0,0
15,15,reorder,513581,0,0,0,0,0,0,0
15,16,base,513588,29,5.64655e-05,29,0.0132348,0.00621997,0.00463009,0.0128563
15,16,corrupted,513588,24,4.67301e-05,24,0.0133997,0.00576712,0.00641586,0.0130838
15,16,reorder,513581,12,2.33654e-05,12,0.014601,0.00516647,0.00297311,0.0119976
15,17,base,513588,0,0,0,0,0,0,0
15,17,corrupted,513588,0,0,0,0,0,0,0
15,17,reorder,513581,0,0,0,0,0,0,0
15,18,base,513588,1106,0.00215348,1106,0.0176036,0.017196,0.0184314,0.0189007
15,18,corrupted,513588,1099,0.00213985,1099,0.0180226,0.017135,0.0184684,0.0195308
15,18,reorder,513581,1045,0.00203473,1045,0.0181534,0.0167822,0.0183984,0.0237279
15,19,base,513588,1361,0.00264998,1361,0.0274688,0.0269282,0.025497,0.0305546
15,19,corrupted,513588,1382,0.00269087,1382,0.0272246,0.0266197,0.0253956,0.0318185
15,19,reorder,513581,1409,0.00274348,1409,0.0268922,0.0261948,0.0250175,0.0295161
15,20,base,513588,93,0.000181079,93,0.0125924,0.0249774,0.0198129,0.0252986
15,20,corrupted,513588,93,0.000181079,93,0.0130586,0.024897,0.0200475,0.0262666
15,20,reorder,513581,95,0.000184976,95,0.0129666,0.0244019,0.0192208,0.0166165
15,21,base,513588,0,0,0,0,0,0,0
15,21,corrupted,513588,0,0,0,0,0,0,0
15,21,reorder,513581,0,0,0,0,0,0,0
15,22,base,513588,0,0,0,0,0,0,0
15,22,corrupted,513588,0,0,0,0,0,0,0
15,22,reorder,513581,0,0,0,0,0,0,0
15,23,base,513588,1,1.94709e-06,1,0,0,0.00116534,0
15,23,corrupted,513588,1,1.94709e-06,1,0.0413936,0,0,0.0751709
15,23,reorder,513581,27,5.2572e-05,27,0.015027,0.00920909,0.00468602,0.0172053
15,24,base,513588,0,0,0,0,0,0,0
15,24,corrupted,513588,0,0,0,0,0,0,0
15,24,reorder,513581,0,0,0,0,0,0,0
15,25,base,513588,0,0,0,0,0,0,0
15,25,corrupted,513588,0,0,0,0,0,0,0
15,25,reorder,513581,0,0,0,0,0,0,0
15,26,base,513588,0,0,0,0,0,0,0
15,26,corrupted,513588,0,0,0,0,0,0,0
15,26,reorder,513581,0,0,0,0,0,0,0
15,27,base,513588,0,0,0,0,0,0,0
15,27,corrupted,513588,0,0,0,0,0,0,0
15,27,reorder,513581,0,0,0,0,0,0,0
15,28,base,513588,284,0.000552972,284,0.0311136,0.0425707,0.0148509,0.018114
15,28,corrupted,513588,284,0.000552972,284,0.03103,0.0427166,0.0156058,0.0245109
15,28,reorder,513581,298,0.00058024,298,0.0299133,0.0421761,0.0152311,0.0216235
15,29,base,513588,277,0.000539343,277,0.0224734,0.0586432,0.0172284,0.0448039
15,29,corrupted,513588,275,0.000535449,275,0.0222179,0.0584365,0.0175216,0.0467453
15,29,reorder,513581,272,0.000529615,272,0.0221677,0.0590662,0.0176381,0.0384107
15,30,base,513588,0,0,0,0,0,0,0
15,30,corrupted,513588,0,0,0,0,0,0,0
15,30,reorder,513581,0,0,0,0,0,0,0
15,31,base,513588,0,0,0,0,0,0,0
15,31,corrupted,513588,0,0,0,0,0,0,0
15,31,reorder,513581,0,0,0,0,0,0,0
16,0,base,513588,607,0.00118188,607,0.0300967,0.0484898,0.0151312,0.0405775
16,0,corrupted,513588,613,0.00119356,613,0.0296256,0.0474868,0.0149766,0.0325361
16,0,reorder,513581,779,0.0015168,779,0.0254053,0.0402034,0.0132835,0.0322288
16,1,base,513588,1123,0.00218658,1123,0.0136614,0.00849782,0.0138638,0.017836
16,1,corrupted,513588,1116,0.00217295,1116,0.0142946,0.00832579,0.0137853,0.0178376
16,1,reorder,513581,1182,0.00230149,1182,0.0130656,0.00858836,0.0138087,0.0168625
16,2,base,513588,994,0.0019354,994,0.0137723,0.0487856,0.0258772,0.0189164
16,2,corrupted,513588,984,0.00191593,984,0.0140574,0.0486862,0.0259962,0.020741
16,2,reorder,513581,935,0.00182055,935,0.0134913,0.0516517,0.0274526,0.0205931
16,3,base,513588,0,0,0,0,0,0,0
16,3,corrupted,513588,0,0,0,0,0,0,0
16,3,reorder,513581,0,0,0,0,0,0,0
16,4,base,513588,64,0.000124614,64,0.0194936,0.00590792,0.025847,0.00788635
16,4,corrupted,513588,63,0.000122666,63,0.0206509,0.00549524,0.0276451,0.0164774
16,4,reorder,513581,75,0.000146033,75,0.0188186,0.0091399,0.0222254,0.0110589
16,5,base,513588,12,2.3365e-05,12,0,0.00315711,0.0145975,0.0227929
16,5,corrupted,513588,13,2.53121e-05,13,0,0.00397555,0.0134746,0.0295721
16,5,reorder,513581,17,3.31009e-05,17,0.00160508,0.0100286,0.0174185,0.0474856
16,6,base,513588,0,0,0,0,0,0,0
16,6,corrupted,513588,0,0,0,0,0,0,0
16,6,reorder,513581,0,0,0,0,0,0,0
16,7,base,513588,0,0,0,0,0,0,0
16,7,corrupted,513588,0,0,0,0,0,0,0
16,7,reorder,513581,0,0,0,0,0,0,0
16,8,base,513588,985,0.00191788,985,0.0128495,0.0342195,0.0145948,0.0172386
16,8,corrupted,513588,984,0.00191593,984,0.0129005,0.0337883,0.0143447,0.0185139
16,8,reorder,513581,851,0.00165699,851,0.0131688,0.0367992,0.014678,0.0190132
16,9,base,513588,0,0,0,0,0,0,0
16,9,corrupted,513588,0,0,0,0,0,0,0
16,9,reorder,513581,0,0,0,0,0,0,0
16,10,base,513588,0,0,0,0,0,0,0
16,10,corrupted,513588,0,0,0,0,0,0,0
16,10,reorder,513581,0,0,0,0,0,0,0
16,11,base,513588,4,7.78834e-06,4,0,0,0,0.034044
16,11,corrupted,513588,4,7.78834e-06,4,0,0,0,0.0335383
16,11,reorder,513581,5,9.73556e-06,5,0,0,0,0.0376033
16,12,base,513588,0,0,0,0,0,0,0
16,12,corrupted,513588,0,0,0,0,0,0,0
16,12,reorder,513581,0,0,0,0,0,0,0
16,13,base,513588,0,0,0,0,0,0,0
16,13,corrupted,513588,0,0,0,0,0,0,0
16,13,reorder,513581,0,0,0,0,0,0,0
16,14,base,513588,0,0,0,0,0,0,0
16,14,corrupted,513588,0,0,0,0,0,0,0
16,14,reorder,513581,0,0,0,0,0,0,0
16,15,base,513588,0,0,0,0,0,0,0
16,15,corrupted,513588,0,0,0,0,0,0,0
16,15,reorder,513581,0,0,0,0,0,0,0
16,16,base,513588,145,0.000282327,145,0.0092772,0.0155825,0.00564772,0.0163445
16,16,corrupted,513588,149,0.000290116,149,0.010005,0.015244,0.00548621,0.0175406
16,16,reorder,513581,177,0.000344639,177,0.00894903,0.0140233,0.00573677,0.0171243
16,17,base,513588,262,0.000510137,262,0.028371,0.0603994,0.0274811,0.0309013
16,17,corrupted,513588,256,0.000498454,256,0.028721,0.0618058,0.0277602,0.0339839
16,17,reorder,513581,267,0.000519879,267,0.0276603,0.0596532,0.0270688,0.0328311
16,18,base,513588,59,0.000114878,59,0.0278928,0.129412,0.0170297,0.0474551
16,18,corrupted,513588,60,0.000116825,60,0.0281729,0.12749,0.016728,0.04052
16,18,reorder,513581,68,0.000132404,68,0.0260591,0.114327,0.0157625,0.0455372
16,19,base,513588,81,0.000157714,81,0.0166897,0.0208433,0.0235932,0.0167895
16,19,corrupted,513588,84,0.000163555,84,0.0182471,0.0206627,0.0226039,0.0192437
16,19,reorder,513581,538,0.00104755,538,0.0121286,0.0154716,0.0103241,0.0137086
16,20,base,513588,0,0,0,0,0,0,0
16,20,corrupted,513588,0,0,0,0,0,0,0
16,20,reorder,513581,0,0,0,0,0,0,0
16,21,base,513588,1091,0.00212427,1091,0.0242657,0.0206343,0.0251526,0.0209882
16,21,corrupted,513588,1091,0.00212427,1091,0.0244965,0.0210315,0.0252422,0.0215125
16,21,reorder,513581,1185,0.00230733,1185,0.0232713,0.0206157,0.0242576,0.0214394
16,22,base,513588,465,0.000905395,465,0.0107495,0.0163352,0.019463,0.0173938
16,22,corrupted,513588,465,0.000905395,465,0.0104184,0.0160578,0.0198295,0.0183954
16,22,reorder,513581,461,0.000897619,461,0.0109552,0.0160417,0.0192267,0.0199689
16,23,base,513588,0,0,0,0,0,0,0
16,23,corrupted,513588,0,0,0,0,0,0,0
16,23,reorder,513581,0,0,0,0,0,0,0
16,24,base,513588,432,0.000841141,432,0.0136529,0.0239206,0.0151602,0.0177419
16,24,corrupted,513588,425,0.000827512,425,0.0138301,0.0248965,0.0152706,0.0196454
16,24,reorder,513581,524,0.00102029,524,0.0134244,0.0219396,0.013998,0.0185909
16,25,base,513588,2,3.89417e-06,2,0,0,0.0189672,0.028398
16,25,corrupted,513588,2,3.89417e-06,2,0,0,0.0189672,0.0240133
16,25,reorder,513581,2,3.89423e-06,2,0,0,0.0189672,0.00572644
16,26,base,513588,0,0,0,0,0,0,0
16,26,corrupted,513588,0,0,0,0,0,0,0
16,26,reorder,513581,3,5.84134e-06,3,0.00782877,0.0332405,0.0080441,0.0147559
16,27,base,513588,0,0,0,0,0,0,0
16,27,corrupted,513588,0,0,0,0,0,0,0
16,27,reorder,513581,0,0,0,0,0,0,0
16,28,base,513588,0,0,0,0,0,0,0
16,28,corrupted,513588,0,0,0,0,0,0,0
16,28,reorder,513581,0,0,0,0,0,0,0
16,29,base,513588,0,0,0,0,0,0,0
16,29,corrupted,513588,0,0,0,0,0,0,0
16,29,reorder,513581,0,0,0,0,0,0,0
16,30,base,513588,0,0,0,0,0,0,0
16,30,corrupted,513588,0,0,0,0,0,0,0
16,30,reorder,513581,5,9.73556e-06,5,0.0211134,0.000256971,0.0126634,0.00412159
16,31,base,513588,33,6.42538e-05,33,0.0166944,0.0381785,0.0189013,0.0107312
16,31,corrupted,513588,35,6.8148e-05,35,0.0148934,0.0333151,0.0209415,0.0232321
16,31,reorder,513581,38,7.39903e-05,38,0.0134457,0.0375916,0.0154887,0.0119525
17,0,base,513588,151,0.00029401,151,0.0281668,0.0605402,0.0143096,0.0329177
17,0,corrupted,513588,156,0.000303745,156,0.0284217,0.0590597,0.0140481,0.0380664
17,0,reorder,513581,160,0.000311538,160,0.0277034,0.0576325,0.0141253,0.0354328
17,1,base,513588,1,1.94709e-06,1,0,0,0.0381623,0
17,1,corrupted,513588,1,1.94709e-06,1,0.0187301,0.00518827,0.0373689,0
17,1,reorder,513581,0,0,0,0,0,0,0
17,2,base,513588,0,0,0,0,0,0,0
17,2,corrupted,513588,0,0,0,0,0,0,0
17,2,reorder,513581,0,0,0,0,0,0,0
17,3,base,513588,172,0.000334899,172,0.022763,0.0456571,0.0135887,0.0216142
17,3,corrupted,513588,171,0.000332952,171,0.0227923,0.0459598,0.0136682,0.0296596
17,3,reorder,513581,171,0.000332956,171,0.0228229,0.0454975,0.0135013,0.0266968
17,4,base,513588,0,0,0,0,0,0,0
17,4,corrupted,513588,0,0,0,0,0,0,0
17,4,reorder,513581,0,0,0,0,0,0,0
17,5,base,513588,213,0.000414729,213,0.0345677,0.00482505,0.0299524,0.0196666
17,5,corrupted,513588,221,0.000430306,221,0.0347854,0.00461783,0.0294911,0.0184026
17,5,reorder,513581,202,0.000393317,202,0.0352813,0.00481708,0.0307503,0.0239545
17,6,base,513588,0,0,0,0,0,0,0
17,6,corrupted,513588,1,1.94709e-06,1,0.0234386,0,0,0
17,6,reorder,513581,0,0,0,0,0,0,0
17,7,base,513588,0,0,0,0,0,0,0
17,7,corrupted,513588,0,0,0,0,0,0,0
17,7,reorder,513581,0,0,0,0,0,0,0
17,8,base,513588,353,0.000687321,353,0.0140209,0.0392263,0.0257281,0.0437664
17,8,corrupted,513588,360,0.000700951,360,0.0141574,0.0390663,0.025391,0.0379279
17,8,reorder,513581,392,0.000763268,392,0.0138522,0.036437,0.0252993,0.037552
17,9,base,513588,0,0,0,0,0,0,0
17,9,corrupted,513588,0,0,0,0,0,0,0
17,9,reorder,513581,0,0,0,0,0,0,0
17,10,base,513588,0,0,0,0,0,0,0
17,10,corrupted,513588,0,0,0,0,0,0,0
17,10,reorder,513581,0,0,0,0,0,0,0
17,11,base,513588,0,0,0,0,0,0,0
17,11,corrupted,513588,0,0,0,0,0,0,0
17,11,reorder,513581,0,0,0,0,0,0,0
17,12,base,513588,0,0,0,0,0,0,0
17,12,corrupted,513588,0,0,0,0,0,0,0
17,12,reorder,513581,0,0,0,0,0,0,0
17,13,base,513588,490,0.000954072,490,0.0330083,0.0439696,0.0233876,0.0289335
17,13,corrupted,513588,490,0.000954072,490,0.0330519,0.0437978,0.0236483,0.0251317
17,13,reorder,513581,485,0.00094435,485,0.0333124,0.0433716,0.023988,0.0261928
17,14,base,513588,0,0,0,0,0,0,0
17,14,corrupted,513588,0,0,0,0,0,0,0
17,14,reorder,513581,0,0,0,0,0,0,0
17,15,base,513588,0,0,0,0,0,0,0
17,15,corrupted,513588,0,0,0,0,0,0,0
17,15,reorder,513581,0,0,0,0,0,0,0
17,16,base,513588,73,0.000142137,73,0.120301,0.058174,0.00938655,0.0223407
17,16,corrupted,513588,74,0.000144084,74,0.119153,0.0576386,0.00940479,0.0348712
17,16,reorder,513581,75,0.000146033,75,0.118391,0.0565641,0.00954354,0.0431695
17,17,base,513588,0,0,0,0,0,0,0
17,17,corrupted,513588,0,0,0,0,0,0,0
17,17,reorder,513581,0,0,0,0,0,0,0
17,18,base,513588,778,0.00151483,778,0.0350243,0.0224988,0.0300091,0.0290763
17,18,corrupted,513588,788,0.0015343,788,0.0347399,0.0221395,0.0297337,0.0285304
17,18,reorder,513581,761,0.00148175,761,0.0352374,0.0223016,0.0303207,0.0272493
17,19,base,513588,340,0.000662009,340,0.0503939,0.10024,0.0643489,0.0916255
17,19,corrupted,513588,340,0.000662009,340,0.0503939,0.10024,0.0643489,0.0764292
17,19,reorder,513581,340,0.000662018,340,0.0503939,0.10024,0.0643489,0.0715662
17,20,base,513588,0,0,0,0,0,0,0
17,20,corrupted,513588,0,0,0,0,0,0,0
17,20,reorder,513581,1,1.94711e-06,1,0.00116353,0.0161157,0,0.0168445
17,21,base,513588,0,0,0,0,0,0,0
17,21,corrupted,513588,0,0,0,0,0,0,0
17,21,reorder,513581,0,0,0,0,0,0,0
17,22,base,513588,0,0,0,0,0,0,0
17,22,corrupted,513588,0,0,0,0,0,0,0
17,22,reorder,513581,0,0,0,0,0,0,0
17,23,base,513588,0,0,0,0,0,0,0
17,23,corrupted,513588,0,0,0,0,0,0,0
17,23,reorder,513581,0,0,0,0,0,0,0
17,24,base,513588,12,2.3365e-05,12,0.163342,0.00687531,0.0282952,0.00923626
17,24,corrupted,513588,6,1.16825e-05,6,0.195687,0,0.0491269,0.0658799
17,24,reorder,513581,21,4.08894e-05,21,0.0808029,0.00843596,0.0355273,0.00654074
17,25,base,513588,0,0,0,0,0,0,0
17,25,corrupted,513588,0,0,0,0,0,0,0
17,25,reorder,513581,0,0,0,0,0,0,0
17,26,base,513588,136,0.000264804,136,0.0153183,0.034249,0.0137273,0.0149408
17,26,corrupted,513588,131,0.000255068,131,0.0151947,0.0344827,0.0146435,0.0177174
17,26,reorder,513581,122,0.000237548,122,0.0157191,0.0361848,0.015647,0.0176058
17,27,base,513588,0,0,0,0,0,0,0
17,27,corrupted,513588,0,0,0,0,0,0,0
17,27,reorder,513581,0,0,0,0,0,0,0
17,28,base,513588,0,0,0,0,0,0,0
17,28,corrupted,513588,0,0,0,0,0,0,0
17,28,reorder,513581,0,0,0,0,0,0,0
17,29,base,513588,0,0,0,0,0,0,0
17,29,corrupted,513588,0,0,0,0,0,0,0
17,29,reorder,513581,0,0,0,0,0,0,0
17,30,base,513588,0,0,0,0,0,0,0
17,30,corrupted,513588,0,0,0,0,0,0,0
17,30,reorder,513581,0,0,0,0,0,0,0
17,31,base,513588,1080,0.00210285,1080,0.00902189,0.0307484,0.0193361,0.0289972
17,31,corrupted,513588,1079,0.00210091,1079,0.00906221,0.0308443,0.019457,0.0270208
17,31,reorder,513581,1041,0.00202694,1041,0.0090235,0.0319801,0.0196656,0.0293445
18,0,base,513588,0,0,0,0,0,0,0
18,0,corrupted,513588,0,0,0,0,0,0,0
18,0,reorder,513581,0,0,0,0,0,0,0
18,1,base,513588,5,9.73543e-06,5,0.00953572,0.00485955,0.00259701,0.0102418
18,1,corrupted,513588,6,1.16825e-05,6,0.00843625,0.00937193,0.00275955,0.000666601
18,1,reorder,513581,3,5.84134e-06,3,0.00516218,0.0235273,0.00137539,0.0152219
18,2,base,513588,0,0,0,0,0,0,0
18,2,corrupted,513588,0,0,0,0,0,0,0
18,2,reorder,513581,0,0,0,0,0,0,0
18,3,base,513588,0,0,0,0,0,0,0
18,3,corrupted,513588,0,0,0,0,0,0,0
18,3,reorder,513581,0,0,0,0,0,0,0
18,4,base,513588,0,0,0,0,0,0,0
18,4,corrupted,513588,0,0,0,0,0,0,0
18,4,reorder,513581,0,0,0,0,0,0,0
18,5,base,513588,0,0,0,0,0,0,0
18,5,corrupted,513588,0,0,0,0,0,0,0
18,5,reorder,513581,0,0,0,0,0,0,0
18,6,base,513588,8,1.55767e-05,8,0,0.193064,0,0.0162093
18,6,corrupted,513588,8,1.55767e-05,8,0,0.193064,0,0.0422267
18,6,reorder,513581,10,1.94711e-05,10,0.00147658,0.16012,0.00190023,0.0418493
18,7,base,513588,286,0.000556867,286,0.0242437,0.00872079,0.0144741,0.0285202
18,7,corrupted,513588,291,0.000566602,291,0.0247886,0.00785418,0.0146359,0.0286548
18,7,reorder,513581,248,0.000482884,248,0.02565,0.00777935,0.0154309,0.0267749
18,8,base,513588,0,0,0,0,0,0,0
18,8,corrupted,513588,0,0,0,0,0,0,0
18,8,reorder,513581,0,0,0,0,0,0,0
18,9,base,513588,0,0,0,0,0,0,0
18,9,corrupted,513588,0,0,0,0,0,0,0
18,9,reorder,513581,0,0,0,0,0,0,0
18,10,base,513588,357,0.00069511,357,0.00896338,0.0186303,0.0116627,0.0290506
18,10,corrupted,513588,363,0.000706792,363,0.00897662,0.0182826,0.0116112,0.0358411
18,10,reorder,513581,538,0.00104755,538,0.0112848,0.0150991,0.00996164,0.020963
18,11,base,513588,0,0,0,0,0,0,0
18,11,corrupted,513588,0,0,0,0,0,0,0
18,11,reorder,513581,0,0,0,0,0,0,0
18,12,base,513588,0,0,0,0,0,0,0
18,12,corrupted,513588,0,0,0,0,0,0,0
18,12,reorder,513581,0,0,0,0,0,0,0
18,13,base,513588,0,0,0,0,0,0,0
18,13,corrupted,513588,0,0,0,0,0,0,0
18,13,reorder,513581,0,0,0,0,0,0,0
18,14,base,513588,0,0,0,0,0,0,0
18,14,corrupted,513588,0,0,0,0,0,0,0
18,14,reorder,513581,0,0,0,0,0,0,0
18,15,base,513588,182,0.00035437,182,0.0356062,0.0307975,0.0208093,0.0238362
18,15,corrupted,513588,176,0.000342687,176,0.0356202,0.0316506,0.0209811,0.0244012
18,15,reorder,513581,191,0.000371898,191,0.0347848,0.0294943,0.0195156,0.0234246
18,16,base,513588,0,0,0,0,0,0,0
18,16,corrupted,513588,0,0,0,0,0,0,0
18,16,reorder,513581,0,0,0,0,0,0,0
18,17,base,513588,0,0,0,0,0,0,0
18,17,corrupted,513588,0,0,0,0,0,0,0
18,17,reorder,513581,0,0,0,0,0,0,0
18,18,base,513588,53,0.000103196,53,0.0152393,0.0192412,0.0271807,0.0194526
18,18,corrupted,513588,52,0.000101248,52,0.0150365,0.0198574,0.0275164,0.0230423
18,18,reorder,513581,71,0.000138245,71,0.0151249,0.0183095,0.0228403,0.0196824
18,19,base,513588,225,0.000438094,225,0.0191928,0.00760654,0.0252631,0.0154943
18,19,corrupted,513588,226,0.000440041,226,0.0161929,0.00812993,0.0251829,0.0215994
18,19,reorder,513581,210,0.000408894,210,0.0193416,0.00833039,0.0269007,0.0238281
18,20,base,513588,0,0,0,0,0,0,0
18,20,corrupted,513588,0,0,0,0,0,0,0
18,20,reorder,513581,0,0,0,0,0,0,0
18,21,base,513588,0,0,0,0,0,0,0
18,21,corrupted,513588,0,0,0,0,0,0,0
18,21,reorder,513581,0,0,0,0,0,0,0
18,22,base,513588,12,2.3365e-05,12,0.0106027,0.0257512,0.0195743,0.00451282
18,22,corrupted,513588,13,2.53121e-05,13,0.012669,0.0251928,0.0151218,0.0404426
18,22,reorder,513581,30,5.84134e-05,30,0.00917776,0.011361,0.0140399,0.00805683
18,23,base,513588,0,0,0,0,0,0,0
18,23,corrupted,513588,0,0,0,0,0,0,0
18,23,reorder,513581,0,0,0,0,0,0,0
18,24,base,513588,0,0,0,0,0,0,0
18,24,corrupted,513588,0,0,0,0,0,0,0
18,24,reorder,513581,0,0,0,0,0,0,0
18,25,base,513588,12,2.3365e-05,12,0.00668235,0.0167726,0.0272971,0.0107657
18,25,corrupted,513588,11,2.14179e-05,11,0.00613306,0.0182974,0.0286218,0.0185836
18,25,reorder,513581,23,4.47836e-05,23,0.00665082,0.0178621,0.0199839,0.0198771
18,26,base,513588,197,0.000383576,197,0.0139309,0.0199888,0.00930655,0.0199196
18,26,corrupted,513588,202,0.000393311,202,0.0136183,0.0201974,0.00953657,0.0204373
18,26,reorder,513581,211,0.000410841,211,0.0134989,0.0204382,0.00928567,0.0271688
18,27,base,513588,0,0,0,0,0,0,0
18,27,corrupted,513588,0,0,0,0,0,0,0
18,27,reorder,513581,0,0,0,0,0,0,0
18,28,base,513588,0,0,0,0,0,0,0
18,28,corrupted,513588,0,0,0,0,0,0,0
18,28,reorder,513581,0,0,0,0,0,0,0
18,29,base,513588,0,0,0,0,0,0,0
18,29,corrupted,513588,0,0,0,0,0,0,0
18,29,reorder,513581,0,0,0,0,0,0,0
18,30,base,513588,747,0.00145447,747,0.0540452,0.0356038,0.0298094,0.0443156
18,30,corrupted,513588,740,0.00144084,740,0.0545064,0.0356925,0.0298718,0.0456626
18,30,reorder,513581,754,0.00146812,754,0.0534639,0.0354747,0.0296696,0.0457505
18,31,base,513588,0,0,0,0,0,0,0
18,31,corrupted,513588,0,0,0,0,0,0,0
18,31,reorder,513581,0,0,0,0,0,0,0
19,0,base,513588,0,0,0,0,0,0,0
19,0,corrupted,513588,0,0,0,0,0,0,0
19,0,reorder,513581,4,7.78845e-06,4,0.0141651,0.0149036,0.00997079,0.0204598
19,1,base,513588,0,0,0,0,0,0,0
19,1,corrupted,513588,0,0,0,0,0,0,0
19,1,reorder,513581,0,0,0,0,0,0,0
19,2,base,513588,0,0,0,0,0,0,0
19,2,corrupted,513588,0,0,0,0,0,0,0
19,2,reorder,513581,0,0,0,0,0,0,0
19,3,base,513588,0,0,0,0,0,0,0
19,3,corrupted,513588,0,0,0,0,0,0,0
19,3,reorder,513581,0,0,0,0,0,0,0
19,4,base,513588,0,0,0,0,0,0,0
19,4,corrupted,513588,0,0,0,0,0,0,0
19,4,reorder,513581,0,0,0,0,0,0,0
19,5,base,513588,542,0.00105532,542,0.0310991,0.0727964,0.0595088,0.0516597
19,5,corrupted,513588,533,0.0010378,533,0.0315981,0.0739014,0.0601536,0.0614382
19,5,reorder,513581,547,0.00106507,547,0.0309177,0.0724727,0.0593007,0.0561623
19,6,base,513588,0,0,0,0,0,0,0
19,6,corrupted,513588,0,0,0,0,0,0,0
19,6,reorder,513581,0,0,0,0,0,0,0
19,7,base,513588,656,0.00127729,656,0.0117472,0.0246624,0.0197989,0.0182396
19,7,corrupted,513588,655,0.00127534,655,0.0117651,0.0246364,0.0198017,0.0184733
19,7,reorder,513581,603,0.00117411,603,0.011736,0.0256197,0.0200293,0.0178993
19,8,base,513588,0,0,0,0,0,0,0
19,8,corrupted,513588,0,0,0,0,0,0,0
19,8,reorder,513581,0,0,0,0,0,0,0
19,9,base,513588,0,0,0,0,0,0,0
19,9,corrupted,513588,0,0,0,0,0,0,0
19,9,reorder,513581,0,0,0,0,0,0,0
19,10,base,513588,0,0,0,0,0,0,0
19,10,corrupted,513588,0,0,0,0,0,0,0
19,10,reorder,513581,0,0,0,0,0,0,0
19,11,base,513588,0,0,0,0,0,0,0
19,11,corrupted,513588,0,0,0,0,0,0,0
19,11,reorder,513581,0,0,0,0,0,0,0
19,12,base,513588,0,0,0,0,0,0,0
19,12,corrupted,513588,0,0,0,0,0,0,0
19,12,reorder,513581,0,0,0,0,0,0,0
19,13,base,513588,22,4.28359e-05,22,0.104615,0,0.0439705,0.0474187
19,13,corrupted,513588,22,4.28359e-05,22,0.104615,0,0.0439705,0.0346145
19,13,reorder,513581,22,4.28365e-05,22,0.104615,0,0.0439705,0.0076756
19,14,base,513588,0,0,0,0,0,0,0
19,14,corrupted,513588,0,0,0,0,0,0,0
19,14,reorder,513581,0,0,0,0,0,0,0
19,15,base,513588,0,0,0,0,0,0,0
19,15,corrupted,513588,0,0,0,0,0,0,0
19,15,reorder,513581,0,0,0,0,0,0,0
19,16,base,513588,337,0.000656168,337,0.0120956,0.043123,0.0353121,0.0228118
19,16,corrupted,513588,345,0.000671745,345,0.011639,0.0422903,0.0344452,0.0229557
19,16,reorder,513581,490,0.000954085,490,0.0128798,0.0364559,0.029714,0.0189463
19,17,base,513588,0,0,0,0,0,0,0
19,17,corrupted,513588,0,0,0,0,0,0,0
19,17,reorder,513581,0,0,0,0,0,0,0
19,18,base,513588,0,0,0,0,0,0,0
19,18,corrupted,513588,0,0,0,0,0,0,0
19,18,reorder,513581,0,0,0,0,0,0,0
19,19,base,513588,263,0.000512084,263,0.03218,0.0024723,0.0103029,0.0187823
19,19,corrupted,513588,261,0.000508189,261,0.0324358,0.00249107,0.0103819,0.0202311
19,19,reorder,513581,267,0.000519879,267,0.031225,0.00249464,0.0105988,0.0219662
19,20,base,513588,0,0,0,0,0,0,0
19,20,corrupted,513588,0,0,0,0,0,0,0
19,20,reorder,513581,0,0,0,0,0,0,0
19,21,base,513588,0,0,0,0,0,0,0
19,21,corrupted,513588,0,0,0,0,0,0,0
19,21,reorder,513581,0,0,0,0,0,0,0
19,22,base,513588,198,0.000385523,198,0.00957806,0.0108466,0.00896788,0.0266711
19,22,corrupted,513588,202,0.000393311,202,0.00941584,0.0107206,0.00875909,0.023841
19,22,reorder,513581,279,0.000543244,279,0.00846374,0.00887046,0.0106467,0.0166561
19,23,base,513588,0,0,0,0,0,0,0
19,23,corrupted,513588,0,0,0,0,0,0,0
19,23,reorder,513581,0,0,0,0,0,0,0
19,24,base,513588,0,0,0,0,0,0,0
19,24,corrupted,513588,0,0,0,0,0,0,0
19,24,reorder,513581,0,0,0,0,0,0,0
19,25,base,513588,0,0,0,0,0,0,0
19,25,corrupted,513588,0,0,0,0,0,0,0
19,25,reorder,513581,0,0,0,0,0,0,0
19,26,base,513588,0,0,0,0,0,0,0
19,26,corrupted,513588,0,0,0,0,0,0,0
19,26,reorder,513581,0,0,0,0,0,0,0
19,27,base,513588,0,0,0,0,0,0,0
19,27,corrupted,513588,0,0,0,0,0,0,0
19,27,reorder,513581,0,0,0,0,0,0,0
19,28,base,513588,0,0,0,0,0,0,0
19,28,corrupted,513588,0,0,0,0,0,0,0
19,28,reorder,513581,0,0,0,0,0,0,0
19,29,base,513588,0,0,0,0,0,0,0
19,29,corrupted,513588,0,0,0,0,0,0,0
19,29,reorder,513581,0,0,0,0,0,0,0
19,30,base,513588,5,9.73543e-06,5,0.00651881,0.0172075,0.0219085,0.0163326
19,30,corrupted,513588,4,7.78834e-06,4,0,0,0.0235939,0.0125024
19,30,reorder,513581,4,7.78845e-06,4,0,0,0.0235939,0.0485324
19,31,base,513588,0,0,0,0,0,0,0
19,31,corrupted,513588,0,0,0,0,0,0,0
19,31,reorder,513581,0,0,0,0,0,0,0
20,0,base,513588,0,0,0,0,0,0,0
20,0,corrupted,513588,0,0,0,0,0,0,0
20,0,reorder,513581,0,0,0,0,0,0,0
20,1,base,513588,1,1.94709e-06,1,0.0310749,0,0.00476857,0
20,1,corrupted,513588,1,1.94709e-06,1,0.0309992,0,0.00472391,0
20,1,reorder,513581,2,3.89423e-06,2,0.0102082,0,0.0162096,0
20,2,base,513588,0,0,0,0,0,0,0
20,2,corrupted,513588,0,0,0,0,0,0,0
20,2,reorder,513581,0,0,0,0,0,0,0
20,3,base,513588,0,0,0,0,0,0,0
20,3,corrupted,513588,0,0,0,0,0,0,0
20,3,reorder,513581,0,0,0,0,0,0,0
20,4,base,513588,0,0,0,0,0,0,0
20,4,corrupted,513588,0,0,0,0,0,0,0
20,4,reorder,513581,0,0,0,0,0,0,0
20,5,base,513588,0,0,0,0,0,0,0
20,5,corrupted,513588,0,0,0,0,0,0,0
20,5,reorder,513581,0,0,0,0,0,0,0
20,6,base,513588,32,6.23068e-05,32,0.0938678,0.0730673,0.0333735,0.0436487
20,6,corrupted,513588,32,6.23068e-05,32,0.0938678,0.0730673,0.0333735,0.0527203
20,6,reorder,513581,32,6.23076e-05,32,0.0938678,0.0730673,0.0333735,0.0528633
20,7,base,513588,81,0.000157714,81,0.0172125,0.066374,0.0178689,0.0202906
20,7,corrupted,513588,80,0.000155767,80,0.0174277,0.0670273,0.0180922,0.0198954
20,7,reorder,513581,105,0.000204447,105,0.0156406,0.0583607,0.0162532,0.0196402
20,8,base,513588,2,3.89417e-06,2,0.0277487,0.045478,0,0.0430334
20,8,corrupted,513588,2,3.89417e-06,2,0.0277487,0.045478,0,0
20,8,reorder,513581,2,3.89423e-06,2,0.0277487,0.045478,0,0
20,9,base,513588,0,0,0,0,0,0,0
20,9,corrupted,513588,0,0,0,0,0,0,0
20,9,reorder,513581,0,0,0,0,0,0,0
20,10,base,513588,0,0,0,0,0,0,0
20,10,corrupted,513588,0,0,0,0,0,0,0
20,10,reorder,513581,0,0,0,0,0,0,0
20,11,base,513588,0,0,0,0,0,0,0
20,11,corrupted,513588,0,0,0,0,0,0,0
20,11,reorder,513581,0,0,0,0,0,0,0
20,12,base,513588,162,0.000315428,162,0.0284978,0.0363179,0.0131671,0.0323392
20,12,corrupted,513588,159,0.000309587,159,0.0281087,0.03681,0.0132779,0.0427713
20,12,reorder,513581,170,0.000331009,170,0.0288547,0.0346939,0.012598,0.034017
20,13,base,513588,0,0,0,0,0,0,0
20,13,corrupted,513588,0,0,0,0,0,0,0
20,13,reorder,513581,0,0,0,0,0,0,0
20,14,base,513588,53,0.000103196,53,0.0173934,0.00604374,0.0191693,0.0188301
20,14,corrupted,513588,54,0.000105143,54,0.017034,0.00651283,0.0179742,0.0179787
20,14,reorder,513581,66,0.000128509,66,0.0160267,0.00790062,0.0150145,0.0133538
20,15,base,513588,391,0.000761311,391,0.00905459,0.00677391,0.00598302,0.0158233
20,15,corrupted,513588,390,0.000759364,390,0.00912187,0.00678676,0.00613038,0.018816
20,15,reorder,513581,410,0.000798316,410,0.0107977,0.00952871,0.00603664,0.0153182
20,16,base,513588,0,0,0,0,0,0,0
20,16,corrupted,513588,0,0,0,0,0,0,0
20,16,reorder,513581,0,0,0,0,0,0,0
20,17,base,513588,0,0,0,0,0,0,0
20,17,corrupted,513588,0,0,0,0,0,0,0
20,17,reorder,513581,0,0,0,0,0,0,0
20,18,base,513588,192,0.000373841,192,0.0114059,0.00387792,0.011712,0.0212468
20,18,corrupted,513588,190,0.000369946,190,0.0111313,0.00401241,0.0116854,0.0172481
20,18,reorder,513581,166,0.000323221,166,0.0112929,0.00386068,0.012843,0.0207057
20,19,base,513588,0,0,0,0,0,0,0
20,19,corrupted,513588,0,0,0,0,0,0,0
20,19,reorder,513581,0,0,0,0,0,0,0
20,20,base,513588,0,0,0,0,0,0,0
20,20,corrupted,513588,0,0,0,0,0,0,0
20,20,reorder,513581,0,0,0,0,0,0,0
20,21,base,513588,8,1.55767e-05,8,0,0.189393,0,0.138381
20,21,corrupted,513588,8,1.55767e-05,8,0,0.189393,0,0.111619
20,21,reorder,513581,8,1.55769e-05,8,0,0.189393,0,0.057641
20,22,base,513588,1,1.94709e-06,1,0,0,0.0291418,0
20,22,corrupted,513588,1,1.94709e-06,1,0.053322,0,0.0291418,0.0291418
20,22,reorder,513581,0,0,0,0,0,0,0
20,23,base,513588,0,0,0,0,0,0,0
20,23,corrupted,513588,0,0,0,0,0,0,0
20,23,reorder,513581,0,0,0,0,0,0,0
20,24,base,513588,0,0,0,0,0,0,0
20,24,corrupted,513588,0,0,0,0,0,0,0
20,24,reorder,513581,0,0,0,0,0,0,0
20,25,base,513588,0,0,0,0,0,0,0
20,25,corrupted,513588,0,0,0,0,0,0,0
20,25,reorder,513581,0,0,0,0,0,0,0
20,26,base,513588,0,0,0,0,0,0,0
20,26,corrupted,513588,0,0,0,0,0,0,0
20,26,reorder,513581,0,0,0,0,0,0,0
20,27,base,513588,0,0,0,0,0,0,0
20,27,corrupted,513588,0,0,0,0,0,0,0
20,27,reorder,513581,0,0,0,0,0,0,0
20,28,base,513588,0,0,0,0,0,0,0
20,28,corrupted,513588,0,0,0,0,0,0,0
20,28,reorder,513581,0,0,0,0,0,0,0
20,29,base,513588,0,0,0,0,0,0,0
20,29,corrupted,513588,0,0,0,0,0,0,0
20,29,reorder,513581,0,0,0,0,0,0,0
20,30,base,513588,0,0,0,0,0,0,0
20,30,corrupted,513588,0,0,0,0,0,0,0
20,30,reorder,513581,0,0,0,0,0,0,0
20,31,base,513588,50,9.73543e-05,50,0.0177548,0.0109039,0.0213395,0.0126928
20,31,corrupted,513588,48,9.34601e-05,48,0.0188448,0.0108588,0.021493,0.0157435
20,31,reorder,513581,43,8.37258e-05,43,0.0172703,0.0101193,0.0243087,0.0154852
21,0,base,513588,0,0,0,0,0,0,0
21,0,corrupted,513588,0,0,0,0,0,0,0
21,0,reorder,513581,0,0,0,0,0,0,0
21,1,base,513588,2,3.89417e-06,2,0,0,0,0
21,1,corrupted,513588,0,0,0,0,0,0,0
21,1,reorder,513581,3,5.84134e-06,3,0,0.0276226,0.000201671,0
21,2,base,513588,0,0,0,0,0,0,0
21,2,corrupted,513588,0,0,0,0,0,0,0
21,2,reorder,513581,0,0,0,0,0,0,0
21,3,base,513588,0,0,0,0,0,0,0
21,3,corrupted,513588,0,0,0,0,0,0,0
21,3,reorder,513581,0,0,0,0,0,0,0
21,4,base,513588,0,0,0,0,0,0,0
21,4,corrupted,513588,1,1.94709e-06,1,0.0236058,0.0052455,0,0
21,4,reorder,513581,4,7.78845e-06,4,0.0171289,0.0480845,0.0114902,0.0147119
21,5,base,513588,0,0,0,0,0,0,0
21,5,corrupted,513588,0,0,0,0,0,0,0
21,5,reorder,513581,0,0,0,0,0,0,0
21,6,base,513588,726,0.00141358,726,0.00680418,0.0143299,0.00896099,0.015662
21,6,corrupted,513588,722,0.0014058,722,0.0064295,0.015021,0.00897294,0.0201624
21,6,reorder,513581,753,0.00146618,753,0.00687457,0.0159067,0.008402,0.0220782
21,7,base,513588,0,0,0,0,0,0,0
21,7,corrupted,513588,0,0,0,0,0,0,0
21,7,reorder,513581,0,0,0,0,0,0,0
21,8,base,513588,512,0.000996908,512,0.0106703,0.0117345,0.00621096,0.0171447
21,8,corrupted,513588,512,0.000996908,512,0.0107944,0.0116166,0.00594679,0.0167129
21,8,reorder,513581,560,0.00109038,560,0.0111609,0.0116013,0.00600775,0.0157392
21,9,base,513588,0,0,0,0,0,0,0
21,9,corrupted,513588,0,0,0,0,0,0,0
21,9,reorder,513581,0,0,0,0,0,0,0
21,10,base,513588,52,0.000101248,52,0.00797385,0.021063,0.0537211,0.0275029
21,10,corrupted,513588,52,0.000101248,52,0.00797385,0.021063,0.0537211,0.0318422
21,10,reorder,513581,52,0.00010125,52,0.00797385,0.021063,0.0537211,0.0240912
21,11,base,513588,0,0,0,0,0,0,0
21,11,corrupted,513588,0,0,0,0,0,0,0
21,11,reorder,513581,0,0,0,0,0,0,0
21,12,base,513588,0,0,0,0,0,0,0
21,12,corrupted,513588,0,0,0,0,0,0,0
21,12,reorder,513581,0,0,0,0,0,0,0
21,13,base,513588,0,0,0,0,0,0,0
21,13,corrupted,513588,0,0,0,0,0,0,0
21,13,reorder,513581,0,0,0,0,0,0,0
21,14,base,513588,0,0,0,0,0,0,0
21,14,corrupted,513588,0,0,0,0,0,0,0
21,14,reorder,513581,0,0,0,0,0,0,0
21,15,base,513588,0,0,0,0,0,0,0
21,15,corrupted,513588,0,0,0,0,0,0,0
21,15,reorder,513581,0,0,0,0,0,0,0
21,16,base,513588,0,0,0,0,0,0,0
21,16,corrupted,513588,0,0,0,0,0,0,0
21,16,reorder,513581,0,0,0,0,0,0,0
21,17,base,513588,0,0,0,0,0,0,0
21,17,corrupted,513588,0,0,0,0,0,0,0
21,17,reorder,513581,1,1.94711e-06,1,0.0390823,0.00198816,0,0
21,18,base,513588,509,0.000991067,509,0.00970361,0.0131191,0.0166071,0.0242297
21,18,corrupted,513588,504,0.000981331,504,0.0094125,0.0133736,0.016524,0.0211744
21,18,reorder,513581,662,0.00128899,662,0.00960044,0.0121977,0.0147603,0.0179269
21,19,base,513588,0,0,0,0,0,0,0
21,19,corrupted,513588,0,0,0,0,0,0,0
21,19,reorder,513581,0,0,0,0,0,0,0
21,20,base,513588,0,0,0,0,0,0,0
21,20,corrupted,513588,0,0,0,0,0,0,0
21,20,reorder,513581,0,0,0,0,0,0,0
21,21,base,513588,0,0,0,0,0,0,0
21,21,corrupted,513588,0,0,0,0,0,0,0
21,21,reorder,513581,0,0,0,0,0,0,0
21,22,base,513588,0,0,0,0,0,0,0
21,22,corrupted,513588,0,0,0,0,0,0,0
21,22,reorder,513581,0,0,0,0,0,0,0
21,23,base,513588,0,0,0,0,0,0,0
21,23,corrupted,513588,0,0,0,0,0,0,0
21,23,reorder,513581,0,0,0,0,0,0,0
21,24,base,513588,334,0.000650327,334,0.0085952,0.00202109,0.00488097,0.0259414
21,24,corrupted,513588,329,0.000640591,329,0.00885738,0.00204406,0.00488974,0.0491189
21,24,reorder,513581,339,0.000660071,339,0.00856798,0.00221059,0.00503531,0.0353529
21,25,base,513588,140,0.000272592,140,0.0528558,0.0136988,0.00977465,0.0174195
21,25,corrupted,513588,139,0.000270645,139,0.0518462,0.0139227,0.00993124,0.0223338
21,25,reorder,513581,226,0.000440047,226,0.0437119,0.0129523,0.00766661,0.0157921
21,26,base,513588,0,0,0,0,0,0,0
21,26,corrupted,513588,0,0,0,0,0,0,0
21,26,reorder,513581,0,0,0,0,0,0,0
21,27,base,513588,850,0.00165502,850,0.00711079,0.0248305,0.0111817,0.0196848
21,27,corrupted,513588,850,0.00165502,850,0.00725182,0.0254922,0.011327,0.0219853
21,27,reorder,513581,928,0.00180692,928,0.00626922,0.0247494,0.011161,0.0206312
21,28,base,513588,0,0,0,0,0,0,0
21,28,corrupted,513588,0,0,0,0,0,0,0
21,28,reorder,513581,0,0,0,0,0,0,0
21,29,base,513588,0,0,0,0,0,0,0
21,29,corrupted,513588,0,0,0,0,0,0,0
21,29,reorder,513581,0,0,0,0,0,0,0
21,30,base,513588,0,0,0,0,0,0,0
21,30,corrupted,513588,0,0,0,0,0,0,0
21,30,reorder,513581,0,0,0,0,0,0,0
21,31,base,513588,0,0,0,0,0,0,0
21,31,corrupted,513588,0,0,0,0,0,0,0
21,31,reorder,513581,0,0,0,0,0,0,0
22,0,base,513588,0,0,0,0,0,0,0
22,0,corrupted,513588,0,0,0,0,0,0,0
22,0,reorder,513581,0,0,0,0,0,0,0
22,1,base,513588,0,0,0,0,0,0,0
22,1,corrupted,513588,0,0,0,0,0,0,0
22,1,reorder,513581,0,0,0,0,0,0,0
22,2,base,513588,0,0,0,0,0,0,0
22,2,corrupted,513588,0,0,0,0,0,0,0
22,2,reorder,513581,0,0,0,0,0,0,0
22,3,base,513588,64,0.000124614,64,0.0966034,0.181457,0.02228,0.0461046
22,3,corrupted,513588,64,0.000124614,64,0.0966034,0.181457,0.02228,0.0532682
22,3,reorder,513581,64,0.000124615,64,0.0966034,0.181457,0.02228,0.0640209
22,4,base,513588,103,0.00020055,103,0.0634387,0.0122126,0.00969228,0.0461045
22,4,corrupted,513588,105,0.000204444,105,0.0627868,0.0120047,0.00971007,0.0337419
22,4,reorder,513581,94,0.000183029,94,0.0683467,0.0128325,0.01054,0.0410939
22,5,base,513588,28,5.45184e-05,28,0.0177336,0.029822,0.0164306,0.0198412
22,5,corrupted,513588,27,5.25713e-05,27,0.0163492,0.030945,0.0170419,0.0481411
22,5,reorder,513581,35,6.81489e-05,35,0.0131786,0.0250797,0.0144611,0.0279656
22,6,base,513588,0,0,0,0,0,0,0
22,6,corrupted,513588,0,0,0,0,0,0,0
22,6,reorder,513581,0,0,0,0,0,0,0
22,7,base,513588,0,0,0,0,0,0,0
22,7,corrupted,513588,0,0,0,0,0,0,0
22,7,reorder,513581,0,0,0,0,0,0,0
22,8,base,513588,0,0,0,0,0,0,0
22,8,corrupted,513588,0,0,0,0,0,0,0
22,8,reorder,513581,0,0,0,0,0,0,0
22,9,base,513588,0,0,0,0,0,0,0
22,9,corrupted,513588,0,0,0,0,0,0,0
22,9,reorder,513581,0,0,0,0,0,0,0
22,10,base,513588,0,0,0,0,0,0,0
22,10,corrupted,513588,0,0,0,0,0,0,0
22,10,reorder,513581,0,0,0,0,0,0,0
22,11,base,513588,50,9.73543e-05,50,0,0,0.028054,0.0834747
22,11,corrupted,513588,50,9.73543e-05,50,0,0,0.028054,0.0906791
22,11,reorder,513581,50,9.73556e-05,50,0,0,0.028054,0.0666924
22,12,base,513588,0,0,0,0,0,0,0
22,12,corrupted,513588,0,0,0,0,0,0,0
22,12,reorder,513581,0,0,0,0,0,0,0
22,13,base,513588,6,1.16825e-05,6,0.160174,0,0,0.0972441
22,13,corrupted,513588,6,1.16825e-05,6,0.160174,0,0,0.127073
22,13,reorder,513581,6,1.16827e-05,6,0.160174,0,0,0.0809066
22,14,base,513588,0,0,0,0,0,0,0
22,14,corrupted,513588,0,0,0,0,0,0,0
22,14,reorder,513581,0,0,0,0,0,0,0
22,15,base,513588,0,0,0,0,0,0,0
22,15,corrupted,513588,0,0,0,0,0,0,0
22,15,reorder,513581,0,0,0,0,0,0,0
22,16,base,513588,0,0,0,0,0,0,0
22,16,corrupted,513588,0,0,0,0,0,0,0
22,16,reorder,513581,0,0,0,0,0,0,0
22,17,base,513588,0,0,0,0,0,0,0
22,17,corrupted,513588,0,0,0,0,0,0,0
22,17,reorder,513581,0,0,0,0,0,0,0
22,18,base,513588,15,2.92063e-05,15,0.0376144,0.00259985,0.0351665,0.0153425
22,18,corrupted,513588,14,2.72592e-05,14,0.0396454,0,0.0376784,0.0223659
22,18,reorder,513581,18,3.5048e-05,18,0.0347447,0.00419817,0.0328313,0.0359674
22,19,base,513588,8,1.55767e-05,8,0,0.135948,0,0.117643
22,19,corrupted,513588,8,1.55767e-05,8,0,0.135948,0,0.142602
22,19,reorder,513581,8,1.55769e-05,8,0,0.135948,0,0.0865016
22,20,base,513588,0,0,0,0,0,0,0
22,20,corrupted,513588,0,0,0,0,0,0,0
22,20,reorder,513581,0,0,0,0,0,0,0
22,21,base,513588,52,0.000101248,52,0.0203367,0.0408615,0.0252041,0.0201389
22,21,corrupted,513588,52,0.000101248,52,0.0242083,0.04031,0.0251947,0.0206438
22,21,reorder,513581,54,0.000105144,54,0.0185913,0.0400522,0.025469,0.0141093
22,22,base,513588,7,1.36296e-05,7,0.0332406,0.000754566,0.00814755,0.0147974
22,22,corrupted,513588,6,1.16825e-05,6,0.0341163,0,0.00576693,0.0431474
22,22,reorder,513581,8,1.55769e-05,8,0.0256607,0,0.0043252,0.00758764
22,23,base,513588,0,0,0,0,0,0,0
22,23,corrupted,513588,0,0,0,0,0,0,0
22,23,reorder,513581,0,0,0,0,0,0,0
22,24,base,513588,0,0,0,0,0,0,0
22,24,corrupted,513588,0,0,0,0,0,0,0
22,24,reorder,513581,0,0,0,0,0,0,0
22,25,base,513588,0,0,0,0,0,0,0
22,25,corrupted,513588,0,0,0,0,0,0,0
22,25,reorder,513581,0,0,0,0,0,0,0
22,26,base,513588,0,0,0,0,0,0,0
22,26,corrupted,513588,0,0,0,0,0,0,0
22,26,reorder,513581,0,0,0,0,0,0,0
22,27,base,513588,441,0.000858665,441,0.0203153,0.0172999,0.0233747,0.0224621
22,27,corrupted,513588,442,0.000860612,442,0.0204991,0.0174468,0.0232129,0.0234338
22,27,reorder,513581,513,0.000998869,513,0.0185144,0.0156725,0.021878,0.0237147
22,28,base,513588,2,3.89417e-06,2,0,0,0,0.0524919
22,28,corrupted,513588,2,3.89417e-06,2,0,0,0,0
22,28,reorder,513581,2,3.89423e-06,2,0,0,0,0.05095
22,29,base,513588,0,0,0,0,0,0,0
22,29,corrupted,513588,0,0,0,0,0,0,0
22,29,reorder,513581,0,0,0,0,0,0,0
22,30,base,513588,0,0,0,0,0,0,0
22,30,corrupted,513588,0,0,0,0,0,0,0
22,30,reorder,513581,0,0,0,0,0,0,0
22,31,base,513588,0,0,0,0,0,0,0
22,31,corrupted,513588,0,0,0,0,0,0,0
22,31,reorder,513581,0,0,0,0,0,0,0
23,0,base,513588,0,0,0,0,0,0,0
23,0,corrupted,513588,0,0,0,0,0,0,0
23,0,reorder,513581,0,0,0,0,0,0,0
23,1,base,513588,0,0,0,0,0,0,0
23,1,corrupted,513588,0,0,0,0,0,0,0
23,1,reorder,513581,0,0,0,0,0,0,0
23,2,base,513588,10,1.94709e-05,10,0.0283942,0,0,0.109627
23,2,corrupted,513588,10,1.94709e-05,10,0.0283942,0,0,0.104057
23,2,reorder,513581,10,1.94711e-05,10,0.0283942,0,0,0.0884657
23,3,base,513588,54,0.000105143,54,0.147416,0.0107427,0.0151351,0.135075
23,3,corrupted,513588,54,0.000105143,54,0.147416,0.0107427,0.0151351,0.104921
23,3,reorder,513581,54,0.000105144,54,0.147416,0.0107427,0.0151351,0.122761
23,4,base,513588,0,0,0,0,0,0,0
23,4,corrupted,513588,0,0,0,0,0,0,0
23,4,reorder,513581,0,0,0,0,0,0,0
23,5,base,513588,0,0,0,0,0,0,0
23,5,corrupted,513588,0,0,0,0,0,0,0
23,5,reorder,513581,0,0,0,0,0,0,0
23,6,base,513588,2,3.89417e-06,2,0,0.049725,0.0102986,0
23,6,corrupted,513588,2,3.89417e-06,2,0,0.049725,0.0102986,0.0525588
23,6,reorder,513581,2,3.89423e-06,2,0,0.049725,0.0102986,0.00278596
23,7,base,513588,0,0,0,0,0,0,0
23,7,corrupted,513588,0,0,0,0,0,0,0
23,7,reorder,513581,0,0,0,0,0,0,0
23,8,base,513588,0,0,0,0,0,0,0
23,8,corrupted,513588,0,0,0,0,0,0,0
23,8,reorder,513581,0,0,0,0,0,0,0
23,9,base,513588,0,0,0,0,0,0,0
23,9,corrupted,513588,0,0,0,0,0,0,0
23,9,reorder,513581,0,0,0,0,0,0,0
23,10,base,513588,58,0.000112931,58,0.033573,0.00478438,0.00474264,0.00835366
23,10,corrupted,513588,59,0.000114878,59,0.033486,0.00464899,0.00389122,0.0166688
23,10,reorder,513581,64,0.000124615,64,0.0268156,0.0057071,0.00532736,0.0132881
23,11,base,513588,0,0,0,0,0,0,0
23,11,corrupted,513588,0,0,0,0,0,0,0
23,11,reorder,513581,0,0,0,0,0,0,0
23,12,base,513588,94,0.000183026,94,0.00446435,0.0391116,0.0203632,0.0307166
23,12,corrupted,513588,95,0.000184973,95,0.00441746,0.0387455,0.0203666,0.0466368
23,12,reorder,513581,107,0.000208341,107,0.00525007,0.0354124,0.0185554,0.0213373
23,13,base,513588,0,0,0,0,0,0,0
23,13,corrupted,513588,0,0,0,0,0,0,0
23,13,reorder,513581,0,0,0,0,0,0,0
23,14,base,513588,0,0,0,0,0,0,0
23,14,corrupted,513588,0,0,0,0,0,0,0
23,14,reorder,513581,0,0,0,0,0,0,0
23,15,base,513588,116,0.000225862,116,0.0125528,0.05619,0.011025,0.0242747
23,15,corrupted,513588,117,0.000227809,117,0.0124459,0.0555604,0.0107715,0.0222003
23,15,reorder,513581,182,0.000354374,182,0.010376,0.0442009,0.0104665,0.0207975
23,16,base,513588,0,0,0,0,0,0,0
23,16,corrupted,513588,0,0,0,0,0,0,0
23,16,reorder,513581,0,0,0,0,0,0,0
23,17,base,513588,0,0,0,0,0,0,0
23,17,corrupted,513588,0,0,0,0,0,0,0
23,17,reorder,513581,0,0,0,0,0,0,0
23,18,base,513588,0,0,0,0,0,0,0
23,18,corrupted,513588,0,0,0,0,0,0,0
23,18,reorder,513581,0,0,0,0,0,0,0
23,19,base,513588,129,0.000251174,129,0.0597937,0.0930222,0.01236,0.0447593
23,19,corrupted,513588,130,0.000253121,130,0.0594964,0.09245,0.0123295,0.0356528
23,19,reorder,513581,131,0.000255072,131,0.0589518,0.0920255,0.0122799,0.038975
23,20,base,513588,0,0,0,0,0,0,0
23,20,corrupted,513588,0,0,0,0,0,0,0
23,20,reorder,513581,0,0,0,0,0,0,0
23,21,base,513588,21,4.08888e-05,21,0.02237,0.0128427,0.0184195,0.0268258
23,21,corrupted,513588,20,3.89417e-05,20,0.0234885,0.0108749,0.0168634,0.0226047
23,21,reorder,513581,24,4.67307e-05,24,0.0209746,0.00906241,0.0140542,0.0280592
23,22,base,513588,0,0,0,0,0,0,0
23,22,corrupted,513588,0,0,0,0,0,0,0
23,22,reorder,513581,0,0,0,0,0,0,0
23,23,base,513588,0,0,0,0,0,0,0
23,23,corrupted,513588,0,0,0,0,0,0,0
23,23,reorder,513581,0,0,0,0,0,0,0
23,24,base,513588,0,0,0,0,0,0,0
23,24,corrupted,513588,0,0,0,0,0,0,0
23,24,reorder,513581,0,0,0,0,0,0,0
23,25,base,513588,0,0,0,0,0,0,0
23,25,corrupted,513588,0,0,0,0,0,0,0
23,25,reorder,513581,0,0,0,0,0,0,0
23,26,base,513588,0,0,0,0,0,0,0
23,26,corrupted,513588,0,0,0,0,0,0,0
23,26,reorder,513581,0,0,0,0,0,0,0
23,27,base,513588,0,0,0,0,0,0,0
23,27,corrupted,513588,0,0,0,0,0,0,0
23,27,reorder,513581,0,0,0,0,0,0,0
23,28,base,513588,0,0,0,0,0,0,0
23,28,corrupted,513588,0,0,0,0,0,0,0
23,28,reorder,513581,0,0,0,0,0,0,0
23,29,base,513588,0,0,0,0,0,0,0
23,29,corrupted,513588,0,0,0,0,0,0,0
23,29,reorder,513581,0,0,0,0,0,0,0
23,30,base,513588,0,0,0,0,0,0,0
23,30,corrupted,513588,0,0,0,0,0,0,0
23,30,reorder,513581,0,0,0,0,0,0,0
23,31,base,513588,0,0,0,0,0,0,0
23,31,corrupted,513588,0,0,0,0,0,0,0
23,31,reorder,513581,0,0,0,0,0,0,0
24,0,base,513588,0,0,0,0,0,0,0
24,0,corrupted,513588,0,0,0,0,0,0,0
24,0,reorder,513581,0,0,0,0,0,0,0
24,1,base,513588,0,0,0,0,0,0,0
24,1,corrupted,513588,0,0,0,0,0,0,0
24,1,reorder,513581,0,0,0,0,0,0,0
24,2,base,513588,0,0,0,0,0,0,0
24,2,corrupted,513588,0,0,0,0,0,0,0
24,2,reorder,513581,1,1.94711e-06,1,0.0122468,0,0.0313916,0.00295715
24,3,base,513588,0,0,0,0,0,0,0
24,3,corrupted,513588,0,0,0,0,0,0,0
24,3,reorder,513581,0,0,0,0,0,0,0
24,4,base,513588,0,0,0,0,0,0,0
24,4,corrupted,513588,0,0,0,0,0,0,0
24,4,reorder,513581,0,0,0,0,0,0,0
24,5,base,513588,0,0,0,0,0,0,0
24,5,corrupted,513588,0,0,0,0,0,0,0
24,5,reorder,513581,0,0,0,0,0,0,0
24,6,base,513588,0,0,0,0,0,0,0
24,6,corrupted,513588,0,0,0,0,0,0,0
24,6,reorder,513581,0,0,0,0,0,0,0
24,7,base,513588,0,0,0,0,0,0,0
24,7,corrupted,513588,0,0,0,0,0,0,0
24,7,reorder,513581,0,0,0,0,0,0,0
24,8,base,513588,0,0,0,0,0,0,0
24,8,corrupted,513588,0,0,0,0,0,0,0
24,8,reorder,513581,0,0,0,0,0,0,0
24,9,base,513588,0,0,0,0,0,0,0
24,9,corrupted,513588,0,0,0,0,0,0,0
24,9,reorder,513581,0,0,0,0,0,0,0
24,10,base,513588,48,9.34601e-05,48,0.000791753,0.038949,0.00149963,0.0775371
24,10,corrupted,513588,50,9.73543e-05,50,0.000755361,0.037909,0.00143632,0.0189015
24,10,reorder,513581,49,9.54085e-05,49,0.000537199,0.0389083,0.00183367,0.0170595
24,11,base,513588,0,0,0,0,0,0,0
24,11,corrupted,513588,0,0,0,0,0,0,0
24,11,reorder,513581,0,0,0,0,0,0,0
24,12,base,513588,0,0,0,0,0,0,0
24,12,corrupted,513588,0,0,0,0,0,0,0
24,12,reorder,513581,0,0,0,0,0,0,0
24,13,base,513588,0,0,0,0,0,0,0
24,13,corrupted,513588,0,0,0,0,0,0,0
24,13,reorder,513581,0,0,0,0,0,0,0
24,14,base,513588,0,0,0,0,0,0,0
24,14,corrupted,513588,0,0,0,0,0,0,0
24,14,reorder,513581,0,0,0,0,0,0,0
24,15,base,513588,0,0,0,0,0,0,0
24,15,corrupted,513588,0,0,0,0,0,0,0
24,15,reorder,513581,0,0,0,0,0,0,0
24,16,base,513588,32,6.23068e-05,32,0.00379541,0.00259618,0.00714403,0.0148521
24,16,corrupted,513588,33,6.42538e-05,33,0.00644514,0.00256943,0.0087565,0.0206332
24,16,reorder,513581,37,7.20432e-05,37,0.00353529,0.00264478,0.00921742,0.0134412
24,17,base,513588,364,0.000708739,364,0.0102738,0.04144,0.00815279,0.0308144
24,17,corrupted,513588,361,0.000702898,361,0.010093,0.041253,0.00803985,0.0258014
24,17,reorder,513581,446,0.000868412,446,0.0105751,0.0347366,0.0072169,0.0197055
24,18,base,513588,0,0,0,0,0,0,0
24,18,corrupted,513588,0,0,0,0,0,0,0
24,18,reorder,513581,0,0,0,0,0,0,0
24,19,base,513588,4,7.78834e-06,4,0,0.00563158,0.0187742,0.00281579
24,19,corrupted,513588,4,7.78834e-06,4,0,0.00563158,0.0187742,0.0559925
24,19,reorder,513581,5,9.73556e-06,5,0,0.00450527,0.0202211,0.0250524
24,20,base,513588,0,0,0,0,0,0,0
24,20,corrupted,513588,0,0,0,0,0,0,0
24,20,reorder,513581,0,0,0,0,0,0,0
24,21,base,513588,0,0,0,0,0,0,0
24,21,corrupted,513588,0,0,0,0,0,0,0
24,21,reorder,513581,0,0,0,0,0,0,0
24,22,base,513588,2,3.89417e-06,2,0.0368298,0.0407925,0.0188978,0.0366075
24,22,corrupted,513588,5,9.73543e-06,5,0.0277454,0.018251,0.0300593,0.00742168
24,22,reorder,513581,8,1.55769e-05,8,0.031453,0.0306351,0.0243658,0.013063
24,23,base,513588,310,0.000603597,310,0.00666926,0.0150157,0.0161434,0.0295872
24,23,corrupted,513588,307,0.000597755,307,0.00630783,0.014935,0.0161268,0.0218506
24,23,reorder,513581,369,0.000718485,369,0.00574732,0.0144209,0.0155089,0.0265969
24,24,base,513588,1,1.94709e-06,1,0.000813258,0.0213914,0,0
24,24,corrupted,513588,2,3.89417e-06,2,0.0229375,0.0135968,0.0187137,0.00339974
24,24,reorder,513581,10,1.94711e-05,10,0.00606111,0.0034302,0.0107572,0.0116344
24,25,base,513588,0,0,0,0,0,0,0
24,25,corrupted,513588,0,0,0,0,0,0,0
24,25,reorder,513581,0,0,0,0,0,0,0
24,26,base,513588,0,0,0,0,0,0,0
24,26,corrupted,513588,0,0,0,0,0,0,0
24,26,reorder,513581,0,0,0,0,0,0,0
24,27,base,513588,193,0.000375788,193,0.0676995,0.0283288,0.0244571,0.0354616
24,27,corrupted,513588,197,0.000383576,197,0.066932,0.0279197,0.024037,0.0296596
24,27,reorder,513581,194,0.00037774,194,0.0680859,0.0281868,0.0242245,0.036106
24,28,base,513588,0,0,0,0,0,0,0
24,28,corrupted,513588,0,0,0,0,0,0,0
24,28,reorder,513581,0,0,0,0,0,0,0
24,29,base,513588,0,0,0,0,0,0,0
24,29,corrupted,513588,0,0,0,0,0,0,0
24,29,reorder,513581,0,0,0,0,0,0,0
24,30,base,513588,0,0,0,0,0,0,0
24,30,corrupted,513588,0,0,0,0,0,0,0
24,30,reorder,513581,0,0,0,0,0,0,0
24,31,base,513588,0,0,0,0,0,0,0
24,31,corrupted,513588,0,0,0,0,0,0,0
24,31,reorder,513581,0,0,0,0,0,0,0
25,0,base,513588,119,0.000231703,119,0.0192462,0.0363456,0.00567859,0.0290531
25,0,corrupted,513588,120,0.00023365,120,0.0190858,0.0364318,0.00562389,0.0339041
25,0,reorder,513581,153,0.000297908,153,0.017085,0.0324629,0.00601062,0.0241278
25,1,base,513588,0,0,0,0,0,0,0
25,1,corrupted,513588,0,0,0,0,0,0,0
25,1,reorder,513581,0,0,0,0,0,0,0
25,2,base,513588,0,0,0,0,0,0,0
25,2,corrupted,513588,0,0,0,0,0,0,0
25,2,reorder,513581,0,0,0,0,0,0,0
25,3,base,513588,0,0,0,0,0,0,0
25,3,corrupted,513588,0,0,0,0,0,0,0
25,3,reorder,513581,0,0,0,0,0,0,0
25,4,base,513588,0,0,0,0,0,0,0
25,4,corrupted,513588,0,0,0,0,0,0,0
25,4,reorder,513581,0,0,0,0,0,0,0
25,5,base,513588,0,0,0,0,0,0,0
25,5,corrupted,513588,0,0,0,0,0,0,0
25,5,reorder,513581,0,0,0,0,0,0,0
25,6,base,513588,0,0,0,0,0,0,0
25,6,corrupted,513588,0,0,0,0,0,0,0
25,6,reorder,513581,0,0,0,0,0,0,0
25,7,base,513588,0,0,0,0,0,0,0
25,7,corrupted,513588,0,0,0,0,0,0,0
25,7,reorder,513581,0,0,0,0,0,0,0
25,8,base,513588,0,0,0,0,0,0,0
25,8,corrupted,513588,0,0,0,0,0,0,0
25,8,reorder,513581,0,0,0,0,0,0,0
25,9,base,513588,0,0,0,0,0,0,0
25,9,corrupted,513588,0,0,0,0,0,0,0
25,9,reorder,513581,0,0,0,0,0,0,0
25,10,base,513588,25,4.86771e-05,25,0.0653577,0.0598039,0.0260709,0.0235266
25,10,corrupted,513588,30,5.84126e-05,30,0.0632344,0.0474094,0.0219306,0.032785
25,10,reorder,513581,80,0.000155769,80,0.0288422,0.0209646,0.0231228,0.0134109
25,11,base,513588,0,0,0,0,0,0,0
25,11,corrupted,513588,0,0,0,0,0,0,0
25,11,reorder,513581,0,0,0,0,0,0,0
25,12,base,513588,195,0.000379682,195,0.016352,0.0201751,0.0293609,0.0179217
25,12,corrupted,513588,196,0.000381629,196,0.016165,0.0199358,0.0292054,0.0235859
25,12,reorder,513581,208,0.000404999,208,0.0164715,0.0191382,0.0289473,0.0205711
25,13,base,513588,6,1.16825e-05,6,0,0,0,0.0909533
25,13,corrupted,513588,6,1.16825e-05,6,0,0,0,0.128582
25,13,reorder,513581,6,1.16827e-05,6,0,0,0,0.174357
25,14,base,513588,2,3.89417e-06,2,0,0.0937803,0,0.0454336
25,14,corrupted,513588,2,3.89417e-06,2,0,0.0937803,0,0.00844999
25,14,reorder,513581,18,3.5048e-05,18,0.00808087,0.022337,0.00609637,0.013286
25,15,base,513588,0,0,0,0,0,0,0
25,15,corrupted,513588,0,0,0,0,0,0,0
25,15,reorder,513581,0,0,0,0,0,0,0
25,16,base,513588,0,0,0,0,0,0,0
25,16,corrupted,513588,0,0,0,0,0,0,0
25,16,reorder,513581,0,0,0,0,0,0,0
25,17,base,513588,71,0.000138243,71,0.0121777,0.0120421,0.012084,0.00862205
25,17,corrupted,513588,61,0.000118772,61,0.0105409,0.0099832,0.013237,0.0140487
25,17,reorder,513581,88,0.000171346,88,0.0118445,0.0117397,0.0122256,0.0116839
25,18,base,513588,91,0.000177185,91,0.0291651,0.0607287,0.0539371,0.0179858
25,18,corrupted,513588,98,0.000190814,98,0.0276833,0.0576026,0.0523218,0.0295083
25,18,reorder,513581,130,0.000253125,130,0.0227192,0.0476265,0.0395218,0.0184465
25,19,base,513588,0,0,0,0,0,0,0
25,19,corrupted,513588,0,0,0,0,0,0,0
25,19,reorder,513581,0,0,0,0,0,0,0
25,20,base,513588,26,5.06242e-05,26,0,0,0,0.0825496
25,20,corrupted,513588,26,5.06242e-05,26,0,0,0,0.124214
25,20,reorder,513581,26,5.06249e-05,26,0,0,0,0.0563424
25,21,base,513588,0,0,0,0,0,0,0
25,21,corrupted,513588,0,0,0,0,0,0,0
25,21,reorder,513581,0,0,0,0,0,0,0
25,22,base,513588,0,0,0,0,0,0,0
25,22,corrupted,513588,0,0,0,0,0,0,0
25,22,reorder,513581,0,0,0,0,0,0,0
25,23,base,513588,0,0,0,0,0,0,0
25,23,corrupted,513588,0,0,0,0,0,0,0
25,23,reorder,513581,0,0,0,0,0,0,0
25,24,base,513588,0,0,0,0,0,0,0
25,24,corrupted,513588,0,0,0,0,0,0,0
25,24,reorder,513581,0,0,0,0,0,0,0
25,25,base,513588,0,0,0,0,0,0,0
25,25,corrupted,513588,0,0,0,0,0,0,0
25,25,reorder,513581,0,0,0,0,0,0,0
25,26,base,513588,0,0,0,0,0,0,0
25,26,corrupted,513588,0,0,0,0,0,0,0
25,26,reorder,513581,0,0,0,0,0,0,0
25,27,base,513588,0,0,0,0,0,0,0
25,27,corrupted,513588,0,0,0,0,0,0,0
25,27,reorder,513581,0,0,0,0,0,0,0
25,28,base,513588,0,0,0,0,0,0,0
25,28,corrupted,513588,0,0,0,0,0,0,0
25,28,reorder,513581,0,0,0,0,0,0,0
25,29,base,513588,0,0,0,0,0,0,0
25,29,corrupted,513588,0,0,0,0,0,0,0
25,29,reorder,513581,0,0,0,0,0,0,0
25,30,base,513588,0,0,0,0,0,0,0
25,30,corrupted,513588,0,0,0,0,0,0,0
25,30,reorder,513581,0,0,0,0,0,0,0
25,31,base,513588,9,1.75238e-05,9,0.0184685,0.00346123,0.0185423,0.00572555
25,31,corrupted,513588,17,3.31005e-05,17,0.0185788,0.0017849,0.013024,0.0139764
25,31,reorder,513581,20,3.89423e-05,20,0.0145339,0.013874,0.0119147,0.0101831
26,0,base,513588,0,0,0,0,0,0,0
26,0,corrupted,513588,0,0,0,0,0,0,0
26,0,reorder,513581,0,0,0,0,0,0,0
26,1,base,513588,0,0,0,0,0,0,0
26,1,corrupted,513588,0,0,0,0,0,0,0
26,1,reorder,513581,0,0,0,0,0,0,0
26,2,base,513588,0,0,0,0,0,0,0
26,2,corrupted,513588,0,0,0,0,0,0,0
26,2,reorder,513581,0,0,0,0,0,0,0
26,3,base,513588,0,0,0,0,0,0,0
26,3,corrupted,513588,0,0,0,0,0,0,0
26,3,reorder,513581,0,0,0,0,0,0,0
26,4,base,513588,78,0.000151873,78,0.00246457,0.0189726,0.0164126,0.0298146
26,4,corrupted,513588,78,0.000151873,78,0.00261632,0.0189362,0.0164686,0.0207492
26,4,reorder,513581,107,0.000208341,107,0.00486938,0.0181307,0.015941,0.0210565
26,5,base,513588,0,0,0,0,0,0,0
26,5,corrupted,513588,0,0,0,0,0,0,0
26,5,reorder,513581,0,0,0,0,0,0,0
26,6,base,513588,0,0,0,0,0,0,0
26,6,corrupted,513588,0,0,0,0,0,0,0
26,6,reorder,513581,0,0,0,0,0,0,0
26,7,base,513588,313,0.000609438,313,0.0287924,0.0240609,0.0158084,0.0200203
26,7,corrupted,513588,321,0.000625015,321,0.0286067,0.0236501,0.0160659,0.0195027
26,7,reorder,513581,363,0.000706802,363,0.0260061,0.022112,0.0144143,0.0299291
26,8,base,513588,0,0,0,0,0,0,0
26,8,corrupted,513588,0,0,0,0,0,0,0
26,8,reorder,513581,0,0,0,0,0,0,0
26,9,base,513588,0,0,0,0,0,0,0
26,9,corrupted,513588,0,0,0,0,0,0,0
26,9,reorder,513581,1,1.94711e-06,1,0.0258549,0.0447661,0.0327736,0.00253638
26,10,base,513588,0,0,0,0,0,0,0
26,10,corrupted,513588,0,0,0,0,0,0,0
26,10,reorder,513581,0,0,0,0,0,0,0
26,11,base,513588,0,0,0,0,0,0,0
26,11,corrupted,513588,0,0,0,0,0,0,0
26,11,reorder,513581,0,0,0,0,0,0,0
26,12,base,513588,3,5.84126e-06,3,0.00887364,0,0.00708612,0.0261423
26,12,corrupted,513588,3,5.84126e-06,3,0.00957169,0,0.00782632,0.0151693
26,12,reorder,513581,9,1.7524e-05,9,0.00619588,0.000392881,0.00480509,0.00337139
26,13,base,513588,708,0.00137854,708,0.0103682,0.020756,0.0213352,0.0246502
26,13,corrupted,513588,704,0.00137075,704,0.010437,0.0207964,0.0214516,0.0232328
26,13,reorder,513581,800,0.00155769,800,0.0104331,0.0199385,0.0202512,0.0225488
26,14,base,513588,0,0,0,0,0,0,0
26,14,corrupted,513588,0,0,0,0,0,0,0
26,14,reorder,513581,0,0,0,0,0,0,0
26,15,base,513588,0,0,0,0,0,0,0
26,15,corrupted,513588,0,0,0,0,0,0,0
26,15,reorder,513581,0,0,0,0,0,0,0
26,16,base,513588,0,0,0,0,0,0,0
26,16,corrupted,513588,0,0,0,0,0,0,0
26,16,reorder,513581,0,0,0,0,0,0,0
26,17,base,513588,0,0,0,0,0,0,0
26,17,corrupted,513588,0,0,0,0,0,0,0
26,17,reorder,513581,1,1.94711e-06,1,0,0.0425063,0.0117776,0.00998016
26,18,base,513588,0,0,0,0,0,0,0
26,18,corrupted,513588,0,0,0,0,0,0,0
26,18,reorder,513581,0,0,0,0,0,0,0
26,19,base,513588,6,1.16825e-05,6,0.00102255,0.117748,0.00698106,0.0658817
26,19,corrupted,513588,6,1.16825e-05,6,0.00102255,0.117748,0.00698106,0.0159369
26,19,reorder,513581,6,1.16827e-05,6,0.00102255,0.117748,0.00698106,0.00966658
26,20,base,513588,0,0,0,0,0,0,0
26,20,corrupted,513588,0,0,0,0,0,0,0
26,20,reorder,513581,0,0,0,0,0,0,0
26,21,base,513588,10,1.94709e-05,10,0.00111073,0.0429492,0.0206824,0.00871055
26,21,corrupted,513588,11,2.14179e-05,11,0.00100975,0.0418264,0.0195911,0.0125068
26,21,reorder,513581,15,2.92067e-05,15,0.00298889,0.0302283,0.0231337,0.0115081
26,22,base,513588,0,0,0,0,0,0,0
26,22,corrupted,513588,0,0,0,0,0,0,0
26,22,reorder,513581,0,0,0,0,0,0,0
26,23,base,513588,213,0.000414729,213,0.0126479,0.0123974,0.0245678,0.0176243
26,23,corrupted,513588,222,0.000432253,222,0.0126779,0.0120429,0.0238239,0.0199386
26,23,reorder,513581,263,0.000512091,263,0.0134238,0.0133818,0.0214606,0.0205732
26,24,base,513588,0,0,0,0,0,0,0
26,24,corrupted,513588,0,0,0,0,0,0,0
26,24,reorder,513581,0,0,0,0,0,0,0
26,25,base,513588,2,3.89417e-06,2,0.0122308,0,0.000122034,0
26,25,corrupted,513588,2,3.89417e-06,2,0.0122308,0,0.000122034,0.00780259
26,25,reorder,513581,2,3.89423e-06,2,0.0122308,0,0.000122034,0.0110034
26,26,base,513588,0,0,0,0,0,0,0
26,26,corrupted,513588,0,0,0,0,0,0,0
26,26,reorder,513581,0,0,0,0,0,0,0
26,27,base,513588,0,0,0,0,0,0,0
26,27,corrupted,513588,0,0,0,0,0,0,0
26,27,reorder,513581,0,0,0,0,0,0,0
26,28,base,513588,0,0,0,0,0,0,0
26,28,corrupted,513588,0,0,0,0,0,0,0
26,28,reorder,513581,0,0,0,0,0,0,0
26,29,base,513588,0,0,0,0,0,0,0
26,29,corrupted,513588,0,0,0,0,0,0,0
26,29,reorder,513581,0,0,0,0,0,0,0
26,30,base,513588,0,0,0,0,0,0,0
26,30,corrupted,513588,0,0,0,0,0,0,0
26,30,reorder,513581,0,0,0,0,0,0,0
26,31,base,513588,301,0.000586073,301,0.010212,0.0376092,0.00722455,0.0174636
26,31,corrupted,513588,301,0.000586073,301,0.0100662,0.0376053,0.0070826,0.0243187
26,31,reorder,513581,334,0.000650336,334,0.0120508,0.0351878,0.00681388,0.0196262
27,0,base,513588,0,0,0,0,0,0,0
27,0,corrupted,513588,0,0,0,0,0,0,0
27,0,reorder,513581,0,0,0,0,0,0,0
27,1,base,513588,0,0,0,0,0,0,0
27,1,corrupted,513588,0,0,0,0,0,0,0
27,1,reorder,513581,0,0,0,0,0,0,0
27,2,base,513588,0,0,0,0,0,0,0
27,2,corrupted,513588,0,0,0,0,0,0,0
27,2,reorder,513581,0,0,0,0,0,0,0
27,3,base,513588,0,0,0,0,0,0,0
27,3,corrupted,513588,0,0,0,0,0,0,0
27,3,reorder,513581,0,0,0,0,0,0,0
27,4,base,513588,0,0,0,0,0,0,0
27,4,corrupted,513588,0,0,0,0,0,0,0
27,4,reorder,513581,0,0,0,0,0,0,0
27,5,base,513588,0,0,0,0,0,0,0
27,5,corrupted,513588,0,0,0,0,0,0,0
27,5,reorder,513581,0,0,0,0,0,0,0
27,6,base,513588,28,5.45184e-05,28,0,0.0659103,0.0486583,0.0404396
27,6,corrupted,513588,28,5.45184e-05,28,0,0.0659103,0.0486583,0.0247671
27,6,reorder,513581,29,5.64663e-05,29,0,0.0643616,0.0469805,0.0175968
27,7,base,513588,0,0,0,0,0,0,0
27,7,corrupted,513588,0,0,0,0,0,0,0
27,7,reorder,513581,0,0,0,0,0,0,0
27,8,base,513588,0,0,0,0,0,0,0
27,8,corrupted,513588,0,0,0,0,0,0,0
27,8,reorder,513581,0,0,0,0,0,0,0
27,9,base,513588,7,1.36296e-05,7,0,0,0,0.045495
27,9,corrupted,513588,8,1.55767e-05,8,0,0.0026818,0,0.0194415
27,9,reorder,513581,10,1.94711e-05,10,0.0191172,0.00188062,0.0031524,0.0079055
27,10,base,513588,0,0,0,0,0,0,0
27,10,corrupted,513588,0,0,0,0,0,0,0
27,10,reorder,513581,0,0,0,0,0,0,0
27,11,base,513588,0,0,0,0,0,0,0
27,11,corrupted,513588,0,0,0,0,0,0,0
27,11,reorder,513581,0,0,0,0,0,0,0
27,12,base,513588,0,0,0,0,0,0,0
27,12,corrupted,513588,0,0,0,0,0,0,0
27,12,reorder,513581,0,0,0,0,0,0,0
27,13,base,513588,0,0,0,0,0,0,0
27,13,corrupted,513588,0,0,0,0,0,0,0
27,13,reorder,513581,0,0,0,0,0,0,0
27,14,base,513588,0,0,0,0,0,0,0
27,14,corrupted,513588,0,0,0,0,0,0,0
27,14,reorder,513581,0,0,0,0,0,0,0
27,15,base,513588,0,0,0,0,0,0,0
27,15,corrupted,513588,0,0,0,0,0,0,0
27,15,reorder,513581,0,0,0,0,0,0,0
27,16,base,513588,0,0,0,0,0,0,0
27,16,corrupted,513588,0,0,0,0,0,0,0
27,16,reorder,513581,0,0,0,0,0,0,0
27,17,base,513588,0,0,0,0,0,0,0
27,17,corrupted,513588,0,0,0,0,0,0,0
27,17,reorder,513581,0,0,0,0,0,0,0
27,18,base,513588,0,0,0,0,0,0,0
27,18,corrupted,513588,0,0,0,0,0,0,0
27,18,reorder,513581,0,0,0,0,0,0,0
27,19,base,513588,0,0,0,0,0,0,0
27,19,corrupted,513588,0,0,0,0,0,0,0
27,19,reorder,513581,0,0,0,0,0,0,0
27,20,base,513588,0,0,0,0,0,0,0
27,20,corrupted,513588,0,0,0,0,0,0,0
27,20,reorder,513581,0,0,0,0,0,0,0
27,21,base,513588,20,3.89417e-05,20,0.106466,0.172253,0,0.0759534
27,21,corrupted,513588,20,3.89417e-05,20,0.106466,0.172253,0,0.0552414
27,21,reorder,513581,20,3.89423e-05,20,0.106466,0.172253,0,0.0714947
27,22,base,513588,0,0,0,0,0,0,0
27,22,corrupted,513588,0,0,0,0,0,0,0
27,22,reorder,513581,0,0,0,0,0,0,0
27,23,base,513588,390,0.000759364,390,0.0105218,0.0349055,0.018155,0.0147417
27,23,corrupted,513588,390,0.000759364,390,0.0105218,0.0349055,0.018155,0.0143527
27,23,reorder,513581,389,0.000757427,389,0.0125978,0.0358437,0.018092,0.0140781
27,24,base,513588,0,0,0,0,0,0,0
27,24,corrupted,513588,0,0,0,0,0,0,0
27,24,reorder,513581,0,0,0,0,0,0,0
27,25,base,513588,0,0,0,0,0,0,0
27,25,corrupted,513588,0,0,0,0,0,0,0
27,25,reorder,513581,0,0,0,0,0,0,0
27,26,base,513588,77,0.000149926,77,0.0108217,0.0480959,0.0111631,0.0143836
27,26,corrupted,513588,77,0.000149926,77,0.00976899,0.0483007,0.0121395,0.0168522
27,26,reorder,513581,59,0.00011488,59,0.0095061,0.0534539,0.0118844,0.0240095
27,27,base,513588,0,0,0,0,0,0,0
27,27,corrupted,513588,0,0,0,0,0,0,0
27,27,reorder,513581,0,0,0,0,0,0,0
27,28,base,513588,0,0,0,0,0,0,0
27,28,corrupted,513588,0,0,0,0,0,0,0
27,28,reorder,513581,0,0,0,0,0,0,0
27,29,base,513588,5,9.73543e-06,5,0.00743972,0.0272418,0.00866781,0.00436473
27,29,corrupted,513588,7,1.36296e-05,7,0.00859156,0.0243272,0.0104658,0.0290176
27,29,reorder,513581,22,4.28365e-05,22,0.00983567,0.018574,0.0118605,0.0134562
27,30,base,513588,0,0,0,0,0,0,0
27,30,corrupted,513588,0,0,0,0,0,0,0
27,30,reorder,513581,0,0,0,0,0,0,0
27,31,base,513588,575,0.00111957,575,0.0331018,0.0170105,0.0368454,0.0289779
27,31,corrupted,513588,575,0.00111957,575,0.0332588,0.0170914,0.0367531,0.0304745
27,31,reorder,513581,551,0.00107286,551,0.0334262,0.017756,0.0376357,0.0315517
28,0,base,513588,0,0,0,0,0,0,0
28,0,corrupted,513588,0,0,0,0,0,0,0
28,0,reorder,513581,0,0,0,0,0,0,0
28,1,base,513588,0,0,0,0,0,0,0
28,1,corrupted,513588,0,0,0,0,0,0,0
28,1,reorder,513581,0,0,0,0,0,0,0
28,2,base,513588,0,0,0,0,0,0,0
28,2,corrupted,513588,0,0,0,0,0,0,0
28,2,reorder,513581,0,0,0,0,0,0,0
28,3,base,513588,0,0,0,0,0,0,0
28,3,corrupted,513588,0,0,0,0,0,0,0
28,3,reorder,513581,0,0,0,0,0,0,0
28,4,base,513588,0,0,0,0,0,0,0
28,4,corrupted,513588,0,0,0,0,0,0,0
28,4,reorder,513581,0,0,0,0,0,0,0
28,5,base,513588,0,0,0,0,0,0,0
28,5,corrupted,513588,0,0,0,0,0,0,0
28,5,reorder,513581,0,0,0,0,0,0,0
28,6,base,513588,0,0,0,0,0,0,0
28,6,corrupted,513588,0,0,0,0,0,0,0
28,6,reorder,513581,0,0,0,0,0,0,0
28,7,base,513588,0,0,0,0,0,0,0
28,7,corrupted,513588,0,0,0,0,0,0,0
28,7,reorder,513581,0,0,0,0,0,0,0
28,8,base,513588,0,0,0,0,0,0,0
28,8,corrupted,513588,0,0,0,0,0,0,0
28,8,reorder,513581,0,0,0,0,0,0,0
28,9,base,513588,0,0,0,0,0,0,0
28,9,corrupted,513588,0,0,0,0,0,0,0
28,9,reorder,513581,0,0,0,0,0,0,0
28,10,base,513588,0,0,0,0,0,0,0
28,10,corrupted,513588,0,0,0,0,0,0,0
28,10,reorder,513581,0,0,0,0,0,0,0
28,11,base,513588,53,0.000103196,53,0.00224029,0.029843,0.0713637,0.025309
28,11,corrupted,513588,53,0.000103196,53,0.0020528,0.0266636,0.0709409,0.0367996
28,11,reorder,513581,116,0.000225865,116,0.00291001,0.0212133,0.0359914,0.0312402
28,12,base,513588,0,0,0,0,0,0,0
28,12,corrupted,513588,0,0,0,0,0,0,0
28,12,reorder,513581,0,0,0,0,0,0,0
28,13,base,513588,42,8.17776e-05,42,0.00914867,0.00413892,0.00976089,0.0299572
28,13,corrupted,513588,42,8.17776e-05,42,0.00899778,0.00330799,0.00940916,0.0126402
28,13,reorder,513581,48,9.34614e-05,48,0.0101291,0.00421366,0.0106962,0.0161764
28,14,base,513588,0,0,0,0,0,0,0
28,14,corrupted,513588,0,0,0,0,0,0,0
28,14,reorder,513581,0,0,0,0,0,0,0
28,15,base,513588,126,0.000245333,126,0.0341361,0.00712689,0.0263213,0.0203367
28,15,corrupted,513588,124,0.000241439,124,0.0341503,0.00711778,0.0265613,0.0185239
28,15,reorder,513581,123,0.000239495,123,0.0342014,0.00709449,0.0262226,0.0238492
28,16,base,513588,0,0,0,0,0,0,0
28,16,corrupted,513588,0,0,0,0,0,0,0
28,16,reorder,513581,0,0,0,0,0,0,0
28,17,base,513588,0,0,0,0,0,0,0
28,17,corrupted,513588,0,0,0,0,0,0,0
28,17,reorder,513581,0,0,0,0,0,0,0
28,18,base,513588,4,7.78834e-06,4,0.020601,0.00563592,0.024004,0.0208008
28,18,corrupted,513588,4,7.78834e-06,4,0.020601,0.00563592,0.024004,0.02642
28,18,reorder,513581,6,1.16827e-05,6,0.013734,0.00726324,0.0160027,0.000979447
28,19,base,513588,20,3.89417e-05,20,0.0608093,0.305236,0.0761163,0.0526965
28,19,corrupted,513588,20,3.89417e-05,20,0.0608093,0.305236,0.0761163,0.0559771
28,19,reorder,513581,20,3.89423e-05,20,0.0608093,0.305236,0.0761163,0.0702032
28,20,base,513588,0,0,0,0,0,0,0
28,20,corrupted,513588,1,1.94709e-06,1,0,0,0,0
28,20,reorder,513581,0,0,0,0,0,0,0
28,21,base,513588,8,1.55767e-05,8,0.139571,0.0240188,0.103853,0.0287635
28,21,corrupted,513588,8,1.55767e-05,8,0.139571,0.0240188,0.103853,0.0138717
28,21,reorder,513581,8,1.55769e-05,8,0.139571,0.0240188,0.103853,0.0530148
28,22,base,513588,0,0,0,0,0,0,0
28,22,corrupted,513588,0,0,0,0,0,0,0
28,22,reorder,513581,0,0,0,0,0,0,0
28,23,base,513588,76,0.000147979,76,0.00541504,0.019093,0.0112712,0.0224369
28,23,corrupted,513588,79,0.00015382,79,0.00601082,0.0184905,0.0109999,0.0171181
28,23,reorder,513581,78,0.000151875,78,0.00518004,0.0183139,0.010943,0.0210532
28,24,base,513588,52,0.000101248,52,0.0668695,0.210678,0.00100381,0.0768353
28,24,corrupted,513588,52,0.000101248,52,0.0668811,0.210678,0.00100381,0.123967
28,24,reorder,513581,53,0.000103197,53,0.0647043,0.207983,0.00134467,0.0560493
28,25,base,513588,0,0,0,0,0,0,0
28,25,corrupted,513588,0,0,0,0,0,0,0
28,25,reorder,513581,0,0,0,0,0,0,0
28,26,base,513588,0,0,0,0,0,0,0
28,26,corrupted,513588,0,0,0,0,0,0,0
28,26,reorder,513581,2,3.89423e-06,2,0,0.0346609,0,0.00385367
28,27,base,513588,26,5.06242e-05,26,0.00497163,0.00259556,0.0108517,0.0371323
28,27,corrupted,513588,26,5.06242e-05,26,0.00497163,0.00259556,0.0108517,0.0235747
28,27,reorder,513581,28,5.45192e-05,28,0.00461651,0.00241016,0.0100766,0.0247934
28,28,base,513588,302,0.00058802,302,0.0120984,0.0392503,0.00515405,0.0269739
28,28,corrupted,513588,303,0.000589967,303,0.0120386,0.0391397,0.00545534,0.0253682
28,28,reorder,513581,308,0.000599711,308,0.0118658,0.0393145,0.00552737,0.0249067
28,29,base,513588,0,0,0,0,0,0,0
28,29,corrupted,513588,0,0,0,0,0,0,0
28,29,reorder,513581,0,0,0,0,0,0,0
28,30,base,513588,0,0,0,0,0,0,0
28,30,corrupted,513588,0,0,0,0,0,0,0
28,30,reorder,513581,0,0,0,0,0,0,0
28,31,base,513588,0,0,0,0,0,0,0
28,31,corrupted,513588,0,0,0,0,0,0,0
28,31,reorder,513581,0,0,0,0,0,0,0
29,0,base,513588,4,7.78834e-06,4,0.0174702,0.00436671,0,0.059117
29,0,corrupted,513588,4,7.78834e-06,4,0.0174702,0.00436671,0,0.0151203
29,0,reorder,513581,4,7.78845e-06,4,0.0174702,0.00436671,0,0.0577202
29,1,base,513588,0,0,0,0,0,0,0
29,1,corrupted,513588,0,0,0,0,0,0,0
29,1,reorder,513581,0,0,0,0,0,0,0
29,2,base,513588,0,0,0,0,0,0,0
29,2,corrupted,513588,0,0,0,0,0,0,0
29,2,reorder,513581,0,0,0,0,0,0,0
29,3,base,513588,0,0,0,0,0,0,0
29,3,corrupted,513588,0,0,0,0,0,0,0
29,3,reorder,513581,0,0,0,0,0,0,0
29,4,base,513588,0,0,0,0,0,0,0
29,4,corrupted,513588,0,0,0,0,0,0,0
29,4,reorder,513581,0,0,0,0,0,0,0
29,5,base,513588,0,0,0,0,0,0,0
29,5,corrupted,513588,0,0,0,0,0,0,0
29,5,reorder,513581,0,0,0,0,0,0,0
29,6,base,513588,0,0,0,0,0,0,0
29,6,corrupted,513588,0,0,0,0,0,0,0
29,6,reorder,513581,0,0,0,0,0,0,0
29,7,base,513588,0,0,0,0,0,0,0
29,7,corrupted,513588,0,0,0,0,0,0,0
29,7,reorder,513581,0,0,0,0,0,0,0
29,8,base,513588,0,0,0,0,0,0,0
29,8,corrupted,513588,0,0,0,0,0,0,0
29,8,reorder,513581,0,0,0,0,0,0,0
29,9,base,513588,0,0,0,0,0,0,0
29,9,corrupted,513588,0,0,0,0,0,0,0
29,9,reorder,513581,0,0,0,0,0,0,0
29,10,base,513588,7,1.36296e-05,7,0,0.0216777,0.0273837,0.00493057
29,10,corrupted,513588,7,1.36296e-05,7,0,0.0216777,0.0274946,0.0098172
29,10,reorder,513581,7,1.36298e-05,7,0,0.0216777,0.0271567,0.0579302
29,11,base,513588,2,3.89417e-06,2,0,0,0.000552785,0.0338101
29,11,corrupted,513588,2,3.89417e-06,2,0,0,0.000356955,0
29,11,reorder,513581,4,7.78845e-06,4,0,0.014296,0.0058316,0.0123958
29,12,base,513588,0,0,0,0,0,0,0
29,12,corrupted,513588,0,0,0,0,0,0,0
29,12,reorder,513581,0,0,0,0,0,0,0
29,13,base,513588,0,0,0,0,0,0,0
29,13,corrupted,513588,0,0,0,0,0,0,0
29,13,reorder,513581,0,0,0,0,0,0,0
29,14,base,513588,19,3.69946e-05,19,0,0.577268,0,0.084702
29,14,corrupted,513588,19,3.69946e-05,19,0,0.577268,0,0.19265
29,14,reorder,513581,18,3.5048e-05,18,0,0.609339,0,0.111111
29,15,base,513588,0,0,0,0,0,0,0
29,15,corrupted,513588,0,0,0,0,0,0,0
29,15,reorder,513581,0,0,0,0,0,0,0
29,16,base,513588,0,0,0,0,0,0,0
29,16,corrupted,513588,0,0,0,0,0,0,0
29,16,reorder,513581,0,0,0,0,0,0,0
29,17,base,513588,93,0.000181079,93,0.0231476,0.0686891,0.00832625,0.0112886
29,17,corrupted,513588,92,0.000179132,92,0.0230916,0.0687677,0.00841675,0.0183385
29,17,reorder,513581,94,0.000183029,94,0.0226178,0.0651679,0.00842418,0.0169182
29,18,base,513588,0,0,0,0,0,0,0
29,18,corrupted,513588,0,0,0,0,0,0,0
29,18,reorder,513581,0,0,0,0,0,0,0
29,19,base,513588,0,0,0,0,0,0,0
29,19,corrupted,513588,0,0,0,0,0,0,0
29,19,reorder,513581,0,0,0,0,0,0,0
29,20,base,513588,0,0,0,0,0,0,0
29,20,corrupted,513588,0,0,0,0,0,0,0
29,20,reorder,513581,0,0,0,0,0,0,0
29,21,base,513588,0,0,0,0,0,0,0
29,21,corrupted,513588,0,0,0,0,0,0,0
29,21,reorder,513581,0,0,0,0,0,0,0
29,22,base,513588,0,0,0,0,0,0,0
29,22,corrupted,513588,0,0,0,0,0,0,0
29,22,reorder,513581,0,0,0,0,0,0,0
29,23,base,513588,0,0,0,0,0,0,0
29,23,corrupted,513588,0,0,0,0,0,0,0
29,23,reorder,513581,0,0,0,0,0,0,0
29,24,base,513588,0,0,0,0,0,0,0
29,24,corrupted,513588,0,0,0,0,0,0,0
29,24,reorder,513581,0,0,0,0,0,0,0
29,25,base,513588,0,0,0,0,0,0,0
29,25,corrupted,513588,0,0,0,0,0,0,0
29,25,reorder,513581,0,0,0,0,0,0,0
29,26,base,513588,0,0,0,0,0,0,0
29,26,corrupted,513588,0,0,0,0,0,0,0
29,26,reorder,513581,0,0,0,0,0,0,0
29,27,base,513588,0,0,0,0,0,0,0
29,27,corrupted,513588,0,0,0,0,0,0,0
29,27,reorder,513581,0,0,0,0,0,0,0
29,28,base,513588,0,0,0,0,0,0,0
29,28,corrupted,513588,0,0,0,0,0,0,0
29,28,reorder,513581,0,0,0,0,0,0,0
29,29,base,513588,0,0,0,0,0,0,0
29,29,corrupted,513588,0,0,0,0,0,0,0
29,29,reorder,513581,2,3.89423e-06,2,0,0.0360421,0,0.00982041
29,30,base,513588,0,0,0,0,0,0,0
29,30,corrupted,513588,0,0,0,0,0,0,0
29,30,reorder,513581,0,0,0,0,0,0,0
29,31,base,513588,0,0,0,0,0,0,0
29,31,corrupted,513588,0,0,0,0,0,0,0
29,31,reorder,513581,0,0,0,0,0,0,0
30,0,base,513588,0,0,0,0,0,0,0
30,0,corrupted,513588,0,0,0,0,0,0,0
30,0,reorder,513581,0,0,0,0,0,0,0
30,1,base,513588,0,0,0,0,0,0,0
30,1,corrupted,513588,0,0,0,0,0,0,0
30,1,reorder,513581,0,0,0,0,0,0,0
30,2,base,513588,0,0,0,0,0,0,0
30,2,corrupted,513588,0,0,0,0,0,0,0
30,2,reorder,513581,0,0,0,0,0,0,0
30,3,base,513588,395,0.000769099,395,0.0121267,0.0363101,0.0200911,0.0186475
30,3,corrupted,513588,385,0.000749628,385,0.0121582,0.0351644,0.0203305,0.0178893
30,3,reorder,513581,471,0.00091709,471,0.010967,0.0396578,0.0211762,0.0203704
30,4,base,513588,6,1.16825e-05,6,0.019156,0.0693753,0.00413494,0.014039
30,4,corrupted,513588,6,1.16825e-05,6,0.019156,0.0693753,0.00413494,0.0265083
30,4,reorder,513581,8,1.55769e-05,8,0.0171702,0.0553086,0.00310121,0.0223059
30,5,base,513588,78,0.000151873,78,0.0525075,0.0239659,0.0270581,0.0549833
30,5,corrupted,513588,77,0.000149926,77,0.0532115,0.0235459,0.0275225,0.053916
30,5,reorder,513581,84,0.000163557,84,0.0500855,0.0223217,0.0259266,0.0540812
30,6,base,513588,0,0,0,0,0,0,0
30,6,corrupted,513588,0,0,0,0,0,0,0
30,6,reorder,513581,0,0,0,0,0,0,0
30,7,base,513588,0,0,0,0,0,0,0
30,7,corrupted,513588,0,0,0,0,0,0,0
30,7,reorder,513581,2,3.89423e-06,2,0.00309848,0.0215957,0.0188039,0
30,8,base,513588,0,0,0,0,0,0,0
30,8,corrupted,513588,0,0,0,0,0,0,0
30,8,reorder,513581,0,0,0,0,0,0,0
30,9,base,513588,2,3.89417e-06,2,0.0010645,0.0245186,0,0.00837089
30,9,corrupted,513588,2,3.89417e-06,2,0.000929695,0.0240875,0,0
30,9,reorder,513581,7,1.36298e-05,7,0.0122888,0,0.00298355,0.0113899
30,10,base,513588,0,0,0,0,0,0,0
30,10,corrupted,513588,0,0,0,0,0,0,0
30,10,reorder,513581,0,0,0,0,0,0,0
30,11,base,513588,0,0,0,0,0,0,0
30,11,corrupted,513588,0,0,0,0,0,0,0
30,11,reorder,513581,0,0,0,0,0,0,0
30,12,base,513588,0,0,0,0,0,0,0
30,12,corrupted,513588,0,0,0,0,0,0,0
30,12,reorder,513581,0,0,0,0,0,0,0
30,13,base,513588,7,1.36296e-05,7,0.0394057,0.0513967,0.00107002,0.0297777
30,13,corrupted,513588,6,1.16825e-05,6,0.0425052,0.0541826,0.00124836,0.023595
30,13,reorder,513581,10,1.94711e-05,10,0.0366073,0.0380367,0.00181491,0.0341024
30,14,base,513588,19,3.69946e-05,19,0.17706,0,0,0.0476738
30,14,corrupted,513588,21,4.08888e-05,21,0.161827,0.000397607,0.00060341,0.0923154
30,14,reorder,513581,27,5.2572e-05,27,0.128054,0.00255329,0.000551885,0.0334133
30,15,base,513588,0,0,0,0,0,0,0
30,15,corrupted,513588,0,0,0,0,0,0,0
30,15,reorder,513581,0,0,0,0,0,0,0
30,16,base,513588,0,0,0,0,0,0,0
30,16,corrupted,513588,0,0,0,0,0,0,0
30,16,reorder,513581,0,0,0,0,0,0,0
30,17,base,513588,0,0,0,0,0,0,0
30,17,corrupted,513588,0,0,0,0,0,0,0
30,17,reorder,513581,0,0,0,0,0,0,0
30,18,base,513588,31,6.03597e-05,31,0.00299102,0.0327814,0.0448921,0.019864
30,18,corrupted,513588,30,5.84126e-05,30,0.00309072,0.0338741,0.0463885,0.0191123
30,18,reorder,513581,30,5.84134e-05,30,0.00309072,0.0338741,0.0463885,0.033176
30,19,base,513588,0,0,0,0,0,0,0
30,19,corrupted,513588,0,0,0,0,0,0,0
30,19,reorder,513581,0,0,0,0,0,0,0
30,20,base,513588,887,0.00172707,887,0.0103127,0.0195645,0.0111043,0.015815
30,20,corrupted,513588,886,0.00172512,886,0.010873,0.0197706,0.011048,0.0150915
30,20,reorder,513581,716,0.00139413,716,0.0109689,0.0196837,0.0115441,0.0169338
30,21,base,513588,0,0,0,0,0,0,0
30,21,corrupted,513588,0,0,0,0,0,0,0
30,21,reorder,513581,0,0,0,0,0,0,0
30,22,base,513588,0,0,0,0,0,0,0
30,22,corrupted,513588,0,0,0,0,0,0,0
30,22,reorder,513581,0,0,0,0,0,0,0
30,23,base,513588,0,0,0,0,0,0,0
30,23,corrupted,513588,0,0,0,0,0,0,0
30,23,reorder,513581,0,0,0,0,0,0,0
30,24,base,513588,0,0,0,0,0,0,0
30,24,corrupted,513588,0,0,0,0,0,0,0
30,24,reorder,513581,0,0,0,0,0,0,0
30,25,base,513588,0,0,0,0,0,0,0
30,25,corrupted,513588,0,0,0,0,0,0,0
30,25,reorder,513581,0,0,0,0,0,0,0
30,26,base,513588,0,0,0,0,0,0,0
30,26,corrupted,513588,0,0,0,0,0,0,0
30,26,reorder,513581,0,0,0,0,0,0,0
30,27,base,513588,0,0,0,0,0,0,0
30,27,corrupted,513588,0,0,0,0,0,0,0
30,27,reorder,513581,0,0,0,0,0,0,0
30,28,base,513588,0,0,0,0,0,0,0
30,28,corrupted,513588,0,0,0,0,0,0,0
30,28,reorder,513581,0,0,0,0,0,0,0
30,29,base,513588,0,0,0,0,0,0,0
30,29,corrupted,513588,0,0,0,0,0,0,0
30,29,reorder,513581,0,0,0,0,0,0,0
30,30,base,513588,0,0,0,0,0,0,0
30,30,corrupted,513588,0,0,0,0,0,0,0
30,30,reorder,513581,0,0,0,0,0,0,0
30,31,base,513588,0,0,0,0,0,0,0
30,31,corrupted,513588,0,0,0,0,0,0,0
30,31,reorder,513581,0,0,0,0,0,0,0
31,0,base,513588,117,0.000227809,117,0.0216492,0.0525414,0.0104912,0.0689734
31,0,corrupted,513588,117,0.000227809,117,0.0215934,0.0524526,0.0103798,0.0611182
31,0,reorder,513581,143,0.000278437,143,0.0186315,0.0443566,0.0101244,0.0575496
31,1,base,513588,281,0.000547131,281,0.0217904,0.0644987,0.0194313,0.0311372
31,1,corrupted,513588,285,0.00055492,285,0.0216487,0.0633365,0.0193386,0.0345618
31,1,reorder,513581,302,0.000588028,302,0.0216603,0.0620709,0.0201323,0.024422
31,2,base,513588,0,0,0,0,0,0,0
31,2,corrupted,513588,0,0,0,0,0,0,0
31,2,reorder,513581,0,0,0,0,0,0,0
31,3,base,513588,0,0,0,0,0,0,0
31,3,corrupted,513588,0,0,0,0,0,0,0
31,3,reorder,513581,0,0,0,0,0,0,0
31,4,base,513588,0,0,0,0,0,0,0
31,4,corrupted,513588,0,0,0,0,0,0,0
31,4,reorder,513581,0,0,0,0,0,0,0
31,5,base,513588,0,0,0,0,0,0,0
31,5,corrupted,513588,0,0,0,0,0,0,0
31,5,reorder,513581,0,0,0,0,0,0,0
31,6,base,513588,0,0,0,0,0,0,0
31,6,corrupted,513588,0,0,0,0,0,0,0
31,6,reorder,513581,0,0,0,0,0,0,0
31,7,base,513588,0,0,0,0,0,0,0
31,7,corrupted,513588,0,0,0,0,0,0,0
31,7,reorder,513581,0,0,0,0,0,0,0
31,8,base,513588,0,0,0,0,0,0,0
31,8,corrupted,513588,0,0,0,0,0,0,0
31,8,reorder,513581,0,0,0,0,0,0,0
31,9,base,513588,1125,0.00219047,1125,0.00896574,0.0224416,0.0245377,0.0306913
31,9,corrupted,513588,1127,0.00219437,1127,0.00883758,0.0223705,0.0245091,0.0292107
31,9,reorder,513581,1213,0.00236185,1213,0.00875973,0.0214774,0.0236538,0.0294755
31,10,base,513588,22,4.28359e-05,22,0.062791,0.0327584,0.0134038,0.0419375
31,10,corrupted,513588,23,4.4783e-05,23,0.0624019,0.0313341,0.0133388,0.0439151
31,10,reorder,513581,21,4.08894e-05,21,0.0657445,0.033373,0.0149623,0.025644
31,11,base,513588,0,0,0,0,0,0,0
31,11,corrupted,513588,0,0,0,0,0,0,0
31,11,reorder,513581,3,5.84134e-06,3,0.00698477,0.0151677,0.00309425,0.0208696
31,12,base,513588,0,0,0,0,0,0,0
31,12,corrupted,513588,0,0,0,0,0,0,0
31,12,reorder,513581,0,0,0,0,0,0,0
31,13,base,513588,0,0,0,0,0,0,0
31,13,corrupted,513588,0,0,0,0,0,0,0
31,13,reorder,513581,0,0,0,0,0,0,0
31,14,base,513588,8,1.55767e-05,8,0.108233,0.245917,0,0.053313
31,14,corrupted,513588,8,1.55767e-05,8,0.108233,0.245917,0,0.0111065
31,14,reorder,513581,8,1.55769e-05,8,0.108233,0.245917,0,0.0262406
31,15,base,513588,0,0,0,0,0,0,0
31,15,corrupted,513588,0,0,0,0,0,0,0
31,15,reorder,513581,0,0,0,0,0,0,0
31,16,base,513588,147,0.000286222,147,0.024511,0.0266677,0.00524135,0.0263111
31,16,corrupted,513588,143,0.000278433,143,0.0244641,0.0257815,0.00476135,0.0241358
31,16,reorder,513581,180,0.00035048,180,0.0202848,0.0203854,0.00466424,0.013109
31,17,base,513588,0,0,0,0,0,0,0
31,17,corrupted,513588,0,0,0,0,0,0,0
31,17,reorder,513581,0,0,0,0,0,0,0
31,18,base,513588,0,0,0,0,0,0,0
31,18,corrupted,513588,0,0,0,0,0,0,0
31,18,reorder,513581,0,0,0,0,0,0,0
31,19,base,513588,0,0,0,0,0,0,0
31,19,corrupted,513588,0,0,0,0,0,0,0
31,19,reorder,513581,0,0,0,0,0,0,0
31,20,base,513588,132,0.000257015,132,0.0089215,0.0102718,0.0137958,0.0132969
31,20,corrupted,513588,124,0.000241439,124,0.00868232,0.0118354,0.0140332,0.0162062
31,20,reorder,513581,61,0.000118774,61,0.00728001,0.010847,0.013565,0.0129388
31,21,base,513588,1157,0.00225278,1157,0.000607603,0.0498066,0.00305213,0.023294
31,21,corrupted,513588,1158,0.00225473,1158,0.000631822,0.0499963,0.00306578,0.0206577
31,21,reorder,513581,1223,0.00238132,1223,0.000632968,0.0491091,0.00302327,0.0217992
31,22,base,513588,0,0,0,0,0,0,0
31,22,corrupted,513588,0,0,0,0,0,0,0
31,22,reorder,513581,0,0,0,0,0,0,0
31,23,base,513588,0,0,0,0,0,0,0
31,23,corrupted,513588,0,0,0,0,0,0,0
31,23,reorder,513581,0,0,0,0,0,0,0
31,24,base,513588,0,0,0,0,0,0,0
31,24,corrupted,513588,0,0,0,0,0,0,0
31,24,reorder,513581,0,0,0,0,0,0,0
31,25,base,513588,0,0,0,0,0,0,0
31,25,corrupted,513588,0,0,0,0,0,0,0
31,25,reorder,513581,0,0,0,0,0,0,0
31,26,base,513588,0,0,0,0,0,0,0
31,26,corrupted,513588,0,0,0,0,0,0,0
31,26,reorder,513581,0,0,0,0,0,0,0
31,27,base,513588,0,0,0,0,0,0,0
31,27,corrupted,513588,0,0,0,0,0,0,0
31,27,reorder,513581,0,0,0,0,0,0,0
31,28,base,513588,0,0,0,0,0,0,0
31,28,corrupted,513588,0,0,0,0,0,0,0
31,28,reorder,513581,0,0,0,0,0,0,0
31,29,base,513588,0,0,0,0,0,0,0
31,29,corrupted,513588,0,0,0,0,0,0,0
31,29,reorder,513581,0,0,0,0,0,0,0
31,30,base,513588,0,0,0,0,0,0,0
31,30,corrupted,513588,0,0,0,0,0,0,0
31,30,reorder,513581,0,0,0,0,0,0,0
31,31,base,513588,0,0,0,0,0,0,0
31,31,corrupted,513588,0,0,0,0,0,0,0
31,31,reorder,513581,0,0,0,0,0,0,0
