config_id,family,noise,restore,extension_priority,source,site,receiver,channel,mediators,live_heads,bidirectional_mean,same_sign
chain|src=L15H25|site=query_sentence|recv=L18H18|ch=Q|med=none|live=L16H1+L16H21,0,0.086334228515625,0.227783203125,1,L15H25,query_sentence,L18H18,Q,none,L16H1+L16H21,0.1570587158203125,True
chain|src=L15H25|site=query_sentence|recv=L18H18|ch=Q|med=none|live=L16H1+L16H21,2,0.1678466796875,0.02972412109375,1,L15H25,query_sentence,L18H18,Q,none,L16H1+L16H21,0.098785400390625,True
chain|src=L15H25|site=query_sentence|recv=L18H18|ch=Q|med=none|live=L16H1+L16H21,4,0.28070068359375,0.3031320571899414,1,L15H25,query_sentence,L18H18,Q,none,L16H1+L16H21,0.2919163703918457,True
chain|src=L15H25|site=query_sentence|recv=L18H18|ch=Q|med=none|live=L16H1+L16H21,6,0.18621826171875,0.115478515625,1,L15H25,query_sentence,L18H18,Q,none,L16H1+L16H21,0.150848388671875,True
chain|src=L15H25|site=query_sentence|recv=L18H18|ch=Q|med=none|live=L16H1+L16H21,8,0.1279296875,0.08673095703125,1,L15H25,query_sentence,L18H18,Q,none,L16H1+L16H21,0.107330322265625,True
chain|src=L15H25|site=query_sentence|recv=L18H18|ch=Q|med=none|live=L16H1+L16H21,12,0.22288894653320312,0.253631591796875,1,L15H25,query_sentence,L18H18,Q,none,L16H1+L16H21,0.23826026916503906,True
chain|src=L15H25|site=query_sentence|recv=L18H18|ch=Q|med=none|live=L16H1+L16H21,14,0.21795654296875,0.326171875,1,L15H25,query_sentence,L18H18,Q,none,L16H1+L16H21,0.272064208984375,True
chain|src=L15H25|site=query_sentence|recv=L18H18|ch=Q|med=none|live=L16H1+L16H21,16,0.15256500244140625,0.152496337890625,1,L15H25,query_sentence,L18H18,Q,none,L16H1+L16H21,0.15253067016601562,True
chain|src=L15H25|site=query_sentence|recv=L18H18|ch=Q|med=none|live=L16H1+L16H21,20,0.3621397018432617,0.1160888671875,1,L15H25,query_sentence,L18H18,Q,none,L16H1+L16H21,0.23911428451538086,True
chain|src=L15H25|site=query_sentence|recv=L18H18|ch=Q|med=none|live=L16H1+L16H21,24,0.227783203125,0.30963134765625,1,L15H25,query_sentence,L18H18,Q,none,L16H1+L16H21,0.268707275390625,True
chain|src=L15H25|site=query_sentence|recv=L18H18|ch=Q|med=none|live=L16H1+L16H21,26,0.161376953125,0.23919677734375,1,L15H25,query_sentence,L18H18,Q,none,L16H1+L16H21,0.200286865234375,True
chain|src=L15H25|site=query_sentence|recv=L18H18|ch=Q|med=none|live=L16H1+L16H21,28,0.19140625,0.3070068359375,1,L15H25,query_sentence,L18H18,Q,none,L16H1+L16H21,0.24920654296875,True
chain|src=L15H25|site=query_sentence|recv=L18H18|ch=Q|med=none|live=L16H1+L16H21,30,0.339111328125,0.293701171875,1,L15H25,query_sentence,L18H18,Q,none,L16H1+L16H21,0.31640625,True
chain|src=L15H25|site=query_sentence|recv=L18H18|ch=Q|med=none|live=L16H1+L16H21,32,0.12580108642578125,0.44720458984375,1,L15H25,query_sentence,L18H18,Q,none,L16H1+L16H21,0.2865028381347656,True
chain|src=L15H25|site=query_sentence|recv=L18H18|ch=Q|med=none|live=L16H1+L16H21,34,0.39444446563720703,0.1807861328125,1,L15H25,query_sentence,L18H18,Q,none,L16H1+L16H21,0.2876152992248535,True
chain|src=L15H25|site=query_sentence|recv=L18H18|ch=Q|med=none|live=L16H1+L16H21,36,0.17169189453125,0.1473388671875,1,L15H25,query_sentence,L18H18,Q,none,L16H1+L16H21,0.159515380859375,True
chain|src=L15H25|site=query_sentence|recv=L18H18|ch=Q|med=none|live=L16H1+L16H21,38,0.340118408203125,0.4224700927734375,1,L15H25,query_sentence,L18H18,Q,none,L16H1+L16H21,0.38129425048828125,True
chain|src=L15H25|site=query_sentence|recv=L18H18|ch=Q|med=none|live=L16H1+L16H21,40,0.153228759765625,0.199127197265625,1,L15H25,query_sentence,L18H18,Q,none,L16H1+L16H21,0.176177978515625,True
chain|src=L15H25|site=query_sentence|recv=L18H18|ch=Q|med=none|live=L16H1+L16H21,44,0.0851593017578125,0.0946044921875,1,L15H25,query_sentence,L18H18,Q,none,L16H1+L16H21,0.08988189697265625,True
chain|src=L15H25|site=query_sentence|recv=L18H18|ch=Q|med=none|live=L16H1+L16H21,46,0.10101318359375,0.040630340576171875,1,L15H25,query_sentence,L18H18,Q,none,L16H1+L16H21,0.07082176208496094,True
chain|src=L15H25|site=query_sentence|recv=L18H18|ch=Q|med=none|live=L16H1+L16H21,48,0.181396484375,0.30218505859375,1,L15H25,query_sentence,L18H18,Q,none,L16H1+L16H21,0.241790771484375,True
chain|src=L15H25|site=query_sentence|recv=L18H18|ch=Q|med=none|live=L16H1+L16H21,50,0.02569580078125,0.1983642578125,1,L15H25,query_sentence,L18H18,Q,none,L16H1+L16H21,0.112030029296875,True
chain|src=L15H25|site=query_sentence|recv=L18H18|ch=Q|med=none|live=L16H1+L16H21,52,0.12261962890625,0.2582225799560547,1,L15H25,query_sentence,L18H18,Q,none,L16H1+L16H21,0.19042110443115234,True
chain|src=L15H25|site=query_sentence|recv=L18H18|ch=Q|med=none|live=L16H1+L16H21,54,0.151214599609375,0.5084228515625,1,L15H25,query_sentence,L18H18,Q,none,L16H1+L16H21,0.3298187255859375,True
chain|src=L15H25|site=query_sentence|recv=L18H18|ch=Q|med=none|live=L16H1+L16H21,56,0.13232421875,0.15716934204101562,1,L15H25,query_sentence,L18H18,Q,none,L16H1+L16H21,0.1447467803955078,True
chain|src=L15H25|site=query_sentence|recv=L18H18|ch=Q|med=none|live=L16H1+L16H21,58,0.06714630126953125,0.1231689453125,1,L15H25,query_sentence,L18H18,Q,none,L16H1+L16H21,0.09515762329101562,True
chain|src=L15H25|site=query_sentence|recv=L18H18|ch=Q|med=none|live=L16H1+L16H21,60,0.0394287109375,0.0654296875,1,L15H25,query_sentence,L18H18,Q,none,L16H1+L16H21,0.05242919921875,True
chain|src=L15H25|site=query_sentence|recv=L18H18|ch=Q|med=none|live=L16H1+L16H21,62,0.113433837890625,0.4322357177734375,1,L15H25,query_sentence,L18H18,Q,none,L16H1+L16H21,0.27283477783203125,True
chain|src=L15H25|site=query_sentence|recv=L18H18|ch=Q|med=none|live=L16H1+L16H21,64,0.31781005859375,-0.053009033203125,1,L15H25,query_sentence,L18H18,Q,none,L16H1+L16H21,0.1324005126953125,False
chain|src=L15H25|site=query_sentence|recv=L18H18|ch=Q|med=none|live=L16H1+L16H21,66,0.14617919921875,0.08816909790039062,1,L15H25,query_sentence,L18H18,Q,none,L16H1+L16H21,0.11717414855957031,True
chain|src=L15H25|site=query_sentence|recv=L18H18|ch=Q|med=none|live=L16H1+L16H21,68,0.4578857421875,0.2744140625,1,L15H25,query_sentence,L18H18,Q,none,L16H1+L16H21,0.36614990234375,True
chain|src=L15H25|site=query_sentence|recv=L18H18|ch=Q|med=none|live=L16H1+L16H21,70,0.133544921875,0.1185302734375,1,L15H25,query_sentence,L18H18,Q,none,L16H1+L16H21,0.12603759765625,True
chain|src=L15H25|site=query_sentence|recv=L18H18|ch=Q|med=none|live=L16H1+L16H21,72,0.151611328125,0.2545166015625,1,L15H25,query_sentence,L18H18,Q,none,L16H1+L16H21,0.20306396484375,True
chain|src=L15H25|site=query_sentence|recv=L18H18|ch=Q|med=none|live=L16H1+L16H21,76,0.2308349609375,0.17474365234375,1,L15H25,query_sentence,L18H18,Q,none,L16H1+L16H21,0.202789306640625,True
chain|src=L15H25|site=query_sentence|recv=L18H18|ch=Q|med=none|live=L16H1+L16H21,78,0.202880859375,0.336669921875,1,L15H25,query_sentence,L18H18,Q,none,L16H1+L16H21,0.269775390625,True
chain|src=L15H25|site=query_sentence|recv=L18H18|ch=Q|med=none|live=L16H1+L16H21,80,0.18389892578125,0.30914306640625,1,L15H25,query_sentence,L18H18,Q,none,L16H1+L16H21,0.24652099609375,True
chain|src=L15H25|site=query_sentence|recv=L18H18|ch=Q|med=none|live=L16H1+L16H21,82,0.119873046875,0.294677734375,1,L15H25,query_sentence,L18H18,Q,none,L16H1+L16H21,0.207275390625,True
chain|src=L15H25|site=query_sentence|recv=L18H18|ch=Q|med=none|live=L16H1+L16H21,84,0.22391510009765625,0.1915283203125,1,L15H25,query_sentence,L18H18,Q,none,L16H1+L16H21,0.20772171020507812,True
chain|src=L15H25|site=query_sentence|recv=L18H18|ch=Q|med=none|live=L16H1+L16H21,86,0.1055908203125,-0.024322509765625,1,L15H25,query_sentence,L18H18,Q,none,L16H1+L16H21,0.0406341552734375,False
chain|src=L15H25|site=query_sentence|recv=L18H18|ch=Q|med=none|live=L16H1+L16H21,88,0.136962890625,0.252197265625,1,L15H25,query_sentence,L18H18,Q,none,L16H1+L16H21,0.194580078125,True
chain|src=L15H25|site=query_sentence|recv=L18H18|ch=Q|med=none|live=L16H1+L16H21,90,0.1088714599609375,0.11647987365722656,1,L15H25,query_sentence,L18H18,Q,none,L16H1+L16H21,0.11267566680908203,True
chain|src=L15H25|site=query_sentence|recv=L18H18|ch=Q|med=none|live=L16H1+L16H21,92,0.0975341796875,0.44140625,1,L15H25,query_sentence,L18H18,Q,none,L16H1+L16H21,0.26947021484375,True
chain|src=L15H25|site=query_sentence|recv=L18H18|ch=Q|med=none|live=L16H1+L16H21,94,0.265960693359375,0.2470855712890625,1,L15H25,query_sentence,L18H18,Q,none,L16H1+L16H21,0.25652313232421875,True
chain|src=L15H25|site=query_sentence|recv=L18H18|ch=Q|med=none|live=L16H1+L16H21,96,0.3548126220703125,0.288818359375,1,L15H25,query_sentence,L18H18,Q,none,L16H1+L16H21,0.32181549072265625,True
chain|src=L15H25|site=query_sentence|recv=L18H18|ch=Q|med=none|live=L16H1+L16H21,98,0.284820556640625,0.19757080078125,1,L15H25,query_sentence,L18H18,Q,none,L16H1+L16H21,0.2411956787109375,True
chain|src=L15H25|site=query_sentence|recv=L18H18|ch=Q|med=none|live=L16H1+L16H21,100,0.11883544921875,0.14520263671875,1,L15H25,query_sentence,L18H18,Q,none,L16H1+L16H21,0.13201904296875,True
chain|src=L15H25|site=query_sentence|recv=L18H18|ch=Q|med=none|live=L16H1+L16H21,102,0.1601390838623047,0.136962890625,1,L15H25,query_sentence,L18H18,Q,none,L16H1+L16H21,0.14855098724365234,True
chain|src=L15H25|site=query_sentence|recv=L18H18|ch=Q|med=none|live=L16H1+L16H21,104,0.027069091796875,0.1478271484375,1,L15H25,query_sentence,L18H18,Q,none,L16H1+L16H21,0.0874481201171875,True
chain|src=L15H25|site=query_sentence|recv=L18H18|ch=Q|med=none|live=L16H1+L16H21,108,0.2425384521484375,0.3152904510498047,1,L15H25,query_sentence,L18H18,Q,none,L16H1+L16H21,0.2789144515991211,True
chain|src=L15H25|site=query_sentence|recv=L18H18|ch=Q|med=none|live=L16H1+L16H21,110,0.158447265625,0.1453857421875,1,L15H25,query_sentence,L18H18,Q,none,L16H1+L16H21,0.15191650390625,True
chain|src=L15H25|site=query_sentence|recv=L18H18|ch=Q|med=none|live=L16H1+L16H21,112,0.2899284362792969,0.53369140625,1,L15H25,query_sentence,L18H18,Q,none,L16H1+L16H21,0.41180992126464844,True
chain|src=L15H25|site=query_sentence|recv=L18H18|ch=Q|med=none|live=L16H1+L16H21,114,0.0645751953125,0.0089111328125,1,L15H25,query_sentence,L18H18,Q,none,L16H1+L16H21,0.0367431640625,True
chain|src=L15H25|site=query_sentence|recv=L18H18|ch=Q|med=none|live=L16H1+L16H21,116,0.41607666015625,0.2980842590332031,1,L15H25,query_sentence,L18H18,Q,none,L16H1+L16H21,0.35708045959472656,True
chain|src=L15H25|site=query_sentence|recv=L18H18|ch=Q|med=none|live=L16H1+L16H21,118,0.085784912109375,0.393798828125,1,L15H25,query_sentence,L18H18,Q,none,L16H1+L16H21,0.2397918701171875,True
chain|src=L15H25|site=query_sentence|recv=L18H18|ch=Q|med=none|live=L16H1+L16H21,120,0.513397216796875,0.55859375,1,L15H25,query_sentence,L18H18,Q,none,L16H1+L16H21,0.5359954833984375,True
chain|src=L15H25|site=query_sentence|recv=L18H18|ch=Q|med=none|live=L16H1+L16H21,122,0.162872314453125,0.140655517578125,1,L15H25,query_sentence,L18H18,Q,none,L16H1+L16H21,0.151763916015625,True
chain|src=L15H25|site=query_sentence|recv=L18H18|ch=Q|med=none|live=L16H1+L16H21,124,0.31280517578125,0.10986328125,1,L15H25,query_sentence,L18H18,Q,none,L16H1+L16H21,0.211334228515625,True
chain|src=L15H25|site=query_sentence|recv=L18H18|ch=Q|med=none|live=L16H1+L16H21,126,0.15087890625,0.04425048828125,1,L15H25,query_sentence,L18H18,Q,none,L16H1+L16H21,0.097564697265625,True
chain|src=L15H25|site=query_sentence|recv=L18H18|ch=Q|med=none|live=L16H1+L16H21,128,0.2398681640625,0.01983642578125,1,L15H25,query_sentence,L18H18,Q,none,L16H1+L16H21,0.129852294921875,True
chain|src=L15H25|site=query_sentence|recv=L18H18|ch=Q|med=none|live=L16H1+L16H21,130,0.087554931640625,0.1220703125,1,L15H25,query_sentence,L18H18,Q,none,L16H1+L16H21,0.1048126220703125,True
chain|src=L15H25|site=query_sentence|recv=L18H18|ch=Q|med=none|live=L16H1+L16H21,132,0.0916748046875,0.23583984375,1,L15H25,query_sentence,L18H18,Q,none,L16H1+L16H21,0.16375732421875,True
chain|src=L15H25|site=query_sentence|recv=L18H18|ch=Q|med=none|live=L16H1+L16H21,134,0.18933868408203125,0.182861328125,1,L15H25,query_sentence,L18H18,Q,none,L16H1+L16H21,0.18610000610351562,True
chain|src=L15H25|site=query_sentence|recv=L18H18|ch=Q|med=none|live=L16H1+L16H21,136,0.412353515625,0.6475753784179688,1,L15H25,query_sentence,L18H18,Q,none,L16H1+L16H21,0.5299644470214844,True
chain|src=L15H25|site=query_sentence|recv=L18H18|ch=Q|med=none|live=L16H1+L16H21,138,0.13055419921875,0.252044677734375,1,L15H25,query_sentence,L18H18,Q,none,L16H1+L16H21,0.1912994384765625,True
chain|src=L15H25|site=query_sentence|recv=L18H18|ch=Q|med=none|live=L16H1+L16H21,140,0.17706298828125,0.203460693359375,1,L15H25,query_sentence,L18H18,Q,none,L16H1+L16H21,0.1902618408203125,True
chain|src=L15H25|site=query_sentence|recv=L18H18|ch=Q|med=none|live=L16H1+L16H21,142,0.549072265625,0.2906646728515625,1,L15H25,query_sentence,L18H18,Q,none,L16H1+L16H21,0.41986846923828125,True
chain|src=L15H25|site=query_sentence|recv=L18H18|ch=Q|med=none|live=L16H1+L16H21,148,0.321044921875,0.10047531127929688,1,L15H25,query_sentence,L18H18,Q,none,L16H1+L16H21,0.21076011657714844,True
chain|src=L15H25|site=query_sentence|recv=L18H18|ch=Q|med=none|live=L16H1+L16H21,150,0.1754150390625,0.255615234375,1,L15H25,query_sentence,L18H18,Q,none,L16H1+L16H21,0.21551513671875,True
chain|src=L15H25|site=query_sentence|recv=L18H18|ch=Q|med=none|live=L16H1+L16H21,152,0.12890625,0.225799560546875,1,L15H25,query_sentence,L18H18,Q,none,L16H1+L16H21,0.1773529052734375,True
chain|src=L15H25|site=query_sentence|recv=L18H18|ch=Q|med=none|live=L16H1+L16H21,154,0.2706298828125,0.463134765625,1,L15H25,query_sentence,L18H18,Q,none,L16H1+L16H21,0.36688232421875,True
chain|src=L15H25|site=query_sentence|recv=L18H18|ch=Q|med=none|live=L16H1+L16H21,156,0.3316802978515625,0.22412109375,1,L15H25,query_sentence,L18H18,Q,none,L16H1+L16H21,0.27790069580078125,True
chain|src=L15H25|site=query_sentence|recv=L18H18|ch=Q|med=none|live=L16H1+L16H21,158,0.2789306640625,0.1044921875,1,L15H25,query_sentence,L18H18,Q,none,L16H1+L16H21,0.19171142578125,True
chain|src=L15H25|site=query_sentence|recv=L18H18|ch=Q|med=none|live=L16H1+L16H21,160,0.4707026481628418,0.312408447265625,1,L15H25,query_sentence,L18H18,Q,none,L16H1+L16H21,0.3915555477142334,True
chain|src=L15H25|site=query_sentence|recv=L18H18|ch=Q|med=none|live=L16H1+L16H21,162,0.4287109375,0.0460205078125,1,L15H25,query_sentence,L18H18,Q,none,L16H1+L16H21,0.23736572265625,True
chain|src=L15H25|site=query_sentence|recv=L18H18|ch=Q|med=none|live=L16H1+L16H21,166,0.22625732421875,0.14068603515625,1,L15H25,query_sentence,L18H18,Q,none,L16H1+L16H21,0.1834716796875,True
chain|src=L15H25|site=query_sentence|recv=L18H18|ch=Q|med=none|live=L16H1+L16H21,168,0.112548828125,0.0506591796875,1,L15H25,query_sentence,L18H18,Q,none,L16H1+L16H21,0.08160400390625,True
chain|src=L15H25|site=query_sentence|recv=L18H18|ch=Q|med=none|live=L16H1+L16H21,170,0.31109619140625,0.1207275390625,1,L15H25,query_sentence,L18H18,Q,none,L16H1+L16H21,0.215911865234375,True
chain|src=L15H25|site=query_sentence|recv=L18H18|ch=Q|med=none|live=L16H1+L16H21,172,0.13037109375,0.23486328125,1,L15H25,query_sentence,L18H18,Q,none,L16H1+L16H21,0.1826171875,True
chain|src=L15H25|site=query_sentence|recv=L18H18|ch=Q|med=none|live=L16H1+L16H21,174,-0.01025390625,0.013671875,1,L15H25,query_sentence,L18H18,Q,none,L16H1+L16H21,0.001708984375,False
chain|src=L15H25|site=query_sentence|recv=L18H18|ch=Q|med=none|live=L16H1+L16H21,176,0.237060546875,0.162506103515625,1,L15H25,query_sentence,L18H18,Q,none,L16H1+L16H21,0.1997833251953125,True
chain|src=L15H25|site=query_sentence|recv=L18H18|ch=Q|med=none|live=L16H1+L16H21,178,0.17314910888671875,0.1983642578125,1,L15H25,query_sentence,L18H18,Q,none,L16H1+L16H21,0.18575668334960938,True
chain|src=L15H25|site=query_sentence|recv=L18H18|ch=Q|med=none|live=L16H1+L16H21,180,0.22015380859375,0.08753108978271484,1,L15H25,query_sentence,L18H18,Q,none,L16H1+L16H21,0.15384244918823242,True
chain|src=L15H25|site=query_sentence|recv=L18H18|ch=Q|med=none|live=L16H1+L16H21,182,0.662109375,0.2047119140625,1,L15H25,query_sentence,L18H18,Q,none,L16H1+L16H21,0.43341064453125,True
chain|src=L15H25|site=query_sentence|recv=L18H18|ch=Q|med=none|live=L16H1+L16H21,186,0.41558837890625,0.452301025390625,1,L15H25,query_sentence,L18H18,Q,none,L16H1+L16H21,0.4339447021484375,True
chain|src=L15H25|site=query_sentence|recv=L18H18|ch=Q|med=none|live=L16H1+L16H21,188,0.647003173828125,0.4884033203125,1,L15H25,query_sentence,L18H18,Q,none,L16H1+L16H21,0.5677032470703125,True
chain|src=L15H25|site=query_sentence|recv=L18H18|ch=Q|med=none|live=L16H1+L16H21,192,0.2032470703125,0.17034912109375,1,L15H25,query_sentence,L18H18,Q,none,L16H1+L16H21,0.186798095703125,True
chain|src=L15H25|site=query_sentence|recv=L18H18|ch=Q|med=none|live=L16H1+L16H21,194,0.20440673828125,0.02886962890625,1,L15H25,query_sentence,L18H18,Q,none,L16H1+L16H21,0.11663818359375,True
chain|src=L15H25|site=query_sentence|recv=L18H18|ch=Q|med=none|live=L16H1+L16H21,196,0.18896484375,0.15771484375,1,L15H25,query_sentence,L18H18,Q,none,L16H1+L16H21,0.17333984375,True
chain|src=L15H25|site=query_sentence|recv=L18H18|ch=Q|med=none|live=L16H1+L16H21,198,0.1923828125,0.706787109375,1,L15H25,query_sentence,L18H18,Q,none,L16H1+L16H21,0.4495849609375,True
chain|src=L17H1|site=query_writer_union|recv=L27H6|ch=Q|med=none|live=L18H18+L18H19,0,0.1163330078125,0.3291015625,2,L17H1,query_writer_union,L27H6,Q,none,L18H18+L18H19,0.22271728515625,True
chain|src=L17H1|site=query_writer_union|recv=L27H6|ch=Q|med=none|live=L18H18+L18H19,2,1.168365478515625,1.0214080810546875,2,L17H1,query_writer_union,L27H6,Q,none,L18H18+L18H19,1.0948867797851562,True
chain|src=L17H1|site=query_writer_union|recv=L27H6|ch=Q|med=none|live=L18H18+L18H19,4,1.27142333984375,0.58905029296875,2,L17H1,query_writer_union,L27H6,Q,none,L18H18+L18H19,0.93023681640625,True
chain|src=L17H1|site=query_writer_union|recv=L27H6|ch=Q|med=none|live=L18H18+L18H19,6,1.12322998046875,0.8086128234863281,2,L17H1,query_writer_union,L27H6,Q,none,L18H18+L18H19,0.9659214019775391,True
chain|src=L17H1|site=query_writer_union|recv=L27H6|ch=Q|med=none|live=L18H18+L18H19,8,0.25927734375,0.45294189453125,2,L17H1,query_writer_union,L27H6,Q,none,L18H18+L18H19,0.356109619140625,True
chain|src=L17H1|site=query_writer_union|recv=L27H6|ch=Q|med=none|live=L18H18+L18H19,12,2.5786170959472656,1.8740234375,2,L17H1,query_writer_union,L27H6,Q,none,L18H18+L18H19,2.226320266723633,True
chain|src=L17H1|site=query_writer_union|recv=L27H6|ch=Q|med=none|live=L18H18+L18H19,14,1.2064208984375,1.608154296875,2,L17H1,query_writer_union,L27H6,Q,none,L18H18+L18H19,1.40728759765625,True
chain|src=L17H1|site=query_writer_union|recv=L27H6|ch=Q|med=none|live=L18H18+L18H19,16,0.9529266357421875,1.09814453125,2,L17H1,query_writer_union,L27H6,Q,none,L18H18+L18H19,1.0255355834960938,True
chain|src=L17H1|site=query_writer_union|recv=L27H6|ch=Q|med=none|live=L18H18+L18H19,20,2.898287773132324,2.75994873046875,2,L17H1,query_writer_union,L27H6,Q,none,L18H18+L18H19,2.829118251800537,True
chain|src=L17H1|site=query_writer_union|recv=L27H6|ch=Q|med=none|live=L18H18+L18H19,24,3.78729248046875,3.159393310546875,2,L17H1,query_writer_union,L27H6,Q,none,L18H18+L18H19,3.4733428955078125,True
chain|src=L17H1|site=query_writer_union|recv=L27H6|ch=Q|med=none|live=L18H18+L18H19,26,0.829833984375,0.3963623046875,2,L17H1,query_writer_union,L27H6,Q,none,L18H18+L18H19,0.61309814453125,True
chain|src=L17H1|site=query_writer_union|recv=L27H6|ch=Q|med=none|live=L18H18+L18H19,28,1.7904052734375,1.4452056884765625,2,L17H1,query_writer_union,L27H6,Q,none,L18H18+L18H19,1.6178054809570312,True
chain|src=L17H1|site=query_writer_union|recv=L27H6|ch=Q|med=none|live=L18H18+L18H19,30,0.219390869140625,0.44732666015625,2,L17H1,query_writer_union,L27H6,Q,none,L18H18+L18H19,0.3333587646484375,True
chain|src=L17H1|site=query_writer_union|recv=L27H6|ch=Q|med=none|live=L18H18+L18H19,32,0.2220611572265625,1.006500244140625,2,L17H1,query_writer_union,L27H6,Q,none,L18H18+L18H19,0.6142807006835938,True
chain|src=L17H1|site=query_writer_union|recv=L27H6|ch=Q|med=none|live=L18H18+L18H19,34,0.773259162902832,0.9788818359375,2,L17H1,query_writer_union,L27H6,Q,none,L18H18+L18H19,0.876070499420166,True
chain|src=L17H1|site=query_writer_union|recv=L27H6|ch=Q|med=none|live=L18H18+L18H19,36,2.8290863037109375,1.855804443359375,2,L17H1,query_writer_union,L27H6,Q,none,L18H18+L18H19,2.3424453735351562,True
chain|src=L17H1|site=query_writer_union|recv=L27H6|ch=Q|med=none|live=L18H18+L18H19,38,2.878509521484375,0.82391357421875,2,L17H1,query_writer_union,L27H6,Q,none,L18H18+L18H19,1.8512115478515625,True
chain|src=L17H1|site=query_writer_union|recv=L27H6|ch=Q|med=none|live=L18H18+L18H19,40,1.603851318359375,1.5076904296875,2,L17H1,query_writer_union,L27H6,Q,none,L18H18+L18H19,1.5557708740234375,True
chain|src=L17H1|site=query_writer_union|recv=L27H6|ch=Q|med=none|live=L18H18+L18H19,44,2.453521728515625,3.4598045349121094,2,L17H1,query_writer_union,L27H6,Q,none,L18H18+L18H19,2.956663131713867,True
chain|src=L17H1|site=query_writer_union|recv=L27H6|ch=Q|med=none|live=L18H18+L18H19,46,2.874237060546875,2.7658920288085938,2,L17H1,query_writer_union,L27H6,Q,none,L18H18+L18H19,2.8200645446777344,True
chain|src=L17H1|site=query_writer_union|recv=L27H6|ch=Q|med=none|live=L18H18+L18H19,48,2.3252716064453125,2.4222412109375,2,L17H1,query_writer_union,L27H6,Q,none,L18H18+L18H19,2.3737564086914062,True
chain|src=L17H1|site=query_writer_union|recv=L27H6|ch=Q|med=none|live=L18H18+L18H19,50,2.44476318359375,1.74151611328125,2,L17H1,query_writer_union,L27H6,Q,none,L18H18+L18H19,2.0931396484375,True
chain|src=L17H1|site=query_writer_union|recv=L27H6|ch=Q|med=none|live=L18H18+L18H19,52,1.50262451171875,1.3643035888671875,2,L17H1,query_writer_union,L27H6,Q,none,L18H18+L18H19,1.4334640502929688,True
chain|src=L17H1|site=query_writer_union|recv=L27H6|ch=Q|med=none|live=L18H18+L18H19,54,2.4493408203125,2.4407958984375,2,L17H1,query_writer_union,L27H6,Q,none,L18H18+L18H19,2.445068359375,True
chain|src=L17H1|site=query_writer_union|recv=L27H6|ch=Q|med=none|live=L18H18+L18H19,56,2.92742919921875,1.6885147094726562,2,L17H1,query_writer_union,L27H6,Q,none,L18H18+L18H19,2.307971954345703,True
chain|src=L17H1|site=query_writer_union|recv=L27H6|ch=Q|med=none|live=L18H18+L18H19,58,1.4157257080078125,1.0493927001953125,2,L17H1,query_writer_union,L27H6,Q,none,L18H18+L18H19,1.2325592041015625,True
chain|src=L17H1|site=query_writer_union|recv=L27H6|ch=Q|med=none|live=L18H18+L18H19,60,1.8080291748046875,2.36456298828125,2,L17H1,query_writer_union,L27H6,Q,none,L18H18+L18H19,2.0862960815429688,True
chain|src=L17H1|site=query_writer_union|recv=L27H6|ch=Q|med=none|live=L18H18+L18H19,62,0.463165283203125,1.143096923828125,2,L17H1,query_writer_union,L27H6,Q,none,L18H18+L18H19,0.803131103515625,True
chain|src=L17H1|site=query_writer_union|recv=L27H6|ch=Q|med=none|live=L18H18+L18H19,64,1.709716796875,0.312103271484375,2,L17H1,query_writer_union,L27H6,Q,none,L18H18+L18H19,1.0109100341796875,True
chain|src=L17H1|site=query_writer_union|recv=L27H6|ch=Q|med=none|live=L18H18+L18H19,66,1.27838134765625,1.0422172546386719,2,L17H1,query_writer_union,L27H6,Q,none,L18H18+L18H19,1.160299301147461,True
chain|src=L17H1|site=query_writer_union|recv=L27H6|ch=Q|med=none|live=L18H18+L18H19,68,2.24908447265625,1.9511947631835938,2,L17H1,query_writer_union,L27H6,Q,none,L18H18+L18H19,2.100139617919922,True
chain|src=L17H1|site=query_writer_union|recv=L27H6|ch=Q|med=none|live=L18H18+L18H19,70,2.32598876953125,1.839996337890625,2,L17H1,query_writer_union,L27H6,Q,none,L18H18+L18H19,2.0829925537109375,True
chain|src=L17H1|site=query_writer_union|recv=L27H6|ch=Q|med=none|live=L18H18+L18H19,72,0.47412109375,1.6547470092773438,2,L17H1,query_writer_union,L27H6,Q,none,L18H18+L18H19,1.0644340515136719,True
chain|src=L17H1|site=query_writer_union|recv=L27H6|ch=Q|med=none|live=L18H18+L18H19,76,1.4869384765625,2.22515869140625,2,L17H1,query_writer_union,L27H6,Q,none,L18H18+L18H19,1.856048583984375,True
chain|src=L17H1|site=query_writer_union|recv=L27H6|ch=Q|med=none|live=L18H18+L18H19,78,1.021728515625,1.87872314453125,2,L17H1,query_writer_union,L27H6,Q,none,L18H18+L18H19,1.450225830078125,True
chain|src=L17H1|site=query_writer_union|recv=L27H6|ch=Q|med=none|live=L18H18+L18H19,80,2.431640625,1.6509552001953125,2,L17H1,query_writer_union,L27H6,Q,none,L18H18+L18H19,2.0412979125976562,True
chain|src=L17H1|site=query_writer_union|recv=L27H6|ch=Q|med=none|live=L18H18+L18H19,82,1.33062744140625,2.3983154296875,2,L17H1,query_writer_union,L27H6,Q,none,L18H18+L18H19,1.864471435546875,True
chain|src=L17H1|site=query_writer_union|recv=L27H6|ch=Q|med=none|live=L18H18+L18H19,84,0.9581832885742188,0.68829345703125,2,L17H1,query_writer_union,L27H6,Q,none,L18H18+L18H19,0.8232383728027344,True
chain|src=L17H1|site=query_writer_union|recv=L27H6|ch=Q|med=none|live=L18H18+L18H19,86,1.80804443359375,1.180328369140625,2,L17H1,query_writer_union,L27H6,Q,none,L18H18+L18H19,1.4941864013671875,True
chain|src=L17H1|site=query_writer_union|recv=L27H6|ch=Q|med=none|live=L18H18+L18H19,88,2.34271240234375,1.085113525390625,2,L17H1,query_writer_union,L27H6,Q,none,L18H18+L18H19,1.7139129638671875,True
chain|src=L17H1|site=query_writer_union|recv=L27H6|ch=Q|med=none|live=L18H18+L18H19,90,2.7905044555664062,2.95367431640625,2,L17H1,query_writer_union,L27H6,Q,none,L18H18+L18H19,2.872089385986328,True
chain|src=L17H1|site=query_writer_union|recv=L27H6|ch=Q|med=none|live=L18H18+L18H19,92,2.635772705078125,0.9528789520263672,2,L17H1,query_writer_union,L27H6,Q,none,L18H18+L18H19,1.794325828552246,True
chain|src=L17H1|site=query_writer_union|recv=L27H6|ch=Q|med=none|live=L18H18+L18H19,94,0.879608154296875,0.5874786376953125,2,L17H1,query_writer_union,L27H6,Q,none,L18H18+L18H19,0.7335433959960938,True
chain|src=L17H1|site=query_writer_union|recv=L27H6|ch=Q|med=none|live=L18H18+L18H19,96,0.4468841552734375,0.47021484375,2,L17H1,query_writer_union,L27H6,Q,none,L18H18+L18H19,0.45854949951171875,True
chain|src=L17H1|site=query_writer_union|recv=L27H6|ch=Q|med=none|live=L18H18+L18H19,98,1.668975830078125,1.07391357421875,2,L17H1,query_writer_union,L27H6,Q,none,L18H18+L18H19,1.3714447021484375,True
chain|src=L17H1|site=query_writer_union|recv=L27H6|ch=Q|med=none|live=L18H18+L18H19,100,2.11956787109375,1.311798095703125,2,L17H1,query_writer_union,L27H6,Q,none,L18H18+L18H19,1.7156829833984375,True
chain|src=L17H1|site=query_writer_union|recv=L27H6|ch=Q|med=none|live=L18H18+L18H19,102,0.716156005859375,1.372314453125,2,L17H1,query_writer_union,L27H6,Q,none,L18H18+L18H19,1.0442352294921875,True
chain|src=L17H1|site=query_writer_union|recv=L27H6|ch=Q|med=none|live=L18H18+L18H19,104,1.25067138671875,1.83380126953125,2,L17H1,query_writer_union,L27H6,Q,none,L18H18+L18H19,1.542236328125,True
chain|src=L17H1|site=query_writer_union|recv=L27H6|ch=Q|med=none|live=L18H18+L18H19,108,2.5078659057617188,1.4100723266601562,2,L17H1,query_writer_union,L27H6,Q,none,L18H18+L18H19,1.9589691162109375,True
chain|src=L17H1|site=query_writer_union|recv=L27H6|ch=Q|med=none|live=L18H18+L18H19,110,3.4617919921875,2.9090576171875,2,L17H1,query_writer_union,L27H6,Q,none,L18H18+L18H19,3.1854248046875,True
chain|src=L17H1|site=query_writer_union|recv=L27H6|ch=Q|med=none|live=L18H18+L18H19,112,0.5407676696777344,0.926025390625,2,L17H1,query_writer_union,L27H6,Q,none,L18H18+L18H19,0.7333965301513672,True
chain|src=L17H1|site=query_writer_union|recv=L27H6|ch=Q|med=none|live=L18H18+L18H19,114,0.85284423828125,1.118560791015625,2,L17H1,query_writer_union,L27H6,Q,none,L18H18+L18H19,0.9857025146484375,True
chain|src=L17H1|site=query_writer_union|recv=L27H6|ch=Q|med=none|live=L18H18+L18H19,116,3.19366455078125,2.6019439697265625,2,L17H1,query_writer_union,L27H6,Q,none,L18H18+L18H19,2.8978042602539062,True
chain|src=L17H1|site=query_writer_union|recv=L27H6|ch=Q|med=none|live=L18H18+L18H19,118,0.4923095703125,0.8795166015625,2,L17H1,query_writer_union,L27H6,Q,none,L18H18+L18H19,0.6859130859375,True
chain|src=L17H1|site=query_writer_union|recv=L27H6|ch=Q|med=none|live=L18H18+L18H19,120,0.799713134765625,0.71142578125,2,L17H1,query_writer_union,L27H6,Q,none,L18H18+L18H19,0.7555694580078125,True
chain|src=L17H1|site=query_writer_union|recv=L27H6|ch=Q|med=none|live=L18H18+L18H19,122,1.6193656921386719,2.4385986328125,2,L17H1,query_writer_union,L27H6,Q,none,L18H18+L18H19,2.028982162475586,True
chain|src=L17H1|site=query_writer_union|recv=L27H6|ch=Q|med=none|live=L18H18+L18H19,124,3.189300537109375,1.73187255859375,2,L17H1,query_writer_union,L27H6,Q,none,L18H18+L18H19,2.4605865478515625,True
chain|src=L17H1|site=query_writer_union|recv=L27H6|ch=Q|med=none|live=L18H18+L18H19,126,1.3280029296875,1.3659515380859375,2,L17H1,query_writer_union,L27H6,Q,none,L18H18+L18H19,1.3469772338867188,True
chain|src=L17H1|site=query_writer_union|recv=L27H6|ch=Q|med=none|live=L18H18+L18H19,128,1.082183837890625,2.095550537109375,2,L17H1,query_writer_union,L27H6,Q,none,L18H18+L18H19,1.5888671875,True
chain|src=L17H1|site=query_writer_union|recv=L27H6|ch=Q|med=none|live=L18H18+L18H19,130,2.686065673828125,2.197509765625,2,L17H1,query_writer_union,L27H6,Q,none,L18H18+L18H19,2.4417877197265625,True
chain|src=L17H1|site=query_writer_union|recv=L27H6|ch=Q|med=none|live=L18H18+L18H19,132,2.0914306640625,2.83551025390625,2,L17H1,query_writer_union,L27H6,Q,none,L18H18+L18H19,2.463470458984375,True
chain|src=L17H1|site=query_writer_union|recv=L27H6|ch=Q|med=none|live=L18H18+L18H19,134,1.788604736328125,0.9527435302734375,2,L17H1,query_writer_union,L27H6,Q,none,L18H18+L18H19,1.3706741333007812,True
chain|src=L17H1|site=query_writer_union|recv=L27H6|ch=Q|med=none|live=L18H18+L18H19,136,1.325439453125,0.94561767578125,2,L17H1,query_writer_union,L27H6,Q,none,L18H18+L18H19,1.135528564453125,True
chain|src=L17H1|site=query_writer_union|recv=L27H6|ch=Q|med=none|live=L18H18+L18H19,138,0.92547607421875,0.786956787109375,2,L17H1,query_writer_union,L27H6,Q,none,L18H18+L18H19,0.8562164306640625,True
chain|src=L17H1|site=query_writer_union|recv=L27H6|ch=Q|med=none|live=L18H18+L18H19,140,1.97216796875,1.74822998046875,2,L17H1,query_writer_union,L27H6,Q,none,L18H18+L18H19,1.860198974609375,True
chain|src=L17H1|site=query_writer_union|recv=L27H6|ch=Q|med=none|live=L18H18+L18H19,142,0.2392578125,0.3456573486328125,2,L17H1,query_writer_union,L27H6,Q,none,L18H18+L18H19,0.29245758056640625,True
chain|src=L17H1|site=query_writer_union|recv=L27H6|ch=Q|med=none|live=L18H18+L18H19,148,1.8970947265625,1.0950279235839844,2,L17H1,query_writer_union,L27H6,Q,none,L18H18+L18H19,1.4960613250732422,True
chain|src=L17H1|site=query_writer_union|recv=L27H6|ch=Q|med=none|live=L18H18+L18H19,150,0.28851318359375,1.0979156494140625,2,L17H1,query_writer_union,L27H6,Q,none,L18H18+L18H19,0.6932144165039062,True
chain|src=L17H1|site=query_writer_union|recv=L27H6|ch=Q|med=none|live=L18H18+L18H19,152,1.8824462890625,2.661773681640625,2,L17H1,query_writer_union,L27H6,Q,none,L18H18+L18H19,2.2721099853515625,True
chain|src=L17H1|site=query_writer_union|recv=L27H6|ch=Q|med=none|live=L18H18+L18H19,154,1.201904296875,0.737548828125,2,L17H1,query_writer_union,L27H6,Q,none,L18H18+L18H19,0.9697265625,True
chain|src=L17H1|site=query_writer_union|recv=L27H6|ch=Q|med=none|live=L18H18+L18H19,156,0.6308979988098145,0.906005859375,2,L17H1,query_writer_union,L27H6,Q,none,L18H18+L18H19,0.7684519290924072,True
chain|src=L17H1|site=query_writer_union|recv=L27H6|ch=Q|med=none|live=L18H18+L18H19,158,1.79833984375,1.153656005859375,2,L17H1,query_writer_union,L27H6,Q,none,L18H18+L18H19,1.4759979248046875,True
chain|src=L17H1|site=query_writer_union|recv=L27H6|ch=Q|med=none|live=L18H18+L18H19,160,1.967414379119873,2.47198486328125,2,L17H1,query_writer_union,L27H6,Q,none,L18H18+L18H19,2.2196996212005615,True
chain|src=L17H1|site=query_writer_union|recv=L27H6|ch=Q|med=none|live=L18H18+L18H19,162,1.2344970703125,0.86859130859375,2,L17H1,query_writer_union,L27H6,Q,none,L18H18+L18H19,1.051544189453125,True
chain|src=L17H1|site=query_writer_union|recv=L27H6|ch=Q|med=none|live=L18H18+L18H19,166,2.02447509765625,2.628326416015625,2,L17H1,query_writer_union,L27H6,Q,none,L18H18+L18H19,2.3264007568359375,True
chain|src=L17H1|site=query_writer_union|recv=L27H6|ch=Q|med=none|live=L18H18+L18H19,168,-0.000244140625,0.0045166015625,2,L17H1,query_writer_union,L27H6,Q,none,L18H18+L18H19,0.00213623046875,False
chain|src=L17H1|site=query_writer_union|recv=L27H6|ch=Q|med=none|live=L18H18+L18H19,170,0.861419677734375,0.436279296875,2,L17H1,query_writer_union,L27H6,Q,none,L18H18+L18H19,0.6488494873046875,True
chain|src=L17H1|site=query_writer_union|recv=L27H6|ch=Q|med=none|live=L18H18+L18H19,172,1.0098876953125,1.76910400390625,2,L17H1,query_writer_union,L27H6,Q,none,L18H18+L18H19,1.389495849609375,True
chain|src=L17H1|site=query_writer_union|recv=L27H6|ch=Q|med=none|live=L18H18+L18H19,174,-0.001953125,-0.00634765625,2,L17H1,query_writer_union,L27H6,Q,none,L18H18+L18H19,-0.004150390625,True
chain|src=L17H1|site=query_writer_union|recv=L27H6|ch=Q|med=none|live=L18H18+L18H19,176,2.57958984375,2.488597869873047,2,L17H1,query_writer_union,L27H6,Q,none,L18H18+L18H19,2.5340938568115234,True
chain|src=L17H1|site=query_writer_union|recv=L27H6|ch=Q|med=none|live=L18H18+L18H19,178,3.6999435424804688,2.2261962890625,2,L17H1,query_writer_union,L27H6,Q,none,L18H18+L18H19,2.9630699157714844,True
chain|src=L17H1|site=query_writer_union|recv=L27H6|ch=Q|med=none|live=L18H18+L18H19,180,2.66473388671875,4.3697614669799805,2,L17H1,query_writer_union,L27H6,Q,none,L18H18+L18H19,3.5172476768493652,True
chain|src=L17H1|site=query_writer_union|recv=L27H6|ch=Q|med=none|live=L18H18+L18H19,182,1.470703125,0.173980712890625,2,L17H1,query_writer_union,L27H6,Q,none,L18H18+L18H19,0.8223419189453125,True
chain|src=L17H1|site=query_writer_union|recv=L27H6|ch=Q|med=none|live=L18H18+L18H19,186,2.489959716796875,2.743377685546875,2,L17H1,query_writer_union,L27H6,Q,none,L18H18+L18H19,2.616668701171875,True
chain|src=L17H1|site=query_writer_union|recv=L27H6|ch=Q|med=none|live=L18H18+L18H19,188,1.724395751953125,0.44232177734375,2,L17H1,query_writer_union,L27H6,Q,none,L18H18+L18H19,1.0833587646484375,True
chain|src=L17H1|site=query_writer_union|recv=L27H6|ch=Q|med=none|live=L18H18+L18H19,192,2.17962646484375,1.9990234375,2,L17H1,query_writer_union,L27H6,Q,none,L18H18+L18H19,2.089324951171875,True
chain|src=L17H1|site=query_writer_union|recv=L27H6|ch=Q|med=none|live=L18H18+L18H19,194,2.0748291015625,2.61468505859375,2,L17H1,query_writer_union,L27H6,Q,none,L18H18+L18H19,2.344757080078125,True
chain|src=L17H1|site=query_writer_union|recv=L27H6|ch=Q|med=none|live=L18H18+L18H19,196,1.2841796875,0.80419921875,2,L17H1,query_writer_union,L27H6,Q,none,L18H18+L18H19,1.044189453125,True
chain|src=L17H1|site=query_writer_union|recv=L27H6|ch=Q|med=none|live=L18H18+L18H19,198,1.35675048828125,1.764404296875,2,L17H1,query_writer_union,L27H6,Q,none,L18H18+L18H19,1.560577392578125,True
local|src=L20H7|site=colon|recv=residual_to_logits|ch=bypass|med=MLP20+block21+block22|live=none,0,-0.1297607421875,0.0274658203125,3,L20H7,colon,residual_to_logits,bypass,MLP20+block21+block22,none,-0.0511474609375,False
local|src=L20H7|site=colon|recv=residual_to_logits|ch=bypass|med=MLP20+block21+block22|live=none,2,-0.1474609375,0.11498641967773438,3,L20H7,colon,residual_to_logits,bypass,MLP20+block21+block22,none,-0.016237258911132812,False
local|src=L20H7|site=colon|recv=residual_to_logits|ch=bypass|med=MLP20+block21+block22|live=none,4,0.18572998046875,-0.031494140625,3,L20H7,colon,residual_to_logits,bypass,MLP20+block21+block22,none,0.077117919921875,False
local|src=L20H7|site=colon|recv=residual_to_logits|ch=bypass|med=MLP20+block21+block22|live=none,6,-0.11468505859375,0.0211181640625,3,L20H7,colon,residual_to_logits,bypass,MLP20+block21+block22,none,-0.046783447265625,False
local|src=L20H7|site=colon|recv=residual_to_logits|ch=bypass|med=MLP20+block21+block22|live=none,8,-0.0452880859375,-0.0208740234375,3,L20H7,colon,residual_to_logits,bypass,MLP20+block21+block22,none,-0.0330810546875,True
local|src=L20H7|site=colon|recv=residual_to_logits|ch=bypass|med=MLP20+block21+block22|live=none,12,-0.0774688720703125,-0.21175384521484375,3,L20H7,colon,residual_to_logits,bypass,MLP20+block21+block22,none,-0.14461135864257812,True
local|src=L20H7|site=colon|recv=residual_to_logits|ch=bypass|med=MLP20+block21+block22|live=none,14,-0.259002685546875,0.1107177734375,3,L20H7,colon,residual_to_logits,bypass,MLP20+block21+block22,none,-0.0741424560546875,False
local|src=L20H7|site=colon|recv=residual_to_logits|ch=bypass|med=MLP20+block21+block22|live=none,16,-0.0489501953125,0.070556640625,3,L20H7,colon,residual_to_logits,bypass,MLP20+block21+block22,none,0.01080322265625,False
local|src=L20H7|site=colon|recv=residual_to_logits|ch=bypass|med=MLP20+block21+block22|live=none,20,-0.14337158203125,-0.0224609375,3,L20H7,colon,residual_to_logits,bypass,MLP20+block21+block22,none,-0.082916259765625,True
local|src=L20H7|site=colon|recv=residual_to_logits|ch=bypass|med=MLP20+block21+block22|live=none,24,0.2293701171875,-0.6467666625976562,3,L20H7,colon,residual_to_logits,bypass,MLP20+block21+block22,none,-0.20869827270507812,False
local|src=L20H7|site=colon|recv=residual_to_logits|ch=bypass|med=MLP20+block21+block22|live=none,26,-0.016845703125,-0.0286865234375,3,L20H7,colon,residual_to_logits,bypass,MLP20+block21+block22,none,-0.02276611328125,True
local|src=L20H7|site=colon|recv=residual_to_logits|ch=bypass|med=MLP20+block21+block22|live=none,28,-0.0439453125,-0.39892578125,3,L20H7,colon,residual_to_logits,bypass,MLP20+block21+block22,none,-0.221435546875,True
local|src=L20H7|site=colon|recv=residual_to_logits|ch=bypass|med=MLP20+block21+block22|live=none,30,-0.09765625,-0.11749267578125,3,L20H7,colon,residual_to_logits,bypass,MLP20+block21+block22,none,-0.107574462890625,True
local|src=L20H7|site=colon|recv=residual_to_logits|ch=bypass|med=MLP20+block21+block22|live=none,32,-0.32940673828125,0.212890625,3,L20H7,colon,residual_to_logits,bypass,MLP20+block21+block22,none,-0.058258056640625,False
local|src=L20H7|site=colon|recv=residual_to_logits|ch=bypass|med=MLP20+block21+block22|live=none,34,-0.2487163543701172,0.120849609375,3,L20H7,colon,residual_to_logits,bypass,MLP20+block21+block22,none,-0.0639333724975586,False
local|src=L20H7|site=colon|recv=residual_to_logits|ch=bypass|med=MLP20+block21+block22|live=none,36,0.00628662109375,-0.1015625,3,L20H7,colon,residual_to_logits,bypass,MLP20+block21+block22,none,-0.047637939453125,False
local|src=L20H7|site=colon|recv=residual_to_logits|ch=bypass|med=MLP20+block21+block22|live=none,38,-0.46185302734375,0.2917633056640625,3,L20H7,colon,residual_to_logits,bypass,MLP20+block21+block22,none,-0.08504486083984375,False
local|src=L20H7|site=colon|recv=residual_to_logits|ch=bypass|med=MLP20+block21+block22|live=none,40,-0.144012451171875,-0.05419921875,3,L20H7,colon,residual_to_logits,bypass,MLP20+block21+block22,none,-0.0991058349609375,True
local|src=L20H7|site=colon|recv=residual_to_logits|ch=bypass|med=MLP20+block21+block22|live=none,44,0.03035736083984375,-0.13458251953125,3,L20H7,colon,residual_to_logits,bypass,MLP20+block21+block22,none,-0.052112579345703125,False
local|src=L20H7|site=colon|recv=residual_to_logits|ch=bypass|med=MLP20+block21+block22|live=none,46,-0.1710205078125,0.2806854248046875,3,L20H7,colon,residual_to_logits,bypass,MLP20+block21+block22,none,0.05483245849609375,False
local|src=L20H7|site=colon|recv=residual_to_logits|ch=bypass|med=MLP20+block21+block22|live=none,48,-0.033660888671875,-0.017578125,3,L20H7,colon,residual_to_logits,bypass,MLP20+block21+block22,none,-0.0256195068359375,True
local|src=L20H7|site=colon|recv=residual_to_logits|ch=bypass|med=MLP20+block21+block22|live=none,50,0.0540771484375,-0.0982666015625,3,L20H7,colon,residual_to_logits,bypass,MLP20+block21+block22,none,-0.0220947265625,False
local|src=L20H7|site=colon|recv=residual_to_logits|ch=bypass|med=MLP20+block21+block22|live=none,52,-0.047698974609375,-0.0241241455078125,3,L20H7,colon,residual_to_logits,bypass,MLP20+block21+block22,none,-0.03591156005859375,True
local|src=L20H7|site=colon|recv=residual_to_logits|ch=bypass|med=MLP20+block21+block22|live=none,54,0.10174560546875,-0.2178955078125,3,L20H7,colon,residual_to_logits,bypass,MLP20+block21+block22,none,-0.058074951171875,False
local|src=L20H7|site=colon|recv=residual_to_logits|ch=bypass|med=MLP20+block21+block22|live=none,56,-0.09411025047302246,-0.10521125793457031,3,L20H7,colon,residual_to_logits,bypass,MLP20+block21+block22,none,-0.09966075420379639,True
local|src=L20H7|site=colon|recv=residual_to_logits|ch=bypass|med=MLP20+block21+block22|live=none,58,-0.01770782470703125,-0.0887451171875,3,L20H7,colon,residual_to_logits,bypass,MLP20+block21+block22,none,-0.053226470947265625,True
local|src=L20H7|site=colon|recv=residual_to_logits|ch=bypass|med=MLP20+block21+block22|live=none,60,-0.010589599609375,0.0494384765625,3,L20H7,colon,residual_to_logits,bypass,MLP20+block21+block22,none,0.0194244384765625,False
local|src=L20H7|site=colon|recv=residual_to_logits|ch=bypass|med=MLP20+block21+block22|live=none,62,0.043674468994140625,0.1676483154296875,3,L20H7,colon,residual_to_logits,bypass,MLP20+block21+block22,none,0.10566139221191406,True
local|src=L20H7|site=colon|recv=residual_to_logits|ch=bypass|med=MLP20+block21+block22|live=none,64,-0.1094970703125,0.04940032958984375,3,L20H7,colon,residual_to_logits,bypass,MLP20+block21+block22,none,-0.030048370361328125,False
local|src=L20H7|site=colon|recv=residual_to_logits|ch=bypass|med=MLP20+block21+block22|live=none,66,-0.146728515625,-0.1819000244140625,3,L20H7,colon,residual_to_logits,bypass,MLP20+block21+block22,none,-0.16431427001953125,True
local|src=L20H7|site=colon|recv=residual_to_logits|ch=bypass|med=MLP20+block21+block22|live=none,68,0.03857421875,-0.135986328125,3,L20H7,colon,residual_to_logits,bypass,MLP20+block21+block22,none,-0.0487060546875,False
local|src=L20H7|site=colon|recv=residual_to_logits|ch=bypass|med=MLP20+block21+block22|live=none,70,0.10272216796875,-0.19286632537841797,3,L20H7,colon,residual_to_logits,bypass,MLP20+block21+block22,none,-0.045072078704833984,False
local|src=L20H7|site=colon|recv=residual_to_logits|ch=bypass|med=MLP20+block21+block22|live=none,72,-0.05908203125,-0.1055908203125,3,L20H7,colon,residual_to_logits,bypass,MLP20+block21+block22,none,-0.08233642578125,True
local|src=L20H7|site=colon|recv=residual_to_logits|ch=bypass|med=MLP20+block21+block22|live=none,76,0.00826263427734375,-0.1336669921875,3,L20H7,colon,residual_to_logits,bypass,MLP20+block21+block22,none,-0.06270217895507812,False
local|src=L20H7|site=colon|recv=residual_to_logits|ch=bypass|med=MLP20+block21+block22|live=none,78,0.117706298828125,0.014892578125,3,L20H7,colon,residual_to_logits,bypass,MLP20+block21+block22,none,0.0662994384765625,True
local|src=L20H7|site=colon|recv=residual_to_logits|ch=bypass|med=MLP20+block21+block22|live=none,80,0.1439208984375,-0.2235107421875,3,L20H7,colon,residual_to_logits,bypass,MLP20+block21+block22,none,-0.039794921875,False
local|src=L20H7|site=colon|recv=residual_to_logits|ch=bypass|med=MLP20+block21+block22|live=none,82,-0.003662109375,-0.080078125,3,L20H7,colon,residual_to_logits,bypass,MLP20+block21+block22,none,-0.0418701171875,True
local|src=L20H7|site=colon|recv=residual_to_logits|ch=bypass|med=MLP20+block21+block22|live=none,84,0.17401123046875,-0.248992919921875,3,L20H7,colon,residual_to_logits,bypass,MLP20+block21+block22,none,-0.0374908447265625,False
local|src=L20H7|site=colon|recv=residual_to_logits|ch=bypass|med=MLP20+block21+block22|live=none,86,-0.04217529296875,-0.0792236328125,3,L20H7,colon,residual_to_logits,bypass,MLP20+block21+block22,none,-0.060699462890625,True
local|src=L20H7|site=colon|recv=residual_to_logits|ch=bypass|med=MLP20+block21+block22|live=none,88,-0.0694580078125,0.036090850830078125,3,L20H7,colon,residual_to_logits,bypass,MLP20+block21+block22,none,-0.016683578491210938,False
local|src=L20H7|site=colon|recv=residual_to_logits|ch=bypass|med=MLP20+block21+block22|live=none,90,-0.0823974609375,-0.0798797607421875,3,L20H7,colon,residual_to_logits,bypass,MLP20+block21+block22,none,-0.08113861083984375,True
local|src=L20H7|site=colon|recv=residual_to_logits|ch=bypass|med=MLP20+block21+block22|live=none,92,0.0001220703125,-0.22052001953125,3,L20H7,colon,residual_to_logits,bypass,MLP20+block21+block22,none,-0.110198974609375,False
local|src=L20H7|site=colon|recv=residual_to_logits|ch=bypass|med=MLP20+block21+block22|live=none,94,0.13952350616455078,-0.6800537109375,3,L20H7,colon,residual_to_logits,bypass,MLP20+block21+block22,none,-0.2702651023864746,False
local|src=L20H7|site=colon|recv=residual_to_logits|ch=bypass|med=MLP20+block21+block22|live=none,96,0.315277099609375,-0.12744140625,3,L20H7,colon,residual_to_logits,bypass,MLP20+block21+block22,none,0.0939178466796875,False
local|src=L20H7|site=colon|recv=residual_to_logits|ch=bypass|med=MLP20+block21+block22|live=none,98,0.0146942138671875,-0.01806640625,3,L20H7,colon,residual_to_logits,bypass,MLP20+block21+block22,none,-0.00168609619140625,False
local|src=L20H7|site=colon|recv=residual_to_logits|ch=bypass|med=MLP20+block21+block22|live=none,100,-0.06512451171875,-0.0548095703125,3,L20H7,colon,residual_to_logits,bypass,MLP20+block21+block22,none,-0.059967041015625,True
local|src=L20H7|site=colon|recv=residual_to_logits|ch=bypass|med=MLP20+block21+block22|live=none,102,0.1265869140625,0.100799560546875,3,L20H7,colon,residual_to_logits,bypass,MLP20+block21+block22,none,0.1136932373046875,True
local|src=L20H7|site=colon|recv=residual_to_logits|ch=bypass|med=MLP20+block21+block22|live=none,104,-0.009311676025390625,-0.283233642578125,3,L20H7,colon,residual_to_logits,bypass,MLP20+block21+block22,none,-0.1462726593017578,True
local|src=L20H7|site=colon|recv=residual_to_logits|ch=bypass|med=MLP20+block21+block22|live=none,108,-0.0288848876953125,-0.05437469482421875,3,L20H7,colon,residual_to_logits,bypass,MLP20+block21+block22,none,-0.041629791259765625,True
local|src=L20H7|site=colon|recv=residual_to_logits|ch=bypass|med=MLP20+block21+block22|live=none,110,0.0709228515625,-0.0974578857421875,3,L20H7,colon,residual_to_logits,bypass,MLP20+block21+block22,none,-0.01326751708984375,False
local|src=L20H7|site=colon|recv=residual_to_logits|ch=bypass|med=MLP20+block21+block22|live=none,112,-0.30584716796875,0.06640625,3,L20H7,colon,residual_to_logits,bypass,MLP20+block21+block22,none,-0.119720458984375,False
local|src=L20H7|site=colon|recv=residual_to_logits|ch=bypass|med=MLP20+block21+block22|live=none,114,0.0245819091796875,-0.033203125,3,L20H7,colon,residual_to_logits,bypass,MLP20+block21+block22,none,-0.00431060791015625,False
local|src=L20H7|site=colon|recv=residual_to_logits|ch=bypass|med=MLP20+block21+block22|live=none,116,-0.259613037109375,-0.083526611328125,3,L20H7,colon,residual_to_logits,bypass,MLP20+block21+block22,none,-0.17156982421875,True
local|src=L20H7|site=colon|recv=residual_to_logits|ch=bypass|med=MLP20+block21+block22|live=none,118,-0.00830078125,0.01416015625,3,L20H7,colon,residual_to_logits,bypass,MLP20+block21+block22,none,0.0029296875,False
local|src=L20H7|site=colon|recv=residual_to_logits|ch=bypass|med=MLP20+block21+block22|live=none,120,-0.419036865234375,0.2314453125,3,L20H7,colon,residual_to_logits,bypass,MLP20+block21+block22,none,-0.0937957763671875,False
local|src=L20H7|site=colon|recv=residual_to_logits|ch=bypass|med=MLP20+block21+block22|live=none,122,-0.130157470703125,0.06417083740234375,3,L20H7,colon,residual_to_logits,bypass,MLP20+block21+block22,none,-0.032993316650390625,False
local|src=L20H7|site=colon|recv=residual_to_logits|ch=bypass|med=MLP20+block21+block22|live=none,124,-0.238861083984375,0.07977294921875,3,L20H7,colon,residual_to_logits,bypass,MLP20+block21+block22,none,-0.0795440673828125,False
local|src=L20H7|site=colon|recv=residual_to_logits|ch=bypass|med=MLP20+block21+block22|live=none,126,-0.0772705078125,0.00048828125,3,L20H7,colon,residual_to_logits,bypass,MLP20+block21+block22,none,-0.03839111328125,False
local|src=L20H7|site=colon|recv=residual_to_logits|ch=bypass|med=MLP20+block21+block22|live=none,128,-0.313201904296875,-0.119873046875,3,L20H7,colon,residual_to_logits,bypass,MLP20+block21+block22,none,-0.2165374755859375,True
local|src=L20H7|site=colon|recv=residual_to_logits|ch=bypass|med=MLP20+block21+block22|live=none,130,-0.5201416015625,0.0712890625,3,L20H7,colon,residual_to_logits,bypass,MLP20+block21+block22,none,-0.22442626953125,False
local|src=L20H7|site=colon|recv=residual_to_logits|ch=bypass|med=MLP20+block21+block22|live=none,132,-0.081787109375,-0.0318603515625,3,L20H7,colon,residual_to_logits,bypass,MLP20+block21+block22,none,-0.05682373046875,True
local|src=L20H7|site=colon|recv=residual_to_logits|ch=bypass|med=MLP20+block21+block22|live=none,134,-0.125,-0.02825927734375,3,L20H7,colon,residual_to_logits,bypass,MLP20+block21+block22,none,-0.076629638671875,True
local|src=L20H7|site=colon|recv=residual_to_logits|ch=bypass|med=MLP20+block21+block22|live=none,136,0.068359375,0.027130126953125,3,L20H7,colon,residual_to_logits,bypass,MLP20+block21+block22,none,0.0477447509765625,True
local|src=L20H7|site=colon|recv=residual_to_logits|ch=bypass|med=MLP20+block21+block22|live=none,138,0.053558349609375,-0.0843963623046875,3,L20H7,colon,residual_to_logits,bypass,MLP20+block21+block22,none,-0.01541900634765625,False
local|src=L20H7|site=colon|recv=residual_to_logits|ch=bypass|med=MLP20+block21+block22|live=none,140,-0.12322998046875,0.1803436279296875,3,L20H7,colon,residual_to_logits,bypass,MLP20+block21+block22,none,0.02855682373046875,False
local|src=L20H7|site=colon|recv=residual_to_logits|ch=bypass|med=MLP20+block21+block22|live=none,142,-0.1484375,0.1007843017578125,3,L20H7,colon,residual_to_logits,bypass,MLP20+block21+block22,none,-0.02382659912109375,False
local|src=L20H7|site=colon|recv=residual_to_logits|ch=bypass|med=MLP20+block21+block22|live=none,148,-0.06005859375,-0.1814117431640625,3,L20H7,colon,residual_to_logits,bypass,MLP20+block21+block22,none,-0.12073516845703125,True
local|src=L20H7|site=colon|recv=residual_to_logits|ch=bypass|med=MLP20+block21+block22|live=none,150,-0.0227203369140625,-0.038654327392578125,3,L20H7,colon,residual_to_logits,bypass,MLP20+block21+block22,none,-0.030687332153320312,True
local|src=L20H7|site=colon|recv=residual_to_logits|ch=bypass|med=MLP20+block21+block22|live=none,152,-0.0355224609375,-0.25616455078125,3,L20H7,colon,residual_to_logits,bypass,MLP20+block21+block22,none,-0.145843505859375,True
local|src=L20H7|site=colon|recv=residual_to_logits|ch=bypass|med=MLP20+block21+block22|live=none,154,-0.11332321166992188,-0.05859375,3,L20H7,colon,residual_to_logits,bypass,MLP20+block21+block22,none,-0.08595848083496094,True
local|src=L20H7|site=colon|recv=residual_to_logits|ch=bypass|med=MLP20+block21+block22|live=none,156,-0.138214111328125,0.002197265625,3,L20H7,colon,residual_to_logits,bypass,MLP20+block21+block22,none,-0.0680084228515625,False
local|src=L20H7|site=colon|recv=residual_to_logits|ch=bypass|med=MLP20+block21+block22|live=none,158,-0.175537109375,-0.15594482421875,3,L20H7,colon,residual_to_logits,bypass,MLP20+block21+block22,none,-0.165740966796875,True
local|src=L20H7|site=colon|recv=residual_to_logits|ch=bypass|med=MLP20+block21+block22|live=none,160,-0.088897705078125,-0.074920654296875,3,L20H7,colon,residual_to_logits,bypass,MLP20+block21+block22,none,-0.0819091796875,True
local|src=L20H7|site=colon|recv=residual_to_logits|ch=bypass|med=MLP20+block21+block22|live=none,162,-0.120849609375,-0.1102294921875,3,L20H7,colon,residual_to_logits,bypass,MLP20+block21+block22,none,-0.11553955078125,True
local|src=L20H7|site=colon|recv=residual_to_logits|ch=bypass|med=MLP20+block21+block22|live=none,166,-0.270355224609375,-0.09295654296875,3,L20H7,colon,residual_to_logits,bypass,MLP20+block21+block22,none,-0.1816558837890625,True
local|src=L20H7|site=colon|recv=residual_to_logits|ch=bypass|med=MLP20+block21+block22|live=none,168,-0.008056640625,0.0009765625,3,L20H7,colon,residual_to_logits,bypass,MLP20+block21+block22,none,-0.0035400390625,False
local|src=L20H7|site=colon|recv=residual_to_logits|ch=bypass|med=MLP20+block21+block22|live=none,170,-0.3209228515625,-0.115753173828125,3,L20H7,colon,residual_to_logits,bypass,MLP20+block21+block22,none,-0.2183380126953125,True
local|src=L20H7|site=colon|recv=residual_to_logits|ch=bypass|med=MLP20+block21+block22|live=none,172,-0.0238037109375,-0.11478805541992188,3,L20H7,colon,residual_to_logits,bypass,MLP20+block21+block22,none,-0.06929588317871094,True
local|src=L20H7|site=colon|recv=residual_to_logits|ch=bypass|med=MLP20+block21+block22|live=none,174,0.001953125,-0.0025634765625,3,L20H7,colon,residual_to_logits,bypass,MLP20+block21+block22,none,-0.00030517578125,False
local|src=L20H7|site=colon|recv=residual_to_logits|ch=bypass|med=MLP20+block21+block22|live=none,176,-0.1640625,-0.0021514892578125,3,L20H7,colon,residual_to_logits,bypass,MLP20+block21+block22,none,-0.08310699462890625,True
local|src=L20H7|site=colon|recv=residual_to_logits|ch=bypass|med=MLP20+block21+block22|live=none,178,-0.25588226318359375,-0.051177978515625,3,L20H7,colon,residual_to_logits,bypass,MLP20+block21+block22,none,-0.15353012084960938,True
local|src=L20H7|site=colon|recv=residual_to_logits|ch=bypass|med=MLP20+block21+block22|live=none,180,0.119720458984375,-0.199066162109375,3,L20H7,colon,residual_to_logits,bypass,MLP20+block21+block22,none,-0.0396728515625,False
local|src=L20H7|site=colon|recv=residual_to_logits|ch=bypass|med=MLP20+block21+block22|live=none,182,-0.0087890625,-0.04071044921875,3,L20H7,colon,residual_to_logits,bypass,MLP20+block21+block22,none,-0.024749755859375,True
local|src=L20H7|site=colon|recv=residual_to_logits|ch=bypass|med=MLP20+block21+block22|live=none,186,-0.0390625,-0.30133056640625,3,L20H7,colon,residual_to_logits,bypass,MLP20+block21+block22,none,-0.170196533203125,True
local|src=L20H7|site=colon|recv=residual_to_logits|ch=bypass|med=MLP20+block21+block22|live=none,188,0.1136322021484375,-0.199310302734375,3,L20H7,colon,residual_to_logits,bypass,MLP20+block21+block22,none,-0.04283905029296875,False
local|src=L20H7|site=colon|recv=residual_to_logits|ch=bypass|med=MLP20+block21+block22|live=none,192,-0.0245361328125,-0.24114990234375,3,L20H7,colon,residual_to_logits,bypass,MLP20+block21+block22,none,-0.132843017578125,True
local|src=L20H7|site=colon|recv=residual_to_logits|ch=bypass|med=MLP20+block21+block22|live=none,194,0.05303955078125,-0.160888671875,3,L20H7,colon,residual_to_logits,bypass,MLP20+block21+block22,none,-0.053924560546875,False
local|src=L20H7|site=colon|recv=residual_to_logits|ch=bypass|med=MLP20+block21+block22|live=none,196,-0.22607421875,0.03955078125,3,L20H7,colon,residual_to_logits,bypass,MLP20+block21+block22,none,-0.09326171875,False
local|src=L20H7|site=colon|recv=residual_to_logits|ch=bypass|med=MLP20+block21+block22|live=none,198,-0.3121337890625,0.100341796875,3,L20H7,colon,residual_to_logits,bypass,MLP20+block21+block22,none,-0.10589599609375,False
local|src=L26H23|site=colon|recv=residual_to_logits|ch=bypass|med=MLP26+block27+block28|live=none,0,-0.251861572265625,-0.329833984375,4,L26H23,colon,residual_to_logits,bypass,MLP26+block27+block28,none,-0.2908477783203125,True
local|src=L26H23|site=colon|recv=residual_to_logits|ch=bypass|med=MLP26+block27+block28|live=none,2,-0.09033203125,-0.0714263916015625,4,L26H23,colon,residual_to_logits,bypass,MLP26+block27+block28,none,-0.08087921142578125,True
local|src=L26H23|site=colon|recv=residual_to_logits|ch=bypass|med=MLP26+block27+block28|live=none,4,-0.247802734375,-0.2695636749267578,4,L26H23,colon,residual_to_logits,bypass,MLP26+block27+block28,none,-0.2586832046508789,True
local|src=L26H23|site=colon|recv=residual_to_logits|ch=bypass|med=MLP26+block27+block28|live=none,6,0.0264892578125,0.0364990234375,4,L26H23,colon,residual_to_logits,bypass,MLP26+block27+block28,none,0.031494140625,True
local|src=L26H23|site=colon|recv=residual_to_logits|ch=bypass|med=MLP26+block27+block28|live=none,8,0.01708984375,0.0123291015625,4,L26H23,colon,residual_to_logits,bypass,MLP26+block27+block28,none,0.01470947265625,True
local|src=L26H23|site=colon|recv=residual_to_logits|ch=bypass|med=MLP26+block27+block28|live=none,12,-0.192840576171875,-0.09660911560058594,4,L26H23,colon,residual_to_logits,bypass,MLP26+block27+block28,none,-0.14472484588623047,True
local|src=L26H23|site=colon|recv=residual_to_logits|ch=bypass|med=MLP26+block27+block28|live=none,14,0.00518798828125,-0.061923980712890625,4,L26H23,colon,residual_to_logits,bypass,MLP26+block27+block28,none,-0.028367996215820312,False
local|src=L26H23|site=colon|recv=residual_to_logits|ch=bypass|med=MLP26+block27+block28|live=none,16,-0.0279388427734375,-0.095703125,4,L26H23,colon,residual_to_logits,bypass,MLP26+block27+block28,none,-0.06182098388671875,True
local|src=L26H23|site=colon|recv=residual_to_logits|ch=bypass|med=MLP26+block27+block28|live=none,20,-0.2059326171875,-0.04290771484375,4,L26H23,colon,residual_to_logits,bypass,MLP26+block27+block28,none,-0.124420166015625,True
local|src=L26H23|site=colon|recv=residual_to_logits|ch=bypass|med=MLP26+block27+block28|live=none,24,-0.15323638916015625,-0.19927978515625,4,L26H23,colon,residual_to_logits,bypass,MLP26+block27+block28,none,-0.17625808715820312,True
local|src=L26H23|site=colon|recv=residual_to_logits|ch=bypass|med=MLP26+block27+block28|live=none,26,-0.16455078125,-0.20654296875,4,L26H23,colon,residual_to_logits,bypass,MLP26+block27+block28,none,-0.185546875,True
local|src=L26H23|site=colon|recv=residual_to_logits|ch=bypass|med=MLP26+block27+block28|live=none,28,-0.10595703125,-0.1484375,4,L26H23,colon,residual_to_logits,bypass,MLP26+block27+block28,none,-0.127197265625,True
local|src=L26H23|site=colon|recv=residual_to_logits|ch=bypass|med=MLP26+block27+block28|live=none,30,-0.525970458984375,-0.5443115234375,4,L26H23,colon,residual_to_logits,bypass,MLP26+block27+block28,none,-0.5351409912109375,True
local|src=L26H23|site=colon|recv=residual_to_logits|ch=bypass|med=MLP26+block27+block28|live=none,32,-0.480438232421875,-0.2886962890625,4,L26H23,colon,residual_to_logits,bypass,MLP26+block27+block28,none,-0.3845672607421875,True
local|src=L26H23|site=colon|recv=residual_to_logits|ch=bypass|med=MLP26+block27+block28|live=none,34,-0.197113037109375,-0.1746826171875,4,L26H23,colon,residual_to_logits,bypass,MLP26+block27+block28,none,-0.1858978271484375,True
local|src=L26H23|site=colon|recv=residual_to_logits|ch=bypass|med=MLP26+block27+block28|live=none,36,-0.042755126953125,-0.00604248046875,4,L26H23,colon,residual_to_logits,bypass,MLP26+block27+block28,none,-0.0243988037109375,True
local|src=L26H23|site=colon|recv=residual_to_logits|ch=bypass|med=MLP26+block27+block28|live=none,38,-0.199310302734375,-0.2393798828125,4,L26H23,colon,residual_to_logits,bypass,MLP26+block27+block28,none,-0.2193450927734375,True
local|src=L26H23|site=colon|recv=residual_to_logits|ch=bypass|med=MLP26+block27+block28|live=none,40,-0.43756103515625,-0.58587646484375,4,L26H23,colon,residual_to_logits,bypass,MLP26+block27+block28,none,-0.51171875,True
local|src=L26H23|site=colon|recv=residual_to_logits|ch=bypass|med=MLP26+block27+block28|live=none,44,-0.1280517578125,-0.055694580078125,4,L26H23,colon,residual_to_logits,bypass,MLP26+block27+block28,none,-0.0918731689453125,True
local|src=L26H23|site=colon|recv=residual_to_logits|ch=bypass|med=MLP26+block27+block28|live=none,46,-0.36920166015625,-0.16240692138671875,4,L26H23,colon,residual_to_logits,bypass,MLP26+block27+block28,none,-0.2658042907714844,True
local|src=L26H23|site=colon|recv=residual_to_logits|ch=bypass|med=MLP26+block27+block28|live=none,48,-0.12856674194335938,-0.1551513671875,4,L26H23,colon,residual_to_logits,bypass,MLP26+block27+block28,none,-0.1418590545654297,True
local|src=L26H23|site=colon|recv=residual_to_logits|ch=bypass|med=MLP26+block27+block28|live=none,50,-0.00146484375,0.0333251953125,4,L26H23,colon,residual_to_logits,bypass,MLP26+block27+block28,none,0.01593017578125,False
local|src=L26H23|site=colon|recv=residual_to_logits|ch=bypass|med=MLP26+block27+block28|live=none,52,-0.3758697509765625,-0.265566349029541,4,L26H23,colon,residual_to_logits,bypass,MLP26+block27+block28,none,-0.32071805000305176,True
local|src=L26H23|site=colon|recv=residual_to_logits|ch=bypass|med=MLP26+block27+block28|live=none,54,-0.52813720703125,-0.210205078125,4,L26H23,colon,residual_to_logits,bypass,MLP26+block27+block28,none,-0.369171142578125,True
local|src=L26H23|site=colon|recv=residual_to_logits|ch=bypass|med=MLP26+block27+block28|live=none,56,-0.7734375,-0.2178497314453125,4,L26H23,colon,residual_to_logits,bypass,MLP26+block27+block28,none,-0.49564361572265625,True
local|src=L26H23|site=colon|recv=residual_to_logits|ch=bypass|med=MLP26+block27+block28|live=none,58,-0.0938262939453125,-0.05029296875,4,L26H23,colon,residual_to_logits,bypass,MLP26+block27+block28,none,-0.07205963134765625,True
local|src=L26H23|site=colon|recv=residual_to_logits|ch=bypass|med=MLP26+block27+block28|live=none,60,-0.2619514465332031,-0.32275390625,4,L26H23,colon,residual_to_logits,bypass,MLP26+block27+block28,none,-0.29235267639160156,True
local|src=L26H23|site=colon|recv=residual_to_logits|ch=bypass|med=MLP26+block27+block28|live=none,62,-0.55426025390625,-0.7575149536132812,4,L26H23,colon,residual_to_logits,bypass,MLP26+block27+block28,none,-0.6558876037597656,True
local|src=L26H23|site=colon|recv=residual_to_logits|ch=bypass|med=MLP26+block27+block28|live=none,64,-0.12542724609375,-0.05230712890625,4,L26H23,colon,residual_to_logits,bypass,MLP26+block27+block28,none,-0.0888671875,True
local|src=L26H23|site=colon|recv=residual_to_logits|ch=bypass|med=MLP26+block27+block28|live=none,66,-0.114593505859375,-0.0650634765625,4,L26H23,colon,residual_to_logits,bypass,MLP26+block27+block28,none,-0.0898284912109375,True
local|src=L26H23|site=colon|recv=residual_to_logits|ch=bypass|med=MLP26+block27+block28|live=none,68,-0.193359375,-0.074462890625,4,L26H23,colon,residual_to_logits,bypass,MLP26+block27+block28,none,-0.1339111328125,True
local|src=L26H23|site=colon|recv=residual_to_logits|ch=bypass|med=MLP26+block27+block28|live=none,70,-0.096435546875,-0.15681886672973633,4,L26H23,colon,residual_to_logits,bypass,MLP26+block27+block28,none,-0.12662720680236816,True
local|src=L26H23|site=colon|recv=residual_to_logits|ch=bypass|med=MLP26+block27+block28|live=none,72,-0.095458984375,-0.2103271484375,4,L26H23,colon,residual_to_logits,bypass,MLP26+block27+block28,none,-0.15289306640625,True
local|src=L26H23|site=colon|recv=residual_to_logits|ch=bypass|med=MLP26+block27+block28|live=none,76,-0.600341796875,-0.66455078125,4,L26H23,colon,residual_to_logits,bypass,MLP26+block27+block28,none,-0.6324462890625,True
local|src=L26H23|site=colon|recv=residual_to_logits|ch=bypass|med=MLP26+block27+block28|live=none,78,-0.305145263671875,-0.4283447265625,4,L26H23,colon,residual_to_logits,bypass,MLP26+block27+block28,none,-0.3667449951171875,True
local|src=L26H23|site=colon|recv=residual_to_logits|ch=bypass|med=MLP26+block27+block28|live=none,80,-0.04473876953125,-0.01654052734375,4,L26H23,colon,residual_to_logits,bypass,MLP26+block27+block28,none,-0.0306396484375,True
local|src=L26H23|site=colon|recv=residual_to_logits|ch=bypass|med=MLP26+block27+block28|live=none,82,-0.0989990234375,-0.041015625,4,L26H23,colon,residual_to_logits,bypass,MLP26+block27+block28,none,-0.07000732421875,True
local|src=L26H23|site=colon|recv=residual_to_logits|ch=bypass|med=MLP26+block27+block28|live=none,84,-0.396240234375,-0.1619873046875,4,L26H23,colon,residual_to_logits,bypass,MLP26+block27+block28,none,-0.27911376953125,True
local|src=L26H23|site=colon|recv=residual_to_logits|ch=bypass|med=MLP26+block27+block28|live=none,86,-0.03985595703125,-0.019317626953125,4,L26H23,colon,residual_to_logits,bypass,MLP26+block27+block28,none,-0.0295867919921875,True
local|src=L26H23|site=colon|recv=residual_to_logits|ch=bypass|med=MLP26+block27+block28|live=none,88,-0.31365966796875,-0.0718994140625,4,L26H23,colon,residual_to_logits,bypass,MLP26+block27+block28,none,-0.192779541015625,True
local|src=L26H23|site=colon|recv=residual_to_logits|ch=bypass|med=MLP26+block27+block28|live=none,90,-0.4510498046875,-0.3936767578125,4,L26H23,colon,residual_to_logits,bypass,MLP26+block27+block28,none,-0.42236328125,True
local|src=L26H23|site=colon|recv=residual_to_logits|ch=bypass|med=MLP26+block27+block28|live=none,92,-0.1956787109375,-0.039306640625,4,L26H23,colon,residual_to_logits,bypass,MLP26+block27+block28,none,-0.11749267578125,True
local|src=L26H23|site=colon|recv=residual_to_logits|ch=bypass|med=MLP26+block27+block28|live=none,94,-0.24951171875,-0.1650390625,4,L26H23,colon,residual_to_logits,bypass,MLP26+block27+block28,none,-0.207275390625,True
local|src=L26H23|site=colon|recv=residual_to_logits|ch=bypass|med=MLP26+block27+block28|live=none,96,-0.7170562744140625,-0.3720703125,4,L26H23,colon,residual_to_logits,bypass,MLP26+block27+block28,none,-0.5445632934570312,True
local|src=L26H23|site=colon|recv=residual_to_logits|ch=bypass|med=MLP26+block27+block28|live=none,98,-0.12774658203125,-0.06304931640625,4,L26H23,colon,residual_to_logits,bypass,MLP26+block27+block28,none,-0.09539794921875,True
local|src=L26H23|site=colon|recv=residual_to_logits|ch=bypass|med=MLP26+block27+block28|live=none,100,-0.01751708984375,-0.1002197265625,4,L26H23,colon,residual_to_logits,bypass,MLP26+block27+block28,none,-0.058868408203125,True
local|src=L26H23|site=colon|recv=residual_to_logits|ch=bypass|med=MLP26+block27+block28|live=none,102,-0.1673583984375,-0.338623046875,4,L26H23,colon,residual_to_logits,bypass,MLP26+block27+block28,none,-0.25299072265625,True
local|src=L26H23|site=colon|recv=residual_to_logits|ch=bypass|med=MLP26+block27+block28|live=none,104,0.2275390625,0.184783935546875,4,L26H23,colon,residual_to_logits,bypass,MLP26+block27+block28,none,0.2061614990234375,True
local|src=L26H23|site=colon|recv=residual_to_logits|ch=bypass|med=MLP26+block27+block28|live=none,108,0.00142669677734375,0.03619384765625,4,L26H23,colon,residual_to_logits,bypass,MLP26+block27+block28,none,0.018810272216796875,True
local|src=L26H23|site=colon|recv=residual_to_logits|ch=bypass|med=MLP26+block27+block28|live=none,110,-0.076904296875,-0.0743408203125,4,L26H23,colon,residual_to_logits,bypass,MLP26+block27+block28,none,-0.07562255859375,True
local|src=L26H23|site=colon|recv=residual_to_logits|ch=bypass|med=MLP26+block27+block28|live=none,112,-0.0161895751953125,0.142822265625,4,L26H23,colon,residual_to_logits,bypass,MLP26+block27+block28,none,0.06331634521484375,False
local|src=L26H23|site=colon|recv=residual_to_logits|ch=bypass|med=MLP26+block27+block28|live=none,114,0.02801513671875,-0.18603515625,4,L26H23,colon,residual_to_logits,bypass,MLP26+block27+block28,none,-0.079010009765625,False
local|src=L26H23|site=colon|recv=residual_to_logits|ch=bypass|med=MLP26+block27+block28|live=none,116,-0.1317138671875,-0.3244781494140625,4,L26H23,colon,residual_to_logits,bypass,MLP26+block27+block28,none,-0.22809600830078125,True
local|src=L26H23|site=colon|recv=residual_to_logits|ch=bypass|med=MLP26+block27+block28|live=none,118,-0.0362548828125,-0.01416015625,4,L26H23,colon,residual_to_logits,bypass,MLP26+block27+block28,none,-0.02520751953125,True
local|src=L26H23|site=colon|recv=residual_to_logits|ch=bypass|med=MLP26+block27+block28|live=none,120,-0.03594207763671875,0.034423828125,4,L26H23,colon,residual_to_logits,bypass,MLP26+block27+block28,none,-0.000759124755859375,False
local|src=L26H23|site=colon|recv=residual_to_logits|ch=bypass|med=MLP26+block27+block28|live=none,122,-0.11331939697265625,-0.1807861328125,4,L26H23,colon,residual_to_logits,bypass,MLP26+block27+block28,none,-0.14705276489257812,True
local|src=L26H23|site=colon|recv=residual_to_logits|ch=bypass|med=MLP26+block27+block28|live=none,124,-0.2849006652832031,-0.2315673828125,4,L26H23,colon,residual_to_logits,bypass,MLP26+block27+block28,none,-0.25823402404785156,True
local|src=L26H23|site=colon|recv=residual_to_logits|ch=bypass|med=MLP26+block27+block28|live=none,126,-0.056640625,-0.0623779296875,4,L26H23,colon,residual_to_logits,bypass,MLP26+block27+block28,none,-0.05950927734375,True
local|src=L26H23|site=colon|recv=residual_to_logits|ch=bypass|med=MLP26+block27+block28|live=none,128,0.00267791748046875,-0.0787353515625,4,L26H23,colon,residual_to_logits,bypass,MLP26+block27+block28,none,-0.038028717041015625,False
local|src=L26H23|site=colon|recv=residual_to_logits|ch=bypass|med=MLP26+block27+block28|live=none,130,-0.151885986328125,-0.224853515625,4,L26H23,colon,residual_to_logits,bypass,MLP26+block27+block28,none,-0.1883697509765625,True
local|src=L26H23|site=colon|recv=residual_to_logits|ch=bypass|med=MLP26+block27+block28|live=none,132,-0.383544921875,-0.58837890625,4,L26H23,colon,residual_to_logits,bypass,MLP26+block27+block28,none,-0.4859619140625,True
local|src=L26H23|site=colon|recv=residual_to_logits|ch=bypass|med=MLP26+block27+block28|live=none,134,-0.0676116943359375,-0.053070068359375,4,L26H23,colon,residual_to_logits,bypass,MLP26+block27+block28,none,-0.06034088134765625,True
local|src=L26H23|site=colon|recv=residual_to_logits|ch=bypass|med=MLP26+block27+block28|live=none,136,-0.508056640625,-0.35296630859375,4,L26H23,colon,residual_to_logits,bypass,MLP26+block27+block28,none,-0.430511474609375,True
local|src=L26H23|site=colon|recv=residual_to_logits|ch=bypass|med=MLP26+block27+block28|live=none,138,0.01715087890625,0.0141754150390625,4,L26H23,colon,residual_to_logits,bypass,MLP26+block27+block28,none,0.01566314697265625,True
local|src=L26H23|site=colon|recv=residual_to_logits|ch=bypass|med=MLP26+block27+block28|live=none,140,-0.0576171875,-0.0953369140625,4,L26H23,colon,residual_to_logits,bypass,MLP26+block27+block28,none,-0.07647705078125,True
local|src=L26H23|site=colon|recv=residual_to_logits|ch=bypass|med=MLP26+block27+block28|live=none,142,-0.193359375,-0.52850341796875,4,L26H23,colon,residual_to_logits,bypass,MLP26+block27+block28,none,-0.360931396484375,True
local|src=L26H23|site=colon|recv=residual_to_logits|ch=bypass|med=MLP26+block27+block28|live=none,148,-0.100341796875,-0.019672393798828125,4,L26H23,colon,residual_to_logits,bypass,MLP26+block27+block28,none,-0.06000709533691406,True
local|src=L26H23|site=colon|recv=residual_to_logits|ch=bypass|med=MLP26+block27+block28|live=none,150,-0.422454833984375,-0.37890625,4,L26H23,colon,residual_to_logits,bypass,MLP26+block27+block28,none,-0.4006805419921875,True
local|src=L26H23|site=colon|recv=residual_to_logits|ch=bypass|med=MLP26+block27+block28|live=none,152,-0.12542724609375,-0.06567978858947754,4,L26H23,colon,residual_to_logits,bypass,MLP26+block27+block28,none,-0.09555351734161377,True
local|src=L26H23|site=colon|recv=residual_to_logits|ch=bypass|med=MLP26+block27+block28|live=none,154,-0.362396240234375,-0.302978515625,4,L26H23,colon,residual_to_logits,bypass,MLP26+block27+block28,none,-0.3326873779296875,True
local|src=L26H23|site=colon|recv=residual_to_logits|ch=bypass|med=MLP26+block27+block28|live=none,156,-0.4378662109375,-0.3828125,4,L26H23,colon,residual_to_logits,bypass,MLP26+block27+block28,none,-0.41033935546875,True
local|src=L26H23|site=colon|recv=residual_to_logits|ch=bypass|med=MLP26+block27+block28|live=none,158,-0.0303955078125,-0.0361328125,4,L26H23,colon,residual_to_logits,bypass,MLP26+block27+block28,none,-0.03326416015625,True
local|src=L26H23|site=colon|recv=residual_to_logits|ch=bypass|med=MLP26+block27+block28|live=none,160,-0.01454925537109375,-0.15923309326171875,4,L26H23,colon,residual_to_logits,bypass,MLP26+block27+block28,none,-0.08689117431640625,True
local|src=L26H23|site=colon|recv=residual_to_logits|ch=bypass|med=MLP26+block27+block28|live=none,162,-0.0517578125,-0.0400390625,4,L26H23,colon,residual_to_logits,bypass,MLP26+block27+block28,none,-0.0458984375,True
local|src=L26H23|site=colon|recv=residual_to_logits|ch=bypass|med=MLP26+block27+block28|live=none,166,-0.073455810546875,-0.0794677734375,4,L26H23,colon,residual_to_logits,bypass,MLP26+block27+block28,none,-0.0764617919921875,True
local|src=L26H23|site=colon|recv=residual_to_logits|ch=bypass|med=MLP26+block27+block28|live=none,168,0.00048828125,-0.00048828125,4,L26H23,colon,residual_to_logits,bypass,MLP26+block27+block28,none,0.0,False
local|src=L26H23|site=colon|recv=residual_to_logits|ch=bypass|med=MLP26+block27+block28|live=none,170,-0.1942138671875,-0.1146240234375,4,L26H23,colon,residual_to_logits,bypass,MLP26+block27+block28,none,-0.1544189453125,True
local|src=L26H23|site=colon|recv=residual_to_logits|ch=bypass|med=MLP26+block27+block28|live=none,172,-0.0211181640625,-0.00079345703125,4,L26H23,colon,residual_to_logits,bypass,MLP26+block27+block28,none,-0.010955810546875,True
local|src=L26H23|site=colon|recv=residual_to_logits|ch=bypass|med=MLP26+block27+block28|live=none,174,-0.000732421875,0.0,4,L26H23,colon,residual_to_logits,bypass,MLP26+block27+block28,none,-0.0003662109375,False
local|src=L26H23|site=colon|recv=residual_to_logits|ch=bypass|med=MLP26+block27+block28|live=none,176,-0.027587890625,-0.2379608154296875,4,L26H23,colon,residual_to_logits,bypass,MLP26+block27+block28,none,-0.13277435302734375,True
local|src=L26H23|site=colon|recv=residual_to_logits|ch=bypass|med=MLP26+block27+block28|live=none,178,-0.21035003662109375,-0.24237060546875,4,L26H23,colon,residual_to_logits,bypass,MLP26+block27+block28,none,-0.22636032104492188,True
local|src=L26H23|site=colon|recv=residual_to_logits|ch=bypass|med=MLP26+block27+block28|live=none,180,-0.1473388671875,-0.0820465087890625,4,L26H23,colon,residual_to_logits,bypass,MLP26+block27+block28,none,-0.11469268798828125,True
local|src=L26H23|site=colon|recv=residual_to_logits|ch=bypass|med=MLP26+block27+block28|live=none,182,-0.18017578125,-0.111328125,4,L26H23,colon,residual_to_logits,bypass,MLP26+block27+block28,none,-0.145751953125,True
local|src=L26H23|site=colon|recv=residual_to_logits|ch=bypass|med=MLP26+block27+block28|live=none,186,-0.1581268310546875,-0.218780517578125,4,L26H23,colon,residual_to_logits,bypass,MLP26+block27+block28,none,-0.18845367431640625,True
local|src=L26H23|site=colon|recv=residual_to_logits|ch=bypass|med=MLP26+block27+block28|live=none,188,-0.35052490234375,-0.07489013671875,4,L26H23,colon,residual_to_logits,bypass,MLP26+block27+block28,none,-0.21270751953125,True
local|src=L26H23|site=colon|recv=residual_to_logits|ch=bypass|med=MLP26+block27+block28|live=none,192,-0.1943359375,-0.15301513671875,4,L26H23,colon,residual_to_logits,bypass,MLP26+block27+block28,none,-0.173675537109375,True
local|src=L26H23|site=colon|recv=residual_to_logits|ch=bypass|med=MLP26+block27+block28|live=none,194,-0.05255126953125,-0.23114013671875,4,L26H23,colon,residual_to_logits,bypass,MLP26+block27+block28,none,-0.141845703125,True
local|src=L26H23|site=colon|recv=residual_to_logits|ch=bypass|med=MLP26+block27+block28|live=none,196,-0.36865234375,-0.23486328125,4,L26H23,colon,residual_to_logits,bypass,MLP26+block27+block28,none,-0.3017578125,True
local|src=L26H23|site=colon|recv=residual_to_logits|ch=bypass|med=MLP26+block27+block28|live=none,198,-0.0596923828125,-0.1024169921875,4,L26H23,colon,residual_to_logits,bypass,MLP26+block27+block28,none,-0.0810546875,True
local|src=L8H15|site=query_sentence|recv=L18H18|ch=V|med=MLP8+MLP9|live=none,0,-0.100311279296875,-0.150146484375,5,L8H15,query_sentence,L18H18,V,MLP8+MLP9,none,-0.1252288818359375,True
local|src=L8H15|site=query_sentence|recv=L18H18|ch=V|med=MLP8+MLP9|live=none,2,-0.10595703125,-0.061309814453125,5,L8H15,query_sentence,L18H18,V,MLP8+MLP9,none,-0.0836334228515625,True
local|src=L8H15|site=query_sentence|recv=L18H18|ch=V|med=MLP8+MLP9|live=none,4,-0.22430419921875,-0.17384910583496094,5,L8H15,query_sentence,L18H18,V,MLP8+MLP9,none,-0.19907665252685547,True
local|src=L8H15|site=query_sentence|recv=L18H18|ch=V|med=MLP8+MLP9|live=none,6,-0.13250732421875,-0.126220703125,5,L8H15,query_sentence,L18H18,V,MLP8+MLP9,none,-0.129364013671875,True
local|src=L8H15|site=query_sentence|recv=L18H18|ch=V|med=MLP8+MLP9|live=none,8,-0.129150390625,-0.08551025390625,5,L8H15,query_sentence,L18H18,V,MLP8+MLP9,none,-0.107330322265625,True
local|src=L8H15|site=query_sentence|recv=L18H18|ch=V|med=MLP8+MLP9|live=none,12,-0.2015533447265625,-0.23681640625,5,L8H15,query_sentence,L18H18,V,MLP8+MLP9,none,-0.21918487548828125,True
local|src=L8H15|site=query_sentence|recv=L18H18|ch=V|med=MLP8+MLP9|live=none,14,-0.130126953125,-0.17462158203125,5,L8H15,query_sentence,L18H18,V,MLP8+MLP9,none,-0.152374267578125,True
local|src=L8H15|site=query_sentence|recv=L18H18|ch=V|med=MLP8+MLP9|live=none,16,-0.1726818084716797,-0.180511474609375,5,L8H15,query_sentence,L18H18,V,MLP8+MLP9,none,-0.17659664154052734,True
local|src=L8H15|site=query_sentence|recv=L18H18|ch=V|med=MLP8+MLP9|live=none,20,-0.18796920776367188,-0.19586181640625,5,L8H15,query_sentence,L18H18,V,MLP8+MLP9,none,-0.19191551208496094,True
local|src=L8H15|site=query_sentence|recv=L18H18|ch=V|med=MLP8+MLP9|live=none,24,-0.26397705078125,-0.164825439453125,5,L8H15,query_sentence,L18H18,V,MLP8+MLP9,none,-0.2144012451171875,True
local|src=L8H15|site=query_sentence|recv=L18H18|ch=V|med=MLP8+MLP9|live=none,26,-0.181640625,-0.0948486328125,5,L8H15,query_sentence,L18H18,V,MLP8+MLP9,none,-0.13824462890625,True
local|src=L8H15|site=query_sentence|recv=L18H18|ch=V|med=MLP8+MLP9|live=none,28,-0.200927734375,-0.090087890625,5,L8H15,query_sentence,L18H18,V,MLP8+MLP9,none,-0.1455078125,True
local|src=L8H15|site=query_sentence|recv=L18H18|ch=V|med=MLP8+MLP9|live=none,30,-0.192474365234375,-0.146240234375,5,L8H15,query_sentence,L18H18,V,MLP8+MLP9,none,-0.1693572998046875,True
local|src=L8H15|site=query_sentence|recv=L18H18|ch=V|med=MLP8+MLP9|live=none,32,-0.18316268920898438,-0.2042694091796875,5,L8H15,query_sentence,L18H18,V,MLP8+MLP9,none,-0.19371604919433594,True
local|src=L8H15|site=query_sentence|recv=L18H18|ch=V|med=MLP8+MLP9|live=none,34,-0.194000244140625,-0.11474609375,5,L8H15,query_sentence,L18H18,V,MLP8+MLP9,none,-0.1543731689453125,True
local|src=L8H15|site=query_sentence|recv=L18H18|ch=V|med=MLP8+MLP9|live=none,36,-0.24953842163085938,-0.170867919921875,5,L8H15,query_sentence,L18H18,V,MLP8+MLP9,none,-0.2102031707763672,True
local|src=L8H15|site=query_sentence|recv=L18H18|ch=V|med=MLP8+MLP9|live=none,38,-0.069610595703125,-0.07274627685546875,5,L8H15,query_sentence,L18H18,V,MLP8+MLP9,none,-0.07117843627929688,True
local|src=L8H15|site=query_sentence|recv=L18H18|ch=V|med=MLP8+MLP9|live=none,40,-0.02791595458984375,-0.096221923828125,5,L8H15,query_sentence,L18H18,V,MLP8+MLP9,none,-0.062068939208984375,True
local|src=L8H15|site=query_sentence|recv=L18H18|ch=V|med=MLP8+MLP9|live=none,44,-0.16255760192871094,-0.234100341796875,5,L8H15,query_sentence,L18H18,V,MLP8+MLP9,none,-0.19832897186279297,True
local|src=L8H15|site=query_sentence|recv=L18H18|ch=V|med=MLP8+MLP9|live=none,46,-0.14013671875,-0.168212890625,5,L8H15,query_sentence,L18H18,V,MLP8+MLP9,none,-0.1541748046875,True
local|src=L8H15|site=query_sentence|recv=L18H18|ch=V|med=MLP8+MLP9|live=none,48,-0.11425018310546875,-0.0775146484375,5,L8H15,query_sentence,L18H18,V,MLP8+MLP9,none,-0.09588241577148438,True
local|src=L8H15|site=query_sentence|recv=L18H18|ch=V|med=MLP8+MLP9|live=none,50,-0.1085205078125,-0.07470703125,5,L8H15,query_sentence,L18H18,V,MLP8+MLP9,none,-0.09161376953125,True
local|src=L8H15|site=query_sentence|recv=L18H18|ch=V|med=MLP8+MLP9|live=none,52,-0.0742950439453125,-0.102447509765625,5,L8H15,query_sentence,L18H18,V,MLP8+MLP9,none,-0.08837127685546875,True
local|src=L8H15|site=query_sentence|recv=L18H18|ch=V|med=MLP8+MLP9|live=none,54,-0.20745849609375,-0.171142578125,5,L8H15,query_sentence,L18H18,V,MLP8+MLP9,none,-0.189300537109375,True
local|src=L8H15|site=query_sentence|recv=L18H18|ch=V|med=MLP8+MLP9|live=none,56,-0.0697021484375,-0.09751129150390625,5,L8H15,query_sentence,L18H18,V,MLP8+MLP9,none,-0.08360671997070312,True
local|src=L8H15|site=query_sentence|recv=L18H18|ch=V|med=MLP8+MLP9|live=none,58,-0.18230056762695312,-0.13623046875,5,L8H15,query_sentence,L18H18,V,MLP8+MLP9,none,-0.15926551818847656,True
local|src=L8H15|site=query_sentence|recv=L18H18|ch=V|med=MLP8+MLP9|live=none,60,-0.068572998046875,-0.157958984375,5,L8H15,query_sentence,L18H18,V,MLP8+MLP9,none,-0.1132659912109375,True
local|src=L8H15|site=query_sentence|recv=L18H18|ch=V|med=MLP8+MLP9|live=none,62,-0.2481689453125,-0.103363037109375,5,L8H15,query_sentence,L18H18,V,MLP8+MLP9,none,-0.1757659912109375,True
local|src=L8H15|site=query_sentence|recv=L18H18|ch=V|med=MLP8+MLP9|live=none,64,-0.09906005859375,-0.1683349609375,5,L8H15,query_sentence,L18H18,V,MLP8+MLP9,none,-0.133697509765625,True
local|src=L8H15|site=query_sentence|recv=L18H18|ch=V|med=MLP8+MLP9|live=none,66,-0.1717529296875,-0.13825225830078125,5,L8H15,query_sentence,L18H18,V,MLP8+MLP9,none,-0.15500259399414062,True
local|src=L8H15|site=query_sentence|recv=L18H18|ch=V|med=MLP8+MLP9|live=none,68,-0.20440673828125,-0.174072265625,5,L8H15,query_sentence,L18H18,V,MLP8+MLP9,none,-0.189239501953125,True
local|src=L8H15|site=query_sentence|recv=L18H18|ch=V|med=MLP8+MLP9|live=none,70,-0.113525390625,-0.1518096923828125,5,L8H15,query_sentence,L18H18,V,MLP8+MLP9,none,-0.13266754150390625,True
local|src=L8H15|site=query_sentence|recv=L18H18|ch=V|med=MLP8+MLP9|live=none,72,-0.11962890625,-0.2232666015625,5,L8H15,query_sentence,L18H18,V,MLP8+MLP9,none,-0.17144775390625,True
local|src=L8H15|site=query_sentence|recv=L18H18|ch=V|med=MLP8+MLP9|live=none,76,-0.13958740234375,-0.221160888671875,5,L8H15,query_sentence,L18H18,V,MLP8+MLP9,none,-0.1803741455078125,True
local|src=L8H15|site=query_sentence|recv=L18H18|ch=V|med=MLP8+MLP9|live=none,78,-0.2593994140625,-0.1507568359375,5,L8H15,query_sentence,L18H18,V,MLP8+MLP9,none,-0.205078125,True
local|src=L8H15|site=query_sentence|recv=L18H18|ch=V|med=MLP8+MLP9|live=none,80,-0.39019775390625,-0.411376953125,5,L8H15,query_sentence,L18H18,V,MLP8+MLP9,none,-0.400787353515625,True
local|src=L8H15|site=query_sentence|recv=L18H18|ch=V|med=MLP8+MLP9|live=none,82,-0.12176513671875,-0.0986328125,5,L8H15,query_sentence,L18H18,V,MLP8+MLP9,none,-0.110198974609375,True
local|src=L8H15|site=query_sentence|recv=L18H18|ch=V|med=MLP8+MLP9|live=none,84,-0.095245361328125,-0.118896484375,5,L8H15,query_sentence,L18H18,V,MLP8+MLP9,none,-0.1070709228515625,True
local|src=L8H15|site=query_sentence|recv=L18H18|ch=V|med=MLP8+MLP9|live=none,86,-0.1004638671875,-0.0940093994140625,5,L8H15,query_sentence,L18H18,V,MLP8+MLP9,none,-0.09723663330078125,True
local|src=L8H15|site=query_sentence|recv=L18H18|ch=V|med=MLP8+MLP9|live=none,88,-0.171417236328125,-0.155517578125,5,L8H15,query_sentence,L18H18,V,MLP8+MLP9,none,-0.1634674072265625,True
local|src=L8H15|site=query_sentence|recv=L18H18|ch=V|med=MLP8+MLP9|live=none,90,-0.1654052734375,-0.17779159545898438,5,L8H15,query_sentence,L18H18,V,MLP8+MLP9,none,-0.1715984344482422,True
local|src=L8H15|site=query_sentence|recv=L18H18|ch=V|med=MLP8+MLP9|live=none,92,-0.259521484375,-0.23681640625,5,L8H15,query_sentence,L18H18,V,MLP8+MLP9,none,-0.2481689453125,True
local|src=L8H15|site=query_sentence|recv=L18H18|ch=V|med=MLP8+MLP9|live=none,94,-0.132568359375,-0.35565185546875,5,L8H15,query_sentence,L18H18,V,MLP8+MLP9,none,-0.244110107421875,True
local|src=L8H15|site=query_sentence|recv=L18H18|ch=V|med=MLP8+MLP9|live=none,96,-0.2949676513671875,-0.205810546875,5,L8H15,query_sentence,L18H18,V,MLP8+MLP9,none,-0.25038909912109375,True
local|src=L8H15|site=query_sentence|recv=L18H18|ch=V|med=MLP8+MLP9|live=none,98,-0.3267059326171875,-0.11187744140625,5,L8H15,query_sentence,L18H18,V,MLP8+MLP9,none,-0.21929168701171875,True
local|src=L8H15|site=query_sentence|recv=L18H18|ch=V|med=MLP8+MLP9|live=none,100,-0.173065185546875,-0.13433837890625,5,L8H15,query_sentence,L18H18,V,MLP8+MLP9,none,-0.1537017822265625,True
local|src=L8H15|site=query_sentence|recv=L18H18|ch=V|med=MLP8+MLP9|live=none,102,-0.20156478881835938,-0.1741943359375,5,L8H15,query_sentence,L18H18,V,MLP8+MLP9,none,-0.1878795623779297,True
local|src=L8H15|site=query_sentence|recv=L18H18|ch=V|med=MLP8+MLP9|live=none,104,-0.06463623046875,-0.09332275390625,5,L8H15,query_sentence,L18H18,V,MLP8+MLP9,none,-0.0789794921875,True
local|src=L8H15|site=query_sentence|recv=L18H18|ch=V|med=MLP8+MLP9|live=none,108,-0.1215372085571289,-0.12507247924804688,5,L8H15,query_sentence,L18H18,V,MLP8+MLP9,none,-0.12330484390258789,True
local|src=L8H15|site=query_sentence|recv=L18H18|ch=V|med=MLP8+MLP9|live=none,110,-0.27783203125,-0.297607421875,5,L8H15,query_sentence,L18H18,V,MLP8+MLP9,none,-0.2877197265625,True
local|src=L8H15|site=query_sentence|recv=L18H18|ch=V|med=MLP8+MLP9|live=none,112,-0.0894622802734375,-0.20751953125,5,L8H15,query_sentence,L18H18,V,MLP8+MLP9,none,-0.14849090576171875,True
local|src=L8H15|site=query_sentence|recv=L18H18|ch=V|med=MLP8+MLP9|live=none,114,-0.18609619140625,-0.075927734375,5,L8H15,query_sentence,L18H18,V,MLP8+MLP9,none,-0.131011962890625,True
local|src=L8H15|site=query_sentence|recv=L18H18|ch=V|med=MLP8+MLP9|live=none,116,-0.213134765625,-0.1326141357421875,5,L8H15,query_sentence,L18H18,V,MLP8+MLP9,none,-0.17287445068359375,True
local|src=L8H15|site=query_sentence|recv=L18H18|ch=V|med=MLP8+MLP9|live=none,118,-0.07318115234375,-0.0986328125,5,L8H15,query_sentence,L18H18,V,MLP8+MLP9,none,-0.085906982421875,True
local|src=L8H15|site=query_sentence|recv=L18H18|ch=V|med=MLP8+MLP9|live=none,120,-0.13250732421875,-0.1259765625,5,L8H15,query_sentence,L18H18,V,MLP8+MLP9,none,-0.129241943359375,True
local|src=L8H15|site=query_sentence|recv=L18H18|ch=V|med=MLP8+MLP9|live=none,122,-0.11561012268066406,-0.24853515625,5,L8H15,query_sentence,L18H18,V,MLP8+MLP9,none,-0.18207263946533203,True
local|src=L8H15|site=query_sentence|recv=L18H18|ch=V|med=MLP8+MLP9|live=none,124,-0.270751953125,-0.209564208984375,5,L8H15,query_sentence,L18H18,V,MLP8+MLP9,none,-0.2401580810546875,True
local|src=L8H15|site=query_sentence|recv=L18H18|ch=V|med=MLP8+MLP9|live=none,126,-0.11285400390625,-0.0984954833984375,5,L8H15,query_sentence,L18H18,V,MLP8+MLP9,none,-0.10567474365234375,True
local|src=L8H15|site=query_sentence|recv=L18H18|ch=V|med=MLP8+MLP9|live=none,128,-0.0667877197265625,-0.09735107421875,5,L8H15,query_sentence,L18H18,V,MLP8+MLP9,none,-0.08206939697265625,True
local|src=L8H15|site=query_sentence|recv=L18H18|ch=V|med=MLP8+MLP9|live=none,130,-0.27802276611328125,-0.214111328125,5,L8H15,query_sentence,L18H18,V,MLP8+MLP9,none,-0.24606704711914062,True
local|src=L8H15|site=query_sentence|recv=L18H18|ch=V|med=MLP8+MLP9|live=none,132,-0.1536865234375,-0.22467041015625,5,L8H15,query_sentence,L18H18,V,MLP8+MLP9,none,-0.189178466796875,True
local|src=L8H15|site=query_sentence|recv=L18H18|ch=V|med=MLP8+MLP9|live=none,134,-0.15216827392578125,-0.1333770751953125,5,L8H15,query_sentence,L18H18,V,MLP8+MLP9,none,-0.14277267456054688,True
local|src=L8H15|site=query_sentence|recv=L18H18|ch=V|med=MLP8+MLP9|live=none,136,-0.131103515625,-0.2149658203125,5,L8H15,query_sentence,L18H18,V,MLP8+MLP9,none,-0.17303466796875,True
local|src=L8H15|site=query_sentence|recv=L18H18|ch=V|med=MLP8+MLP9|live=none,138,-0.1843547821044922,-0.14418792724609375,5,L8H15,query_sentence,L18H18,V,MLP8+MLP9,none,-0.16427135467529297,True
local|src=L8H15|site=query_sentence|recv=L18H18|ch=V|med=MLP8+MLP9|live=none,140,-0.1080322265625,-0.19805908203125,5,L8H15,query_sentence,L18H18,V,MLP8+MLP9,none,-0.153045654296875,True
local|src=L8H15|site=query_sentence|recv=L18H18|ch=V|med=MLP8+MLP9|live=none,142,-0.126708984375,-0.076690673828125,5,L8H15,query_sentence,L18H18,V,MLP8+MLP9,none,-0.1016998291015625,True
local|src=L8H15|site=query_sentence|recv=L18H18|ch=V|med=MLP8+MLP9|live=none,148,-0.21142578125,-0.14080810546875,5,L8H15,query_sentence,L18H18,V,MLP8+MLP9,none,-0.176116943359375,True
local|src=L8H15|site=query_sentence|recv=L18H18|ch=V|med=MLP8+MLP9|live=none,150,-0.09979248046875,-0.179168701171875,5,L8H15,query_sentence,L18H18,V,MLP8+MLP9,none,-0.1394805908203125,True
local|src=L8H15|site=query_sentence|recv=L18H18|ch=V|med=MLP8+MLP9|live=none,152,-0.2455902099609375,-0.1705780029296875,5,L8H15,query_sentence,L18H18,V,MLP8+MLP9,none,-0.2080841064453125,True
local|src=L8H15|site=query_sentence|recv=L18H18|ch=V|med=MLP8+MLP9|live=none,154,-0.06365966796875,-0.081787109375,5,L8H15,query_sentence,L18H18,V,MLP8+MLP9,none,-0.072723388671875,True
local|src=L8H15|site=query_sentence|recv=L18H18|ch=V|med=MLP8+MLP9|live=none,156,-0.0999755859375,-0.116943359375,5,L8H15,query_sentence,L18H18,V,MLP8+MLP9,none,-0.10845947265625,True
local|src=L8H15|site=query_sentence|recv=L18H18|ch=V|med=MLP8+MLP9|live=none,158,-0.06689453125,-0.11248779296875,5,L8H15,query_sentence,L18H18,V,MLP8+MLP9,none,-0.089691162109375,True
local|src=L8H15|site=query_sentence|recv=L18H18|ch=V|med=MLP8+MLP9|live=none,160,-0.19657516479492188,-0.14477920532226562,5,L8H15,query_sentence,L18H18,V,MLP8+MLP9,none,-0.17067718505859375,True
local|src=L8H15|site=query_sentence|recv=L18H18|ch=V|med=MLP8+MLP9|live=none,162,-0.127197265625,-0.059326171875,5,L8H15,query_sentence,L18H18,V,MLP8+MLP9,none,-0.09326171875,True
local|src=L8H15|site=query_sentence|recv=L18H18|ch=V|med=MLP8+MLP9|live=none,166,-0.17645263671875,-0.072509765625,5,L8H15,query_sentence,L18H18,V,MLP8+MLP9,none,-0.124481201171875,True
local|src=L8H15|site=query_sentence|recv=L18H18|ch=V|med=MLP8+MLP9|live=none,168,-0.029296875,-0.0291748046875,5,L8H15,query_sentence,L18H18,V,MLP8+MLP9,none,-0.02923583984375,True
local|src=L8H15|site=query_sentence|recv=L18H18|ch=V|med=MLP8+MLP9|live=none,170,-0.07501220703125,-0.0972900390625,5,L8H15,query_sentence,L18H18,V,MLP8+MLP9,none,-0.086151123046875,True
local|src=L8H15|site=query_sentence|recv=L18H18|ch=V|med=MLP8+MLP9|live=none,172,-0.1939697265625,-0.16387939453125,5,L8H15,query_sentence,L18H18,V,MLP8+MLP9,none,-0.178924560546875,True
local|src=L8H15|site=query_sentence|recv=L18H18|ch=V|med=MLP8+MLP9|live=none,174,-0.008544921875,-0.008544921875,5,L8H15,query_sentence,L18H18,V,MLP8+MLP9,none,-0.008544921875,True
local|src=L8H15|site=query_sentence|recv=L18H18|ch=V|med=MLP8+MLP9|live=none,176,-0.26025390625,-0.24186992645263672,5,L8H15,query_sentence,L18H18,V,MLP8+MLP9,none,-0.25106191635131836,True
local|src=L8H15|site=query_sentence|recv=L18H18|ch=V|med=MLP8+MLP9|live=none,178,-0.17724609375,-0.19049072265625,5,L8H15,query_sentence,L18H18,V,MLP8+MLP9,none,-0.183868408203125,True
local|src=L8H15|site=query_sentence|recv=L18H18|ch=V|med=MLP8+MLP9|live=none,180,-0.1231689453125,-0.15511322021484375,5,L8H15,query_sentence,L18H18,V,MLP8+MLP9,none,-0.13914108276367188,True
local|src=L8H15|site=query_sentence|recv=L18H18|ch=V|med=MLP8+MLP9|live=none,182,-0.245849609375,-0.09173583984375,5,L8H15,query_sentence,L18H18,V,MLP8+MLP9,none,-0.168792724609375,True
local|src=L8H15|site=query_sentence|recv=L18H18|ch=V|med=MLP8+MLP9|live=none,186,-0.25634765625,-0.3216400146484375,5,L8H15,query_sentence,L18H18,V,MLP8+MLP9,none,-0.28899383544921875,True
local|src=L8H15|site=query_sentence|recv=L18H18|ch=V|med=MLP8+MLP9|live=none,188,-0.25445556640625,-0.17724609375,5,L8H15,query_sentence,L18H18,V,MLP8+MLP9,none,-0.215850830078125,True
local|src=L8H15|site=query_sentence|recv=L18H18|ch=V|med=MLP8+MLP9|live=none,192,-0.13714599609375,-0.1778564453125,5,L8H15,query_sentence,L18H18,V,MLP8+MLP9,none,-0.157501220703125,True
local|src=L8H15|site=query_sentence|recv=L18H18|ch=V|med=MLP8+MLP9|live=none,194,-0.11328125,-0.133056640625,5,L8H15,query_sentence,L18H18,V,MLP8+MLP9,none,-0.1231689453125,True
local|src=L8H15|site=query_sentence|recv=L18H18|ch=V|med=MLP8+MLP9|live=none,196,-0.1669921875,-0.22607421875,5,L8H15,query_sentence,L18H18,V,MLP8+MLP9,none,-0.196533203125,True
local|src=L8H15|site=query_sentence|recv=L18H18|ch=V|med=MLP8+MLP9|live=none,198,-0.14984130859375,-0.219970703125,5,L8H15,query_sentence,L18H18,V,MLP8+MLP9,none,-0.184906005859375,True
chain|src=L17H1|site=query_writer_union|recv=L27H6|ch=Q|med=none|live=L18H18,0,-0.00347900390625,0.1502685546875,6,L17H1,query_writer_union,L27H6,Q,none,L18H18,0.073394775390625,False
chain|src=L17H1|site=query_writer_union|recv=L27H6|ch=Q|med=none|live=L18H18,2,0.58477783203125,0.4789886474609375,6,L17H1,query_writer_union,L27H6,Q,none,L18H18,0.5318832397460938,True
chain|src=L17H1|site=query_writer_union|recv=L27H6|ch=Q|med=none|live=L18H18,4,0.54962158203125,0.3393363952636719,6,L17H1,query_writer_union,L27H6,Q,none,L18H18,0.44447898864746094,True
chain|src=L17H1|site=query_writer_union|recv=L27H6|ch=Q|med=none|live=L18H18,6,0.80938720703125,0.47857666015625,6,L17H1,query_writer_union,L27H6,Q,none,L18H18,0.64398193359375,True
chain|src=L17H1|site=query_writer_union|recv=L27H6|ch=Q|med=none|live=L18H18,8,0.140625,0.28271484375,6,L17H1,query_writer_union,L27H6,Q,none,L18H18,0.211669921875,True
chain|src=L17H1|site=query_writer_union|recv=L27H6|ch=Q|med=none|live=L18H18,12,1.2388954162597656,0.9775390625,6,L17H1,query_writer_union,L27H6,Q,none,L18H18,1.1082172393798828,True
chain|src=L17H1|site=query_writer_union|recv=L27H6|ch=Q|med=none|live=L18H18,14,0.7171630859375,0.9063720703125,6,L17H1,query_writer_union,L27H6,Q,none,L18H18,0.811767578125,True
chain|src=L17H1|site=query_writer_union|recv=L27H6|ch=Q|med=none|live=L18H18,16,0.6324920654296875,0.787384033203125,6,L17H1,query_writer_union,L27H6,Q,none,L18H18,0.7099380493164062,True
chain|src=L17H1|site=query_writer_union|recv=L27H6|ch=Q|med=none|live=L18H18,20,1.5729703903198242,1.107025146484375,6,L17H1,query_writer_union,L27H6,Q,none,L18H18,1.3399977684020996,True
chain|src=L17H1|site=query_writer_union|recv=L27H6|ch=Q|med=none|live=L18H18,24,2.40301513671875,2.537567138671875,6,L17H1,query_writer_union,L27H6,Q,none,L18H18,2.4702911376953125,True
chain|src=L17H1|site=query_writer_union|recv=L27H6|ch=Q|med=none|live=L18H18,26,0.457763671875,0.13787841796875,6,L17H1,query_writer_union,L27H6,Q,none,L18H18,0.297821044921875,True
chain|src=L17H1|site=query_writer_union|recv=L27H6|ch=Q|med=none|live=L18H18,28,1.08837890625,0.658447265625,6,L17H1,query_writer_union,L27H6,Q,none,L18H18,0.8734130859375,True
chain|src=L17H1|site=query_writer_union|recv=L27H6|ch=Q|med=none|live=L18H18,30,0.147125244140625,0.22332763671875,6,L17H1,query_writer_union,L27H6,Q,none,L18H18,0.1852264404296875,True
chain|src=L17H1|site=query_writer_union|recv=L27H6|ch=Q|med=none|live=L18H18,32,0.01731109619140625,0.825408935546875,6,L17H1,query_writer_union,L27H6,Q,none,L18H18,0.4213600158691406,True
chain|src=L17H1|site=query_writer_union|recv=L27H6|ch=Q|med=none|live=L18H18,34,0.35872364044189453,0.51171875,6,L17H1,query_writer_union,L27H6,Q,none,L18H18,0.43522119522094727,True
chain|src=L17H1|site=query_writer_union|recv=L27H6|ch=Q|med=none|live=L18H18,36,1.1920623779296875,1.208099365234375,6,L17H1,query_writer_union,L27H6,Q,none,L18H18,1.2000808715820312,True
chain|src=L17H1|site=query_writer_union|recv=L27H6|ch=Q|med=none|live=L18H18,38,1.526580810546875,0.30120849609375,6,L17H1,query_writer_union,L27H6,Q,none,L18H18,0.9138946533203125,True
chain|src=L17H1|site=query_writer_union|recv=L27H6|ch=Q|med=none|live=L18H18,40,1.0945892333984375,0.8026123046875,6,L17H1,query_writer_union,L27H6,Q,none,L18H18,0.9486007690429688,True
chain|src=L17H1|site=query_writer_union|recv=L27H6|ch=Q|med=none|live=L18H18,44,1.274932861328125,1.93896484375,6,L17H1,query_writer_union,L27H6,Q,none,L18H18,1.6069488525390625,True
chain|src=L17H1|site=query_writer_union|recv=L27H6|ch=Q|med=none|live=L18H18,46,1.569549560546875,1.2500839233398438,6,L17H1,query_writer_union,L27H6,Q,none,L18H18,1.4098167419433594,True
chain|src=L17H1|site=query_writer_union|recv=L27H6|ch=Q|med=none|live=L18H18,48,1.0456085205078125,0.99493408203125,6,L17H1,query_writer_union,L27H6,Q,none,L18H18,1.0202713012695312,True
chain|src=L17H1|site=query_writer_union|recv=L27H6|ch=Q|med=none|live=L18H18,50,1.3668975830078125,0.95440673828125,6,L17H1,query_writer_union,L27H6,Q,none,L18H18,1.1606521606445312,True
chain|src=L17H1|site=query_writer_union|recv=L27H6|ch=Q|med=none|live=L18H18,52,0.91326904296875,0.8368377685546875,6,L17H1,query_writer_union,L27H6,Q,none,L18H18,0.8750534057617188,True
chain|src=L17H1|site=query_writer_union|recv=L27H6|ch=Q|med=none|live=L18H18,54,1.18450927734375,1.1959686279296875,6,L17H1,query_writer_union,L27H6,Q,none,L18H18,1.1902389526367188,True
chain|src=L17H1|site=query_writer_union|recv=L27H6|ch=Q|med=none|live=L18H18,56,1.4022216796875,0.8781814575195312,6,L17H1,query_writer_union,L27H6,Q,none,L18H18,1.1402015686035156,True
chain|src=L17H1|site=query_writer_union|recv=L27H6|ch=Q|med=none|live=L18H18,58,0.652679443359375,0.48541259765625,6,L17H1,query_writer_union,L27H6,Q,none,L18H18,0.5690460205078125,True
chain|src=L17H1|site=query_writer_union|recv=L27H6|ch=Q|med=none|live=L18H18,60,0.9788818359375,1.52581787109375,6,L17H1,query_writer_union,L27H6,Q,none,L18H18,1.252349853515625,True
chain|src=L17H1|site=query_writer_union|recv=L27H6|ch=Q|med=none|live=L18H18,62,0.243438720703125,0.6817474365234375,6,L17H1,query_writer_union,L27H6,Q,none,L18H18,0.46259307861328125,True
chain|src=L17H1|site=query_writer_union|recv=L27H6|ch=Q|med=none|live=L18H18,64,0.8924560546875,0.1710205078125,6,L17H1,query_writer_union,L27H6,Q,none,L18H18,0.53173828125,True
chain|src=L17H1|site=query_writer_union|recv=L27H6|ch=Q|med=none|live=L18H18,66,0.83135986328125,0.6252555847167969,6,L17H1,query_writer_union,L27H6,Q,none,L18H18,0.7283077239990234,True
chain|src=L17H1|site=query_writer_union|recv=L27H6|ch=Q|med=none|live=L18H18,68,0.96551513671875,0.7603759765625,6,L17H1,query_writer_union,L27H6,Q,none,L18H18,0.862945556640625,True
chain|src=L17H1|site=query_writer_union|recv=L27H6|ch=Q|med=none|live=L18H18,70,1.300537109375,1.144317626953125,6,L17H1,query_writer_union,L27H6,Q,none,L18H18,1.2224273681640625,True
chain|src=L17H1|site=query_writer_union|recv=L27H6|ch=Q|med=none|live=L18H18,72,0.216064453125,0.7725830078125,6,L17H1,query_writer_union,L27H6,Q,none,L18H18,0.49432373046875,True
chain|src=L17H1|site=query_writer_union|recv=L27H6|ch=Q|med=none|live=L18H18,76,0.8529052734375,1.16387939453125,6,L17H1,query_writer_union,L27H6,Q,none,L18H18,1.008392333984375,True
chain|src=L17H1|site=query_writer_union|recv=L27H6|ch=Q|med=none|live=L18H18,78,0.4534912109375,1.2725830078125,6,L17H1,query_writer_union,L27H6,Q,none,L18H18,0.863037109375,True
chain|src=L17H1|site=query_writer_union|recv=L27H6|ch=Q|med=none|live=L18H18,80,1.4918212890625,0.7513275146484375,6,L17H1,query_writer_union,L27H6,Q,none,L18H18,1.1215744018554688,True
chain|src=L17H1|site=query_writer_union|recv=L27H6|ch=Q|med=none|live=L18H18,82,0.504302978515625,1.0430908203125,6,L17H1,query_writer_union,L27H6,Q,none,L18H18,0.7736968994140625,True
chain|src=L17H1|site=query_writer_union|recv=L27H6|ch=Q|med=none|live=L18H18,84,0.5811080932617188,0.2291259765625,6,L17H1,query_writer_union,L27H6,Q,none,L18H18,0.4051170349121094,True
chain|src=L17H1|site=query_writer_union|recv=L27H6|ch=Q|med=none|live=L18H18,86,1.16485595703125,0.702789306640625,6,L17H1,query_writer_union,L27H6,Q,none,L18H18,0.9338226318359375,True
chain|src=L17H1|site=query_writer_union|recv=L27H6|ch=Q|med=none|live=L18H18,88,1.4163818359375,0.558074951171875,6,L17H1,query_writer_union,L27H6,Q,none,L18H18,0.9872283935546875,True
chain|src=L17H1|site=query_writer_union|recv=L27H6|ch=Q|med=none|live=L18H18,90,1.2759780883789062,1.87420654296875,6,L17H1,query_writer_union,L27H6,Q,none,L18H18,1.5750923156738281,True
chain|src=L17H1|site=query_writer_union|recv=L27H6|ch=Q|med=none|live=L18H18,92,1.8392333984375,0.3895263671875,6,L17H1,query_writer_union,L27H6,Q,none,L18H18,1.1143798828125,True
chain|src=L17H1|site=query_writer_union|recv=L27H6|ch=Q|med=none|live=L18H18,94,0.709503173828125,0.3977813720703125,6,L17H1,query_writer_union,L27H6,Q,none,L18H18,0.5536422729492188,True
chain|src=L17H1|site=query_writer_union|recv=L27H6|ch=Q|med=none|live=L18H18,96,0.1454315185546875,0.262451171875,6,L17H1,query_writer_union,L27H6,Q,none,L18H18,0.20394134521484375,True
chain|src=L17H1|site=query_writer_union|recv=L27H6|ch=Q|med=none|live=L18H18,98,1.209014892578125,0.5462646484375,6,L17H1,query_writer_union,L27H6,Q,none,L18H18,0.8776397705078125,True
chain|src=L17H1|site=query_writer_union|recv=L27H6|ch=Q|med=none|live=L18H18,100,1.2374267578125,0.765625,6,L17H1,query_writer_union,L27H6,Q,none,L18H18,1.00152587890625,True
chain|src=L17H1|site=query_writer_union|recv=L27H6|ch=Q|med=none|live=L18H18,102,0.34759521484375,0.703125,6,L17H1,query_writer_union,L27H6,Q,none,L18H18,0.525360107421875,True
chain|src=L17H1|site=query_writer_union|recv=L27H6|ch=Q|med=none|live=L18H18,104,0.78082275390625,1.0484619140625,6,L17H1,query_writer_union,L27H6,Q,none,L18H18,0.914642333984375,True
chain|src=L17H1|site=query_writer_union|recv=L27H6|ch=Q|med=none|live=L18H18,108,1.4551239013671875,0.8749465942382812,6,L17H1,query_writer_union,L27H6,Q,none,L18H18,1.1650352478027344,True
chain|src=L17H1|site=query_writer_union|recv=L27H6|ch=Q|med=none|live=L18H18,110,1.856689453125,1.8595428466796875,6,L17H1,query_writer_union,L27H6,Q,none,L18H18,1.8581161499023438,True
chain|src=L17H1|site=query_writer_union|recv=L27H6|ch=Q|med=none|live=L18H18,112,0.3409385681152344,0.5816650390625,6,L17H1,query_writer_union,L27H6,Q,none,L18H18,0.4613018035888672,True
chain|src=L17H1|site=query_writer_union|recv=L27H6|ch=Q|med=none|live=L18H18,114,0.36553955078125,0.63018798828125,6,L17H1,query_writer_union,L27H6,Q,none,L18H18,0.49786376953125,True
chain|src=L17H1|site=query_writer_union|recv=L27H6|ch=Q|med=none|live=L18H18,116,1.7318115234375,1.3720245361328125,6,L17H1,query_writer_union,L27H6,Q,none,L18H18,1.5519180297851562,True
chain|src=L17H1|site=query_writer_union|recv=L27H6|ch=Q|med=none|live=L18H18,118,0.20758056640625,0.49560546875,6,L17H1,query_writer_union,L27H6,Q,none,L18H18,0.351593017578125,True
chain|src=L17H1|site=query_writer_union|recv=L27H6|ch=Q|med=none|live=L18H18,120,0.431671142578125,0.360595703125,6,L17H1,query_writer_union,L27H6,Q,none,L18H18,0.3961334228515625,True
chain|src=L17H1|site=query_writer_union|recv=L27H6|ch=Q|med=none|live=L18H18,122,0.9011497497558594,1.04254150390625,6,L17H1,query_writer_union,L27H6,Q,none,L18H18,0.9718456268310547,True
chain|src=L17H1|site=query_writer_union|recv=L27H6|ch=Q|med=none|live=L18H18,124,1.67962646484375,0.941162109375,6,L17H1,query_writer_union,L27H6,Q,none,L18H18,1.310394287109375,True
chain|src=L17H1|site=query_writer_union|recv=L27H6|ch=Q|med=none|live=L18H18,126,0.8496246337890625,0.871490478515625,6,L17H1,query_writer_union,L27H6,Q,none,L18H18,0.8605575561523438,True
chain|src=L17H1|site=query_writer_union|recv=L27H6|ch=Q|med=none|live=L18H18,128,0.563629150390625,1.02520751953125,6,L17H1,query_writer_union,L27H6,Q,none,L18H18,0.7944183349609375,True
chain|src=L17H1|site=query_writer_union|recv=L27H6|ch=Q|med=none|live=L18H18,130,1.442779541015625,1.19970703125,6,L17H1,query_writer_union,L27H6,Q,none,L18H18,1.3212432861328125,True
chain|src=L17H1|site=query_writer_union|recv=L27H6|ch=Q|med=none|live=L18H18,132,1.112274169921875,1.4686431884765625,6,L17H1,query_writer_union,L27H6,Q,none,L18H18,1.2904586791992188,True
chain|src=L17H1|site=query_writer_union|recv=L27H6|ch=Q|med=none|live=L18H18,134,1.132781982421875,0.561676025390625,6,L17H1,query_writer_union,L27H6,Q,none,L18H18,0.84722900390625,True
chain|src=L17H1|site=query_writer_union|recv=L27H6|ch=Q|med=none|live=L18H18,136,0.521240234375,0.63995361328125,6,L17H1,query_writer_union,L27H6,Q,none,L18H18,0.580596923828125,True
chain|src=L17H1|site=query_writer_union|recv=L27H6|ch=Q|med=none|live=L18H18,138,0.630523681640625,0.355682373046875,6,L17H1,query_writer_union,L27H6,Q,none,L18H18,0.49310302734375,True
chain|src=L17H1|site=query_writer_union|recv=L27H6|ch=Q|med=none|live=L18H18,140,0.721038818359375,1.0455322265625,6,L17H1,query_writer_union,L27H6,Q,none,L18H18,0.8832855224609375,True
chain|src=L17H1|site=query_writer_union|recv=L27H6|ch=Q|med=none|live=L18H18,142,0.175048828125,0.2043609619140625,6,L17H1,query_writer_union,L27H6,Q,none,L18H18,0.18970489501953125,True
chain|src=L17H1|site=query_writer_union|recv=L27H6|ch=Q|med=none|live=L18H18,148,1.203643798828125,0.4676780700683594,6,L17H1,query_writer_union,L27H6,Q,none,L18H18,0.8356609344482422,True
chain|src=L17H1|site=query_writer_union|recv=L27H6|ch=Q|med=none|live=L18H18,150,0.17913818359375,0.829071044921875,6,L17H1,query_writer_union,L27H6,Q,none,L18H18,0.5041046142578125,True
chain|src=L17H1|site=query_writer_union|recv=L27H6|ch=Q|med=none|live=L18H18,152,1.03094482421875,1.1907958984375,6,L17H1,query_writer_union,L27H6,Q,none,L18H18,1.110870361328125,True
chain|src=L17H1|site=query_writer_union|recv=L27H6|ch=Q|med=none|live=L18H18,154,0.8135986328125,0.375732421875,6,L17H1,query_writer_union,L27H6,Q,none,L18H18,0.59466552734375,True
chain|src=L17H1|site=query_writer_union|recv=L27H6|ch=Q|med=none|live=L18H18,156,0.308258056640625,0.636474609375,6,L17H1,query_writer_union,L27H6,Q,none,L18H18,0.4723663330078125,True
chain|src=L17H1|site=query_writer_union|recv=L27H6|ch=Q|med=none|live=L18H18,158,0.7760009765625,0.6716766357421875,6,L17H1,query_writer_union,L27H6,Q,none,L18H18,0.7238388061523438,True
chain|src=L17H1|site=query_writer_union|recv=L27H6|ch=Q|med=none|live=L18H18,160,1.023322582244873,1.39984130859375,6,L17H1,query_writer_union,L27H6,Q,none,L18H18,1.2115819454193115,True
chain|src=L17H1|site=query_writer_union|recv=L27H6|ch=Q|med=none|live=L18H18,162,0.7745361328125,0.4747314453125,6,L17H1,query_writer_union,L27H6,Q,none,L18H18,0.6246337890625,True
chain|src=L17H1|site=query_writer_union|recv=L27H6|ch=Q|med=none|live=L18H18,166,0.8908185958862305,1.282440185546875,6,L17H1,query_writer_union,L27H6,Q,none,L18H18,1.0866293907165527,True
chain|src=L17H1|site=query_writer_union|recv=L27H6|ch=Q|med=none|live=L18H18,168,-0.0009765625,0.001708984375,6,L17H1,query_writer_union,L27H6,Q,none,L18H18,0.0003662109375,False
chain|src=L17H1|site=query_writer_union|recv=L27H6|ch=Q|med=none|live=L18H18,170,0.470489501953125,0.2442626953125,6,L17H1,query_writer_union,L27H6,Q,none,L18H18,0.3573760986328125,True
chain|src=L17H1|site=query_writer_union|recv=L27H6|ch=Q|med=none|live=L18H18,172,0.5155029296875,0.8634033203125,6,L17H1,query_writer_union,L27H6,Q,none,L18H18,0.689453125,True
chain|src=L17H1|site=query_writer_union|recv=L27H6|ch=Q|med=none|live=L18H18,174,0.00146484375,-0.0010986328125,6,L17H1,query_writer_union,L27H6,Q,none,L18H18,0.00018310546875,False
chain|src=L17H1|site=query_writer_union|recv=L27H6|ch=Q|med=none|live=L18H18,176,1.155517578125,1.6453361511230469,6,L17H1,query_writer_union,L27H6,Q,none,L18H18,1.4004268646240234,True
chain|src=L17H1|site=query_writer_union|recv=L27H6|ch=Q|med=none|live=L18H18,178,1.4821090698242188,0.7337646484375,6,L17H1,query_writer_union,L27H6,Q,none,L18H18,1.1079368591308594,True
chain|src=L17H1|site=query_writer_union|recv=L27H6|ch=Q|med=none|live=L18H18,180,1.1202392578125,1.8079328536987305,6,L17H1,query_writer_union,L27H6,Q,none,L18H18,1.4640860557556152,True
chain|src=L17H1|site=query_writer_union|recv=L27H6|ch=Q|med=none|live=L18H18,182,1.063720703125,0.0892791748046875,6,L17H1,query_writer_union,L27H6,Q,none,L18H18,0.5764999389648438,True
chain|src=L17H1|site=query_writer_union|recv=L27H6|ch=Q|med=none|live=L18H18,186,1.6737060546875,1.468353271484375,6,L17H1,query_writer_union,L27H6,Q,none,L18H18,1.5710296630859375,True
chain|src=L17H1|site=query_writer_union|recv=L27H6|ch=Q|med=none|live=L18H18,188,1.026824951171875,0.10791015625,6,L17H1,query_writer_union,L27H6,Q,none,L18H18,0.5673675537109375,True
chain|src=L17H1|site=query_writer_union|recv=L27H6|ch=Q|med=none|live=L18H18,192,1.0864105224609375,0.798095703125,6,L17H1,query_writer_union,L27H6,Q,none,L18H18,0.9422531127929688,True
chain|src=L17H1|site=query_writer_union|recv=L27H6|ch=Q|med=none|live=L18H18,194,0.44989013671875,1.1105537414550781,6,L17H1,query_writer_union,L27H6,Q,none,L18H18,0.7802219390869141,True
chain|src=L17H1|site=query_writer_union|recv=L27H6|ch=Q|med=none|live=L18H18,196,0.62548828125,0.42724609375,6,L17H1,query_writer_union,L27H6,Q,none,L18H18,0.5263671875,True
chain|src=L17H1|site=query_writer_union|recv=L27H6|ch=Q|med=none|live=L18H18,198,0.80224609375,1.1656494140625,6,L17H1,query_writer_union,L27H6,Q,none,L18H18,0.98394775390625,True
chain|src=L17H1|site=query_writer_union|recv=L27H6|ch=Q|med=none|live=L18H19,0,-0.012786865234375,0.0819091796875,7,L17H1,query_writer_union,L27H6,Q,none,L18H19,0.0345611572265625,False
chain|src=L17H1|site=query_writer_union|recv=L27H6|ch=Q|med=none|live=L18H19,2,0.40570068359375,0.4419097900390625,7,L17H1,query_writer_union,L27H6,Q,none,L18H19,0.42380523681640625,True
chain|src=L17H1|site=query_writer_union|recv=L27H6|ch=Q|med=none|live=L18H19,4,0.236328125,0.0706787109375,7,L17H1,query_writer_union,L27H6,Q,none,L18H19,0.15350341796875,True
chain|src=L17H1|site=query_writer_union|recv=L27H6|ch=Q|med=none|live=L18H19,6,0.35028076171875,0.1640625,7,L17H1,query_writer_union,L27H6,Q,none,L18H19,0.257171630859375,True
chain|src=L17H1|site=query_writer_union|recv=L27H6|ch=Q|med=none|live=L18H19,8,0.05078125,0.1021728515625,7,L17H1,query_writer_union,L27H6,Q,none,L18H19,0.07647705078125,True
chain|src=L17H1|site=query_writer_union|recv=L27H6|ch=Q|med=none|live=L18H19,12,0.5615882873535156,0.38189697265625,7,L17H1,query_writer_union,L27H6,Q,none,L18H19,0.4717426300048828,True
chain|src=L17H1|site=query_writer_union|recv=L27H6|ch=Q|med=none|live=L18H19,14,0.28759765625,0.3289031982421875,7,L17H1,query_writer_union,L27H6,Q,none,L18H19,0.30825042724609375,True
chain|src=L17H1|site=query_writer_union|recv=L27H6|ch=Q|med=none|live=L18H19,16,0.1727142333984375,0.292236328125,7,L17H1,query_writer_union,L27H6,Q,none,L18H19,0.23247528076171875,True
chain|src=L17H1|site=query_writer_union|recv=L27H6|ch=Q|med=none|live=L18H19,20,0.7875165939331055,0.6954345703125,7,L17H1,query_writer_union,L27H6,Q,none,L18H19,0.7414755821228027,True
chain|src=L17H1|site=query_writer_union|recv=L27H6|ch=Q|med=none|live=L18H19,24,1.18316650390625,1.112884521484375,7,L17H1,query_writer_union,L27H6,Q,none,L18H19,1.1480255126953125,True
chain|src=L17H1|site=query_writer_union|recv=L27H6|ch=Q|med=none|live=L18H19,26,0.1920166015625,0.040863037109375,7,L17H1,query_writer_union,L27H6,Q,none,L18H19,0.1164398193359375,True
chain|src=L17H1|site=query_writer_union|recv=L27H6|ch=Q|med=none|live=L18H19,28,0.405517578125,0.4635009765625,7,L17H1,query_writer_union,L27H6,Q,none,L18H19,0.43450927734375,True
chain|src=L17H1|site=query_writer_union|recv=L27H6|ch=Q|med=none|live=L18H19,30,0.025909423828125,0.1107177734375,7,L17H1,query_writer_union,L27H6,Q,none,L18H19,0.0683135986328125,True
chain|src=L17H1|site=query_writer_union|recv=L27H6|ch=Q|med=none|live=L18H19,32,-0.021381378173828125,0.439239501953125,7,L17H1,query_writer_union,L27H6,Q,none,L18H19,0.20892906188964844,False
chain|src=L17H1|site=query_writer_union|recv=L27H6|ch=Q|med=none|live=L18H19,34,0.06819629669189453,0.3533935546875,7,L17H1,query_writer_union,L27H6,Q,none,L18H19,0.21079492568969727,True
chain|src=L17H1|site=query_writer_union|recv=L27H6|ch=Q|med=none|live=L18H19,36,0.7050018310546875,0.702667236328125,7,L17H1,query_writer_union,L27H6,Q,none,L18H19,0.7038345336914062,True
chain|src=L17H1|site=query_writer_union|recv=L27H6|ch=Q|med=none|live=L18H19,38,0.6350407600402832,0.2089385986328125,7,L17H1,query_writer_union,L27H6,Q,none,L18H19,0.42198967933654785,True
chain|src=L17H1|site=query_writer_union|recv=L27H6|ch=Q|med=none|live=L18H19,40,0.7236785888671875,0.243072509765625,7,L17H1,query_writer_union,L27H6,Q,none,L18H19,0.48337554931640625,True
chain|src=L17H1|site=query_writer_union|recv=L27H6|ch=Q|med=none|live=L18H19,44,0.741729736328125,1.0137939453125,7,L17H1,query_writer_union,L27H6,Q,none,L18H19,0.8777618408203125,True
chain|src=L17H1|site=query_writer_union|recv=L27H6|ch=Q|med=none|live=L18H19,46,1.032501220703125,0.7763290405273438,7,L17H1,query_writer_union,L27H6,Q,none,L18H19,0.9044151306152344,True
chain|src=L17H1|site=query_writer_union|recv=L27H6|ch=Q|med=none|live=L18H19,48,0.5064849853515625,0.91607666015625,7,L17H1,query_writer_union,L27H6,Q,none,L18H19,0.7112808227539062,True
chain|src=L17H1|site=query_writer_union|recv=L27H6|ch=Q|med=none|live=L18H19,50,0.636474609375,0.6136474609375,7,L17H1,query_writer_union,L27H6,Q,none,L18H19,0.62506103515625,True
chain|src=L17H1|site=query_writer_union|recv=L27H6|ch=Q|med=none|live=L18H19,52,0.41802978515625,0.32861328125,7,L17H1,query_writer_union,L27H6,Q,none,L18H19,0.373321533203125,True
chain|src=L17H1|site=query_writer_union|recv=L27H6|ch=Q|med=none|live=L18H19,54,1.15643310546875,0.61224365234375,7,L17H1,query_writer_union,L27H6,Q,none,L18H19,0.88433837890625,True
chain|src=L17H1|site=query_writer_union|recv=L27H6|ch=Q|med=none|live=L18H19,56,0.869140625,0.38056182861328125,7,L17H1,query_writer_union,L27H6,Q,none,L18H19,0.6248512268066406,True
chain|src=L17H1|site=query_writer_union|recv=L27H6|ch=Q|med=none|live=L18H19,58,0.404754638671875,0.2984619140625,7,L17H1,query_writer_union,L27H6,Q,none,L18H19,0.3516082763671875,True
chain|src=L17H1|site=query_writer_union|recv=L27H6|ch=Q|med=none|live=L18H19,60,0.5305252075195312,0.59466552734375,7,L17H1,query_writer_union,L27H6,Q,none,L18H19,0.5625953674316406,True
chain|src=L17H1|site=query_writer_union|recv=L27H6|ch=Q|med=none|live=L18H19,62,0.00567626953125,0.2522125244140625,7,L17H1,query_writer_union,L27H6,Q,none,L18H19,0.12894439697265625,True
chain|src=L17H1|site=query_writer_union|recv=L27H6|ch=Q|med=none|live=L18H19,64,0.51580810546875,0.0748291015625,7,L17H1,query_writer_union,L27H6,Q,none,L18H19,0.295318603515625,True
chain|src=L17H1|site=query_writer_union|recv=L27H6|ch=Q|med=none|live=L18H19,66,0.35443115234375,0.24612045288085938,7,L17H1,query_writer_union,L27H6,Q,none,L18H19,0.3002758026123047,True
chain|src=L17H1|site=query_writer_union|recv=L27H6|ch=Q|med=none|live=L18H19,68,0.5791015625,0.3880615234375,7,L17H1,query_writer_union,L27H6,Q,none,L18H19,0.48358154296875,True
chain|src=L17H1|site=query_writer_union|recv=L27H6|ch=Q|med=none|live=L18H19,70,0.6622314453125,0.593292236328125,7,L17H1,query_writer_union,L27H6,Q,none,L18H19,0.6277618408203125,True
chain|src=L17H1|site=query_writer_union|recv=L27H6|ch=Q|med=none|live=L18H19,72,0.159423828125,0.60858154296875,7,L17H1,query_writer_union,L27H6,Q,none,L18H19,0.384002685546875,True
chain|src=L17H1|site=query_writer_union|recv=L27H6|ch=Q|med=none|live=L18H19,76,0.46761131286621094,0.7198765277862549,7,L17H1,query_writer_union,L27H6,Q,none,L18H19,0.5937439203262329,True
chain|src=L17H1|site=query_writer_union|recv=L27H6|ch=Q|med=none|live=L18H19,78,0.05621337890625,0.6231689453125,7,L17H1,query_writer_union,L27H6,Q,none,L18H19,0.339691162109375,True
chain|src=L17H1|site=query_writer_union|recv=L27H6|ch=Q|med=none|live=L18H19,80,0.5216064453125,0.298797607421875,7,L17H1,query_writer_union,L27H6,Q,none,L18H19,0.4102020263671875,True
chain|src=L17H1|site=query_writer_union|recv=L27H6|ch=Q|med=none|live=L18H19,82,0.32170867919921875,0.609619140625,7,L17H1,query_writer_union,L27H6,Q,none,L18H19,0.4656639099121094,True
chain|src=L17H1|site=query_writer_union|recv=L27H6|ch=Q|med=none|live=L18H19,84,0.319091796875,0.01318359375,7,L17H1,query_writer_union,L27H6,Q,none,L18H19,0.1661376953125,True
chain|src=L17H1|site=query_writer_union|recv=L27H6|ch=Q|med=none|live=L18H19,86,0.54998779296875,0.310302734375,7,L17H1,query_writer_union,L27H6,Q,none,L18H19,0.430145263671875,True
chain|src=L17H1|site=query_writer_union|recv=L27H6|ch=Q|med=none|live=L18H19,88,0.514617919921875,0.19023895263671875,7,L17H1,query_writer_union,L27H6,Q,none,L18H19,0.3524284362792969,True
chain|src=L17H1|site=query_writer_union|recv=L27H6|ch=Q|med=none|live=L18H19,90,0.663360595703125,1.24609375,7,L17H1,query_writer_union,L27H6,Q,none,L18H19,0.9547271728515625,True
chain|src=L17H1|site=query_writer_union|recv=L27H6|ch=Q|med=none|live=L18H19,92,0.803955078125,0.17559814453125,7,L17H1,query_writer_union,L27H6,Q,none,L18H19,0.489776611328125,True
chain|src=L17H1|site=query_writer_union|recv=L27H6|ch=Q|med=none|live=L18H19,94,0.1767578125,0.10820388793945312,7,L17H1,query_writer_union,L27H6,Q,none,L18H19,0.14248085021972656,True
chain|src=L17H1|site=query_writer_union|recv=L27H6|ch=Q|med=none|live=L18H19,96,0.0287322998046875,0.1298828125,7,L17H1,query_writer_union,L27H6,Q,none,L18H19,0.07930755615234375,True
chain|src=L17H1|site=query_writer_union|recv=L27H6|ch=Q|med=none|live=L18H19,98,0.575927734375,0.1683349609375,7,L17H1,query_writer_union,L27H6,Q,none,L18H19,0.37213134765625,True
chain|src=L17H1|site=query_writer_union|recv=L27H6|ch=Q|med=none|live=L18H19,100,0.621826171875,0.29681396484375,7,L17H1,query_writer_union,L27H6,Q,none,L18H19,0.459320068359375,True
chain|src=L17H1|site=query_writer_union|recv=L27H6|ch=Q|med=none|live=L18H19,102,0.2156524658203125,0.2999420166015625,7,L17H1,query_writer_union,L27H6,Q,none,L18H19,0.2577972412109375,True
chain|src=L17H1|site=query_writer_union|recv=L27H6|ch=Q|med=none|live=L18H19,104,0.41845703125,0.497161865234375,7,L17H1,query_writer_union,L27H6,Q,none,L18H19,0.4578094482421875,True
chain|src=L17H1|site=query_writer_union|recv=L27H6|ch=Q|med=none|live=L18H19,108,0.5502243041992188,0.40525150299072266,7,L17H1,query_writer_union,L27H6,Q,none,L18H19,0.4777379035949707,True
chain|src=L17H1|site=query_writer_union|recv=L27H6|ch=Q|med=none|live=L18H19,110,1.1722412109375,0.6820068359375,7,L17H1,query_writer_union,L27H6,Q,none,L18H19,0.9271240234375,True
chain|src=L17H1|site=query_writer_union|recv=L27H6|ch=Q|med=none|live=L18H19,112,0.02045440673828125,0.2469482421875,7,L17H1,query_writer_union,L27H6,Q,none,L18H19,0.13370132446289062,True
chain|src=L17H1|site=query_writer_union|recv=L27H6|ch=Q|med=none|live=L18H19,114,0.116455078125,0.460540771484375,7,L17H1,query_writer_union,L27H6,Q,none,L18H19,0.2884979248046875,True
chain|src=L17H1|site=query_writer_union|recv=L27H6|ch=Q|med=none|live=L18H19,116,1.0592193603515625,0.7975616455078125,7,L17H1,query_writer_union,L27H6,Q,none,L18H19,0.9283905029296875,True
chain|src=L17H1|site=query_writer_union|recv=L27H6|ch=Q|med=none|live=L18H19,118,0.04229736328125,0.295166015625,7,L17H1,query_writer_union,L27H6,Q,none,L18H19,0.168731689453125,True
chain|src=L17H1|site=query_writer_union|recv=L27H6|ch=Q|med=none|live=L18H19,120,0.062164306640625,0.2626953125,7,L17H1,query_writer_union,L27H6,Q,none,L18H19,0.1624298095703125,True
chain|src=L17H1|site=query_writer_union|recv=L27H6|ch=Q|med=none|live=L18H19,122,0.6741600036621094,0.496734619140625,7,L17H1,query_writer_union,L27H6,Q,none,L18H19,0.5854473114013672,True
chain|src=L17H1|site=query_writer_union|recv=L27H6|ch=Q|med=none|live=L18H19,124,0.71136474609375,0.46893310546875,7,L17H1,query_writer_union,L27H6,Q,none,L18H19,0.59014892578125,True
chain|src=L17H1|site=query_writer_union|recv=L27H6|ch=Q|med=none|live=L18H19,126,0.305419921875,0.26318359375,7,L17H1,query_writer_union,L27H6,Q,none,L18H19,0.2843017578125,True
chain|src=L17H1|site=query_writer_union|recv=L27H6|ch=Q|med=none|live=L18H19,128,0.29522705078125,0.4019775390625,7,L17H1,query_writer_union,L27H6,Q,none,L18H19,0.348602294921875,True
chain|src=L17H1|site=query_writer_union|recv=L27H6|ch=Q|med=none|live=L18H19,130,0.682037353515625,0.596435546875,7,L17H1,query_writer_union,L27H6,Q,none,L18H19,0.6392364501953125,True
chain|src=L17H1|site=query_writer_union|recv=L27H6|ch=Q|med=none|live=L18H19,132,0.4290771484375,0.956085205078125,7,L17H1,query_writer_union,L27H6,Q,none,L18H19,0.6925811767578125,True
chain|src=L17H1|site=query_writer_union|recv=L27H6|ch=Q|med=none|live=L18H19,134,0.480438232421875,0.25518798828125,7,L17H1,query_writer_union,L27H6,Q,none,L18H19,0.3678131103515625,True
chain|src=L17H1|site=query_writer_union|recv=L27H6|ch=Q|med=none|live=L18H19,136,0.247802734375,0.20184326171875,7,L17H1,query_writer_union,L27H6,Q,none,L18H19,0.224822998046875,True
chain|src=L17H1|site=query_writer_union|recv=L27H6|ch=Q|med=none|live=L18H19,138,0.3606889247894287,0.1767730712890625,7,L17H1,query_writer_union,L27H6,Q,none,L18H19,0.2687309980392456,True
chain|src=L17H1|site=query_writer_union|recv=L27H6|ch=Q|med=none|live=L18H19,140,0.23333740234375,0.507598876953125,7,L17H1,query_writer_union,L27H6,Q,none,L18H19,0.3704681396484375,True
chain|src=L17H1|site=query_writer_union|recv=L27H6|ch=Q|med=none|live=L18H19,142,0.041015625,0.0900726318359375,7,L17H1,query_writer_union,L27H6,Q,none,L18H19,0.06554412841796875,True
chain|src=L17H1|site=query_writer_union|recv=L27H6|ch=Q|med=none|live=L18H19,148,1.02099609375,0.288787841796875,7,L17H1,query_writer_union,L27H6,Q,none,L18H19,0.6548919677734375,True
chain|src=L17H1|site=query_writer_union|recv=L27H6|ch=Q|med=none|live=L18H19,150,0.02056884765625,0.239227294921875,7,L17H1,query_writer_union,L27H6,Q,none,L18H19,0.1298980712890625,True
chain|src=L17H1|site=query_writer_union|recv=L27H6|ch=Q|med=none|live=L18H19,152,0.712158203125,0.560760498046875,7,L17H1,query_writer_union,L27H6,Q,none,L18H19,0.6364593505859375,True
chain|src=L17H1|site=query_writer_union|recv=L27H6|ch=Q|med=none|live=L18H19,154,0.40386962890625,0.140625,7,L17H1,query_writer_union,L27H6,Q,none,L18H19,0.272247314453125,True
chain|src=L17H1|site=query_writer_union|recv=L27H6|ch=Q|med=none|live=L18H19,156,0.089324951171875,0.236083984375,7,L17H1,query_writer_union,L27H6,Q,none,L18H19,0.1627044677734375,True
chain|src=L17H1|site=query_writer_union|recv=L27H6|ch=Q|med=none|live=L18H19,158,0.407958984375,0.3397216796875,7,L17H1,query_writer_union,L27H6,Q,none,L18H19,0.37384033203125,True
chain|src=L17H1|site=query_writer_union|recv=L27H6|ch=Q|med=none|live=L18H19,160,0.39420270919799805,0.61553955078125,7,L17H1,query_writer_union,L27H6,Q,none,L18H19,0.504871129989624,True
chain|src=L17H1|site=query_writer_union|recv=L27H6|ch=Q|med=none|live=L18H19,162,0.25537109375,0.2510986328125,7,L17H1,query_writer_union,L27H6,Q,none,L18H19,0.25323486328125,True
chain|src=L17H1|site=query_writer_union|recv=L27H6|ch=Q|med=none|live=L18H19,166,0.4032402038574219,0.66510009765625,7,L17H1,query_writer_union,L27H6,Q,none,L18H19,0.5341701507568359,True
chain|src=L17H1|site=query_writer_union|recv=L27H6|ch=Q|med=none|live=L18H19,168,-0.004638671875,0.0015869140625,7,L17H1,query_writer_union,L27H6,Q,none,L18H19,-0.00152587890625,False
chain|src=L17H1|site=query_writer_union|recv=L27H6|ch=Q|med=none|live=L18H19,170,0.246337890625,0.044921875,7,L17H1,query_writer_union,L27H6,Q,none,L18H19,0.1456298828125,True
chain|src=L17H1|site=query_writer_union|recv=L27H6|ch=Q|med=none|live=L18H19,172,0.2913818359375,0.530120849609375,7,L17H1,query_writer_union,L27H6,Q,none,L18H19,0.4107513427734375,True
chain|src=L17H1|site=query_writer_union|recv=L27H6|ch=Q|med=none|live=L18H19,174,0.001220703125,-0.003662109375,7,L17H1,query_writer_union,L27H6,Q,none,L18H19,-0.001220703125,False
chain|src=L17H1|site=query_writer_union|recv=L27H6|ch=Q|med=none|live=L18H19,176,0.60595703125,0.9239311218261719,7,L17H1,query_writer_union,L27H6,Q,none,L18H19,0.7649440765380859,True
chain|src=L17H1|site=query_writer_union|recv=L27H6|ch=Q|med=none|live=L18H19,178,0.6643600463867188,0.41094970703125,7,L17H1,query_writer_union,L27H6,Q,none,L18H19,0.5376548767089844,True
chain|src=L17H1|site=query_writer_union|recv=L27H6|ch=Q|med=none|live=L18H19,180,0.6815185546875,0.8639097213745117,7,L17H1,query_writer_union,L27H6,Q,none,L18H19,0.7727141380310059,True
chain|src=L17H1|site=query_writer_union|recv=L27H6|ch=Q|med=none|live=L18H19,182,0.28271484375,0.00823974609375,7,L17H1,query_writer_union,L27H6,Q,none,L18H19,0.145477294921875,True
chain|src=L17H1|site=query_writer_union|recv=L27H6|ch=Q|med=none|live=L18H19,186,0.49334716796875,0.673309326171875,7,L17H1,query_writer_union,L27H6,Q,none,L18H19,0.5833282470703125,True
chain|src=L17H1|site=query_writer_union|recv=L27H6|ch=Q|med=none|live=L18H19,188,0.407318115234375,0.0186767578125,7,L17H1,query_writer_union,L27H6,Q,none,L18H19,0.2129974365234375,True
chain|src=L17H1|site=query_writer_union|recv=L27H6|ch=Q|med=none|live=L18H19,192,0.82421875,0.6043930053710938,7,L17H1,query_writer_union,L27H6,Q,none,L18H19,0.7143058776855469,True
chain|src=L17H1|site=query_writer_union|recv=L27H6|ch=Q|med=none|live=L18H19,194,0.53741455078125,1.1968841552734375,7,L17H1,query_writer_union,L27H6,Q,none,L18H19,0.8671493530273438,True
chain|src=L17H1|site=query_writer_union|recv=L27H6|ch=Q|med=none|live=L18H19,196,0.244140625,0.18408203125,7,L17H1,query_writer_union,L27H6,Q,none,L18H19,0.214111328125,True
chain|src=L17H1|site=query_writer_union|recv=L27H6|ch=Q|med=none|live=L18H19,198,0.2457275390625,0.41943359375,7,L17H1,query_writer_union,L27H6,Q,none,L18H19,0.33258056640625,True
chain|src=L17H1|site=query_writer_union|recv=L21H6|ch=Q|med=none|live=L18H18+L18H19,0,0.1091766357421875,0.0904541015625,8,L17H1,query_writer_union,L21H6,Q,none,L18H18+L18H19,0.09981536865234375,True
chain|src=L17H1|site=query_writer_union|recv=L21H6|ch=Q|med=none|live=L18H18+L18H19,2,0.1351318359375,0.140350341796875,8,L17H1,query_writer_union,L21H6,Q,none,L18H18+L18H19,0.1377410888671875,True
chain|src=L17H1|site=query_writer_union|recv=L21H6|ch=Q|med=none|live=L18H18+L18H19,4,0.47808837890625,0.17869186401367188,8,L17H1,query_writer_union,L21H6,Q,none,L18H18+L18H19,0.32839012145996094,True
chain|src=L17H1|site=query_writer_union|recv=L21H6|ch=Q|med=none|live=L18H18+L18H19,6,0.31317138671875,0.149169921875,8,L17H1,query_writer_union,L21H6,Q,none,L18H18+L18H19,0.231170654296875,True
chain|src=L17H1|site=query_writer_union|recv=L21H6|ch=Q|med=none|live=L18H18+L18H19,8,0.064453125,0.12298583984375,8,L17H1,query_writer_union,L21H6,Q,none,L18H18+L18H19,0.093719482421875,True
chain|src=L17H1|site=query_writer_union|recv=L21H6|ch=Q|med=none|live=L18H18+L18H19,12,0.06416893005371094,0.070068359375,8,L17H1,query_writer_union,L21H6,Q,none,L18H18+L18H19,0.06711864471435547,True
chain|src=L17H1|site=query_writer_union|recv=L21H6|ch=Q|med=none|live=L18H18+L18H19,14,0.064208984375,0.2120361328125,8,L17H1,query_writer_union,L21H6,Q,none,L18H18+L18H19,0.13812255859375,True
chain|src=L17H1|site=query_writer_union|recv=L21H6|ch=Q|med=none|live=L18H18+L18H19,16,0.15193939208984375,0.20269775390625,8,L17H1,query_writer_union,L21H6,Q,none,L18H18+L18H19,0.17731857299804688,True
chain|src=L17H1|site=query_writer_union|recv=L21H6|ch=Q|med=none|live=L18H18+L18H19,20,-0.05356311798095703,0.2471923828125,8,L17H1,query_writer_union,L21H6,Q,none,L18H18+L18H19,0.09681463241577148,False
chain|src=L17H1|site=query_writer_union|recv=L21H6|ch=Q|med=none|live=L18H18+L18H19,24,0.4033203125,0.1754150390625,8,L17H1,query_writer_union,L21H6,Q,none,L18H18+L18H19,0.28936767578125,True
chain|src=L17H1|site=query_writer_union|recv=L21H6|ch=Q|med=none|live=L18H18+L18H19,26,0.19189453125,0.2515869140625,8,L17H1,query_writer_union,L21H6,Q,none,L18H18+L18H19,0.22174072265625,True
chain|src=L17H1|site=query_writer_union|recv=L21H6|ch=Q|med=none|live=L18H18+L18H19,28,0.24951171875,0.2640380859375,8,L17H1,query_writer_union,L21H6,Q,none,L18H18+L18H19,0.25677490234375,True
chain|src=L17H1|site=query_writer_union|recv=L21H6|ch=Q|med=none|live=L18H18+L18H19,30,0.23870849609375,0.228271484375,8,L17H1,query_writer_union,L21H6,Q,none,L18H18+L18H19,0.233489990234375,True
chain|src=L17H1|site=query_writer_union|recv=L21H6|ch=Q|med=none|live=L18H18+L18H19,32,0.1690521240234375,0.191375732421875,8,L17H1,query_writer_union,L21H6,Q,none,L18H18+L18H19,0.18021392822265625,True
chain|src=L17H1|site=query_writer_union|recv=L21H6|ch=Q|med=none|live=L18H18+L18H19,34,0.19097614288330078,0.169677734375,8,L17H1,query_writer_union,L21H6,Q,none,L18H18+L18H19,0.1803269386291504,True
chain|src=L17H1|site=query_writer_union|recv=L21H6|ch=Q|med=none|live=L18H18+L18H19,36,0.128387451171875,0.204742431640625,8,L17H1,query_writer_union,L21H6,Q,none,L18H18+L18H19,0.16656494140625,True
chain|src=L17H1|site=query_writer_union|recv=L21H6|ch=Q|med=none|live=L18H18+L18H19,38,0.0506439208984375,0.0689239501953125,8,L17H1,query_writer_union,L21H6,Q,none,L18H18+L18H19,0.059783935546875,True
chain|src=L17H1|site=query_writer_union|recv=L21H6|ch=Q|med=none|live=L18H18+L18H19,40,0.2365264892578125,0.159515380859375,8,L17H1,query_writer_union,L21H6,Q,none,L18H18+L18H19,0.19802093505859375,True
chain|src=L17H1|site=query_writer_union|recv=L21H6|ch=Q|med=none|live=L18H18+L18H19,44,0.2974090576171875,0.14276123046875,8,L17H1,query_writer_union,L21H6,Q,none,L18H18+L18H19,0.22008514404296875,True
chain|src=L17H1|site=query_writer_union|recv=L21H6|ch=Q|med=none|live=L18H18+L18H19,46,0.144989013671875,0.12276291847229004,8,L17H1,query_writer_union,L21H6,Q,none,L18H18+L18H19,0.13387596607208252,True
chain|src=L17H1|site=query_writer_union|recv=L21H6|ch=Q|med=none|live=L18H18+L18H19,48,0.239654541015625,0.16156005859375,8,L17H1,query_writer_union,L21H6,Q,none,L18H18+L18H19,0.2006072998046875,True
chain|src=L17H1|site=query_writer_union|recv=L21H6|ch=Q|med=none|live=L18H18+L18H19,50,0.1968994140625,0.1424560546875,8,L17H1,query_writer_union,L21H6,Q,none,L18H18+L18H19,0.169677734375,True
chain|src=L17H1|site=query_writer_union|recv=L21H6|ch=Q|med=none|live=L18H18+L18H19,52,0.099273681640625,0.0905609130859375,8,L17H1,query_writer_union,L21H6,Q,none,L18H18+L18H19,0.09491729736328125,True
chain|src=L17H1|site=query_writer_union|recv=L21H6|ch=Q|med=none|live=L18H18+L18H19,54,0.50140380859375,0.1727294921875,8,L17H1,query_writer_union,L21H6,Q,none,L18H18+L18H19,0.337066650390625,True
chain|src=L17H1|site=query_writer_union|recv=L21H6|ch=Q|med=none|live=L18H18+L18H19,56,0.10467529296875,0.1402606964111328,8,L17H1,query_writer_union,L21H6,Q,none,L18H18+L18H19,0.1224679946899414,True
chain|src=L17H1|site=query_writer_union|recv=L21H6|ch=Q|med=none|live=L18H18+L18H19,58,0.123077392578125,0.1741943359375,8,L17H1,query_writer_union,L21H6,Q,none,L18H18+L18H19,0.1486358642578125,True
chain|src=L17H1|site=query_writer_union|recv=L21H6|ch=Q|med=none|live=L18H18+L18H19,60,0.115631103515625,0.1048583984375,8,L17H1,query_writer_union,L21H6,Q,none,L18H18+L18H19,0.1102447509765625,True
chain|src=L17H1|site=query_writer_union|recv=L21H6|ch=Q|med=none|live=L18H18+L18H19,62,0.168212890625,0.1593780517578125,8,L17H1,query_writer_union,L21H6,Q,none,L18H18+L18H19,0.16379547119140625,True
chain|src=L17H1|site=query_writer_union|recv=L21H6|ch=Q|med=none|live=L18H18+L18H19,64,0.09429931640625,0.14617919921875,8,L17H1,query_writer_union,L21H6,Q,none,L18H18+L18H19,0.1202392578125,True
chain|src=L17H1|site=query_writer_union|recv=L21H6|ch=Q|med=none|live=L18H18+L18H19,66,0.19586181640625,0.3434562683105469,8,L17H1,query_writer_union,L21H6,Q,none,L18H18+L18H19,0.26965904235839844,True
chain|src=L17H1|site=query_writer_union|recv=L21H6|ch=Q|med=none|live=L18H18+L18H19,68,0.412109375,0.25244140625,8,L17H1,query_writer_union,L21H6,Q,none,L18H18+L18H19,0.332275390625,True
chain|src=L17H1|site=query_writer_union|recv=L21H6|ch=Q|med=none|live=L18H18+L18H19,70,0.3197021484375,0.668914794921875,8,L17H1,query_writer_union,L21H6,Q,none,L18H18+L18H19,0.4943084716796875,True
chain|src=L17H1|site=query_writer_union|recv=L21H6|ch=Q|med=none|live=L18H18+L18H19,72,0.2047119140625,0.2410888671875,8,L17H1,query_writer_union,L21H6,Q,none,L18H18+L18H19,0.222900390625,True
chain|src=L17H1|site=query_writer_union|recv=L21H6|ch=Q|med=none|live=L18H18+L18H19,76,0.1513671875,0.12591552734375,8,L17H1,query_writer_union,L21H6,Q,none,L18H18+L18H19,0.138641357421875,True
chain|src=L17H1|site=query_writer_union|recv=L21H6|ch=Q|med=none|live=L18H18+L18H19,78,0.17669677734375,0.1221923828125,8,L17H1,query_writer_union,L21H6,Q,none,L18H18+L18H19,0.149444580078125,True
chain|src=L17H1|site=query_writer_union|recv=L21H6|ch=Q|med=none|live=L18H18+L18H19,80,0.1728515625,0.3568115234375,8,L17H1,query_writer_union,L21H6,Q,none,L18H18+L18H19,0.26483154296875,True
chain|src=L17H1|site=query_writer_union|recv=L21H6|ch=Q|med=none|live=L18H18+L18H19,82,0.36309814453125,0.225830078125,8,L17H1,query_writer_union,L21H6,Q,none,L18H18+L18H19,0.294464111328125,True
chain|src=L17H1|site=query_writer_union|recv=L21H6|ch=Q|med=none|live=L18H18+L18H19,84,0.11925506591796875,0.0089111328125,8,L17H1,query_writer_union,L21H6,Q,none,L18H18+L18H19,0.06408309936523438,True
chain|src=L17H1|site=query_writer_union|recv=L21H6|ch=Q|med=none|live=L18H18+L18H19,86,0.79461669921875,0.322113037109375,8,L17H1,query_writer_union,L21H6,Q,none,L18H18+L18H19,0.5583648681640625,True
chain|src=L17H1|site=query_writer_union|recv=L21H6|ch=Q|med=none|live=L18H18+L18H19,88,0.212646484375,0.157958984375,8,L17H1,query_writer_union,L21H6,Q,none,L18H18+L18H19,0.185302734375,True
chain|src=L17H1|site=query_writer_union|recv=L21H6|ch=Q|med=none|live=L18H18+L18H19,90,0.15245819091796875,0.22740936279296875,8,L17H1,query_writer_union,L21H6,Q,none,L18H18+L18H19,0.18993377685546875,True
chain|src=L17H1|site=query_writer_union|recv=L21H6|ch=Q|med=none|live=L18H18+L18H19,92,0.1697998046875,0.089599609375,8,L17H1,query_writer_union,L21H6,Q,none,L18H18+L18H19,0.12969970703125,True
chain|src=L17H1|site=query_writer_union|recv=L21H6|ch=Q|med=none|live=L18H18+L18H19,94,0.2592926025390625,0.2606048583984375,8,L17H1,query_writer_union,L21H6,Q,none,L18H18+L18H19,0.25994873046875,True
chain|src=L17H1|site=query_writer_union|recv=L21H6|ch=Q|med=none|live=L18H18+L18H19,96,0.32590484619140625,0.036865234375,8,L17H1,query_writer_union,L21H6,Q,none,L18H18+L18H19,0.18138504028320312,True
chain|src=L17H1|site=query_writer_union|recv=L21H6|ch=Q|med=none|live=L18H18+L18H19,98,0.489501953125,0.1353759765625,8,L17H1,query_writer_union,L21H6,Q,none,L18H18+L18H19,0.31243896484375,True
chain|src=L17H1|site=query_writer_union|recv=L21H6|ch=Q|med=none|live=L18H18+L18H19,100,0.20782470703125,0.1337890625,8,L17H1,query_writer_union,L21H6,Q,none,L18H18+L18H19,0.170806884765625,True
chain|src=L17H1|site=query_writer_union|recv=L21H6|ch=Q|med=none|live=L18H18+L18H19,102,0.208282470703125,0.126953125,8,L17H1,query_writer_union,L21H6,Q,none,L18H18+L18H19,0.1676177978515625,True
chain|src=L17H1|site=query_writer_union|recv=L21H6|ch=Q|med=none|live=L18H18+L18H19,104,0.094818115234375,0.144256591796875,8,L17H1,query_writer_union,L21H6,Q,none,L18H18+L18H19,0.119537353515625,True
chain|src=L17H1|site=query_writer_union|recv=L21H6|ch=Q|med=none|live=L18H18+L18H19,108,0.16582870483398438,0.15375518798828125,8,L17H1,query_writer_union,L21H6,Q,none,L18H18+L18H19,0.1597919464111328,True
chain|src=L17H1|site=query_writer_union|recv=L21H6|ch=Q|med=none|live=L18H18+L18H19,110,0.39013671875,0.2147216796875,8,L17H1,query_writer_union,L21H6,Q,none,L18H18+L18H19,0.30242919921875,True
chain|src=L17H1|site=query_writer_union|recv=L21H6|ch=Q|med=none|live=L18H18+L18H19,112,0.05024528503417969,0.196533203125,8,L17H1,query_writer_union,L21H6,Q,none,L18H18+L18H19,0.12338924407958984,True
chain|src=L17H1|site=query_writer_union|recv=L21H6|ch=Q|med=none|live=L18H18+L18H19,114,0.087890625,0.06317138671875,8,L17H1,query_writer_union,L21H6,Q,none,L18H18+L18H19,0.075531005859375,True
chain|src=L17H1|site=query_writer_union|recv=L21H6|ch=Q|med=none|live=L18H18+L18H19,116,0.1142578125,0.18083953857421875,8,L17H1,query_writer_union,L21H6,Q,none,L18H18+L18H19,0.14754867553710938,True
chain|src=L17H1|site=query_writer_union|recv=L21H6|ch=Q|med=none|live=L18H18+L18H19,118,0.081695556640625,0.266357421875,8,L17H1,query_writer_union,L21H6,Q,none,L18H18+L18H19,0.1740264892578125,True
chain|src=L17H1|site=query_writer_union|recv=L21H6|ch=Q|med=none|live=L18H18+L18H19,120,0.056121826171875,0.28125,8,L17H1,query_writer_union,L21H6,Q,none,L18H18+L18H19,0.1686859130859375,True
chain|src=L17H1|site=query_writer_union|recv=L21H6|ch=Q|med=none|live=L18H18+L18H19,122,0.17951583862304688,0.329803466796875,8,L17H1,query_writer_union,L21H6,Q,none,L18H18+L18H19,0.25465965270996094,True
chain|src=L17H1|site=query_writer_union|recv=L21H6|ch=Q|med=none|live=L18H18+L18H19,124,0.0101318359375,0.0694580078125,8,L17H1,query_writer_union,L21H6,Q,none,L18H18+L18H19,0.039794921875,True
chain|src=L17H1|site=query_writer_union|recv=L21H6|ch=Q|med=none|live=L18H18+L18H19,126,0.24639892578125,0.30402374267578125,8,L17H1,query_writer_union,L21H6,Q,none,L18H18+L18H19,0.2752113342285156,True
chain|src=L17H1|site=query_writer_union|recv=L21H6|ch=Q|med=none|live=L18H18+L18H19,128,0.088836669921875,0.08526611328125,8,L17H1,query_writer_union,L21H6,Q,none,L18H18+L18H19,0.0870513916015625,True
chain|src=L17H1|site=query_writer_union|recv=L21H6|ch=Q|med=none|live=L18H18+L18H19,130,0.05810546875,0.028076171875,8,L17H1,query_writer_union,L21H6,Q,none,L18H18+L18H19,0.0430908203125,True
chain|src=L17H1|site=query_writer_union|recv=L21H6|ch=Q|med=none|live=L18H18+L18H19,132,0.203857421875,0.3916015625,8,L17H1,query_writer_union,L21H6,Q,none,L18H18+L18H19,0.2977294921875,True
chain|src=L17H1|site=query_writer_union|recv=L21H6|ch=Q|med=none|live=L18H18+L18H19,134,0.380462646484375,0.26250457763671875,8,L17H1,query_writer_union,L21H6,Q,none,L18H18+L18H19,0.3214836120605469,True
chain|src=L17H1|site=query_writer_union|recv=L21H6|ch=Q|med=none|live=L18H18+L18H19,136,0.256103515625,0.60113525390625,8,L17H1,query_writer_union,L21H6,Q,none,L18H18+L18H19,0.428619384765625,True
chain|src=L17H1|site=query_writer_union|recv=L21H6|ch=Q|med=none|live=L18H18+L18H19,138,0.279876708984375,0.109527587890625,8,L17H1,query_writer_union,L21H6,Q,none,L18H18+L18H19,0.1947021484375,True
chain|src=L17H1|site=query_writer_union|recv=L21H6|ch=Q|med=none|live=L18H18+L18H19,140,0.0947265625,0.23724365234375,8,L17H1,query_writer_union,L21H6,Q,none,L18H18+L18H19,0.165985107421875,True
chain|src=L17H1|site=query_writer_union|recv=L21H6|ch=Q|med=none|live=L18H18+L18H19,142,0.27734375,0.20159149169921875,8,L17H1,query_writer_union,L21H6,Q,none,L18H18+L18H19,0.23946762084960938,True
chain|src=L17H1|site=query_writer_union|recv=L21H6|ch=Q|med=none|live=L18H18+L18H19,148,0.446044921875,0.2791149616241455,8,L17H1,query_writer_union,L21H6,Q,none,L18H18+L18H19,0.36257994174957275,True
chain|src=L17H1|site=query_writer_union|recv=L21H6|ch=Q|med=none|live=L18H18+L18H19,150,0.0829010009765625,0.19793701171875,8,L17H1,query_writer_union,L21H6,Q,none,L18H18+L18H19,0.14041900634765625,True
chain|src=L17H1|site=query_writer_union|recv=L21H6|ch=Q|med=none|live=L18H18+L18H19,152,0.266204833984375,0.320343017578125,8,L17H1,query_writer_union,L21H6,Q,none,L18H18+L18H19,0.29327392578125,True
chain|src=L17H1|site=query_writer_union|recv=L21H6|ch=Q|med=none|live=L18H18+L18H19,154,0.206787109375,0.302490234375,8,L17H1,query_writer_union,L21H6,Q,none,L18H18+L18H19,0.254638671875,True
chain|src=L17H1|site=query_writer_union|recv=L21H6|ch=Q|med=none|live=L18H18+L18H19,156,0.304046630859375,0.401611328125,8,L17H1,query_writer_union,L21H6,Q,none,L18H18+L18H19,0.3528289794921875,True
chain|src=L17H1|site=query_writer_union|recv=L21H6|ch=Q|med=none|live=L18H18+L18H19,158,0.063720703125,0.065673828125,8,L17H1,query_writer_union,L21H6,Q,none,L18H18+L18H19,0.064697265625,True
chain|src=L17H1|site=query_writer_union|recv=L21H6|ch=Q|med=none|live=L18H18+L18H19,160,0.21049833297729492,0.18023681640625,8,L17H1,query_writer_union,L21H6,Q,none,L18H18+L18H19,0.19536757469177246,True
chain|src=L17H1|site=query_writer_union|recv=L21H6|ch=Q|med=none|live=L18H18+L18H19,162,0.235595703125,0.119384765625,8,L17H1,query_writer_union,L21H6,Q,none,L18H18+L18H19,0.177490234375,True
chain|src=L17H1|site=query_writer_union|recv=L21H6|ch=Q|med=none|live=L18H18+L18H19,166,0.251953125,0.16583251953125,8,L17H1,query_writer_union,L21H6,Q,none,L18H18+L18H19,0.208892822265625,True
chain|src=L17H1|site=query_writer_union|recv=L21H6|ch=Q|med=none|live=L18H18+L18H19,168,0.01025390625,0.00244140625,8,L17H1,query_writer_union,L21H6,Q,none,L18H18+L18H19,0.00634765625,True
chain|src=L17H1|site=query_writer_union|recv=L21H6|ch=Q|med=none|live=L18H18+L18H19,170,0.24420166015625,0.07965087890625,8,L17H1,query_writer_union,L21H6,Q,none,L18H18+L18H19,0.16192626953125,True
chain|src=L17H1|site=query_writer_union|recv=L21H6|ch=Q|med=none|live=L18H18+L18H19,172,0.08642578125,0.07891845703125,8,L17H1,query_writer_union,L21H6,Q,none,L18H18+L18H19,0.082672119140625,True
chain|src=L17H1|site=query_writer_union|recv=L21H6|ch=Q|med=none|live=L18H18+L18H19,174,0.0,0.0079345703125,8,L17H1,query_writer_union,L21H6,Q,none,L18H18+L18H19,0.00396728515625,False
chain|src=L17H1|site=query_writer_union|recv=L21H6|ch=Q|med=none|live=L18H18+L18H19,176,0.2679443359375,0.3698234558105469,8,L17H1,query_writer_union,L21H6,Q,none,L18H18+L18H19,0.31888389587402344,True
chain|src=L17H1|site=query_writer_union|recv=L21H6|ch=Q|med=none|live=L18H18+L18H19,178,0.15252017974853516,0.16278076171875,8,L17H1,query_writer_union,L21H6,Q,none,L18H18+L18H19,0.15765047073364258,True
chain|src=L17H1|site=query_writer_union|recv=L21H6|ch=Q|med=none|live=L18H18+L18H19,180,0.225128173828125,0.0905618667602539,8,L17H1,query_writer_union,L21H6,Q,none,L18H18+L18H19,0.15784502029418945,True
chain|src=L17H1|site=query_writer_union|recv=L21H6|ch=Q|med=none|live=L18H18+L18H19,182,0.349853515625,0.2281494140625,8,L17H1,query_writer_union,L21H6,Q,none,L18H18+L18H19,0.28900146484375,True
chain|src=L17H1|site=query_writer_union|recv=L21H6|ch=Q|med=none|live=L18H18+L18H19,186,0.20806884765625,0.196014404296875,8,L17H1,query_writer_union,L21H6,Q,none,L18H18+L18H19,0.2020416259765625,True
chain|src=L17H1|site=query_writer_union|recv=L21H6|ch=Q|med=none|live=L18H18+L18H19,188,0.2144317626953125,0.0640869140625,8,L17H1,query_writer_union,L21H6,Q,none,L18H18+L18H19,0.13925933837890625,True
chain|src=L17H1|site=query_writer_union|recv=L21H6|ch=Q|med=none|live=L18H18+L18H19,192,0.437255859375,0.32708740234375,8,L17H1,query_writer_union,L21H6,Q,none,L18H18+L18H19,0.382171630859375,True
chain|src=L17H1|site=query_writer_union|recv=L21H6|ch=Q|med=none|live=L18H18+L18H19,194,0.4605712890625,0.3477783203125,8,L17H1,query_writer_union,L21H6,Q,none,L18H18+L18H19,0.4041748046875,True
chain|src=L17H1|site=query_writer_union|recv=L21H6|ch=Q|med=none|live=L18H18+L18H19,196,0.302734375,0.26123046875,8,L17H1,query_writer_union,L21H6,Q,none,L18H18+L18H19,0.281982421875,True
chain|src=L17H1|site=query_writer_union|recv=L21H6|ch=Q|med=none|live=L18H18+L18H19,198,0.16998291015625,0.39111328125,8,L17H1,query_writer_union,L21H6,Q,none,L18H18+L18H19,0.280548095703125,True
chain|src=L17H1|site=query_writer_union|recv=L22H5|ch=Q|med=none|live=L18H18+L18H19,0,0.035186767578125,0.0765380859375,9,L17H1,query_writer_union,L22H5,Q,none,L18H18+L18H19,0.0558624267578125,True
chain|src=L17H1|site=query_writer_union|recv=L22H5|ch=Q|med=none|live=L18H18+L18H19,2,0.1678466796875,0.1233673095703125,9,L17H1,query_writer_union,L22H5,Q,none,L18H18+L18H19,0.14560699462890625,True
chain|src=L17H1|site=query_writer_union|recv=L22H5|ch=Q|med=none|live=L18H18+L18H19,4,0.396240234375,0.09667205810546875,9,L17H1,query_writer_union,L22H5,Q,none,L18H18+L18H19,0.24645614624023438,True
chain|src=L17H1|site=query_writer_union|recv=L22H5|ch=Q|med=none|live=L18H18+L18H19,6,0.087158203125,0.034912109375,9,L17H1,query_writer_union,L22H5,Q,none,L18H18+L18H19,0.06103515625,True
chain|src=L17H1|site=query_writer_union|recv=L22H5|ch=Q|med=none|live=L18H18+L18H19,8,-0.023193359375,0.06158447265625,9,L17H1,query_writer_union,L22H5,Q,none,L18H18+L18H19,0.019195556640625,False
chain|src=L17H1|site=query_writer_union|recv=L22H5|ch=Q|med=none|live=L18H18+L18H19,12,0.4092597961425781,0.234375,9,L17H1,query_writer_union,L22H5,Q,none,L18H18+L18H19,0.32181739807128906,True
chain|src=L17H1|site=query_writer_union|recv=L22H5|ch=Q|med=none|live=L18H18+L18H19,14,0.0782470703125,0.20068359375,9,L17H1,query_writer_union,L22H5,Q,none,L18H18+L18H19,0.13946533203125,True
chain|src=L17H1|site=query_writer_union|recv=L22H5|ch=Q|med=none|live=L18H18+L18H19,16,0.1721343994140625,0.21612548828125,9,L17H1,query_writer_union,L22H5,Q,none,L18H18+L18H19,0.19412994384765625,True
chain|src=L17H1|site=query_writer_union|recv=L22H5|ch=Q|med=none|live=L18H18+L18H19,20,0.3811330795288086,0.263427734375,9,L17H1,query_writer_union,L22H5,Q,none,L18H18+L18H19,0.3222804069519043,True
chain|src=L17H1|site=query_writer_union|recv=L22H5|ch=Q|med=none|live=L18H18+L18H19,24,0.5985107421875,0.2119598388671875,9,L17H1,query_writer_union,L22H5,Q,none,L18H18+L18H19,0.40523529052734375,True
chain|src=L17H1|site=query_writer_union|recv=L22H5|ch=Q|med=none|live=L18H18+L18H19,26,0.03662109375,0.09527587890625,9,L17H1,query_writer_union,L22H5,Q,none,L18H18+L18H19,0.065948486328125,True
chain|src=L17H1|site=query_writer_union|recv=L22H5|ch=Q|med=none|live=L18H18+L18H19,28,0.557373046875,0.6240234375,9,L17H1,query_writer_union,L22H5,Q,none,L18H18+L18H19,0.5906982421875,True
chain|src=L17H1|site=query_writer_union|recv=L22H5|ch=Q|med=none|live=L18H18+L18H19,30,0.18994140625,0.2420654296875,9,L17H1,query_writer_union,L22H5,Q,none,L18H18+L18H19,0.21600341796875,True
chain|src=L17H1|site=query_writer_union|recv=L22H5|ch=Q|med=none|live=L18H18+L18H19,32,0.16768646240234375,0.34716796875,9,L17H1,query_writer_union,L22H5,Q,none,L18H18+L18H19,0.2574272155761719,True
chain|src=L17H1|site=query_writer_union|recv=L22H5|ch=Q|med=none|live=L18H18+L18H19,34,0.05244922637939453,0.2049560546875,9,L17H1,query_writer_union,L22H5,Q,none,L18H18+L18H19,0.12870264053344727,True
chain|src=L17H1|site=query_writer_union|recv=L22H5|ch=Q|med=none|live=L18H18+L18H19,36,0.23138427734375,0.250274658203125,9,L17H1,query_writer_union,L22H5,Q,none,L18H18+L18H19,0.2408294677734375,True
chain|src=L17H1|site=query_writer_union|recv=L22H5|ch=Q|med=none|live=L18H18+L18H19,38,0.13897705078125,0.297119140625,9,L17H1,query_writer_union,L22H5,Q,none,L18H18+L18H19,0.218048095703125,True
chain|src=L17H1|site=query_writer_union|recv=L22H5|ch=Q|med=none|live=L18H18+L18H19,40,0.2627449035644531,0.150238037109375,9,L17H1,query_writer_union,L22H5,Q,none,L18H18+L18H19,0.20649147033691406,True
chain|src=L17H1|site=query_writer_union|recv=L22H5|ch=Q|med=none|live=L18H18+L18H19,44,0.0570068359375,0.1153564453125,9,L17H1,query_writer_union,L22H5,Q,none,L18H18+L18H19,0.086181640625,True
chain|src=L17H1|site=query_writer_union|recv=L22H5|ch=Q|med=none|live=L18H18+L18H19,46,0.095245361328125,0.13364791870117188,9,L17H1,query_writer_union,L22H5,Q,none,L18H18+L18H19,0.11444664001464844,True
chain|src=L17H1|site=query_writer_union|recv=L22H5|ch=Q|med=none|live=L18H18+L18H19,48,0.286346435546875,0.168212890625,9,L17H1,query_writer_union,L22H5,Q,none,L18H18+L18H19,0.2272796630859375,True
chain|src=L17H1|site=query_writer_union|recv=L22H5|ch=Q|med=none|live=L18H18+L18H19,50,-0.01025390625,0.0926513671875,9,L17H1,query_writer_union,L22H5,Q,none,L18H18+L18H19,0.04119873046875,False
chain|src=L17H1|site=query_writer_union|recv=L22H5|ch=Q|med=none|live=L18H18+L18H19,52,0.17474365234375,0.1451873779296875,9,L17H1,query_writer_union,L22H5,Q,none,L18H18+L18H19,0.15996551513671875,True
chain|src=L17H1|site=query_writer_union|recv=L22H5|ch=Q|med=none|live=L18H18+L18H19,54,0.18621826171875,0.1455078125,9,L17H1,query_writer_union,L22H5,Q,none,L18H18+L18H19,0.165863037109375,True
chain|src=L17H1|site=query_writer_union|recv=L22H5|ch=Q|med=none|live=L18H18+L18H19,56,0.0294342041015625,0.04261016845703125,9,L17H1,query_writer_union,L22H5,Q,none,L18H18+L18H19,0.036022186279296875,True
chain|src=L17H1|site=query_writer_union|recv=L22H5|ch=Q|med=none|live=L18H18+L18H19,58,0.17421340942382812,0.1275634765625,9,L17H1,query_writer_union,L22H5,Q,none,L18H18+L18H19,0.15088844299316406,True
chain|src=L17H1|site=query_writer_union|recv=L22H5|ch=Q|med=none|live=L18H18+L18H19,60,0.04852294921875,0.0623779296875,9,L17H1,query_writer_union,L22H5,Q,none,L18H18+L18H19,0.055450439453125,True
chain|src=L17H1|site=query_writer_union|recv=L22H5|ch=Q|med=none|live=L18H18+L18H19,62,0.102935791015625,0.1678009033203125,9,L17H1,query_writer_union,L22H5,Q,none,L18H18+L18H19,0.13536834716796875,True
chain|src=L17H1|site=query_writer_union|recv=L22H5|ch=Q|med=none|live=L18H18+L18H19,64,0.07073974609375,0.0550384521484375,9,L17H1,query_writer_union,L22H5,Q,none,L18H18+L18H19,0.06288909912109375,True
chain|src=L17H1|site=query_writer_union|recv=L22H5|ch=Q|med=none|live=L18H18+L18H19,66,0.26763916015625,0.2592506408691406,9,L17H1,query_writer_union,L22H5,Q,none,L18H18+L18H19,0.2634449005126953,True
chain|src=L17H1|site=query_writer_union|recv=L22H5|ch=Q|med=none|live=L18H18+L18H19,68,0.1998291015625,0.203857421875,9,L17H1,query_writer_union,L22H5,Q,none,L18H18+L18H19,0.20184326171875,True
chain|src=L17H1|site=query_writer_union|recv=L22H5|ch=Q|med=none|live=L18H18+L18H19,70,0.16845703125,0.216888427734375,9,L17H1,query_writer_union,L22H5,Q,none,L18H18+L18H19,0.1926727294921875,True
chain|src=L17H1|site=query_writer_union|recv=L22H5|ch=Q|med=none|live=L18H18+L18H19,72,0.0863037109375,0.095703125,9,L17H1,query_writer_union,L22H5,Q,none,L18H18+L18H19,0.09100341796875,True
chain|src=L17H1|site=query_writer_union|recv=L22H5|ch=Q|med=none|live=L18H18+L18H19,76,0.1085205078125,0.0904541015625,9,L17H1,query_writer_union,L22H5,Q,none,L18H18+L18H19,0.0994873046875,True
chain|src=L17H1|site=query_writer_union|recv=L22H5|ch=Q|med=none|live=L18H18+L18H19,78,0.06866455078125,0.1041259765625,9,L17H1,query_writer_union,L22H5,Q,none,L18H18+L18H19,0.086395263671875,True
chain|src=L17H1|site=query_writer_union|recv=L22H5|ch=Q|med=none|live=L18H18+L18H19,80,0.10272216796875,0.21502685546875,9,L17H1,query_writer_union,L22H5,Q,none,L18H18+L18H19,0.15887451171875,True
chain|src=L17H1|site=query_writer_union|recv=L22H5|ch=Q|med=none|live=L18H18+L18H19,82,0.17169189453125,0.189697265625,9,L17H1,query_writer_union,L22H5,Q,none,L18H18+L18H19,0.180694580078125,True
chain|src=L17H1|site=query_writer_union|recv=L22H5|ch=Q|med=none|live=L18H18+L18H19,84,0.2149505615234375,0.0660400390625,9,L17H1,query_writer_union,L22H5,Q,none,L18H18+L18H19,0.14049530029296875,True
chain|src=L17H1|site=query_writer_union|recv=L22H5|ch=Q|med=none|live=L18H18+L18H19,86,0.12078857421875,0.0924072265625,9,L17H1,query_writer_union,L22H5,Q,none,L18H18+L18H19,0.106597900390625,True
chain|src=L17H1|site=query_writer_union|recv=L22H5|ch=Q|med=none|live=L18H18+L18H19,88,0.3544921875,0.165557861328125,9,L17H1,query_writer_union,L22H5,Q,none,L18H18+L18H19,0.2600250244140625,True
chain|src=L17H1|site=query_writer_union|recv=L22H5|ch=Q|med=none|live=L18H18+L18H19,90,0.26009464263916016,0.19667816162109375,9,L17H1,query_writer_union,L22H5,Q,none,L18H18+L18H19,0.22838640213012695,True
chain|src=L17H1|site=query_writer_union|recv=L22H5|ch=Q|med=none|live=L18H18+L18H19,92,0.245849609375,0.22686767578125,9,L17H1,query_writer_union,L22H5,Q,none,L18H18+L18H19,0.236358642578125,True
chain|src=L17H1|site=query_writer_union|recv=L22H5|ch=Q|med=none|live=L18H18+L18H19,94,0.54315185546875,0.2819061279296875,9,L17H1,query_writer_union,L22H5,Q,none,L18H18+L18H19,0.41252899169921875,True
chain|src=L17H1|site=query_writer_union|recv=L22H5|ch=Q|med=none|live=L18H18+L18H19,96,0.5140342712402344,0.421875,9,L17H1,query_writer_union,L22H5,Q,none,L18H18+L18H19,0.4679546356201172,True
chain|src=L17H1|site=query_writer_union|recv=L22H5|ch=Q|med=none|live=L18H18+L18H19,98,0.110443115234375,0.09649658203125,9,L17H1,query_writer_union,L22H5,Q,none,L18H18+L18H19,0.1034698486328125,True
chain|src=L17H1|site=query_writer_union|recv=L22H5|ch=Q|med=none|live=L18H18+L18H19,100,0.10614013671875,0.0931396484375,9,L17H1,query_writer_union,L22H5,Q,none,L18H18+L18H19,0.099639892578125,True
chain|src=L17H1|site=query_writer_union|recv=L22H5|ch=Q|med=none|live=L18H18+L18H19,102,0.21023178100585938,0.209228515625,9,L17H1,query_writer_union,L22H5,Q,none,L18H18+L18H19,0.2097301483154297,True
chain|src=L17H1|site=query_writer_union|recv=L22H5|ch=Q|med=none|live=L18H18+L18H19,104,0.12579345703125,0.19671630859375,9,L17H1,query_writer_union,L22H5,Q,none,L18H18+L18H19,0.1612548828125,True
chain|src=L17H1|site=query_writer_union|recv=L22H5|ch=Q|med=none|live=L18H18+L18H19,108,0.19663310050964355,0.09995269775390625,9,L17H1,query_writer_union,L22H5,Q,none,L18H18+L18H19,0.1482928991317749,True
chain|src=L17H1|site=query_writer_union|recv=L22H5|ch=Q|med=none|live=L18H18+L18H19,110,0.239013671875,0.1171875,9,L17H1,query_writer_union,L22H5,Q,none,L18H18+L18H19,0.1781005859375,True
chain|src=L17H1|site=query_writer_union|recv=L22H5|ch=Q|med=none|live=L18H18+L18H19,112,0.036380767822265625,0.1717529296875,9,L17H1,query_writer_union,L22H5,Q,none,L18H18+L18H19,0.10406684875488281,True
chain|src=L17H1|site=query_writer_union|recv=L22H5|ch=Q|med=none|live=L18H18+L18H19,114,0.20697021484375,0.12353515625,9,L17H1,query_writer_union,L22H5,Q,none,L18H18+L18H19,0.165252685546875,True
chain|src=L17H1|site=query_writer_union|recv=L22H5|ch=Q|med=none|live=L18H18+L18H19,116,0.15118408203125,0.2730255126953125,9,L17H1,query_writer_union,L22H5,Q,none,L18H18+L18H19,0.21210479736328125,True
chain|src=L17H1|site=query_writer_union|recv=L22H5|ch=Q|med=none|live=L18H18+L18H19,118,0.09869384765625,0.109619140625,9,L17H1,query_writer_union,L22H5,Q,none,L18H18+L18H19,0.104156494140625,True
chain|src=L17H1|site=query_writer_union|recv=L22H5|ch=Q|med=none|live=L18H18+L18H19,120,0.05731201171875,0.128662109375,9,L17H1,query_writer_union,L22H5,Q,none,L18H18+L18H19,0.092987060546875,True
chain|src=L17H1|site=query_writer_union|recv=L22H5|ch=Q|med=none|live=L18H18+L18H19,122,0.11213302612304688,0.215118408203125,9,L17H1,query_writer_union,L22H5,Q,none,L18H18+L18H19,0.16362571716308594,True
chain|src=L17H1|site=query_writer_union|recv=L22H5|ch=Q|med=none|live=L18H18+L18H19,124,0.06964111328125,0.06390380859375,9,L17H1,query_writer_union,L22H5,Q,none,L18H18+L18H19,0.0667724609375,True
chain|src=L17H1|site=query_writer_union|recv=L22H5|ch=Q|med=none|live=L18H18+L18H19,126,0.22027587890625,0.2142333984375,9,L17H1,query_writer_union,L22H5,Q,none,L18H18+L18H19,0.217254638671875,True
chain|src=L17H1|site=query_writer_union|recv=L22H5|ch=Q|med=none|live=L18H18+L18H19,128,0.1764984130859375,0.24102783203125,9,L17H1,query_writer_union,L22H5,Q,none,L18H18+L18H19,0.20876312255859375,True
chain|src=L17H1|site=query_writer_union|recv=L22H5|ch=Q|med=none|live=L18H18+L18H19,130,0.2102813720703125,0.167236328125,9,L17H1,query_writer_union,L22H5,Q,none,L18H18+L18H19,0.18875885009765625,True
chain|src=L17H1|site=query_writer_union|recv=L22H5|ch=Q|med=none|live=L18H18+L18H19,132,0.1988525390625,0.205810546875,9,L17H1,query_writer_union,L22H5,Q,none,L18H18+L18H19,0.20233154296875,True
chain|src=L17H1|site=query_writer_union|recv=L22H5|ch=Q|med=none|live=L18H18+L18H19,134,0.0903167724609375,0.087921142578125,9,L17H1,query_writer_union,L22H5,Q,none,L18H18+L18H19,0.08911895751953125,True
chain|src=L17H1|site=query_writer_union|recv=L22H5|ch=Q|med=none|live=L18H18+L18H19,136,0.38232421875,0.3385009765625,9,L17H1,query_writer_union,L22H5,Q,none,L18H18+L18H19,0.36041259765625,True
chain|src=L17H1|site=query_writer_union|recv=L22H5|ch=Q|med=none|live=L18H18+L18H19,138,0.3697681427001953,0.2407360076904297,9,L17H1,query_writer_union,L22H5,Q,none,L18H18+L18H19,0.3052520751953125,True
chain|src=L17H1|site=query_writer_union|recv=L22H5|ch=Q|med=none|live=L18H18+L18H19,140,0.06488037109375,0.107147216796875,9,L17H1,query_writer_union,L22H5,Q,none,L18H18+L18H19,0.0860137939453125,True
chain|src=L17H1|site=query_writer_union|recv=L22H5|ch=Q|med=none|live=L18H18+L18H19,142,0.111328125,0.05303955078125,9,L17H1,query_writer_union,L22H5,Q,none,L18H18+L18H19,0.082183837890625,True
chain|src=L17H1|site=query_writer_union|recv=L22H5|ch=Q|med=none|live=L18H18+L18H19,148,0.298583984375,0.19456863403320312,9,L17H1,query_writer_union,L22H5,Q,none,L18H18+L18H19,0.24657630920410156,True
chain|src=L17H1|site=query_writer_union|recv=L22H5|ch=Q|med=none|live=L18H18+L18H19,150,0.1033935546875,0.16802978515625,9,L17H1,query_writer_union,L22H5,Q,none,L18H18+L18H19,0.135711669921875,True
chain|src=L17H1|site=query_writer_union|recv=L22H5|ch=Q|med=none|live=L18H18+L18H19,152,0.30169677734375,0.224700927734375,9,L17H1,query_writer_union,L22H5,Q,none,L18H18+L18H19,0.2631988525390625,True
chain|src=L17H1|site=query_writer_union|recv=L22H5|ch=Q|med=none|live=L18H18+L18H19,154,0.27288818359375,0.138916015625,9,L17H1,query_writer_union,L22H5,Q,none,L18H18+L18H19,0.205902099609375,True
chain|src=L17H1|site=query_writer_union|recv=L22H5|ch=Q|med=none|live=L18H18+L18H19,156,0.149871826171875,0.18408203125,9,L17H1,query_writer_union,L22H5,Q,none,L18H18+L18H19,0.1669769287109375,True
chain|src=L17H1|site=query_writer_union|recv=L22H5|ch=Q|med=none|live=L18H18+L18H19,158,0.0755615234375,0.0921630859375,9,L17H1,query_writer_union,L22H5,Q,none,L18H18+L18H19,0.0838623046875,True
chain|src=L17H1|site=query_writer_union|recv=L22H5|ch=Q|med=none|live=L18H18+L18H19,160,0.13829803466796875,0.15397953987121582,9,L17H1,query_writer_union,L22H5,Q,none,L18H18+L18H19,0.14613878726959229,True
chain|src=L17H1|site=query_writer_union|recv=L22H5|ch=Q|med=none|live=L18H18+L18H19,162,0.202392578125,0.0997314453125,9,L17H1,query_writer_union,L22H5,Q,none,L18H18+L18H19,0.15106201171875,True
chain|src=L17H1|site=query_writer_union|recv=L22H5|ch=Q|med=none|live=L18H18+L18H19,166,0.173187255859375,0.21478271484375,9,L17H1,query_writer_union,L22H5,Q,none,L18H18+L18H19,0.1939849853515625,True
chain|src=L17H1|site=query_writer_union|recv=L22H5|ch=Q|med=none|live=L18H18+L18H19,168,0.003173828125,-0.002197265625,9,L17H1,query_writer_union,L22H5,Q,none,L18H18+L18H19,0.00048828125,False
chain|src=L17H1|site=query_writer_union|recv=L22H5|ch=Q|med=none|live=L18H18+L18H19,170,0.36614990234375,0.03558349609375,9,L17H1,query_writer_union,L22H5,Q,none,L18H18+L18H19,0.20086669921875,True
chain|src=L17H1|site=query_writer_union|recv=L22H5|ch=Q|med=none|live=L18H18+L18H19,172,0.1168212890625,0.08697509765625,9,L17H1,query_writer_union,L22H5,Q,none,L18H18+L18H19,0.101898193359375,True
chain|src=L17H1|site=query_writer_union|recv=L22H5|ch=Q|med=none|live=L18H18+L18H19,174,-0.004150390625,-0.0025634765625,9,L17H1,query_writer_union,L22H5,Q,none,L18H18+L18H19,-0.00335693359375,True
chain|src=L17H1|site=query_writer_union|recv=L22H5|ch=Q|med=none|live=L18H18+L18H19,176,0.2171630859375,0.3196220397949219,9,L17H1,query_writer_union,L22H5,Q,none,L18H18+L18H19,0.26839256286621094,True
chain|src=L17H1|site=query_writer_union|recv=L22H5|ch=Q|med=none|live=L18H18+L18H19,178,0.42945098876953125,0.22479248046875,9,L17H1,query_writer_union,L22H5,Q,none,L18H18+L18H19,0.3271217346191406,True
chain|src=L17H1|site=query_writer_union|recv=L22H5|ch=Q|med=none|live=L18H18+L18H19,180,0.23516845703125,0.1837177276611328,9,L17H1,query_writer_union,L22H5,Q,none,L18H18+L18H19,0.2094430923461914,True
chain|src=L17H1|site=query_writer_union|recv=L22H5|ch=Q|med=none|live=L18H18+L18H19,182,0.204345703125,0.0718994140625,9,L17H1,query_writer_union,L22H5,Q,none,L18H18+L18H19,0.13812255859375,True
chain|src=L17H1|site=query_writer_union|recv=L22H5|ch=Q|med=none|live=L18H18+L18H19,186,0.2462158203125,0.16204833984375,9,L17H1,query_writer_union,L22H5,Q,none,L18H18+L18H19,0.204132080078125,True
chain|src=L17H1|site=query_writer_union|recv=L22H5|ch=Q|med=none|live=L18H18+L18H19,188,0.052703857421875,0.0628662109375,9,L17H1,query_writer_union,L22H5,Q,none,L18H18+L18H19,0.0577850341796875,True
chain|src=L17H1|site=query_writer_union|recv=L22H5|ch=Q|med=none|live=L18H18+L18H19,192,0.318603515625,0.16607666015625,9,L17H1,query_writer_union,L22H5,Q,none,L18H18+L18H19,0.242340087890625,True
chain|src=L17H1|site=query_writer_union|recv=L22H5|ch=Q|med=none|live=L18H18+L18H19,194,0.59014892578125,0.3160400390625,9,L17H1,query_writer_union,L22H5,Q,none,L18H18+L18H19,0.453094482421875,True
chain|src=L17H1|site=query_writer_union|recv=L22H5|ch=Q|med=none|live=L18H18+L18H19,196,0.28857421875,0.13330078125,9,L17H1,query_writer_union,L22H5,Q,none,L18H18+L18H19,0.2109375,True
chain|src=L17H1|site=query_writer_union|recv=L22H5|ch=Q|med=none|live=L18H18+L18H19,198,0.32684326171875,0.489990234375,9,L17H1,query_writer_union,L22H5,Q,none,L18H18+L18H19,0.408416748046875,True
chain|src=L15H25|site=query_child_last|recv=L18H18|ch=Q|med=none|live=L16H1+L16H21,0,0.06396484375,0.1739501953125,10,L15H25,query_child_last,L18H18,Q,none,L16H1+L16H21,0.11895751953125,True
chain|src=L15H25|site=query_child_last|recv=L18H18|ch=Q|med=none|live=L16H1+L16H21,2,0.125,0.0193939208984375,10,L15H25,query_child_last,L18H18,Q,none,L16H1+L16H21,0.07219696044921875,True
chain|src=L15H25|site=query_child_last|recv=L18H18|ch=Q|med=none|live=L16H1+L16H21,4,0.1806640625,0.19867324829101562,10,L15H25,query_child_last,L18H18,Q,none,L16H1+L16H21,0.1896686553955078,True
chain|src=L15H25|site=query_child_last|recv=L18H18|ch=Q|med=none|live=L16H1+L16H21,6,0.14544677734375,0.09619140625,10,L15H25,query_child_last,L18H18,Q,none,L16H1+L16H21,0.120819091796875,True
chain|src=L15H25|site=query_child_last|recv=L18H18|ch=Q|med=none|live=L16H1+L16H21,8,0.0888671875,0.0595703125,10,L15H25,query_child_last,L18H18,Q,none,L16H1+L16H21,0.07421875,True
chain|src=L15H25|site=query_child_last|recv=L18H18|ch=Q|med=none|live=L16H1+L16H21,12,0.19435501098632812,0.195831298828125,10,L15H25,query_child_last,L18H18,Q,none,L16H1+L16H21,0.19509315490722656,True
chain|src=L15H25|site=query_child_last|recv=L18H18|ch=Q|med=none|live=L16H1+L16H21,14,0.19512939453125,0.28802490234375,10,L15H25,query_child_last,L18H18,Q,none,L16H1+L16H21,0.2415771484375,True
chain|src=L15H25|site=query_child_last|recv=L18H18|ch=Q|med=none|live=L16H1+L16H21,16,0.113616943359375,0.11737060546875,10,L15H25,query_child_last,L18H18,Q,none,L16H1+L16H21,0.1154937744140625,True
chain|src=L15H25|site=query_child_last|recv=L18H18|ch=Q|med=none|live=L16H1+L16H21,20,0.3110990524291992,0.10076904296875,10,L15H25,query_child_last,L18H18,Q,none,L16H1+L16H21,0.2059340476989746,True
chain|src=L15H25|site=query_child_last|recv=L18H18|ch=Q|med=none|live=L16H1+L16H21,24,0.14923095703125,0.214569091796875,10,L15H25,query_child_last,L18H18,Q,none,L16H1+L16H21,0.1819000244140625,True
chain|src=L15H25|site=query_child_last|recv=L18H18|ch=Q|med=none|live=L16H1+L16H21,26,0.14111328125,0.19097900390625,10,L15H25,query_child_last,L18H18,Q,none,L16H1+L16H21,0.166046142578125,True
chain|src=L15H25|site=query_child_last|recv=L18H18|ch=Q|med=none|live=L16H1+L16H21,28,0.1259765625,0.2481689453125,10,L15H25,query_child_last,L18H18,Q,none,L16H1+L16H21,0.18707275390625,True
chain|src=L15H25|site=query_child_last|recv=L18H18|ch=Q|med=none|live=L16H1+L16H21,30,0.286346435546875,0.257080078125,10,L15H25,query_child_last,L18H18,Q,none,L16H1+L16H21,0.2717132568359375,True
chain|src=L15H25|site=query_child_last|recv=L18H18|ch=Q|med=none|live=L16H1+L16H21,32,0.10552978515625,0.349273681640625,10,L15H25,query_child_last,L18H18,Q,none,L16H1+L16H21,0.2274017333984375,True
chain|src=L15H25|site=query_child_last|recv=L18H18|ch=Q|med=none|live=L16H1+L16H21,34,0.2750673294067383,0.1419677734375,10,L15H25,query_child_last,L18H18,Q,none,L16H1+L16H21,0.20851755142211914,True
chain|src=L15H25|site=query_child_last|recv=L18H18|ch=Q|med=none|live=L16H1+L16H21,36,0.124176025390625,0.111480712890625,10,L15H25,query_child_last,L18H18,Q,none,L16H1+L16H21,0.117828369140625,True
chain|src=L15H25|site=query_child_last|recv=L18H18|ch=Q|med=none|live=L16H1+L16H21,38,0.2608642578125,0.3552398681640625,10,L15H25,query_child_last,L18H18,Q,none,L16H1+L16H21,0.30805206298828125,True
chain|src=L15H25|site=query_child_last|recv=L18H18|ch=Q|med=none|live=L16H1+L16H21,40,0.15756988525390625,0.17138671875,10,L15H25,query_child_last,L18H18,Q,none,L16H1+L16H21,0.16447830200195312,True
chain|src=L15H25|site=query_child_last|recv=L18H18|ch=Q|med=none|live=L16H1+L16H21,44,0.0606689453125,0.0457763671875,10,L15H25,query_child_last,L18H18,Q,none,L16H1+L16H21,0.05322265625,True
chain|src=L15H25|site=query_child_last|recv=L18H18|ch=Q|med=none|live=L16H1+L16H21,46,0.074981689453125,0.0261993408203125,10,L15H25,query_child_last,L18H18,Q,none,L16H1+L16H21,0.05059051513671875,True
chain|src=L15H25|site=query_child_last|recv=L18H18|ch=Q|med=none|live=L16H1+L16H21,48,0.1372833251953125,0.2508544921875,10,L15H25,query_child_last,L18H18,Q,none,L16H1+L16H21,0.19406890869140625,True
chain|src=L15H25|site=query_child_last|recv=L18H18|ch=Q|med=none|live=L16H1+L16H21,50,0.0177001953125,0.166748046875,10,L15H25,query_child_last,L18H18,Q,none,L16H1+L16H21,0.09222412109375,True
chain|src=L15H25|site=query_child_last|recv=L18H18|ch=Q|med=none|live=L16H1+L16H21,52,0.0910186767578125,0.22256851196289062,10,L15H25,query_child_last,L18H18,Q,none,L16H1+L16H21,0.15679359436035156,True
chain|src=L15H25|site=query_child_last|recv=L18H18|ch=Q|med=none|live=L16H1+L16H21,54,0.1302490234375,0.44580078125,10,L15H25,query_child_last,L18H18,Q,none,L16H1+L16H21,0.28802490234375,True
chain|src=L15H25|site=query_child_last|recv=L18H18|ch=Q|med=none|live=L16H1+L16H21,56,0.1071929931640625,0.10936737060546875,10,L15H25,query_child_last,L18H18,Q,none,L16H1+L16H21,0.10828018188476562,True
chain|src=L15H25|site=query_child_last|recv=L18H18|ch=Q|med=none|live=L16H1+L16H21,58,0.05391693115234375,0.0999755859375,10,L15H25,query_child_last,L18H18,Q,none,L16H1+L16H21,0.07694625854492188,True
chain|src=L15H25|site=query_child_last|recv=L18H18|ch=Q|med=none|live=L16H1+L16H21,60,0.0340423583984375,0.053466796875,10,L15H25,query_child_last,L18H18,Q,none,L16H1+L16H21,0.04375457763671875,True
chain|src=L15H25|site=query_child_last|recv=L18H18|ch=Q|med=none|live=L16H1+L16H21,62,0.095916748046875,0.3625335693359375,10,L15H25,query_child_last,L18H18,Q,none,L16H1+L16H21,0.22922515869140625,True
chain|src=L15H25|site=query_child_last|recv=L18H18|ch=Q|med=none|live=L16H1+L16H21,64,0.22845458984375,-0.0366363525390625,10,L15H25,query_child_last,L18H18,Q,none,L16H1+L16H21,0.09590911865234375,False
chain|src=L15H25|site=query_child_last|recv=L18H18|ch=Q|med=none|live=L16H1+L16H21,66,0.11279296875,0.07808685302734375,10,L15H25,query_child_last,L18H18,Q,none,L16H1+L16H21,0.09543991088867188,True
chain|src=L15H25|site=query_child_last|recv=L18H18|ch=Q|med=none|live=L16H1+L16H21,68,0.4046630859375,0.245849609375,10,L15H25,query_child_last,L18H18,Q,none,L16H1+L16H21,0.32525634765625,True
chain|src=L15H25|site=query_child_last|recv=L18H18|ch=Q|med=none|live=L16H1+L16H21,70,0.1087646484375,0.0870361328125,10,L15H25,query_child_last,L18H18,Q,none,L16H1+L16H21,0.097900390625,True
chain|src=L15H25|site=query_child_last|recv=L18H18|ch=Q|med=none|live=L16H1+L16H21,72,0.118408203125,0.205810546875,10,L15H25,query_child_last,L18H18,Q,none,L16H1+L16H21,0.162109375,True
chain|src=L15H25|site=query_child_last|recv=L18H18|ch=Q|med=none|live=L16H1+L16H21,76,0.15216064453125,0.112335205078125,10,L15H25,query_child_last,L18H18,Q,none,L16H1+L16H21,0.1322479248046875,True
chain|src=L15H25|site=query_child_last|recv=L18H18|ch=Q|med=none|live=L16H1+L16H21,78,0.1568603515625,0.28466796875,10,L15H25,query_child_last,L18H18,Q,none,L16H1+L16H21,0.22076416015625,True
chain|src=L15H25|site=query_child_last|recv=L18H18|ch=Q|med=none|live=L16H1+L16H21,80,0.130615234375,0.20770263671875,10,L15H25,query_child_last,L18H18,Q,none,L16H1+L16H21,0.169158935546875,True
chain|src=L15H25|site=query_child_last|recv=L18H18|ch=Q|med=none|live=L16H1+L16H21,82,0.09271240234375,0.229248046875,10,L15H25,query_child_last,L18H18,Q,none,L16H1+L16H21,0.160980224609375,True
chain|src=L15H25|site=query_child_last|recv=L18H18|ch=Q|med=none|live=L16H1+L16H21,84,0.20433807373046875,0.1514892578125,10,L15H25,query_child_last,L18H18,Q,none,L16H1+L16H21,0.17791366577148438,True
chain|src=L15H25|site=query_child_last|recv=L18H18|ch=Q|med=none|live=L16H1+L16H21,86,0.0853271484375,-0.0283203125,10,L15H25,query_child_last,L18H18,Q,none,L16H1+L16H21,0.02850341796875,False
chain|src=L15H25|site=query_child_last|recv=L18H18|ch=Q|med=none|live=L16H1+L16H21,88,0.1165771484375,0.20428466796875,10,L15H25,query_child_last,L18H18,Q,none,L16H1+L16H21,0.160430908203125,True
chain|src=L15H25|site=query_child_last|recv=L18H18|ch=Q|med=none|live=L16H1+L16H21,90,0.09275054931640625,0.09444808959960938,10,L15H25,query_child_last,L18H18,Q,none,L16H1+L16H21,0.09359931945800781,True
chain|src=L15H25|site=query_child_last|recv=L18H18|ch=Q|med=none|live=L16H1+L16H21,92,0.072021484375,0.32891845703125,10,L15H25,query_child_last,L18H18,Q,none,L16H1+L16H21,0.200469970703125,True
chain|src=L15H25|site=query_child_last|recv=L18H18|ch=Q|med=none|live=L16H1+L16H21,94,0.238189697265625,0.1939239501953125,10,L15H25,query_child_last,L18H18,Q,none,L16H1+L16H21,0.21605682373046875,True
chain|src=L15H25|site=query_child_last|recv=L18H18|ch=Q|med=none|live=L16H1+L16H21,96,0.2857666015625,0.232666015625,10,L15H25,query_child_last,L18H18,Q,none,L16H1+L16H21,0.25921630859375,True
chain|src=L15H25|site=query_child_last|recv=L18H18|ch=Q|med=none|live=L16H1+L16H21,98,0.2198333740234375,0.14202880859375,10,L15H25,query_child_last,L18H18,Q,none,L16H1+L16H21,0.18093109130859375,True
chain|src=L15H25|site=query_child_last|recv=L18H18|ch=Q|med=none|live=L16H1+L16H21,100,0.093963623046875,0.1207275390625,10,L15H25,query_child_last,L18H18,Q,none,L16H1+L16H21,0.1073455810546875,True
chain|src=L15H25|site=query_child_last|recv=L18H18|ch=Q|med=none|live=L16H1+L16H21,102,0.14616775512695312,0.12353515625,10,L15H25,query_child_last,L18H18,Q,none,L16H1+L16H21,0.13485145568847656,True
chain|src=L15H25|site=query_child_last|recv=L18H18|ch=Q|med=none|live=L16H1+L16H21,104,0.01727294921875,0.108551025390625,10,L15H25,query_child_last,L18H18,Q,none,L16H1+L16H21,0.0629119873046875,True
chain|src=L15H25|site=query_child_last|recv=L18H18|ch=Q|med=none|live=L16H1+L16H21,108,0.20882034301757812,0.26801156997680664,10,L15H25,query_child_last,L18H18,Q,none,L16H1+L16H21,0.23841595649719238,True
chain|src=L15H25|site=query_child_last|recv=L18H18|ch=Q|med=none|live=L16H1+L16H21,110,0.14404296875,0.13287353515625,10,L15H25,query_child_last,L18H18,Q,none,L16H1+L16H21,0.138458251953125,True
chain|src=L15H25|site=query_child_last|recv=L18H18|ch=Q|med=none|live=L16H1+L16H21,112,0.23415756225585938,0.44287109375,10,L15H25,query_child_last,L18H18,Q,none,L16H1+L16H21,0.3385143280029297,True
chain|src=L15H25|site=query_child_last|recv=L18H18|ch=Q|med=none|live=L16H1+L16H21,114,0.05010986328125,0.0072021484375,10,L15H25,query_child_last,L18H18,Q,none,L16H1+L16H21,0.028656005859375,True
chain|src=L15H25|site=query_child_last|recv=L18H18|ch=Q|med=none|live=L16H1+L16H21,116,0.35186767578125,0.2715034484863281,10,L15H25,query_child_last,L18H18,Q,none,L16H1+L16H21,0.31168556213378906,True
chain|src=L15H25|site=query_child_last|recv=L18H18|ch=Q|med=none|live=L16H1+L16H21,118,0.071563720703125,0.322998046875,10,L15H25,query_child_last,L18H18,Q,none,L16H1+L16H21,0.1972808837890625,True
chain|src=L15H25|site=query_child_last|recv=L18H18|ch=Q|med=none|live=L16H1+L16H21,120,0.374298095703125,0.462158203125,10,L15H25,query_child_last,L18H18,Q,none,L16H1+L16H21,0.4182281494140625,True
chain|src=L15H25|site=query_child_last|recv=L18H18|ch=Q|med=none|live=L16H1+L16H21,122,0.1381683349609375,0.1240234375,10,L15H25,query_child_last,L18H18,Q,none,L16H1+L16H21,0.13109588623046875,True
chain|src=L15H25|site=query_child_last|recv=L18H18|ch=Q|med=none|live=L16H1+L16H21,124,0.21551513671875,0.06640625,10,L15H25,query_child_last,L18H18,Q,none,L16H1+L16H21,0.140960693359375,True
chain|src=L15H25|site=query_child_last|recv=L18H18|ch=Q|med=none|live=L16H1+L16H21,126,0.13104248046875,0.03253173828125,10,L15H25,query_child_last,L18H18,Q,none,L16H1+L16H21,0.081787109375,True
chain|src=L15H25|site=query_child_last|recv=L18H18|ch=Q|med=none|live=L16H1+L16H21,128,0.202545166015625,0.01739501953125,10,L15H25,query_child_last,L18H18,Q,none,L16H1+L16H21,0.1099700927734375,True
chain|src=L15H25|site=query_child_last|recv=L18H18|ch=Q|med=none|live=L16H1+L16H21,130,0.0701904296875,0.085205078125,10,L15H25,query_child_last,L18H18,Q,none,L16H1+L16H21,0.07769775390625,True
chain|src=L15H25|site=query_child_last|recv=L18H18|ch=Q|med=none|live=L16H1+L16H21,132,0.0712890625,0.1727294921875,10,L15H25,query_child_last,L18H18,Q,none,L16H1+L16H21,0.12200927734375,True
chain|src=L15H25|site=query_child_last|recv=L18H18|ch=Q|med=none|live=L16H1+L16H21,134,0.1588916778564453,0.1504974365234375,10,L15H25,query_child_last,L18H18,Q,none,L16H1+L16H21,0.1546945571899414,True
chain|src=L15H25|site=query_child_last|recv=L18H18|ch=Q|med=none|live=L16H1+L16H21,136,0.309326171875,0.486297607421875,10,L15H25,query_child_last,L18H18,Q,none,L16H1+L16H21,0.3978118896484375,True
chain|src=L15H25|site=query_child_last|recv=L18H18|ch=Q|med=none|live=L16H1+L16H21,138,0.078887939453125,0.1573028564453125,10,L15H25,query_child_last,L18H18,Q,none,L16H1+L16H21,0.11809539794921875,True
chain|src=L15H25|site=query_child_last|recv=L18H18|ch=Q|med=none|live=L16H1+L16H21,140,0.13983154296875,0.167877197265625,10,L15H25,query_child_last,L18H18,Q,none,L16H1+L16H21,0.1538543701171875,True
chain|src=L15H25|site=query_child_last|recv=L18H18|ch=Q|med=none|live=L16H1+L16H21,142,0.463134765625,0.2449188232421875,10,L15H25,query_child_last,L18H18,Q,none,L16H1+L16H21,0.35402679443359375,True
chain|src=L15H25|site=query_child_last|recv=L18H18|ch=Q|med=none|live=L16H1+L16H21,148,0.1884765625,0.06879806518554688,10,L15H25,query_child_last,L18H18,Q,none,L16H1+L16H21,0.12863731384277344,True
chain|src=L15H25|site=query_child_last|recv=L18H18|ch=Q|med=none|live=L16H1+L16H21,150,0.14239501953125,0.232635498046875,10,L15H25,query_child_last,L18H18,Q,none,L16H1+L16H21,0.1875152587890625,True
chain|src=L15H25|site=query_child_last|recv=L18H18|ch=Q|med=none|live=L16H1+L16H21,152,0.07781982421875,0.167449951171875,10,L15H25,query_child_last,L18H18,Q,none,L16H1+L16H21,0.1226348876953125,True
chain|src=L15H25|site=query_child_last|recv=L18H18|ch=Q|med=none|live=L16H1+L16H21,154,0.225830078125,0.404296875,10,L15H25,query_child_last,L18H18,Q,none,L16H1+L16H21,0.3150634765625,True
chain|src=L15H25|site=query_child_last|recv=L18H18|ch=Q|med=none|live=L16H1+L16H21,156,0.277191162109375,0.203857421875,10,L15H25,query_child_last,L18H18,Q,none,L16H1+L16H21,0.2405242919921875,True
chain|src=L15H25|site=query_child_last|recv=L18H18|ch=Q|med=none|live=L16H1+L16H21,158,0.21728515625,0.08251953125,10,L15H25,query_child_last,L18H18,Q,none,L16H1+L16H21,0.14990234375,True
chain|src=L15H25|site=query_child_last|recv=L18H18|ch=Q|med=none|live=L16H1+L16H21,160,0.4014582633972168,0.2496795654296875,10,L15H25,query_child_last,L18H18,Q,none,L16H1+L16H21,0.32556891441345215,True
chain|src=L15H25|site=query_child_last|recv=L18H18|ch=Q|med=none|live=L16H1+L16H21,162,0.345947265625,0.0439453125,10,L15H25,query_child_last,L18H18,Q,none,L16H1+L16H21,0.1949462890625,True
chain|src=L15H25|site=query_child_last|recv=L18H18|ch=Q|med=none|live=L16H1+L16H21,166,0.170074462890625,0.109527587890625,10,L15H25,query_child_last,L18H18,Q,none,L16H1+L16H21,0.139801025390625,True
chain|src=L15H25|site=query_child_last|recv=L18H18|ch=Q|med=none|live=L16H1+L16H21,168,0.0927734375,0.037353515625,10,L15H25,query_child_last,L18H18,Q,none,L16H1+L16H21,0.0650634765625,True
chain|src=L15H25|site=query_child_last|recv=L18H18|ch=Q|med=none|live=L16H1+L16H21,170,0.18017578125,0.0721435546875,10,L15H25,query_child_last,L18H18,Q,none,L16H1+L16H21,0.12615966796875,True
chain|src=L15H25|site=query_child_last|recv=L18H18|ch=Q|med=none|live=L16H1+L16H21,172,0.099853515625,0.1680908203125,10,L15H25,query_child_last,L18H18,Q,none,L16H1+L16H21,0.13397216796875,True
chain|src=L15H25|site=query_child_last|recv=L18H18|ch=Q|med=none|live=L16H1+L16H21,174,-0.005859375,0.0078125,10,L15H25,query_child_last,L18H18,Q,none,L16H1+L16H21,0.0009765625,False
chain|src=L15H25|site=query_child_last|recv=L18H18|ch=Q|med=none|live=L16H1+L16H21,176,0.1927490234375,0.13794898986816406,10,L15H25,query_child_last,L18H18,Q,none,L16H1+L16H21,0.16534900665283203,True
chain|src=L15H25|site=query_child_last|recv=L18H18|ch=Q|med=none|live=L16H1+L16H21,178,0.13312530517578125,0.16180419921875,10,L15H25,query_child_last,L18H18,Q,none,L16H1+L16H21,0.14746475219726562,True
chain|src=L15H25|site=query_child_last|recv=L18H18|ch=Q|med=none|live=L16H1+L16H21,180,0.14862060546875,0.05037403106689453,10,L15H25,query_child_last,L18H18,Q,none,L16H1+L16H21,0.09949731826782227,True
chain|src=L15H25|site=query_child_last|recv=L18H18|ch=Q|med=none|live=L16H1+L16H21,182,0.51904296875,0.18499755859375,10,L15H25,query_child_last,L18H18,Q,none,L16H1+L16H21,0.352020263671875,True
chain|src=L15H25|site=query_child_last|recv=L18H18|ch=Q|med=none|live=L16H1+L16H21,186,0.3438720703125,0.40069580078125,10,L15H25,query_child_last,L18H18,Q,none,L16H1+L16H21,0.372283935546875,True
chain|src=L15H25|site=query_child_last|recv=L18H18|ch=Q|med=none|live=L16H1+L16H21,188,0.614501953125,0.4393310546875,10,L15H25,query_child_last,L18H18,Q,none,L16H1+L16H21,0.52691650390625,True
chain|src=L15H25|site=query_child_last|recv=L18H18|ch=Q|med=none|live=L16H1+L16H21,192,0.17218017578125,0.1409912109375,10,L15H25,query_child_last,L18H18,Q,none,L16H1+L16H21,0.156585693359375,True
chain|src=L15H25|site=query_child_last|recv=L18H18|ch=Q|med=none|live=L16H1+L16H21,194,0.15771484375,0.0291748046875,10,L15H25,query_child_last,L18H18,Q,none,L16H1+L16H21,0.09344482421875,True
chain|src=L15H25|site=query_child_last|recv=L18H18|ch=Q|med=none|live=L16H1+L16H21,196,0.10498046875,0.1181640625,10,L15H25,query_child_last,L18H18,Q,none,L16H1+L16H21,0.111572265625,True
chain|src=L15H25|site=query_child_last|recv=L18H18|ch=Q|med=none|live=L16H1+L16H21,198,0.1746826171875,0.6279296875,10,L15H25,query_child_last,L18H18,Q,none,L16H1+L16H21,0.40130615234375,True
chain|src=L17H1|site=query_writer_union|recv=L21H18|ch=Q|med=none|live=L18H18+L18H19,0,0.199554443359375,0.2637939453125,11,L17H1,query_writer_union,L21H18,Q,none,L18H18+L18H19,0.2316741943359375,True
chain|src=L17H1|site=query_writer_union|recv=L21H18|ch=Q|med=none|live=L18H18+L18H19,2,0.0751953125,0.086883544921875,11,L17H1,query_writer_union,L21H18,Q,none,L18H18+L18H19,0.0810394287109375,True
chain|src=L17H1|site=query_writer_union|recv=L21H18|ch=Q|med=none|live=L18H18+L18H19,4,0.491119384765625,0.321624755859375,11,L17H1,query_writer_union,L21H18,Q,none,L18H18+L18H19,0.4063720703125,True
chain|src=L17H1|site=query_writer_union|recv=L21H18|ch=Q|med=none|live=L18H18+L18H19,6,0.09320068359375,0.083740234375,11,L17H1,query_writer_union,L21H18,Q,none,L18H18+L18H19,0.088470458984375,True
chain|src=L17H1|site=query_writer_union|recv=L21H18|ch=Q|med=none|live=L18H18+L18H19,8,0.2470703125,0.24029541015625,11,L17H1,query_writer_union,L21H18,Q,none,L18H18+L18H19,0.243682861328125,True
chain|src=L17H1|site=query_writer_union|recv=L21H18|ch=Q|med=none|live=L18H18+L18H19,12,0.15430450439453125,0.0718994140625,11,L17H1,query_writer_union,L21H18,Q,none,L18H18+L18H19,0.11310195922851562,True
chain|src=L17H1|site=query_writer_union|recv=L21H18|ch=Q|med=none|live=L18H18+L18H19,14,0.08197021484375,0.02117919921875,11,L17H1,query_writer_union,L21H18,Q,none,L18H18+L18H19,0.05157470703125,True
chain|src=L17H1|site=query_writer_union|recv=L21H18|ch=Q|med=none|live=L18H18+L18H19,16,0.06231689453125,0.121917724609375,11,L17H1,query_writer_union,L21H18,Q,none,L18H18+L18H19,0.0921173095703125,True
chain|src=L17H1|site=query_writer_union|recv=L21H18|ch=Q|med=none|live=L18H18+L18H19,20,0.12281322479248047,0.0863037109375,11,L17H1,query_writer_union,L21H18,Q,none,L18H18+L18H19,0.10455846786499023,True
chain|src=L17H1|site=query_writer_union|recv=L21H18|ch=Q|med=none|live=L18H18+L18H19,24,0.1982421875,0.12548828125,11,L17H1,query_writer_union,L21H18,Q,none,L18H18+L18H19,0.161865234375,True
chain|src=L17H1|site=query_writer_union|recv=L21H18|ch=Q|med=none|live=L18H18+L18H19,26,0.2083740234375,0.160430908203125,11,L17H1,query_writer_union,L21H18,Q,none,L18H18+L18H19,0.1844024658203125,True
chain|src=L17H1|site=query_writer_union|recv=L21H18|ch=Q|med=none|live=L18H18+L18H19,28,0.21728515625,0.2890625,11,L17H1,query_writer_union,L21H18,Q,none,L18H18+L18H19,0.253173828125,True
chain|src=L17H1|site=query_writer_union|recv=L21H18|ch=Q|med=none|live=L18H18+L18H19,30,0.106597900390625,0.4466552734375,11,L17H1,query_writer_union,L21H18,Q,none,L18H18+L18H19,0.2766265869140625,True
chain|src=L17H1|site=query_writer_union|recv=L21H18|ch=Q|med=none|live=L18H18+L18H19,32,0.4730377197265625,0.4776763916015625,11,L17H1,query_writer_union,L21H18,Q,none,L18H18+L18H19,0.4753570556640625,True
chain|src=L17H1|site=query_writer_union|recv=L21H18|ch=Q|med=none|live=L18H18+L18H19,34,0.20428180694580078,0.35302734375,11,L17H1,query_writer_union,L21H18,Q,none,L18H18+L18H19,0.2786545753479004,True
chain|src=L17H1|site=query_writer_union|recv=L21H18|ch=Q|med=none|live=L18H18+L18H19,36,0.1617889404296875,0.176727294921875,11,L17H1,query_writer_union,L21H18,Q,none,L18H18+L18H19,0.16925811767578125,True
chain|src=L17H1|site=query_writer_union|recv=L21H18|ch=Q|med=none|live=L18H18+L18H19,38,0.0905609130859375,0.0741424560546875,11,L17H1,query_writer_union,L21H18,Q,none,L18H18+L18H19,0.0823516845703125,True
chain|src=L17H1|site=query_writer_union|recv=L21H18|ch=Q|med=none|live=L18H18+L18H19,40,0.1466064453125,0.162811279296875,11,L17H1,query_writer_union,L21H18,Q,none,L18H18+L18H19,0.1547088623046875,True
chain|src=L17H1|site=query_writer_union|recv=L21H18|ch=Q|med=none|live=L18H18+L18H19,44,0.1106109619140625,0.057098388671875,11,L17H1,query_writer_union,L21H18,Q,none,L18H18+L18H19,0.08385467529296875,True
chain|src=L17H1|site=query_writer_union|recv=L21H18|ch=Q|med=none|live=L18H18+L18H19,46,0.1356201171875,0.04455733299255371,11,L17H1,query_writer_union,L21H18,Q,none,L18H18+L18H19,0.09008872509002686,True
chain|src=L17H1|site=query_writer_union|recv=L21H18|ch=Q|med=none|live=L18H18+L18H19,48,0.14691162109375,0.10382080078125,11,L17H1,query_writer_union,L21H18,Q,none,L18H18+L18H19,0.1253662109375,True
chain|src=L17H1|site=query_writer_union|recv=L21H18|ch=Q|med=none|live=L18H18+L18H19,50,0.0369873046875,0.02783203125,11,L17H1,query_writer_union,L21H18,Q,none,L18H18+L18H19,0.03240966796875,True
chain|src=L17H1|site=query_writer_union|recv=L21H18|ch=Q|med=none|live=L18H18+L18H19,52,0.0353240966796875,0.0647735595703125,11,L17H1,query_writer_union,L21H18,Q,none,L18H18+L18H19,0.050048828125,True
chain|src=L17H1|site=query_writer_union|recv=L21H18|ch=Q|med=none|live=L18H18+L18H19,54,0.250946044921875,0.216064453125,11,L17H1,query_writer_union,L21H18,Q,none,L18H18+L18H19,0.2335052490234375,True
chain|src=L17H1|site=query_writer_union|recv=L21H18|ch=Q|med=none|live=L18H18+L18H19,56,0.137664794921875,0.12886810302734375,11,L17H1,query_writer_union,L21H18,Q,none,L18H18+L18H19,0.13326644897460938,True
chain|src=L17H1|site=query_writer_union|recv=L21H18|ch=Q|med=none|live=L18H18+L18H19,58,0.06870269775390625,0.027587890625,11,L17H1,query_writer_union,L21H18,Q,none,L18H18+L18H19,0.048145294189453125,True
chain|src=L17H1|site=query_writer_union|recv=L21H18|ch=Q|med=none|live=L18H18+L18H19,60,0.06983184814453125,0.02587890625,11,L17H1,query_writer_union,L21H18,Q,none,L18H18+L18H19,0.047855377197265625,True
chain|src=L17H1|site=query_writer_union|recv=L21H18|ch=Q|med=none|live=L18H18+L18H19,62,0.2264404296875,0.2482757568359375,11,L17H1,query_writer_union,L21H18,Q,none,L18H18+L18H19,0.23735809326171875,True
chain|src=L17H1|site=query_writer_union|recv=L21H18|ch=Q|med=none|live=L18H18+L18H19,64,0.05682373046875,0.0366058349609375,11,L17H1,query_writer_union,L21H18,Q,none,L18H18+L18H19,0.04671478271484375,True
chain|src=L17H1|site=query_writer_union|recv=L21H18|ch=Q|med=none|live=L18H18+L18H19,66,0.15826416015625,0.3124809265136719,11,L17H1,query_writer_union,L21H18,Q,none,L18H18+L18H19,0.23537254333496094,True
chain|src=L17H1|site=query_writer_union|recv=L21H18|ch=Q|med=none|live=L18H18+L18H19,68,0.2371826171875,0.1300048828125,11,L17H1,query_writer_union,L21H18,Q,none,L18H18+L18H19,0.18359375,True
chain|src=L17H1|site=query_writer_union|recv=L21H18|ch=Q|med=none|live=L18H18+L18H19,70,0.2958984375,0.194854736328125,11,L17H1,query_writer_union,L21H18,Q,none,L18H18+L18H19,0.2453765869140625,True
chain|src=L17H1|site=query_writer_union|recv=L21H18|ch=Q|med=none|live=L18H18+L18H19,72,0.0557861328125,0.0693359375,11,L17H1,query_writer_union,L21H18,Q,none,L18H18+L18H19,0.06256103515625,True
chain|src=L17H1|site=query_writer_union|recv=L21H18|ch=Q|med=none|live=L18H18+L18H19,76,0.06353759765625,0.053253173828125,11,L17H1,query_writer_union,L21H18,Q,none,L18H18+L18H19,0.0583953857421875,True
chain|src=L17H1|site=query_writer_union|recv=L21H18|ch=Q|med=none|live=L18H18+L18H19,78,0.43572998046875,0.16473388671875,11,L17H1,query_writer_union,L21H18,Q,none,L18H18+L18H19,0.30023193359375,True
chain|src=L17H1|site=query_writer_union|recv=L21H18|ch=Q|med=none|live=L18H18+L18H19,80,0.02001953125,0.110748291015625,11,L17H1,query_writer_union,L21H18,Q,none,L18H18+L18H19,0.0653839111328125,True
chain|src=L17H1|site=query_writer_union|recv=L21H18|ch=Q|med=none|live=L18H18+L18H19,82,0.19134521484375,0.231201171875,11,L17H1,query_writer_union,L21H18,Q,none,L18H18+L18H19,0.211273193359375,True
chain|src=L17H1|site=query_writer_union|recv=L21H18|ch=Q|med=none|live=L18H18+L18H19,84,0.28365325927734375,0.1781005859375,11,L17H1,query_writer_union,L21H18,Q,none,L18H18+L18H19,0.23087692260742188,True
chain|src=L17H1|site=query_writer_union|recv=L21H18|ch=Q|med=none|live=L18H18+L18H19,86,0.101806640625,0.09326171875,11,L17H1,query_writer_union,L21H18,Q,none,L18H18+L18H19,0.0975341796875,True
chain|src=L17H1|site=query_writer_union|recv=L21H18|ch=Q|med=none|live=L18H18+L18H19,88,0.19195556640625,0.060333251953125,11,L17H1,query_writer_union,L21H18,Q,none,L18H18+L18H19,0.1261444091796875,True
chain|src=L17H1|site=query_writer_union|recv=L21H18|ch=Q|med=none|live=L18H18+L18H19,90,0.13439178466796875,0.1569976806640625,11,L17H1,query_writer_union,L21H18,Q,none,L18H18+L18H19,0.14569473266601562,True
chain|src=L17H1|site=query_writer_union|recv=L21H18|ch=Q|med=none|live=L18H18+L18H19,92,0.080810546875,0.082275390625,11,L17H1,query_writer_union,L21H18,Q,none,L18H18+L18H19,0.08154296875,True
chain|src=L17H1|site=query_writer_union|recv=L21H18|ch=Q|med=none|live=L18H18+L18H19,94,0.8247566223144531,0.51263427734375,11,L17H1,query_writer_union,L21H18,Q,none,L18H18+L18H19,0.6686954498291016,True
chain|src=L17H1|site=query_writer_union|recv=L21H18|ch=Q|med=none|live=L18H18+L18H19,96,0.12316131591796875,0.271240234375,11,L17H1,query_writer_union,L21H18,Q,none,L18H18+L18H19,0.19720077514648438,True
chain|src=L17H1|site=query_writer_union|recv=L21H18|ch=Q|med=none|live=L18H18+L18H19,98,0.1226806640625,0.2264404296875,11,L17H1,query_writer_union,L21H18,Q,none,L18H18+L18H19,0.174560546875,True
chain|src=L17H1|site=query_writer_union|recv=L21H18|ch=Q|med=none|live=L18H18+L18H19,100,0.056304931640625,0.0648193359375,11,L17H1,query_writer_union,L21H18,Q,none,L18H18+L18H19,0.0605621337890625,True
chain|src=L17H1|site=query_writer_union|recv=L21H18|ch=Q|med=none|live=L18H18+L18H19,102,0.2974090576171875,0.2547607421875,11,L17H1,query_writer_union,L21H18,Q,none,L18H18+L18H19,0.27608489990234375,True
chain|src=L17H1|site=query_writer_union|recv=L21H18|ch=Q|med=none|live=L18H18+L18H19,104,0.10931396484375,0.20556640625,11,L17H1,query_writer_union,L21H18,Q,none,L18H18+L18H19,0.157440185546875,True
chain|src=L17H1|site=query_writer_union|recv=L21H18|ch=Q|med=none|live=L18H18+L18H19,108,0.26493072509765625,0.16204071044921875,11,L17H1,query_writer_union,L21H18,Q,none,L18H18+L18H19,0.2134857177734375,True
chain|src=L17H1|site=query_writer_union|recv=L21H18|ch=Q|med=none|live=L18H18+L18H19,110,0.127197265625,0.0625,11,L17H1,query_writer_union,L21H18,Q,none,L18H18+L18H19,0.0948486328125,True
chain|src=L17H1|site=query_writer_union|recv=L21H18|ch=Q|med=none|live=L18H18+L18H19,112,0.08556747436523438,0.647705078125,11,L17H1,query_writer_union,L21H18,Q,none,L18H18+L18H19,0.3666362762451172,True
chain|src=L17H1|site=query_writer_union|recv=L21H18|ch=Q|med=none|live=L18H18+L18H19,114,0.0673828125,0.0665283203125,11,L17H1,query_writer_union,L21H18,Q,none,L18H18+L18H19,0.06695556640625,True
chain|src=L17H1|site=query_writer_union|recv=L21H18|ch=Q|med=none|live=L18H18+L18H19,116,0.13751220703125,0.176666259765625,11,L17H1,query_writer_union,L21H18,Q,none,L18H18+L18H19,0.1570892333984375,True
chain|src=L17H1|site=query_writer_union|recv=L21H18|ch=Q|med=none|live=L18H18+L18H19,118,0.12823486328125,0.36474609375,11,L17H1,query_writer_union,L21H18,Q,none,L18H18+L18H19,0.246490478515625,True
chain|src=L17H1|site=query_writer_union|recv=L21H18|ch=Q|med=none|live=L18H18+L18H19,120,0.010040283203125,0.31396484375,11,L17H1,query_writer_union,L21H18,Q,none,L18H18+L18H19,0.1620025634765625,True
chain|src=L17H1|site=query_writer_union|recv=L21H18|ch=Q|med=none|live=L18H18+L18H19,122,0.039714813232421875,0.064239501953125,11,L17H1,query_writer_union,L21H18,Q,none,L18H18+L18H19,0.05197715759277344,True
chain|src=L17H1|site=query_writer_union|recv=L21H18|ch=Q|med=none|live=L18H18+L18H19,124,0.1162109375,0.0458984375,11,L17H1,query_writer_union,L21H18,Q,none,L18H18+L18H19,0.0810546875,True
chain|src=L17H1|site=query_writer_union|recv=L21H18|ch=Q|med=none|live=L18H18+L18H19,126,0.12030029296875,0.0533447265625,11,L17H1,query_writer_union,L21H18,Q,none,L18H18+L18H19,0.086822509765625,True
chain|src=L17H1|site=query_writer_union|recv=L21H18|ch=Q|med=none|live=L18H18+L18H19,128,0.067779541015625,0.0733642578125,11,L17H1,query_writer_union,L21H18,Q,none,L18H18+L18H19,0.0705718994140625,True
chain|src=L17H1|site=query_writer_union|recv=L21H18|ch=Q|med=none|live=L18H18+L18H19,130,0.0579833984375,0.1279296875,11,L17H1,query_writer_union,L21H18,Q,none,L18H18+L18H19,0.09295654296875,True
chain|src=L17H1|site=query_writer_union|recv=L21H18|ch=Q|med=none|live=L18H18+L18H19,132,0.046630859375,0.069091796875,11,L17H1,query_writer_union,L21H18,Q,none,L18H18+L18H19,0.057861328125,True
chain|src=L17H1|site=query_writer_union|recv=L21H18|ch=Q|med=none|live=L18H18+L18H19,134,0.04596710205078125,0.040069580078125,11,L17H1,query_writer_union,L21H18,Q,none,L18H18+L18H19,0.043018341064453125,True
chain|src=L17H1|site=query_writer_union|recv=L21H18|ch=Q|med=none|live=L18H18+L18H19,136,0.284423828125,0.65545654296875,11,L17H1,query_writer_union,L21H18,Q,none,L18H18+L18H19,0.469940185546875,True
chain|src=L17H1|site=query_writer_union|recv=L21H18|ch=Q|med=none|live=L18H18+L18H19,138,0.1604766845703125,0.362060546875,11,L17H1,query_writer_union,L21H18,Q,none,L18H18+L18H19,0.26126861572265625,True
chain|src=L17H1|site=query_writer_union|recv=L21H18|ch=Q|med=none|live=L18H18+L18H19,140,0.0986328125,0.138153076171875,11,L17H1,query_writer_union,L21H18,Q,none,L18H18+L18H19,0.1183929443359375,True
chain|src=L17H1|site=query_writer_union|recv=L21H18|ch=Q|med=none|live=L18H18+L18H19,142,0.09375,0.4391937255859375,11,L17H1,query_writer_union,L21H18,Q,none,L18H18+L18H19,0.26647186279296875,True
chain|src=L17H1|site=query_writer_union|recv=L21H18|ch=Q|med=none|live=L18H18+L18H19,148,0.216796875,0.24528121948242188,11,L17H1,query_writer_union,L21H18,Q,none,L18H18+L18H19,0.23103904724121094,True
chain|src=L17H1|site=query_writer_union|recv=L21H18|ch=Q|med=none|live=L18H18+L18H19,150,0.1143951416015625,0.37908935546875,11,L17H1,query_writer_union,L21H18,Q,none,L18H18+L18H19,0.24674224853515625,True
chain|src=L17H1|site=query_writer_union|recv=L21H18|ch=Q|med=none|live=L18H18+L18H19,152,0.127105712890625,0.22821044921875,11,L17H1,query_writer_union,L21H18,Q,none,L18H18+L18H19,0.1776580810546875,True
chain|src=L17H1|site=query_writer_union|recv=L21H18|ch=Q|med=none|live=L18H18+L18H19,154,0.33612060546875,0.281005859375,11,L17H1,query_writer_union,L21H18,Q,none,L18H18+L18H19,0.308563232421875,True
chain|src=L17H1|site=query_writer_union|recv=L21H18|ch=Q|med=none|live=L18H18+L18H19,156,0.266998291015625,0.382080078125,11,L17H1,query_writer_union,L21H18,Q,none,L18H18+L18H19,0.3245391845703125,True
chain|src=L17H1|site=query_writer_union|recv=L21H18|ch=Q|med=none|live=L18H18+L18H19,158,0.0556640625,0.0599365234375,11,L17H1,query_writer_union,L21H18,Q,none,L18H18+L18H19,0.05780029296875,True
chain|src=L17H1|site=query_writer_union|recv=L21H18|ch=Q|med=none|live=L18H18+L18H19,160,0.08062314987182617,0.08209991455078125,11,L17H1,query_writer_union,L21H18,Q,none,L18H18+L18H19,0.08136153221130371,True
chain|src=L17H1|site=query_writer_union|recv=L21H18|ch=Q|med=none|live=L18H18+L18H19,162,0.065185546875,0.0223388671875,11,L17H1,query_writer_union,L21H18,Q,none,L18H18+L18H19,0.04376220703125,True
chain|src=L17H1|site=query_writer_union|recv=L21H18|ch=Q|med=none|live=L18H18+L18H19,166,0.2330474853515625,0.388092041015625,11,L17H1,query_writer_union,L21H18,Q,none,L18H18+L18H19,0.31056976318359375,True
chain|src=L17H1|site=query_writer_union|recv=L21H18|ch=Q|med=none|live=L18H18+L18H19,168,0.0,0.0001220703125,11,L17H1,query_writer_union,L21H18,Q,none,L18H18+L18H19,6.103515625e-05,False
chain|src=L17H1|site=query_writer_union|recv=L21H18|ch=Q|med=none|live=L18H18+L18H19,170,0.3228759765625,-0.046142578125,11,L17H1,query_writer_union,L21H18,Q,none,L18H18+L18H19,0.13836669921875,False
chain|src=L17H1|site=query_writer_union|recv=L21H18|ch=Q|med=none|live=L18H18+L18H19,172,0.0140380859375,0.06768798828125,11,L17H1,query_writer_union,L21H18,Q,none,L18H18+L18H19,0.040863037109375,True
chain|src=L17H1|site=query_writer_union|recv=L21H18|ch=Q|med=none|live=L18H18+L18H19,174,0.000732421875,0.008544921875,11,L17H1,query_writer_union,L21H18,Q,none,L18H18+L18H19,0.004638671875,True
chain|src=L17H1|site=query_writer_union|recv=L21H18|ch=Q|med=none|live=L18H18+L18H19,176,0.1268310546875,0.15073776245117188,11,L17H1,query_writer_union,L21H18,Q,none,L18H18+L18H19,0.13878440856933594,True
chain|src=L17H1|site=query_writer_union|recv=L21H18|ch=Q|med=none|live=L18H18+L18H19,178,0.143768310546875,0.0850830078125,11,L17H1,query_writer_union,L21H18,Q,none,L18H18+L18H19,0.1144256591796875,True
chain|src=L17H1|site=query_writer_union|recv=L21H18|ch=Q|med=none|live=L18H18+L18H19,180,0.300018310546875,0.21112346649169922,11,L17H1,query_writer_union,L21H18,Q,none,L18H18+L18H19,0.2555708885192871,True
chain|src=L17H1|site=query_writer_union|recv=L21H18|ch=Q|med=none|live=L18H18+L18H19,182,0.2216796875,0.255615234375,11,L17H1,query_writer_union,L21H18,Q,none,L18H18+L18H19,0.2386474609375,True
chain|src=L17H1|site=query_writer_union|recv=L21H18|ch=Q|med=none|live=L18H18+L18H19,186,0.0823974609375,0.040802001953125,11,L17H1,query_writer_union,L21H18,Q,none,L18H18+L18H19,0.0615997314453125,True
chain|src=L17H1|site=query_writer_union|recv=L21H18|ch=Q|med=none|live=L18H18+L18H19,188,0.373077392578125,0.1849365234375,11,L17H1,query_writer_union,L21H18,Q,none,L18H18+L18H19,0.2790069580078125,True
chain|src=L17H1|site=query_writer_union|recv=L21H18|ch=Q|med=none|live=L18H18+L18H19,192,0.16015625,0.16064453125,11,L17H1,query_writer_union,L21H18,Q,none,L18H18+L18H19,0.160400390625,True
chain|src=L17H1|site=query_writer_union|recv=L21H18|ch=Q|med=none|live=L18H18+L18H19,194,0.27764892578125,0.17791748046875,11,L17H1,query_writer_union,L21H18,Q,none,L18H18+L18H19,0.227783203125,True
chain|src=L17H1|site=query_writer_union|recv=L21H18|ch=Q|med=none|live=L18H18+L18H19,196,0.16064453125,0.15185546875,11,L17H1,query_writer_union,L21H18,Q,none,L18H18+L18H19,0.15625,True
chain|src=L17H1|site=query_writer_union|recv=L21H18|ch=Q|med=none|live=L18H18+L18H19,198,0.0909423828125,0.151611328125,11,L17H1,query_writer_union,L21H18,Q,none,L18H18+L18H19,0.12127685546875,True
local|src=L8H15|site=query_sentence|recv=L18H18|ch=V|med=MLP9|live=none,0,-0.08966064453125,-0.123779296875,12,L8H15,query_sentence,L18H18,V,MLP9,none,-0.106719970703125,True
local|src=L8H15|site=query_sentence|recv=L18H18|ch=V|med=MLP9|live=none,2,-0.1014404296875,-0.0583038330078125,12,L8H15,query_sentence,L18H18,V,MLP9,none,-0.07987213134765625,True
local|src=L8H15|site=query_sentence|recv=L18H18|ch=V|med=MLP9|live=none,4,-0.20965576171875,-0.16753387451171875,12,L8H15,query_sentence,L18H18,V,MLP9,none,-0.18859481811523438,True
local|src=L8H15|site=query_sentence|recv=L18H18|ch=V|med=MLP9|live=none,6,-0.131591796875,-0.1270751953125,12,L8H15,query_sentence,L18H18,V,MLP9,none,-0.12933349609375,True
local|src=L8H15|site=query_sentence|recv=L18H18|ch=V|med=MLP9|live=none,8,-0.107177734375,-0.0823974609375,12,L8H15,query_sentence,L18H18,V,MLP9,none,-0.09478759765625,True
local|src=L8H15|site=query_sentence|recv=L18H18|ch=V|med=MLP9|live=none,12,-0.166015625,-0.21923828125,12,L8H15,query_sentence,L18H18,V,MLP9,none,-0.192626953125,True
local|src=L8H15|site=query_sentence|recv=L18H18|ch=V|med=MLP9|live=none,14,-0.09979248046875,-0.1617431640625,12,L8H15,query_sentence,L18H18,V,MLP9,none,-0.130767822265625,True
local|src=L8H15|site=query_sentence|recv=L18H18|ch=V|med=MLP9|live=none,16,-0.15125083923339844,-0.17938232421875,12,L8H15,query_sentence,L18H18,V,MLP9,none,-0.16531658172607422,True
local|src=L8H15|site=query_sentence|recv=L18H18|ch=V|med=MLP9|live=none,20,-0.17436599731445312,-0.18353271484375,12,L8H15,query_sentence,L18H18,V,MLP9,none,-0.17894935607910156,True
local|src=L8H15|site=query_sentence|recv=L18H18|ch=V|med=MLP9|live=none,24,-0.24139404296875,-0.165985107421875,12,L8H15,query_sentence,L18H18,V,MLP9,none,-0.2036895751953125,True
local|src=L8H15|site=query_sentence|recv=L18H18|ch=V|med=MLP9|live=none,26,-0.142578125,-0.076904296875,12,L8H15,query_sentence,L18H18,V,MLP9,none,-0.1097412109375,True
local|src=L8H15|site=query_sentence|recv=L18H18|ch=V|med=MLP9|live=none,28,-0.18603515625,-0.08154296875,12,L8H15,query_sentence,L18H18,V,MLP9,none,-0.1337890625,True
local|src=L8H15|site=query_sentence|recv=L18H18|ch=V|med=MLP9|live=none,30,-0.1693115234375,-0.12481689453125,12,L8H15,query_sentence,L18H18,V,MLP9,none,-0.147064208984375,True
local|src=L8H15|site=query_sentence|recv=L18H18|ch=V|med=MLP9|live=none,32,-0.17329025268554688,-0.1824493408203125,12,L8H15,query_sentence,L18H18,V,MLP9,none,-0.1778697967529297,True
local|src=L8H15|site=query_sentence|recv=L18H18|ch=V|med=MLP9|live=none,34,-0.15357208251953125,-0.091064453125,12,L8H15,query_sentence,L18H18,V,MLP9,none,-0.12231826782226562,True
local|src=L8H15|site=query_sentence|recv=L18H18|ch=V|med=MLP9|live=none,36,-0.22656822204589844,-0.157073974609375,12,L8H15,query_sentence,L18H18,V,MLP9,none,-0.19182109832763672,True
local|src=L8H15|site=query_sentence|recv=L18H18|ch=V|med=MLP9|live=none,38,-0.0743408203125,-0.05144500732421875,12,L8H15,query_sentence,L18H18,V,MLP9,none,-0.06289291381835938,True
local|src=L8H15|site=query_sentence|recv=L18H18|ch=V|med=MLP9|live=none,40,-0.03144073486328125,-0.07952880859375,12,L8H15,query_sentence,L18H18,V,MLP9,none,-0.055484771728515625,True
local|src=L8H15|site=query_sentence|recv=L18H18|ch=V|med=MLP9|live=none,44,-0.16051292419433594,-0.22198486328125,12,L8H15,query_sentence,L18H18,V,MLP9,none,-0.19124889373779297,True
local|src=L8H15|site=query_sentence|recv=L18H18|ch=V|med=MLP9|live=none,46,-0.133758544921875,-0.1380462646484375,12,L8H15,query_sentence,L18H18,V,MLP9,none,-0.13590240478515625,True
local|src=L8H15|site=query_sentence|recv=L18H18|ch=V|med=MLP9|live=none,48,-0.09528350830078125,-0.076171875,12,L8H15,query_sentence,L18H18,V,MLP9,none,-0.08572769165039062,True
local|src=L8H15|site=query_sentence|recv=L18H18|ch=V|med=MLP9|live=none,50,-0.10675048828125,-0.060546875,12,L8H15,query_sentence,L18H18,V,MLP9,none,-0.083648681640625,True
local|src=L8H15|site=query_sentence|recv=L18H18|ch=V|med=MLP9|live=none,52,-0.081298828125,-0.09912109375,12,L8H15,query_sentence,L18H18,V,MLP9,none,-0.0902099609375,True
local|src=L8H15|site=query_sentence|recv=L18H18|ch=V|med=MLP9|live=none,54,-0.191253662109375,-0.1539306640625,12,L8H15,query_sentence,L18H18,V,MLP9,none,-0.1725921630859375,True
local|src=L8H15|site=query_sentence|recv=L18H18|ch=V|med=MLP9|live=none,56,-0.06195068359375,-0.0988311767578125,12,L8H15,query_sentence,L18H18,V,MLP9,none,-0.08039093017578125,True
local|src=L8H15|site=query_sentence|recv=L18H18|ch=V|med=MLP9|live=none,58,-0.15974807739257812,-0.1103515625,12,L8H15,query_sentence,L18H18,V,MLP9,none,-0.13504981994628906,True
local|src=L8H15|site=query_sentence|recv=L18H18|ch=V|med=MLP9|live=none,60,-0.067962646484375,-0.15234375,12,L8H15,query_sentence,L18H18,V,MLP9,none,-0.1101531982421875,True
local|src=L8H15|site=query_sentence|recv=L18H18|ch=V|med=MLP9|live=none,62,-0.252593994140625,-0.087066650390625,12,L8H15,query_sentence,L18H18,V,MLP9,none,-0.169830322265625,True
local|src=L8H15|site=query_sentence|recv=L18H18|ch=V|med=MLP9|live=none,64,-0.09295654296875,-0.154296875,12,L8H15,query_sentence,L18H18,V,MLP9,none,-0.123626708984375,True
local|src=L8H15|site=query_sentence|recv=L18H18|ch=V|med=MLP9|live=none,66,-0.150390625,-0.12134552001953125,12,L8H15,query_sentence,L18H18,V,MLP9,none,-0.13586807250976562,True
local|src=L8H15|site=query_sentence|recv=L18H18|ch=V|med=MLP9|live=none,68,-0.16314697265625,-0.16357421875,12,L8H15,query_sentence,L18H18,V,MLP9,none,-0.163360595703125,True
local|src=L8H15|site=query_sentence|recv=L18H18|ch=V|med=MLP9|live=none,70,-0.10791015625,-0.168182373046875,12,L8H15,query_sentence,L18H18,V,MLP9,none,-0.1380462646484375,True
local|src=L8H15|site=query_sentence|recv=L18H18|ch=V|med=MLP9|live=none,72,-0.111328125,-0.1842041015625,12,L8H15,query_sentence,L18H18,V,MLP9,none,-0.14776611328125,True
local|src=L8H15|site=query_sentence|recv=L18H18|ch=V|med=MLP9|live=none,76,-0.1239013671875,-0.201507568359375,12,L8H15,query_sentence,L18H18,V,MLP9,none,-0.1627044677734375,True
local|src=L8H15|site=query_sentence|recv=L18H18|ch=V|med=MLP9|live=none,78,-0.22247314453125,-0.1419677734375,12,L8H15,query_sentence,L18H18,V,MLP9,none,-0.182220458984375,True
local|src=L8H15|site=query_sentence|recv=L18H18|ch=V|med=MLP9|live=none,80,-0.374267578125,-0.38311767578125,12,L8H15,query_sentence,L18H18,V,MLP9,none,-0.378692626953125,True
local|src=L8H15|site=query_sentence|recv=L18H18|ch=V|med=MLP9|live=none,82,-0.10455322265625,-0.08447265625,12,L8H15,query_sentence,L18H18,V,MLP9,none,-0.094512939453125,True
local|src=L8H15|site=query_sentence|recv=L18H18|ch=V|med=MLP9|live=none,84,-0.078125,-0.10400390625,12,L8H15,query_sentence,L18H18,V,MLP9,none,-0.091064453125,True
local|src=L8H15|site=query_sentence|recv=L18H18|ch=V|med=MLP9|live=none,86,-0.0958251953125,-0.0809478759765625,12,L8H15,query_sentence,L18H18,V,MLP9,none,-0.08838653564453125,True
local|src=L8H15|site=query_sentence|recv=L18H18|ch=V|med=MLP9|live=none,88,-0.158966064453125,-0.135772705078125,12,L8H15,query_sentence,L18H18,V,MLP9,none,-0.147369384765625,True
local|src=L8H15|site=query_sentence|recv=L18H18|ch=V|med=MLP9|live=none,90,-0.15209197998046875,-0.163665771484375,12,L8H15,query_sentence,L18H18,V,MLP9,none,-0.15787887573242188,True
local|src=L8H15|site=query_sentence|recv=L18H18|ch=V|med=MLP9|live=none,92,-0.2447509765625,-0.2020263671875,12,L8H15,query_sentence,L18H18,V,MLP9,none,-0.223388671875,True
local|src=L8H15|site=query_sentence|recv=L18H18|ch=V|med=MLP9|live=none,94,-0.11944580078125,-0.334564208984375,12,L8H15,query_sentence,L18H18,V,MLP9,none,-0.2270050048828125,True
local|src=L8H15|site=query_sentence|recv=L18H18|ch=V|med=MLP9|live=none,96,-0.2132720947265625,-0.171875,12,L8H15,query_sentence,L18H18,V,MLP9,none,-0.19257354736328125,True
local|src=L8H15|site=query_sentence|recv=L18H18|ch=V|med=MLP9|live=none,98,-0.325103759765625,-0.107177734375,12,L8H15,query_sentence,L18H18,V,MLP9,none,-0.2161407470703125,True
local|src=L8H15|site=query_sentence|recv=L18H18|ch=V|med=MLP9|live=none,100,-0.1689453125,-0.13055419921875,12,L8H15,query_sentence,L18H18,V,MLP9,none,-0.149749755859375,True
local|src=L8H15|site=query_sentence|recv=L18H18|ch=V|med=MLP9|live=none,102,-0.2152099609375,-0.1571044921875,12,L8H15,query_sentence,L18H18,V,MLP9,none,-0.1861572265625,True
local|src=L8H15|site=query_sentence|recv=L18H18|ch=V|med=MLP9|live=none,104,-0.05865478515625,-0.072540283203125,12,L8H15,query_sentence,L18H18,V,MLP9,none,-0.0655975341796875,True
local|src=L8H15|site=query_sentence|recv=L18H18|ch=V|med=MLP9|live=none,108,-0.09905624389648438,-0.11426162719726562,12,L8H15,query_sentence,L18H18,V,MLP9,none,-0.106658935546875,True
local|src=L8H15|site=query_sentence|recv=L18H18|ch=V|med=MLP9|live=none,110,-0.2216796875,-0.3035888671875,12,L8H15,query_sentence,L18H18,V,MLP9,none,-0.26263427734375,True
local|src=L8H15|site=query_sentence|recv=L18H18|ch=V|med=MLP9|live=none,112,-0.05425262451171875,-0.1551513671875,12,L8H15,query_sentence,L18H18,V,MLP9,none,-0.10470199584960938,True
local|src=L8H15|site=query_sentence|recv=L18H18|ch=V|med=MLP9|live=none,114,-0.18267822265625,-0.0709228515625,12,L8H15,query_sentence,L18H18,V,MLP9,none,-0.126800537109375,True
local|src=L8H15|site=query_sentence|recv=L18H18|ch=V|med=MLP9|live=none,116,-0.20916748046875,-0.14423370361328125,12,L8H15,query_sentence,L18H18,V,MLP9,none,-0.17670059204101562,True
local|src=L8H15|site=query_sentence|recv=L18H18|ch=V|med=MLP9|live=none,118,-0.06988525390625,-0.0791015625,12,L8H15,query_sentence,L18H18,V,MLP9,none,-0.074493408203125,True
local|src=L8H15|site=query_sentence|recv=L18H18|ch=V|med=MLP9|live=none,120,-0.11517333984375,-0.089599609375,12,L8H15,query_sentence,L18H18,V,MLP9,none,-0.102386474609375,True
local|src=L8H15|site=query_sentence|recv=L18H18|ch=V|med=MLP9|live=none,122,-0.10620307922363281,-0.231658935546875,12,L8H15,query_sentence,L18H18,V,MLP9,none,-0.1689310073852539,True
local|src=L8H15|site=query_sentence|recv=L18H18|ch=V|med=MLP9|live=none,124,-0.2564697265625,-0.1912841796875,12,L8H15,query_sentence,L18H18,V,MLP9,none,-0.223876953125,True
local|src=L8H15|site=query_sentence|recv=L18H18|ch=V|med=MLP9|live=none,126,-0.10076904296875,-0.0999908447265625,12,L8H15,query_sentence,L18H18,V,MLP9,none,-0.10037994384765625,True
local|src=L8H15|site=query_sentence|recv=L18H18|ch=V|med=MLP9|live=none,128,-0.069427490234375,-0.0921630859375,12,L8H15,query_sentence,L18H18,V,MLP9,none,-0.0807952880859375,True
local|src=L8H15|site=query_sentence|recv=L18H18|ch=V|med=MLP9|live=none,130,-0.24526214599609375,-0.18505859375,12,L8H15,query_sentence,L18H18,V,MLP9,none,-0.21516036987304688,True
local|src=L8H15|site=query_sentence|recv=L18H18|ch=V|med=MLP9|live=none,132,-0.135498046875,-0.18621826171875,12,L8H15,query_sentence,L18H18,V,MLP9,none,-0.160858154296875,True
local|src=L8H15|site=query_sentence|recv=L18H18|ch=V|med=MLP9|live=none,134,-0.153778076171875,-0.1250152587890625,12,L8H15,query_sentence,L18H18,V,MLP9,none,-0.13939666748046875,True
local|src=L8H15|site=query_sentence|recv=L18H18|ch=V|med=MLP9|live=none,136,-0.1298828125,-0.2115478515625,12,L8H15,query_sentence,L18H18,V,MLP9,none,-0.17071533203125,True
local|src=L8H15|site=query_sentence|recv=L18H18|ch=V|med=MLP9|live=none,138,-0.17050743103027344,-0.13207244873046875,12,L8H15,query_sentence,L18H18,V,MLP9,none,-0.1512899398803711,True
local|src=L8H15|site=query_sentence|recv=L18H18|ch=V|med=MLP9|live=none,140,-0.10272216796875,-0.170166015625,12,L8H15,query_sentence,L18H18,V,MLP9,none,-0.136444091796875,True
local|src=L8H15|site=query_sentence|recv=L18H18|ch=V|med=MLP9|live=none,142,-0.11279296875,-0.073822021484375,12,L8H15,query_sentence,L18H18,V,MLP9,none,-0.0933074951171875,True
local|src=L8H15|site=query_sentence|recv=L18H18|ch=V|med=MLP9|live=none,148,-0.173095703125,-0.1211700439453125,12,L8H15,query_sentence,L18H18,V,MLP9,none,-0.14713287353515625,True
local|src=L8H15|site=query_sentence|recv=L18H18|ch=V|med=MLP9|live=none,150,-0.068695068359375,-0.135162353515625,12,L8H15,query_sentence,L18H18,V,MLP9,none,-0.1019287109375,True
local|src=L8H15|site=query_sentence|recv=L18H18|ch=V|med=MLP9|live=none,152,-0.2287445068359375,-0.1504669189453125,12,L8H15,query_sentence,L18H18,V,MLP9,none,-0.189605712890625,True
local|src=L8H15|site=query_sentence|recv=L18H18|ch=V|med=MLP9|live=none,154,-0.05279541015625,-0.079345703125,12,L8H15,query_sentence,L18H18,V,MLP9,none,-0.066070556640625,True
local|src=L8H15|site=query_sentence|recv=L18H18|ch=V|med=MLP9|live=none,156,-0.0838623046875,-0.11279296875,12,L8H15,query_sentence,L18H18,V,MLP9,none,-0.09832763671875,True
local|src=L8H15|site=query_sentence|recv=L18H18|ch=V|med=MLP9|live=none,158,-0.072509765625,-0.0946044921875,12,L8H15,query_sentence,L18H18,V,MLP9,none,-0.08355712890625,True
local|src=L8H15|site=query_sentence|recv=L18H18|ch=V|med=MLP9|live=none,160,-0.20706748962402344,-0.15767860412597656,12,L8H15,query_sentence,L18H18,V,MLP9,none,-0.182373046875,True
local|src=L8H15|site=query_sentence|recv=L18H18|ch=V|med=MLP9|live=none,162,-0.118408203125,-0.0667724609375,12,L8H15,query_sentence,L18H18,V,MLP9,none,-0.09259033203125,True
local|src=L8H15|site=query_sentence|recv=L18H18|ch=V|med=MLP9|live=none,166,-0.170928955078125,-0.0726318359375,12,L8H15,query_sentence,L18H18,V,MLP9,none,-0.1217803955078125,True
local|src=L8H15|site=query_sentence|recv=L18H18|ch=V|med=MLP9|live=none,168,-0.027099609375,-0.0263671875,12,L8H15,query_sentence,L18H18,V,MLP9,none,-0.0267333984375,True
local|src=L8H15|site=query_sentence|recv=L18H18|ch=V|med=MLP9|live=none,170,-0.05303955078125,-0.1025390625,12,L8H15,query_sentence,L18H18,V,MLP9,none,-0.077789306640625,True
local|src=L8H15|site=query_sentence|recv=L18H18|ch=V|med=MLP9|live=none,172,-0.1656494140625,-0.1551513671875,12,L8H15,query_sentence,L18H18,V,MLP9,none,-0.160400390625,True
local|src=L8H15|site=query_sentence|recv=L18H18|ch=V|med=MLP9|live=none,174,-0.0068359375,-0.0045166015625,12,L8H15,query_sentence,L18H18,V,MLP9,none,-0.00567626953125,True
local|src=L8H15|site=query_sentence|recv=L18H18|ch=V|med=MLP9|live=none,176,-0.2451171875,-0.2468395233154297,12,L8H15,query_sentence,L18H18,V,MLP9,none,-0.24597835540771484,True
local|src=L8H15|site=query_sentence|recv=L18H18|ch=V|med=MLP9|live=none,178,-0.1273345947265625,-0.165771484375,12,L8H15,query_sentence,L18H18,V,MLP9,none,-0.14655303955078125,True
local|src=L8H15|site=query_sentence|recv=L18H18|ch=V|med=MLP9|live=none,180,-0.109130859375,-0.12636184692382812,12,L8H15,query_sentence,L18H18,V,MLP9,none,-0.11774635314941406,True
local|src=L8H15|site=query_sentence|recv=L18H18|ch=V|med=MLP9|live=none,182,-0.26025390625,-0.0921630859375,12,L8H15,query_sentence,L18H18,V,MLP9,none,-0.17620849609375,True
local|src=L8H15|site=query_sentence|recv=L18H18|ch=V|med=MLP9|live=none,186,-0.226318359375,-0.299835205078125,12,L8H15,query_sentence,L18H18,V,MLP9,none,-0.2630767822265625,True
local|src=L8H15|site=query_sentence|recv=L18H18|ch=V|med=MLP9|live=none,188,-0.2244873046875,-0.1495361328125,12,L8H15,query_sentence,L18H18,V,MLP9,none,-0.18701171875,True
local|src=L8H15|site=query_sentence|recv=L18H18|ch=V|med=MLP9|live=none,192,-0.109375,-0.1697998046875,12,L8H15,query_sentence,L18H18,V,MLP9,none,-0.13958740234375,True
local|src=L8H15|site=query_sentence|recv=L18H18|ch=V|med=MLP9|live=none,194,-0.1058349609375,-0.12841796875,12,L8H15,query_sentence,L18H18,V,MLP9,none,-0.11712646484375,True
local|src=L8H15|site=query_sentence|recv=L18H18|ch=V|med=MLP9|live=none,196,-0.1357421875,-0.1982421875,12,L8H15,query_sentence,L18H18,V,MLP9,none,-0.1669921875,True
local|src=L8H15|site=query_sentence|recv=L18H18|ch=V|med=MLP9|live=none,198,-0.14910888671875,-0.207763671875,12,L8H15,query_sentence,L18H18,V,MLP9,none,-0.178436279296875,True
local|src=L8H15|site=query_sentence|recv=L18H19|ch=V|med=MLP9|live=none,0,-0.081298828125,-0.1236572265625,13,L8H15,query_sentence,L18H19,V,MLP9,none,-0.10247802734375,True
local|src=L8H15|site=query_sentence|recv=L18H19|ch=V|med=MLP9|live=none,2,-0.1387939453125,-0.1022796630859375,13,L8H15,query_sentence,L18H19,V,MLP9,none,-0.12053680419921875,True
local|src=L8H15|site=query_sentence|recv=L18H19|ch=V|med=MLP9|live=none,4,-0.21990966796875,-0.16658973693847656,13,L8H15,query_sentence,L18H19,V,MLP9,none,-0.19324970245361328,True
local|src=L8H15|site=query_sentence|recv=L18H19|ch=V|med=MLP9|live=none,6,-0.12738037109375,-0.1031494140625,13,L8H15,query_sentence,L18H19,V,MLP9,none,-0.115264892578125,True
local|src=L8H15|site=query_sentence|recv=L18H19|ch=V|med=MLP9|live=none,8,-0.09619140625,-0.07666015625,13,L8H15,query_sentence,L18H19,V,MLP9,none,-0.08642578125,True
local|src=L8H15|site=query_sentence|recv=L18H19|ch=V|med=MLP9|live=none,12,-0.1670684814453125,-0.24169921875,13,L8H15,query_sentence,L18H19,V,MLP9,none,-0.20438385009765625,True
local|src=L8H15|site=query_sentence|recv=L18H19|ch=V|med=MLP9|live=none,14,-0.10174560546875,-0.148193359375,13,L8H15,query_sentence,L18H19,V,MLP9,none,-0.124969482421875,True
local|src=L8H15|site=query_sentence|recv=L18H19|ch=V|med=MLP9|live=none,16,-0.120880126953125,-0.123992919921875,13,L8H15,query_sentence,L18H19,V,MLP9,none,-0.1224365234375,True
local|src=L8H15|site=query_sentence|recv=L18H19|ch=V|med=MLP9|live=none,20,-0.14849853515625,-0.17449951171875,13,L8H15,query_sentence,L18H19,V,MLP9,none,-0.1614990234375,True
local|src=L8H15|site=query_sentence|recv=L18H19|ch=V|med=MLP9|live=none,24,-0.28302001953125,-0.190521240234375,13,L8H15,query_sentence,L18H19,V,MLP9,none,-0.2367706298828125,True
local|src=L8H15|site=query_sentence|recv=L18H19|ch=V|med=MLP9|live=none,26,-0.19091796875,-0.08465576171875,13,L8H15,query_sentence,L18H19,V,MLP9,none,-0.137786865234375,True
local|src=L8H15|site=query_sentence|recv=L18H19|ch=V|med=MLP9|live=none,28,-0.1533203125,-0.0946044921875,13,L8H15,query_sentence,L18H19,V,MLP9,none,-0.12396240234375,True
local|src=L8H15|site=query_sentence|recv=L18H19|ch=V|med=MLP9|live=none,30,-0.148284912109375,-0.1099853515625,13,L8H15,query_sentence,L18H19,V,MLP9,none,-0.1291351318359375,True
local|src=L8H15|site=query_sentence|recv=L18H19|ch=V|med=MLP9|live=none,32,-0.17266082763671875,-0.2080841064453125,13,L8H15,query_sentence,L18H19,V,MLP9,none,-0.19037246704101562,True
local|src=L8H15|site=query_sentence|recv=L18H19|ch=V|med=MLP9|live=none,34,-0.16335296630859375,-0.1231689453125,13,L8H15,query_sentence,L18H19,V,MLP9,none,-0.14326095581054688,True
local|src=L8H15|site=query_sentence|recv=L18H19|ch=V|med=MLP9|live=none,36,-0.24326658248901367,-0.195068359375,13,L8H15,query_sentence,L18H19,V,MLP9,none,-0.21916747093200684,True
local|src=L8H15|site=query_sentence|recv=L18H19|ch=V|med=MLP9|live=none,38,-0.057220458984375,-0.0469818115234375,13,L8H15,query_sentence,L18H19,V,MLP9,none,-0.05210113525390625,True
local|src=L8H15|site=query_sentence|recv=L18H19|ch=V|med=MLP9|live=none,40,-0.01963043212890625,-0.0677490234375,13,L8H15,query_sentence,L18H19,V,MLP9,none,-0.043689727783203125,True
local|src=L8H15|site=query_sentence|recv=L18H19|ch=V|med=MLP9|live=none,44,-0.2008662223815918,-0.230621337890625,13,L8H15,query_sentence,L18H19,V,MLP9,none,-0.2157437801361084,True
local|src=L8H15|site=query_sentence|recv=L18H19|ch=V|med=MLP9|live=none,46,-0.1900482177734375,-0.19370269775390625,13,L8H15,query_sentence,L18H19,V,MLP9,none,-0.19187545776367188,True
local|src=L8H15|site=query_sentence|recv=L18H19|ch=V|med=MLP9|live=none,48,-0.0726318359375,-0.0986328125,13,L8H15,query_sentence,L18H19,V,MLP9,none,-0.08563232421875,True
local|src=L8H15|site=query_sentence|recv=L18H19|ch=V|med=MLP9|live=none,50,-0.10784912109375,-0.073486328125,13,L8H15,query_sentence,L18H19,V,MLP9,none,-0.090667724609375,True
local|src=L8H15|site=query_sentence|recv=L18H19|ch=V|med=MLP9|live=none,52,-0.082000732421875,-0.09002685546875,13,L8H15,query_sentence,L18H19,V,MLP9,none,-0.0860137939453125,True
local|src=L8H15|site=query_sentence|recv=L18H19|ch=V|med=MLP9|live=none,54,-0.272064208984375,-0.1884765625,13,L8H15,query_sentence,L18H19,V,MLP9,none,-0.2302703857421875,True
local|src=L8H15|site=query_sentence|recv=L18H19|ch=V|med=MLP9|live=none,56,-0.067535400390625,-0.07932281494140625,13,L8H15,query_sentence,L18H19,V,MLP9,none,-0.07342910766601562,True
local|src=L8H15|site=query_sentence|recv=L18H19|ch=V|med=MLP9|live=none,58,-0.18587112426757812,-0.132080078125,13,L8H15,query_sentence,L18H19,V,MLP9,none,-0.15897560119628906,True
local|src=L8H15|site=query_sentence|recv=L18H19|ch=V|med=MLP9|live=none,60,-0.077606201171875,-0.144287109375,13,L8H15,query_sentence,L18H19,V,MLP9,none,-0.1109466552734375,True
local|src=L8H15|site=query_sentence|recv=L18H19|ch=V|med=MLP9|live=none,62,-0.2406005859375,-0.11956787109375,13,L8H15,query_sentence,L18H19,V,MLP9,none,-0.180084228515625,True
local|src=L8H15|site=query_sentence|recv=L18H19|ch=V|med=MLP9|live=none,64,-0.08941650390625,-0.128326416015625,13,L8H15,query_sentence,L18H19,V,MLP9,none,-0.1088714599609375,True
local|src=L8H15|site=query_sentence|recv=L18H19|ch=V|med=MLP9|live=none,66,-0.1201171875,-0.11036109924316406,13,L8H15,query_sentence,L18H19,V,MLP9,none,-0.11523914337158203,True
local|src=L8H15|site=query_sentence|recv=L18H19|ch=V|med=MLP9|live=none,68,-0.20220947265625,-0.1953125,13,L8H15,query_sentence,L18H19,V,MLP9,none,-0.198760986328125,True
local|src=L8H15|site=query_sentence|recv=L18H19|ch=V|med=MLP9|live=none,70,-0.1246337890625,-0.154449462890625,13,L8H15,query_sentence,L18H19,V,MLP9,none,-0.1395416259765625,True
local|src=L8H15|site=query_sentence|recv=L18H19|ch=V|med=MLP9|live=none,72,-0.1202392578125,-0.16552734375,13,L8H15,query_sentence,L18H19,V,MLP9,none,-0.14288330078125,True
local|src=L8H15|site=query_sentence|recv=L18H19|ch=V|med=MLP9|live=none,76,-0.16375732421875,-0.245574951171875,13,L8H15,query_sentence,L18H19,V,MLP9,none,-0.2046661376953125,True
local|src=L8H15|site=query_sentence|recv=L18H19|ch=V|med=MLP9|live=none,78,-0.2109375,-0.1612548828125,13,L8H15,query_sentence,L18H19,V,MLP9,none,-0.18609619140625,True
local|src=L8H15|site=query_sentence|recv=L18H19|ch=V|med=MLP9|live=none,80,-0.30877685546875,-0.33831787109375,13,L8H15,query_sentence,L18H19,V,MLP9,none,-0.32354736328125,True
local|src=L8H15|site=query_sentence|recv=L18H19|ch=V|med=MLP9|live=none,82,-0.11468505859375,-0.09912109375,13,L8H15,query_sentence,L18H19,V,MLP9,none,-0.106903076171875,True
local|src=L8H15|site=query_sentence|recv=L18H19|ch=V|med=MLP9|live=none,84,-0.087493896484375,-0.094482421875,13,L8H15,query_sentence,L18H19,V,MLP9,none,-0.0909881591796875,True
local|src=L8H15|site=query_sentence|recv=L18H19|ch=V|med=MLP9|live=none,86,-0.068359375,-0.0581512451171875,13,L8H15,query_sentence,L18H19,V,MLP9,none,-0.06325531005859375,True
local|src=L8H15|site=query_sentence|recv=L18H19|ch=V|med=MLP9|live=none,88,-0.12457275390625,-0.130401611328125,13,L8H15,query_sentence,L18H19,V,MLP9,none,-0.1274871826171875,True
local|src=L8H15|site=query_sentence|recv=L18H19|ch=V|med=MLP9|live=none,90,-0.1752471923828125,-0.23881912231445312,13,L8H15,query_sentence,L18H19,V,MLP9,none,-0.2070331573486328,True
local|src=L8H15|site=query_sentence|recv=L18H19|ch=V|med=MLP9|live=none,92,-0.2060546875,-0.19830322265625,13,L8H15,query_sentence,L18H19,V,MLP9,none,-0.202178955078125,True
local|src=L8H15|site=query_sentence|recv=L18H19|ch=V|med=MLP9|live=none,94,-0.09228515625,-0.2900390625,13,L8H15,query_sentence,L18H19,V,MLP9,none,-0.191162109375,True
local|src=L8H15|site=query_sentence|recv=L18H19|ch=V|med=MLP9|live=none,96,-0.22446441650390625,-0.173828125,13,L8H15,query_sentence,L18H19,V,MLP9,none,-0.19914627075195312,True
local|src=L8H15|site=query_sentence|recv=L18H19|ch=V|med=MLP9|live=none,98,-0.27849388122558594,-0.08740234375,13,L8H15,query_sentence,L18H19,V,MLP9,none,-0.18294811248779297,True
local|src=L8H15|site=query_sentence|recv=L18H19|ch=V|med=MLP9|live=none,100,-0.198822021484375,-0.11932373046875,13,L8H15,query_sentence,L18H19,V,MLP9,none,-0.1590728759765625,True
local|src=L8H15|site=query_sentence|recv=L18H19|ch=V|med=MLP9|live=none,102,-0.29233551025390625,-0.2288818359375,13,L8H15,query_sentence,L18H19,V,MLP9,none,-0.2606086730957031,True
local|src=L8H15|site=query_sentence|recv=L18H19|ch=V|med=MLP9|live=none,104,-0.03192138671875,-0.06500244140625,13,L8H15,query_sentence,L18H19,V,MLP9,none,-0.0484619140625,True
local|src=L8H15|site=query_sentence|recv=L18H19|ch=V|med=MLP9|live=none,108,-0.10130119323730469,-0.12999343872070312,13,L8H15,query_sentence,L18H19,V,MLP9,none,-0.1156473159790039,True
local|src=L8H15|site=query_sentence|recv=L18H19|ch=V|med=MLP9|live=none,110,-0.25146484375,-0.2791748046875,13,L8H15,query_sentence,L18H19,V,MLP9,none,-0.26531982421875,True
local|src=L8H15|site=query_sentence|recv=L18H19|ch=V|med=MLP9|live=none,112,-0.055328369140625,-0.1219482421875,13,L8H15,query_sentence,L18H19,V,MLP9,none,-0.0886383056640625,True
local|src=L8H15|site=query_sentence|recv=L18H19|ch=V|med=MLP9|live=none,114,-0.1600341796875,-0.08258056640625,13,L8H15,query_sentence,L18H19,V,MLP9,none,-0.121307373046875,True
local|src=L8H15|site=query_sentence|recv=L18H19|ch=V|med=MLP9|live=none,116,-0.239501953125,-0.169921875,13,L8H15,query_sentence,L18H19,V,MLP9,none,-0.2047119140625,True
local|src=L8H15|site=query_sentence|recv=L18H19|ch=V|med=MLP9|live=none,118,-0.028594970703125,-0.11474609375,13,L8H15,query_sentence,L18H19,V,MLP9,none,-0.0716705322265625,True
local|src=L8H15|site=query_sentence|recv=L18H19|ch=V|med=MLP9|live=none,120,-0.097869873046875,-0.130126953125,13,L8H15,query_sentence,L18H19,V,MLP9,none,-0.1139984130859375,True
local|src=L8H15|site=query_sentence|recv=L18H19|ch=V|med=MLP9|live=none,122,-0.1710052490234375,-0.27667236328125,13,L8H15,query_sentence,L18H19,V,MLP9,none,-0.22383880615234375,True
local|src=L8H15|site=query_sentence|recv=L18H19|ch=V|med=MLP9|live=none,124,-0.2637939453125,-0.223236083984375,13,L8H15,query_sentence,L18H19,V,MLP9,none,-0.2435150146484375,True
local|src=L8H15|site=query_sentence|recv=L18H19|ch=V|med=MLP9|live=none,126,-0.0765380859375,-0.103118896484375,13,L8H15,query_sentence,L18H19,V,MLP9,none,-0.0898284912109375,True
local|src=L8H15|site=query_sentence|recv=L18H19|ch=V|med=MLP9|live=none,128,-0.0680694580078125,-0.0467529296875,13,L8H15,query_sentence,L18H19,V,MLP9,none,-0.05741119384765625,True
local|src=L8H15|site=query_sentence|recv=L18H19|ch=V|med=MLP9|live=none,130,-0.22929000854492188,-0.173828125,13,L8H15,query_sentence,L18H19,V,MLP9,none,-0.20155906677246094,True
local|src=L8H15|site=query_sentence|recv=L18H19|ch=V|med=MLP9|live=none,132,-0.1075439453125,-0.2301025390625,13,L8H15,query_sentence,L18H19,V,MLP9,none,-0.1688232421875,True
local|src=L8H15|site=query_sentence|recv=L18H19|ch=V|med=MLP9|live=none,134,-0.16176605224609375,-0.1323080062866211,13,L8H15,query_sentence,L18H19,V,MLP9,none,-0.14703702926635742,True
local|src=L8H15|site=query_sentence|recv=L18H19|ch=V|med=MLP9|live=none,136,-0.10498046875,-0.1773681640625,13,L8H15,query_sentence,L18H19,V,MLP9,none,-0.14117431640625,True
local|src=L8H15|site=query_sentence|recv=L18H19|ch=V|med=MLP9|live=none,138,-0.16842269897460938,-0.1266937255859375,13,L8H15,query_sentence,L18H19,V,MLP9,none,-0.14755821228027344,True
local|src=L8H15|site=query_sentence|recv=L18H19|ch=V|med=MLP9|live=none,140,-0.12127685546875,-0.178314208984375,13,L8H15,query_sentence,L18H19,V,MLP9,none,-0.1497955322265625,True
local|src=L8H15|site=query_sentence|recv=L18H19|ch=V|med=MLP9|live=none,142,-0.050537109375,-0.0719451904296875,13,L8H15,query_sentence,L18H19,V,MLP9,none,-0.06124114990234375,True
local|src=L8H15|site=query_sentence|recv=L18H19|ch=V|med=MLP9|live=none,148,-0.2420654296875,-0.1541290283203125,13,L8H15,query_sentence,L18H19,V,MLP9,none,-0.19809722900390625,True
local|src=L8H15|site=query_sentence|recv=L18H19|ch=V|med=MLP9|live=none,150,-0.04327392578125,-0.06396484375,13,L8H15,query_sentence,L18H19,V,MLP9,none,-0.053619384765625,True
local|src=L8H15|site=query_sentence|recv=L18H19|ch=V|med=MLP9|live=none,152,-0.2885894775390625,-0.190399169921875,13,L8H15,query_sentence,L18H19,V,MLP9,none,-0.23949432373046875,True
local|src=L8H15|site=query_sentence|recv=L18H19|ch=V|med=MLP9|live=none,154,-0.04095458984375,-0.072265625,13,L8H15,query_sentence,L18H19,V,MLP9,none,-0.056610107421875,True
local|src=L8H15|site=query_sentence|recv=L18H19|ch=V|med=MLP9|live=none,156,-0.0930328369140625,-0.087158203125,13,L8H15,query_sentence,L18H19,V,MLP9,none,-0.09009552001953125,True
local|src=L8H15|site=query_sentence|recv=L18H19|ch=V|med=MLP9|live=none,158,-0.06884765625,-0.10064697265625,13,L8H15,query_sentence,L18H19,V,MLP9,none,-0.084747314453125,True
local|src=L8H15|site=query_sentence|recv=L18H19|ch=V|med=MLP9|live=none,160,-0.2183399200439453,-0.1373138427734375,13,L8H15,query_sentence,L18H19,V,MLP9,none,-0.1778268814086914,True
local|src=L8H15|site=query_sentence|recv=L18H19|ch=V|med=MLP9|live=none,162,-0.102294921875,-0.0699462890625,13,L8H15,query_sentence,L18H19,V,MLP9,none,-0.08612060546875,True
local|src=L8H15|site=query_sentence|recv=L18H19|ch=V|med=MLP9|live=none,166,-0.1729736328125,-0.08642578125,13,L8H15,query_sentence,L18H19,V,MLP9,none,-0.12969970703125,True
local|src=L8H15|site=query_sentence|recv=L18H19|ch=V|med=MLP9|live=none,168,-0.051025390625,-0.0242919921875,13,L8H15,query_sentence,L18H19,V,MLP9,none,-0.03765869140625,True
local|src=L8H15|site=query_sentence|recv=L18H19|ch=V|med=MLP9|live=none,170,-0.0162353515625,-0.11572265625,13,L8H15,query_sentence,L18H19,V,MLP9,none,-0.06597900390625,True
local|src=L8H15|site=query_sentence|recv=L18H19|ch=V|med=MLP9|live=none,172,-0.1875,-0.1802978515625,13,L8H15,query_sentence,L18H19,V,MLP9,none,-0.18389892578125,True
local|src=L8H15|site=query_sentence|recv=L18H19|ch=V|med=MLP9|live=none,174,-0.007568359375,-0.0042724609375,13,L8H15,query_sentence,L18H19,V,MLP9,none,-0.00592041015625,True
local|src=L8H15|site=query_sentence|recv=L18H19|ch=V|med=MLP9|live=none,176,-0.25048828125,-0.22416305541992188,13,L8H15,query_sentence,L18H19,V,MLP9,none,-0.23732566833496094,True
local|src=L8H15|site=query_sentence|recv=L18H19|ch=V|med=MLP9|live=none,178,-0.11936187744140625,-0.20086669921875,13,L8H15,query_sentence,L18H19,V,MLP9,none,-0.16011428833007812,True
local|src=L8H15|site=query_sentence|recv=L18H19|ch=V|med=MLP9|live=none,180,-0.12799072265625,-0.1373291015625,13,L8H15,query_sentence,L18H19,V,MLP9,none,-0.132659912109375,True
local|src=L8H15|site=query_sentence|recv=L18H19|ch=V|med=MLP9|live=none,182,-0.2138671875,-0.08740234375,13,L8H15,query_sentence,L18H19,V,MLP9,none,-0.150634765625,True
local|src=L8H15|site=query_sentence|recv=L18H19|ch=V|med=MLP9|live=none,186,-0.18389892578125,-0.3783721923828125,13,L8H15,query_sentence,L18H19,V,MLP9,none,-0.28113555908203125,True
local|src=L8H15|site=query_sentence|recv=L18H19|ch=V|med=MLP9|live=none,188,-0.22918701171875,-0.15087890625,13,L8H15,query_sentence,L18H19,V,MLP9,none,-0.190032958984375,True
local|src=L8H15|site=query_sentence|recv=L18H19|ch=V|med=MLP9|live=none,192,-0.1480712890625,-0.21142578125,13,L8H15,query_sentence,L18H19,V,MLP9,none,-0.17974853515625,True
local|src=L8H15|site=query_sentence|recv=L18H19|ch=V|med=MLP9|live=none,194,-0.186553955078125,-0.263427734375,13,L8H15,query_sentence,L18H19,V,MLP9,none,-0.2249908447265625,True
local|src=L8H15|site=query_sentence|recv=L18H19|ch=V|med=MLP9|live=none,196,-0.1513671875,-0.2109375,13,L8H15,query_sentence,L18H19,V,MLP9,none,-0.18115234375,True
local|src=L8H15|site=query_sentence|recv=L18H19|ch=V|med=MLP9|live=none,198,-0.08599853515625,-0.166748046875,13,L8H15,query_sentence,L18H19,V,MLP9,none,-0.126373291015625,True
chain|src=L15H25|site=query_sentence|recv=L18H19|ch=Q|med=none|live=L16H1+L16H21,0,0.051666259765625,0.1591796875,14,L15H25,query_sentence,L18H19,Q,none,L16H1+L16H21,0.1054229736328125,True
chain|src=L15H25|site=query_sentence|recv=L18H19|ch=Q|med=none|live=L16H1+L16H21,2,0.165283203125,0.0196075439453125,14,L15H25,query_sentence,L18H19,Q,none,L16H1+L16H21,0.09244537353515625,True
chain|src=L15H25|site=query_sentence|recv=L18H19|ch=Q|med=none|live=L16H1+L16H21,4,0.1329345703125,0.22180747985839844,14,L15H25,query_sentence,L18H19,Q,none,L16H1+L16H21,0.17737102508544922,True
chain|src=L15H25|site=query_sentence|recv=L18H19|ch=Q|med=none|live=L16H1+L16H21,6,0.084716796875,0.06787109375,14,L15H25,query_sentence,L18H19,Q,none,L16H1+L16H21,0.0762939453125,True
chain|src=L15H25|site=query_sentence|recv=L18H19|ch=Q|med=none|live=L16H1+L16H21,8,0.127685546875,0.11834716796875,14,L15H25,query_sentence,L18H19,Q,none,L16H1+L16H21,0.123016357421875,True
chain|src=L15H25|site=query_sentence|recv=L18H19|ch=Q|med=none|live=L16H1+L16H21,12,0.11383438110351562,0.1485595703125,14,L15H25,query_sentence,L18H19,Q,none,L16H1+L16H21,0.1311969757080078,True
chain|src=L15H25|site=query_sentence|recv=L18H19|ch=Q|med=none|live=L16H1+L16H21,14,0.1435546875,0.18084716796875,14,L15H25,query_sentence,L18H19,Q,none,L16H1+L16H21,0.162200927734375,True
chain|src=L15H25|site=query_sentence|recv=L18H19|ch=Q|med=none|live=L16H1+L16H21,16,0.14237213134765625,0.083709716796875,14,L15H25,query_sentence,L18H19,Q,none,L16H1+L16H21,0.11304092407226562,True
chain|src=L15H25|site=query_sentence|recv=L18H19|ch=Q|med=none|live=L16H1+L16H21,20,0.23526287078857422,0.1304931640625,14,L15H25,query_sentence,L18H19,Q,none,L16H1+L16H21,0.1828780174255371,True
chain|src=L15H25|site=query_sentence|recv=L18H19|ch=Q|med=none|live=L16H1+L16H21,24,0.331787109375,0.17926025390625,14,L15H25,query_sentence,L18H19,Q,none,L16H1+L16H21,0.255523681640625,True
chain|src=L15H25|site=query_sentence|recv=L18H19|ch=Q|med=none|live=L16H1+L16H21,26,0.0682373046875,0.18463134765625,14,L15H25,query_sentence,L18H19,Q,none,L16H1+L16H21,0.126434326171875,True
chain|src=L15H25|site=query_sentence|recv=L18H19|ch=Q|med=none|live=L16H1+L16H21,28,0.186767578125,0.3192138671875,14,L15H25,query_sentence,L18H19,Q,none,L16H1+L16H21,0.25299072265625,True
chain|src=L15H25|site=query_sentence|recv=L18H19|ch=Q|med=none|live=L16H1+L16H21,30,0.18072509765625,0.1651611328125,14,L15H25,query_sentence,L18H19,Q,none,L16H1+L16H21,0.172943115234375,True
chain|src=L15H25|site=query_sentence|recv=L18H19|ch=Q|med=none|live=L16H1+L16H21,32,0.08520126342773438,0.22822952270507812,14,L15H25,query_sentence,L18H19,Q,none,L16H1+L16H21,0.15671539306640625,True
chain|src=L15H25|site=query_sentence|recv=L18H19|ch=Q|med=none|live=L16H1+L16H21,34,0.20583057403564453,0.1058349609375,14,L15H25,query_sentence,L18H19,Q,none,L16H1+L16H21,0.15583276748657227,True
chain|src=L15H25|site=query_sentence|recv=L18H19|ch=Q|med=none|live=L16H1+L16H21,36,0.1617584228515625,0.081451416015625,14,L15H25,query_sentence,L18H19,Q,none,L16H1+L16H21,0.12160491943359375,True
chain|src=L15H25|site=query_sentence|recv=L18H19|ch=Q|med=none|live=L16H1+L16H21,38,0.1614990234375,0.196685791015625,14,L15H25,query_sentence,L18H19,Q,none,L16H1+L16H21,0.1790924072265625,True
chain|src=L15H25|site=query_sentence|recv=L18H19|ch=Q|med=none|live=L16H1+L16H21,40,0.152984619140625,0.149688720703125,14,L15H25,query_sentence,L18H19,Q,none,L16H1+L16H21,0.151336669921875,True
chain|src=L15H25|site=query_sentence|recv=L18H19|ch=Q|med=none|live=L16H1+L16H21,44,0.05828857421875,0.06451416015625,14,L15H25,query_sentence,L18H19,Q,none,L16H1+L16H21,0.0614013671875,True
chain|src=L15H25|site=query_sentence|recv=L18H19|ch=Q|med=none|live=L16H1+L16H21,46,0.084991455078125,0.047763824462890625,14,L15H25,query_sentence,L18H19,Q,none,L16H1+L16H21,0.06637763977050781,True
chain|src=L15H25|site=query_sentence|recv=L18H19|ch=Q|med=none|live=L16H1+L16H21,48,0.111541748046875,0.171630859375,14,L15H25,query_sentence,L18H19,Q,none,L16H1+L16H21,0.1415863037109375,True
chain|src=L15H25|site=query_sentence|recv=L18H19|ch=Q|med=none|live=L16H1+L16H21,50,0.03399658203125,0.1204833984375,14,L15H25,query_sentence,L18H19,Q,none,L16H1+L16H21,0.077239990234375,True
chain|src=L15H25|site=query_sentence|recv=L18H19|ch=Q|med=none|live=L16H1+L16H21,52,0.0278167724609375,0.0850067138671875,14,L15H25,query_sentence,L18H19,Q,none,L16H1+L16H21,0.0564117431640625,True
chain|src=L15H25|site=query_sentence|recv=L18H19|ch=Q|med=none|live=L16H1+L16H21,54,0.145294189453125,0.471923828125,14,L15H25,query_sentence,L18H19,Q,none,L16H1+L16H21,0.3086090087890625,True
chain|src=L15H25|site=query_sentence|recv=L18H19|ch=Q|med=none|live=L16H1+L16H21,56,0.0413360595703125,0.046245574951171875,14,L15H25,query_sentence,L18H19,Q,none,L16H1+L16H21,0.04379081726074219,True
chain|src=L15H25|site=query_sentence|recv=L18H19|ch=Q|med=none|live=L16H1+L16H21,58,0.0465087890625,0.107177734375,14,L15H25,query_sentence,L18H19,Q,none,L16H1+L16H21,0.07684326171875,True
chain|src=L15H25|site=query_sentence|recv=L18H19|ch=Q|med=none|live=L16H1+L16H21,60,0.01129150390625,0.051025390625,14,L15H25,query_sentence,L18H19,Q,none,L16H1+L16H21,0.031158447265625,True
chain|src=L15H25|site=query_sentence|recv=L18H19|ch=Q|med=none|live=L16H1+L16H21,62,0.105712890625,0.1763763427734375,14,L15H25,query_sentence,L18H19,Q,none,L16H1+L16H21,0.14104461669921875,True
chain|src=L15H25|site=query_sentence|recv=L18H19|ch=Q|med=none|live=L16H1+L16H21,64,0.1446533203125,-0.042236328125,14,L15H25,query_sentence,L18H19,Q,none,L16H1+L16H21,0.05120849609375,False
chain|src=L15H25|site=query_sentence|recv=L18H19|ch=Q|med=none|live=L16H1+L16H21,66,0.1241455078125,0.08651924133300781,14,L15H25,query_sentence,L18H19,Q,none,L16H1+L16H21,0.1053323745727539,True
chain|src=L15H25|site=query_sentence|recv=L18H19|ch=Q|med=none|live=L16H1+L16H21,68,0.43603515625,0.325927734375,14,L15H25,query_sentence,L18H19,Q,none,L16H1+L16H21,0.3809814453125,True
chain|src=L15H25|site=query_sentence|recv=L18H19|ch=Q|med=none|live=L16H1+L16H21,70,0.0506591796875,0.142364501953125,14,L15H25,query_sentence,L18H19,Q,none,L16H1+L16H21,0.0965118408203125,True
chain|src=L15H25|site=query_sentence|recv=L18H19|ch=Q|med=none|live=L16H1+L16H21,72,0.152099609375,0.3092041015625,14,L15H25,query_sentence,L18H19,Q,none,L16H1+L16H21,0.23065185546875,True
chain|src=L15H25|site=query_sentence|recv=L18H19|ch=Q|med=none|live=L16H1+L16H21,76,0.16644287109375,0.111602783203125,14,L15H25,query_sentence,L18H19,Q,none,L16H1+L16H21,0.1390228271484375,True
chain|src=L15H25|site=query_sentence|recv=L18H19|ch=Q|med=none|live=L16H1+L16H21,78,0.10382080078125,0.1866455078125,14,L15H25,query_sentence,L18H19,Q,none,L16H1+L16H21,0.145233154296875,True
chain|src=L15H25|site=query_sentence|recv=L18H19|ch=Q|med=none|live=L16H1+L16H21,80,0.14544677734375,0.2391357421875,14,L15H25,query_sentence,L18H19,Q,none,L16H1+L16H21,0.192291259765625,True
chain|src=L15H25|site=query_sentence|recv=L18H19|ch=Q|med=none|live=L16H1+L16H21,82,0.17779541015625,0.26171875,14,L15H25,query_sentence,L18H19,Q,none,L16H1+L16H21,0.219757080078125,True
chain|src=L15H25|site=query_sentence|recv=L18H19|ch=Q|med=none|live=L16H1+L16H21,84,0.08852386474609375,0.1048583984375,14,L15H25,query_sentence,L18H19,Q,none,L16H1+L16H21,0.09669113159179688,True
chain|src=L15H25|site=query_sentence|recv=L18H19|ch=Q|med=none|live=L16H1+L16H21,86,0.060302734375,-0.018829345703125,14,L15H25,query_sentence,L18H19,Q,none,L16H1+L16H21,0.0207366943359375,False
chain|src=L15H25|site=query_sentence|recv=L18H19|ch=Q|med=none|live=L16H1+L16H21,88,0.0997314453125,0.15533447265625,14,L15H25,query_sentence,L18H19,Q,none,L16H1+L16H21,0.127532958984375,True
chain|src=L15H25|site=query_sentence|recv=L18H19|ch=Q|med=none|live=L16H1+L16H21,90,0.083526611328125,0.15796661376953125,14,L15H25,query_sentence,L18H19,Q,none,L16H1+L16H21,0.12074661254882812,True
chain|src=L15H25|site=query_sentence|recv=L18H19|ch=Q|med=none|live=L16H1+L16H21,92,0.06787109375,0.25885009765625,14,L15H25,query_sentence,L18H19,Q,none,L16H1+L16H21,0.163360595703125,True
chain|src=L15H25|site=query_sentence|recv=L18H19|ch=Q|med=none|live=L16H1+L16H21,94,0.136962890625,0.1078948974609375,14,L15H25,query_sentence,L18H19,Q,none,L16H1+L16H21,0.12242889404296875,True
chain|src=L15H25|site=query_sentence|recv=L18H19|ch=Q|med=none|live=L16H1+L16H21,96,0.2224578857421875,0.115234375,14,L15H25,query_sentence,L18H19,Q,none,L16H1+L16H21,0.16884613037109375,True
chain|src=L15H25|site=query_sentence|recv=L18H19|ch=Q|med=none|live=L16H1+L16H21,98,0.2542724609375,0.09783935546875,14,L15H25,query_sentence,L18H19,Q,none,L16H1+L16H21,0.176055908203125,True
chain|src=L15H25|site=query_sentence|recv=L18H19|ch=Q|med=none|live=L16H1+L16H21,100,0.105743408203125,0.1212158203125,14,L15H25,query_sentence,L18H19,Q,none,L16H1+L16H21,0.1134796142578125,True
chain|src=L15H25|site=query_sentence|recv=L18H19|ch=Q|med=none|live=L16H1+L16H21,102,0.11782455444335938,0.080078125,14,L15H25,query_sentence,L18H19,Q,none,L16H1+L16H21,0.09895133972167969,True
chain|src=L15H25|site=query_sentence|recv=L18H19|ch=Q|med=none|live=L16H1+L16H21,104,0.0645751953125,0.06317138671875,14,L15H25,query_sentence,L18H19,Q,none,L16H1+L16H21,0.063873291015625,True
chain|src=L15H25|site=query_sentence|recv=L18H19|ch=Q|med=none|live=L16H1+L16H21,108,0.22946929931640625,0.219635009765625,14,L15H25,query_sentence,L18H19,Q,none,L16H1+L16H21,0.22455215454101562,True
chain|src=L15H25|site=query_sentence|recv=L18H19|ch=Q|med=none|live=L16H1+L16H21,110,0.107177734375,0.1181640625,14,L15H25,query_sentence,L18H19,Q,none,L16H1+L16H21,0.1126708984375,True
chain|src=L15H25|site=query_sentence|recv=L18H19|ch=Q|med=none|live=L16H1+L16H21,112,0.24207687377929688,0.4613037109375,14,L15H25,query_sentence,L18H19,Q,none,L16H1+L16H21,0.35169029235839844,True
chain|src=L15H25|site=query_sentence|recv=L18H19|ch=Q|med=none|live=L16H1+L16H21,114,0.091796875,0.01611328125,14,L15H25,query_sentence,L18H19,Q,none,L16H1+L16H21,0.053955078125,True
chain|src=L15H25|site=query_sentence|recv=L18H19|ch=Q|med=none|live=L16H1+L16H21,116,0.30340576171875,0.240264892578125,14,L15H25,query_sentence,L18H19,Q,none,L16H1+L16H21,0.2718353271484375,True
chain|src=L15H25|site=query_sentence|recv=L18H19|ch=Q|med=none|live=L16H1+L16H21,118,0.113983154296875,0.149169921875,14,L15H25,query_sentence,L18H19,Q,none,L16H1+L16H21,0.1315765380859375,True
chain|src=L15H25|site=query_sentence|recv=L18H19|ch=Q|med=none|live=L16H1+L16H21,120,0.237945556640625,0.3447265625,14,L15H25,query_sentence,L18H19,Q,none,L16H1+L16H21,0.2913360595703125,True
chain|src=L15H25|site=query_sentence|recv=L18H19|ch=Q|med=none|live=L16H1+L16H21,122,0.17649078369140625,0.1334228515625,14,L15H25,query_sentence,L18H19,Q,none,L16H1+L16H21,0.15495681762695312,True
chain|src=L15H25|site=query_sentence|recv=L18H19|ch=Q|med=none|live=L16H1+L16H21,124,0.20989990234375,0.11505126953125,14,L15H25,query_sentence,L18H19,Q,none,L16H1+L16H21,0.1624755859375,True
chain|src=L15H25|site=query_sentence|recv=L18H19|ch=Q|med=none|live=L16H1+L16H21,126,0.13702392578125,0.0108642578125,14,L15H25,query_sentence,L18H19,Q,none,L16H1+L16H21,0.073944091796875,True
chain|src=L15H25|site=query_sentence|recv=L18H19|ch=Q|med=none|live=L16H1+L16H21,128,0.127197265625,0.03619384765625,14,L15H25,query_sentence,L18H19,Q,none,L16H1+L16H21,0.081695556640625,True
chain|src=L15H25|site=query_sentence|recv=L18H19|ch=Q|med=none|live=L16H1+L16H21,130,0.0597381591796875,0.09814453125,14,L15H25,query_sentence,L18H19,Q,none,L16H1+L16H21,0.07894134521484375,True
chain|src=L15H25|site=query_sentence|recv=L18H19|ch=Q|med=none|live=L16H1+L16H21,132,0.06494140625,0.13525390625,14,L15H25,query_sentence,L18H19,Q,none,L16H1+L16H21,0.10009765625,True
chain|src=L15H25|site=query_sentence|recv=L18H19|ch=Q|med=none|live=L16H1+L16H21,134,0.09987640380859375,0.12640380859375,14,L15H25,query_sentence,L18H19,Q,none,L16H1+L16H21,0.11314010620117188,True
chain|src=L15H25|site=query_sentence|recv=L18H19|ch=Q|med=none|live=L16H1+L16H21,136,0.284912109375,0.34710693359375,14,L15H25,query_sentence,L18H19,Q,none,L16H1+L16H21,0.316009521484375,True
chain|src=L15H25|site=query_sentence|recv=L18H19|ch=Q|med=none|live=L16H1+L16H21,138,0.10882568359375,0.240264892578125,14,L15H25,query_sentence,L18H19,Q,none,L16H1+L16H21,0.1745452880859375,True
chain|src=L15H25|site=query_sentence|recv=L18H19|ch=Q|med=none|live=L16H1+L16H21,140,0.08160400390625,0.10968017578125,14,L15H25,query_sentence,L18H19,Q,none,L16H1+L16H21,0.09564208984375,True
chain|src=L15H25|site=query_sentence|recv=L18H19|ch=Q|med=none|live=L16H1+L16H21,142,0.406005859375,0.2142791748046875,14,L15H25,query_sentence,L18H19,Q,none,L16H1+L16H21,0.31014251708984375,True
chain|src=L15H25|site=query_sentence|recv=L18H19|ch=Q|med=none|live=L16H1+L16H21,148,0.274658203125,0.07842636108398438,14,L15H25,query_sentence,L18H19,Q,none,L16H1+L16H21,0.1765422821044922,True
chain|src=L15H25|site=query_sentence|recv=L18H19|ch=Q|med=none|live=L16H1+L16H21,150,0.06915283203125,0.195953369140625,14,L15H25,query_sentence,L18H19,Q,none,L16H1+L16H21,0.1325531005859375,True
chain|src=L15H25|site=query_sentence|recv=L18H19|ch=Q|med=none|live=L16H1+L16H21,152,0.127685546875,0.2294921875,14,L15H25,query_sentence,L18H19,Q,none,L16H1+L16H21,0.1785888671875,True
chain|src=L15H25|site=query_sentence|recv=L18H19|ch=Q|med=none|live=L16H1+L16H21,154,0.22174072265625,0.30078125,14,L15H25,query_sentence,L18H19,Q,none,L16H1+L16H21,0.261260986328125,True
chain|src=L15H25|site=query_sentence|recv=L18H19|ch=Q|med=none|live=L16H1+L16H21,156,0.2896270751953125,0.0771484375,14,L15H25,query_sentence,L18H19,Q,none,L16H1+L16H21,0.18338775634765625,True
chain|src=L15H25|site=query_sentence|recv=L18H19|ch=Q|med=none|live=L16H1+L16H21,158,0.158203125,0.038818359375,14,L15H25,query_sentence,L18H19,Q,none,L16H1+L16H21,0.0985107421875,True
chain|src=L15H25|site=query_sentence|recv=L18H19|ch=Q|med=none|live=L16H1+L16H21,160,0.4713892936706543,0.06459236145019531,14,L15H25,query_sentence,L18H19,Q,none,L16H1+L16H21,0.2679908275604248,True
chain|src=L15H25|site=query_sentence|recv=L18H19|ch=Q|med=none|live=L16H1+L16H21,162,0.22265625,0.051513671875,14,L15H25,query_sentence,L18H19,Q,none,L16H1+L16H21,0.1370849609375,True
chain|src=L15H25|site=query_sentence|recv=L18H19|ch=Q|med=none|live=L16H1+L16H21,166,0.083221435546875,0.1390380859375,14,L15H25,query_sentence,L18H19,Q,none,L16H1+L16H21,0.1111297607421875,True
chain|src=L15H25|site=query_sentence|recv=L18H19|ch=Q|med=none|live=L16H1+L16H21,168,0.1748046875,0.0576171875,14,L15H25,query_sentence,L18H19,Q,none,L16H1+L16H21,0.1162109375,True
chain|src=L15H25|site=query_sentence|recv=L18H19|ch=Q|med=none|live=L16H1+L16H21,170,0.17645263671875,0.0501708984375,14,L15H25,query_sentence,L18H19,Q,none,L16H1+L16H21,0.113311767578125,True
chain|src=L15H25|site=query_sentence|recv=L18H19|ch=Q|med=none|live=L16H1+L16H21,172,0.0758056640625,0.16693115234375,14,L15H25,query_sentence,L18H19,Q,none,L16H1+L16H21,0.121368408203125,True
chain|src=L15H25|site=query_sentence|recv=L18H19|ch=Q|med=none|live=L16H1+L16H21,174,-0.0205078125,0.01708984375,14,L15H25,query_sentence,L18H19,Q,none,L16H1+L16H21,-0.001708984375,False
chain|src=L15H25|site=query_sentence|recv=L18H19|ch=Q|med=none|live=L16H1+L16H21,176,0.080078125,0.13191795349121094,14,L15H25,query_sentence,L18H19,Q,none,L16H1+L16H21,0.10599803924560547,True
chain|src=L15H25|site=query_sentence|recv=L18H19|ch=Q|med=none|live=L16H1+L16H21,178,0.12793731689453125,0.20361328125,14,L15H25,query_sentence,L18H19,Q,none,L16H1+L16H21,0.16577529907226562,True
chain|src=L15H25|site=query_sentence|recv=L18H19|ch=Q|med=none|live=L16H1+L16H21,180,0.07769775390625,0.06405782699584961,14,L15H25,query_sentence,L18H19,Q,none,L16H1+L16H21,0.0708777904510498,True
chain|src=L15H25|site=query_sentence|recv=L18H19|ch=Q|med=none|live=L16H1+L16H21,182,0.341064453125,0.05010986328125,14,L15H25,query_sentence,L18H19,Q,none,L16H1+L16H21,0.195587158203125,True
chain|src=L15H25|site=query_sentence|recv=L18H19|ch=Q|med=none|live=L16H1+L16H21,186,0.26556396484375,0.44207763671875,14,L15H25,query_sentence,L18H19,Q,none,L16H1+L16H21,0.35382080078125,True
chain|src=L15H25|site=query_sentence|recv=L18H19|ch=Q|med=none|live=L16H1+L16H21,188,0.424346923828125,0.180419921875,14,L15H25,query_sentence,L18H19,Q,none,L16H1+L16H21,0.3023834228515625,True
chain|src=L15H25|site=query_sentence|recv=L18H19|ch=Q|med=none|live=L16H1+L16H21,192,0.11871337890625,0.12896728515625,14,L15H25,query_sentence,L18H19,Q,none,L16H1+L16H21,0.12384033203125,True
chain|src=L15H25|site=query_sentence|recv=L18H19|ch=Q|med=none|live=L16H1+L16H21,194,0.22613525390625,0.02166748046875,14,L15H25,query_sentence,L18H19,Q,none,L16H1+L16H21,0.1239013671875,True
chain|src=L15H25|site=query_sentence|recv=L18H19|ch=Q|med=none|live=L16H1+L16H21,196,0.14013671875,0.05908203125,14,L15H25,query_sentence,L18H19,Q,none,L16H1+L16H21,0.099609375,True
chain|src=L15H25|site=query_sentence|recv=L18H19|ch=Q|med=none|live=L16H1+L16H21,198,0.03240966796875,0.4814453125,14,L15H25,query_sentence,L18H19,Q,none,L16H1+L16H21,0.256927490234375,True
local|src=L26H23|site=colon|recv=residual_to_logits|ch=bypass|med=block27|live=none,0,0.111541748046875,-0.029296875,15,L26H23,colon,residual_to_logits,bypass,block27,none,0.0411224365234375,False
local|src=L26H23|site=colon|recv=residual_to_logits|ch=bypass|med=block27|live=none,2,-0.06396484375,-0.0415802001953125,15,L26H23,colon,residual_to_logits,bypass,block27,none,-0.05277252197265625,True
local|src=L26H23|site=colon|recv=residual_to_logits|ch=bypass|med=block27|live=none,4,-0.045654296875,-0.0755615234375,15,L26H23,colon,residual_to_logits,bypass,block27,none,-0.06060791015625,True
local|src=L26H23|site=colon|recv=residual_to_logits|ch=bypass|med=block27|live=none,6,0.02520751953125,0.02978515625,15,L26H23,colon,residual_to_logits,bypass,block27,none,0.027496337890625,True
local|src=L26H23|site=colon|recv=residual_to_logits|ch=bypass|med=block27|live=none,8,0.0673828125,0.0545654296875,15,L26H23,colon,residual_to_logits,bypass,block27,none,0.06097412109375,True
local|src=L26H23|site=colon|recv=residual_to_logits|ch=bypass|med=block27|live=none,12,-0.22784423828125,-0.049285888671875,15,L26H23,colon,residual_to_logits,bypass,block27,none,-0.1385650634765625,True
local|src=L26H23|site=colon|recv=residual_to_logits|ch=bypass|med=block27|live=none,14,-0.03045654296875,-0.046543121337890625,15,L26H23,colon,residual_to_logits,bypass,block27,none,-0.03849983215332031,True
local|src=L26H23|site=colon|recv=residual_to_logits|ch=bypass|med=block27|live=none,16,-0.04559326171875,-0.124267578125,15,L26H23,colon,residual_to_logits,bypass,block27,none,-0.084930419921875,True
local|src=L26H23|site=colon|recv=residual_to_logits|ch=bypass|med=block27|live=none,20,-0.14159202575683594,-0.04840087890625,15,L26H23,colon,residual_to_logits,bypass,block27,none,-0.09499645233154297,True
local|src=L26H23|site=colon|recv=residual_to_logits|ch=bypass|med=block27|live=none,24,-0.115081787109375,-0.14141845703125,15,L26H23,colon,residual_to_logits,bypass,block27,none,-0.1282501220703125,True
local|src=L26H23|site=colon|recv=residual_to_logits|ch=bypass|med=block27|live=none,26,0.002685546875,-0.039306640625,15,L26H23,colon,residual_to_logits,bypass,block27,none,-0.018310546875,False
local|src=L26H23|site=colon|recv=residual_to_logits|ch=bypass|med=block27|live=none,28,-0.089599609375,-0.171630859375,15,L26H23,colon,residual_to_logits,bypass,block27,none,-0.130615234375,True
local|src=L26H23|site=colon|recv=residual_to_logits|ch=bypass|med=block27|live=none,30,0.000640869140625,-0.04248046875,15,L26H23,colon,residual_to_logits,bypass,block27,none,-0.0209197998046875,False
local|src=L26H23|site=colon|recv=residual_to_logits|ch=bypass|med=block27|live=none,32,-0.019012451171875,0.0159912109375,15,L26H23,colon,residual_to_logits,bypass,block27,none,-0.0015106201171875,False
local|src=L26H23|site=colon|recv=residual_to_logits|ch=bypass|med=block27|live=none,34,0.095611572265625,-0.00604248046875,15,L26H23,colon,residual_to_logits,bypass,block27,none,0.0447845458984375,False
local|src=L26H23|site=colon|recv=residual_to_logits|ch=bypass|med=block27|live=none,36,-0.003204345703125,-0.034088134765625,15,L26H23,colon,residual_to_logits,bypass,block27,none,-0.018646240234375,True
local|src=L26H23|site=colon|recv=residual_to_logits|ch=bypass|med=block27|live=none,38,-0.197174072265625,-0.2049560546875,15,L26H23,colon,residual_to_logits,bypass,block27,none,-0.2010650634765625,True
local|src=L26H23|site=colon|recv=residual_to_logits|ch=bypass|med=block27|live=none,40,-0.54791259765625,-0.62176513671875,15,L26H23,colon,residual_to_logits,bypass,block27,none,-0.5848388671875,True
local|src=L26H23|site=colon|recv=residual_to_logits|ch=bypass|med=block27|live=none,44,-0.12158203125,-0.051666259765625,15,L26H23,colon,residual_to_logits,bypass,block27,none,-0.0866241455078125,True
local|src=L26H23|site=colon|recv=residual_to_logits|ch=bypass|med=block27|live=none,46,-0.38482666015625,-0.21099090576171875,15,L26H23,colon,residual_to_logits,bypass,block27,none,-0.2979087829589844,True
local|src=L26H23|site=colon|recv=residual_to_logits|ch=bypass|med=block27|live=none,48,-0.11263465881347656,-0.1319580078125,15,L26H23,colon,residual_to_logits,bypass,block27,none,-0.12229633331298828,True
local|src=L26H23|site=colon|recv=residual_to_logits|ch=bypass|med=block27|live=none,50,0.0037841796875,0.031494140625,15,L26H23,colon,residual_to_logits,bypass,block27,none,0.01763916015625,True
local|src=L26H23|site=colon|recv=residual_to_logits|ch=bypass|med=block27|live=none,52,-0.3598480224609375,-0.23305606842041016,15,L26H23,colon,residual_to_logits,bypass,block27,none,-0.29645204544067383,True
local|src=L26H23|site=colon|recv=residual_to_logits|ch=bypass|med=block27|live=none,54,-0.447784423828125,-0.19921875,15,L26H23,colon,residual_to_logits,bypass,block27,none,-0.3235015869140625,True
local|src=L26H23|site=colon|recv=residual_to_logits|ch=bypass|med=block27|live=none,56,-0.817626953125,-0.3382720947265625,15,L26H23,colon,residual_to_logits,bypass,block27,none,-0.5779495239257812,True
local|src=L26H23|site=colon|recv=residual_to_logits|ch=bypass|med=block27|live=none,58,-0.0565032958984375,-0.046875,15,L26H23,colon,residual_to_logits,bypass,block27,none,-0.05168914794921875,True
local|src=L26H23|site=colon|recv=residual_to_logits|ch=bypass|med=block27|live=none,60,-0.18335723876953125,-0.2232666015625,15,L26H23,colon,residual_to_logits,bypass,block27,none,-0.20331192016601562,True
local|src=L26H23|site=colon|recv=residual_to_logits|ch=bypass|med=block27|live=none,62,0.0498046875,-0.00496673583984375,15,L26H23,colon,residual_to_logits,bypass,block27,none,0.022418975830078125,False
local|src=L26H23|site=colon|recv=residual_to_logits|ch=bypass|med=block27|live=none,64,-0.1309051513671875,-0.05292510986328125,15,L26H23,colon,residual_to_logits,bypass,block27,none,-0.09191513061523438,True
local|src=L26H23|site=colon|recv=residual_to_logits|ch=bypass|med=block27|live=none,66,-0.09356689453125,-0.0457611083984375,15,L26H23,colon,residual_to_logits,bypass,block27,none,-0.06966400146484375,True
local|src=L26H23|site=colon|recv=residual_to_logits|ch=bypass|med=block27|live=none,68,-0.1953125,-0.0703125,15,L26H23,colon,residual_to_logits,bypass,block27,none,-0.1328125,True
local|src=L26H23|site=colon|recv=residual_to_logits|ch=bypass|med=block27|live=none,70,-0.0849609375,-0.11872482299804688,15,L26H23,colon,residual_to_logits,bypass,block27,none,-0.10184288024902344,True
local|src=L26H23|site=colon|recv=residual_to_logits|ch=bypass|med=block27|live=none,72,-0.12841796875,-0.23974609375,15,L26H23,colon,residual_to_logits,bypass,block27,none,-0.18408203125,True
local|src=L26H23|site=colon|recv=residual_to_logits|ch=bypass|med=block27|live=none,76,-0.570556640625,-0.5172119140625,15,L26H23,colon,residual_to_logits,bypass,block27,none,-0.54388427734375,True
local|src=L26H23|site=colon|recv=residual_to_logits|ch=bypass|med=block27|live=none,78,0.084381103515625,0.0244140625,15,L26H23,colon,residual_to_logits,bypass,block27,none,0.0543975830078125,True
local|src=L26H23|site=colon|recv=residual_to_logits|ch=bypass|med=block27|live=none,80,-0.0509033203125,-0.0235595703125,15,L26H23,colon,residual_to_logits,bypass,block27,none,-0.0372314453125,True
local|src=L26H23|site=colon|recv=residual_to_logits|ch=bypass|med=block27|live=none,82,-0.0592041015625,-0.036376953125,15,L26H23,colon,residual_to_logits,bypass,block27,none,-0.04779052734375,True
local|src=L26H23|site=colon|recv=residual_to_logits|ch=bypass|med=block27|live=none,84,-0.0283203125,0.03125,15,L26H23,colon,residual_to_logits,bypass,block27,none,0.00146484375,False
local|src=L26H23|site=colon|recv=residual_to_logits|ch=bypass|med=block27|live=none,86,-0.03076171875,-0.019561767578125,15,L26H23,colon,residual_to_logits,bypass,block27,none,-0.0251617431640625,True
local|src=L26H23|site=colon|recv=residual_to_logits|ch=bypass|med=block27|live=none,88,-0.2579345703125,-0.09906005859375,15,L26H23,colon,residual_to_logits,bypass,block27,none,-0.178497314453125,True
local|src=L26H23|site=colon|recv=residual_to_logits|ch=bypass|med=block27|live=none,90,-0.40380859375,-0.343048095703125,15,L26H23,colon,residual_to_logits,bypass,block27,none,-0.3734283447265625,True
local|src=L26H23|site=colon|recv=residual_to_logits|ch=bypass|med=block27|live=none,92,-0.2064208984375,-0.02886962890625,15,L26H23,colon,residual_to_logits,bypass,block27,none,-0.117645263671875,True
local|src=L26H23|site=colon|recv=residual_to_logits|ch=bypass|med=block27|live=none,94,0.1199493408203125,0.2322998046875,15,L26H23,colon,residual_to_logits,bypass,block27,none,0.17612457275390625,True
local|src=L26H23|site=colon|recv=residual_to_logits|ch=bypass|med=block27|live=none,96,-0.1401824951171875,-0.07861328125,15,L26H23,colon,residual_to_logits,bypass,block27,none,-0.10939788818359375,True
local|src=L26H23|site=colon|recv=residual_to_logits|ch=bypass|med=block27|live=none,98,-0.1350860595703125,-0.05352783203125,15,L26H23,colon,residual_to_logits,bypass,block27,none,-0.09430694580078125,True
local|src=L26H23|site=colon|recv=residual_to_logits|ch=bypass|med=block27|live=none,100,-0.03558349609375,-0.11865234375,15,L26H23,colon,residual_to_logits,bypass,block27,none,-0.077117919921875,True
local|src=L26H23|site=colon|recv=residual_to_logits|ch=bypass|med=block27|live=none,102,-0.0084228515625,0.0064697265625,15,L26H23,colon,residual_to_logits,bypass,block27,none,-0.0009765625,False
local|src=L26H23|site=colon|recv=residual_to_logits|ch=bypass|med=block27|live=none,104,0.18817138671875,0.202667236328125,15,L26H23,colon,residual_to_logits,bypass,block27,none,0.1954193115234375,True
local|src=L26H23|site=colon|recv=residual_to_logits|ch=bypass|med=block27|live=none,108,0.020513534545898438,0.013634681701660156,15,L26H23,colon,residual_to_logits,bypass,block27,none,0.017074108123779297,True
local|src=L26H23|site=colon|recv=residual_to_logits|ch=bypass|med=block27|live=none,110,-0.054443359375,-0.084228515625,15,L26H23,colon,residual_to_logits,bypass,block27,none,-0.0693359375,True
local|src=L26H23|site=colon|recv=residual_to_logits|ch=bypass|med=block27|live=none,112,0.1377410888671875,0.267822265625,15,L26H23,colon,residual_to_logits,bypass,block27,none,0.20278167724609375,True
local|src=L26H23|site=colon|recv=residual_to_logits|ch=bypass|med=block27|live=none,114,0.036865234375,-0.1724853515625,15,L26H23,colon,residual_to_logits,bypass,block27,none,-0.06781005859375,False
local|src=L26H23|site=colon|recv=residual_to_logits|ch=bypass|med=block27|live=none,116,-0.130126953125,-0.3238677978515625,15,L26H23,colon,residual_to_logits,bypass,block27,none,-0.22699737548828125,True
local|src=L26H23|site=colon|recv=residual_to_logits|ch=bypass|med=block27|live=none,118,0.0506591796875,0.055419921875,15,L26H23,colon,residual_to_logits,bypass,block27,none,0.05303955078125,True
local|src=L26H23|site=colon|recv=residual_to_logits|ch=bypass|med=block27|live=none,120,0.07137298583984375,0.1044921875,15,L26H23,colon,residual_to_logits,bypass,block27,none,0.08793258666992188,True
local|src=L26H23|site=colon|recv=residual_to_logits|ch=bypass|med=block27|live=none,122,-0.12668609619140625,-0.196533203125,15,L26H23,colon,residual_to_logits,bypass,block27,none,-0.16160964965820312,True
local|src=L26H23|site=colon|recv=residual_to_logits|ch=bypass|med=block27|live=none,124,-0.28411865234375,-0.2392578125,15,L26H23,colon,residual_to_logits,bypass,block27,none,-0.261688232421875,True
local|src=L26H23|site=colon|recv=residual_to_logits|ch=bypass|med=block27|live=none,126,-0.04119873046875,-0.0614013671875,15,L26H23,colon,residual_to_logits,bypass,block27,none,-0.051300048828125,True
local|src=L26H23|site=colon|recv=residual_to_logits|ch=bypass|med=block27|live=none,128,-0.024862289428710938,-0.1092529296875,15,L26H23,colon,residual_to_logits,bypass,block27,none,-0.06705760955810547,True
local|src=L26H23|site=colon|recv=residual_to_logits|ch=bypass|med=block27|live=none,130,-0.152618408203125,-0.214599609375,15,L26H23,colon,residual_to_logits,bypass,block27,none,-0.1836090087890625,True
local|src=L26H23|site=colon|recv=residual_to_logits|ch=bypass|med=block27|live=none,132,-0.32373046875,-0.556640625,15,L26H23,colon,residual_to_logits,bypass,block27,none,-0.440185546875,True
local|src=L26H23|site=colon|recv=residual_to_logits|ch=bypass|med=block27|live=none,134,-0.0533294677734375,-0.054351806640625,15,L26H23,colon,residual_to_logits,bypass,block27,none,-0.05384063720703125,True
local|src=L26H23|site=colon|recv=residual_to_logits|ch=bypass|med=block27|live=none,136,0.04345703125,0.13653564453125,15,L26H23,colon,residual_to_logits,bypass,block27,none,0.089996337890625,True
local|src=L26H23|site=colon|recv=residual_to_logits|ch=bypass|med=block27|live=none,138,0.01055908203125,0.019547462463378906,15,L26H23,colon,residual_to_logits,bypass,block27,none,0.015053272247314453,True
local|src=L26H23|site=colon|recv=residual_to_logits|ch=bypass|med=block27|live=none,140,-0.052001953125,-0.089630126953125,15,L26H23,colon,residual_to_logits,bypass,block27,none,-0.0708160400390625,True
local|src=L26H23|site=colon|recv=residual_to_logits|ch=bypass|med=block27|live=none,142,0.240478515625,0.05877685546875,15,L26H23,colon,residual_to_logits,bypass,block27,none,0.149627685546875,True
local|src=L26H23|site=colon|recv=residual_to_logits|ch=bypass|med=block27|live=none,148,-0.095703125,-0.016132354736328125,15,L26H23,colon,residual_to_logits,bypass,block27,none,-0.05591773986816406,True
local|src=L26H23|site=colon|recv=residual_to_logits|ch=bypass|med=block27|live=none,150,-0.00054931640625,-0.0654296875,15,L26H23,colon,residual_to_logits,bypass,block27,none,-0.032989501953125,True
local|src=L26H23|site=colon|recv=residual_to_logits|ch=bypass|med=block27|live=none,152,-0.14068603515625,-0.061580657958984375,15,L26H23,colon,residual_to_logits,bypass,block27,none,-0.10113334655761719,True
local|src=L26H23|site=colon|recv=residual_to_logits|ch=bypass|med=block27|live=none,154,0.04129791259765625,0.063232421875,15,L26H23,colon,residual_to_logits,bypass,block27,none,0.052265167236328125,True
local|src=L26H23|site=colon|recv=residual_to_logits|ch=bypass|med=block27|live=none,156,0.01177978515625,-0.02197265625,15,L26H23,colon,residual_to_logits,bypass,block27,none,-0.005096435546875,False
local|src=L26H23|site=colon|recv=residual_to_logits|ch=bypass|med=block27|live=none,158,-0.029296875,-0.0389404296875,15,L26H23,colon,residual_to_logits,bypass,block27,none,-0.03411865234375,True
local|src=L26H23|site=colon|recv=residual_to_logits|ch=bypass|med=block27|live=none,160,-0.0306854248046875,-0.16338348388671875,15,L26H23,colon,residual_to_logits,bypass,block27,none,-0.09703445434570312,True
local|src=L26H23|site=colon|recv=residual_to_logits|ch=bypass|med=block27|live=none,162,-0.063720703125,-0.0712890625,15,L26H23,colon,residual_to_logits,bypass,block27,none,-0.0675048828125,True
local|src=L26H23|site=colon|recv=residual_to_logits|ch=bypass|med=block27|live=none,166,-0.06365966796875,-0.06829833984375,15,L26H23,colon,residual_to_logits,bypass,block27,none,-0.06597900390625,True
local|src=L26H23|site=colon|recv=residual_to_logits|ch=bypass|med=block27|live=none,168,0.001953125,-0.0010986328125,15,L26H23,colon,residual_to_logits,bypass,block27,none,0.00042724609375,False
local|src=L26H23|site=colon|recv=residual_to_logits|ch=bypass|med=block27|live=none,170,-0.0518798828125,-0.0152587890625,15,L26H23,colon,residual_to_logits,bypass,block27,none,-0.0335693359375,True
local|src=L26H23|site=colon|recv=residual_to_logits|ch=bypass|med=block27|live=none,172,-0.0277099609375,-0.019775390625,15,L26H23,colon,residual_to_logits,bypass,block27,none,-0.02374267578125,True
local|src=L26H23|site=colon|recv=residual_to_logits|ch=bypass|med=block27|live=none,174,-0.00146484375,0.000732421875,15,L26H23,colon,residual_to_logits,bypass,block27,none,-0.0003662109375,False
local|src=L26H23|site=colon|recv=residual_to_logits|ch=bypass|med=block27|live=none,176,-0.06298828125,-0.267425537109375,15,L26H23,colon,residual_to_logits,bypass,block27,none,-0.1652069091796875,True
local|src=L26H23|site=colon|recv=residual_to_logits|ch=bypass|med=block27|live=none,178,-0.2279052734375,-0.23626708984375,15,L26H23,colon,residual_to_logits,bypass,block27,none,-0.232086181640625,True
local|src=L26H23|site=colon|recv=residual_to_logits|ch=bypass|med=block27|live=none,180,-0.11376953125,-0.0714263916015625,15,L26H23,colon,residual_to_logits,bypass,block27,none,-0.09259796142578125,True
local|src=L26H23|site=colon|recv=residual_to_logits|ch=bypass|med=block27|live=none,182,0.0458984375,0.066864013671875,15,L26H23,colon,residual_to_logits,bypass,block27,none,0.0563812255859375,True
local|src=L26H23|site=colon|recv=residual_to_logits|ch=bypass|med=block27|live=none,186,-0.15200042724609375,-0.1680908203125,15,L26H23,colon,residual_to_logits,bypass,block27,none,-0.16004562377929688,True
local|src=L26H23|site=colon|recv=residual_to_logits|ch=bypass|med=block27|live=none,188,0.04888916015625,0.10113525390625,15,L26H23,colon,residual_to_logits,bypass,block27,none,0.07501220703125,True
local|src=L26H23|site=colon|recv=residual_to_logits|ch=bypass|med=block27|live=none,192,-0.197998046875,-0.12872314453125,15,L26H23,colon,residual_to_logits,bypass,block27,none,-0.163360595703125,True
local|src=L26H23|site=colon|recv=residual_to_logits|ch=bypass|med=block27|live=none,194,-0.0526123046875,-0.22161865234375,15,L26H23,colon,residual_to_logits,bypass,block27,none,-0.137115478515625,True
local|src=L26H23|site=colon|recv=residual_to_logits|ch=bypass|med=block27|live=none,196,-0.27587890625,-0.15283203125,15,L26H23,colon,residual_to_logits,bypass,block27,none,-0.21435546875,True
local|src=L26H23|site=colon|recv=residual_to_logits|ch=bypass|med=block27|live=none,198,-0.046661376953125,-0.09423828125,15,L26H23,colon,residual_to_logits,bypass,block27,none,-0.0704498291015625,True
local|src=L8H15|site=query_sentence|recv=L18H19|ch=V|med=MLP8+MLP9|live=none,0,-0.07977294921875,-0.115478515625,16,L8H15,query_sentence,L18H19,V,MLP8+MLP9,none,-0.097625732421875,True
local|src=L8H15|site=query_sentence|recv=L18H19|ch=V|med=MLP8+MLP9|live=none,2,-0.109130859375,-0.0963897705078125,16,L8H15,query_sentence,L18H19,V,MLP8+MLP9,none,-0.10276031494140625,True
local|src=L8H15|site=query_sentence|recv=L18H19|ch=V|med=MLP8+MLP9|live=none,4,-0.2001953125,-0.15280914306640625,16,L8H15,query_sentence,L18H19,V,MLP8+MLP9,none,-0.17650222778320312,True
local|src=L8H15|site=query_sentence|recv=L18H19|ch=V|med=MLP8+MLP9|live=none,6,-0.1131591796875,-0.09423828125,16,L8H15,query_sentence,L18H19,V,MLP8+MLP9,none,-0.10369873046875,True
local|src=L8H15|site=query_sentence|recv=L18H19|ch=V|med=MLP8+MLP9|live=none,8,-0.08740234375,-0.06793212890625,16,L8H15,query_sentence,L18H19,V,MLP8+MLP9,none,-0.077667236328125,True
local|src=L8H15|site=query_sentence|recv=L18H19|ch=V|med=MLP8+MLP9|live=none,12,-0.1869049072265625,-0.218902587890625,16,L8H15,query_sentence,L18H19,V,MLP8+MLP9,none,-0.20290374755859375,True
local|src=L8H15|site=query_sentence|recv=L18H19|ch=V|med=MLP8+MLP9|live=none,14,-0.12213134765625,-0.1339111328125,16,L8H15,query_sentence,L18H19,V,MLP8+MLP9,none,-0.128021240234375,True
local|src=L8H15|site=query_sentence|recv=L18H19|ch=V|med=MLP8+MLP9|live=none,16,-0.1350860595703125,-0.1112060546875,16,L8H15,query_sentence,L18H19,V,MLP8+MLP9,none,-0.12314605712890625,True
local|src=L8H15|site=query_sentence|recv=L18H19|ch=V|med=MLP8+MLP9|live=none,20,-0.17595458030700684,-0.1729736328125,16,L8H15,query_sentence,L18H19,V,MLP8+MLP9,none,-0.17446410655975342,True
local|src=L8H15|site=query_sentence|recv=L18H19|ch=V|med=MLP8+MLP9|live=none,24,-0.271240234375,-0.164215087890625,16,L8H15,query_sentence,L18H19,V,MLP8+MLP9,none,-0.2177276611328125,True
local|src=L8H15|site=query_sentence|recv=L18H19|ch=V|med=MLP8+MLP9|live=none,26,-0.136474609375,-0.07177734375,16,L8H15,query_sentence,L18H19,V,MLP8+MLP9,none,-0.1041259765625,True
local|src=L8H15|site=query_sentence|recv=L18H19|ch=V|med=MLP8+MLP9|live=none,28,-0.13525390625,-0.0806884765625,16,L8H15,query_sentence,L18H19,V,MLP8+MLP9,none,-0.10797119140625,True
local|src=L8H15|site=query_sentence|recv=L18H19|ch=V|med=MLP8+MLP9|live=none,30,-0.159149169921875,-0.14764404296875,16,L8H15,query_sentence,L18H19,V,MLP8+MLP9,none,-0.1533966064453125,True
local|src=L8H15|site=query_sentence|recv=L18H19|ch=V|med=MLP8+MLP9|live=none,32,-0.1390228271484375,-0.1616058349609375,16,L8H15,query_sentence,L18H19,V,MLP8+MLP9,none,-0.1503143310546875,True
local|src=L8H15|site=query_sentence|recv=L18H19|ch=V|med=MLP8+MLP9|live=none,34,-0.17157745361328125,-0.1241455078125,16,L8H15,query_sentence,L18H19,V,MLP8+MLP9,none,-0.14786148071289062,True
local|src=L8H15|site=query_sentence|recv=L18H19|ch=V|med=MLP8+MLP9|live=none,36,-0.1923518180847168,-0.143798828125,16,L8H15,query_sentence,L18H19,V,MLP8+MLP9,none,-0.1680753231048584,True
local|src=L8H15|site=query_sentence|recv=L18H19|ch=V|med=MLP8+MLP9|live=none,38,-0.0440673828125,-0.0594482421875,16,L8H15,query_sentence,L18H19,V,MLP8+MLP9,none,-0.0517578125,True
local|src=L8H15|site=query_sentence|recv=L18H19|ch=V|med=MLP8+MLP9|live=none,40,-0.0178375244140625,-0.07598876953125,16,L8H15,query_sentence,L18H19,V,MLP8+MLP9,none,-0.04691314697265625,True
local|src=L8H15|site=query_sentence|recv=L18H19|ch=V|med=MLP8+MLP9|live=none,44,-0.18042707443237305,-0.25555419921875,16,L8H15,query_sentence,L18H19,V,MLP8+MLP9,none,-0.21799063682556152,True
local|src=L8H15|site=query_sentence|recv=L18H19|ch=V|med=MLP8+MLP9|live=none,46,-0.1558990478515625,-0.199005126953125,16,L8H15,query_sentence,L18H19,V,MLP8+MLP9,none,-0.17745208740234375,True
local|src=L8H15|site=query_sentence|recv=L18H19|ch=V|med=MLP8+MLP9|live=none,48,-0.09162139892578125,-0.0880126953125,16,L8H15,query_sentence,L18H19,V,MLP8+MLP9,none,-0.08981704711914062,True
local|src=L8H15|site=query_sentence|recv=L18H19|ch=V|med=MLP8+MLP9|live=none,50,-0.094970703125,-0.07080078125,16,L8H15,query_sentence,L18H19,V,MLP8+MLP9,none,-0.0828857421875,True
local|src=L8H15|site=query_sentence|recv=L18H19|ch=V|med=MLP8+MLP9|live=none,52,-0.0689697265625,-0.07860565185546875,16,L8H15,query_sentence,L18H19,V,MLP8+MLP9,none,-0.07378768920898438,True
local|src=L8H15|site=query_sentence|recv=L18H19|ch=V|med=MLP8+MLP9|live=none,54,-0.2545166015625,-0.2191162109375,16,L8H15,query_sentence,L18H19,V,MLP8+MLP9,none,-0.23681640625,True
local|src=L8H15|site=query_sentence|recv=L18H19|ch=V|med=MLP8+MLP9|live=none,56,-0.078338623046875,-0.0671844482421875,16,L8H15,query_sentence,L18H19,V,MLP8+MLP9,none,-0.07276153564453125,True
local|src=L8H15|site=query_sentence|recv=L18H19|ch=V|med=MLP8+MLP9|live=none,58,-0.1447429656982422,-0.1412353515625,16,L8H15,query_sentence,L18H19,V,MLP8+MLP9,none,-0.1429891586303711,True
local|src=L8H15|site=query_sentence|recv=L18H19|ch=V|med=MLP8+MLP9|live=none,60,-0.0750274658203125,-0.1541748046875,16,L8H15,query_sentence,L18H19,V,MLP8+MLP9,none,-0.11460113525390625,True
local|src=L8H15|site=query_sentence|recv=L18H19|ch=V|med=MLP8+MLP9|live=none,62,-0.193389892578125,-0.11126708984375,16,L8H15,query_sentence,L18H19,V,MLP8+MLP9,none,-0.1523284912109375,True
local|src=L8H15|site=query_sentence|recv=L18H19|ch=V|med=MLP8+MLP9|live=none,64,-0.0875244140625,-0.095489501953125,16,L8H15,query_sentence,L18H19,V,MLP8+MLP9,none,-0.0915069580078125,True
local|src=L8H15|site=query_sentence|recv=L18H19|ch=V|med=MLP8+MLP9|live=none,66,-0.1072998046875,-0.106536865234375,16,L8H15,query_sentence,L18H19,V,MLP8+MLP9,none,-0.1069183349609375,True
local|src=L8H15|site=query_sentence|recv=L18H19|ch=V|med=MLP8+MLP9|live=none,68,-0.16455078125,-0.179443359375,16,L8H15,query_sentence,L18H19,V,MLP8+MLP9,none,-0.1719970703125,True
local|src=L8H15|site=query_sentence|recv=L18H19|ch=V|med=MLP8+MLP9|live=none,70,-0.12158203125,-0.125335693359375,16,L8H15,query_sentence,L18H19,V,MLP8+MLP9,none,-0.1234588623046875,True
local|src=L8H15|site=query_sentence|recv=L18H19|ch=V|med=MLP8+MLP9|live=none,72,-0.09814453125,-0.1077880859375,16,L8H15,query_sentence,L18H19,V,MLP8+MLP9,none,-0.10296630859375,True
local|src=L8H15|site=query_sentence|recv=L18H19|ch=V|med=MLP8+MLP9|live=none,76,-0.1585693359375,-0.25115966796875,16,L8H15,query_sentence,L18H19,V,MLP8+MLP9,none,-0.204864501953125,True
local|src=L8H15|site=query_sentence|recv=L18H19|ch=V|med=MLP8+MLP9|live=none,78,-0.222900390625,-0.1734619140625,16,L8H15,query_sentence,L18H19,V,MLP8+MLP9,none,-0.19818115234375,True
local|src=L8H15|site=query_sentence|recv=L18H19|ch=V|med=MLP8+MLP9|live=none,80,-0.30517578125,-0.2952880859375,16,L8H15,query_sentence,L18H19,V,MLP8+MLP9,none,-0.30023193359375,True
local|src=L8H15|site=query_sentence|recv=L18H19|ch=V|med=MLP8+MLP9|live=none,82,-0.09130859375,-0.06982421875,16,L8H15,query_sentence,L18H19,V,MLP8+MLP9,none,-0.08056640625,True
local|src=L8H15|site=query_sentence|recv=L18H19|ch=V|med=MLP8+MLP9|live=none,84,-0.0668487548828125,-0.06884765625,16,L8H15,query_sentence,L18H19,V,MLP8+MLP9,none,-0.06784820556640625,True
local|src=L8H15|site=query_sentence|recv=L18H19|ch=V|med=MLP8+MLP9|live=none,86,-0.0570068359375,-0.0553741455078125,16,L8H15,query_sentence,L18H19,V,MLP8+MLP9,none,-0.05619049072265625,True
local|src=L8H15|site=query_sentence|recv=L18H19|ch=V|med=MLP8+MLP9|live=none,88,-0.0753173828125,-0.094390869140625,16,L8H15,query_sentence,L18H19,V,MLP8+MLP9,none,-0.0848541259765625,True
local|src=L8H15|site=query_sentence|recv=L18H19|ch=V|med=MLP8+MLP9|live=none,90,-0.17124176025390625,-0.23231935501098633,16,L8H15,query_sentence,L18H19,V,MLP8+MLP9,none,-0.2017805576324463,True
local|src=L8H15|site=query_sentence|recv=L18H19|ch=V|med=MLP8+MLP9|live=none,92,-0.18206787109375,-0.206787109375,16,L8H15,query_sentence,L18H19,V,MLP8+MLP9,none,-0.194427490234375,True
local|src=L8H15|site=query_sentence|recv=L18H19|ch=V|med=MLP8+MLP9|live=none,94,-0.112060546875,-0.333770751953125,16,L8H15,query_sentence,L18H19,V,MLP8+MLP9,none,-0.2229156494140625,True
local|src=L8H15|site=query_sentence|recv=L18H19|ch=V|med=MLP8+MLP9|live=none,96,-0.23854827880859375,-0.18017578125,16,L8H15,query_sentence,L18H19,V,MLP8+MLP9,none,-0.20936203002929688,True
local|src=L8H15|site=query_sentence|recv=L18H19|ch=V|med=MLP8+MLP9|live=none,98,-0.24117088317871094,-0.07635498046875,16,L8H15,query_sentence,L18H19,V,MLP8+MLP9,none,-0.15876293182373047,True
local|src=L8H15|site=query_sentence|recv=L18H19|ch=V|med=MLP8+MLP9|live=none,100,-0.1961822509765625,-0.0867919921875,16,L8H15,query_sentence,L18H19,V,MLP8+MLP9,none,-0.14148712158203125,True
local|src=L8H15|site=query_sentence|recv=L18H19|ch=V|med=MLP8+MLP9|live=none,102,-0.24085235595703125,-0.17578125,16,L8H15,query_sentence,L18H19,V,MLP8+MLP9,none,-0.20831680297851562,True
local|src=L8H15|site=query_sentence|recv=L18H19|ch=V|med=MLP8+MLP9|live=none,104,-0.03662109375,-0.067718505859375,16,L8H15,query_sentence,L18H19,V,MLP8+MLP9,none,-0.0521697998046875,True
local|src=L8H15|site=query_sentence|recv=L18H19|ch=V|med=MLP8+MLP9|live=none,108,-0.07584953308105469,-0.08048629760742188,16,L8H15,query_sentence,L18H19,V,MLP8+MLP9,none,-0.07816791534423828,True
local|src=L8H15|site=query_sentence|recv=L18H19|ch=V|med=MLP8+MLP9|live=none,110,-0.22705078125,-0.2503662109375,16,L8H15,query_sentence,L18H19,V,MLP8+MLP9,none,-0.23870849609375,True
local|src=L8H15|site=query_sentence|recv=L18H19|ch=V|med=MLP8+MLP9|live=none,112,0.02362823486328125,-0.072021484375,16,L8H15,query_sentence,L18H19,V,MLP8+MLP9,none,-0.024196624755859375,False
local|src=L8H15|site=query_sentence|recv=L18H19|ch=V|med=MLP8+MLP9|live=none,114,-0.1427001953125,-0.0828857421875,16,L8H15,query_sentence,L18H19,V,MLP8+MLP9,none,-0.11279296875,True
local|src=L8H15|site=query_sentence|recv=L18H19|ch=V|med=MLP8+MLP9|live=none,116,-0.24822998046875,-0.1060333251953125,16,L8H15,query_sentence,L18H19,V,MLP8+MLP9,none,-0.17713165283203125,True
local|src=L8H15|site=query_sentence|recv=L18H19|ch=V|med=MLP8+MLP9|live=none,118,-0.0135498046875,-0.1015625,16,L8H15,query_sentence,L18H19,V,MLP8+MLP9,none,-0.05755615234375,True
local|src=L8H15|site=query_sentence|recv=L18H19|ch=V|med=MLP8+MLP9|live=none,120,-0.082244873046875,-0.101806640625,16,L8H15,query_sentence,L18H19,V,MLP8+MLP9,none,-0.0920257568359375,True
local|src=L8H15|site=query_sentence|recv=L18H19|ch=V|med=MLP8+MLP9|live=none,122,-0.15716171264648438,-0.260650634765625,16,L8H15,query_sentence,L18H19,V,MLP8+MLP9,none,-0.2089061737060547,True
local|src=L8H15|site=query_sentence|recv=L18H19|ch=V|med=MLP8+MLP9|live=none,124,-0.165771484375,-0.18524169921875,16,L8H15,query_sentence,L18H19,V,MLP8+MLP9,none,-0.175506591796875,True
local|src=L8H15|site=query_sentence|recv=L18H19|ch=V|med=MLP8+MLP9|live=none,126,-0.06927490234375,-0.06664085388183594,16,L8H15,query_sentence,L18H19,V,MLP8+MLP9,none,-0.06795787811279297,True
local|src=L8H15|site=query_sentence|recv=L18H19|ch=V|med=MLP8+MLP9|live=none,128,-0.0518798828125,-0.06280517578125,16,L8H15,query_sentence,L18H19,V,MLP8+MLP9,none,-0.057342529296875,True
local|src=L8H15|site=query_sentence|recv=L18H19|ch=V|med=MLP8+MLP9|live=none,130,-0.20004653930664062,-0.1474609375,16,L8H15,query_sentence,L18H19,V,MLP8+MLP9,none,-0.1737537384033203,True
local|src=L8H15|site=query_sentence|recv=L18H19|ch=V|med=MLP8+MLP9|live=none,132,-0.10693359375,-0.24163818359375,16,L8H15,query_sentence,L18H19,V,MLP8+MLP9,none,-0.174285888671875,True
local|src=L8H15|site=query_sentence|recv=L18H19|ch=V|med=MLP8+MLP9|live=none,134,-0.109588623046875,-0.1104421615600586,16,L8H15,query_sentence,L18H19,V,MLP8+MLP9,none,-0.1100153923034668,True
local|src=L8H15|site=query_sentence|recv=L18H19|ch=V|med=MLP8+MLP9|live=none,136,-0.093505859375,-0.1412353515625,16,L8H15,query_sentence,L18H19,V,MLP8+MLP9,none,-0.11737060546875,True
local|src=L8H15|site=query_sentence|recv=L18H19|ch=V|med=MLP8+MLP9|live=none,138,-0.1365755796432495,-0.1518402099609375,16,L8H15,query_sentence,L18H19,V,MLP8+MLP9,none,-0.1442078948020935,True
local|src=L8H15|site=query_sentence|recv=L18H19|ch=V|med=MLP8+MLP9|live=none,140,-0.1090087890625,-0.1893310546875,16,L8H15,query_sentence,L18H19,V,MLP8+MLP9,none,-0.149169921875,True
local|src=L8H15|site=query_sentence|recv=L18H19|ch=V|med=MLP8+MLP9|live=none,142,-0.0458984375,-0.0667724609375,16,L8H15,query_sentence,L18H19,V,MLP8+MLP9,none,-0.05633544921875,True
local|src=L8H15|site=query_sentence|recv=L18H19|ch=V|med=MLP8+MLP9|live=none,148,-0.2412109375,-0.1530303955078125,16,L8H15,query_sentence,L18H19,V,MLP8+MLP9,none,-0.19712066650390625,True
local|src=L8H15|site=query_sentence|recv=L18H19|ch=V|med=MLP8+MLP9|live=none,150,-0.040740966796875,-0.0394287109375,16,L8H15,query_sentence,L18H19,V,MLP8+MLP9,none,-0.0400848388671875,True
local|src=L8H15|site=query_sentence|recv=L18H19|ch=V|med=MLP8+MLP9|live=none,152,-0.1811370849609375,-0.179840087890625,16,L8H15,query_sentence,L18H19,V,MLP8+MLP9,none,-0.18048858642578125,True
local|src=L8H15|site=query_sentence|recv=L18H19|ch=V|med=MLP8+MLP9|live=none,154,-0.04156494140625,-0.058837890625,16,L8H15,query_sentence,L18H19,V,MLP8+MLP9,none,-0.050201416015625,True
local|src=L8H15|site=query_sentence|recv=L18H19|ch=V|med=MLP8+MLP9|live=none,156,-0.050689697265625,-0.036865234375,16,L8H15,query_sentence,L18H19,V,MLP8+MLP9,none,-0.0437774658203125,True
local|src=L8H15|site=query_sentence|recv=L18H19|ch=V|med=MLP8+MLP9|live=none,158,-0.0682373046875,-0.08941650390625,16,L8H15,query_sentence,L18H19,V,MLP8+MLP9,none,-0.078826904296875,True
local|src=L8H15|site=query_sentence|recv=L18H19|ch=V|med=MLP8+MLP9|live=none,160,-0.20249557495117188,-0.121551513671875,16,L8H15,query_sentence,L18H19,V,MLP8+MLP9,none,-0.16202354431152344,True
local|src=L8H15|site=query_sentence|recv=L18H19|ch=V|med=MLP8+MLP9|live=none,162,-0.08935546875,-0.0516357421875,16,L8H15,query_sentence,L18H19,V,MLP8+MLP9,none,-0.07049560546875,True
local|src=L8H15|site=query_sentence|recv=L18H19|ch=V|med=MLP8+MLP9|live=none,166,-0.128631591796875,-0.067138671875,16,L8H15,query_sentence,L18H19,V,MLP8+MLP9,none,-0.0978851318359375,True
local|src=L8H15|site=query_sentence|recv=L18H19|ch=V|med=MLP8+MLP9|live=none,168,-0.059326171875,-0.0185546875,16,L8H15,query_sentence,L18H19,V,MLP8+MLP9,none,-0.0389404296875,True
local|src=L8H15|site=query_sentence|recv=L18H19|ch=V|med=MLP8+MLP9|live=none,170,-0.0211181640625,-0.0789794921875,16,L8H15,query_sentence,L18H19,V,MLP8+MLP9,none,-0.050048828125,True
local|src=L8H15|site=query_sentence|recv=L18H19|ch=V|med=MLP8+MLP9|live=none,172,-0.2060546875,-0.16339111328125,16,L8H15,query_sentence,L18H19,V,MLP8+MLP9,none,-0.184722900390625,True
local|src=L8H15|site=query_sentence|recv=L18H19|ch=V|med=MLP8+MLP9|live=none,174,-0.0166015625,0.00390625,16,L8H15,query_sentence,L18H19,V,MLP8+MLP9,none,-0.00634765625,False
local|src=L8H15|site=query_sentence|recv=L18H19|ch=V|med=MLP8+MLP9|live=none,176,-0.2174072265625,-0.233612060546875,16,L8H15,query_sentence,L18H19,V,MLP8+MLP9,none,-0.2255096435546875,True
local|src=L8H15|site=query_sentence|recv=L18H19|ch=V|med=MLP8+MLP9|live=none,178,-0.13443756103515625,-0.17718505859375,16,L8H15,query_sentence,L18H19,V,MLP8+MLP9,none,-0.15581130981445312,True
local|src=L8H15|site=query_sentence|recv=L18H19|ch=V|med=MLP8+MLP9|live=none,180,-0.0980224609375,-0.14593505859375,16,L8H15,query_sentence,L18H19,V,MLP8+MLP9,none,-0.121978759765625,True
local|src=L8H15|site=query_sentence|recv=L18H19|ch=V|med=MLP8+MLP9|live=none,182,-0.193603515625,-0.08367919921875,16,L8H15,query_sentence,L18H19,V,MLP8+MLP9,none,-0.138641357421875,True
local|src=L8H15|site=query_sentence|recv=L18H19|ch=V|med=MLP8+MLP9|live=none,186,-0.11883544921875,-0.309906005859375,16,L8H15,query_sentence,L18H19,V,MLP8+MLP9,none,-0.2143707275390625,True
local|src=L8H15|site=query_sentence|recv=L18H19|ch=V|med=MLP8+MLP9|live=none,188,-0.193603515625,-0.1505126953125,16,L8H15,query_sentence,L18H19,V,MLP8+MLP9,none,-0.17205810546875,True
local|src=L8H15|site=query_sentence|recv=L18H19|ch=V|med=MLP8+MLP9|live=none,192,-0.1309814453125,-0.17071533203125,16,L8H15,query_sentence,L18H19,V,MLP8+MLP9,none,-0.150848388671875,True
local|src=L8H15|site=query_sentence|recv=L18H19|ch=V|med=MLP8+MLP9|live=none,194,-0.221832275390625,-0.25579833984375,16,L8H15,query_sentence,L18H19,V,MLP8+MLP9,none,-0.2388153076171875,True
local|src=L8H15|site=query_sentence|recv=L18H19|ch=V|med=MLP8+MLP9|live=none,196,-0.1171875,-0.15185546875,16,L8H15,query_sentence,L18H19,V,MLP8+MLP9,none,-0.134521484375,True
local|src=L8H15|site=query_sentence|recv=L18H19|ch=V|med=MLP8+MLP9|live=none,198,-0.0595703125,-0.132080078125,16,L8H15,query_sentence,L18H19,V,MLP8+MLP9,none,-0.0958251953125,True
