id,direction,family,effect,order_delta
G2:L11H4:change,noise,0,0.0010986328125,0.000244140625
G2:L11H4:change,noise,16,-0.0003509521484375,-0.006561279296875
G2:L11H4:change,noise,32,-0.0027313232421875,0.002838134765625
G2:L11H4:change,noise,48,0.0003814697265625,-0.013153076171875
G2:L11H4:change,noise,56,0.001953125,0.000244140625
G2:L11H4:change,noise,64,0.0047607421875,0.008056640625
G2:L11H4:change,noise,82,-0.004608154296875,-0.00396728515625
G2:L11H4:change,noise,96,-0.001708984375,0.0263671875
G2:L11H4:change,noise,98,0.008636474609375,-0.01129150390625
G2:L11H4:change,noise,102,-0.0021209716796875,-0.001190185546875
G2:L11H4:change,noise,116,0.008819580078125,0.00494384765625
G2:L11H4:change,noise,130,0.002105712890625,-0.00177001953125
G2:L11H4:change,noise,150,0.003204345703125,-0.01068115234375
G2:L11H4:change,noise,154,0.00244140625,-0.00537109375
G2:L11H4:change,noise,162,-0.0037841796875,-0.010498046875
G2:L11H4:change,noise,176,-0.0045166015625,-0.004638671875
G2:L11H4:change,noise,178,0.0027008056640625,-0.008270263671875
G2:L11H4:change,noise,186,-0.0048828125,-0.007568359375
G2:L11H4:change,noise,192,0.00264739990234375,0.0064239501953125
G2:L11H4:change,noise,196,0.00335693359375,0.0050048828125
G2:L11H4:conditional,noise,0,-0.00543212890625,0.0194091796875
G2:L11H4:conditional,noise,16,0.03125,-0.01171875
G2:L11H4:conditional,noise,32,0.00616455078125,-0.0330810546875
G2:L11H4:conditional,noise,48,-0.017822265625,0.041015625
G2:L11H4:conditional,noise,56,0.01177978515625,-0.0045166015625
G2:L11H4:conditional,noise,64,-0.0042724609375,0.014404296875
G2:L11H4:conditional,noise,82,0.003509521484375,-0.00653076171875
G2:L11H4:conditional,noise,96,0.0295257568359375,-0.051300048828125
G2:L11H4:conditional,noise,98,0.04638671875,-0.1044921875
G2:L11H4:conditional,noise,102,-0.004791259765625,-0.00213623046875
G2:L11H4:conditional,noise,116,-0.011444091796875,0.02789306640625
G2:L11H4:conditional,noise,130,-0.02362060546875,0.0032958984375
G2:L11H4:conditional,noise,150,-0.0040283203125,0.001220703125
G2:L11H4:conditional,noise,154,-0.0059814453125,0.002197265625
G2:L11H4:conditional,noise,162,0.0345458984375,0.027099609375
G2:L11H4:conditional,noise,176,-0.013916015625,-0.0087890625
G2:L11H4:conditional,noise,178,0.00543212890625,-0.0242919921875
G2:L11H4:conditional,noise,186,0.01531982421875,-0.0208740234375
G2:L11H4:conditional,noise,192,0.02999114990234375,0.0083770751953125
G2:L11H4:conditional,noise,196,-0.01666259765625,0.0352783203125
G2:L11H7:change,noise,0,0.00775146484375,0.0086669921875
G2:L11H7:change,noise,16,-0.0069122314453125,-0.055816650390625
G2:L11H7:change,noise,32,-0.0137481689453125,-0.076812744140625
G2:L11H7:change,noise,48,0.011688232421875,0.00225830078125
G2:L11H7:change,noise,56,0.031219482421875,-0.04058837890625
G2:L11H7:change,noise,64,0.00384521484375,0.0054931640625
G2:L11H7:change,noise,82,-0.022064208984375,-0.02471923828125
G2:L11H7:change,noise,96,0.0403900146484375,0.008514404296875
G2:L11H7:change,noise,98,-0.037872314453125,0.08807373046875
G2:L11H7:change,noise,102,-0.01045989990234375,-0.0940399169921875
G2:L11H7:change,noise,116,-0.004730224609375,-0.00555419921875
G2:L11H7:change,noise,130,-0.022491455078125,-0.01800537109375
G2:L11H7:change,noise,150,-0.013214111328125,-0.04205322265625
G2:L11H7:change,noise,154,-0.01654052734375,-0.0250244140625
G2:L11H7:change,noise,162,-0.017822265625,-0.01611328125
G2:L11H7:change,noise,176,0.0068359375,0.0341796875
G2:L11H7:change,noise,178,-0.030544281005859375,-0.04448699951171875
G2:L11H7:change,noise,186,-0.01458740234375,0.0013427734375
G2:L11H7:change,noise,192,0.00908660888671875,0.0374908447265625
G2:L11H7:change,noise,196,0.0025634765625,-0.018798828125
G2:L11H7:conditional,noise,0,0.01629638671875,0.0321044921875
G2:L11H7:conditional,noise,16,-0.14306640625,0.00048828125
G2:L11H7:conditional,noise,32,-0.011474609375,0.1865234375
G2:L11H7:conditional,noise,48,0.047607421875,-0.03564453125
G2:L11H7:conditional,noise,56,0.138427734375,-0.13525390625
G2:L11H7:conditional,noise,64,0.0772705078125,-0.070556640625
G2:L11H7:conditional,noise,82,0.2081298828125,-0.207763671875
G2:L11H7:conditional,noise,96,-0.02259063720703125,0.2902679443359375
G2:L11H7:conditional,noise,98,-0.1737060546875,0.526123046875
G2:L11H7:conditional,noise,102,-0.226593017578125,-0.00872802734375
G2:L11H7:conditional,noise,116,0.043731689453125,-0.03753662109375
G2:L11H7:conditional,noise,130,0.1470947265625,-0.017822265625
G2:L11H7:conditional,noise,150,0.0313720703125,0.000244140625
G2:L11H7:conditional,noise,154,-0.1395263671875,0.221435546875
G2:L11H7:conditional,noise,162,-0.02294921875,0.0380859375
G2:L11H7:conditional,noise,176,0.1318359375,-0.0859375
G2:L11H7:conditional,noise,178,-0.07415771484375,-0.1483154296875
G2:L11H7:conditional,noise,186,0.17718505859375,0.1402587890625
G2:L11H7:conditional,noise,192,0.06133270263671875,0.0081939697265625
G2:L11H7:conditional,noise,196,-0.0638427734375,-0.159423828125
G2:L12H2:change,noise,0,-0.004425048828125,0.02923583984375
G2:L12H2:change,noise,16,0.0003509521484375,-0.015899658203125
G2:L12H2:change,noise,32,0.0241851806640625,-0.031707763671875
G2:L12H2:change,noise,48,-0.00885009765625,-0.00750732421875
G2:L12H2:change,noise,56,0.0077972412109375,-0.017669677734375
G2:L12H2:change,noise,64,0.00225830078125,-0.0006103515625
G2:L12H2:change,noise,82,0.00238037109375,0.0206298828125
G2:L12H2:change,noise,96,-0.00812530517578125,0.0242767333984375
G2:L12H2:change,noise,98,0.0240478515625,-0.0283203125
G2:L12H2:change,noise,102,-0.01007843017578125,-0.0058746337890625
G2:L12H2:change,noise,116,0.003509521484375,0.02557373046875
G2:L12H2:change,noise,130,-0.0037078857421875,0.009368896484375
G2:L12H2:change,noise,150,-0.002899169921875,-0.00286865234375
G2:L12H2:change,noise,154,-0.00732421875,0.0078125
G2:L12H2:change,noise,162,0.0015869140625,-0.006591796875
G2:L12H2:change,noise,176,-0.003173828125,0.01904296875
G2:L12H2:change,noise,178,0.003292083740234375,0.01244354248046875
G2:L12H2:change,noise,186,-0.0023193359375,-0.010498046875
G2:L12H2:change,noise,192,0.007843017578125,-0.03009033203125
G2:L12H2:change,noise,196,0.001220703125,0.00146484375
G2:L12H2:conditional,noise,0,0.0208740234375,-0.043212890625
G2:L12H2:conditional,noise,16,0.036865234375,-0.0087890625
G2:L12H2:conditional,noise,32,-0.024169921875,-0.0078125
G2:L12H2:conditional,noise,48,0.01171875,0.04345703125
G2:L12H2:conditional,noise,56,0.0208892822265625,0.009002685546875
G2:L12H2:conditional,noise,64,0.01513671875,0.0185546875
G2:L12H2:conditional,noise,82,0.0224609375,-0.0712890625
G2:L12H2:conditional,noise,96,-0.0342254638671875,-0.066009521484375
G2:L12H2:conditional,noise,98,0.0936279296875,-0.210693359375
G2:L12H2:conditional,noise,102,0.008636474609375,0.02960205078125
G2:L12H2:conditional,noise,116,0.068756103515625,-0.07342529296875
G2:L12H2:conditional,noise,130,0.04766845703125,-0.0357666015625
G2:L12H2:conditional,noise,150,0.01806640625,0.0078125
G2:L12H2:conditional,noise,154,0.0040283203125,-0.049072265625
G2:L12H2:conditional,noise,162,-0.0535888671875,-0.035888671875
G2:L12H2:conditional,noise,176,0.0318603515625,-0.015380859375
G2:L12H2:conditional,noise,178,0.05499267578125,-0.0921630859375
G2:L12H2:conditional,noise,186,0.003173828125,0.029296875
G2:L12H2:conditional,noise,192,-0.039215087890625,0.00054931640625
G2:L12H2:conditional,noise,196,-0.038818359375,0.02099609375
G2:L14H23:change,noise,0,-0.041717529296875,0.05523681640625
G2:L14H23:change,noise,16,-0.020172119140625,0.04217529296875
G2:L14H23:change,noise,32,-0.0857248306274414,0.06146049499511719
G2:L14H23:change,noise,48,-0.00234222412109375,-0.1092987060546875
G2:L14H23:change,noise,56,0.02439117431640625,-0.0172882080078125
G2:L14H23:change,noise,64,-0.01165771484375,-0.0152587890625
G2:L14H23:change,noise,82,-0.012420654296875,0.04583740234375
G2:L14H23:change,noise,96,0.03432464599609375,-0.2228546142578125
G2:L14H23:change,noise,98,-0.084808349609375,0.14263916015625
G2:L14H23:change,noise,102,0.03290557861328125,-0.0867767333984375
G2:L14H23:change,noise,116,0.061859130859375,-0.09307861328125
G2:L14H23:change,noise,130,-0.0297698974609375,-0.057159423828125
G2:L14H23:change,noise,150,0.0299072265625,-0.058349609375
G2:L14H23:change,noise,154,0.024658203125,-0.0478515625
G2:L14H23:change,noise,162,-0.0146484375,0.009765625
G2:L14H23:change,noise,176,-0.01025390625,-0.03173828125
G2:L14H23:change,noise,178,0.042621612548828125,-0.03682708740234375
G2:L14H23:change,noise,186,0.00347900390625,-0.0450439453125
G2:L14H23:change,noise,192,0.0123748779296875,-0.052093505859375
G2:L14H23:change,noise,196,-0.02545166015625,0.0040283203125
G2:L14H23:conditional,noise,0,0.107086181640625,0.04083251953125
G2:L14H23:conditional,noise,16,-0.05877685546875,-0.0521240234375
G2:L14H23:conditional,noise,32,0.1337890625,0.2900390625
G2:L14H23:conditional,noise,48,-0.194580078125,0.40869140625
G2:L14H23:conditional,noise,56,0.10111236572265625,0.2689666748046875
G2:L14H23:conditional,noise,64,-0.2696533203125,-0.008544921875
G2:L14H23:conditional,noise,82,0.0272216796875,-0.432373046875
G2:L14H23:conditional,noise,96,-0.868194580078125,0.19476318359375
G2:L14H23:conditional,noise,98,-0.41650390625,0.7626953125
G2:L14H23:conditional,noise,102,-0.27850341796875,0.3363037109375
G2:L14H23:conditional,noise,116,-0.437103271484375,0.83770751953125
G2:L14H23:conditional,noise,130,-0.07513427734375,0.1346435546875
G2:L14H23:conditional,noise,150,-0.0693359375,0.0927734375
G2:L14H23:conditional,noise,154,-0.266357421875,0.61181640625
G2:L14H23:conditional,noise,162,-0.184814453125,-0.18408203125
G2:L14H23:conditional,noise,176,-0.1302490234375,0.107177734375
G2:L14H23:conditional,noise,178,-0.28863525390625,0.8905029296875
G2:L14H23:conditional,noise,186,-0.28607177734375,0.5906982421875
G2:L14H23:conditional,noise,192,-0.3364410400390625,0.679229736328125
G2:L14H23:conditional,noise,196,-0.33355712890625,0.3721923828125
G2:L15H3:change,noise,0,0.02642822265625,-0.0272216796875
G2:L15H3:change,noise,16,-0.005859375,-0.009765625
G2:L15H3:change,noise,32,-0.0255126953125,0.005615234375
G2:L15H3:change,noise,48,1.9073486328125e-06,-0.012577056884765625
G2:L15H3:change,noise,56,-0.001678466796875,-0.0064697265625
G2:L15H3:change,noise,64,0.00048828125,0.00634765625
G2:L15H3:change,noise,82,0.00213623046875,0.0504150390625
G2:L15H3:change,noise,96,0.028564453125,-0.06396484375
G2:L15H3:change,noise,98,-0.0030517578125,0.031982421875
G2:L15H3:change,noise,102,0.01679229736328125,-0.0189056396484375
G2:L15H3:change,noise,116,0.028411865234375,-0.05645751953125
G2:L15H3:change,noise,130,0.0052337646484375,0.003692626953125
G2:L15H3:change,noise,150,0.01226806640625,-0.0252685546875
G2:L15H3:change,noise,154,0.0283203125,-0.01611328125
G2:L15H3:change,noise,162,0.001953125,0.0
G2:L15H3:change,noise,176,0.0047607421875,-0.011962890625
G2:L15H3:change,noise,178,-0.004734039306640625,-0.03339385986328125
G2:L15H3:change,noise,186,0.01416015625,-0.022705078125
G2:L15H3:change,noise,192,-0.0035247802734375,-0.036895751953125
G2:L15H3:change,noise,196,-0.01080322265625,0.0235595703125
G2:L15H3:conditional,noise,0,-0.03826904296875,0.1304931640625
G2:L15H3:conditional,noise,16,0.0179443359375,-0.094970703125
G2:L15H3:conditional,noise,32,-0.0399169921875,-0.024658203125
G2:L15H3:conditional,noise,48,-0.0672607421875,-0.009521484375
G2:L15H3:conditional,noise,56,-0.0479278564453125,-0.109222412109375
G2:L15H3:conditional,noise,64,-0.12841796875,0.080078125
G2:L15H3:conditional,noise,82,-0.0643310546875,-0.208251953125
G2:L15H3:conditional,noise,96,-0.391143798828125,0.42864990234375
G2:L15H3:conditional,noise,98,-0.08837890625,0.1884765625
G2:L15H3:conditional,noise,102,-0.16387939453125,0.0328369140625
G2:L15H3:conditional,noise,116,-0.278289794921875,0.28033447265625
G2:L15H3:conditional,noise,130,-0.0399169921875,-0.018798828125
G2:L15H3:conditional,noise,150,-0.04864501953125,0.0589599609375
G2:L15H3:conditional,noise,154,-0.1212158203125,0.273681640625
G2:L15H3:conditional,noise,162,0.048583984375,-0.12353515625
G2:L15H3:conditional,noise,176,-0.0206298828125,0.016357421875
G2:L15H3:conditional,noise,178,-0.19842529296875,0.0762939453125
G2:L15H3:conditional,noise,186,-0.19342041015625,0.1036376953125
G2:L15H3:conditional,noise,192,-0.1180877685546875,0.112640380859375
G2:L15H3:conditional,noise,196,-0.12799072265625,0.0040283203125
G2:L16H16:change,noise,0,-0.0035400390625,0.007568359375
G2:L16H16:change,noise,16,0.0002288818359375,-0.005401611328125
G2:L16H16:change,noise,32,-0.0037384033203125,0.014495849609375
G2:L16H16:change,noise,48,-0.002716064453125,-0.00372314453125
G2:L16H16:change,noise,56,0.0047149658203125,-0.024322509765625
G2:L16H16:change,noise,64,0.0013427734375,0.013427734375
G2:L16H16:change,noise,82,0.001922607421875,-0.00189208984375
G2:L16H16:change,noise,96,-0.0062103271484375,0.015899658203125
G2:L16H16:change,noise,98,0.00189208984375,-0.0130615234375
G2:L16H16:change,noise,102,-0.0018768310546875,0.005157470703125
G2:L16H16:change,noise,116,0.00506591796875,0.0111083984375
G2:L16H16:change,noise,130,0.003173828125,0.00146484375
G2:L16H16:change,noise,150,-0.0068359375,-0.0087890625
G2:L16H16:change,noise,154,6.103515625e-05,-0.0128173828125
G2:L16H16:change,noise,162,0.0010986328125,0.002197265625
G2:L16H16:change,noise,176,-0.0068359375,-0.0048828125
G2:L16H16:change,noise,178,-0.00925445556640625,0.0156707763671875
G2:L16H16:change,noise,186,-0.00830078125,0.013671875
G2:L16H16:change,noise,192,-0.014028966426849365,0.0055969953536987305
G2:L16H16:change,noise,196,-0.001861572265625,-0.00604248046875
G2:L16H16:conditional,noise,0,-0.0010986328125,-0.033935546875
G2:L16H16:conditional,noise,16,-0.00860595703125,0.0067138671875
G2:L16H16:conditional,noise,32,0.0225830078125,-0.091552734375
G2:L16H16:conditional,noise,48,0.0181884765625,-0.046630859375
G2:L16H16:conditional,noise,56,0.0223541259765625,-0.057403564453125
G2:L16H16:conditional,noise,64,0.047607421875,-0.03173828125
G2:L16H16:conditional,noise,82,-0.004302978515625,-0.03192138671875
G2:L16H16:conditional,noise,96,0.0290679931640625,-0.132293701171875
G2:L16H16:conditional,noise,98,0.0111083984375,-0.003662109375
G2:L16H16:conditional,noise,102,0.016448974609375,0.00811767578125
G2:L16H16:conditional,noise,116,0.00823974609375,-0.0294189453125
G2:L16H16:conditional,noise,130,0.0133056640625,-0.007080078125
G2:L16H16:conditional,noise,150,0.01513671875,-0.015625
G2:L16H16:conditional,noise,154,-0.0179443359375,0.032958984375
G2:L16H16:conditional,noise,162,0.0294189453125,-0.093505859375
G2:L16H16:conditional,noise,176,0.0045166015625,-0.054443359375
G2:L16H16:conditional,noise,178,0.0390625,-0.1044921875
G2:L16H16:conditional,noise,186,0.045166015625,-0.0986328125
G2:L16H16:conditional,noise,192,0.031076014041900635,-0.09486687183380127
G2:L16H16:conditional,noise,196,0.016693115234375,-0.02166748046875
G2:L16H1:change,noise,0,-0.089996337890625,0.11004638671875
G2:L16H1:change,noise,16,-0.0196075439453125,-0.009429931640625
G2:L16H1:change,noise,32,-0.1097412109375,0.305419921875
G2:L16H1:change,noise,48,-0.10831069946289062,0.08025360107421875
G2:L16H1:change,noise,56,0.0619659423828125,-0.144256591796875
G2:L16H1:change,noise,64,0.0074462890625,0.050537109375
G2:L16H1:change,noise,82,-0.04803466796875,-0.0601806640625
G2:L16H1:change,noise,96,-0.20406341552734375,0.4986114501953125
G2:L16H1:change,noise,98,-0.094207763671875,-0.16815185546875
G2:L16H1:change,noise,102,-0.09210205078125,0.0804443359375
G2:L16H1:change,noise,116,-0.1172332763671875,0.257720947265625
G2:L16H1:change,noise,130,-0.02436065673828125,0.0189361572265625
G2:L16H1:change,noise,150,-0.078094482421875,0.04058837890625
G2:L16H1:change,noise,154,-0.119873046875,0.19580078125
G2:L16H1:change,noise,162,-0.0975341796875,-0.110107421875
G2:L16H1:change,noise,176,-0.0093994140625,0.112548828125
G2:L16H1:change,noise,178,-0.06829452514648438,0.19641876220703125
G2:L16H1:change,noise,186,-0.19598388671875,0.2623291015625
G2:L16H1:change,noise,192,-0.1409149169921875,0.542816162109375
G2:L16H1:change,noise,196,0.0179443359375,-0.125732421875
G2:L16H1:conditional,noise,0,0.29412841796875,-0.6534423828125
G2:L16H1:conditional,noise,16,0.60382080078125,-0.4080810546875
G2:L16H1:conditional,noise,32,0.448974609375,-0.58251953125
G2:L16H1:conditional,noise,48,0.82666015625,-0.7783203125
G2:L16H1:conditional,noise,56,0.512237548828125,-0.36187744140625
G2:L16H1:conditional,noise,64,0.8206787109375,-0.436279296875
G2:L16H1:conditional,noise,82,0.4554443359375,-0.042236328125
G2:L16H1:conditional,noise,96,1.234710693359375,-1.58966064453125
G2:L16H1:conditional,noise,98,1.2869873046875,-1.914794921875
G2:L16H1:conditional,noise,102,0.4853515625,-0.37109375
G2:L16H1:conditional,noise,116,1.2738189697265625,-1.306854248046875
G2:L16H1:conditional,noise,130,0.46575927734375,-0.5584716796875
G2:L16H1:conditional,noise,150,0.638671875,0.16845703125
G2:L16H1:conditional,noise,154,0.65625,-0.7529296875
G2:L16H1:conditional,noise,162,1.2010498046875,-0.279541015625
G2:L16H1:conditional,noise,176,0.3367919921875,-0.372802734375
G2:L16H1:conditional,noise,178,0.821533203125,-0.94580078125
G2:L16H1:conditional,noise,186,1.60791015625,-1.39794921875
G2:L16H1:conditional,noise,192,1.1528472900390625,-1.557403564453125
G2:L16H1:conditional,noise,196,0.89056396484375,-1.0330810546875
G2:L16H21:change,noise,0,-0.035247802734375,0.04766845703125
G2:L16H21:change,noise,16,-0.0462188720703125,-0.105621337890625
G2:L16H21:change,noise,32,-0.1335296630859375,0.207061767578125
G2:L16H21:change,noise,48,-0.047084808349609375,-0.15926361083984375
G2:L16H21:change,noise,56,0.02783203125,-0.127685546875
G2:L16H21:change,noise,64,0.0343017578125,0.068603515625
G2:L16H21:change,noise,82,-0.16424560546875,-0.3619384765625
G2:L16H21:change,noise,96,-0.06250762939453125,0.2680511474609375
G2:L16H21:change,noise,98,-0.0988311767578125,-0.357086181640625
G2:L16H21:change,noise,102,-0.18715667724609375,-0.1023406982421875
G2:L16H21:change,noise,116,-0.0828857421875,0.265380859375
G2:L16H21:change,noise,130,-0.003955841064453125,-0.03212738037109375
G2:L16H21:change,noise,150,0.038543701171875,0.07952880859375
G2:L16H21:change,noise,154,-0.0709228515625,0.231201171875
G2:L16H21:change,noise,162,-0.0634765625,-0.1845703125
G2:L16H21:change,noise,176,0.0660400390625,0.271240234375
G2:L16H21:change,noise,178,0.052387237548828125,0.29764556884765625
G2:L16H21:change,noise,186,-0.071197509765625,-0.04327392578125
G2:L16H21:change,noise,192,0.0148468017578125,0.631195068359375
G2:L16H21:change,noise,196,-0.0006103515625,-0.051513671875
G2:L16H21:conditional,noise,0,0.170867919921875,-0.01861572265625
G2:L16H21:conditional,noise,16,0.62548828125,0.46728515625
G2:L16H21:conditional,noise,32,0.735107421875,0.32080078125
G2:L16H21:conditional,noise,48,0.35150146484375,0.9644775390625
G2:L16H21:conditional,noise,56,0.94781494140625,0.8509521484375
G2:L16H21:conditional,noise,64,0.043212890625,0.74365234375
G2:L16H21:conditional,noise,82,0.6983642578125,1.268798828125
G2:L16H21:conditional,noise,96,1.2058258056640625,0.405303955078125
G2:L16H21:conditional,noise,98,0.8355712890625,-0.504150390625
G2:L16H21:conditional,noise,102,0.8966064453125,-0.427490234375
G2:L16H21:conditional,noise,116,1.8193359375,-0.2421875
G2:L16H21:conditional,noise,130,0.41259765625,-0.162109375
G2:L16H21:conditional,noise,150,0.3497314453125,0.329833984375
G2:L16H21:conditional,noise,154,1.17919921875,0.30859375
G2:L16H21:conditional,noise,162,1.041748046875,0.71240234375
G2:L16H21:conditional,noise,176,0.888916015625,0.59228515625
G2:L16H21:conditional,noise,178,1.889495849609375,2.31170654296875
G2:L16H21:conditional,noise,186,1.56390380859375,2.1282958984375
G2:L16H21:conditional,noise,192,1.2868194580078125,0.094573974609375
G2:L16H21:conditional,noise,196,0.2869873046875,0.564697265625
G2:L16H24:change,noise,0,0.002685546875,-0.01220703125
G2:L16H24:change,noise,16,0.0095977783203125,-0.017913818359375
G2:L16H24:change,noise,32,-0.014617919921875,0.08062744140625
G2:L16H24:change,noise,48,-0.00344085693359375,-0.0532379150390625
G2:L16H24:change,noise,56,0.00511932373046875,-0.0175628662109375
G2:L16H24:change,noise,64,0.00933837890625,0.0018310546875
G2:L16H24:change,noise,82,-0.00152587890625,0.0145263671875
G2:L16H24:change,noise,96,0.0468292236328125,-0.037200927734375
G2:L16H24:change,noise,98,0.0252685546875,-0.013916015625
G2:L16H24:change,noise,102,0.01113128662109375,0.0037078857421875
G2:L16H24:change,noise,116,-0.001556396484375,0.01153564453125
G2:L16H24:change,noise,130,0.0184173583984375,0.003692626953125
G2:L16H24:change,noise,150,0.021331787109375,-0.01153564453125
G2:L16H24:change,noise,154,0.015472412109375,-0.03582763671875
G2:L16H24:change,noise,162,0.00244140625,0.033203125
G2:L16H24:change,noise,176,0.0062255859375,0.006103515625
G2:L16H24:change,noise,178,0.03145027160644531,0.017002105712890625
G2:L16H24:change,noise,186,0.01849365234375,-0.0382080078125
G2:L16H24:change,noise,192,0.032314300537109375,-0.01750946044921875
G2:L16H24:change,noise,196,-0.01019287109375,0.0145263671875
G2:L16H24:conditional,noise,0,0.00201416015625,0.1251220703125
G2:L16H24:conditional,noise,16,-0.2054443359375,0.256103515625
G2:L16H24:conditional,noise,32,0.04559326171875,0.0408935546875
G2:L16H24:conditional,noise,48,0.0111083984375,0.257568359375
G2:L16H24:conditional,noise,56,-0.00086212158203125,0.0573883056640625
G2:L16H24:conditional,noise,64,-0.178955078125,0.28564453125
G2:L16H24:conditional,noise,82,0.0262451171875,-0.17626953125
G2:L16H24:conditional,noise,96,-0.11431884765625,0.5399169921875
G2:L16H24:conditional,noise,98,0.0755615234375,-0.129638671875
G2:L16H24:conditional,noise,102,-0.06494140625,-0.0400390625
G2:L16H24:conditional,noise,116,-0.018402099609375,0.08331298828125
G2:L16H24:conditional,noise,130,-0.06072998046875,0.0902099609375
G2:L16H24:conditional,noise,150,-0.0906982421875,-0.093017578125
G2:L16H24:conditional,noise,154,0.0223388671875,0.261962890625
G2:L16H24:conditional,noise,162,-0.23046875,0.1083984375
G2:L16H24:conditional,noise,176,-0.001220703125,0.0986328125
G2:L16H24:conditional,noise,178,-0.10845947265625,0.3104248046875
G2:L16H24:conditional,noise,186,-0.175537109375,0.59326171875
G2:L16H24:conditional,noise,192,-0.023838043212890625,0.18854522705078125
G2:L16H24:conditional,noise,196,-0.12200927734375,0.1971435546875
G2:L16H31:change,noise,0,0.02069091796875,-0.0133056640625
G2:L16H31:change,noise,16,0.01220703125,-0.00927734375
G2:L16H31:change,noise,32,0.0268402099609375,-0.038116455078125
G2:L16H31:change,noise,48,0.0352783203125,-0.0697021484375
G2:L16H31:change,noise,56,-0.0115509033203125,0.019500732421875
G2:L16H31:change,noise,64,0.00775146484375,-0.0072021484375
G2:L16H31:change,noise,82,0.00463104248046875,-0.0178070068359375
G2:L16H31:change,noise,96,0.035984039306640625,-0.06133270263671875
G2:L16H31:change,noise,98,-0.013580322265625,0.04754638671875
G2:L16H31:change,noise,102,0.00315093994140625,-0.0070037841796875
G2:L16H31:change,noise,116,0.021240234375,-0.03564453125
G2:L16H31:change,noise,130,-0.0020904541015625,0.011016845703125
G2:L16H31:change,noise,150,0.019134521484375,-0.04962158203125
G2:L16H31:change,noise,154,0.0123291015625,-0.022216796875
G2:L16H31:change,noise,162,-0.009033203125,0.02783203125
G2:L16H31:change,noise,176,0.005615234375,-0.02099609375
G2:L16H31:change,noise,178,0.0011692047119140625,-0.015239715576171875
G2:L16H31:change,noise,186,0.02630615234375,-0.0469970703125
G2:L16H31:change,noise,192,0.0473175048828125,-0.125640869140625
G2:L16H31:change,noise,196,-0.02520751953125,0.0523681640625
G2:L16H31:conditional,noise,0,-0.087646484375,0.1689453125
G2:L16H31:conditional,noise,16,-0.20001220703125,0.3055419921875
G2:L16H31:conditional,noise,32,-0.10772705078125,0.1956787109375
G2:L16H31:conditional,noise,48,-0.2513427734375,0.398193359375
G2:L16H31:conditional,noise,56,-0.080841064453125,0.10113525390625
G2:L16H31:conditional,noise,64,-0.1219482421875,0.188232421875
G2:L16H31:conditional,noise,82,-0.08301544189453125,0.1467437744140625
G2:L16H31:conditional,noise,96,-0.3536376953125,0.562744140625
G2:L16H31:conditional,noise,98,-0.1046142578125,0.283447265625
G2:L16H31:conditional,noise,102,-0.077606201171875,0.10443115234375
G2:L16H31:conditional,noise,116,-0.2420654296875,0.412353515625
G2:L16H31:conditional,noise,130,-0.04010009765625,0.0821533203125
G2:L16H31:conditional,noise,150,-0.06390380859375,0.0792236328125
G2:L16H31:conditional,noise,154,-0.125732421875,0.20751953125
G2:L16H31:conditional,noise,162,-0.24267578125,0.41015625
G2:L16H31:conditional,noise,176,-0.0870361328125,0.191162109375
G2:L16H31:conditional,noise,178,-0.2041015625,0.365234375
G2:L16H31:conditional,noise,186,-0.336181640625,0.611328125
G2:L16H31:conditional,noise,192,-0.2480316162109375,0.422576904296875
G2:L16H31:conditional,noise,196,-0.25225830078125,0.2740478515625
G2:L16H4:change,noise,0,-0.002166748046875,-0.01116943359375
G2:L16H4:change,noise,16,-0.0059356689453125,-0.008941650390625
G2:L16H4:change,noise,32,-0.008514404296875,0.03033447265625
G2:L16H4:change,noise,48,-0.001373291015625,-0.00067138671875
G2:L16H4:change,noise,56,0.000152587890625,-0.01055908203125
G2:L16H4:change,noise,64,0.000732421875,0.01513671875
G2:L16H4:change,noise,82,0.002685546875,0.00390625
G2:L16H4:change,noise,96,-0.00237274169921875,0.0142974853515625
G2:L16H4:change,noise,98,0.00689697265625,0.0079345703125
G2:L16H4:change,noise,102,0.0007171630859375,-0.015655517578125
G2:L16H4:change,noise,116,-0.002227783203125,0.00823974609375
G2:L16H4:change,noise,130,0.0025787353515625,0.010955810546875
G2:L16H4:change,noise,150,-0.001556396484375,-0.00848388671875
G2:L16H4:change,noise,154,-0.00543212890625,-0.0096435546875
G2:L16H4:change,noise,162,0.00048828125,-0.00390625
G2:L16H4:change,noise,176,-0.0006103515625,-0.011474609375
G2:L16H4:change,noise,178,-0.00074005126953125,0.0063323974609375
G2:L16H4:change,noise,186,-0.0076904296875,0.00390625
G2:L16H4:change,noise,192,0.002559661865234375,-0.00048065185546875
G2:L16H4:change,noise,196,0.003997802734375,-0.00604248046875
G2:L16H4:conditional,noise,0,-0.01092529296875,-0.0257568359375
G2:L16H4:conditional,noise,16,0.0396728515625,-0.043701171875
G2:L16H4:conditional,noise,32,0.03729248046875,-0.0079345703125
G2:L16H4:conditional,noise,48,0.0284423828125,0.007568359375
G2:L16H4:conditional,noise,56,-0.013641357421875,0.01312255859375
G2:L16H4:conditional,noise,64,0.049560546875,-0.02978515625
G2:L16H4:conditional,noise,82,0.00848388671875,-0.0067138671875
G2:L16H4:conditional,noise,96,0.047393798828125,-0.04046630859375
G2:L16H4:conditional,noise,98,-0.01318359375,-0.0439453125
G2:L16H4:conditional,noise,102,-0.0252685546875,0.048583984375
G2:L16H4:conditional,noise,116,0.060516357421875,-0.08599853515625
G2:L16H4:conditional,noise,130,-0.00811767578125,0.0006103515625
G2:L16H4:conditional,noise,150,0.02825927734375,0.0638427734375
G2:L16H4:conditional,noise,154,-0.0233154296875,0.031982421875
G2:L16H4:conditional,noise,162,-0.025390625,0.029296875
G2:L16H4:conditional,noise,176,-0.031982421875,0.009765625
G2:L16H4:conditional,noise,178,0.05328369140625,-0.0418701171875
G2:L16H4:conditional,noise,186,0.05218505859375,-0.0594482421875
G2:L16H4:conditional,noise,192,0.017818450927734375,-0.03343963623046875
G2:L16H4:conditional,noise,196,0.029876708984375,-0.01873779296875
G2:L17H24:change,noise,0,-0.0438232421875,0.091064453125
G2:L17H24:change,noise,16,0.014495849609375,-0.08184814453125
G2:L17H24:change,noise,32,-0.0621490478515625,0.066131591796875
G2:L17H24:change,noise,48,-0.02294921875,0.04052734375
G2:L17H24:change,noise,56,0.126312255859375,-0.245361328125
G2:L17H24:change,noise,64,0.02349853515625,0.0028076171875
G2:L17H24:change,noise,82,-0.022064208984375,0.01263427734375
G2:L17H24:change,noise,96,-0.11815643310546875,0.2661285400390625
G2:L17H24:change,noise,98,0.0079345703125,-0.01953125
G2:L17H24:change,noise,102,-0.02510833740234375,0.0397491455078125
G2:L17H24:change,noise,116,-0.016448974609375,0.05938720703125
G2:L17H24:change,noise,130,0.010873794555664062,-0.022235870361328125
G2:L17H24:change,noise,150,-0.0301513671875,0.095458984375
G2:L17H24:change,noise,154,-0.0479736328125,0.184326171875
G2:L17H24:change,noise,162,0.0115966796875,-0.014892578125
G2:L17H24:change,noise,176,-0.0223388671875,0.104736328125
G2:L17H24:change,noise,178,-0.017223358154296875,0.03879547119140625
G2:L17H24:change,noise,186,-0.027923583984375,0.04901123046875
G2:L17H24:change,noise,192,-0.0981597900390625,0.127471923828125
G2:L17H24:change,noise,196,0.06439208984375,-0.1385498046875
G2:L17H24:conditional,noise,0,0.22784423828125,-0.5238037109375
G2:L17H24:conditional,noise,16,0.36566162109375,-0.9332275390625
G2:L17H24:conditional,noise,32,0.29754638671875,-0.4200439453125
G2:L17H24:conditional,noise,48,0.2554931640625,-0.552978515625
G2:L17H24:conditional,noise,56,0.2602386474609375,-0.762176513671875
G2:L17H24:conditional,noise,64,0.3182373046875,-0.570068359375
G2:L17H24:conditional,noise,82,0.381622314453125,-0.55352783203125
G2:L17H24:conditional,noise,96,0.7459869384765625,-1.126678466796875
G2:L17H24:conditional,noise,98,1.1585693359375,-2.414794921875
G2:L17H24:conditional,noise,102,0.546112060546875,-1.03558349609375
G2:L17H24:conditional,noise,116,0.477386474609375,-0.88262939453125
G2:L17H24:conditional,noise,130,0.41741943359375,-0.5946044921875
G2:L17H24:conditional,noise,150,0.19561767578125,-0.4041748046875
G2:L17H24:conditional,noise,154,0.672607421875,-1.05908203125
G2:L17H24:conditional,noise,162,0.5662841796875,-1.103759765625
G2:L17H24:conditional,noise,176,0.5123291015625,-0.849365234375
G2:L17H24:conditional,noise,178,0.4554443359375,-1.091064453125
G2:L17H24:conditional,noise,186,0.505767822265625,-1.02911376953125
G2:L17H24:conditional,noise,192,0.4566192626953125,-1.118316650390625
G2:L17H24:conditional,noise,196,0.81732177734375,-1.6600341796875
G2:L17H5:change,noise,0,-0.030303955078125,-0.02691650390625
G2:L17H5:change,noise,16,-0.00504302978515625,-0.0135040283203125
G2:L17H5:change,noise,32,0.021575927734375,-0.03839111328125
G2:L17H5:change,noise,48,0.0104522705078125,-0.039459228515625
G2:L17H5:change,noise,56,0.0125885009765625,0.001007080078125
G2:L17H5:change,noise,64,0.00653076171875,0.0240478515625
G2:L17H5:change,noise,82,-0.017059326171875,-0.00689697265625
G2:L17H5:change,noise,96,0.011138916015625,0.03057861328125
G2:L17H5:change,noise,98,-0.009857177734375,-0.03265380859375
G2:L17H5:change,noise,102,0.0030040740966796875,-0.016819000244140625
G2:L17H5:change,noise,116,0.014251708984375,-0.00372314453125
G2:L17H5:change,noise,130,-0.0101470947265625,-0.000213623046875
G2:L17H5:change,noise,150,0.00262451171875,-0.0484619140625
G2:L17H5:change,noise,154,0.00323486328125,0.0223388671875
G2:L17H5:change,noise,162,0.0008544921875,0.016357421875
G2:L17H5:change,noise,176,0.01318359375,0.00146484375
G2:L17H5:change,noise,178,-0.004901885986328125,0.01949310302734375
G2:L17H5:change,noise,186,0.0048828125,-0.000244140625
G2:L17H5:change,noise,192,0.02294158935546875,0.0022125244140625
G2:L17H5:change,noise,196,0.0013427734375,0.009033203125
G2:L17H5:conditional,noise,0,-0.03570556640625,0.0228271484375
G2:L17H5:conditional,noise,16,-0.0140380859375,0.139404296875
G2:L17H5:conditional,noise,32,-0.0198974609375,0.265380859375
G2:L17H5:conditional,noise,48,-0.10919189453125,0.2569580078125
G2:L17H5:conditional,noise,56,0.03375244140625,-0.0142822265625
G2:L17H5:conditional,noise,64,0.0108642578125,0.162841796875
G2:L17H5:conditional,noise,82,0.053741455078125,0.24456787109375
G2:L17H5:conditional,noise,96,-0.0106964111328125,0.128997802734375
G2:L17H5:conditional,noise,98,0.0372314453125,0.127685546875
G2:L17H5:conditional,noise,102,0.102752685546875,0.11187744140625
G2:L17H5:conditional,noise,116,-0.084014892578125,0.22845458984375
G2:L17H5:conditional,noise,130,-0.00531005859375,0.0447998046875
G2:L17H5:conditional,noise,150,-0.0528564453125,0.021240234375
G2:L17H5:conditional,noise,154,0.0103759765625,-0.012939453125
G2:L17H5:conditional,noise,162,0.0311279296875,0.067138671875
G2:L17H5:conditional,noise,176,0.02783203125,0.23291015625
G2:L17H5:conditional,noise,178,0.01007080078125,0.3062744140625
G2:L17H5:conditional,noise,186,-0.01715087890625,0.2315673828125
G2:L17H5:conditional,noise,192,-0.04645538330078125,0.1927642822265625
G2:L17H5:conditional,noise,196,-0.0220947265625,0.089111328125
G2:L18H19:change,noise,0,0.055908203125,0.37109375
G2:L18H19:change,noise,16,-0.219757080078125,-0.34674072265625
G2:L18H19:change,noise,32,-0.5218658447265625,-0.232696533203125
G2:L18H19:change,noise,48,-0.19086456298828125,-0.1766204833984375
G2:L18H19:change,noise,56,0.5066070556640625,-0.190887451171875
G2:L18H19:change,noise,64,0.2503662109375,0.522705078125
G2:L18H19:change,noise,82,-0.22025680541992188,-0.5214004516601562
G2:L18H19:change,noise,96,-0.30858612060546875,0.5263824462890625
G2:L18H19:change,noise,98,-0.367431640625,-0.944091796875
G2:L18H19:change,noise,102,0.18839263916015625,0.6231231689453125
G2:L18H19:change,noise,116,-0.09561920166015625,0.0766143798828125
G2:L18H19:change,noise,130,0.1183013916015625,-0.065216064453125
G2:L18H19:change,noise,150,-0.100433349609375,-0.10589599609375
G2:L18H19:change,noise,154,0.145263671875,0.56884765625
G2:L18H19:change,noise,162,-0.46435546875,0.435546875
G2:L18H19:change,noise,176,-0.01690673828125,0.6893310546875
G2:L18H19:change,noise,178,0.09511184692382812,0.44022369384765625
G2:L18H19:change,noise,186,0.039337158203125,0.33074951171875
G2:L18H19:change,noise,192,-0.1052703857421875,0.883636474609375
G2:L18H19:change,noise,196,0.19866943359375,0.0675048828125
G2:L18H19:conditional,noise,0,2.0159912109375,2.328369140625
G2:L18H19:conditional,noise,16,2.216796875,1.10693359375
G2:L18H19:conditional,noise,32,2.60516357421875,2.5115966796875
G2:L18H19:conditional,noise,48,2.2990036010742188,2.5333404541015625
G2:L18H19:conditional,noise,56,2.95458984375,-0.19140625
G2:L18H19:conditional,noise,64,1.9814453125,2.17578125
G2:L18H19:conditional,noise,82,2.08258056640625,1.9932861328125
G2:L18H19:conditional,noise,96,4.1163330078125,1.168701171875
G2:L18H19:conditional,noise,98,2.5037841796875,0.662353515625
G2:L18H19:conditional,noise,102,4.27484130859375,0.9844970703125
G2:L18H19:conditional,noise,116,4.16180419921875,3.524169921875
G2:L18H19:conditional,noise,130,2.96722412109375,0.6251220703125
G2:L18H19:conditional,noise,150,1.470947265625,0.966552734375
G2:L18H19:conditional,noise,154,2.6357421875,2.9970703125
G2:L18H19:conditional,noise,162,3.8902587890625,-0.545654296875
G2:L18H19:conditional,noise,176,4.06622314453125,2.5098876953125
G2:L18H19:conditional,noise,178,3.32403564453125,3.0523681640625
G2:L18H19:conditional,noise,186,3.432403564453125,3.04095458984375
G2:L18H19:conditional,noise,192,4.7357330322265625,2.817108154296875
G2:L18H19:conditional,noise,196,2.85931396484375,1.6719970703125
G2:L19H16:change,noise,0,0.023345947265625,-0.04656982421875
G2:L19H16:change,noise,16,-0.059814453125,-0.01904296875
G2:L19H16:change,noise,32,-0.0059967041015625,-0.109649658203125
G2:L19H16:change,noise,48,0.007904052734375,-0.02545166015625
G2:L19H16:change,noise,56,-0.10475540161132812,0.18747711181640625
G2:L19H16:change,noise,64,-0.0140380859375,-0.062255859375
G2:L19H16:change,noise,82,0.0662384033203125,0.125335693359375
G2:L19H16:change,noise,96,-0.04579925537109375,-0.3000946044921875
G2:L19H16:change,noise,98,-0.054229736328125,0.38946533203125
G2:L19H16:change,noise,102,-0.09850311279296875,-0.0912933349609375
G2:L19H16:change,noise,116,-0.15057373046875,-0.4573974609375
G2:L19H16:change,noise,130,-0.0053863525390625,0.113800048828125
G2:L19H16:change,noise,150,0.0521697998046875,-0.099761962890625
G2:L19H16:change,noise,154,-0.1788330078125,-0.468505859375
G2:L19H16:change,noise,162,-0.115478515625,0.19482421875
G2:L19H16:change,noise,176,-0.041015625,-0.19482421875
G2:L19H16:change,noise,178,-0.01098012924194336,-0.07078838348388672
G2:L19H16:change,noise,186,-0.0379638671875,-0.1435546875
G2:L19H16:change,noise,192,-0.0157012939453125,-0.343475341796875
G2:L19H16:change,noise,196,-0.04864501953125,0.0582275390625
G2:L19H16:conditional,noise,0,-0.547607421875,0.0888671875
G2:L19H16:conditional,noise,16,-0.373291015625,-0.134765625
G2:L19H16:conditional,noise,32,-1.39080810546875,-1.4300537109375
G2:L19H16:conditional,noise,48,-1.09881591796875,-1.2017822265625
G2:L19H16:conditional,noise,56,-0.5363807678222656,0.31641387939453125
G2:L19H16:conditional,noise,64,-0.217041015625,-0.00244140625
G2:L19H16:conditional,noise,82,-0.7002410888671875,-1.086334228515625
G2:L19H16:conditional,noise,96,-1.6985931396484375,0.488555908203125
G2:L19H16:conditional,noise,98,-1.0325927734375,0.541748046875
G2:L19H16:conditional,noise,102,-1.50653076171875,0.7777099609375
G2:L19H16:conditional,noise,116,-1.1103515625,-0.5146484375
G2:L19H16:conditional,noise,130,-1.058074951171875,-0.00201416015625
G2:L19H16:conditional,noise,150,-0.4827880859375,-0.275146484375
G2:L19H16:conditional,noise,154,-0.8665771484375,-0.658447265625
G2:L19H16:conditional,noise,162,-0.9794921875,0.6689453125
G2:L19H16:conditional,noise,176,-0.73779296875,0.35791015625
G2:L19H16:conditional,noise,178,-1.3642578125,-0.9296875
G2:L19H16:conditional,noise,186,-0.81182861328125,-0.4095458984375
G2:L19H16:conditional,noise,192,-0.7089996337890625,0.382476806640625
G2:L19H16:conditional,noise,196,-0.63360595703125,0.1187744140625
G2:L1H27:change,noise,0,0.00140380859375,0.0247802734375
G2:L1H27:change,noise,16,-0.0079803466796875,0.006500244140625
G2:L1H27:change,noise,32,0.0159454345703125,0.016754150390625
G2:L1H27:change,noise,48,-0.01849365234375,0.01611328125
G2:L1H27:change,noise,56,-0.0052947998046875,0.011383056640625
G2:L1H27:change,noise,64,-0.00701904296875,0.0311279296875
G2:L1H27:change,noise,82,0.00177001953125,0.0172119140625
G2:L1H27:change,noise,96,0.0051422119140625,0.095733642578125
G2:L1H27:change,noise,98,0.0911865234375,0.02197265625
G2:L1H27:change,noise,102,0.0103302001953125,0.035308837890625
G2:L1H27:change,noise,116,0.01861572265625,0.0128173828125
G2:L1H27:change,noise,130,0.0247650146484375,0.008575439453125
G2:L1H27:change,noise,150,0.007843017578125,-0.04046630859375
G2:L1H27:change,noise,154,-0.00457763671875,0.0189208984375
G2:L1H27:change,noise,162,0.00439453125,-0.05078125
G2:L1H27:change,noise,176,0.000244140625,-0.0029296875
G2:L1H27:change,noise,178,-0.00450897216796875,0.0036773681640625
G2:L1H27:change,noise,186,-0.0391845703125,0.038818359375
G2:L1H27:change,noise,192,0.0012633800506591797,0.0018677711486816406
G2:L1H27:change,noise,196,-0.02441120147705078,0.07225990295410156
G2:L1H27:conditional,noise,0,0.0181884765625,-0.012451171875
G2:L1H27:conditional,noise,16,0.23065185546875,0.0296630859375
G2:L1H27:conditional,noise,32,0.03369140625,-0.03271484375
G2:L1H27:conditional,noise,48,0.16259765625,-0.02099609375
G2:L1H27:conditional,noise,56,-0.003173828125,0.09716796875
G2:L1H27:conditional,noise,64,-0.073486328125,0.01513671875
G2:L1H27:conditional,noise,82,-0.0408935546875,-0.1865234375
G2:L1H27:conditional,noise,96,0.22925567626953125,0.1074371337890625
G2:L1H27:conditional,noise,98,-0.1678466796875,-0.985595703125
G2:L1H27:conditional,noise,102,-0.01416015625,0.107421875
G2:L1H27:conditional,noise,116,0.014892578125,0.09130859375
G2:L1H27:conditional,noise,130,-0.01922607421875,0.0091552734375
G2:L1H27:conditional,noise,150,-0.0001220703125,0.130126953125
G2:L1H27:conditional,noise,154,0.0147705078125,-0.018798828125
G2:L1H27:conditional,noise,162,-0.0498046875,-0.197265625
G2:L1H27:conditional,noise,176,0.0072021484375,-0.056396484375
G2:L1H27:conditional,noise,178,0.0322265625,0.0009765625
G2:L1H27:conditional,noise,186,0.1895751953125,-0.361083984375
G2:L1H27:conditional,noise,192,0.04313349723815918,0.02066659927368164
G2:L1H27:conditional,noise,196,0.04297161102294922,0.011713027954101562
G2:L20H7:change,noise,0,0.1724853515625,0.176513671875
G2:L20H7:change,noise,16,-0.1048126220703125,0.041839599609375
G2:L20H7:change,noise,32,0.2725677490234375,0.609100341796875
G2:L20H7:change,noise,48,0.04632568359375,0.0462646484375
G2:L20H7:change,noise,56,-0.0657196044921875,0.038238525390625
G2:L20H7:change,noise,64,-0.0322265625,-0.076171875
G2:L20H7:change,noise,82,0.0924072265625,0.124267578125
G2:L20H7:change,noise,96,0.2403411865234375,-0.144805908203125
G2:L20H7:change,noise,98,-0.16103410720825195,-0.0630350112915039
G2:L20H7:change,noise,102,0.24179840087890625,0.5169219970703125
G2:L20H7:change,noise,116,-0.16595458984375,-0.1639404296875
G2:L20H7:change,noise,130,-0.14070892333984375,-0.1277618408203125
G2:L20H7:change,noise,150,0.324554443359375,0.29412841796875
G2:L20H7:change,noise,154,0.177490234375,0.41064453125
G2:L20H7:change,noise,162,-0.116455078125,0.05615234375
G2:L20H7:change,noise,176,0.0228271484375,-0.091064453125
G2:L20H7:change,noise,178,0.008747100830078125,-0.01668548583984375
G2:L20H7:change,noise,186,0.00506591796875,-0.1588134765625
G2:L20H7:change,noise,192,-0.00551605224609375,-0.2025604248046875
G2:L20H7:change,noise,196,0.05511474609375,-0.0281982421875
G2:L20H7:conditional,noise,0,0.5037841796875,0.184326171875
G2:L20H7:conditional,noise,16,-0.123779296875,-0.17626953125
G2:L20H7:conditional,noise,32,0.1317138671875,-0.128173828125
G2:L20H7:conditional,noise,48,-0.0830078125,-0.28759765625
G2:L20H7:conditional,noise,56,-0.13800048828125,0.1055908203125
G2:L20H7:conditional,noise,64,-0.1776123046875,-0.239013671875
G2:L20H7:conditional,noise,82,0.00286865234375,-0.3338623046875
G2:L20H7:conditional,noise,96,0.18851470947265625,-0.3143768310546875
G2:L20H7:conditional,noise,98,-0.037353515625,0.30322265625
G2:L20H7:conditional,noise,102,1.42828369140625,0.0721435546875
G2:L20H7:conditional,noise,116,-0.17474365234375,-0.4451904296875
G2:L20H7:conditional,noise,130,-1.1265640258789062,-0.7395477294921875
G2:L20H7:conditional,noise,150,0.40777587890625,-0.3792724609375
G2:L20H7:conditional,noise,154,0.3868408203125,0.537841796875
G2:L20H7:conditional,noise,162,-0.4306640625,0.10546875
G2:L20H7:conditional,noise,176,-0.065185546875,0.01708984375
G2:L20H7:conditional,noise,178,-0.24151611328125,0.0023193359375
G2:L20H7:conditional,noise,186,-0.4493408203125,-0.108154296875
G2:L20H7:conditional,noise,192,-0.31191253662109375,0.3694610595703125
G2:L20H7:conditional,noise,196,-0.36871337890625,-0.3680419921875
G2:L21H25:change,noise,0,0.015350341796875,0.01263427734375
G2:L21H25:change,noise,16,-0.0186920166015625,-0.018829345703125
G2:L21H25:change,noise,32,0.0081329345703125,0.031402587890625
G2:L21H25:change,noise,48,0.01039886474609375,0.0113067626953125
G2:L21H25:change,noise,56,0.026092529296875,-0.0528564453125
G2:L21H25:change,noise,64,0.01007080078125,0.0106201171875
G2:L21H25:change,noise,82,-0.005859375,-0.0048828125
G2:L21H25:change,noise,96,0.0234222412109375,-0.001495361328125
G2:L21H25:change,noise,98,0.034912109375,-0.01318359375
G2:L21H25:change,noise,102,-0.02134418487548828,-0.03658485412597656
G2:L21H25:change,noise,116,0.006744384765625,0.00567626953125
G2:L21H25:change,noise,130,-0.003753662109375,-0.01446533203125
G2:L21H25:change,noise,150,0.0159149169921875,-0.023834228515625
G2:L21H25:change,noise,154,0.00537109375,-0.0009765625
G2:L21H25:change,noise,162,0.0185546875,-0.029296875
G2:L21H25:change,noise,176,-0.0068359375,0.00146484375
G2:L21H25:change,noise,178,1.9073486328125e-05,0.01224517822265625
G2:L21H25:change,noise,186,0.00750732421875,-0.0052490234375
G2:L21H25:change,noise,192,0.02443695068359375,0.0441436767578125
G2:L21H25:change,noise,196,0.01590728759765625,-0.0337677001953125
G2:L21H25:conditional,noise,0,0.04962158203125,0.0133056640625
G2:L21H25:conditional,noise,16,0.0966796875,0.0419921875
G2:L21H25:conditional,noise,32,0.07965087890625,0.0230712890625
G2:L21H25:conditional,noise,48,0.0123291015625,0.003662109375
G2:L21H25:conditional,noise,56,-0.0086517333984375,-0.115020751953125
G2:L21H25:conditional,noise,64,0.04638671875,-0.001953125
G2:L21H25:conditional,noise,82,0.0062255859375,-0.023193359375
G2:L21H25:conditional,noise,96,0.0473175048828125,-0.003021240234375
G2:L21H25:conditional,noise,98,0.2950439453125,-0.319580078125
G2:L21H25:conditional,noise,102,-0.04754638671875,-0.0338134765625
G2:L21H25:conditional,noise,116,0.055633544921875,0.00384521484375
G2:L21H25:conditional,noise,130,0.07928466796875,-0.0736083984375
G2:L21H25:conditional,noise,150,0.0157470703125,-0.001708984375
G2:L21H25:conditional,noise,154,0.1143798828125,0.114990234375
G2:L21H25:conditional,noise,162,0.103515625,-0.107421875
G2:L21H25:conditional,noise,176,0.077880859375,-0.12109375
G2:L21H25:conditional,noise,178,0.0120849609375,-0.106201171875
G2:L21H25:conditional,noise,186,0.04718017578125,-0.0367431640625
G2:L21H25:conditional,noise,192,0.12471771240234375,0.0921173095703125
G2:L21H25:conditional,noise,196,0.06375885009765625,-0.1743927001953125
G2:L22H5:change,noise,0,0.169952392578125,0.25006103515625
G2:L22H5:change,noise,16,0.0376129150390625,-0.004364013671875
G2:L22H5:change,noise,32,0.060516357421875,0.11761474609375
G2:L22H5:change,noise,48,-0.0610504150390625,-0.118377685546875
G2:L22H5:change,noise,56,0.3639984130859375,-0.463897705078125
G2:L22H5:change,noise,64,0.135498046875,0.2412109375
G2:L22H5:change,noise,82,-0.0591583251953125,-0.082611083984375
G2:L22H5:change,noise,96,0.18177032470703125,0.3354644775390625
G2:L22H5:change,noise,98,-0.1453857421875,-0.368408203125
G2:L22H5:change,noise,102,0.07251739501953125,0.1219635009765625
G2:L22H5:change,noise,116,0.126617431640625,0.25079345703125
G2:L22H5:change,noise,130,-0.0543365478515625,-0.129119873046875
G2:L22H5:change,noise,150,0.0896759033203125,0.064605712890625
G2:L22H5:change,noise,154,0.25689697265625,0.4613037109375
G2:L22H5:change,noise,162,0.0078125,0.0810546875
G2:L22H5:change,noise,176,0.171875,0.38330078125
G2:L22H5:change,noise,178,0.18669509887695312,0.34702301025390625
G2:L22H5:change,noise,186,0.12344932556152344,0.3063240051269531
G2:L22H5:change,noise,192,0.2916412353515625,0.873748779296875
G2:L22H5:change,noise,196,0.10736083984375,0.0626220703125
G2:L22H5:conditional,noise,0,0.63671875,0.66748046875
G2:L22H5:conditional,noise,16,1.232421875,0.0966796875
G2:L22H5:conditional,noise,32,0.84185791015625,0.7227783203125
G2:L22H5:conditional,noise,48,0.833740234375,1.560546875
G2:L22H5:conditional,noise,56,1.147705078125,-0.8046875
G2:L22H5:conditional,noise,64,0.8524169921875,0.762939453125
G2:L22H5:conditional,noise,82,1.0546112060546875,0.504302978515625
G2:L22H5:conditional,noise,96,1.74407958984375,0.5894775390625
G2:L22H5:conditional,noise,98,1.0111083984375,0.645751953125
G2:L22H5:conditional,noise,102,1.346710205078125,1.06146240234375
G2:L22H5:conditional,noise,116,0.875518798828125,0.95758056640625
G2:L22H5:conditional,noise,130,1.00384521484375,0.3536376953125
G2:L22H5:conditional,noise,150,0.70025634765625,0.4224853515625
G2:L22H5:conditional,noise,154,0.88134765625,0.7998046875
G2:L22H5:conditional,noise,162,1.768310546875,-0.61865234375
G2:L22H5:conditional,noise,176,1.1060791015625,0.444091796875
G2:L22H5:conditional,noise,178,1.55963134765625,1.3780517578125
G2:L22H5:conditional,noise,186,1.4125118255615234,0.5250740051269531
G2:L22H5:conditional,noise,192,1.9641265869140625,2.309051513671875
G2:L22H5:conditional,noise,196,1.45623779296875,0.7828369140625
G2:L23H10:change,noise,0,0.001983642578125,-0.00238037109375
G2:L23H10:change,noise,16,0.0109405517578125,-0.045989990234375
G2:L23H10:change,noise,32,0.0080108642578125,0.031646728515625
G2:L23H10:change,noise,48,-0.0082550048828125,-0.016448974609375
G2:L23H10:change,noise,56,0.03118133544921875,-0.0738983154296875
G2:L23H10:change,noise,64,0.006103515625,0.009765625
G2:L23H10:change,noise,82,-0.0040283203125,-0.013671875
G2:L23H10:change,noise,96,-0.0027923583984375,0.026641845703125
G2:L23H10:change,noise,98,0.003875732421875,-0.01361083984375
G2:L23H10:change,noise,102,0.0023040771484375,-0.022247314453125
G2:L23H10:change,noise,116,-0.01947021484375,-0.0413818359375
G2:L23H10:change,noise,130,-0.00592041015625,0.0069580078125
G2:L23H10:change,noise,150,0.0107421875,-0.00146484375
G2:L23H10:change,noise,154,-0.01385498046875,-0.0240478515625
G2:L23H10:change,noise,162,0.0223388671875,-0.028564453125
G2:L23H10:change,noise,176,-0.0054931640625,-0.010498046875
G2:L23H10:change,noise,178,0.01152801513671875,-0.0130767822265625
G2:L23H10:change,noise,186,-0.0009765625,0.001220703125
G2:L23H10:change,noise,192,-0.00583648681640625,-0.0061492919921875
G2:L23H10:change,noise,196,0.01045989990234375,-0.0306854248046875
G2:L23H10:conditional,noise,0,0.0201416015625,-0.036865234375
G2:L23H10:conditional,noise,16,0.02593994140625,-0.0692138671875
G2:L23H10:conditional,noise,32,-0.030029296875,-0.13525390625
G2:L23H10:conditional,noise,48,0.027099609375,-0.1533203125
G2:L23H10:conditional,noise,56,0.05310821533203125,-0.2668609619140625
G2:L23H10:conditional,noise,64,-0.0218505859375,-0.051025390625
G2:L23H10:conditional,noise,82,0.020751953125,-0.041748046875
G2:L23H10:conditional,noise,96,-0.0316009521484375,-0.201873779296875
G2:L23H10:conditional,noise,98,0.058349609375,-0.17138671875
G2:L23H10:conditional,noise,102,0.01513671875,-0.18359375
G2:L23H10:conditional,noise,116,0.04840087890625,-0.2757568359375
G2:L23H10:conditional,noise,130,-0.039794921875,0.01708984375
G2:L23H10:conditional,noise,150,0.05596923828125,-0.1131591796875
G2:L23H10:conditional,noise,154,0.0526123046875,-0.172607421875
G2:L23H10:conditional,noise,162,0.0479736328125,-0.167724609375
G2:L23H10:conditional,noise,176,0.03466796875,-0.08740234375
G2:L23H10:conditional,noise,178,0.0654296875,-0.21875
G2:L23H10:conditional,noise,186,-0.05352783203125,-0.0828857421875
G2:L23H10:conditional,noise,192,0.01461029052734375,-0.0621795654296875
G2:L23H10:conditional,noise,196,0.02510833740234375,-0.1049041748046875
G2:L23H15:change,noise,0,0.386383056640625,0.02520751953125
G2:L23H15:change,noise,16,-0.3055572509765625,-0.308380126953125
G2:L23H15:change,noise,32,0.1962738037109375,-0.228057861328125
G2:L23H15:change,noise,48,0.0320587158203125,-0.058746337890625
G2:L23H15:change,noise,56,-0.2909088134765625,0.456146240234375
G2:L23H15:change,noise,64,-0.012939453125,-0.0673828125
G2:L23H15:change,noise,82,0.067962646484375,0.06378173828125
G2:L23H15:change,noise,96,0.03449249267578125,-0.3685150146484375
G2:L23H15:change,noise,98,0.1013946533203125,0.253021240234375
G2:L23H15:change,noise,102,0.13657379150390625,0.0067901611328125
G2:L23H15:change,noise,116,-0.06634521484375,-0.2205810546875
G2:L23H15:change,noise,130,0.1252288818359375,0.089874267578125
G2:L23H15:change,noise,150,0.4383544921875,0.193115234375
G2:L23H15:change,noise,154,0.045684814453125,-0.13970947265625
G2:L23H15:change,noise,162,-0.0892333984375,0.275634765625
G2:L23H15:change,noise,176,-0.14453125,-0.3251953125
G2:L23H15:change,noise,178,-0.06736373901367188,-0.12593841552734375
G2:L23H15:change,noise,186,-0.08258056640625,-0.2205810546875
G2:L23H15:change,noise,192,-0.1358489990234375,-0.571319580078125
G2:L23H15:change,noise,196,-0.04864501953125,-0.0589599609375
G2:L23H15:conditional,noise,0,-1.15582275390625,-0.7586669921875
G2:L23H15:conditional,noise,16,-1.15338134765625,-0.7178955078125
G2:L23H15:conditional,noise,32,-1.343994140625,-1.61474609375
G2:L23H15:conditional,noise,48,-0.729736328125,-0.68310546875
G2:L23H15:conditional,noise,56,-1.021392822265625,0.84747314453125
G2:L23H15:conditional,noise,64,-0.47607421875,0.0390625
G2:L23H15:conditional,noise,82,-0.245635986328125,-0.48968505859375
G2:L23H15:conditional,noise,96,-2.30828857421875,0.6934814453125
G2:L23H15:conditional,noise,98,-0.925048828125,0.33203125
G2:L23H15:conditional,noise,102,-1.02349853515625,0.1182861328125
G2:L23H15:conditional,noise,116,-1.01995849609375,-0.2606201171875
G2:L23H15:conditional,noise,130,-0.467559814453125,-0.11859130859375
G2:L23H15:conditional,noise,150,-0.555328369140625,-0.83428955078125
G2:L23H15:conditional,noise,154,-0.89404296875,-0.513671875
G2:L23H15:conditional,noise,162,-0.9090576171875,0.544189453125
G2:L23H15:conditional,noise,176,-0.8563232421875,0.214111328125
G2:L23H15:conditional,noise,178,-0.76580810546875,-0.4417724609375
G2:L23H15:conditional,noise,186,-1.31158447265625,-0.0477294921875
G2:L23H15:conditional,noise,192,-1.0360565185546875,-0.048736572265625
G2:L23H15:conditional,noise,196,-0.46685791015625,-0.2235107421875
G2:L25H18:change,noise,0,-0.002471923828125,-0.00933837890625
G2:L25H18:change,noise,16,0.01448822021484375,-0.0252227783203125
G2:L25H18:change,noise,32,-0.00811767578125,-0.0191650390625
G2:L25H18:change,noise,48,-0.007568359375,-0.0203857421875
G2:L25H18:change,noise,56,0.00658416748046875,-0.0343170166015625
G2:L25H18:change,noise,64,0.00347900390625,0.0032958984375
G2:L25H18:change,noise,82,-0.0162353515625,-0.025390625
G2:L25H18:change,noise,96,-0.07297515869140625,0.0508270263671875
G2:L25H18:change,noise,98,-0.001708984375,0.009033203125
G2:L25H18:change,noise,102,-0.001049041748046875,-0.01747894287109375
G2:L25H18:change,noise,116,-0.00177001953125,-0.0045166015625
G2:L25H18:change,noise,130,0.0052947998046875,0.019683837890625
G2:L25H18:change,noise,150,-0.00897216796875,-0.0169677734375
G2:L25H18:change,noise,154,0.0030517578125,0.012939453125
G2:L25H18:change,noise,162,-0.001220703125,-0.01220703125
G2:L25H18:change,noise,176,-0.0040283203125,-0.026611328125
G2:L25H18:change,noise,178,-0.0007991790771484375,0.006214141845703125
G2:L25H18:change,noise,186,-0.0074462890625,0.0009765625
G2:L25H18:change,noise,192,0.006256103515625,-0.00836181640625
G2:L25H18:change,noise,196,-0.00347900390625,-0.0086669921875
G2:L25H18:conditional,noise,0,-0.02392578125,-0.00244140625
G2:L25H18:conditional,noise,16,-0.0426025390625,-0.000244140625
G2:L25H18:conditional,noise,32,0.00518798828125,0.0382080078125
G2:L25H18:conditional,noise,48,-0.0374755859375,-0.003173828125
G2:L25H18:conditional,noise,56,-0.045867919921875,-0.11334228515625
G2:L25H18:conditional,noise,64,-0.0025634765625,0.010986328125
G2:L25H18:conditional,noise,82,0.03302001953125,0.0552978515625
G2:L25H18:conditional,noise,96,0.3860626220703125,0.403961181640625
G2:L25H18:conditional,noise,98,-0.0125732421875,-0.005126953125
G2:L25H18:conditional,noise,102,-0.00836181640625,-0.0262451171875
G2:L25H18:conditional,noise,116,0.00262451171875,-0.0142822265625
G2:L25H18:conditional,noise,130,-0.0257568359375,0.012451171875
G2:L25H18:conditional,noise,150,0.01019287109375,0.0194091796875
G2:L25H18:conditional,noise,154,-0.030517578125,-0.02392578125
G2:L25H18:conditional,noise,162,-0.01708984375,0.0322265625
G2:L25H18:conditional,noise,176,-0.025634765625,-0.00927734375
G2:L25H18:conditional,noise,178,-0.01129150390625,-0.0147705078125
G2:L25H18:conditional,noise,186,-0.01593017578125,-0.0238037109375
G2:L25H18:conditional,noise,192,-0.122467041015625,-0.05804443359375
G2:L25H18:conditional,noise,196,0.00091552734375,0.0274658203125
G2:L26H23:change,noise,0,-0.03936767578125,-0.0936279296875
G2:L26H23:change,noise,16,0.010711669921875,0.00238037109375
G2:L26H23:change,noise,32,0.1011962890625,-0.135986328125
G2:L26H23:change,noise,48,0.018644094467163086,0.006663799285888672
G2:L26H23:change,noise,56,-0.1267242431640625,0.129852294921875
G2:L26H23:change,noise,64,0.00054931640625,-0.0010986328125
G2:L26H23:change,noise,82,0.0225830078125,0.030517578125
G2:L26H23:change,noise,96,0.11719512939453125,-0.4184417724609375
G2:L26H23:change,noise,98,0.004913330078125,0.01348876953125
G2:L26H23:change,noise,102,0.03891754150390625,-0.0054168701171875
G2:L26H23:change,noise,116,-0.027862548828125,-0.05767822265625
G2:L26H23:change,noise,130,0.0037994384765625,0.008026123046875
G2:L26H23:change,noise,150,0.214202880859375,-0.23126220703125
G2:L26H23:change,noise,154,0.0471038818359375,0.047271728515625
G2:L26H23:change,noise,162,-0.026611328125,0.08056640625
G2:L26H23:change,noise,176,-0.0355224609375,-0.036865234375
G2:L26H23:change,noise,178,-0.041194915771484375,-0.03844451904296875
G2:L26H23:change,noise,186,-0.072021484375,-0.00244140625
G2:L26H23:change,noise,192,-0.0014495849609375,-0.053253173828125
G2:L26H23:change,noise,196,0.00506591796875,-0.0511474609375
G2:L26H23:conditional,noise,0,-0.58251953125,-0.149169921875
G2:L26H23:conditional,noise,16,-0.10845947265625,0.0843505859375
G2:L26H23:conditional,noise,32,-0.73211669921875,-0.6790771484375
G2:L26H23:conditional,noise,48,-0.195556640625,-0.1474609375
G2:L26H23:conditional,noise,56,-0.98504638671875,0.1348876953125
G2:L26H23:conditional,noise,64,-0.046875,0.123046875
G2:L26H23:conditional,noise,82,-0.1796875,-0.189453125
G2:L26H23:conditional,noise,96,-1.92010498046875,0.0943603515625
G2:L26H23:conditional,noise,98,-0.160400390625,0.09912109375
G2:L26H23:conditional,noise,102,-0.42901611328125,0.0797119140625
G2:L26H23:conditional,noise,116,-0.269317626953125,0.05706787109375
G2:L26H23:conditional,noise,130,-0.20965576171875,0.0902099609375
G2:L26H23:conditional,noise,150,-0.842529296875,-0.4130859375
G2:L26H23:conditional,noise,154,-0.375732421875,0.07275390625
G2:L26H23:conditional,noise,162,-0.207275390625,0.17041015625
G2:L26H23:conditional,noise,176,-0.1593017578125,0.026123046875
G2:L26H23:conditional,noise,178,-0.18792724609375,0.3555908203125
G2:L26H23:conditional,noise,186,-0.1954345703125,0.270751953125
G2:L26H23:conditional,noise,192,-0.2700653076171875,0.367767333984375
G2:L26H23:conditional,noise,196,-0.47686767578125,-0.2884521484375
G2:L26H31:change,noise,0,-0.005523681640625,-0.00665283203125
G2:L26H31:change,noise,16,0.0002288818359375,-0.007843017578125
G2:L26H31:change,noise,32,0.0061492919921875,0.017181396484375
G2:L26H31:change,noise,48,-0.0156707763671875,-0.036163330078125
G2:L26H31:change,noise,56,0.0036163330078125,-0.013824462890625
G2:L26H31:change,noise,64,0.00701904296875,0.0045166015625
G2:L26H31:change,noise,82,-0.0106201171875,-0.0185546875
G2:L26H31:change,noise,96,-0.00125885009765625,0.0028533935546875
G2:L26H31:change,noise,98,0.00823974609375,0.0059814453125
G2:L26H31:change,noise,102,0.004016876220703125,-0.00698089599609375
G2:L26H31:change,noise,116,0.0003662109375,0.005615234375
G2:L26H31:change,noise,130,0.000244140625,0.00830078125
G2:L26H31:change,noise,150,-0.006805419921875,-0.00677490234375
G2:L26H31:change,noise,154,0.0023193359375,-0.005126953125
G2:L26H31:change,noise,162,0.017822265625,-0.02685546875
G2:L26H31:change,noise,176,-0.00390625,-0.01318359375
G2:L26H31:change,noise,178,0.001560211181640625,0.00507354736328125
G2:L26H31:change,noise,186,0.00054931640625,0.0030517578125
G2:L26H31:change,noise,192,0.0032958984375,0.007080078125
G2:L26H31:change,noise,196,-0.00189208984375,-0.0079345703125
G2:L26H31:conditional,noise,0,-0.0052490234375,0.008544921875
G2:L26H31:conditional,noise,16,-0.01513671875,-0.02392578125
G2:L26H31:conditional,noise,32,0.252105712890625,0.44561767578125
G2:L26H31:conditional,noise,48,0.0277099609375,0.035400390625
G2:L26H31:conditional,noise,56,0.0267486572265625,0.009002685546875
G2:L26H31:conditional,noise,64,-0.0316162109375,-0.003173828125
G2:L26H31:conditional,noise,82,0.0308837890625,0.05322265625
G2:L26H31:conditional,noise,96,-0.0231475830078125,0.004486083984375
G2:L26H31:conditional,noise,98,-0.011962890625,-0.00146484375
G2:L26H31:conditional,noise,102,-0.038726806640625,0.01593017578125
G2:L26H31:conditional,noise,116,0.02685546875,0.001953125
G2:L26H31:conditional,noise,130,-0.0106201171875,0.004638671875
G2:L26H31:conditional,noise,150,0.0,0.0185546875
G2:L26H31:conditional,noise,154,-0.072509765625,-0.01611328125
G2:L26H31:conditional,noise,162,0.055908203125,-0.00146484375
G2:L26H31:conditional,noise,176,-0.003173828125,-0.013671875
G2:L26H31:conditional,noise,178,0.01348876953125,0.0045166015625
G2:L26H31:conditional,noise,186,-0.015625,0.0087890625
G2:L26H31:conditional,noise,192,0.0167236328125,0.014404296875
G2:L26H31:conditional,noise,196,-0.04241943359375,-0.0245361328125
G2:L27H23:change,noise,0,-0.003173828125,-0.0029296875
G2:L27H23:change,noise,16,-0.00238037109375,-0.0028076171875
G2:L27H23:change,noise,32,0.002227783203125,0.01080322265625
G2:L27H23:change,noise,48,0.00061798095703125,0.0003509521484375
G2:L27H23:change,noise,56,0.0001068115234375,0.004669189453125
G2:L27H23:change,noise,64,6.103515625e-05,0.0028076171875
G2:L27H23:change,noise,82,-0.002044677734375,-0.00518798828125
G2:L27H23:change,noise,96,-0.00142669677734375,0.0030059814453125
G2:L27H23:change,noise,98,0.00640869140625,-0.0128173828125
G2:L27H23:change,noise,102,0.002197265625,-0.003173828125
G2:L27H23:change,noise,116,-0.001495361328125,-0.00494384765625
G2:L27H23:change,noise,130,0.0052490234375,0.007080078125
G2:L27H23:change,noise,150,-0.000518798828125,-0.00982666015625
G2:L27H23:change,noise,154,0.0009765625,0.00048828125
G2:L27H23:change,noise,162,0.003662109375,-0.00244140625
G2:L27H23:change,noise,176,0.0006103515625,-0.003662109375
G2:L27H23:change,noise,178,-0.004192352294921875,-0.00643157958984375
G2:L27H23:change,noise,186,-0.00079345703125,0.0042724609375
G2:L27H23:change,noise,192,-0.000270843505859375,0.00078582763671875
G2:L27H23:change,noise,196,-0.00030517578125,-0.0013427734375
G2:L27H23:conditional,noise,0,0.00311279296875,0.0032958984375
G2:L27H23:conditional,noise,16,0.0008544921875,-0.009033203125
G2:L27H23:conditional,noise,32,-0.0010986328125,-0.020263671875
G2:L27H23:conditional,noise,48,-0.0018310546875,-0.005126953125
G2:L27H23:conditional,noise,56,0.0047454833984375,-0.007049560546875
G2:L27H23:conditional,noise,64,0.000244140625,0.00537109375
G2:L27H23:conditional,noise,82,-0.001251220703125,-0.00286865234375
G2:L27H23:conditional,noise,96,-0.012542724609375,-0.00360107421875
G2:L27H23:conditional,noise,98,-0.009033203125,0.00927734375
G2:L27H23:conditional,noise,102,-0.00445556640625,-0.0028076171875
G2:L27H23:conditional,noise,116,-0.002349853515625,-0.00177001953125
G2:L27H23:conditional,noise,130,-0.00848388671875,0.0003662109375
G2:L27H23:conditional,noise,150,-0.0018310546875,-0.006591796875
G2:L27H23:conditional,noise,154,-0.0001220703125,0.008056640625
G2:L27H23:conditional,noise,162,0.003173828125,-0.00732421875
G2:L27H23:conditional,noise,176,-0.0008544921875,0.004150390625
G2:L27H23:conditional,noise,178,0.00335693359375,0.0086669921875
G2:L27H23:conditional,noise,186,-0.0008544921875,-0.015869140625
G2:L27H23:conditional,noise,192,0.004184722900390625,0.00457000732421875
G2:L27H23:conditional,noise,196,-0.00079345703125,-0.0003662109375
G2:L30H3:change,noise,0,0.00048828125,-0.00146484375
G2:L30H3:change,noise,16,0.0035247802734375,-0.007110595703125
G2:L30H3:change,noise,32,-6.103515625e-05,0.0023193359375
G2:L30H3:change,noise,48,0.005096435546875,0.0108642578125
G2:L30H3:change,noise,56,0.007232666015625,-0.0142822265625
G2:L30H3:change,noise,64,0.0020751953125,0.007080078125
G2:L30H3:change,noise,82,0.000213623046875,6.103515625e-05
G2:L30H3:change,noise,96,-0.0040740966796875,-0.001800537109375
G2:L30H3:change,noise,98,-9.1552734375e-05,0.00274658203125
G2:L30H3:change,noise,102,-0.0014247894287109375,-0.001873016357421875
G2:L30H3:change,noise,116,0.0030517578125,0.007080078125
G2:L30H3:change,noise,130,0.0013580322265625,0.007537841796875
G2:L30H3:change,noise,150,-0.00091552734375,-0.0135498046875
G2:L30H3:change,noise,154,0.00640869140625,0.0018310546875
G2:L30H3:change,noise,162,0.0047607421875,-0.001220703125
G2:L30H3:change,noise,176,-0.0076904296875,-0.006591796875
G2:L30H3:change,noise,178,0.00499725341796875,0.0051116943359375
G2:L30H3:change,noise,186,0.0003662109375,0.003662109375
G2:L30H3:change,noise,192,0.000904083251953125,-0.01010894775390625
G2:L30H3:change,noise,196,-0.00335693359375,-0.0050048828125
G2:L30H3:conditional,noise,0,0.00433349609375,-0.0030517578125
G2:L30H3:conditional,noise,16,-0.0023193359375,-0.008544921875
G2:L30H3:conditional,noise,32,-0.00048828125,-0.00537109375
G2:L30H3:conditional,noise,48,-0.0135498046875,-0.031494140625
G2:L30H3:conditional,noise,56,-0.0048980712890625,0.002471923828125
G2:L30H3:conditional,noise,64,-0.001220703125,0.00048828125
G2:L30H3:conditional,noise,82,0.000885009765625,0.00115966796875
G2:L30H3:conditional,noise,96,-0.0083465576171875,-0.007904052734375
G2:L30H3:conditional,noise,98,-0.0029296875,0.0009765625
G2:L30H3:conditional,noise,102,-0.0015869140625,0.012939453125
G2:L30H3:conditional,noise,116,-0.00054931640625,-0.0010986328125
G2:L30H3:conditional,noise,130,0.0008544921875,0.007080078125
G2:L30H3:conditional,noise,150,0.00115966796875,-0.0191650390625
G2:L30H3:conditional,noise,154,-0.0101318359375,-0.015869140625
G2:L30H3:conditional,noise,162,-0.0037841796875,0.006103515625
G2:L30H3:conditional,noise,176,-0.0106201171875,-0.013427734375
G2:L30H3:conditional,noise,178,-0.00830078125,-0.0185546875
G2:L30H3:conditional,noise,186,0.011962890625,0.02587890625
G2:L30H3:conditional,noise,192,-0.025157928466796875,-0.01071929931640625
G2:L30H3:conditional,noise,196,-0.00628662109375,-0.0069580078125
G2:L6H24:change,noise,0,-0.09033203125,-0.046875
G2:L6H24:change,noise,16,0.0621795654296875,-0.064605712890625
G2:L6H24:change,noise,32,-0.0292205810546875,0.276031494140625
G2:L6H24:change,noise,48,0.069793701171875,-0.06756591796875
G2:L6H24:change,noise,56,-0.02059650421142578,-0.06433677673339844
G2:L6H24:change,noise,64,-0.0050048828125,-0.029541015625
G2:L6H24:change,noise,82,0.1473388671875,0.099853515625
G2:L6H24:change,noise,96,0.0506439208984375,-0.154571533203125
G2:L6H24:change,noise,98,-0.09545135498046875,-0.0578460693359375
G2:L6H24:change,noise,102,-0.10355377197265625,-0.0394439697265625
G2:L6H24:change,noise,116,-0.0794677734375,0.145751953125
G2:L6H24:change,noise,130,-0.024605274200439453,0.0843667984008789
G2:L6H24:change,noise,150,0.04010009765625,-0.0091552734375
G2:L6H24:change,noise,154,-0.0333251953125,0.040283203125
G2:L6H24:change,noise,162,0.029541015625,0.05615234375
G2:L6H24:change,noise,176,-0.049072265625,0.08349609375
G2:L6H24:change,noise,178,-0.07242965698242188,-0.03206634521484375
G2:L6H24:change,noise,186,0.0252685546875,-0.06201171875
G2:L6H24:change,noise,192,0.01737213134765625,-0.0489044189453125
G2:L6H24:change,noise,196,0.010089874267578125,0.00325775146484375
G2:L6H24:conditional,noise,0,0.108489990234375,0.23748779296875
G2:L6H24:conditional,noise,16,-0.07354736328125,-0.2916259765625
G2:L6H24:conditional,noise,32,0.71258544921875,-0.4898681640625
G2:L6H24:conditional,noise,48,-0.07427978515625,0.3780517578125
G2:L6H24:conditional,noise,56,0.11271953582763672,-0.14487266540527344
G2:L6H24:conditional,noise,64,-0.3377685546875,0.365966796875
G2:L6H24:conditional,noise,82,-0.571533203125,0.341796875
G2:L6H24:conditional,noise,96,-0.7868423461914062,0.6841278076171875
G2:L6H24:conditional,noise,98,0.2513427734375,-0.430419921875
G2:L6H24:conditional,noise,102,0.9029083251953125,-0.943023681640625
G2:L6H24:conditional,noise,116,0.2098388671875,-0.119384765625
G2:L6H24:conditional,noise,130,-0.10162353515625,0.1290283203125
G2:L6H24:conditional,noise,150,-0.112060546875,0.111328125
G2:L6H24:conditional,noise,154,0.1702880859375,-0.364013671875
G2:L6H24:conditional,noise,162,-0.156982421875,0.38916015625
G2:L6H24:conditional,noise,176,0.049072265625,0.1328125
G2:L6H24:conditional,noise,178,-0.36553955078125,-0.2130126953125
G2:L6H24:conditional,noise,186,0.20037841796875,-0.1912841796875
G2:L6H24:conditional,noise,192,-0.09670257568359375,0.3813934326171875
G2:L6H24:conditional,noise,196,0.028644561767578125,-0.10416412353515625
G2:L8H15:change,noise,0,0.037139892578125,-0.05267333984375
G2:L8H15:change,noise,16,-0.0338592529296875,-0.057952880859375
G2:L8H15:change,noise,32,-0.13812255859375,-0.3323974609375
G2:L8H15:change,noise,48,-0.0444793701171875,-0.002655029296875
G2:L8H15:change,noise,56,-0.09018707275390625,0.0785675048828125
G2:L8H15:change,noise,64,-0.02685546875,-0.01513671875
G2:L8H15:change,noise,82,-0.01171875,-0.055419921875
G2:L8H15:change,noise,96,-0.0004730224609375,0.089385986328125
G2:L8H15:change,noise,98,-0.07012939453125,0.0325927734375
G2:L8H15:change,noise,102,0.028057098388671875,-0.04338836669921875
G2:L8H15:change,noise,116,-0.00628662109375,0.2227783203125
G2:L8H15:change,noise,130,0.04628753662109375,-0.1697235107421875
G2:L8H15:change,noise,150,-0.033538818359375,-0.01434326171875
G2:L8H15:change,noise,154,0.07379150390625,0.0521240234375
G2:L8H15:change,noise,162,-0.038330078125,-0.09912109375
G2:L8H15:change,noise,176,0.06610107421875,0.2071533203125
G2:L8H15:change,noise,178,-0.015026092529296875,0.19895172119140625
G2:L8H15:change,noise,186,-0.038299560546875,-0.01763916015625
G2:L8H15:change,noise,192,-0.010284423828125,0.13897705078125
G2:L8H15:change,noise,196,-0.04095458984375,0.0721435546875
G2:L8H15:conditional,noise,0,0.22406005859375,0.1541748046875
G2:L8H15:conditional,noise,16,0.03057861328125,0.7452392578125
G2:L8H15:conditional,noise,32,0.76544189453125,1.3131103515625
G2:L8H15:conditional,noise,48,0.3359375,0.18017578125
G2:L8H15:conditional,noise,56,-0.24613189697265625,0.5879669189453125
G2:L8H15:conditional,noise,64,-0.0667724609375,0.372802734375
G2:L8H15:conditional,noise,82,0.34503173828125,0.3692626953125
G2:L8H15:conditional,noise,96,0.2141571044921875,0.752044677734375
G2:L8H15:conditional,noise,98,0.0308837890625,0.322021484375
G2:L8H15:conditional,noise,102,0.7261695861816406,0.10527801513671875
G2:L8H15:conditional,noise,116,0.99017333984375,-0.7359619140625
G2:L8H15:conditional,noise,130,-0.17047119140625,0.6524658203125
G2:L8H15:conditional,noise,150,0.24456787109375,0.1414794921875
G2:L8H15:conditional,noise,154,0.48388671875,0.212890625
G2:L8H15:conditional,noise,162,0.786865234375,0.60498046875
G2:L8H15:conditional,noise,176,0.73870849609375,0.2218017578125
G2:L8H15:conditional,noise,178,0.90020751953125,0.0323486328125
G2:L8H15:conditional,noise,186,0.196685791015625,0.20428466796875
G2:L8H15:conditional,noise,192,0.166595458984375,0.27154541015625
G2:L8H15:conditional,noise,196,0.29644775390625,-0.1260986328125
G2:L8H8:change,noise,0,-0.007171630859375,-0.01873779296875
G2:L8H8:change,noise,16,-0.0044403076171875,-0.002532958984375
G2:L8H8:change,noise,32,-0.0010528564453125,0.014984130859375
G2:L8H8:change,noise,48,-0.00555419921875,0.00982666015625
G2:L8H8:change,noise,56,0.00420379638671875,0.0007171630859375
G2:L8H8:change,noise,64,-0.00250244140625,0.0035400390625
G2:L8H8:change,noise,82,-0.00701904296875,0.0108642578125
G2:L8H8:change,noise,96,0.0132293701171875,0.028411865234375
G2:L8H8:change,noise,98,0.014801025390625,0.03253173828125
G2:L8H8:change,noise,102,0.0172271728515625,0.004791259765625
G2:L8H8:change,noise,116,0.007415771484375,-0.02423095703125
G2:L8H8:change,noise,130,0.0020294189453125,-0.002105712890625
G2:L8H8:change,noise,150,-0.00433349609375,-0.0203857421875
G2:L8H8:change,noise,154,0.005615234375,0.01416015625
G2:L8H8:change,noise,162,0.005859375,-0.001953125
G2:L8H8:change,noise,176,-0.00244140625,-0.02880859375
G2:L8H8:change,noise,178,0.0021076202392578125,-0.003597259521484375
G2:L8H8:change,noise,186,-0.00299072265625,0.0054931640625
G2:L8H8:change,noise,192,0.02044677734375,-0.0406494140625
G2:L8H8:change,noise,196,-0.01177978515625,0.0196533203125
G2:L8H8:conditional,noise,0,-0.00482177734375,0.0548095703125
G2:L8H8:conditional,noise,16,-0.125244140625,0.0888671875
G2:L8H8:conditional,noise,32,-0.08929443359375,-0.1151123046875
G2:L8H8:conditional,noise,48,0.00244140625,-0.0634765625
G2:L8H8:conditional,noise,56,-0.048858642578125,-0.11029052734375
G2:L8H8:conditional,noise,64,-0.019287109375,-0.08349609375
G2:L8H8:conditional,noise,82,0.0006103515625,-0.052734375
G2:L8H8:conditional,noise,96,0.05069732666015625,0.1507110595703125
G2:L8H8:conditional,noise,98,-0.0692138671875,-0.014892578125
G2:L8H8:conditional,noise,102,-0.008209228515625,0.17950439453125
G2:L8H8:conditional,noise,116,-0.129302978515625,0.10955810546875
G2:L8H8:conditional,noise,130,0.04486083984375,-0.0760498046875
G2:L8H8:conditional,noise,150,-0.04730224609375,-0.0321044921875
G2:L8H8:conditional,noise,154,-0.0223388671875,0.013427734375
G2:L8H8:conditional,noise,162,-0.12158203125,-0.009765625
G2:L8H8:conditional,noise,176,-0.0819091796875,0.032958984375
G2:L8H8:conditional,noise,178,-0.0045166015625,0.010498046875
G2:L8H8:conditional,noise,186,0.02618408203125,0.0086669921875
G2:L8H8:conditional,noise,192,-0.041259765625,0.093994140625
G2:L8H8:conditional,noise,196,-0.07232666015625,0.0587158203125
G2:L9H17:change,noise,0,-0.01251220703125,0.0345458984375
G2:L9H17:change,noise,16,0.01007080078125,-0.0120849609375
G2:L9H17:change,noise,32,-0.0142822265625,0.030517578125
G2:L9H17:change,noise,48,-0.00189208984375,-0.0108642578125
G2:L9H17:change,noise,56,0.0089874267578125,-0.008087158203125
G2:L9H17:change,noise,64,0.01611328125,0.01025390625
G2:L9H17:change,noise,82,0.0138397216796875,-0.007415771484375
G2:L9H17:change,noise,96,-0.00861358642578125,0.0442962646484375
G2:L9H17:change,noise,98,0.0006103515625,0.007080078125
G2:L9H17:change,noise,102,0.006420135498046875,0.01149749755859375
G2:L9H17:change,noise,116,-0.006134033203125,0.05511474609375
G2:L9H17:change,noise,130,0.0006866455078125,0.001556396484375
G2:L9H17:change,noise,150,-0.003509521484375,-0.01922607421875
G2:L9H17:change,noise,154,-0.0155029296875,0.033935546875
G2:L9H17:change,noise,162,-0.007568359375,0.01806640625
G2:L9H17:change,noise,176,0.0142822265625,0.014404296875
G2:L9H17:change,noise,178,0.00067901611328125,0.0111236572265625
G2:L9H17:change,noise,186,-0.0003662109375,-0.015869140625
G2:L9H17:change,noise,192,-0.001934051513671875,0.01973724365234375
G2:L9H17:change,noise,196,0.01263427734375,-0.0233154296875
G2:L9H17:conditional,noise,0,0.05694580078125,-0.0594482421875
G2:L9H17:conditional,noise,16,-0.0283203125,0.1103515625
G2:L9H17:conditional,noise,32,0.01763916015625,-0.0745849609375
G2:L9H17:conditional,noise,48,0.00830078125,0.05712890625
G2:L9H17:conditional,noise,56,0.0198211669921875,-0.033782958984375
G2:L9H17:conditional,noise,64,-0.01416015625,0.0986328125
G2:L9H17:conditional,noise,82,-0.0739288330078125,0.126617431640625
G2:L9H17:conditional,noise,96,0.143035888671875,-0.06597900390625
G2:L9H17:conditional,noise,98,-0.0089111328125,-0.017333984375
G2:L9H17:conditional,noise,102,0.021820068359375,-0.04852294921875
G2:L9H17:conditional,noise,116,0.238128662109375,-0.32061767578125
G2:L9H17:conditional,noise,130,-0.02447509765625,0.0284423828125
G2:L9H17:conditional,noise,150,0.0211181640625,0.053466796875
G2:L9H17:conditional,noise,154,0.1617431640625,-0.218994140625
G2:L9H17:conditional,noise,162,-0.1103515625,0.087890625
G2:L9H17:conditional,noise,176,0.055908203125,0.048828125
G2:L9H17:conditional,noise,178,0.08050537109375,0.0194091796875
G2:L9H17:conditional,noise,186,0.0780029296875,0.037353515625
G2:L9H17:conditional,noise,192,0.060443878173828125,-0.07230377197265625
G2:L9H17:conditional,noise,196,-0.00201416015625,0.0802001953125
G2:L9H6:change,noise,0,0.018890380859375,-0.03350830078125
G2:L9H6:change,noise,16,0.0030670166015625,0.005157470703125
G2:L9H6:change,noise,32,0.0236358642578125,-0.051361083984375
G2:L9H6:change,noise,48,0.00272369384765625,-0.0304718017578125
G2:L9H6:change,noise,56,-0.0030670166015625,0.008514404296875
G2:L9H6:change,noise,64,0.0052490234375,0.014892578125
G2:L9H6:change,noise,82,-0.018310546875,-0.005859375
G2:L9H6:change,noise,96,0.00537872314453125,0.0048980712890625
G2:L9H6:change,noise,98,0.01300048828125,0.1151123046875
G2:L9H6:change,noise,102,0.0059967041015625,0.023468017578125
G2:L9H6:change,noise,116,0.011016845703125,-0.06292724609375
G2:L9H6:change,noise,130,-0.0101470947265625,-0.009490966796875
G2:L9H6:change,noise,150,-0.00140380859375,-0.0213623046875
G2:L9H6:change,noise,154,0.0023193359375,-0.002685546875
G2:L9H6:change,noise,162,-0.0054931640625,0.000732421875
G2:L9H6:change,noise,176,-0.01123046875,-0.00732421875
G2:L9H6:change,noise,178,0.0017299652099609375,-0.001422882080078125
G2:L9H6:change,noise,186,-0.0157470703125,0.00537109375
G2:L9H6:change,noise,192,-0.00031280517578125,0.0182037353515625
G2:L9H6:change,noise,196,-0.01776123046875,0.0140380859375
G2:L9H6:conditional,noise,0,-0.1048583984375,0.008056640625
G2:L9H6:conditional,noise,16,-0.2418212890625,0.189697265625
G2:L9H6:conditional,noise,32,-0.08782958984375,-0.0257568359375
G2:L9H6:conditional,noise,48,-0.029541015625,0.0205078125
G2:L9H6:conditional,noise,56,-0.0328369140625,-0.001220703125
G2:L9H6:conditional,noise,64,-0.04248046875,0.0498046875
G2:L9H6:conditional,noise,82,0.096435546875,-0.095703125
G2:L9H6:conditional,noise,96,-0.0300445556640625,-0.133819580078125
G2:L9H6:conditional,noise,98,-0.183837890625,0.03369140625
G2:L9H6:conditional,noise,102,-0.05743408203125,0.0406494140625
G2:L9H6:conditional,noise,116,-0.226959228515625,0.12322998046875
G2:L9H6:conditional,noise,130,-0.05712890625,-0.0439453125
G2:L9H6:conditional,noise,150,-0.026123046875,-0.03564453125
G2:L9H6:conditional,noise,154,0.0052490234375,0.087158203125
G2:L9H6:conditional,noise,162,-0.0374755859375,0.084228515625
G2:L9H6:conditional,noise,176,-0.0404052734375,-0.094970703125
G2:L9H6:conditional,noise,178,-0.057861328125,-0.07275390625
G2:L9H6:conditional,noise,186,0.05804443359375,-0.0828857421875
G2:L9H6:conditional,noise,192,0.05248260498046875,-0.0434417724609375
G2:L9H6:conditional,noise,196,-0.21112060546875,0.1507568359375
G2group:negative:change,noise,0,0.275787353515625,-0.21405029296875
G2group:negative:change,noise,16,-0.4494171142578125,-0.433502197265625
G2group:negative:change,noise,32,-0.1460723876953125,-1.624664306640625
G2group:negative:change,noise,48,-0.15308761596679688,-0.48581695556640625
G2group:negative:change,noise,56,-0.4940338134765625,0.724822998046875
G2group:negative:change,noise,64,-0.0255126953125,-0.117919921875
G2group:negative:change,noise,82,0.128814697265625,0.16522216796875
G2group:negative:change,noise,96,-0.5236740112304688,-0.0615081787109375
G2group:negative:change,noise,98,-0.082550048828125,0.57537841796875
G2group:negative:change,noise,102,-0.10527801513671875,-0.2689056396484375
G2group:negative:change,noise,116,-0.27642822265625,-0.7940673828125
G2group:negative:change,noise,130,0.048946380615234375,0.06372833251953125
G2group:negative:change,noise,150,0.7694244384765625,-0.538787841796875
G2group:negative:change,noise,154,-0.1009368896484375,-0.545440673828125
G2group:negative:change,noise,162,-0.299072265625,0.63427734375
G2group:negative:change,noise,176,-0.301025390625,-0.38916015625
G2group:negative:change,noise,178,-0.20808029174804688,-0.31020355224609375
G2group:negative:change,noise,186,-0.31488037109375,-0.3819580078125
G2group:negative:change,noise,192,-0.2126922607421875,-0.789459228515625
G2group:negative:change,noise,196,-0.15191650390625,-0.1141357421875
G2group:negative:intact,noise,0,-3.426422119140625,-0.32354736328125
G2group:negative:intact,noise,16,-1.2048797607421875,-0.325775146484375
G2group:negative:intact,noise,32,-4.4186248779296875,-1.984222412109375
G2group:negative:intact,noise,48,-1.9913330078125,-1.546630859375
G2group:negative:intact,noise,56,-1.8377532958984375,0.361602783203125
G2group:negative:intact,noise,64,-0.777099609375,0.29052734375
G2group:negative:intact,noise,82,-1.3931884765625,-2.157958984375
G2group:negative:intact,noise,96,-5.777229309082031,2.6432952880859375
G2group:negative:intact,noise,98,-2.1417236328125,0.294921875
G2group:negative:intact,noise,102,-3.0028152465820312,1.3620452880859375
G2group:negative:intact,noise,116,-2.13775634765625,0.3914794921875
G2group:negative:intact,noise,130,-1.9361419677734375,-0.120391845703125
G2group:negative:intact,noise,150,-3.732025146484375,-0.78338623046875
G2group:negative:intact,noise,154,-1.9531402587890625,-0.204803466796875
G2group:negative:intact,noise,162,-1.779052734375,0.51513671875
G2group:negative:intact,noise,176,-1.47802734375,1.16455078125
G2group:negative:intact,noise,178,-2.240589141845703,-0.6423110961914062
G2group:negative:intact,noise,186,-1.99658203125,0.271484375
G2group:negative:intact,noise,192,-1.86578369140625,1.8673095703125
G2group:negative:intact,noise,196,-1.7890625,0.34375
G2group:negative:weakened,noise,0,-3.150634765625,-0.53759765625
G2group:negative:weakened,noise,16,-1.654296875,-0.75927734375
G2group:negative:weakened,noise,32,-4.564697265625,-3.60888671875
G2group:negative:weakened,noise,48,-2.144420623779297,-2.0324478149414062
G2group:negative:weakened,noise,56,-2.331787109375,1.08642578125
G2group:negative:weakened,noise,64,-0.8026123046875,0.172607421875
G2group:negative:weakened,noise,82,-1.264373779296875,-1.99273681640625
G2group:negative:weakened,noise,96,-6.3009033203125,2.581787109375
G2group:negative:weakened,noise,98,-2.224273681640625,0.87030029296875
G2group:negative:weakened,noise,102,-3.10809326171875,1.0931396484375
G2group:negative:weakened,noise,116,-2.4141845703125,-0.402587890625
G2group:negative:weakened,noise,130,-1.8871955871582031,-0.05666351318359375
G2group:negative:weakened,noise,150,-2.9626007080078125,-1.322174072265625
G2group:negative:weakened,noise,154,-2.0540771484375,-0.750244140625
G2group:negative:weakened,noise,162,-2.078125,1.1494140625
G2group:negative:weakened,noise,176,-1.779052734375,0.775390625
G2group:negative:weakened,noise,178,-2.44866943359375,-0.9525146484375
G2group:negative:weakened,noise,186,-2.31146240234375,-0.1104736328125
G2group:negative:weakened,noise,192,-2.0784759521484375,1.077850341796875
G2group:negative:weakened,noise,196,-1.94097900390625,0.2296142578125
G2group:positive:change,noise,0,0.1303863525390625,0.850616455078125
G2group:positive:change,noise,16,-0.4972686767578125,-0.272613525390625
G2group:positive:change,noise,32,-0.7140541076660156,0.10626983642578125
G2group:positive:change,noise,48,-0.1605072021484375,-0.095733642578125
G2group:positive:change,noise,56,0.1428070068359375,0.334320068359375
G2group:positive:change,noise,64,0.3363037109375,0.573486328125
G2group:positive:change,noise,82,-0.27722930908203125,-0.4319000244140625
G2group:positive:change,noise,96,-0.14403533935546875,0.2358551025390625
G2group:positive:change,noise,98,-0.871337890625,-0.543701171875
G2group:positive:change,noise,102,-0.10622406005859375,0.6857452392578125
G2group:positive:change,noise,116,-0.2750244140625,0.4603271484375
G2group:positive:change,noise,130,0.0758209228515625,0.354705810546875
G2group:positive:change,noise,150,0.034698486328125,0.05133056640625
G2group:positive:change,noise,154,-0.1365966796875,0.975341796875
G2group:positive:change,noise,162,-0.6071929931640625,0.238250732421875
G2group:positive:change,noise,176,-0.3751220703125,0.628662109375
G2group:positive:change,noise,178,-0.021358489990234375,0.5702590942382812
G2group:positive:change,noise,186,-0.0950927734375,0.368896484375
G2group:positive:change,noise,192,-0.2314910888671875,0.748138427734375
G2group:positive:change,noise,196,-0.0328521728515625,0.288055419921875
G2group:positive:intact,noise,0,3.0886993408203125,1.704742431640625
G2group:positive:intact,noise,16,4.5119781494140625,0.491241455078125
G2group:positive:intact,noise,32,5.224369049072266,2.7207565307617188
G2group:positive:intact,noise,48,3.9627532958984375,4.112335205078125
G2group:positive:intact,noise,56,5.1976470947265625,-1.043548583984375
G2group:positive:intact,noise,64,3.60205078125,3.1572265625
G2group:positive:intact,noise,82,4.2667236328125,2.527587890625
G2group:positive:intact,noise,96,7.966178894042969,-0.5290679931640625
G2group:positive:intact,noise,98,5.5377197265625,-0.6259765625
G2group:positive:intact,noise,102,6.473350524902344,0.3134002685546875
G2group:positive:intact,noise,116,6.604766845703125,3.85980224609375
G2group:positive:intact,noise,130,4.7446746826171875,-0.088470458984375
G2group:positive:intact,noise,150,3.033599853515625,0.91436767578125
G2group:positive:intact,noise,154,4.4461669921875,1.888916015625
G2group:positive:intact,noise,162,6.91912841796875,-1.0101318359375
G2group:positive:intact,noise,176,5.9140625,1.9755859375
G2group:positive:intact,noise,178,6.128231048583984,4.136650085449219
G2group:positive:intact,noise,186,7.5859375,5.158935546875
G2group:positive:intact,noise,192,6.96722412109375,2.3941650390625
G2group:positive:intact,noise,196,5.6730499267578125,1.221099853515625
G2group:positive:weakened,noise,0,3.219085693359375,2.55535888671875
G2group:positive:weakened,noise,16,4.01470947265625,0.2186279296875
G2group:positive:weakened,noise,32,4.51031494140625,2.8270263671875
G2group:positive:weakened,noise,48,3.80224609375,4.0166015625
G2group:positive:weakened,noise,56,5.3404541015625,-0.709228515625
G2group:positive:weakened,noise,64,3.9383544921875,3.730712890625
G2group:positive:weakened,noise,82,3.9894943237304688,2.0956878662109375
G2group:positive:weakened,noise,96,7.8221435546875,-0.293212890625
G2group:positive:weakened,noise,98,4.6663818359375,-1.169677734375
G2group:positive:weakened,noise,102,6.36712646484375,0.9991455078125
G2group:positive:weakened,noise,116,6.329742431640625,4.32012939453125
G2group:positive:weakened,noise,130,4.82049560546875,0.2662353515625
G2group:positive:weakened,noise,150,3.06829833984375,0.9656982421875
G2group:positive:weakened,noise,154,4.3095703125,2.8642578125
G2group:positive:weakened,noise,162,6.3119354248046875,-0.771881103515625
G2group:positive:weakened,noise,176,5.5389404296875,2.604248046875
G2group:positive:weakened,noise,178,6.10687255859375,4.7069091796875
G2group:positive:weakened,noise,186,7.4908447265625,5.52783203125
G2group:positive:weakened,noise,192,6.7357330322265625,3.142303466796875
G2group:positive:weakened,noise,196,5.64019775390625,1.5091552734375
G2group:reference1:change,noise,0,-0.069732666015625,0.00799560546875
G2group:reference1:change,noise,16,-0.01036834716796875,-0.0041351318359375
G2group:reference1:change,noise,32,0.0392303466796875,-0.189605712890625
G2group:reference1:change,noise,48,-0.0018463134765625,-0.045623779296875
G2group:reference1:change,noise,56,-0.010000228881835938,0.002788543701171875
G2group:reference1:change,noise,64,0.04437255859375,-0.0150146484375
G2group:reference1:change,noise,82,-0.0164794921875,0.05322265625
G2group:reference1:change,noise,96,0.015438079833984375,-0.10193634033203125
G2group:reference1:change,noise,98,-0.0013427734375,-0.055419921875
G2group:reference1:change,noise,102,-0.0048656463623046875,0.08340835571289062
G2group:reference1:change,noise,116,-0.03643798828125,-0.0855712890625
G2group:reference1:change,noise,130,-0.0084381103515625,0.067657470703125
G2group:reference1:change,noise,150,0.064788818359375,0.04705810546875
G2group:reference1:change,noise,154,-0.0718994140625,0.044677734375
G2group:reference1:change,noise,162,-0.03466796875,0.005859375
G2group:reference1:change,noise,176,-0.020263671875,-0.00927734375
G2group:reference1:change,noise,178,0.026065826416015625,-0.00841522216796875
G2group:reference1:change,noise,186,-0.060546875,-0.094482421875
G2group:reference1:change,noise,192,-0.031982421875,-0.0191650390625
G2group:reference1:change,noise,196,-0.013642311096191406,0.07415962219238281
G2group:reference1:intact,noise,0,0.17822265625,-0.3076171875
G2group:reference1:intact,noise,16,0.35277557373046875,-0.3061676025390625
G2group:reference1:intact,noise,32,0.0509185791015625,0.474395751953125
G2group:reference1:intact,noise,48,-0.0683441162109375,-0.001495361328125
G2group:reference1:intact,noise,56,-0.122161865234375,0.04718017578125
G2group:reference1:intact,noise,64,0.05169677734375,0.1383056640625
G2group:reference1:intact,noise,82,0.27947998046875,0.0982666015625
G2group:reference1:intact,noise,96,-0.27225494384765625,-0.1416778564453125
G2group:reference1:intact,noise,98,-0.0657958984375,-0.274658203125
G2group:reference1:intact,noise,102,0.3444957733154297,-1.4452857971191406
G2group:reference1:intact,noise,116,-0.2000732421875,-0.205810546875
G2group:reference1:intact,noise,130,-0.0332489013671875,-0.383697509765625
G2group:reference1:intact,noise,150,0.021636962890625,-0.31219482421875
G2group:reference1:intact,noise,154,0.1781005859375,-0.364501953125
G2group:reference1:intact,noise,162,0.21630859375,0.1728515625
G2group:reference1:intact,noise,176,0.0999755859375,0.011474609375
G2group:reference1:intact,noise,178,0.2560997009277344,-0.36865997314453125
G2group:reference1:intact,noise,186,0.13751220703125,-0.0750732421875
G2group:reference1:intact,noise,192,-0.03363037109375,0.0911865234375
G2group:reference1:intact,noise,196,-0.126953125,-0.57421875
G2group:reference1:weakened,noise,0,0.108489990234375,-0.29962158203125
G2group:reference1:weakened,noise,16,0.3424072265625,-0.310302734375
G2group:reference1:weakened,noise,32,0.09014892578125,0.2847900390625
G2group:reference1:weakened,noise,48,-0.0701904296875,-0.047119140625
G2group:reference1:weakened,noise,56,-0.13216209411621094,0.049968719482421875
G2group:reference1:weakened,noise,64,0.0960693359375,0.123291015625
G2group:reference1:weakened,noise,82,0.26300048828125,0.1514892578125
G2group:reference1:weakened,noise,96,-0.2568168640136719,-0.24361419677734375
G2group:reference1:weakened,noise,98,-0.067138671875,-0.330078125
G2group:reference1:weakened,noise,102,0.339630126953125,-1.36187744140625
G2group:reference1:weakened,noise,116,-0.23651123046875,-0.2913818359375
G2group:reference1:weakened,noise,130,-0.04168701171875,-0.3160400390625
G2group:reference1:weakened,noise,150,0.08642578125,-0.26513671875
G2group:reference1:weakened,noise,154,0.106201171875,-0.31982421875
G2group:reference1:weakened,noise,162,0.181640625,0.1787109375
G2group:reference1:weakened,noise,176,0.0797119140625,0.002197265625
G2group:reference1:weakened,noise,178,0.28216552734375,-0.3770751953125
G2group:reference1:weakened,noise,186,0.07696533203125,-0.1695556640625
G2group:reference1:weakened,noise,192,-0.06561279296875,0.072021484375
G2group:reference1:weakened,noise,196,-0.1405954360961914,-0.5000591278076172
G2group:reference2:change,noise,0,-0.0146484375,0.05615234375
G2group:reference2:change,noise,16,-0.0016613006591796875,-0.028713226318359375
G2group:reference2:change,noise,32,0.0200958251953125,-0.048675537109375
G2group:reference2:change,noise,48,0.00455474853515625,0.0002288818359375
G2group:reference2:change,noise,56,-0.00586700439453125,-0.0252227783203125
G2group:reference2:change,noise,64,0.02069091796875,0.0245361328125
G2group:reference2:change,noise,82,-0.07745361328125,-0.2183837890625
G2group:reference2:change,noise,96,0.023193359375,-0.005859375
G2group:reference2:change,noise,98,0.012176513671875,0.10699462890625
G2group:reference2:change,noise,102,-0.20275115966796875,-0.2014007568359375
G2group:reference2:change,noise,116,-0.239715576171875,-0.40423583984375
G2group:reference2:change,noise,130,0.1205596923828125,-0.023345947265625
G2group:reference2:change,noise,150,-0.012725830078125,-0.05377197265625
G2group:reference2:change,noise,154,0.0601806640625,0.037353515625
G2group:reference2:change,noise,162,0.0054931640625,-0.025146484375
G2group:reference2:change,noise,176,-0.5050048828125,0.069580078125
G2group:reference2:change,noise,178,0.015628814697265625,0.03907012939453125
G2group:reference2:change,noise,186,0.0302734375,-0.01806640625
G2group:reference2:change,noise,192,0.02867889404296875,0.0158843994140625
G2group:reference2:change,noise,196,0.01287841796875,-0.0198974609375
G2group:reference2:intact,noise,0,0.22894287109375,-0.0191650390625
G2group:reference2:intact,noise,16,0.2102184295654297,0.002468109130859375
G2group:reference2:intact,noise,32,-0.0684356689453125,-0.111968994140625
G2group:reference2:intact,noise,48,-0.20285797119140625,-0.2149505615234375
G2group:reference2:intact,noise,56,0.03426361083984375,-0.0945587158203125
G2group:reference2:intact,noise,64,-0.04437255859375,0.1146240234375
G2group:reference2:intact,noise,82,0.11474609375,0.9951171875
G2group:reference2:intact,noise,96,0.0318756103515625,0.160430908203125
G2group:reference2:intact,noise,98,-0.066619873046875,-0.23150634765625
G2group:reference2:intact,noise,102,0.46532440185546875,0.5004730224609375
G2group:reference2:intact,noise,116,0.783447265625,0.97412109375
G2group:reference2:intact,noise,130,0.0382537841796875,-0.472015380859375
G2group:reference2:intact,noise,150,0.043487548828125,0.12115478515625
G2group:reference2:intact,noise,154,-0.1607666015625,-0.008056640625
G2group:reference2:intact,noise,162,-0.122802734375,0.14794921875
G2group:reference2:intact,noise,176,1.935302734375,1.06884765625
G2group:reference2:intact,noise,178,-0.031253814697265625,-0.17090606689453125
G2group:reference2:intact,noise,186,0.1483154296875,0.422119140625
G2group:reference2:intact,noise,192,-0.07904052734375,0.0589599609375
G2group:reference2:intact,noise,196,0.37939453125,-0.1611328125
G2group:reference2:weakened,noise,0,0.21429443359375,0.0369873046875
G2group:reference2:weakened,noise,16,0.20855712890625,-0.0262451171875
G2group:reference2:weakened,noise,32,-0.04833984375,-0.16064453125
G2group:reference2:weakened,noise,48,-0.19830322265625,-0.2147216796875
G2group:reference2:weakened,noise,56,0.0283966064453125,-0.119781494140625
G2group:reference2:weakened,noise,64,-0.023681640625,0.13916015625
G2group:reference2:weakened,noise,82,0.03729248046875,0.7767333984375
G2group:reference2:weakened,noise,96,0.0550689697265625,0.154571533203125
G2group:reference2:weakened,noise,98,-0.054443359375,-0.12451171875
G2group:reference2:weakened,noise,102,0.2625732421875,0.299072265625
G2group:reference2:weakened,noise,116,0.543731689453125,0.56988525390625
G2group:reference2:weakened,noise,130,0.1588134765625,-0.495361328125
G2group:reference2:weakened,noise,150,0.03076171875,0.0673828125
G2group:reference2:weakened,noise,154,-0.1005859375,0.029296875
G2group:reference2:weakened,noise,162,-0.1173095703125,0.122802734375
G2group:reference2:weakened,noise,176,1.4302978515625,1.138427734375
G2group:reference2:weakened,noise,178,-0.015625,-0.1318359375
G2group:reference2:weakened,noise,186,0.1785888671875,0.404052734375
G2group:reference2:weakened,noise,192,-0.05036163330078125,0.0748443603515625
G2group:reference2:weakened,noise,196,0.39227294921875,-0.1810302734375
G2group:reference3:change,noise,0,-0.024322509765625,-0.03350830078125
G2group:reference3:change,noise,16,-0.04449462890625,-0.0382080078125
G2group:reference3:change,noise,32,0.020660400390625,-0.28192138671875
G2group:reference3:change,noise,48,0.0604248046875,-0.066162109375
G2group:reference3:change,noise,56,0.028156280517578125,-0.00984954833984375
G2group:reference3:change,noise,64,-0.00335693359375,-0.0435791015625
G2group:reference3:change,noise,82,0.06182861328125,0.1795654296875
G2group:reference3:change,noise,96,0.04883909225463867,0.0009984970092773438
G2group:reference3:change,noise,98,0.02734375,0.0537109375
G2group:reference3:change,noise,102,-0.054473876953125,0.1134033203125
G2group:reference3:change,noise,116,-0.053741455078125,-0.07965087890625
G2group:reference3:change,noise,130,0.0220184326171875,0.065826416015625
G2group:reference3:change,noise,150,0.03179931640625,-0.0531005859375
G2group:reference3:change,noise,154,0.00537109375,-0.01611328125
G2group:reference3:change,noise,162,-0.0091552734375,0.042236328125
G2group:reference3:change,noise,176,0.0279541015625,0.062255859375
G2group:reference3:change,noise,178,0.006702423095703125,-0.03347015380859375
G2group:reference3:change,noise,186,0.001220703125,-0.0830078125
G2group:reference3:change,noise,192,0.0333404541015625,-0.180694580078125
G2group:reference3:change,noise,196,-0.04461669921875,0.0657958984375
G2group:reference3:intact,noise,0,0.098785400390625,-0.20526123046875
G2group:reference3:intact,noise,16,0.05413818359375,-0.5025634765625
G2group:reference3:intact,noise,32,-0.39544677734375,-0.3646240234375
G2group:reference3:intact,noise,48,-0.6427001953125,0.351806640625
G2group:reference3:intact,noise,56,-0.17372512817382812,-0.34500885009765625
G2group:reference3:intact,noise,64,0.03326416015625,-0.3804931640625
G2group:reference3:intact,noise,82,-0.41180419921875,-1.1085205078125
G2group:reference3:intact,noise,96,0.08934450149536133,-0.5464086532592773
G2group:reference3:intact,noise,98,-0.18017578125,-0.47412109375
G2group:reference3:intact,noise,102,0.2020111083984375,-0.412384033203125
G2group:reference3:intact,noise,116,0.06109619140625,-0.4149169921875
G2group:reference3:intact,noise,130,-0.1216278076171875,-0.424224853515625
G2group:reference3:intact,noise,150,0.01763916015625,-0.0731201171875
G2group:reference3:intact,noise,154,-0.0240478515625,-0.259033203125
G2group:reference3:intact,noise,162,-0.38330078125,0.0458984375
G2group:reference3:intact,noise,176,0.28173828125,-0.4404296875
G2group:reference3:intact,noise,178,-0.044239044189453125,-0.28769683837890625
G2group:reference3:intact,noise,186,-0.095947265625,0.22802734375
G2group:reference3:intact,noise,192,-0.04876708984375,0.4368896484375
G2group:reference3:intact,noise,196,-0.1240234375,-0.724609375
G2group:reference3:weakened,noise,0,0.074462890625,-0.23876953125
G2group:reference3:weakened,noise,16,0.0096435546875,-0.540771484375
G2group:reference3:weakened,noise,32,-0.374786376953125,-0.64654541015625
G2group:reference3:weakened,noise,48,-0.582275390625,0.28564453125
G2group:reference3:weakened,noise,56,-0.14556884765625,-0.3548583984375
G2group:reference3:weakened,noise,64,0.0299072265625,-0.424072265625
G2group:reference3:weakened,noise,82,-0.3499755859375,-0.928955078125
G2group:reference3:weakened,noise,96,0.13818359375,-0.54541015625
G2group:reference3:weakened,noise,98,-0.15283203125,-0.42041015625
G2group:reference3:weakened,noise,102,0.1475372314453125,-0.298980712890625
G2group:reference3:weakened,noise,116,0.007354736328125,-0.49456787109375
G2group:reference3:weakened,noise,130,-0.099609375,-0.3583984375
G2group:reference3:weakened,noise,150,0.0494384765625,-0.126220703125
G2group:reference3:weakened,noise,154,-0.0186767578125,-0.275146484375
G2group:reference3:weakened,noise,162,-0.3924560546875,0.088134765625
G2group:reference3:weakened,noise,176,0.3096923828125,-0.378173828125
G2group:reference3:weakened,noise,178,-0.03753662109375,-0.3211669921875
G2group:reference3:weakened,noise,186,-0.0947265625,0.14501953125
G2group:reference3:weakened,noise,192,-0.0154266357421875,0.256195068359375
G2group:reference3:weakened,noise,196,-0.16864013671875,-0.6588134765625
G2group:reference4:change,noise,0,-0.058746337890625,0.14715576171875
G2group:reference4:change,noise,16,-0.04107666015625,-0.0347900390625
G2group:reference4:change,noise,32,0.12493133544921875,-0.0948638916015625
G2group:reference4:change,noise,48,0.10418701171875,-0.000732421875
G2group:reference4:change,noise,56,-0.0473785400390625,0.073944091796875
G2group:reference4:change,noise,64,0.00115966796875,-0.0155029296875
G2group:reference4:change,noise,82,-0.0150146484375,-0.056884765625
G2group:reference4:change,noise,96,-0.06951141357421875,-0.0247650146484375
G2group:reference4:change,noise,98,0.038238525390625,-0.10589599609375
G2group:reference4:change,noise,102,-0.03493499755859375,-0.0009002685546875
G2group:reference4:change,noise,116,-0.017364501953125,0.08197021484375
G2group:reference4:change,noise,130,-0.1044464111328125,-0.001556396484375
G2group:reference4:change,noise,150,-0.017547607421875,-0.05120849609375
G2group:reference4:change,noise,154,-0.022705078125,0.06591796875
G2group:reference4:change,noise,162,0.0069580078125,-0.053466796875
G2group:reference4:change,noise,176,0.01953125,-0.00341796875
G2group:reference4:change,noise,178,0.06618118286132812,0.01224517822265625
G2group:reference4:change,noise,186,0.043731689453125,-0.11248779296875
G2group:reference4:change,noise,192,0.0432281494140625,-0.286651611328125
G2group:reference4:change,noise,196,-0.03668212890625,0.0186767578125
G2group:reference4:intact,noise,0,0.408050537109375,-0.24200439453125
G2group:reference4:intact,noise,16,-0.1446533203125,-0.254150390625
G2group:reference4:intact,noise,32,-0.31560516357421875,0.4430084228515625
G2group:reference4:intact,noise,48,-0.4488525390625,0.3760986328125
G2group:reference4:intact,noise,56,-0.1758270263671875,0.296295166015625
G2group:reference4:intact,noise,64,-0.4285888671875,0.459228515625
G2group:reference4:intact,noise,82,-0.33984375,0.09375
G2group:reference4:intact,noise,96,0.01337432861328125,1.5921783447265625
G2group:reference4:intact,noise,98,0.247772216796875,-1.02276611328125
G2group:reference4:intact,noise,102,0.18651580810546875,-0.4858551025390625
G2group:reference4:intact,noise,116,-0.1800537109375,0.202392578125
G2group:reference4:intact,noise,130,0.1355743408203125,-0.241363525390625
G2group:reference4:intact,noise,150,0.050079345703125,0.09527587890625
G2group:reference4:intact,noise,154,-0.041015625,-0.296875
G2group:reference4:intact,noise,162,-0.109375,0.251953125
G2group:reference4:intact,noise,176,0.010498046875,0.00341796875
G2group:reference4:intact,noise,178,-0.11684036254882812,0.5036239624023438
G2group:reference4:intact,noise,186,-0.454071044921875,1.71783447265625
G2group:reference4:intact,noise,192,-0.57025146484375,0.6903076171875
G2group:reference4:intact,noise,196,-0.1337890625,0.326171875
G2group:reference4:weakened,noise,0,0.34930419921875,-0.0948486328125
G2group:reference4:weakened,noise,16,-0.18572998046875,-0.2889404296875
G2group:reference4:weakened,noise,32,-0.190673828125,0.34814453125
G2group:reference4:weakened,noise,48,-0.34466552734375,0.3753662109375
G2group:reference4:weakened,noise,56,-0.22320556640625,0.3702392578125
G2group:reference4:weakened,noise,64,-0.42742919921875,0.4437255859375
G2group:reference4:weakened,noise,82,-0.3548583984375,0.036865234375
G2group:reference4:weakened,noise,96,-0.0561370849609375,1.567413330078125
G2group:reference4:weakened,noise,98,0.2860107421875,-1.128662109375
G2group:reference4:weakened,noise,102,0.151580810546875,-0.48675537109375
G2group:reference4:weakened,noise,116,-0.197418212890625,0.28436279296875
G2group:reference4:weakened,noise,130,0.0311279296875,-0.242919921875
G2group:reference4:weakened,noise,150,0.03253173828125,0.0440673828125
G2group:reference4:weakened,noise,154,-0.063720703125,-0.23095703125
G2group:reference4:weakened,noise,162,-0.1024169921875,0.198486328125
G2group:reference4:weakened,noise,176,0.030029296875,0.0
G2group:reference4:weakened,noise,178,-0.0506591796875,0.515869140625
G2group:reference4:weakened,noise,186,-0.41033935546875,1.6053466796875
G2group:reference4:weakened,noise,192,-0.5270233154296875,0.403656005859375
G2group:reference4:weakened,noise,196,-0.17047119140625,0.3448486328125
G2group:residual23:change,noise,0,0.07159423828125,0.0257568359375
G2group:residual23:change,noise,16,-0.0989837646484375,0.003692626953125
G2group:residual23:change,noise,32,0.2187347412109375,0.620086669921875
G2group:residual23:change,noise,48,0.0844879150390625,-0.188323974609375
G2group:residual23:change,noise,56,-0.0406036376953125,-0.185089111328125
G2group:residual23:change,noise,64,-0.072021484375,-0.08544921875
G2group:residual23:change,noise,82,0.154998779296875,0.23907470703125
G2group:residual23:change,noise,96,0.28333282470703125,-0.1999359130859375
G2group:residual23:change,noise,98,-0.29941558837890625,0.1512908935546875
G2group:residual23:change,noise,102,0.17801618576049805,0.2918252944946289
G2group:residual23:change,noise,116,-0.131072998046875,-0.03656005859375
G2group:residual23:change,noise,130,-0.1686248779296875,-0.165191650390625
G2group:residual23:change,noise,150,0.356689453125,0.0501708984375
G2group:residual23:change,noise,154,0.2248992919921875,0.303131103515625
G2group:residual23:change,noise,162,-0.0419921875,0.0263671875
G2group:residual23:change,noise,176,0.081695556640625,0.13861083984375
G2group:residual23:change,noise,178,-0.010845184326171875,0.00614166259765625
G2group:residual23:change,noise,186,0.04119873046875,-0.1573486328125
G2group:residual23:change,noise,192,0.003246307373046875,0.10031890869140625
G2group:residual23:change,noise,196,-0.05963134765625,0.0704345703125
G2group:residual23:intact,noise,0,0.66796875,0.669921875
G2group:residual23:intact,noise,16,-0.5558624267578125,0.785736083984375
G2group:residual23:intact,noise,32,1.4116363525390625,0.825714111328125
G2group:residual23:intact,noise,48,0.0151824951171875,1.322479248046875
G2group:residual23:intact,noise,56,0.2930145263671875,0.107513427734375
G2group:residual23:intact,noise,64,-0.99810791015625,0.9947509765625
G2group:residual23:intact,noise,82,-0.1859130859375,-0.572998046875
G2group:residual23:intact,noise,96,-0.15247344970703125,2.6447601318359375
G2group:residual23:intact,noise,98,0.47861480712890625,-0.0077362060546875
G2group:residual23:intact,noise,102,2.430809497833252,-0.8493204116821289
G2group:residual23:intact,noise,116,0.35870361328125,0.1871337890625
G2group:residual23:intact,noise,130,-1.2005767822265625,0.384063720703125
G2group:residual23:intact,noise,150,0.092620849609375,-0.13018798828125
G2group:residual23:intact,noise,154,0.2106475830078125,1.191986083984375
G2group:residual23:intact,noise,162,-0.09619140625,0.8896484375
G2group:residual23:intact,noise,176,0.70623779296875,0.3809814453125
G2group:residual23:intact,noise,178,-0.18428421020507812,0.5357284545898438
G2group:residual23:intact,noise,186,-0.51373291015625,1.1522216796875
G2group:residual23:intact,noise,192,-0.224609375,1.267333984375
G2group:residual23:intact,noise,196,-0.8125,0.1328125
G2group:residual23:weakened,noise,0,0.73956298828125,0.6956787109375
G2group:residual23:weakened,noise,16,-0.65484619140625,0.7894287109375
G2group:residual23:weakened,noise,32,1.63037109375,1.44580078125
G2group:residual23:weakened,noise,48,0.09967041015625,1.1341552734375
G2group:residual23:weakened,noise,56,0.252410888671875,-0.07757568359375
G2group:residual23:weakened,noise,64,-1.07012939453125,0.9093017578125
G2group:residual23:weakened,noise,82,-0.030914306640625,-0.33392333984375
G2group:residual23:weakened,noise,96,0.130859375,2.44482421875
G2group:residual23:weakened,noise,98,0.17919921875,0.1435546875
G2group:residual23:weakened,noise,102,2.60882568359375,-0.5574951171875
G2group:residual23:weakened,noise,116,0.227630615234375,0.15057373046875
G2group:residual23:weakened,noise,130,-1.36920166015625,0.2188720703125
G2group:residual23:weakened,noise,150,0.449310302734375,-0.08001708984375
G2group:residual23:weakened,noise,154,0.435546875,1.4951171875
G2group:residual23:weakened,noise,162,-0.13818359375,0.916015625
G2group:residual23:weakened,noise,176,0.787933349609375,0.51959228515625
G2group:residual23:weakened,noise,178,-0.19512939453125,0.5418701171875
G2group:residual23:weakened,noise,186,-0.4725341796875,0.994873046875
G2group:residual23:weakened,noise,192,-0.22136306762695312,1.3676528930664062
G2group:residual23:weakened,noise,196,-0.87213134765625,0.2032470703125
