id,direction,family,effect,order_delta
0061023199c64b643fb3,noise,0,1.8668212890625,0.842041015625
0061023199c64b643fb3,noise,16,2.1782379150390625,0.892608642578125
0061023199c64b643fb3,noise,32,2.8039703369140625,2.029815673828125
0061023199c64b643fb3,noise,48,1.443359375,2.028076171875
0061023199c64b643fb3,noise,56,2.0546722412109375,-1.749298095703125
0061023199c64b643fb3,noise,64,1.0029296875,1.0498046875
0061023199c64b643fb3,noise,82,1.263702392578125,1.55364990234375
0061023199c64b643fb3,noise,96,1.3483047485351562,-0.0558319091796875
0061023199c64b643fb3,noise,98,2.5599365234375,0.85009765625
0061023199c64b643fb3,noise,102,2.4625167846679688,2.3257904052734375
0061023199c64b643fb3,noise,116,1.21624755859375,1.9822998046875
0061023199c64b643fb3,noise,130,1.8339080810546875,1.288726806640625
0061023199c64b643fb3,noise,150,2.656890869140625,0.86993408203125
0061023199c64b643fb3,noise,154,1.861083984375,1.37451171875
0061023199c64b643fb3,noise,162,2.3402099609375,-0.238525390625
0061023199c64b643fb3,noise,176,1.89990234375,0.71044921875
0061023199c64b643fb3,noise,178,1.2415885925292969,0.8630599975585938
0061023199c64b643fb3,noise,186,1.67510986328125,1.2442626953125
0061023199c64b643fb3,noise,192,1.5962905883789062,1.3623504638671875
0061023199c64b643fb3,noise,196,1.63372802734375,-0.1639404296875
04c45f1dd9dd86f0659c,noise,0,3.91851806640625,3.1475830078125
04c45f1dd9dd86f0659c,noise,16,4.4090728759765625,1.860137939453125
04c45f1dd9dd86f0659c,noise,32,5.4290313720703125,4.276031494140625
04c45f1dd9dd86f0659c,noise,48,3.8515548706054688,4.3044586181640625
04c45f1dd9dd86f0659c,noise,56,4.9755096435546875,-1.926422119140625
04c45f1dd9dd86f0659c,noise,64,2.9735107421875,3.062744140625
04c45f1dd9dd86f0659c,noise,82,3.29254150390625,3.3023681640625
04c45f1dd9dd86f0659c,noise,96,5.475334167480469,0.9838714599609375
04c45f1dd9dd86f0659c,noise,98,5.0264892578125,1.384765625
04c45f1dd9dd86f0659c,noise,102,6.634605407714844,3.1984100341796875
04c45f1dd9dd86f0659c,noise,116,5.462066650390625,5.27801513671875
04c45f1dd9dd86f0659c,noise,130,4.8064422607421875,1.869049072265625
04c45f1dd9dd86f0659c,noise,150,4.180694580078125,1.81524658203125
04c45f1dd9dd86f0659c,noise,154,4.4864501953125,4.384521484375
04c45f1dd9dd86f0659c,noise,162,6.1993408203125,-0.851318359375
04c45f1dd9dd86f0659c,noise,176,5.93829345703125,2.9874267578125
04c45f1dd9dd86f0659c,noise,178,4.555553436279297,3.6091537475585938
04c45f1dd9dd86f0659c,noise,186,5.124664306640625,4.05364990234375
04c45f1dd9dd86f0659c,noise,192,6.37847900390625,3.9866943359375
04c45f1dd9dd86f0659c,noise,196,4.51513671875,1.4189453125
0530fc216644b6d345df,noise,0,-1.24810791015625,0.2816162109375
0530fc216644b6d345df,noise,16,0.5379791259765625,-0.006072998046875
0530fc216644b6d345df,noise,32,-1.7408294677734375,-1.844451904296875
0530fc216644b6d345df,noise,48,-0.5918693542480469,-0.26132965087890625
0530fc216644b6d345df,noise,56,-0.3108673095703125,-0.648590087890625
0530fc216644b6d345df,noise,64,0.189453125,1.0595703125
0530fc216644b6d345df,noise,82,-0.054412841796875,-0.68365478515625
0530fc216644b6d345df,noise,96,-4.941902160644531,2.3969573974609375
0530fc216644b6d345df,noise,98,0.298431396484375,1.59271240234375
0530fc216644b6d345df,noise,102,-0.7483291625976562,3.3070526123046875
0530fc216644b6d345df,noise,116,-1.113922119140625,1.35125732421875
0530fc216644b6d345df,noise,130,-0.047977447509765625,1.1872634887695312
0530fc216644b6d345df,noise,150,-0.2528533935546875,-0.473480224609375
0530fc216644b6d345df,noise,154,-0.203369140625,0.63720703125
0530fc216644b6d345df,noise,162,0.23095703125,0.84375
0530fc216644b6d345df,noise,176,0.093017578125,1.2529296875
0530fc216644b6d345df,noise,178,-1.2171516418457031,-0.39572906494140625
0530fc216644b6d345df,noise,186,-0.61920166015625,0.9022216796875
0530fc216644b6d345df,noise,192,-0.43572998046875,2.2474365234375
0530fc216644b6d345df,noise,196,-0.28515625,-0.0234375
05b74376c41eba375fba,noise,0,1.9056396484375,0.822509765625
05b74376c41eba375fba,noise,16,2.1931304931640625,0.744171142578125
05b74376c41eba375fba,noise,32,2.8227691650390625,1.744171142578125
05b74376c41eba375fba,noise,48,1.55072021484375,1.7659912109375
05b74376c41eba375fba,noise,56,2.025665283203125,-1.7420654296875
05b74376c41eba375fba,noise,64,0.9923095703125,0.892333984375
05b74376c41eba375fba,noise,82,1.208709716796875,1.30621337890625
05b74376c41eba375fba,noise,96,1.3464584350585938,-0.1884307861328125
05b74376c41eba375fba,noise,98,2.513671875,0.731689453125
05b74376c41eba375fba,noise,102,2.3553085327148438,2.2111053466796875
05b74376c41eba375fba,noise,116,1.29791259765625,1.7520751953125
05b74376c41eba375fba,noise,130,1.8307342529296875,1.244293212890625
05b74376c41eba375fba,noise,150,2.707916259765625,0.84210205078125
05b74376c41eba375fba,noise,154,1.8505859375,1.3955078125
05b74376c41eba375fba,noise,162,2.312255859375,-0.31298828125
05b74376c41eba375fba,noise,176,1.8712158203125,0.481689453125
05b74376c41eba375fba,noise,178,1.2348747253417969,0.5654525756835938
05b74376c41eba375fba,noise,186,1.69140625,0.996826171875
05b74376c41eba375fba,noise,192,1.6469306945800781,1.1741561889648438
05b74376c41eba375fba,noise,196,1.655029296875,-0.25341796875
097aeb51f2f688dd6802,noise,0,0.000274658203125,0.01519775390625
097aeb51f2f688dd6802,noise,16,-0.0153656005859375,-0.016082763671875
097aeb51f2f688dd6802,noise,32,0.2459564208984375,0.428436279296875
097aeb51f2f688dd6802,noise,48,0.0433807373046875,0.071563720703125
097aeb51f2f688dd6802,noise,56,0.02313232421875,0.0228271484375
097aeb51f2f688dd6802,noise,64,-0.03863525390625,-0.0076904296875
097aeb51f2f688dd6802,noise,82,0.04150390625,0.07177734375
097aeb51f2f688dd6802,noise,96,-0.02188873291015625,0.0016326904296875
097aeb51f2f688dd6802,noise,98,-0.02020263671875,-0.0074462890625
097aeb51f2f688dd6802,noise,102,-0.042743682861328125,0.02291107177734375
097aeb51f2f688dd6802,noise,116,0.0264892578125,-0.003662109375
097aeb51f2f688dd6802,noise,130,-0.0108642578125,-0.003662109375
097aeb51f2f688dd6802,noise,150,0.006805419921875,0.02532958984375
097aeb51f2f688dd6802,noise,154,-0.0748291015625,-0.010986328125
097aeb51f2f688dd6802,noise,162,0.0380859375,0.025390625
097aeb51f2f688dd6802,noise,176,0.000732421875,-0.00048828125
097aeb51f2f688dd6802,noise,178,0.011928558349609375,-0.00055694580078125
097aeb51f2f688dd6802,noise,186,-0.01617431640625,0.0057373046875
097aeb51f2f688dd6802,noise,192,0.013427734375,0.00732421875
097aeb51f2f688dd6802,noise,196,-0.04052734375,-0.0166015625
102d4d895eefba3fc400,noise,0,3.0886993408203125,1.704742431640625
102d4d895eefba3fc400,noise,16,4.5119781494140625,0.491241455078125
102d4d895eefba3fc400,noise,32,5.224369049072266,2.7207565307617188
102d4d895eefba3fc400,noise,48,3.9627532958984375,4.112335205078125
102d4d895eefba3fc400,noise,56,5.1976470947265625,-1.043548583984375
102d4d895eefba3fc400,noise,64,3.60205078125,3.1572265625
102d4d895eefba3fc400,noise,82,4.2667236328125,2.527587890625
102d4d895eefba3fc400,noise,96,7.966178894042969,-0.5290679931640625
102d4d895eefba3fc400,noise,98,5.5377197265625,-0.6259765625
102d4d895eefba3fc400,noise,102,6.473350524902344,0.3134002685546875
102d4d895eefba3fc400,noise,116,6.604766845703125,3.85980224609375
102d4d895eefba3fc400,noise,130,4.7446746826171875,-0.088470458984375
102d4d895eefba3fc400,noise,150,3.033599853515625,0.91436767578125
102d4d895eefba3fc400,noise,154,4.4461669921875,1.888916015625
102d4d895eefba3fc400,noise,162,6.91912841796875,-1.0101318359375
102d4d895eefba3fc400,noise,176,5.9140625,1.9755859375
102d4d895eefba3fc400,noise,178,6.128231048583984,4.136650085449219
102d4d895eefba3fc400,noise,186,7.5859375,5.158935546875
102d4d895eefba3fc400,noise,192,6.96722412109375,2.3941650390625
102d4d895eefba3fc400,noise,196,5.6730499267578125,1.221099853515625
10c30418fec83259a51c,noise,0,2.1966552734375,0.165771484375
10c30418fec83259a51c,noise,16,2.7960968017578125,0.345123291015625
10c30418fec83259a51c,noise,32,3.2728424072265625,1.181915283203125
10c30418fec83259a51c,noise,48,2.37921142578125,0.9927978515625
10c30418fec83259a51c,noise,56,2.5331573486328125,-2.096893310546875
10c30418fec83259a51c,noise,64,1.812744140625,0.45068359375
10c30418fec83259a51c,noise,82,1.6654052734375,1.266845703125
10c30418fec83259a51c,noise,96,2.5937118530273438,-1.7744903564453125
10c30418fec83259a51c,noise,98,3.8096923828125,-1.1923828125
10c30418fec83259a51c,noise,102,2.8451156616210938,1.8428192138671875
10c30418fec83259a51c,noise,116,2.5740814208984375,0.446990966796875
10c30418fec83259a51c,noise,130,2.3049774169921875,0.685455322265625
10c30418fec83259a51c,noise,150,3.348419189453125,1.01715087890625
10c30418fec83259a51c,noise,154,2.5069580078125,0.634521484375
10c30418fec83259a51c,noise,162,3.5101318359375,-0.585205078125
10c30418fec83259a51c,noise,176,2.2088623046875,0.104736328125
10c30418fec83259a51c,noise,178,2.053050994873047,-0.38901519775390625
10c30418fec83259a51c,noise,186,3.3001708984375,-0.38525390625
10c30418fec83259a51c,noise,192,2.79559326171875,-0.3878173828125
10c30418fec83259a51c,noise,196,2.54638671875,-1.2861328125
16045623d1333d48cb7b,noise,0,1.897705078125,0.8740234375
16045623d1333d48cb7b,noise,16,2.0670318603515625,0.842071533203125
16045623d1333d48cb7b,noise,32,2.7345733642578125,1.649322509765625
16045623d1333d48cb7b,noise,48,1.55499267578125,1.7076416015625
16045623d1333d48cb7b,noise,56,1.9720611572265625,-1.845306396484375
16045623d1333d48cb7b,noise,64,0.9727783203125,0.803466796875
16045623d1333d48cb7b,noise,82,1.2105712890625,1.25634765625
16045623d1333d48cb7b,noise,96,1.409698486328125,-0.03411865234375
16045623d1333d48cb7b,noise,98,2.4534912109375,0.70751953125
16045623d1333d48cb7b,noise,102,2.3515548706054688,2.3934173583984375
16045623d1333d48cb7b,noise,116,1.17095947265625,1.8634033203125
16045623d1333d48cb7b,noise,130,1.8840789794921875,1.167877197265625
16045623d1333d48cb7b,noise,150,2.662445068359375,0.81658935546875
16045623d1333d48cb7b,noise,154,1.828369140625,1.40087890625
16045623d1333d48cb7b,noise,162,2.1875,-0.3154296875
16045623d1333d48cb7b,noise,176,1.7901611328125,0.510498046875
16045623d1333d48cb7b,noise,178,1.2270011901855469,0.5672836303710938
16045623d1333d48cb7b,noise,186,1.71844482421875,1.0213623046875
16045623d1333d48cb7b,noise,192,1.6014862060546875,1.263580322265625
16045623d1333d48cb7b,noise,196,1.58349609375,-0.1943359375
1699d61648e5db3fa311,noise,0,1.95947265625,0.759765625
1699d61648e5db3fa311,noise,16,2.1639556884765625,0.863555908203125
1699d61648e5db3fa311,noise,32,2.8415069580078125,1.689849853515625
1699d61648e5db3fa311,noise,48,1.56085205078125,1.8282470703125
1699d61648e5db3fa311,noise,56,2.040740966796875,-1.768798828125
1699d61648e5db3fa311,noise,64,0.9779052734375,0.985595703125
1699d61648e5db3fa311,noise,82,1.1360321044921875,1.435699462890625
1699d61648e5db3fa311,noise,96,1.5020370483398438,-0.2508087158203125
1699d61648e5db3fa311,noise,98,2.5137939453125,0.705078125
1699d61648e5db3fa311,noise,102,2.3815841674804688,2.1653900146484375
1699d61648e5db3fa311,noise,116,1.53839111328125,1.4332275390625
1699d61648e5db3fa311,noise,130,1.8147430419921875,1.272369384765625
1699d61648e5db3fa311,noise,150,2.730865478515625,0.90216064453125
1699d61648e5db3fa311,noise,154,2.012451171875,1.16845703125
1699d61648e5db3fa311,noise,162,2.19873046875,-0.2177734375
1699d61648e5db3fa311,noise,176,1.927978515625,0.5263671875
1699d61648e5db3fa311,noise,178,1.3120231628417969,0.5761947631835938
1699d61648e5db3fa311,noise,186,1.770263671875,1.050048828125
1699d61648e5db3fa311,noise,192,1.7031898498535156,1.0972824096679688
1699d61648e5db3fa311,noise,196,1.65380859375,-0.1728515625
17c32182cf9045b00f67,noise,0,2.40631103515625,1.0035400390625
17c32182cf9045b00f67,noise,16,2.0684967041015625,0.576934814453125
17c32182cf9045b00f67,noise,32,2.9555816650390625,1.636260986328125
17c32182cf9045b00f67,noise,48,1.46954345703125,1.4835205078125
17c32182cf9045b00f67,noise,56,1.8829193115234375,-1.629425048828125
17c32182cf9045b00f67,noise,64,0.814453125,0.64794921875
17c32182cf9045b00f67,noise,82,1.21282958984375,0.9752197265625
17c32182cf9045b00f67,noise,96,1.547515869140625,-0.49920654296875
17c32182cf9045b00f67,noise,98,2.4853515625,1.025634765625
17c32182cf9045b00f67,noise,102,3.7880477905273438,2.2860565185546875
17c32182cf9045b00f67,noise,116,1.125518798828125,1.30865478515625
17c32182cf9045b00f67,noise,130,0.7126541137695312,0.5043792724609375
17c32182cf9045b00f67,noise,150,3.117523193359375,0.46942138671875
17c32182cf9045b00f67,noise,154,2.237548828125,1.92529296875
17c32182cf9045b00f67,noise,162,1.87841796875,-0.2001953125
17c32182cf9045b00f67,noise,176,1.806884765625,0.49462890625
17c32182cf9045b00f67,noise,178,0.9900016784667969,0.5591049194335938
17c32182cf9045b00f67,noise,186,1.242919921875,0.904541015625
17c32182cf9045b00f67,noise,192,1.3308334350585938,1.5390472412109375
17c32182cf9045b00f67,noise,196,1.287109375,-0.62109375
1bb987e20db5b18cd860,noise,0,2.009613037109375,0.86004638671875
1bb987e20db5b18cd860,noise,16,2.1334991455078125,0.701080322265625
1bb987e20db5b18cd860,noise,32,2.9576568603515625,2.054473876953125
1bb987e20db5b18cd860,noise,48,1.35797119140625,2.1798095703125
1bb987e20db5b18cd860,noise,56,2.1220321655273438,-1.4660491943359375
1bb987e20db5b18cd860,noise,64,0.722412109375,0.87841796875
1bb987e20db5b18cd860,noise,82,1.2371826171875,0.876708984375
1bb987e20db5b18cd860,noise,96,0.49080657958984375,0.0099334716796875
1bb987e20db5b18cd860,noise,98,2.106201171875,1.485107421875
1bb987e20db5b18cd860,noise,102,2.0812606811523438,2.5502166748046875
1bb987e20db5b18cd860,noise,116,0.8631591796875,2.591552734375
1bb987e20db5b18cd860,noise,130,1.7640838623046875,1.378570556640625
1bb987e20db5b18cd860,noise,150,2.640411376953125,0.94146728515625
1bb987e20db5b18cd860,noise,154,1.5843505859375,1.999267578125
1bb987e20db5b18cd860,noise,162,2.124267578125,-0.48974609375
1bb987e20db5b18cd860,noise,176,1.7418212890625,0.584716796875
1bb987e20db5b18cd860,noise,178,0.9428825378417969,1.4472885131835938
1bb987e20db5b18cd860,noise,186,1.40618896484375,1.6033935546875
1bb987e20db5b18cd860,noise,192,1.306304931640625,1.84881591796875
1bb987e20db5b18cd860,noise,196,1.322265625,0.119140625
2013a096696d597aac66,noise,0,0.018157958984375,-0.03448486328125
2013a096696d597aac66,noise,16,0.0149993896484375,-0.023223876953125
2013a096696d597aac66,noise,32,-0.0380401611328125,-0.166900634765625
2013a096696d597aac66,noise,48,0.0353546142578125,-0.136871337890625
2013a096696d597aac66,noise,56,0.0219268798828125,-0.192962646484375
2013a096696d597aac66,noise,64,-0.0279541015625,-0.060791015625
2013a096696d597aac66,noise,82,0.0247802734375,-0.028076171875
2013a096696d597aac66,noise,96,-0.02880859375,-0.228515625
2013a096696d597aac66,noise,98,0.054473876953125,-0.15777587890625
2013a096696d597aac66,noise,102,0.0128326416015625,-0.161346435546875
2013a096696d597aac66,noise,116,0.06787109375,-0.234375
2013a096696d597aac66,noise,130,-0.03387451171875,0.0101318359375
2013a096696d597aac66,noise,150,0.04522705078125,-0.1116943359375
2013a096696d597aac66,noise,154,0.06646728515625,-0.1485595703125
2013a096696d597aac66,noise,162,0.025634765625,-0.13916015625
2013a096696d597aac66,noise,176,0.0401611328125,-0.076904296875
2013a096696d597aac66,noise,178,0.05390167236328125,-0.2056732177734375
2013a096696d597aac66,noise,186,-0.05255126953125,-0.0841064453125
2013a096696d597aac66,noise,192,0.02044677734375,-0.0560302734375
2013a096696d597aac66,noise,196,0.0146484375,-0.07421875
26a6c39d6c6f65e1017a,noise,0,2.64208984375,1.514892578125
26a6c39d6c6f65e1017a,noise,16,1.5374298095703125,1.542633056640625
26a6c39d6c6f65e1017a,noise,32,4.4542388916015625,3.210235595703125
26a6c39d6c6f65e1017a,noise,48,1.6522216796875,2.9052734375
26a6c39d6c6f65e1017a,noise,56,2.2733306884765625,-1.812591552734375
26a6c39d6c6f65e1017a,noise,64,-0.07806396484375,1.7962646484375
26a6c39d6c6f65e1017a,noise,82,1.179046630859375,0.97515869140625
26a6c39d6c6f65e1017a,noise,96,1.4898605346679688,2.2599945068359375
26a6c39d6c6f65e1017a,noise,98,2.701904296875,0.865966796875
26a6c39d6c6f65e1017a,noise,102,4.968589782714844,1.6564178466796875
26a6c39d6c6f65e1017a,noise,116,1.52789306640625,1.9044189453125
26a6c39d6c6f65e1017a,noise,130,0.4700164794921875,1.462799072265625
26a6c39d6c6f65e1017a,noise,150,3.1590576171875,0.7686767578125
26a6c39d6c6f65e1017a,noise,154,2.2862548828125,2.882568359375
26a6c39d6c6f65e1017a,noise,162,2.1708984375,0.6103515625
26a6c39d6c6f65e1017a,noise,176,2.660003662109375,0.99713134765625
26a6c39d6c6f65e1017a,noise,178,1.0363883972167969,1.0986557006835938
26a6c39d6c6f65e1017a,noise,186,1.2197265625,2.007568359375
26a6c39d6c6f65e1017a,noise,192,1.4213829040527344,2.5372390747070312
26a6c39d6c6f65e1017a,noise,196,0.78369140625,-0.0498046875
26cc206ebb39c1f2f258,noise,0,0.01678466796875,-0.0372314453125
26cc206ebb39c1f2f258,noise,16,0.2386322021484375,0.023162841796875
26cc206ebb39c1f2f258,noise,32,0.0177459716796875,-0.049468994140625
26cc206ebb39c1f2f258,noise,48,0.18109130859375,-0.037109375
26cc206ebb39c1f2f258,noise,56,0.0021209716796875,0.085784912109375
26cc206ebb39c1f2f258,noise,64,-0.06646728515625,-0.0159912109375
26cc206ebb39c1f2f258,noise,82,-0.04266357421875,-0.2037353515625
26cc206ebb39c1f2f258,noise,96,0.22411346435546875,0.0117034912109375
26cc206ebb39c1f2f258,noise,98,-0.259033203125,-1.007568359375
26cc206ebb39c1f2f258,noise,102,-0.0244903564453125,0.072113037109375
26cc206ebb39c1f2f258,noise,116,-0.00372314453125,0.0784912109375
26cc206ebb39c1f2f258,noise,130,-0.0439910888671875,0.000579833984375
26cc206ebb39c1f2f258,noise,150,-0.007965087890625,0.17059326171875
26cc206ebb39c1f2f258,noise,154,0.01934814453125,-0.0377197265625
26cc206ebb39c1f2f258,noise,162,-0.05419921875,-0.146484375
26cc206ebb39c1f2f258,noise,176,0.0069580078125,-0.053466796875
26cc206ebb39c1f2f258,noise,178,0.03673553466796875,-0.0027008056640625
26cc206ebb39c1f2f258,noise,186,0.228759765625,-0.39990234375
26cc206ebb39c1f2f258,noise,192,0.0418701171875,0.018798828125
26cc206ebb39c1f2f258,noise,196,0.0673828125,-0.060546875
275208eb34e004bca5ab,noise,0,0.331298828125,0.0078125
275208eb34e004bca5ab,noise,16,-0.0189666748046875,-0.218109130859375
275208eb34e004bca5ab,noise,32,-0.1408538818359375,-0.737274169921875
275208eb34e004bca5ab,noise,48,-0.12933349609375,-0.3338623046875
275208eb34e004bca5ab,noise,56,-0.0722808837890625,0.067352294921875
275208eb34e004bca5ab,noise,64,-0.1453857421875,-0.162841796875
275208eb34e004bca5ab,noise,82,-0.08953857421875,-0.4581298828125
275208eb34e004bca5ab,noise,96,-0.05182647705078125,-0.1695709228515625
275208eb34e004bca5ab,noise,98,0.12368059158325195,0.3662576675415039
275208eb34e004bca5ab,noise,102,1.1864852905273438,-0.4447784423828125
275208eb34e004bca5ab,noise,116,-0.0087890625,-0.28125
275208eb34e004bca5ab,noise,130,-0.9858551025390625,-0.611785888671875
275208eb34e004bca5ab,noise,150,0.083221435546875,-0.67340087890625
275208eb34e004bca5ab,noise,154,0.2093505859375,0.127197265625
275208eb34e004bca5ab,noise,162,-0.314208984375,0.04931640625
275208eb34e004bca5ab,noise,176,-0.0880126953125,0.108154296875
275208eb34e004bca5ab,noise,178,-0.2502632141113281,0.01900482177734375
275208eb34e004bca5ab,noise,186,-0.45440673828125,0.0506591796875
275208eb34e004bca5ab,noise,192,-0.306396484375,0.572021484375
275208eb34e004bca5ab,noise,196,-0.423828125,-0.33984375
2c8e730a914408f0c601,noise,0,-3.426422119140625,-0.32354736328125
2c8e730a914408f0c601,noise,16,-1.2048797607421875,-0.325775146484375
2c8e730a914408f0c601,noise,32,-4.4186248779296875,-1.984222412109375
2c8e730a914408f0c601,noise,48,-1.9913330078125,-1.546630859375
2c8e730a914408f0c601,noise,56,-1.8377532958984375,0.361602783203125
2c8e730a914408f0c601,noise,64,-0.777099609375,0.29052734375
2c8e730a914408f0c601,noise,82,-1.3931884765625,-2.157958984375
2c8e730a914408f0c601,noise,96,-5.777229309082031,2.6432952880859375
2c8e730a914408f0c601,noise,98,-2.1417236328125,0.294921875
2c8e730a914408f0c601,noise,102,-3.0028152465820312,1.3620452880859375
2c8e730a914408f0c601,noise,116,-2.13775634765625,0.3914794921875
2c8e730a914408f0c601,noise,130,-1.9361419677734375,-0.120391845703125
2c8e730a914408f0c601,noise,150,-3.732025146484375,-0.78338623046875
2c8e730a914408f0c601,noise,154,-1.9531402587890625,-0.204803466796875
2c8e730a914408f0c601,noise,162,-1.779052734375,0.51513671875
2c8e730a914408f0c601,noise,176,-1.47802734375,1.16455078125
2c8e730a914408f0c601,noise,178,-2.240589141845703,-0.6423110961914062
2c8e730a914408f0c601,noise,186,-1.99658203125,0.271484375
2c8e730a914408f0c601,noise,192,-1.86578369140625,1.8673095703125
2c8e730a914408f0c601,noise,196,-1.7890625,0.34375
3073eb1d0b34f1464922,noise,0,1.92071533203125,0.8067626953125
3073eb1d0b34f1464922,noise,16,2.4229278564453125,0.782867431640625
3073eb1d0b34f1464922,noise,32,2.8575592041015625,1.731719970703125
3073eb1d0b34f1464922,noise,48,1.71514892578125,1.7501220703125
3073eb1d0b34f1464922,noise,56,2.0177459716796875,-1.637847900390625
3073eb1d0b34f1464922,noise,64,0.9185791015625,0.902099609375
3073eb1d0b34f1464922,noise,82,1.1690673828125,1.12255859375
3073eb1d0b34f1464922,noise,96,1.5882568359375,-0.077392578125
3073eb1d0b34f1464922,noise,98,2.3548583984375,-0.26318359375
3073eb1d0b34f1464922,noise,102,2.3456039428710938,2.3213348388671875
3073eb1d0b34f1464922,noise,116,1.315155029296875,1.84515380859375
3073eb1d0b34f1464922,noise,130,1.8199920654296875,1.253082275390625
3073eb1d0b34f1464922,noise,150,2.709625244140625,0.97882080078125
3073eb1d0b34f1464922,noise,154,1.865478515625,1.36865234375
3073eb1d0b34f1464922,noise,162,2.25927734375,-0.5029296875
3073eb1d0b34f1464922,noise,176,1.8792724609375,0.421142578125
3073eb1d0b34f1464922,noise,178,1.2637443542480469,0.5577621459960938
3073eb1d0b34f1464922,noise,186,1.8818359375,0.651611328125
3073eb1d0b34f1464922,noise,192,1.6858794689178467,1.1902527809143066
3073eb1d0b34f1464922,noise,196,1.6987943649291992,-0.24133872985839844
39e6b92108cfb36e79ff,noise,0,-0.064697265625,0.15771484375
39e6b92108cfb36e79ff,noise,16,0.0238037109375,-0.085205078125
39e6b92108cfb36e79ff,noise,32,-0.014404296875,-0.0302734375
39e6b92108cfb36e79ff,noise,48,-0.06726264953613281,0.003055572509765625
39e6b92108cfb36e79ff,noise,56,-0.0462493896484375,-0.102752685546875
39e6b92108cfb36e79ff,noise,64,-0.12890625,0.07373046875
39e6b92108cfb36e79ff,noise,82,-0.06646728515625,-0.2586669921875
39e6b92108cfb36e79ff,noise,96,-0.419708251953125,0.49261474609375
39e6b92108cfb36e79ff,noise,98,-0.0853271484375,0.156494140625
39e6b92108cfb36e79ff,noise,102,-0.18067169189453125,0.0517425537109375
39e6b92108cfb36e79ff,noise,116,-0.30670166015625,0.3367919921875
39e6b92108cfb36e79ff,noise,130,-0.0451507568359375,-0.022491455078125
39e6b92108cfb36e79ff,noise,150,-0.0609130859375,0.084228515625
39e6b92108cfb36e79ff,noise,154,-0.1495361328125,0.289794921875
39e6b92108cfb36e79ff,noise,162,0.046630859375,-0.12353515625
39e6b92108cfb36e79ff,noise,176,-0.025390625,0.0283203125
39e6b92108cfb36e79ff,noise,178,-0.19369125366210938,0.10968780517578125
39e6b92108cfb36e79ff,noise,186,-0.20758056640625,0.1263427734375
39e6b92108cfb36e79ff,noise,192,-0.11456298828125,0.1495361328125
39e6b92108cfb36e79ff,noise,196,-0.1171875,-0.01953125
3d42dbabb95a2dc1e352,noise,0,0.025299072265625,-0.07244873046875
3d42dbabb95a2dc1e352,noise,16,0.0365142822265625,0.007110595703125
3d42dbabb95a2dc1e352,noise,32,-0.0483551025390625,0.023895263671875
3d42dbabb95a2dc1e352,noise,48,0.02056884765625,0.05096435546875
3d42dbabb95a2dc1e352,noise,56,0.013092041015625,0.02667236328125
3d42dbabb95a2dc1e352,noise,64,0.01287841796875,0.0191650390625
3d42dbabb95a2dc1e352,noise,82,0.02008056640625,-0.0919189453125
3d42dbabb95a2dc1e352,noise,96,-0.02610015869140625,-0.0902862548828125
3d42dbabb95a2dc1e352,noise,98,0.069580078125,-0.182373046875
3d42dbabb95a2dc1e352,noise,102,0.01871490478515625,0.0354766845703125
3d42dbabb95a2dc1e352,noise,116,0.06524658203125,-0.0989990234375
3d42dbabb95a2dc1e352,noise,130,0.0513763427734375,-0.045135498046875
3d42dbabb95a2dc1e352,noise,150,0.020965576171875,0.01068115234375
3d42dbabb95a2dc1e352,noise,154,0.0113525390625,-0.056884765625
3d42dbabb95a2dc1e352,noise,162,-0.05517578125,-0.029296875
3d42dbabb95a2dc1e352,noise,176,0.0350341796875,-0.034423828125
3d42dbabb95a2dc1e352,noise,178,0.051700592041015625,-0.10460662841796875
3d42dbabb95a2dc1e352,noise,186,0.0054931640625,0.039794921875
3d42dbabb95a2dc1e352,noise,192,-0.04705810546875,0.0306396484375
3d42dbabb95a2dc1e352,noise,196,-0.0400390625,0.01953125
3ee968eb1bd7eecd2901,noise,0,2.073394775390625,0.80059814453125
3ee968eb1bd7eecd2901,noise,16,2.8177642822265625,1.220489501953125
3ee968eb1bd7eecd2901,noise,32,3.5589752197265625,2.085235595703125
3ee968eb1bd7eecd2901,noise,48,1.904052734375,2.735595703125
3ee968eb1bd7eecd2901,noise,56,2.9687347412109375,-0.884063720703125
3ee968eb1bd7eecd2901,noise,64,1.0352783203125,1.630615234375
3ee968eb1bd7eecd2901,noise,82,1.9083251953125,2.577880859375
3ee968eb1bd7eecd2901,noise,96,2.5648269653320312,0.2204742431640625
3ee968eb1bd7eecd2901,noise,98,3.3582763671875,0.21826171875
3ee968eb1bd7eecd2901,noise,102,3.2563705444335938,1.7864227294921875
3ee968eb1bd7eecd2901,noise,116,3.119598388671875,1.51165771484375
3ee968eb1bd7eecd2901,noise,130,2.2518157958984375,1.081817626953125
3ee968eb1bd7eecd2901,noise,150,3.059478759765625,1.17852783203125
3ee968eb1bd7eecd2901,noise,154,3.0299072265625,1.696044921875
3ee968eb1bd7eecd2901,noise,162,3.350830078125,0.40673828125
3ee968eb1bd7eecd2901,noise,176,2.760986328125,1.06982421875
3ee968eb1bd7eecd2901,noise,178,3.121013641357422,2.8684921264648438
3ee968eb1bd7eecd2901,noise,186,3.25616455078125,3.1409912109375
3ee968eb1bd7eecd2901,noise,192,2.9295654296875,1.26416015625
3ee968eb1bd7eecd2901,noise,196,1.94281005859375,0.3116455078125
3fcf54916804858cccfe,noise,0,1.8642578125,0.94970703125
3fcf54916804858cccfe,noise,16,2.2102203369140625,0.658233642578125
3fcf54916804858cccfe,noise,32,2.7839508056640625,1.739776611328125
3fcf54916804858cccfe,noise,48,1.48529052734375,1.7615966796875
3fcf54916804858cccfe,noise,56,1.972991943359375,-1.84423828125
3fcf54916804858cccfe,noise,64,0.8636474609375,0.967041015625
3fcf54916804858cccfe,noise,82,1.1456298828125,1.100830078125
3fcf54916804858cccfe,noise,96,0.9678573608398438,0.2438201904296875
3fcf54916804858cccfe,noise,98,2.434326171875,0.910888671875
3fcf54916804858cccfe,noise,102,2.1958847045898438,2.2467498779296875
3fcf54916804858cccfe,noise,116,1.02197265625,2.0341796875
3fcf54916804858cccfe,noise,130,1.7993011474609375,1.225128173828125
3fcf54916804858cccfe,noise,150,2.661102294921875,0.90765380859375
3fcf54916804858cccfe,noise,154,1.7294921875,1.6611328125
3fcf54916804858cccfe,noise,162,2.357666015625,-0.42919921875
3fcf54916804858cccfe,noise,176,1.8514404296875,0.493896484375
3fcf54916804858cccfe,noise,178,1.0330924987792969,0.6330795288085938
3fcf54916804858cccfe,noise,186,1.49884033203125,1.1163330078125
3fcf54916804858cccfe,noise,192,1.524658203125,1.2822265625
3fcf54916804858cccfe,noise,196,1.52783203125,-0.2490234375
40be722638d68ec30c0e,noise,0,0.0694580078125,-0.093994140625
40be722638d68ec30c0e,noise,16,-0.03839111328125,0.1224365234375
40be722638d68ec30c0e,noise,32,0.03192138671875,-0.1051025390625
40be722638d68ec30c0e,noise,48,0.01019287109375,0.0679931640625
40be722638d68ec30c0e,noise,56,0.010833740234375,-0.02569580078125
40be722638d68ec30c0e,noise,64,-0.0302734375,0.08837890625
40be722638d68ec30c0e,noise,82,-0.0877685546875,0.134033203125
40be722638d68ec30c0e,noise,96,0.15164947509765625,-0.1102752685546875
40be722638d68ec30c0e,noise,98,-0.009521484375,-0.0244140625
40be722638d68ec30c0e,noise,102,0.015399932861328125,-0.06002044677734375
40be722638d68ec30c0e,noise,116,0.2442626953125,-0.375732421875
40be722638d68ec30c0e,noise,130,-0.0251617431640625,0.026885986328125
40be722638d68ec30c0e,noise,150,0.024627685546875,0.07269287109375
40be722638d68ec30c0e,noise,154,0.17724609375,-0.2529296875
40be722638d68ec30c0e,noise,162,-0.102783203125,0.06982421875
40be722638d68ec30c0e,noise,176,0.0416259765625,0.034423828125
40be722638d68ec30c0e,noise,178,0.07982635498046875,0.0082855224609375
40be722638d68ec30c0e,noise,186,0.078369140625,0.05322265625
40be722638d68ec30c0e,noise,192,0.0623779296875,-0.092041015625
40be722638d68ec30c0e,noise,196,-0.0146484375,0.103515625
4a9bd8897528889fa3a1,noise,0,0.66796875,0.669921875
4a9bd8897528889fa3a1,noise,16,-0.5558624267578125,0.785736083984375
4a9bd8897528889fa3a1,noise,32,1.4116363525390625,0.825714111328125
4a9bd8897528889fa3a1,noise,48,0.0151824951171875,1.322479248046875
4a9bd8897528889fa3a1,noise,56,0.2930145263671875,0.107513427734375
4a9bd8897528889fa3a1,noise,64,-0.99810791015625,0.9947509765625
4a9bd8897528889fa3a1,noise,82,-0.1859130859375,-0.572998046875
4a9bd8897528889fa3a1,noise,96,-0.15247344970703125,2.6447601318359375
4a9bd8897528889fa3a1,noise,98,0.47861480712890625,-0.0077362060546875
4a9bd8897528889fa3a1,noise,102,2.430809497833252,-0.8493204116821289
4a9bd8897528889fa3a1,noise,116,0.35870361328125,0.1871337890625
4a9bd8897528889fa3a1,noise,130,-1.2005767822265625,0.384063720703125
4a9bd8897528889fa3a1,noise,150,0.092620849609375,-0.13018798828125
4a9bd8897528889fa3a1,noise,154,0.2106475830078125,1.191986083984375
4a9bd8897528889fa3a1,noise,162,-0.09619140625,0.8896484375
4a9bd8897528889fa3a1,noise,176,0.70623779296875,0.3809814453125
4a9bd8897528889fa3a1,noise,178,-0.18428421020507812,0.5357284545898438
4a9bd8897528889fa3a1,noise,186,-0.51373291015625,1.1522216796875
4a9bd8897528889fa3a1,noise,192,-0.224609375,1.267333984375
4a9bd8897528889fa3a1,noise,196,-0.8125,0.1328125
4d8698674f5d9297370b,noise,0,0.008544921875,0.0234375
4d8698674f5d9297370b,noise,16,-0.1361541748046875,0.056304931640625
4d8698674f5d9297370b,noise,32,0.0022735595703125,0.263336181640625
4d8698674f5d9297370b,noise,48,0.035919189453125,-0.03790283203125
4d8698674f5d9297370b,noise,56,0.107208251953125,-0.09466552734375
4d8698674f5d9297370b,noise,64,0.07342529296875,-0.0760498046875
4d8698674f5d9297370b,noise,82,0.230194091796875,-0.18304443359375
4d8698674f5d9297370b,noise,96,-0.06298065185546875,0.2817535400390625
4d8698674f5d9297370b,noise,98,-0.135833740234375,0.43804931640625
4d8698674f5d9297370b,noise,102,-0.21613311767578125,0.0853118896484375
4d8698674f5d9297370b,noise,116,0.0484619140625,-0.031982421875
4d8698674f5d9297370b,noise,130,0.169586181640625,0.00018310546875
4d8698674f5d9297370b,noise,150,0.044586181640625,0.04229736328125
4d8698674f5d9297370b,noise,154,-0.12298583984375,0.2464599609375
4d8698674f5d9297370b,noise,162,-0.005126953125,0.05419921875
4d8698674f5d9297370b,noise,176,0.125,-0.1201171875
4d8698674f5d9297370b,noise,178,-0.043613433837890625,-0.10382843017578125
4d8698674f5d9297370b,noise,186,0.1917724609375,0.138916015625
4d8698674f5d9297370b,noise,192,0.05224609375,-0.029296875
4d8698674f5d9297370b,noise,196,-0.06640625,-0.140625
51df496169a778e7affd,noise,0,2.2518310546875,0.724365234375
51df496169a778e7affd,noise,16,2.0065460205078125,0.464263916015625
51df496169a778e7affd,noise,32,2.6331939697265625,2.112579345703125
51df496169a778e7affd,noise,48,1.2078857421875,2.146484375
51df496169a778e7affd,noise,56,1.7977142333984375,-1.364776611328125
51df496169a778e7affd,noise,64,0.56463623046875,1.3306884765625
51df496169a778e7affd,noise,82,0.8551025390625,1.345947265625
51df496169a778e7affd,noise,96,1.3028640747070312,1.3825836181640625
51df496169a778e7affd,noise,98,2.8087158203125,-0.40625
51df496169a778e7affd,noise,102,2.5113449096679688,1.7271575927734375
51df496169a778e7affd,noise,116,1.10284423828125,2.0382080078125
51df496169a778e7affd,noise,130,1.8703460693359375,1.001007080078125
51df496169a778e7affd,noise,150,2.742279052734375,0.89276123046875
51df496169a778e7affd,noise,154,1.7869873046875,1.156494140625
51df496169a778e7affd,noise,162,2.2066650390625,-0.107177734375
51df496169a778e7affd,noise,176,1.902099609375,0.4775390625
51df496169a778e7affd,noise,178,1.1808586120605469,1.0726547241210938
51df496169a778e7affd,noise,186,1.28192138671875,2.6180419921875
51df496169a778e7affd,noise,192,1.11572265625,1.5732421875
51df496169a778e7affd,noise,196,1.4853515625,0.091796875
526a5a6c876b2c32b409,noise,0,5.121612548828125,3.37457275390625
526a5a6c876b2c32b409,noise,16,6.2069854736328125,0.971832275390625
526a5a6c876b2c32b409,noise,32,7.3341827392578125,4.591461181640625
526a5a6c876b2c32b409,noise,48,5.35479736328125,5.7877197265625
526a5a6c876b2c32b409,noise,56,7.3613739013671875,-2.444244384765625
526a5a6c876b2c32b409,noise,64,4.930419921875,4.61767578125
526a5a6c876b2c32b409,noise,82,5.199455261230469,3.4047698974609375
526a5a6c876b2c32b409,noise,96,9.181144714355469,-0.4780426025390625
526a5a6c876b2c32b409,noise,98,7.1890869140625,-0.447265625
526a5a6c876b2c32b409,noise,102,8.726890563964844,3.2130584716796875
526a5a6c876b2c32b409,noise,116,7.6300048828125,6.073974609375
526a5a6c876b2c32b409,noise,130,6.6597137451171875,1.510162353515625
526a5a6c876b2c32b409,noise,150,5.778045654296875,1.81439208984375
526a5a6c876b2c32b409,noise,154,6.1602783203125,4.251708984375
526a5a6c876b2c32b409,noise,162,8.621017456054688,-1.077545166015625
526a5a6c876b2c32b409,noise,176,7.4110107421875,3.081787109375
526a5a6c876b2c32b409,noise,178,7.338390350341797,5.263694763183594
526a5a6c876b2c32b409,noise,186,9.18310546875,6.54052734375
526a5a6c876b2c32b409,noise,192,8.37847900390625,4.3118896484375
526a5a6c876b2c32b409,noise,196,7.2960205078125,1.256103515625
52da9aa35ee7cc510b0b,noise,0,1.79766845703125,0.8272705078125
52da9aa35ee7cc510b0b,noise,16,1.9504547119140625,0.942901611328125
52da9aa35ee7cc510b0b,noise,32,2.7360382080078125,1.738677978515625
52da9aa35ee7cc510b0b,noise,48,1.52301025390625,1.7916259765625
52da9aa35ee7cc510b0b,noise,56,1.9880828857421875,-1.736236572265625
52da9aa35ee7cc510b0b,noise,64,0.9495849609375,0.936767578125
52da9aa35ee7cc510b0b,noise,82,1.306396484375,1.21337890625
52da9aa35ee7cc510b0b,noise,96,1.3289566040039062,-0.3186492919921875
52da9aa35ee7cc510b0b,noise,98,2.3388671875,0.756103515625
52da9aa35ee7cc510b0b,noise,102,2.3023300170898438,2.2545623779296875
52da9aa35ee7cc510b0b,noise,116,1.07330322265625,1.8770751953125
52da9aa35ee7cc510b0b,noise,130,1.7820892333984375,1.199981689453125
52da9aa35ee7cc510b0b,noise,150,2.683624267578125,0.81304931640625
52da9aa35ee7cc510b0b,noise,154,1.85595703125,1.474609375
52da9aa35ee7cc510b0b,noise,162,2.2716064453125,-0.221435546875
52da9aa35ee7cc510b0b,noise,176,1.8316650390625,0.382568359375
52da9aa35ee7cc510b0b,noise,178,1.1736564636230469,0.48403167724609375
52da9aa35ee7cc510b0b,noise,186,1.75030517578125,0.9298095703125
52da9aa35ee7cc510b0b,noise,192,1.6952285766601562,1.1261444091796875
52da9aa35ee7cc510b0b,noise,196,1.4447021484375,-0.102294921875
5724a2407f2958582893,noise,0,2.011016845703125,0.51959228515625
5724a2407f2958582893,noise,16,2.5346832275390625,0.442901611328125
5724a2407f2958582893,noise,32,2.9140167236328125,2.049224853515625
5724a2407f2958582893,noise,48,1.48236083984375,1.7239990234375
5724a2407f2958582893,noise,56,1.8887577056884766,-1.6850471496582031
5724a2407f2958582893,noise,64,1.088134765625,1.01025390625
5724a2407f2958582893,noise,82,1.47296142578125,1.4605712890625
5724a2407f2958582893,noise,96,1.1021842956542969,-0.42844390869140625
5724a2407f2958582893,noise,98,2.45556640625,0.392333984375
5724a2407f2958582893,noise,102,2.6993942260742188,0.8520355224609375
5724a2407f2958582893,noise,116,1.063751220703125,1.46246337890625
5724a2407f2958582893,noise,130,1.7975311279296875,0.927886962890625
5724a2407f2958582893,noise,150,2.796173095703125,0.58355712890625
5724a2407f2958582893,noise,154,1.9569091796875,1.067626953125
5724a2407f2958582893,noise,162,2.49072265625,-0.126953125
5724a2407f2958582893,noise,176,1.9517822265625,0.479736328125
5724a2407f2958582893,noise,178,1.5136833190917969,0.17971038818359375
5724a2407f2958582893,noise,186,1.76922607421875,0.8431396484375
5724a2407f2958582893,noise,192,1.5771331787109375,1.241607666015625
5724a2407f2958582893,noise,196,1.5152273178100586,-0.7531108856201172
583307ebe87df5ffa36e,noise,0,-1.542205810546875,-0.78387451171875
583307ebe87df5ffa36e,noise,16,-0.8478240966796875,-0.409515380859375
583307ebe87df5ffa36e,noise,32,-1.5402679443359375,-1.386688232421875
583307ebe87df5ffa36e,noise,48,-0.7617950439453125,-0.624359130859375
583307ebe87df5ffa36e,noise,56,-0.7304840087890625,0.391326904296875
583307ebe87df5ffa36e,noise,64,-0.463134765625,0.1064453125
583307ebe87df5ffa36e,noise,82,-0.3135986328125,-0.553466796875
583307ebe87df5ffa36e,noise,96,-2.3427810668945312,1.0619964599609375
583307ebe87df5ffa36e,noise,98,-1.0264434814453125,0.079010009765625
583307ebe87df5ffa36e,noise,102,-1.1600723266601562,0.1114959716796875
583307ebe87df5ffa36e,noise,116,-0.95361328125,-0.0400390625
583307ebe87df5ffa36e,noise,130,-0.5927886962890625,-0.208465576171875
583307ebe87df5ffa36e,noise,150,-0.993682861328125,-1.02740478515625
583307ebe87df5ffa36e,noise,154,-0.939727783203125,-0.37396240234375
583307ebe87df5ffa36e,noise,162,-0.81982421875,0.2685546875
583307ebe87df5ffa36e,noise,176,-0.7117919921875,0.539306640625
583307ebe87df5ffa36e,noise,178,-0.6984443664550781,-0.31583404541015625
583307ebe87df5ffa36e,noise,186,-1.22900390625,0.1728515625
583307ebe87df5ffa36e,noise,192,-0.90020751953125,0.5225830078125
583307ebe87df5ffa36e,noise,196,-0.418212890625,-0.16455078125
59a52d841820229c32d1,noise,0,-0.570953369140625,0.13543701171875
59a52d841820229c32d1,noise,16,-0.3134765625,-0.11572265625
59a52d841820229c32d1,noise,32,-1.3848114013671875,-1.320404052734375
59a52d841820229c32d1,noise,48,-1.106719970703125,-1.17633056640625
59a52d841820229c32d1,noise,56,-0.4316253662109375,0.128936767578125
59a52d841820229c32d1,noise,64,-0.2030029296875,0.059814453125
59a52d841820229c32d1,noise,82,-0.7664794921875,-1.211669921875
59a52d841820229c32d1,noise,96,-1.6527938842773438,0.7886505126953125
59a52d841820229c32d1,noise,98,-0.978363037109375,0.15228271484375
59a52d841820229c32d1,noise,102,-1.4080276489257812,0.8690032958984375
59a52d841820229c32d1,noise,116,-0.95977783203125,-0.0572509765625
59a52d841820229c32d1,noise,130,-1.0526885986328125,-0.115814208984375
59a52d841820229c32d1,noise,150,-0.5349578857421875,-0.175384521484375
59a52d841820229c32d1,noise,154,-0.687744140625,-0.18994140625
59a52d841820229c32d1,noise,162,-0.864013671875,0.47412109375
59a52d841820229c32d1,noise,176,-0.69677734375,0.552734375
59a52d841820229c32d1,noise,178,-1.3532776832580566,-0.8588991165161133
59a52d841820229c32d1,noise,186,-0.77386474609375,-0.2659912109375
59a52d841820229c32d1,noise,192,-0.69329833984375,0.7259521484375
59a52d841820229c32d1,noise,196,-0.5849609375,0.060546875
5dda120d2d3421f9cb76,noise,0,-0.021453857421875,0.00689697265625
5dda120d2d3421f9cb76,noise,16,-0.05709075927734375,0.0249786376953125
5dda120d2d3421f9cb76,noise,32,0.0133056640625,0.057373046875
5dda120d2d3421f9cb76,noise,48,-0.0299072265625,0.0172119140625
5dda120d2d3421f9cb76,noise,56,-0.05245208740234375,-0.0790252685546875
5dda120d2d3421f9cb76,noise,64,-0.00604248046875,0.0076904296875
5dda120d2d3421f9cb76,noise,82,0.04925537109375,0.0806884765625
5dda120d2d3421f9cb76,noise,96,0.45903778076171875,0.3531341552734375
5dda120d2d3421f9cb76,noise,98,-0.0108642578125,-0.01416015625
5dda120d2d3421f9cb76,noise,102,-0.007312774658203125,-0.00876617431640625
5dda120d2d3421f9cb76,noise,116,0.00439453125,-0.009765625
5dda120d2d3421f9cb76,noise,130,-0.0310516357421875,-0.007232666015625
5dda120d2d3421f9cb76,noise,150,0.0191650390625,0.036376953125
5dda120d2d3421f9cb76,noise,154,-0.0335693359375,-0.036865234375
5dda120d2d3421f9cb76,noise,162,-0.015869140625,0.04443359375
5dda120d2d3421f9cb76,noise,176,-0.0216064453125,0.017333984375
5dda120d2d3421f9cb76,noise,178,-0.010492324829101562,-0.020984649658203125
5dda120d2d3421f9cb76,noise,186,-0.00848388671875,-0.0247802734375
5dda120d2d3421f9cb76,noise,192,-0.12872314453125,-0.0496826171875
5dda120d2d3421f9cb76,noise,196,0.00439453125,0.0361328125
60eaecfffe10c7a8a075,noise,0,1.904541015625,0.9443359375
60eaecfffe10c7a8a075,noise,16,1.9868316650390625,1.009307861328125
60eaecfffe10c7a8a075,noise,32,2.8694610595703125,1.805328369140625
60eaecfffe10c7a8a075,noise,48,1.56365966796875,2.0286865234375
60eaecfffe10c7a8a075,noise,56,2.0200576782226562,-1.6776275634765625
60eaecfffe10c7a8a075,noise,64,0.8131103515625,1.172607421875
60eaecfffe10c7a8a075,noise,82,1.2362060546875,1.1328125
60eaecfffe10c7a8a075,noise,96,1.2446823120117188,0.3550872802734375
60eaecfffe10c7a8a075,noise,98,2.5982666015625,0.5927734375
60eaecfffe10c7a8a075,noise,102,2.2948226928710938,2.1738739013671875
60eaecfffe10c7a8a075,noise,116,1.2818603515625,1.837158203125
60eaecfffe10c7a8a075,noise,130,1.7784881591796875,1.334136962890625
60eaecfffe10c7a8a075,noise,150,2.619049072265625,0.75567626953125
60eaecfffe10c7a8a075,noise,154,1.873046875,1.6494140625
60eaecfffe10c7a8a075,noise,162,2.07861328125,-0.197265625
60eaecfffe10c7a8a075,noise,176,1.870849609375,0.576171875
60eaecfffe10c7a8a075,noise,178,1.1230583190917969,0.8672103881835938
60eaecfffe10c7a8a075,noise,186,1.5167236328125,1.60595703125
60eaecfffe10c7a8a075,noise,192,1.6189079284667969,1.3581314086914062
60eaecfffe10c7a8a075,noise,196,1.5338134765625,-0.055908203125
61bc4e57b1be913e81e1,noise,0,2.13037109375,0.29541015625
61bc4e57b1be913e81e1,noise,16,2.5579376220703125,-0.180023193359375
61bc4e57b1be913e81e1,noise,32,3.1214141845703125,1.344390869140625
61bc4e57b1be913e81e1,noise,48,1.80804443359375,1.2181396484375
61bc4e57b1be913e81e1,noise,56,2.281158447265625,-2.4971923828125
61bc4e57b1be913e81e1,noise,64,1.310302734375,0.31689453125
61bc4e57b1be913e81e1,noise,82,1.591583251953125,0.75555419921875
61bc4e57b1be913e81e1,noise,96,2.1049880981445312,-1.3115081787109375
61bc4e57b1be913e81e1,noise,98,3.6812744140625,-1.6923828125
61bc4e57b1be913e81e1,noise,102,2.9058761596679688,1.1783294677734375
61bc4e57b1be913e81e1,noise,116,1.77764892578125,0.8712158203125
61bc4e57b1be913e81e1,noise,130,2.2566375732421875,0.649322509765625
61bc4e57b1be913e81e1,noise,150,2.905364990234375,0.44451904296875
61bc4e57b1be913e81e1,noise,154,2.5233154296875,0.328369140625
61bc4e57b1be913e81e1,noise,162,2.8753662109375,-1.409423828125
61bc4e57b1be913e81e1,noise,176,2.3843994140625,-0.371826171875
61bc4e57b1be913e81e1,noise,178,1.6869621276855469,-0.5342788696289062
61bc4e57b1be913e81e1,noise,186,2.198028564453125,-0.01641845703125
61bc4e57b1be913e81e1,noise,192,2.099365234375,0.05126953125
61bc4e57b1be913e81e1,noise,196,2.47314453125,-1.9130859375
629aa529fd11f5f6df56,noise,0,0.00384521484375,-0.0015869140625
629aa529fd11f5f6df56,noise,16,-0.0058441162109375,-0.001434326171875
629aa529fd11f5f6df56,noise,32,-0.00042724609375,-0.0076904296875
629aa529fd11f5f6df56,noise,48,-0.018646240234375,-0.0423583984375
629aa529fd11f5f6df56,noise,56,-0.0121307373046875,0.016754150390625
629aa529fd11f5f6df56,noise,64,-0.0032958984375,-0.006591796875
629aa529fd11f5f6df56,noise,82,0.00067138671875,0.0010986328125
629aa529fd11f5f6df56,noise,96,-0.0042724609375,-0.006103515625
629aa529fd11f5f6df56,noise,98,-0.002838134765625,-0.00177001953125
629aa529fd11f5f6df56,noise,102,-0.0001621246337890625,0.014812469482421875
629aa529fd11f5f6df56,noise,116,-0.00360107421875,-0.0081787109375
629aa529fd11f5f6df56,noise,130,-0.0005035400390625,-0.000457763671875
629aa529fd11f5f6df56,noise,150,0.0020751953125,-0.005615234375
629aa529fd11f5f6df56,noise,154,-0.01654052734375,-0.0177001953125
629aa529fd11f5f6df56,noise,162,-0.008544921875,0.00732421875
629aa529fd11f5f6df56,noise,176,-0.0029296875,-0.0068359375
629aa529fd11f5f6df56,noise,178,-0.01329803466796875,-0.0236663818359375
629aa529fd11f5f6df56,noise,186,0.0115966796875,0.022216796875
629aa529fd11f5f6df56,noise,192,-0.02606201171875,-0.0006103515625
629aa529fd11f5f6df56,noise,196,-0.0029296875,-0.001953125
65c978cf60ccf2c8bdad,noise,0,0.098785400390625,-0.20526123046875
65c978cf60ccf2c8bdad,noise,16,0.05413818359375,-0.5025634765625
65c978cf60ccf2c8bdad,noise,32,-0.39544677734375,-0.3646240234375
65c978cf60ccf2c8bdad,noise,48,-0.6427001953125,0.351806640625
65c978cf60ccf2c8bdad,noise,56,-0.17372512817382812,-0.34500885009765625
65c978cf60ccf2c8bdad,noise,64,0.03326416015625,-0.3804931640625
65c978cf60ccf2c8bdad,noise,82,-0.41180419921875,-1.1085205078125
65c978cf60ccf2c8bdad,noise,96,0.08934450149536133,-0.5464086532592773
65c978cf60ccf2c8bdad,noise,98,-0.18017578125,-0.47412109375
65c978cf60ccf2c8bdad,noise,102,0.2020111083984375,-0.412384033203125
65c978cf60ccf2c8bdad,noise,116,0.06109619140625,-0.4149169921875
65c978cf60ccf2c8bdad,noise,130,-0.1216278076171875,-0.424224853515625
65c978cf60ccf2c8bdad,noise,150,0.01763916015625,-0.0731201171875
65c978cf60ccf2c8bdad,noise,154,-0.0240478515625,-0.259033203125
65c978cf60ccf2c8bdad,noise,162,-0.38330078125,0.0458984375
65c978cf60ccf2c8bdad,noise,176,0.28173828125,-0.4404296875
65c978cf60ccf2c8bdad,noise,178,-0.044239044189453125,-0.28769683837890625
65c978cf60ccf2c8bdad,noise,186,-0.095947265625,0.22802734375
65c978cf60ccf2c8bdad,noise,192,-0.04876708984375,0.4368896484375
65c978cf60ccf2c8bdad,noise,196,-0.1240234375,-0.724609375
6f94c0de79ff2bc5a01e,noise,0,1.32000732421875,0.6700439453125
6f94c0de79ff2bc5a01e,noise,16,2.0838165283203125,0.837554931640625
6f94c0de79ff2bc5a01e,noise,32,2.0917510986328125,1.085357666015625
6f94c0de79ff2bc5a01e,noise,48,1.35699462890625,1.6236572265625
6f94c0de79ff2bc5a01e,noise,56,1.0358734130859375,-1.600128173828125
6f94c0de79ff2bc5a01e,noise,64,0.9451904296875,1.010009765625
6f94c0de79ff2bc5a01e,noise,82,1.0302734375,1.11962890625
6f94c0de79ff2bc5a01e,noise,96,-0.5611038208007812,-0.0904693603515625
6f94c0de79ff2bc5a01e,noise,98,2.3623046875,0.821533203125
6f94c0de79ff2bc5a01e,noise,102,1.9307479858398438,2.2936248779296875
6f94c0de79ff2bc5a01e,noise,116,1.03094482421875,1.8109130859375
6f94c0de79ff2bc5a01e,noise,130,1.6295623779296875,1.334136962890625
6f94c0de79ff2bc5a01e,noise,150,1.867218017578125,0.43560791015625
6f94c0de79ff2bc5a01e,noise,154,1.4749755859375,1.460205078125
6f94c0de79ff2bc5a01e,noise,162,2.101806640625,-0.13525390625
6f94c0de79ff2bc5a01e,noise,176,1.7127685546875,0.503662109375
6f94c0de79ff2bc5a01e,noise,178,1.0435905456542969,0.9123764038085938
6f94c0de79ff2bc5a01e,noise,186,1.496826171875,1.283447265625
6f94c0de79ff2bc5a01e,noise,192,1.3726806640625,1.537353515625
6f94c0de79ff2bc5a01e,noise,196,1.178955078125,-0.54150390625
6fe3b8920a501cdd1472,noise,0,0.22894287109375,-0.0191650390625
6fe3b8920a501cdd1472,noise,16,0.2102184295654297,0.002468109130859375
6fe3b8920a501cdd1472,noise,32,-0.0684356689453125,-0.111968994140625
6fe3b8920a501cdd1472,noise,48,-0.20285797119140625,-0.2149505615234375
6fe3b8920a501cdd1472,noise,56,0.03426361083984375,-0.0945587158203125
6fe3b8920a501cdd1472,noise,64,-0.04437255859375,0.1146240234375
6fe3b8920a501cdd1472,noise,82,0.11474609375,0.9951171875
6fe3b8920a501cdd1472,noise,96,0.0318756103515625,0.160430908203125
6fe3b8920a501cdd1472,noise,98,-0.066619873046875,-0.23150634765625
6fe3b8920a501cdd1472,noise,102,0.46532440185546875,0.5004730224609375
6fe3b8920a501cdd1472,noise,116,0.783447265625,0.97412109375
6fe3b8920a501cdd1472,noise,130,0.0382537841796875,-0.472015380859375
6fe3b8920a501cdd1472,noise,150,0.043487548828125,0.12115478515625
6fe3b8920a501cdd1472,noise,154,-0.1607666015625,-0.008056640625
6fe3b8920a501cdd1472,noise,162,-0.122802734375,0.14794921875
6fe3b8920a501cdd1472,noise,176,1.935302734375,1.06884765625
6fe3b8920a501cdd1472,noise,178,-0.031253814697265625,-0.17090606689453125
6fe3b8920a501cdd1472,noise,186,0.1483154296875,0.422119140625
6fe3b8920a501cdd1472,noise,192,-0.07904052734375,0.0589599609375
6fe3b8920a501cdd1472,noise,196,0.37939453125,-0.1611328125
7777b7398625d8434c93,noise,0,1.35491943359375,0.9080810546875
7777b7398625d8434c93,noise,16,1.8189849853515625,0.618438720703125
7777b7398625d8434c93,noise,32,1.4330596923828125,0.334381103515625
7777b7398625d8434c93,noise,48,0.4537353515625,0.5693359375
7777b7398625d8434c93,noise,56,1.4845390319824219,-1.4186019897460938
7777b7398625d8434c93,noise,64,0.7750244140625,0.884521484375
7777b7398625d8434c93,noise,82,0.5097198486328125,0.222747802734375
7777b7398625d8434c93,noise,96,-0.33959197998046875,0.3037261962890625
7777b7398625d8434c93,noise,98,1.4901123046875,1.26416015625
7777b7398625d8434c93,noise,102,0.8532333374023438,2.9916229248046875
7777b7398625d8434c93,noise,116,0.189910888671875,1.23919677734375
7777b7398625d8434c93,noise,130,0.7811431884765625,1.241912841796875
7777b7398625d8434c93,noise,150,2.226959228515625,0.57354736328125
7777b7398625d8434c93,noise,154,0.984130859375,0.72900390625
7777b7398625d8434c93,noise,162,1.32958984375,0.36328125
7777b7398625d8434c93,noise,176,1.13427734375,0.83544921875
7777b7398625d8434c93,noise,178,-0.13274002075195312,-0.37290191650390625
7777b7398625d8434c93,noise,186,0.88043212890625,0.6031494140625
7777b7398625d8434c93,noise,192,0.933746337890625,1.55206298828125
7777b7398625d8434c93,noise,196,1.022216796875,-0.13427734375
789e6f0fed6e4d35b5f1,noise,0,1.92266845703125,0.7823486328125
789e6f0fed6e4d35b5f1,noise,16,2.2182159423828125,0.683990478515625
789e6f0fed6e4d35b5f1,noise,32,2.7938385009765625,1.629180908203125
789e6f0fed6e4d35b5f1,noise,48,1.57965087890625,1.6177978515625
789e6f0fed6e4d35b5f1,noise,56,2.0740280151367188,-2.0018768310546875
789e6f0fed6e4d35b5f1,noise,64,0.97021484375,0.8359375
789e6f0fed6e4d35b5f1,noise,82,1.230712890625,1.267333984375
789e6f0fed6e4d35b5f1,noise,96,1.3274002075195312,-0.3867034912109375
789e6f0fed6e4d35b5f1,noise,98,2.5810546875,0.551025390625
789e6f0fed6e4d35b5f1,noise,102,2.3749008178710938,2.0303192138671875
789e6f0fed6e4d35b5f1,noise,116,1.348663330078125,1.47808837890625
789e6f0fed6e4d35b5f1,noise,130,1.7994232177734375,1.261016845703125
789e6f0fed6e4d35b5f1,noise,150,2.765716552734375,0.73553466796875
789e6f0fed6e4d35b5f1,noise,154,1.9033203125,1.21484375
789e6f0fed6e4d35b5f1,noise,162,2.3570556640625,-0.473388671875
789e6f0fed6e4d35b5f1,noise,176,1.90673828125,0.39013671875
789e6f0fed6e4d35b5f1,noise,178,1.2969474792480469,0.33803558349609375
789e6f0fed6e4d35b5f1,noise,186,1.63873291015625,0.9298095703125
789e6f0fed6e4d35b5f1,noise,192,1.6573562622070312,1.1074066162109375
789e6f0fed6e4d35b5f1,noise,196,1.6809310913085938,-0.3579559326171875
7b1059323139afed6673,noise,0,1.8970947265625,0.838623046875
7b1059323139afed6673,noise,16,2.2235260009765625,0.741485595703125
7b1059323139afed6673,noise,32,2.8300323486328125,1.731353759765625
7b1059323139afed6673,noise,48,1.53472900390625,1.8121337890625
7b1059323139afed6673,noise,56,2.0326995849609375,-1.739532470703125
7b1059323139afed6673,noise,64,0.98779296875,0.9013671875
7b1059323139afed6673,noise,82,1.213470458984375,1.30255126953125
7b1059323139afed6673,noise,96,1.3885269165039062,-0.2361297607421875
7b1059323139afed6673,noise,98,2.569091796875,0.617919921875
7b1059323139afed6673,noise,102,2.3549728393554688,2.2117767333984375
7b1059323139afed6673,noise,116,1.288818359375,1.78173828125
7b1059323139afed6673,noise,130,1.8155975341796875,1.247222900390625
7b1059323139afed6673,noise,150,2.705718994140625,0.84991455078125
7b1059323139afed6673,noise,154,1.8447265625,1.3896484375
7b1059323139afed6673,noise,162,2.3436279296875,-0.278564453125
7b1059323139afed6673,noise,176,1.858154296875,0.46875
7b1059323139afed6673,noise,178,1.2369499206542969,0.5324935913085938
7b1059323139afed6673,noise,186,1.70758056640625,0.9918212890625
7b1059323139afed6673,noise,192,1.6727371215820312,1.1779632568359375
7b1059323139afed6673,noise,196,1.63916015625,-0.2177734375
7b81c2052c3d57249894,noise,0,1.92340087890625,0.7760009765625
7b81c2052c3d57249894,noise,16,2.2291412353515625,0.744415283203125
7b81c2052c3d57249894,noise,32,2.7996978759765625,1.756622314453125
7b81c2052c3d57249894,noise,48,1.56427001953125,1.8145751953125
7b81c2052c3d57249894,noise,56,2.04180908203125,-1.72601318359375
7b81c2052c3d57249894,noise,64,1.0072021484375,0.905517578125
7b81c2052c3d57249894,noise,82,1.232421875,1.23779296875
7b81c2052c3d57249894,noise,96,1.3247756958007812,-0.2508392333984375
7b81c2052c3d57249894,noise,98,2.6163330078125,0.51171875
7b81c2052c3d57249894,noise,102,2.3684005737304688,2.2435150146484375
7b81c2052c3d57249894,noise,116,1.3690185546875,1.680419921875
7b81c2052c3d57249894,noise,130,1.8868865966796875,1.208160400390625
7b81c2052c3d57249894,noise,150,2.727813720703125,0.85650634765625
7b81c2052c3d57249894,noise,154,1.854736328125,1.33837890625
7b81c2052c3d57249894,noise,162,2.2554931640625,-0.341552734375
7b81c2052c3d57249894,noise,176,1.9039306640625,0.462158203125
7b81c2052c3d57249894,noise,178,1.2865104675292969,0.46462249755859375
7b81c2052c3d57249894,noise,186,1.6954345703125,1.0419921875
7b81c2052c3d57249894,noise,192,1.6035308837890625,1.170135498046875
7b81c2052c3d57249894,noise,196,1.61700439453125,-0.2320556640625
7c82646d031c2d95d251,noise,0,0.7467041015625,0.060546875
7c82646d031c2d95d251,noise,16,1.0388946533203125,0.035308837890625
7c82646d031c2d95d251,noise,32,1.4798736572265625,0.149688720703125
7c82646d031c2d95d251,noise,48,0.82281494140625,1.0880126953125
7c82646d031c2d95d251,noise,56,0.9995269775390625,-0.887542724609375
7c82646d031c2d95d251,noise,64,0.5159912109375,0.926025390625
7c82646d031c2d95d251,noise,82,0.964324951171875,0.81939697265625
7c82646d031c2d95d251,noise,96,-0.9492874145507812,0.5086517333984375
7c82646d031c2d95d251,noise,98,1.59765625,1.054443359375
7c82646d031c2d95d251,noise,102,1.3362655639648438,2.3321990966796875
7c82646d031c2d95d251,noise,116,0.280303955078125,1.49322509765625
7c82646d031c2d95d251,noise,130,1.3716583251953125,1.125335693359375
7c82646d031c2d95d251,noise,150,2.1544189453125,0.014404296875
7c82646d031c2d95d251,noise,154,0.9566650390625,0.873779296875
7c82646d031c2d95d251,noise,162,1.4000244140625,0.238525390625
7c82646d031c2d95d251,noise,176,1.0157470703125,0.691650390625
7c82646d031c2d95d251,noise,178,0.4657096862792969,0.11501312255859375
7c82646d031c2d95d251,noise,186,0.38067626953125,0.9649658203125
7c82646d031c2d95d251,noise,192,0.606689453125,1.120849609375
7c82646d031c2d95d251,noise,196,1.18896484375,-0.4765625
7d1bc2e9212f00edf795,noise,0,0.186920166015625,0.20684814453125
7d1bc2e9212f00edf795,noise,16,0.0644378662109375,0.803192138671875
7d1bc2e9212f00edf795,noise,32,0.903564453125,1.6455078125
7d1bc2e9212f00edf795,noise,48,0.3804168701171875,0.182830810546875
7d1bc2e9212f00edf795,noise,56,-0.15594482421875,0.5093994140625
7d1bc2e9212f00edf795,noise,64,-0.0399169921875,0.387939453125
7d1bc2e9212f00edf795,noise,82,0.35675048828125,0.4246826171875
7d1bc2e9212f00edf795,noise,96,0.214630126953125,0.66265869140625
7d1bc2e9212f00edf795,noise,98,0.10101318359375,0.2894287109375
7d1bc2e9212f00edf795,noise,102,0.6981124877929688,0.1486663818359375
7d1bc2e9212f00edf795,noise,116,0.9964599609375,-0.958740234375
7d1bc2e9212f00edf795,noise,130,-0.21675872802734375,0.8221893310546875
7d1bc2e9212f00edf795,noise,150,0.278106689453125,0.15582275390625
7d1bc2e9212f00edf795,noise,154,0.41009521484375,0.1607666015625
7d1bc2e9212f00edf795,noise,162,0.8251953125,0.7041015625
7d1bc2e9212f00edf795,noise,176,0.672607421875,0.0146484375
7d1bc2e9212f00edf795,noise,178,0.9152336120605469,-0.16660308837890625
7d1bc2e9212f00edf795,noise,186,0.2349853515625,0.221923828125
7d1bc2e9212f00edf795,noise,192,0.1768798828125,0.132568359375
7d1bc2e9212f00edf795,noise,196,0.33740234375,-0.1982421875
7efccbcb821c059a33a6,noise,0,1.89727783203125,0.8277587890625
7efccbcb821c059a33a6,noise,16,2.1771392822265625,0.729278564453125
7efccbcb821c059a33a6,noise,32,3.0759735107421875,2.210052490234375
7efccbcb821c059a33a6,noise,48,1.58026123046875,1.8065185546875
7efccbcb821c059a33a6,noise,56,2.04766845703125,-1.72601318359375
7efccbcb821c059a33a6,noise,64,0.96044921875,0.8837890625
7efccbcb821c059a33a6,noise,82,1.2408447265625,1.3623046875
7efccbcb821c059a33a6,noise,96,1.3358535766601562,-0.1803436279296875
7efccbcb821c059a33a6,noise,98,2.5107421875,0.720947265625
7efccbcb821c059a33a6,noise,102,2.3210372924804688,2.2298431396484375
7efccbcb821c059a33a6,noise,116,1.327117919921875,1.75579833984375
7efccbcb821c059a33a6,noise,130,1.8285980224609375,1.248565673828125
7efccbcb821c059a33a6,noise,150,2.709747314453125,0.86724853515625
7efccbcb821c059a33a6,noise,154,1.7781982421875,1.371337890625
7efccbcb821c059a33a6,noise,162,2.364990234375,-0.30712890625
7efccbcb821c059a33a6,noise,176,1.868896484375,0.4638671875
7efccbcb821c059a33a6,noise,178,1.2450065612792969,0.5613021850585938
7efccbcb821c059a33a6,noise,186,1.6766357421875,1.021484375
7efccbcb821c059a33a6,noise,192,1.6594696044921875,1.183990478515625
7efccbcb821c059a33a6,noise,196,1.6134033203125,-0.277587890625
8ad99b11bccc72b474e5,noise,0,0.27166748046875,-0.6148681640625
8ad99b11bccc72b474e5,noise,16,0.351165771484375,-0.85137939453125
8ad99b11bccc72b474e5,noise,32,0.3596954345703125,-0.486175537109375
8ad99b11bccc72b474e5,noise,48,0.2784423828125,-0.593505859375
8ad99b11bccc72b474e5,noise,56,0.1339263916015625,-0.516815185546875
8ad99b11bccc72b474e5,noise,64,0.29473876953125,-0.5728759765625
8ad99b11bccc72b474e5,noise,82,0.4036865234375,-0.566162109375
8ad99b11bccc72b474e5,noise,96,0.8641433715820312,-1.3928070068359375
8ad99b11bccc72b474e5,noise,98,1.150634765625,-2.395263671875
8ad99b11bccc72b474e5,noise,102,0.5712203979492188,-1.0753326416015625
8ad99b11bccc72b474e5,noise,116,0.49383544921875,-0.9420166015625
8ad99b11bccc72b474e5,noise,130,0.40654563903808594,-0.5723686218261719
8ad99b11bccc72b474e5,noise,150,0.22576904296875,-0.4996337890625
8ad99b11bccc72b474e5,noise,154,0.7205810546875,-1.243408203125
8ad99b11bccc72b474e5,noise,162,0.5546875,-1.0888671875
8ad99b11bccc72b474e5,noise,176,0.53466796875,-0.9541015625
8ad99b11bccc72b474e5,noise,178,0.4726676940917969,-1.1298599243164062
8ad99b11bccc72b474e5,noise,186,0.53369140625,-1.078125
8ad99b11bccc72b474e5,noise,192,0.554779052734375,-1.24578857421875
8ad99b11bccc72b474e5,noise,196,0.7529296875,-1.521484375
8c62ceb680f6a7a44e73,noise,0,1.90142822265625,0.7852783203125
8c62ceb680f6a7a44e73,noise,16,2.1836700439453125,0.759918212890625
8c62ceb680f6a7a44e73,noise,32,2.8464508056640625,1.672882080078125
8c62ceb680f6a7a44e73,noise,48,1.57073974609375,1.7244873046875
8c62ceb680f6a7a44e73,noise,56,2.04327392578125,-1.79241943359375
8c62ceb680f6a7a44e73,noise,64,1.0396728515625,0.855224609375
8c62ceb680f6a7a44e73,noise,82,1.205657958984375,1.27716064453125
8c62ceb680f6a7a44e73,noise,96,1.3880691528320312,-0.3171234130859375
8c62ceb680f6a7a44e73,noise,98,2.5338134765625,0.71875
8c62ceb680f6a7a44e73,noise,102,2.3762130737304688,2.2220306396484375
8c62ceb680f6a7a44e73,noise,116,1.308502197265625,1.72442626953125
8c62ceb680f6a7a44e73,noise,130,1.8525238037109375,1.236846923828125
8c62ceb680f6a7a44e73,noise,150,2.724884033203125,0.83306884765625
8c62ceb680f6a7a44e73,noise,154,1.832763671875,1.42041015625
8c62ceb680f6a7a44e73,noise,162,2.3385009765625,-0.399169921875
8c62ceb680f6a7a44e73,noise,176,1.8765869140625,0.423095703125
8c62ceb680f6a7a44e73,noise,178,1.2705802917480469,0.45229339599609375
8c62ceb680f6a7a44e73,noise,186,1.7374267578125,0.9140625
8c62ceb680f6a7a44e73,noise,192,1.6738219857215881,1.0747193098068237
8c62ceb680f6a7a44e73,noise,196,1.672515869140625,-0.27471923828125
9069005e404c852bec49,noise,0,1.87860107421875,0.8167724609375
9069005e404c852bec49,noise,16,2.1496734619140625,0.752960205078125
9069005e404c852bec49,noise,32,2.8290557861328125,1.802642822265625
9069005e404c852bec49,noise,48,1.51507568359375,1.7679443359375
9069005e404c852bec49,noise,56,1.9750518798828125,-1.848358154296875
9069005e404c852bec49,noise,64,0.989501953125,0.89794921875
9069005e404c852bec49,noise,82,1.24298095703125,1.3643798828125
9069005e404c852bec49,noise,96,1.7450637817382812,0.2191314697265625
9069005e404c852bec49,noise,98,2.5101318359375,0.71728515625
9069005e404c852bec49,noise,102,2.3514022827148438,2.1876678466796875
9069005e404c852bec49,noise,116,1.302886962890625,1.73956298828125
9069005e404c852bec49,noise,130,1.8134613037109375,1.256378173828125
9069005e404c852bec49,noise,150,2.719940185546875,0.86810302734375
9069005e404c852bec49,noise,154,1.8201904296875,1.363525390625
9069005e404c852bec49,noise,162,2.2919921875,-0.2734375
9069005e404c852bec49,noise,176,1.846435546875,0.46826171875
9069005e404c852bec49,noise,178,1.2202262878417969,0.5420150756835938
9069005e404c852bec49,noise,186,1.67633056640625,0.9888916015625
9069005e404c852bec49,noise,192,1.5202789306640625,1.111541748046875
9069005e404c852bec49,noise,196,1.65673828125,-0.2255859375
914952faccb7e93e6e56,noise,0,0.408050537109375,-0.24200439453125
914952faccb7e93e6e56,noise,16,-0.1446533203125,-0.254150390625
914952faccb7e93e6e56,noise,32,-0.31560516357421875,0.4430084228515625
914952faccb7e93e6e56,noise,48,-0.4488525390625,0.3760986328125
914952faccb7e93e6e56,noise,56,-0.1758270263671875,0.296295166015625
914952faccb7e93e6e56,noise,64,-0.4285888671875,0.459228515625
914952faccb7e93e6e56,noise,82,-0.33984375,0.09375
914952faccb7e93e6e56,noise,96,0.01337432861328125,1.5921783447265625
914952faccb7e93e6e56,noise,98,0.247772216796875,-1.02276611328125
914952faccb7e93e6e56,noise,102,0.18651580810546875,-0.4858551025390625
914952faccb7e93e6e56,noise,116,-0.1800537109375,0.202392578125
914952faccb7e93e6e56,noise,130,0.1355743408203125,-0.241363525390625
914952faccb7e93e6e56,noise,150,0.050079345703125,0.09527587890625
914952faccb7e93e6e56,noise,154,-0.041015625,-0.296875
914952faccb7e93e6e56,noise,162,-0.109375,0.251953125
914952faccb7e93e6e56,noise,176,0.010498046875,0.00341796875
914952faccb7e93e6e56,noise,178,-0.11684036254882812,0.5036239624023438
914952faccb7e93e6e56,noise,186,-0.454071044921875,1.71783447265625
914952faccb7e93e6e56,noise,192,-0.57025146484375,0.6903076171875
914952faccb7e93e6e56,noise,196,-0.1337890625,0.326171875
935bd9bc2c14020a9f70,noise,0,0.002349853515625,0.07354736328125
935bd9bc2c14020a9f70,noise,16,-0.1208038330078125,0.091400146484375
935bd9bc2c14020a9f70,noise,32,-0.0882415771484375,-0.130096435546875
935bd9bc2c14020a9f70,noise,48,0.00799560546875,-0.07330322265625
935bd9bc2c14020a9f70,noise,56,-0.05306243896484375,-0.1110076904296875
935bd9bc2c14020a9f70,noise,64,-0.01678466796875,-0.0870361328125
935bd9bc2c14020a9f70,noise,82,0.00762939453125,-0.0635986328125
935bd9bc2c14020a9f70,noise,96,0.03746795654296875,0.1222991943359375
935bd9bc2c14020a9f70,noise,98,-0.084014892578125,-0.04742431640625
935bd9bc2c14020a9f70,noise,102,-0.0254364013671875,0.174713134765625
935bd9bc2c14020a9f70,noise,116,-0.13671875,0.1337890625
935bd9bc2c14020a9f70,noise,130,0.0428314208984375,-0.073944091796875
935bd9bc2c14020a9f70,noise,150,-0.04296875,-0.01171875
935bd9bc2c14020a9f70,noise,154,-0.0279541015625,-0.000732421875
935bd9bc2c14020a9f70,noise,162,-0.12744140625,-0.0078125
935bd9bc2c14020a9f70,noise,176,-0.0794677734375,0.061767578125
935bd9bc2c14020a9f70,noise,178,-0.0066242218017578125,0.014095306396484375
935bd9bc2c14020a9f70,noise,186,0.0291748046875,0.003173828125
935bd9bc2c14020a9f70,noise,192,-0.06170654296875,0.1346435546875
935bd9bc2c14020a9f70,noise,196,-0.060546875,0.0390625
9813bd0bde672ddcbfa8,noise,0,0.00628662109375,0.0062255859375
9813bd0bde672ddcbfa8,noise,16,0.00323486328125,-0.0062255859375
9813bd0bde672ddcbfa8,noise,32,-0.003326416015625,-0.03106689453125
9813bd0bde672ddcbfa8,noise,48,-0.00244903564453125,-0.0054779052734375
9813bd0bde672ddcbfa8,noise,56,0.004638671875,-0.01171875
9813bd0bde672ddcbfa8,noise,64,0.00018310546875,0.0025634765625
9813bd0bde672ddcbfa8,noise,82,0.00079345703125,0.0023193359375
9813bd0bde672ddcbfa8,noise,96,-0.01111602783203125,-0.0066070556640625
9813bd0bde672ddcbfa8,noise,98,-0.01544189453125,0.0220947265625
9813bd0bde672ddcbfa8,noise,102,-0.00665283203125,0.0003662109375
9813bd0bde672ddcbfa8,noise,116,-0.0008544921875,0.003173828125
9813bd0bde672ddcbfa8,noise,130,-0.01373291015625,-0.0067138671875
9813bd0bde672ddcbfa8,noise,150,-0.001312255859375,0.00323486328125
9813bd0bde672ddcbfa8,noise,154,-0.0010986328125,0.007568359375
9813bd0bde672ddcbfa8,noise,162,-0.00048828125,-0.0048828125
9813bd0bde672ddcbfa8,noise,176,-0.00146484375,0.0078125
9813bd0bde672ddcbfa8,noise,178,0.007549285888671875,0.01509857177734375
9813bd0bde672ddcbfa8,noise,186,-6.103515625e-05,-0.0201416015625
9813bd0bde672ddcbfa8,noise,192,0.00445556640625,0.0037841796875
9813bd0bde672ddcbfa8,noise,196,-0.00048828125,0.0009765625
98d840e357ef9f49f9c1,noise,0,-0.00067138671875,0.1373291015625
98d840e357ef9f49f9c1,noise,16,-0.2150421142578125,0.274017333984375
98d840e357ef9f49f9c1,noise,32,0.060211181640625,-0.03973388671875
98d840e357ef9f49f9c1,noise,48,0.01454925537109375,0.3108062744140625
98d840e357ef9f49f9c1,noise,56,-0.0059814453125,0.074951171875
98d840e357ef9f49f9c1,noise,64,-0.18829345703125,0.2838134765625
98d840e357ef9f49f9c1,noise,82,0.02777099609375,-0.1907958984375
98d840e357ef9f49f9c1,noise,96,-0.1611480712890625,0.577117919921875
98d840e357ef9f49f9c1,noise,98,0.05029296875,-0.11572265625
98d840e357ef9f49f9c1,noise,102,-0.07607269287109375,-0.0437469482421875
98d840e357ef9f49f9c1,noise,116,-0.016845703125,0.07177734375
98d840e357ef9f49f9c1,noise,130,-0.0791473388671875,0.086517333984375
98d840e357ef9f49f9c1,noise,150,-0.112030029296875,-0.08148193359375
98d840e357ef9f49f9c1,noise,154,0.006866455078125,0.29779052734375
98d840e357ef9f49f9c1,noise,162,-0.23291015625,0.0751953125
98d840e357ef9f49f9c1,noise,176,-0.0074462890625,0.092529296875
98d840e357ef9f49f9c1,noise,178,-0.1399097442626953,0.2934226989746094
98d840e357ef9f49f9c1,noise,186,-0.19403076171875,0.6314697265625
98d840e357ef9f49f9c1,noise,192,-0.05615234375,0.2060546875
98d840e357ef9f49f9c1,noise,196,-0.11181640625,0.1826171875
a334ded352944ef2a9c7,noise,0,-0.005401611328125,0.04974365234375
a334ded352944ef2a9c7,noise,16,-0.00899505615234375,0.1529083251953125
a334ded352944ef2a9c7,noise,32,-0.041473388671875,0.30377197265625
a334ded352944ef2a9c7,noise,48,-0.1196441650390625,0.296417236328125
a334ded352944ef2a9c7,noise,56,0.0211639404296875,-0.015289306640625
a334ded352944ef2a9c7,noise,64,0.00433349609375,0.1387939453125
a334ded352944ef2a9c7,noise,82,0.07080078125,0.25146484375
a334ded352944ef2a9c7,noise,96,-0.0218353271484375,0.098419189453125
a334ded352944ef2a9c7,noise,98,0.047088623046875,0.16033935546875
a334ded352944ef2a9c7,noise,102,0.09974861145019531,0.12869644165039062
a334ded352944ef2a9c7,noise,116,-0.0982666015625,0.232177734375
a334ded352944ef2a9c7,noise,130,0.0048370361328125,0.045013427734375
a334ded352944ef2a9c7,noise,150,-0.05548095703125,0.0697021484375
a334ded352944ef2a9c7,noise,154,0.00714111328125,-0.0352783203125
a334ded352944ef2a9c7,noise,162,0.0302734375,0.05078125
a334ded352944ef2a9c7,noise,176,0.0146484375,0.2314453125
a334ded352944ef2a9c7,noise,178,0.014972686767578125,0.28678131103515625
a334ded352944ef2a9c7,noise,186,-0.02203369140625,0.2318115234375
a334ded352944ef2a9c7,noise,192,-0.06939697265625,0.1905517578125
a334ded352944ef2a9c7,noise,196,-0.0234375,0.080078125
a45dd3e9124ad07e59a5,noise,0,0.20611572265625,-0.0662841796875
a45dd3e9124ad07e59a5,noise,16,0.6717071533203125,0.572906494140625
a45dd3e9124ad07e59a5,noise,32,0.8686370849609375,0.113739013671875
a45dd3e9124ad07e59a5,noise,48,0.3985862731933594,1.1237411499023438
a45dd3e9124ad07e59a5,noise,56,0.91998291015625,0.9786376953125
a45dd3e9124ad07e59a5,noise,64,0.0089111328125,0.675048828125
a45dd3e9124ad07e59a5,noise,82,0.86260986328125,1.6307373046875
a45dd3e9124ad07e59a5,noise,96,1.2683334350585938,0.1372528076171875
a45dd3e9124ad07e59a5,noise,98,0.9344024658203125,-0.147064208984375
a45dd3e9124ad07e59a5,noise,102,1.0837631225585938,-0.3251495361328125
a45dd3e9124ad07e59a5,noise,116,1.9022216796875,-0.507568359375
a45dd3e9124ad07e59a5,noise,130,0.4165534973144531,-0.12998199462890625
a45dd3e9124ad07e59a5,noise,150,0.311187744140625,0.25030517578125
a45dd3e9124ad07e59a5,noise,154,1.2501220703125,0.077392578125
a45dd3e9124ad07e59a5,noise,162,1.105224609375,0.89697265625
a45dd3e9124ad07e59a5,noise,176,0.8228759765625,0.321044921875
a45dd3e9124ad07e59a5,noise,178,1.8371086120605469,2.0140609741210938
a45dd3e9124ad07e59a5,noise,186,1.635101318359375,2.17156982421875
a45dd3e9124ad07e59a5,noise,192,1.27197265625,-0.53662109375
a45dd3e9124ad07e59a5,noise,196,0.28759765625,0.6162109375
a918e1730cda68976cc9,noise,0,2.1265869140625,0.973388671875
a918e1730cda68976cc9,noise,16,2.2228546142578125,1.498443603515625
a918e1730cda68976cc9,noise,32,3.5893096923828125,3.077545166015625
a918e1730cda68976cc9,noise,48,1.88848876953125,1.9512939453125
a918e1730cda68976cc9,noise,56,1.7747879028320312,-1.1470489501953125
a918e1730cda68976cc9,noise,64,0.92529296875,1.259765625
a918e1730cda68976cc9,noise,82,1.55499267578125,1.6783447265625
a918e1730cda68976cc9,noise,96,1.5731582641601562,0.5672149658203125
a918e1730cda68976cc9,noise,98,2.5535888671875,1.04443359375
a918e1730cda68976cc9,noise,102,3.0859336853027344,2.3191909790039062
a918e1730cda68976cc9,noise,116,2.290435791015625,1.01788330078125
a918e1730cda68976cc9,noise,130,1.6687469482421875,1.896392822265625
a918e1730cda68976cc9,noise,150,2.954315185546875,0.99017333984375
a918e1730cda68976cc9,noise,154,2.3345947265625,1.600341796875
a918e1730cda68976cc9,noise,162,3.095947265625,0.29931640625
a918e1730cda68976cc9,noise,176,2.61077880859375,0.6993408203125
a918e1730cda68976cc9,noise,178,2.131725311279297,0.5891342163085938
a918e1730cda68976cc9,noise,186,1.888946533203125,1.21697998046875
a918e1730cda68976cc9,noise,192,1.8093414306640625,1.441131591796875
a918e1730cda68976cc9,noise,196,1.9522705078125,-0.379150390625
a9d80c7bb0769ceb8fb8,noise,0,2.011016845703125,1.05670166015625
a9d80c7bb0769ceb8fb8,noise,16,2.1187286376953125,0.461578369140625
a9d80c7bb0769ceb8fb8,noise,32,3.5364532470703125,1.274566650390625
a9d80c7bb0769ceb8fb8,noise,48,1.478271484375,2.149169921875
a9d80c7bb0769ceb8fb8,noise,56,2.133639335632324,-1.8798885345458984
a9d80c7bb0769ceb8fb8,noise,64,0.654296875,1.2529296875
a9d80c7bb0769ceb8fb8,noise,82,0.638427734375,1.65087890625
a9d80c7bb0769ceb8fb8,noise,96,0.5721588134765625,0.499298095703125
a9d80c7bb0769ceb8fb8,noise,98,2.7740478515625,0.2919921875
a9d80c7bb0769ceb8fb8,noise,102,3.2626724243164062,1.2708892822265625
a9d80c7bb0769ceb8fb8,noise,116,1.510101318359375,1.63446044921875
a9d80c7bb0769ceb8fb8,noise,130,1.7375946044921875,1.372955322265625
a9d80c7bb0769ceb8fb8,noise,150,2.597686767578125,0.96002197265625
a9d80c7bb0769ceb8fb8,noise,154,2.02099609375,1.0234375
a9d80c7bb0769ceb8fb8,noise,162,2.152099609375,0.08349609375
a9d80c7bb0769ceb8fb8,noise,176,1.921142578125,0.6103515625
a9d80c7bb0769ceb8fb8,noise,178,0.8659782409667969,0.34377288818359375
a9d80c7bb0769ceb8fb8,noise,186,1.89263916015625,0.8214111328125
a9d80c7bb0769ceb8fb8,noise,192,1.5460433959960938,1.5509796142578125
a9d80c7bb0769ceb8fb8,noise,196,1.6844673156738281,-0.35721588134765625
b086c5ca62575b097b81,noise,0,0.00244140625,-0.04150390625
b086c5ca62575b097b81,noise,16,-0.0088348388671875,0.012115478515625
b086c5ca62575b097b81,noise,32,0.0263214111328125,-0.106048583984375
b086c5ca62575b097b81,noise,48,0.020904541015625,-0.04290771484375
b086c5ca62575b097b81,noise,56,0.01763916015625,-0.0330810546875
b086c5ca62575b097b81,noise,64,0.0462646484375,-0.045166015625
b086c5ca62575b097b81,noise,82,-0.0062255859375,-0.030029296875
b086c5ca62575b097b81,noise,96,0.0352783203125,-0.148193359375
b086c5ca62575b097b81,noise,98,0.00921630859375,0.0093994140625
b086c5ca62575b097b81,noise,102,0.0183258056640625,0.002960205078125
b086c5ca62575b097b81,noise,116,0.003173828125,-0.04052734375
b086c5ca62575b097b81,noise,130,0.0101318359375,-0.008544921875
b086c5ca62575b097b81,noise,150,0.02197265625,-0.0068359375
b086c5ca62575b097b81,noise,154,-0.01800537109375,0.0457763671875
b086c5ca62575b097b81,noise,162,0.0283203125,-0.095703125
b086c5ca62575b097b81,noise,176,0.0113525390625,-0.049560546875
b086c5ca62575b097b81,noise,178,0.04831695556640625,-0.1201629638671875
b086c5ca62575b097b81,noise,186,0.053466796875,-0.1123046875
b086c5ca62575b097b81,noise,192,0.04510498046875,-0.1004638671875
b086c5ca62575b097b81,noise,196,0.0185546875,-0.015625
b6fd16448f4758f58734,noise,0,0.466766357421875,0.41741943359375
b6fd16448f4758f58734,noise,16,1.1948089599609375,0.101043701171875
b6fd16448f4758f58734,noise,32,0.781341552734375,0.60516357421875
b6fd16448f4758f58734,noise,48,0.8947906494140625,1.678924560546875
b6fd16448f4758f58734,noise,56,0.7837066650390625,-0.340789794921875
b6fd16448f4758f58734,noise,64,0.7169189453125,0.521728515625
b6fd16448f4758f58734,noise,82,1.11376953125,0.5869140625
b6fd16448f4758f58734,noise,96,1.5623092651367188,0.2540130615234375
b6fd16448f4758f58734,noise,98,1.156494140625,1.01416015625
b6fd16448f4758f58734,noise,102,1.2741928100585938,0.9394989013671875
b6fd16448f4758f58734,noise,116,0.7489013671875,0.706787109375
b6fd16448f4758f58734,noise,130,1.0581817626953125,0.482757568359375
b6fd16448f4758f58734,noise,150,0.6105804443359375,0.357879638671875
b6fd16448f4758f58734,noise,154,0.62445068359375,0.3385009765625
b6fd16448f4758f58734,noise,162,1.760498046875,-0.69970703125
b6fd16448f4758f58734,noise,176,0.9342041015625,0.060791015625
b6fd16448f4758f58734,noise,178,1.3729362487792969,1.0310287475585938
b6fd16448f4758f58734,noise,186,1.2890625,0.21875
b6fd16448f4758f58734,noise,192,1.6724853515625,1.435302734375
b6fd16448f4758f58734,noise,196,1.348876953125,0.72021484375
b9a7848b42d44e735797,noise,0,0.1488037109375,-0.014404296875
b9a7848b42d44e735797,noise,16,-0.038604736328125,-0.09429931640625
b9a7848b42d44e735797,noise,32,0.2195138931274414,0.2285785675048828
b9a7848b42d44e735797,noise,48,-0.19223785400390625,0.5179901123046875
b9a7848b42d44e735797,noise,56,0.07672119140625,0.2862548828125
b9a7848b42d44e735797,noise,64,-0.25799560546875,0.0067138671875
b9a7848b42d44e735797,noise,82,0.039642333984375,-0.47821044921875
b9a7848b42d44e735797,noise,96,-0.9025192260742188,0.4176177978515625
b9a7848b42d44e735797,noise,98,-0.331695556640625,0.62005615234375
b9a7848b42d44e735797,noise,102,-0.31140899658203125,0.4230804443359375
b9a7848b42d44e735797,noise,116,-0.49896240234375,0.9307861328125
b9a7848b42d44e735797,noise,130,-0.0453643798828125,0.191802978515625
b9a7848b42d44e735797,noise,150,-0.0992431640625,0.151123046875
b9a7848b42d44e735797,noise,154,-0.291015625,0.65966796875
b9a7848b42d44e735797,noise,162,-0.170166015625,-0.19384765625
b9a7848b42d44e735797,noise,176,-0.1199951171875,0.138916015625
b9a7848b42d44e735797,noise,178,-0.3312568664550781,0.9273300170898438
b9a7848b42d44e735797,noise,186,-0.28955078125,0.6357421875
b9a7848b42d44e735797,noise,192,-0.34881591796875,0.7313232421875
b9a7848b42d44e735797,noise,196,-0.30810546875,0.3681640625
bff33272529705ae72dd,noise,0,2.53924560546875,1.4866943359375
bff33272529705ae72dd,noise,16,3.4246978759765625,0.849884033203125
bff33272529705ae72dd,noise,32,3.6657257080078125,2.487213134765625
bff33272529705ae72dd,noise,48,2.38629150390625,3.3316650390625
bff33272529705ae72dd,noise,56,3.1686248779296875,-2.539703369140625
bff33272529705ae72dd,noise,64,1.844482421875,1.64990234375
bff33272529705ae72dd,noise,82,2.2645721435546875,1.813385009765625
bff33272529705ae72dd,noise,96,3.1030807495117188,0.4046478271484375
bff33272529705ae72dd,noise,98,3.5338134765625,1.3681640625
bff33272529705ae72dd,noise,102,3.7064743041992188,3.2753753662109375
bff33272529705ae72dd,noise,116,2.17578125,2.71142578125
bff33272529705ae72dd,noise,130,2.8430633544921875,1.597564697265625
bff33272529705ae72dd,noise,150,3.410003662109375,1.27117919921875
bff33272529705ae72dd,noise,154,2.7320556640625,2.187255859375
bff33272529705ae72dd,noise,162,4.077392578125,-0.92431640625
bff33272529705ae72dd,noise,176,2.9781494140625,0.921630859375
bff33272529705ae72dd,noise,178,2.791149139404297,1.9348373413085938
bff33272529705ae72dd,noise,186,3.1047725677490234,1.5377693176269531
bff33272529705ae72dd,noise,192,3.60687255859375,3.4786376953125
bff33272529705ae72dd,noise,196,3.112060546875,0.52978515625
c1ce32319c8544633e7c,noise,0,1.81488037109375,0.9881591796875
c1ce32319c8544633e7c,noise,16,1.9922637939453125,1.058746337890625
c1ce32319c8544633e7c,noise,32,2.7161407470703125,1.960113525390625
c1ce32319c8544633e7c,noise,48,1.30120849609375,2.1693115234375
c1ce32319c8544633e7c,noise,56,1.9400787353515625,-1.633880615234375
c1ce32319c8544633e7c,noise,64,0.8701171875,1.0751953125
c1ce32319c8544633e7c,noise,82,1.1269454956054688,1.4558258056640625
c1ce32319c8544633e7c,noise,96,1.0053634643554688,0.3779144287109375
c1ce32319c8544633e7c,noise,98,2.4180908203125,1.005859375
c1ce32319c8544633e7c,noise,102,2.2821578979492188,2.3183441162109375
c1ce32319c8544633e7c,noise,116,1.058197021484375,2.16619873046875
c1ce32319c8544633e7c,noise,130,1.7991180419921875,1.326080322265625
c1ce32319c8544633e7c,noise,150,2.645843505859375,0.92791748046875
c1ce32319c8544633e7c,noise,154,1.7249755859375,1.594970703125
c1ce32319c8544633e7c,noise,162,2.06640625,0.1044921875
c1ce32319c8544633e7c,noise,176,1.7850341796875,0.668701171875
c1ce32319c8544633e7c,noise,178,1.0274162292480469,0.9220199584960938
c1ce32319c8544633e7c,noise,186,1.3560791015625,1.6240234375
c1ce32319c8544633e7c,noise,192,1.39471435546875,1.5921630859375
c1ce32319c8544633e7c,noise,196,1.403564453125,0.02099609375
c450108cb382efc0daef,noise,0,-0.123748779296875,0.04156494140625
c450108cb382efc0daef,noise,16,-0.2448883056640625,0.184539794921875
c450108cb382efc0daef,noise,32,-0.1114654541015625,0.025604248046875
c450108cb382efc0daef,noise,48,-0.03226470947265625,0.0509796142578125
c450108cb382efc0daef,noise,56,-0.0297698974609375,-0.009735107421875
c450108cb382efc0daef,noise,64,-0.0477294921875,0.034912109375
c450108cb382efc0daef,noise,82,0.11474609375,-0.08984375
c450108cb382efc0daef,noise,96,-0.03542327880859375,-0.1387176513671875
c450108cb382efc0daef,noise,98,-0.19683837890625,-0.0814208984375
c450108cb382efc0daef,noise,102,-0.0634307861328125,0.017181396484375
c450108cb382efc0daef,noise,116,-0.23797607421875,0.1861572265625
c450108cb382efc0daef,noise,130,-0.0469818115234375,-0.034454345703125
c450108cb382efc0daef,noise,150,-0.02471923828125,-0.0142822265625
c450108cb382efc0daef,noise,154,0.0029296875,0.08984375
c450108cb382efc0daef,noise,162,-0.031982421875,0.08349609375
c450108cb382efc0daef,noise,176,-0.0291748046875,-0.087646484375
c450108cb382efc0daef,noise,178,-0.05959129333496094,-0.07133102416992188
c450108cb382efc0daef,noise,186,0.07379150390625,-0.0882568359375
c450108cb382efc0daef,noise,192,0.05279541015625,-0.0616455078125
c450108cb382efc0daef,noise,196,-0.193359375,0.13671875
cb9dc14bab2759e048a2,noise,0,1.97698974609375,0.5804443359375
cb9dc14bab2759e048a2,noise,16,2.2019195556640625,0.212432861328125
cb9dc14bab2759e048a2,noise,32,2.4490814208984375,1.117889404296875
cb9dc14bab2759e048a2,noise,48,0.97027587890625,2.0567626953125
cb9dc14bab2759e048a2,noise,56,1.8753509521484375,-2.089874267578125
cb9dc14bab2759e048a2,noise,64,1.02197265625,0.462890625
cb9dc14bab2759e048a2,noise,82,0.8599853515625,0.380126953125
cb9dc14bab2759e048a2,noise,96,1.4971847534179688,-0.7302398681640625
cb9dc14bab2759e048a2,noise,98,2.369873046875,0.302001953125
cb9dc14bab2759e048a2,noise,102,2.5073013305664062,1.9149322509765625
cb9dc14bab2759e048a2,noise,116,1.3076171875,1.25927734375
cb9dc14bab2759e048a2,noise,130,1.7396087646484375,0.885528564453125
cb9dc14bab2759e048a2,noise,150,2.759185791015625,0.72247314453125
cb9dc14bab2759e048a2,noise,154,1.83203125,1.1123046875
cb9dc14bab2759e048a2,noise,162,1.9166259765625,-0.217529296875
cb9dc14bab2759e048a2,noise,176,2.1817626953125,0.099365234375
cb9dc14bab2759e048a2,noise,178,1.1939811706542969,0.23561859130859375
cb9dc14bab2759e048a2,noise,186,1.5975341796875,1.15771484375
cb9dc14bab2759e048a2,noise,192,1.6273193359375,1.42578125
cb9dc14bab2759e048a2,noise,196,1.4871826171875,-0.911865234375
cd929cd3e236f6cee9c9,noise,0,2.1168212890625,0.856201171875
cd929cd3e236f6cee9c9,noise,16,2.4008331298828125,0.726959228515625
cd929cd3e236f6cee9c9,noise,32,2.7755279541015625,1.603790283203125
cd929cd3e236f6cee9c9,noise,48,1.354248046875,1.556396484375
cd929cd3e236f6cee9c9,noise,56,2.04931640625,-1.85479736328125
cd929cd3e236f6cee9c9,noise,64,0.9683837890625,1.026123046875
cd929cd3e236f6cee9c9,noise,82,1.24725341796875,2.0858154296875
cd929cd3e236f6cee9c9,noise,96,1.4140701293945312,-0.0302581787109375
cd929cd3e236f6cee9c9,noise,98,2.46826171875,0.597900390625
cd929cd3e236f6cee9c9,noise,102,2.6223373413085938,2.5129852294921875
cd929cd3e236f6cee9c9,noise,116,1.843994140625,2.32373046875
cd929cd3e236f6cee9c9,noise,130,1.9980316162109375,0.748565673828125
cd929cd3e236f6cee9c9,noise,150,2.740509033203125,0.91607666015625
cd929cd3e236f6cee9c9,noise,154,1.7501220703125,1.416748046875
cd929cd3e236f6cee9c9,noise,162,2.1917724609375,-0.182861328125
cd929cd3e236f6cee9c9,noise,176,3.3023681640625,1.615966796875
cd929cd3e236f6cee9c9,noise,178,1.2158927917480469,0.42494964599609375
cd929cd3e236f6cee9c9,noise,186,1.870849609375,1.416748046875
cd929cd3e236f6cee9c9,noise,192,1.5923843383789062,1.2444305419921875
cd929cd3e236f6cee9c9,noise,196,2.048095703125,-0.43408203125
cec41ab38193f8498178,noise,0,1.90252685546875,0.8192138671875
cec41ab38193f8498178,noise,16,2.1922760009765625,0.753204345703125
cec41ab38193f8498178,noise,32,2.8238677978515625,1.764434814453125
cec41ab38193f8498178,noise,48,1.55255126953125,1.7711181640625
cec41ab38193f8498178,noise,56,2.0209197998046875,-1.735015869140625
cec41ab38193f8498178,noise,64,0.9920654296875,0.886962890625
cec41ab38193f8498178,noise,82,1.2099609375,1.30908203125
cec41ab38193f8498178,noise,96,1.3590011596679688,-0.1848297119140625
cec41ab38193f8498178,noise,98,2.522705078125,0.722412109375
cec41ab38193f8498178,noise,102,2.3597640991210938,2.2139129638671875
cec41ab38193f8498178,noise,116,1.300262451171875,1.75384521484375
cec41ab38193f8498178,noise,130,1.8392181396484375,1.243927001953125
cec41ab38193f8498178,noise,150,2.709747314453125,0.84869384765625
cec41ab38193f8498178,noise,154,1.8507080078125,1.387451171875
cec41ab38193f8498178,noise,162,2.30908203125,-0.3056640625
cec41ab38193f8498178,noise,176,1.8720703125,0.4775390625
cec41ab38193f8498178,noise,178,1.2315177917480469,0.5567855834960938
cec41ab38193f8498178,noise,186,1.6922607421875,1.0126953125
cec41ab38193f8498178,noise,192,1.6427459716796875,1.169586181640625
cec41ab38193f8498178,noise,196,1.65582275390625,-0.2530517578125
d12a02c1832220dd4a3f,noise,0,-0.008758544921875,-0.01458740234375
d12a02c1832220dd4a3f,noise,16,0.0456085205078125,-0.034759521484375
d12a02c1832220dd4a3f,noise,32,0.045806884765625,-0.03826904296875
d12a02c1832220dd4a3f,noise,48,0.029815673828125,0.00823974609375
d12a02c1832220dd4a3f,noise,56,-0.0137939453125,0.023681640625
d12a02c1832220dd4a3f,noise,64,0.048828125,-0.044921875
d12a02c1832220dd4a3f,noise,82,0.00579833984375,-0.0106201171875
d12a02c1832220dd4a3f,noise,96,0.04976654052734375,-0.0547637939453125
d12a02c1832220dd4a3f,noise,98,-0.02008056640625,-0.0518798828125
d12a02c1832220dd4a3f,noise,102,-0.0259857177734375,0.064239501953125
d12a02c1832220dd4a3f,noise,116,0.062744140625,-0.09423828125
d12a02c1832220dd4a3f,noise,130,-0.0106964111328125,-0.010345458984375
d12a02c1832220dd4a3f,noise,150,0.029815673828125,0.07232666015625
d12a02c1832220dd4a3f,noise,154,-0.01788330078125,0.0416259765625
d12a02c1832220dd4a3f,noise,162,-0.02587890625,0.033203125
d12a02c1832220dd4a3f,noise,176,-0.0313720703125,0.021240234375
d12a02c1832220dd4a3f,noise,178,0.05402374267578125,-0.0482025146484375
d12a02c1832220dd4a3f,noise,186,0.05987548828125,-0.0633544921875
d12a02c1832220dd4a3f,noise,192,0.0152587890625,-0.032958984375
d12a02c1832220dd4a3f,noise,196,0.02587890625,-0.0126953125
d9e755753500cd092bb3,noise,0,1.9600830078125,1.957275390625
d9e755753500cd092bb3,noise,16,2.436553955078125,1.45367431640625
d9e755753500cd092bb3,noise,32,3.1270294189453125,2.744293212890625
d9e755753500cd092bb3,noise,48,2.4898681640625,2.7099609375
d9e755753500cd092bb3,noise,56,2.4479827880859375,-0.000518798828125
d9e755753500cd092bb3,noise,64,1.7310791015625,1.653076171875
d9e755753500cd092bb3,noise,82,2.302837371826172,2.5146865844726562
d9e755753500cd092bb3,noise,96,4.424919128417969,0.6423187255859375
d9e755753500cd092bb3,noise,98,2.8712158203125,1.6064453125
d9e755753500cd092bb3,noise,102,4.086448669433594,0.3613739013671875
d9e755753500cd092bb3,noise,116,4.257423400878906,3.4475555419921875
d9e755753500cd092bb3,noise,130,2.8489227294921875,0.690338134765625
d9e755753500cd092bb3,noise,150,1.571380615234375,1.07244873046875
d9e755753500cd092bb3,noise,154,2.490478515625,2.42822265625
d9e755753500cd092bb3,noise,162,4.3546142578125,-0.981201171875
d9e755753500cd092bb3,noise,176,4.0831298828125,1.820556640625
d9e755753500cd092bb3,noise,178,3.228923797607422,2.6121444702148438
d9e755753500cd092bb3,noise,186,3.39306640625,2.710205078125
d9e755753500cd092bb3,noise,192,4.84100341796875,1.9334716796875
d9e755753500cd092bb3,noise,196,2.66064453125,1.6044921875
dd5ce852e439d312eabf,noise,0,1.9521484375,0.83251953125
dd5ce852e439d312eabf,noise,16,2.2889556884765625,0.795196533203125
dd5ce852e439d312eabf,noise,32,2.9035186767578125,1.787506103515625
dd5ce852e439d312eabf,noise,48,1.56488037109375,1.7747802734375
dd5ce852e439d312eabf,noise,56,2.01226806640625,-1.85003662109375
dd5ce852e439d312eabf,noise,64,1.0384521484375,0.885009765625
dd5ce852e439d312eabf,noise,82,1.2161865234375,1.285888671875
dd5ce852e439d312eabf,noise,96,1.4063186645507812,-0.1878509521484375
dd5ce852e439d312eabf,noise,98,2.8177490234375,0.40283203125
dd5ce852e439d312eabf,noise,102,2.3122177124023438,2.1800994873046875
dd5ce852e439d312eabf,noise,116,1.35589599609375,1.7576904296875
dd5ce852e439d312eabf,noise,130,1.9185028076171875,1.170318603515625
dd5ce852e439d312eabf,noise,150,2.725494384765625,0.84698486328125
dd5ce852e439d312eabf,noise,154,1.965087890625,1.50244140625
dd5ce852e439d312eabf,noise,162,2.41259765625,-0.4130859375
dd5ce852e439d312eabf,noise,176,1.949951171875,0.3564453125
dd5ce852e439d312eabf,noise,178,1.2436027526855469,0.45058441162109375
dd5ce852e439d312eabf,noise,186,1.73944091796875,0.9759521484375
dd5ce852e439d312eabf,noise,192,1.7674636840820312,1.2617034912109375
dd5ce852e439d312eabf,noise,196,1.7195816040039062,-0.4274444580078125
df175bf366057b853b6b,noise,0,0.17822265625,-0.3076171875
df175bf366057b853b6b,noise,16,0.35277557373046875,-0.3061676025390625
df175bf366057b853b6b,noise,32,0.0509185791015625,0.474395751953125
df175bf366057b853b6b,noise,48,-0.0683441162109375,-0.001495361328125
df175bf366057b853b6b,noise,56,-0.122161865234375,0.04718017578125
df175bf366057b853b6b,noise,64,0.05169677734375,0.1383056640625
df175bf366057b853b6b,noise,82,0.27947998046875,0.0982666015625
df175bf366057b853b6b,noise,96,-0.27225494384765625,-0.1416778564453125
df175bf366057b853b6b,noise,98,-0.0657958984375,-0.274658203125
df175bf366057b853b6b,noise,102,0.3444957733154297,-1.4452857971191406
df175bf366057b853b6b,noise,116,-0.2000732421875,-0.205810546875
df175bf366057b853b6b,noise,130,-0.0332489013671875,-0.383697509765625
df175bf366057b853b6b,noise,150,0.021636962890625,-0.31219482421875
df175bf366057b853b6b,noise,154,0.1781005859375,-0.364501953125
df175bf366057b853b6b,noise,162,0.21630859375,0.1728515625
df175bf366057b853b6b,noise,176,0.0999755859375,0.011474609375
df175bf366057b853b6b,noise,178,0.2560997009277344,-0.36865997314453125
df175bf366057b853b6b,noise,186,0.13751220703125,-0.0750732421875
df175bf366057b853b6b,noise,192,-0.03363037109375,0.0911865234375
df175bf366057b853b6b,noise,196,-0.126953125,-0.57421875
df39bbb7c7726109715d,noise,0,-0.54315185546875,-0.0555419921875
df39bbb7c7726109715d,noise,16,-0.119171142578125,0.08197021484375
df39bbb7c7726109715d,noise,32,-0.83331298828125,-0.5430908203125
df39bbb7c7726109715d,noise,48,-0.21420073509216309,-0.15412473678588867
df39bbb7c7726109715d,noise,56,-0.8583221435546875,0.005035400390625
df39bbb7c7726109715d,noise,64,-0.04742431640625,0.1241455078125
df39bbb7c7726109715d,noise,82,-0.2022705078125,-0.219970703125
df39bbb7c7726109715d,noise,96,-2.0373001098632812,0.5128021240234375
df39bbb7c7726109715d,noise,98,-0.165313720703125,0.08563232421875
df39bbb7c7726109715d,noise,102,-0.46793365478515625,0.0851287841796875
df39bbb7c7726109715d,noise,116,-0.241455078125,0.11474609375
df39bbb7c7726109715d,noise,130,-0.2134552001953125,0.082183837890625
df39bbb7c7726109715d,noise,150,-1.056732177734375,-0.18182373046875
df39bbb7c7726109715d,noise,154,-0.4228363037109375,0.025482177734375
df39bbb7c7726109715d,noise,162,-0.1806640625,0.08984375
df39bbb7c7726109715d,noise,176,-0.123779296875,0.06298828125
df39bbb7c7726109715d,noise,178,-0.14673233032226562,0.39403533935546875
df39bbb7c7726109715d,noise,186,-0.1234130859375,0.273193359375
df39bbb7c7726109715d,noise,192,-0.26861572265625,0.4210205078125
df39bbb7c7726109715d,noise,196,-0.48193359375,-0.2373046875
e45fa861af458336a563,noise,0,-0.00653076171875,0.0191650390625
e45fa861af458336a563,noise,16,0.0316009521484375,-0.005157470703125
e45fa861af458336a563,noise,32,0.0088958740234375,-0.035919189453125
e45fa861af458336a563,noise,48,-0.0182037353515625,0.054168701171875
e45fa861af458336a563,noise,56,0.00982666015625,-0.0047607421875
e45fa861af458336a563,noise,64,-0.009033203125,0.00634765625
e45fa861af458336a563,noise,82,0.00811767578125,-0.0025634765625
e45fa861af458336a563,noise,96,0.0312347412109375,-0.077667236328125
e45fa861af458336a563,noise,98,0.037750244140625,-0.09320068359375
e45fa861af458336a563,noise,102,-0.0026702880859375,-0.000946044921875
e45fa861af458336a563,noise,116,-0.020263671875,0.02294921875
e45fa861af458336a563,noise,130,-0.025726318359375,0.00506591796875
e45fa861af458336a563,noise,150,-0.007232666015625,0.01190185546875
e45fa861af458336a563,noise,154,-0.0084228515625,0.007568359375
e45fa861af458336a563,noise,162,0.038330078125,0.03759765625
e45fa861af458336a563,noise,176,-0.0093994140625,-0.004150390625
e45fa861af458336a563,noise,178,0.0027313232421875,-0.016021728515625
e45fa861af458336a563,noise,186,0.02020263671875,-0.0133056640625
e45fa861af458336a563,noise,192,0.02734375,0.001953125
e45fa861af458336a563,noise,196,-0.02001953125,0.0302734375
e4706311fc83edfdead2,noise,0,0.198822021484375,0.28436279296875
e4706311fc83edfdead2,noise,16,-0.1357269287109375,-0.227020263671875
e4706311fc83edfdead2,noise,32,0.7418060302734375,-0.765899658203125
e4706311fc83edfdead2,noise,48,-0.144073486328125,0.44561767578125
e4706311fc83edfdead2,noise,56,0.1333160400390625,-0.080535888671875
e4706311fc83edfdead2,noise,64,-0.332763671875,0.3955078125
e4706311fc83edfdead2,noise,82,-0.7188720703125,0.241943359375
e4706311fc83edfdead2,noise,96,-0.8374862670898438,0.8386993408203125
e4706311fc83edfdead2,noise,98,0.34679412841796875,-0.3725738525390625
e4706311fc83edfdead2,noise,102,1.0064620971679688,-0.9035797119140625
e4706311fc83edfdead2,noise,116,0.289306640625,-0.26513671875
e4706311fc83edfdead2,noise,130,-0.07701826095581055,0.044661521911621094
e4706311fc83edfdead2,noise,150,-0.15216064453125,0.1204833984375
e4706311fc83edfdead2,noise,154,0.20361328125,-0.404296875
e4706311fc83edfdead2,noise,162,-0.1865234375,0.3330078125
e4706311fc83edfdead2,noise,176,0.09814453125,0.04931640625
e4706311fc83edfdead2,noise,178,-0.2931098937988281,-0.18094635009765625
e4706311fc83edfdead2,noise,186,0.17510986328125,-0.1292724609375
e4706311fc83edfdead2,noise,192,-0.11407470703125,0.4302978515625
e4706311fc83edfdead2,noise,196,0.0185546875,-0.107421875
e60a2ed9fb2e5ed1b59b,noise,0,1.9068603515625,0.816162109375
e60a2ed9fb2e5ed1b59b,noise,16,2.1899566650390625,0.744659423828125
e60a2ed9fb2e5ed1b59b,noise,32,2.8233795166015625,1.759063720703125
e60a2ed9fb2e5ed1b59b,noise,48,1.53900146484375,1.7396240234375
e60a2ed9fb2e5ed1b59b,noise,56,2.016021728515625,-1.7325439453125
e60a2ed9fb2e5ed1b59b,noise,64,0.9908447265625,0.887451171875
e60a2ed9fb2e5ed1b59b,noise,82,1.210845947265625,1.31024169921875
e60a2ed9fb2e5ed1b59b,noise,96,1.3506546020507812,-0.1927337646484375
e60a2ed9fb2e5ed1b59b,noise,98,2.519775390625,0.723388671875
e60a2ed9fb2e5ed1b59b,noise,102,2.3581771850585938,2.2268524169921875
e60a2ed9fb2e5ed1b59b,noise,116,1.299713134765625,1.75274658203125
e60a2ed9fb2e5ed1b59b,noise,130,1.8400726318359375,1.251007080078125
e60a2ed9fb2e5ed1b59b,noise,150,2.710906982421875,0.82952880859375
e60a2ed9fb2e5ed1b59b,noise,154,1.840576171875,1.37158203125
e60a2ed9fb2e5ed1b59b,noise,162,2.3052978515625,-0.299560546875
e60a2ed9fb2e5ed1b59b,noise,176,1.8614501953125,0.464111328125
e60a2ed9fb2e5ed1b59b,noise,178,1.2232170104980469,0.5382308959960938
e60a2ed9fb2e5ed1b59b,noise,186,1.7042236328125,1.03857421875
e60a2ed9fb2e5ed1b59b,noise,192,1.6175880432128906,1.1588668823242188
e60a2ed9fb2e5ed1b59b,noise,196,1.6495361328125,-0.260009765625
e72a11a085f6841adbe6,noise,0,1.9188232421875,0.851318359375
e72a11a085f6841adbe6,noise,16,2.0492095947265625,0.753692626953125
e72a11a085f6841adbe6,noise,32,2.8123931884765625,1.950958251953125
e72a11a085f6841adbe6,noise,48,1.60015869140625,1.7354736328125
e72a11a085f6841adbe6,noise,56,2.1593475341796875,-1.870269775390625
e72a11a085f6841adbe6,noise,64,1.0693359375,0.81640625
e72a11a085f6841adbe6,noise,82,1.4180908203125,1.101318359375
e72a11a085f6841adbe6,noise,96,1.3364105224609375,0.105438232421875
e72a11a085f6841adbe6,noise,98,2.3489990234375,1.24853515625
e72a11a085f6841adbe6,noise,102,2.1331710815429688,2.2051849365234375
e72a11a085f6841adbe6,noise,116,1.343994140625,1.71630859375
e72a11a085f6841adbe6,noise,130,1.9863128662109375,1.226104736328125
e72a11a085f6841adbe6,noise,150,2.741119384765625,0.84893798828125
e72a11a085f6841adbe6,noise,154,1.711181640625,1.60888671875
e72a11a085f6841adbe6,noise,162,2.2861328125,-0.267578125
e72a11a085f6841adbe6,noise,176,2.00390625,0.3916015625
e72a11a085f6841adbe6,noise,178,1.1573600769042969,0.40847015380859375
e72a11a085f6841adbe6,noise,186,1.86944580078125,1.1529541015625
e72a11a085f6841adbe6,noise,192,1.7040786743164062,1.1777801513671875
e72a11a085f6841adbe6,noise,196,1.59197998046875,-0.4124755859375
e94be6861deff004d5b0,noise,0,0.034271240234375,0.00067138671875
e94be6861deff004d5b0,noise,16,0.1153717041015625,0.060821533203125
e94be6861deff004d5b0,noise,32,0.0715179443359375,-0.008331298828125
e94be6861deff004d5b0,noise,48,0.00193023681640625,-0.0076446533203125
e94be6861deff004d5b0,noise,56,-0.0347442626953125,-0.062164306640625
e94be6861deff004d5b0,noise,64,0.03631591796875,-0.0125732421875
e94be6861deff004d5b0,noise,82,0.0120849609375,-0.018310546875
e94be6861deff004d5b0,noise,96,0.023895263671875,-0.00152587890625
e94be6861deff004d5b0,noise,98,0.2601318359375,-0.306396484375
e94be6861deff004d5b0,noise,102,-0.02620220184326172,0.0027713775634765625
e94be6861deff004d5b0,noise,116,0.04888916015625,-0.0018310546875
e94be6861deff004d5b0,noise,130,0.083038330078125,-0.05914306640625
e94be6861deff004d5b0,noise,150,-0.0001678466796875,0.022125244140625
e94be6861deff004d5b0,noise,154,0.1090087890625,0.115966796875
e94be6861deff004d5b0,noise,162,0.0849609375,-0.078125
e94be6861deff004d5b0,noise,176,0.084716796875,-0.12255859375
e94be6861deff004d5b0,noise,178,0.012065887451171875,-0.11844635009765625
e94be6861deff004d5b0,noise,186,0.0396728515625,-0.031494140625
e94be6861deff004d5b0,noise,192,0.10028076171875,0.0479736328125
e94be6861deff004d5b0,noise,196,0.0478515625,-0.140625
ed4e877a9b498f845385,noise,0,1.8916015625,0.79345703125
ed4e877a9b498f845385,noise,16,2.2319488525390625,0.709503173828125
ed4e877a9b498f845385,noise,32,2.8611602783203125,1.756500244140625
ed4e877a9b498f845385,noise,48,1.58099365234375,1.7786865234375
ed4e877a9b498f845385,noise,56,2.0072784423828125,-1.721893310546875
ed4e877a9b498f845385,noise,64,1.0416259765625,0.857177734375
ed4e877a9b498f845385,noise,82,1.21844482421875,1.3023681640625
ed4e877a9b498f845385,noise,96,1.4063949584960938,-0.2252960205078125
ed4e877a9b498f845385,noise,98,2.509521484375,0.678466796875
ed4e877a9b498f845385,noise,102,2.3344955444335938,2.2624969482421875
ed4e877a9b498f845385,noise,116,1.36077880859375,1.6678466796875
ed4e877a9b498f845385,noise,130,1.8311004638671875,1.244537353515625
ed4e877a9b498f845385,noise,150,2.738006591796875,0.91253662109375
ed4e877a9b498f845385,noise,154,1.827392578125,1.41943359375
ed4e877a9b498f845385,noise,162,2.28369140625,-0.2763671875
ed4e877a9b498f845385,noise,176,1.840087890625,0.4873046875
ed4e877a9b498f845385,noise,178,1.2848014831542969,0.5149154663085938
ed4e877a9b498f845385,noise,186,1.74444580078125,0.9532470703125
ed4e877a9b498f845385,noise,192,1.6605644226074219,1.1361465454101562
ed4e877a9b498f845385,noise,196,1.685699462890625,-0.27178955078125
f5993752069c48a4b345,noise,0,0.384124755859375,-0.76348876953125
f5993752069c48a4b345,noise,16,0.6234283447265625,-0.398651123046875
f5993752069c48a4b345,noise,32,0.5587158203125,-0.887939453125
f5993752069c48a4b345,noise,48,0.9349708557128906,-0.8585739135742188
f5993752069c48a4b345,noise,56,0.4502716064453125,-0.217620849609375
f5993752069c48a4b345,noise,64,0.813232421875,-0.48681640625
f5993752069c48a4b345,noise,82,0.50347900390625,0.0179443359375
f5993752069c48a4b345,noise,96,1.4387741088867188,-2.0882720947265625
f5993752069c48a4b345,noise,98,1.381195068359375,-1.74664306640625
f5993752069c48a4b345,noise,102,0.57745361328125,-0.4515380859375
f5993752069c48a4b345,noise,116,1.39105224609375,-1.5645751953125
f5993752069c48a4b345,noise,130,0.49011993408203125,-0.5774078369140625
f5993752069c48a4b345,noise,150,0.716766357421875,0.12786865234375
f5993752069c48a4b345,noise,154,0.776123046875,-0.94873046875
f5993752069c48a4b345,noise,162,1.298583984375,-0.16943359375
f5993752069c48a4b345,noise,176,0.34619140625,-0.4853515625
f5993752069c48a4b345,noise,178,0.8898277282714844,-1.1422195434570312
f5993752069c48a4b345,noise,186,1.80389404296875,-1.6602783203125
f5993752069c48a4b345,noise,192,1.29376220703125,-2.1002197265625
f5993752069c48a4b345,noise,196,0.87261962890625,-0.9073486328125
f5e3dbc451d1dbe69f22,noise,0,-0.10833740234375,0.1822509765625
f5e3dbc451d1dbe69f22,noise,16,-0.21221923828125,0.3148193359375
f5e3dbc451d1dbe69f22,noise,32,-0.1345672607421875,0.233795166015625
f5e3dbc451d1dbe69f22,noise,48,-0.28662109375,0.4678955078125
f5e3dbc451d1dbe69f22,noise,56,-0.0692901611328125,0.081634521484375
f5e3dbc451d1dbe69f22,noise,64,-0.12969970703125,0.1954345703125
f5e3dbc451d1dbe69f22,noise,82,-0.087646484375,0.16455078125
f5e3dbc451d1dbe69f22,noise,96,-0.3896217346191406,0.6240768432617188
f5e3dbc451d1dbe69f22,noise,98,-0.091033935546875,0.23590087890625
f5e3dbc451d1dbe69f22,noise,102,-0.08075714111328125,0.1114349365234375
f5e3dbc451d1dbe69f22,noise,116,-0.2633056640625,0.447998046875
f5e3dbc451d1dbe69f22,noise,130,-0.0380096435546875,0.071136474609375
f5e3dbc451d1dbe69f22,noise,150,-0.083038330078125,0.12884521484375
f5e3dbc451d1dbe69f22,noise,154,-0.1380615234375,0.229736328125
f5e3dbc451d1dbe69f22,noise,162,-0.233642578125,0.38232421875
f5e3dbc451d1dbe69f22,noise,176,-0.0926513671875,0.212158203125
f5e3dbc451d1dbe69f22,noise,178,-0.20527076721191406,0.3804740905761719
f5e3dbc451d1dbe69f22,noise,186,-0.36248779296875,0.6583251953125
f5e3dbc451d1dbe69f22,noise,192,-0.29534912109375,0.5482177734375
f5e3dbc451d1dbe69f22,noise,196,-0.22705078125,0.2216796875
intact,noise,0,0.0,0.0
intact,noise,16,0.0,0.0
intact,noise,32,0.0,0.0
intact,noise,48,0.0,0.0
intact,noise,56,0.0,0.0
intact,noise,64,0.0,0.0
intact,noise,82,0.0,0.0
intact,noise,96,0.0,0.0
intact,noise,98,0.0,0.0
intact,noise,102,0.0,0.0
intact,noise,116,0.0,0.0
intact,noise,130,0.0,0.0
intact,noise,150,0.0,0.0
intact,noise,154,0.0,0.0
intact,noise,162,0.0,0.0
intact,noise,176,0.0,0.0
intact,noise,178,0.0,0.0
intact,noise,186,0.0,0.0
intact,noise,192,0.0,0.0
intact,noise,196,0.0,0.0
