config_id,direction,family,effect,shared_prefix
426:query_sentence:head:513:K,noise,0,-0.028106689453125,False
426:query_sentence:head:513:K,noise,16,-0.0519256591796875,False
426:query_sentence:head:513:K,noise,32,0.0504608154296875,False
426:query_sentence:head:513:K,noise,48,-0.1031646728515625,False
426:query_sentence:head:513:K,noise,56,-0.0138092041015625,False
426:query_sentence:head:513:K,noise,64,-0.15142822265625,False
426:query_sentence:head:513:K,noise,82,0.0283203125,False
426:query_sentence:head:513:K,noise,96,0.065155029296875,False
426:query_sentence:head:513:K,noise,98,-0.033935546875,False
426:query_sentence:head:513:K,noise,102,-0.0213165283203125,False
426:query_sentence:head:513:K,noise,116,-0.0013427734375,False
426:query_sentence:head:513:K,noise,130,-0.0269775390625,False
426:query_sentence:head:513:K,noise,150,-0.085693359375,False
426:query_sentence:head:513:K,noise,154,-0.009521484375,False
426:query_sentence:head:513:K,noise,162,-0.033935546875,False
426:query_sentence:head:513:K,noise,176,-0.0186767578125,False
426:query_sentence:head:513:K,noise,178,-0.1476898193359375,False
426:query_sentence:head:513:K,noise,186,-0.01287841796875,False
426:query_sentence:head:513:K,noise,192,-0.0147705078125,False
426:query_sentence:head:513:K,noise,196,-0.06298828125,False
426:query_sentence:head:513:V,noise,0,-0.088134765625,False
426:query_sentence:head:513:V,noise,16,-0.1494293212890625,False
426:query_sentence:head:513:V,noise,32,-0.1295166015625,False
426:query_sentence:head:513:V,noise,48,-0.2689666748046875,False
426:query_sentence:head:513:V,noise,56,-0.06964111328125,False
426:query_sentence:head:513:V,noise,64,-0.03955078125,False
426:query_sentence:head:513:V,noise,82,-0.1016845703125,False
426:query_sentence:head:513:V,noise,96,-0.3237762451171875,False
426:query_sentence:head:513:V,noise,98,-0.13983154296875,False
426:query_sentence:head:513:V,noise,102,-0.06227874755859375,False
426:query_sentence:head:513:V,noise,116,-0.36297607421875,False
426:query_sentence:head:513:V,noise,130,-0.0749053955078125,False
426:query_sentence:head:513:V,noise,150,-0.1317138671875,False
426:query_sentence:head:513:V,noise,154,-0.25689697265625,False
426:query_sentence:head:513:V,noise,162,-0.2958984375,False
426:query_sentence:head:513:V,noise,176,-0.1148681640625,False
426:query_sentence:head:513:V,noise,178,-0.23171615600585938,False
426:query_sentence:head:513:V,noise,186,-0.3262939453125,False
426:query_sentence:head:513:V,noise,192,-0.30523681640625,False
426:query_sentence:head:513:V,noise,196,-0.23095703125,False
426:query_sentence:head:533:K,noise,0,-0.005401611328125,False
426:query_sentence:head:533:K,noise,16,-0.0012664794921875,False
426:query_sentence:head:533:K,noise,32,0.0425567626953125,False
426:query_sentence:head:533:K,noise,48,-0.052509307861328125,False
426:query_sentence:head:533:K,noise,56,0.0064239501953125,False
426:query_sentence:head:533:K,noise,64,-0.09332275390625,False
426:query_sentence:head:533:K,noise,82,-0.090576171875,False
426:query_sentence:head:533:K,noise,96,-0.06308746337890625,False
426:query_sentence:head:533:K,noise,98,-0.019317626953125,False
426:query_sentence:head:533:K,noise,102,-0.04920196533203125,False
426:query_sentence:head:533:K,noise,116,-0.02886962890625,False
426:query_sentence:head:533:K,noise,130,-0.0872039794921875,False
426:query_sentence:head:533:K,noise,150,-0.05419921875,False
426:query_sentence:head:533:K,noise,154,0.00018310546875,False
426:query_sentence:head:533:K,noise,162,-0.12451171875,False
426:query_sentence:head:533:K,noise,176,-0.045166015625,False
426:query_sentence:head:533:K,noise,178,-0.152618408203125,False
426:query_sentence:head:533:K,noise,186,0.040771484375,False
426:query_sentence:head:533:K,noise,192,-0.09002685546875,False
426:query_sentence:head:533:K,noise,196,-0.056640625,False
426:query_sentence:head:533:V,noise,0,0.020294189453125,False
426:query_sentence:head:533:V,noise,16,0.0322265625,False
426:query_sentence:head:533:V,noise,32,0.0347900390625,False
426:query_sentence:head:533:V,noise,48,0.061859130859375,False
426:query_sentence:head:533:V,noise,56,0.0115814208984375,False
426:query_sentence:head:533:V,noise,64,0.01666259765625,False
426:query_sentence:head:533:V,noise,82,0.04803466796875,False
426:query_sentence:head:533:V,noise,96,0.0773468017578125,False
426:query_sentence:head:533:V,noise,98,0.03448486328125,False
426:query_sentence:head:533:V,noise,102,0.02040863037109375,False
426:query_sentence:head:533:V,noise,116,0.1064453125,False
426:query_sentence:head:533:V,noise,130,0.02899169921875,False
426:query_sentence:head:533:V,noise,150,0.05511474609375,False
426:query_sentence:head:533:V,noise,154,0.06329345703125,False
426:query_sentence:head:533:V,noise,162,0.10791015625,False
426:query_sentence:head:533:V,noise,176,0.0413818359375,False
426:query_sentence:head:533:V,noise,178,0.14310836791992188,False
426:query_sentence:head:533:V,noise,186,0.064208984375,False
426:query_sentence:head:533:V,noise,192,0.1258544921875,False
426:query_sentence:head:533:V,noise,196,0.04638671875,False
426:query_sentence:head:547:K,noise,0,0.030181884765625,False
426:query_sentence:head:547:K,noise,16,0.0172119140625,False
426:query_sentence:head:547:K,noise,32,7.62939453125e-05,False
426:query_sentence:head:547:K,noise,48,0.072265625,False
426:query_sentence:head:547:K,noise,56,0.0019378662109375,False
426:query_sentence:head:547:K,noise,64,0.03729248046875,False
426:query_sentence:head:547:K,noise,82,0.022705078125,False
426:query_sentence:head:547:K,noise,96,0.02831268310546875,False
426:query_sentence:head:547:K,noise,98,0.104888916015625,False
426:query_sentence:head:547:K,noise,102,0.04598236083984375,False
426:query_sentence:head:547:K,noise,116,0.0860595703125,False
426:query_sentence:head:547:K,noise,130,0.00274658203125,False
426:query_sentence:head:547:K,noise,150,0.00872802734375,False
426:query_sentence:head:547:K,noise,154,0.059326171875,False
426:query_sentence:head:547:K,noise,162,0.02099609375,False
426:query_sentence:head:547:K,noise,176,0.047607421875,False
426:query_sentence:head:547:K,noise,178,0.09894943237304688,False
426:query_sentence:head:547:K,noise,186,0.0567626953125,False
426:query_sentence:head:547:K,noise,192,0.03472900390625,False
426:query_sentence:head:547:K,noise,196,0.03759765625,False
426:query_sentence:head:547:V,noise,0,0.107208251953125,False
426:query_sentence:head:547:V,noise,16,0.0987396240234375,False
426:query_sentence:head:547:V,noise,32,0.096923828125,False
426:query_sentence:head:547:V,noise,48,0.180999755859375,False
426:query_sentence:head:547:V,noise,56,0.0399932861328125,False
426:query_sentence:head:547:V,noise,64,0.049072265625,False
426:query_sentence:head:547:V,noise,82,0.10223388671875,False
426:query_sentence:head:547:V,noise,96,0.19983673095703125,False
426:query_sentence:head:547:V,noise,98,0.158355712890625,False
426:query_sentence:head:547:V,noise,102,0.12673568725585938,False
426:query_sentence:head:547:V,noise,116,0.20660400390625,False
426:query_sentence:head:547:V,noise,130,0.07342529296875,False
426:query_sentence:head:547:V,noise,150,0.0726318359375,False
426:query_sentence:head:547:V,noise,154,0.25897216796875,False
426:query_sentence:head:547:V,noise,162,0.21533203125,False
426:query_sentence:head:547:V,noise,176,0.1328125,False
426:query_sentence:head:547:V,noise,178,0.19878768920898438,False
426:query_sentence:head:547:V,noise,186,0.20098876953125,False
426:query_sentence:head:547:V,noise,192,0.20318603515625,False
426:query_sentence:head:547:V,noise,196,0.203125,False
426:query_sentence:head:561:K,noise,0,0.001953125,False
426:query_sentence:head:561:K,noise,16,-0.00439453125,False
426:query_sentence:head:561:K,noise,32,-0.0030670166015625,False
426:query_sentence:head:561:K,noise,48,0.0036163330078125,False
426:query_sentence:head:561:K,noise,56,0.00054931640625,False
426:query_sentence:head:561:K,noise,64,0.00335693359375,False
426:query_sentence:head:561:K,noise,82,0.001953125,False
426:query_sentence:head:561:K,noise,96,-0.0002899169921875,False
426:query_sentence:head:561:K,noise,98,-0.002227783203125,False
426:query_sentence:head:561:K,noise,102,0.00226593017578125,False
426:query_sentence:head:561:K,noise,116,-0.00885009765625,False
426:query_sentence:head:561:K,noise,130,-0.0029449462890625,False
426:query_sentence:head:561:K,noise,150,0.000244140625,False
426:query_sentence:head:561:K,noise,154,0.001708984375,False
426:query_sentence:head:561:K,noise,162,-0.00048828125,False
426:query_sentence:head:561:K,noise,176,0.0003662109375,False
426:query_sentence:head:561:K,noise,178,-0.002777099609375,False
426:query_sentence:head:561:K,noise,186,-0.001220703125,False
426:query_sentence:head:561:K,noise,192,-0.00042724609375,False
426:query_sentence:head:561:K,noise,196,-0.0048828125,False
426:query_sentence:head:561:V,noise,0,-0.03350830078125,False
426:query_sentence:head:561:V,noise,16,-0.0323638916015625,False
426:query_sentence:head:561:V,noise,32,-0.0408935546875,False
426:query_sentence:head:561:V,noise,48,-0.07832527160644531,False
426:query_sentence:head:561:V,noise,56,-0.01116943359375,False
426:query_sentence:head:561:V,noise,64,-0.01641845703125,False
426:query_sentence:head:561:V,noise,82,-0.03125,False
426:query_sentence:head:561:V,noise,96,-0.1594696044921875,False
426:query_sentence:head:561:V,noise,98,-0.04168701171875,False
426:query_sentence:head:561:V,noise,102,-0.03057098388671875,False
426:query_sentence:head:561:V,noise,116,-0.06787109375,False
426:query_sentence:head:561:V,noise,130,-0.0197296142578125,False
426:query_sentence:head:561:V,noise,150,-0.023345947265625,False
426:query_sentence:head:561:V,noise,154,-0.1048583984375,False
426:query_sentence:head:561:V,noise,162,-0.049560546875,False
426:query_sentence:head:561:V,noise,176,-0.0225830078125,False
426:query_sentence:head:561:V,noise,178,-0.08676528930664062,False
426:query_sentence:head:561:V,noise,186,-0.1041259765625,False
426:query_sentence:head:561:V,noise,192,-0.06719970703125,False
426:query_sentence:head:561:V,noise,196,-0.07861328125,False
426:query_sentence:head:568:K,noise,0,0.002655029296875,False
426:query_sentence:head:568:K,noise,16,-0.000335693359375,False
426:query_sentence:head:568:K,noise,32,0.004302978515625,False
426:query_sentence:head:568:K,noise,48,0.0066986083984375,False
426:query_sentence:head:568:K,noise,56,-0.0045928955078125,False
426:query_sentence:head:568:K,noise,64,0.000244140625,False
426:query_sentence:head:568:K,noise,82,0.01885986328125,False
426:query_sentence:head:568:K,noise,96,6.103515625e-05,False
426:query_sentence:head:568:K,noise,98,0.04669189453125,False
426:query_sentence:head:568:K,noise,102,0.00626373291015625,False
426:query_sentence:head:568:K,noise,116,0.00152587890625,False
426:query_sentence:head:568:K,noise,130,-0.0017242431640625,False
426:query_sentence:head:568:K,noise,150,0.002716064453125,False
426:query_sentence:head:568:K,noise,154,0.02996826171875,False
426:query_sentence:head:568:K,noise,162,0.004638671875,False
426:query_sentence:head:568:K,noise,176,0.0106201171875,False
426:query_sentence:head:568:K,noise,178,0.001354217529296875,False
426:query_sentence:head:568:K,noise,186,-0.00421142578125,False
426:query_sentence:head:568:K,noise,192,0.0067138671875,False
426:query_sentence:head:568:K,noise,196,0.01171875,False
426:query_sentence:head:568:V,noise,0,-0.05230712890625,False
426:query_sentence:head:568:V,noise,16,-0.0388946533203125,False
426:query_sentence:head:568:V,noise,32,-0.0463104248046875,False
426:query_sentence:head:568:V,noise,48,-0.05475807189941406,False
426:query_sentence:head:568:V,noise,56,-0.0030975341796875,False
426:query_sentence:head:568:V,noise,64,-0.02703857421875,False
426:query_sentence:head:568:V,noise,82,-0.0242919921875,False
426:query_sentence:head:568:V,noise,96,-0.0982818603515625,False
426:query_sentence:head:568:V,noise,98,-0.09661865234375,False
426:query_sentence:head:568:V,noise,102,-0.0352783203125,False
426:query_sentence:head:568:V,noise,116,-0.07794189453125,False
426:query_sentence:head:568:V,noise,130,-0.0291595458984375,False
426:query_sentence:head:568:V,noise,150,-0.023834228515625,False
426:query_sentence:head:568:V,noise,154,-0.158447265625,False
426:query_sentence:head:568:V,noise,162,-0.084716796875,False
426:query_sentence:head:568:V,noise,176,-0.03369140625,False
426:query_sentence:head:568:V,noise,178,-0.05048370361328125,False
426:query_sentence:head:568:V,noise,186,-0.0792236328125,False
426:query_sentence:head:568:V,noise,192,-0.06280517578125,False
426:query_sentence:head:568:V,noise,196,-0.091796875,False
426:query_sentence:head:594:K,noise,0,-0.04046630859375,False
426:query_sentence:head:594:K,noise,16,-0.074005126953125,False
426:query_sentence:head:594:K,noise,32,0.0347900390625,False
426:query_sentence:head:594:K,noise,48,-0.1700439453125,False
426:query_sentence:head:594:K,noise,56,0.05401611328125,False
426:query_sentence:head:594:K,noise,64,-0.1903076171875,False
426:query_sentence:head:594:K,noise,82,0.02972412109375,False
426:query_sentence:head:594:K,noise,96,-0.15868186950683594,False
426:query_sentence:head:594:K,noise,98,-0.32073974609375,False
426:query_sentence:head:594:K,noise,102,-0.17258453369140625,False
426:query_sentence:head:594:K,noise,116,-0.2724609375,False
426:query_sentence:head:594:K,noise,130,0.016510009765625,False
426:query_sentence:head:594:K,noise,150,-0.102783203125,False
426:query_sentence:head:594:K,noise,154,-0.306640625,False
426:query_sentence:head:594:K,noise,162,-0.0126953125,False
426:query_sentence:head:594:K,noise,176,-0.18359375,False
426:query_sentence:head:594:K,noise,178,-0.3594627380371094,False
426:query_sentence:head:594:K,noise,186,-0.1951904296875,False
426:query_sentence:head:594:K,noise,192,-0.01251220703125,False
426:query_sentence:head:594:K,noise,196,-0.10595703125,False
426:query_sentence:head:594:V,noise,0,-0.007904052734375,False
426:query_sentence:head:594:V,noise,16,-0.0101470947265625,False
426:query_sentence:head:594:V,noise,32,-0.0028533935546875,False
426:query_sentence:head:594:V,noise,48,0.004913330078125,False
426:query_sentence:head:594:V,noise,56,-0.0133209228515625,False
426:query_sentence:head:594:V,noise,64,0.0098876953125,False
426:query_sentence:head:594:V,noise,82,0.00640869140625,False
426:query_sentence:head:594:V,noise,96,-0.03662109375,False
426:query_sentence:head:594:V,noise,98,0.0111083984375,False
426:query_sentence:head:594:V,noise,102,0.00412750244140625,False
426:query_sentence:head:594:V,noise,116,0.01141357421875,False
426:query_sentence:head:594:V,noise,130,-0.0028076171875,False
426:query_sentence:head:594:V,noise,150,0.006317138671875,False
426:query_sentence:head:594:V,noise,154,0.0245361328125,False
426:query_sentence:head:594:V,noise,162,0.010986328125,False
426:query_sentence:head:594:V,noise,176,-0.0023193359375,False
426:query_sentence:head:594:V,noise,178,0.0002899169921875,False
426:query_sentence:head:594:V,noise,186,0.013671875,False
426:query_sentence:head:594:V,noise,192,-0.00189208984375,False
426:query_sentence:head:594:V,noise,196,-0.001953125,False
426:query_sentence:head:595:K,noise,0,-0.0484619140625,False
426:query_sentence:head:595:K,noise,16,-0.0609130859375,False
426:query_sentence:head:595:K,noise,32,0.056396484375,False
426:query_sentence:head:595:K,noise,48,-0.1391763687133789,False
426:query_sentence:head:595:K,noise,56,0.0357818603515625,False
426:query_sentence:head:595:K,noise,64,-0.2542724609375,False
426:query_sentence:head:595:K,noise,82,-0.0355224609375,False
426:query_sentence:head:595:K,noise,96,-0.048686981201171875,False
426:query_sentence:head:595:K,noise,98,-0.122283935546875,False
426:query_sentence:head:595:K,noise,102,-0.05448150634765625,False
426:query_sentence:head:595:K,noise,116,-0.23712158203125,False
426:query_sentence:head:595:K,noise,130,0.09552001953125,False
426:query_sentence:head:595:K,noise,150,-0.092193603515625,False
426:query_sentence:head:595:K,noise,154,-0.1407470703125,False
426:query_sentence:head:595:K,noise,162,-0.092041015625,False
426:query_sentence:head:595:K,noise,176,-0.0653076171875,False
426:query_sentence:head:595:K,noise,178,-0.24480056762695312,False
426:query_sentence:head:595:K,noise,186,-0.07049560546875,False
426:query_sentence:head:595:K,noise,192,-0.10455322265625,False
426:query_sentence:head:595:K,noise,196,-0.05615234375,False
426:query_sentence:head:595:V,noise,0,-0.080780029296875,False
426:query_sentence:head:595:V,noise,16,-0.0510711669921875,False
426:query_sentence:head:595:V,noise,32,-0.0408782958984375,False
426:query_sentence:head:595:V,noise,48,-0.14423370361328125,False
426:query_sentence:head:595:V,noise,56,-0.08538818359375,False
426:query_sentence:head:595:V,noise,64,-0.01385498046875,False
426:query_sentence:head:595:V,noise,82,-0.05169677734375,False
426:query_sentence:head:595:V,noise,96,-0.23956298828125,False
426:query_sentence:head:595:V,noise,98,-0.148681640625,False
426:query_sentence:head:595:V,noise,102,-0.03437042236328125,False
426:query_sentence:head:595:V,noise,116,-0.1160888671875,False
426:query_sentence:head:595:V,noise,130,-0.082611083984375,False
426:query_sentence:head:595:V,noise,150,-0.042144775390625,False
426:query_sentence:head:595:V,noise,154,-0.17486572265625,False
426:query_sentence:head:595:V,noise,162,-0.166015625,False
426:query_sentence:head:595:V,noise,176,-0.08740234375,False
426:query_sentence:head:595:V,noise,178,-0.19186019897460938,False
426:query_sentence:head:595:V,noise,186,-0.14337158203125,False
426:query_sentence:head:595:V,noise,192,-0.15130615234375,False
426:query_sentence:head:595:V,noise,196,-0.19189453125,False
426:query_sentence:head:600:K,noise,0,-0.020721435546875,False
426:query_sentence:head:600:K,noise,16,-0.04241943359375,False
426:query_sentence:head:600:K,noise,32,-0.0111083984375,False
426:query_sentence:head:600:K,noise,48,-0.005645751953125,False
426:query_sentence:head:600:K,noise,56,-0.0066680908203125,False
426:query_sentence:head:600:K,noise,64,0.0252685546875,False
426:query_sentence:head:600:K,noise,82,0.0059814453125,False
426:query_sentence:head:600:K,noise,96,-0.043548583984375,False
426:query_sentence:head:600:K,noise,98,-0.1802978515625,False
426:query_sentence:head:600:K,noise,102,-0.0229339599609375,False
426:query_sentence:head:600:K,noise,116,-0.0556640625,False
426:query_sentence:head:600:K,noise,130,-0.013092041015625,False
426:query_sentence:head:600:K,noise,150,-0.019378662109375,False
426:query_sentence:head:600:K,noise,154,-0.13250732421875,False
426:query_sentence:head:600:K,noise,162,0.011474609375,False
426:query_sentence:head:600:K,noise,176,-0.044189453125,False
426:query_sentence:head:600:K,noise,178,-0.04742622375488281,False
426:query_sentence:head:600:K,noise,186,-0.0484619140625,False
426:query_sentence:head:600:K,noise,192,-0.02337646484375,False
426:query_sentence:head:600:K,noise,196,-0.0625,False
426:query_sentence:head:600:V,noise,0,0.034210205078125,False
426:query_sentence:head:600:V,noise,16,0.0235443115234375,False
426:query_sentence:head:600:V,noise,32,0.0141448974609375,False
426:query_sentence:head:600:V,noise,48,0.03204345703125,False
426:query_sentence:head:600:V,noise,56,0.0185394287109375,False
426:query_sentence:head:600:V,noise,64,0.0093994140625,False
426:query_sentence:head:600:V,noise,82,0.01702880859375,False
426:query_sentence:head:600:V,noise,96,0.05995941162109375,False
426:query_sentence:head:600:V,noise,98,0.0546875,False
426:query_sentence:head:600:V,noise,102,0.0064697265625,False
426:query_sentence:head:600:V,noise,116,0.025146484375,False
426:query_sentence:head:600:V,noise,130,0.0241241455078125,False
426:query_sentence:head:600:V,noise,150,0.0159912109375,False
426:query_sentence:head:600:V,noise,154,0.060546875,False
426:query_sentence:head:600:V,noise,162,0.0341796875,False
426:query_sentence:head:600:V,noise,176,0.0335693359375,False
426:query_sentence:head:600:V,noise,178,0.06461715698242188,False
426:query_sentence:head:600:V,noise,186,0.0484619140625,False
426:query_sentence:head:600:V,noise,192,0.0394287109375,False
426:query_sentence:head:600:V,noise,196,0.05322265625,False
426:query_sentence:head:624:K,noise,0,-0.003692626953125,False
426:query_sentence:head:624:K,noise,16,0.0037689208984375,False
426:query_sentence:head:624:K,noise,32,-0.0143585205078125,False
426:query_sentence:head:624:K,noise,48,-0.0015869140625,False
426:query_sentence:head:624:K,noise,56,-0.0328521728515625,False
426:query_sentence:head:624:K,noise,64,-0.00390625,False
426:query_sentence:head:624:K,noise,82,0.0013427734375,False
426:query_sentence:head:624:K,noise,96,0.02408599853515625,False
426:query_sentence:head:624:K,noise,98,0.07257080078125,False
426:query_sentence:head:624:K,noise,102,0.012603759765625,False
426:query_sentence:head:624:K,noise,116,0.03753662109375,False
426:query_sentence:head:624:K,noise,130,-0.0391845703125,False
426:query_sentence:head:624:K,noise,150,0.002197265625,False
426:query_sentence:head:624:K,noise,154,0.0235595703125,False
426:query_sentence:head:624:K,noise,162,0.01513671875,False
426:query_sentence:head:624:K,noise,176,0.0010986328125,False
426:query_sentence:head:624:K,noise,178,0.028385162353515625,False
426:query_sentence:head:624:K,noise,186,0.02691650390625,False
426:query_sentence:head:624:K,noise,192,0.00537109375,False
426:query_sentence:head:624:K,noise,196,0.01318359375,False
426:query_sentence:head:624:V,noise,0,0.02099609375,False
426:query_sentence:head:624:V,noise,16,0.0092315673828125,False
426:query_sentence:head:624:V,noise,32,0.0240020751953125,False
426:query_sentence:head:624:V,noise,48,0.090911865234375,False
426:query_sentence:head:624:V,noise,56,0.0167083740234375,False
426:query_sentence:head:624:V,noise,64,0.013671875,False
426:query_sentence:head:624:V,noise,82,0.0196533203125,False
426:query_sentence:head:624:V,noise,96,0.0698394775390625,False
426:query_sentence:head:624:V,noise,98,0.035430908203125,False
426:query_sentence:head:624:V,noise,102,0.00293731689453125,False
426:query_sentence:head:624:V,noise,116,0.03125,False
426:query_sentence:head:624:V,noise,130,0.0649566650390625,False
426:query_sentence:head:624:V,noise,150,0.01629638671875,False
426:query_sentence:head:624:V,noise,154,0.05487060546875,False
426:query_sentence:head:624:V,noise,162,0.047607421875,False
426:query_sentence:head:624:V,noise,176,0.0146484375,False
426:query_sentence:head:624:V,noise,178,0.0970611572265625,False
426:query_sentence:head:624:V,noise,186,0.06317138671875,False
426:query_sentence:head:624:V,noise,192,0.03387451171875,False
426:query_sentence:head:624:V,noise,196,0.05322265625,False
426:query_sentence:head:630:K,noise,0,0.00177001953125,False
426:query_sentence:head:630:K,noise,16,-0.00604248046875,False
426:query_sentence:head:630:K,noise,32,0.0146942138671875,False
426:query_sentence:head:630:K,noise,48,0.00585174560546875,False
426:query_sentence:head:630:K,noise,56,-0.0070037841796875,False
426:query_sentence:head:630:K,noise,64,0.00341796875,False
426:query_sentence:head:630:K,noise,82,0.0074462890625,False
426:query_sentence:head:630:K,noise,96,-0.01459503173828125,False
426:query_sentence:head:630:K,noise,98,0.000152587890625,False
426:query_sentence:head:630:K,noise,102,-0.0215301513671875,False
426:query_sentence:head:630:K,noise,116,-0.004638671875,False
426:query_sentence:head:630:K,noise,130,0.0054168701171875,False
426:query_sentence:head:630:K,noise,150,0.00286865234375,False
426:query_sentence:head:630:K,noise,154,-0.00238037109375,False
426:query_sentence:head:630:K,noise,162,0.005615234375,False
426:query_sentence:head:630:K,noise,176,-0.0052490234375,False
426:query_sentence:head:630:K,noise,178,-0.0026149749755859375,False
426:query_sentence:head:630:K,noise,186,-0.010498046875,False
426:query_sentence:head:630:K,noise,192,-0.0052490234375,False
426:query_sentence:head:630:K,noise,196,-0.00732421875,False
426:query_sentence:head:630:V,noise,0,-0.004119873046875,False
426:query_sentence:head:630:V,noise,16,-0.0016937255859375,False
426:query_sentence:head:630:V,noise,32,-0.0028076171875,False
426:query_sentence:head:630:V,noise,48,0.0025787353515625,False
426:query_sentence:head:630:V,noise,56,-0.0057220458984375,False
426:query_sentence:head:630:V,noise,64,0.00054931640625,False
426:query_sentence:head:630:V,noise,82,0.00128173828125,False
426:query_sentence:head:630:V,noise,96,-0.00054168701171875,False
426:query_sentence:head:630:V,noise,98,0.006103515625,False
426:query_sentence:head:630:V,noise,102,0.0013427734375,False
426:query_sentence:head:630:V,noise,116,-0.0078125,False
426:query_sentence:head:630:V,noise,130,-0.001861572265625,False
426:query_sentence:head:630:V,noise,150,-0.001373291015625,False
426:query_sentence:head:630:V,noise,154,0.00616455078125,False
426:query_sentence:head:630:V,noise,162,0.007080078125,False
426:query_sentence:head:630:V,noise,176,-0.0018310546875,False
426:query_sentence:head:630:V,noise,178,0.0004673004150390625,False
426:query_sentence:head:630:V,noise,186,0.001220703125,False
426:query_sentence:head:630:V,noise,192,-0.00518798828125,False
426:query_sentence:head:630:V,noise,196,-0.00390625,False
426:query_sentence:head:641:K,noise,0,0.002197265625,False
426:query_sentence:head:641:K,noise,16,0.0016021728515625,False
426:query_sentence:head:641:K,noise,32,-0.0124969482421875,False
426:query_sentence:head:641:K,noise,48,0.0225982666015625,False
426:query_sentence:head:641:K,noise,56,-0.0258026123046875,False
426:query_sentence:head:641:K,noise,64,-0.0084228515625,False
426:query_sentence:head:641:K,noise,82,-0.0274658203125,False
426:query_sentence:head:641:K,noise,96,0.08052825927734375,False
426:query_sentence:head:641:K,noise,98,0.01885986328125,False
426:query_sentence:head:641:K,noise,102,0.032867431640625,False
426:query_sentence:head:641:K,noise,116,0.0078125,False
426:query_sentence:head:641:K,noise,130,-0.0190582275390625,False
426:query_sentence:head:641:K,noise,150,-0.00048828125,False
426:query_sentence:head:641:K,noise,154,0.044921875,False
426:query_sentence:head:641:K,noise,162,0.0029296875,False
426:query_sentence:head:641:K,noise,176,0.0198974609375,False
426:query_sentence:head:641:K,noise,178,0.053554534912109375,False
426:query_sentence:head:641:K,noise,186,0.013427734375,False
426:query_sentence:head:641:K,noise,192,0.0048828125,False
426:query_sentence:head:641:K,noise,196,0.01318359375,False
426:query_sentence:head:641:V,noise,0,0.029205322265625,False
426:query_sentence:head:641:V,noise,16,0.0087432861328125,False
426:query_sentence:head:641:V,noise,32,0.0244293212890625,False
426:query_sentence:head:641:V,noise,48,0.0435791015625,False
426:query_sentence:head:641:V,noise,56,0.0303955078125,False
426:query_sentence:head:641:V,noise,64,0.010986328125,False
426:query_sentence:head:641:V,noise,82,0.0205078125,False
426:query_sentence:head:641:V,noise,96,0.0590057373046875,False
426:query_sentence:head:641:V,noise,98,0.013092041015625,False
426:query_sentence:head:641:V,noise,102,0.0045623779296875,False
426:query_sentence:head:641:V,noise,116,0.025634765625,False
426:query_sentence:head:641:V,noise,130,0.0652008056640625,False
426:query_sentence:head:641:V,noise,150,0.022491455078125,False
426:query_sentence:head:641:V,noise,154,0.0897216796875,False
426:query_sentence:head:641:V,noise,162,0.035888671875,False
426:query_sentence:head:641:V,noise,176,0.0133056640625,False
426:query_sentence:head:641:V,noise,178,0.088043212890625,False
426:query_sentence:head:641:V,noise,186,0.04180908203125,False
426:query_sentence:head:641:V,noise,192,0.0567626953125,False
426:query_sentence:head:641:V,noise,196,0.03662109375,False
426:query_sentence:head:678:K,noise,0,0.004608154296875,False
426:query_sentence:head:678:K,noise,16,0.0141143798828125,False
426:query_sentence:head:678:K,noise,32,0.0164337158203125,False
426:query_sentence:head:678:K,noise,48,0.00051116943359375,False
426:query_sentence:head:678:K,noise,56,0.0158233642578125,False
426:query_sentence:head:678:K,noise,64,0.029052734375,False
426:query_sentence:head:678:K,noise,82,0.030029296875,False
426:query_sentence:head:678:K,noise,96,-0.00669097900390625,False
426:query_sentence:head:678:K,noise,98,-0.0445556640625,False
426:query_sentence:head:678:K,noise,102,-0.007476806640625,False
426:query_sentence:head:678:K,noise,116,-0.02044677734375,False
426:query_sentence:head:678:K,noise,130,0.00445556640625,False
426:query_sentence:head:678:K,noise,150,-0.00262451171875,False
426:query_sentence:head:678:K,noise,154,-0.00103759765625,False
426:query_sentence:head:678:K,noise,162,0.000732421875,False
426:query_sentence:head:678:K,noise,176,-0.012451171875,False
426:query_sentence:head:678:K,noise,178,-0.0374755859375,False
426:query_sentence:head:678:K,noise,186,-0.000244140625,False
426:query_sentence:head:678:K,noise,192,-0.00335693359375,False
426:query_sentence:head:678:K,noise,196,-0.04541015625,False
426:query_sentence:head:678:V,noise,0,-0.0001220703125,False
426:query_sentence:head:678:V,noise,16,-0.0009307861328125,False
426:query_sentence:head:678:V,noise,32,0.0040130615234375,False
426:query_sentence:head:678:V,noise,48,0.0006866455078125,False
426:query_sentence:head:678:V,noise,56,-0.0041046142578125,False
426:query_sentence:head:678:V,noise,64,0.0,False
426:query_sentence:head:678:V,noise,82,-0.0020751953125,False
426:query_sentence:head:678:V,noise,96,0.002777099609375,False
426:query_sentence:head:678:V,noise,98,-0.001190185546875,False
426:query_sentence:head:678:V,noise,102,0.0020904541015625,False
426:query_sentence:head:678:V,noise,116,-0.0029296875,False
426:query_sentence:head:678:V,noise,130,-0.001068115234375,False
426:query_sentence:head:678:V,noise,150,0.00146484375,False
426:query_sentence:head:678:V,noise,154,0.00531005859375,False
426:query_sentence:head:678:V,noise,162,0.001708984375,False
426:query_sentence:head:678:V,noise,176,-0.0006103515625,False
426:query_sentence:head:678:V,noise,178,0.002445220947265625,False
426:query_sentence:head:678:V,noise,186,0.0047607421875,False
426:query_sentence:head:678:V,noise,192,-0.00616455078125,False
426:query_sentence:head:678:V,noise,196,0.0009765625,False
426:query_sentence:head:690:K,noise,0,-0.01727294921875,False
426:query_sentence:head:690:K,noise,16,0.01324462890625,False
426:query_sentence:head:690:K,noise,32,0.0932769775390625,False
426:query_sentence:head:690:K,noise,48,-0.0031585693359375,False
426:query_sentence:head:690:K,noise,56,0.0341339111328125,False
426:query_sentence:head:690:K,noise,64,0.015869140625,False
426:query_sentence:head:690:K,noise,82,0.0523681640625,False
426:query_sentence:head:690:K,noise,96,-0.00969696044921875,False
426:query_sentence:head:690:K,noise,98,-0.0030517578125,False
426:query_sentence:head:690:K,noise,102,-0.06805610656738281,False
426:query_sentence:head:690:K,noise,116,-0.06756591796875,False
426:query_sentence:head:690:K,noise,130,-0.0360260009765625,False
426:query_sentence:head:690:K,noise,150,-0.00146484375,False
426:query_sentence:head:690:K,noise,154,-0.062164306640625,False
426:query_sentence:head:690:K,noise,162,-0.0078125,False
426:query_sentence:head:690:K,noise,176,-0.014404296875,False
426:query_sentence:head:690:K,noise,178,-0.06782150268554688,False
426:query_sentence:head:690:K,noise,186,-0.00445556640625,False
426:query_sentence:head:690:K,noise,192,0.022216796875,False
426:query_sentence:head:690:K,noise,196,-0.0712890625,False
426:query_sentence:head:690:V,noise,0,-0.001495361328125,False
426:query_sentence:head:690:V,noise,16,-0.0032196044921875,False
426:query_sentence:head:690:V,noise,32,-0.00030517578125,False
426:query_sentence:head:690:V,noise,48,0.00115966796875,False
426:query_sentence:head:690:V,noise,56,-0.0048675537109375,False
426:query_sentence:head:690:V,noise,64,0.00225830078125,False
426:query_sentence:head:690:V,noise,82,0.00140380859375,False
426:query_sentence:head:690:V,noise,96,-0.00615692138671875,False
426:query_sentence:head:690:V,noise,98,0.002838134765625,False
426:query_sentence:head:690:V,noise,102,0.00732421875,False
426:query_sentence:head:690:V,noise,116,-0.002685546875,False
426:query_sentence:head:690:V,noise,130,-0.0022735595703125,False
426:query_sentence:head:690:V,noise,150,0.00115966796875,False
426:query_sentence:head:690:V,noise,154,0.00811767578125,False
426:query_sentence:head:690:V,noise,162,0.0,False
426:query_sentence:head:690:V,noise,176,0.0062255859375,False
426:query_sentence:head:690:V,noise,178,-0.003650665283203125,False
426:query_sentence:head:690:V,noise,186,0.002197265625,False
426:query_sentence:head:690:V,noise,192,-0.0074462890625,False
426:query_sentence:head:690:V,noise,196,0.00244140625,False
426:query_sentence:head:695:K,noise,0,0.001129150390625,False
426:query_sentence:head:695:K,noise,16,0.001983642578125,False
426:query_sentence:head:695:K,noise,32,0.00341796875,False
426:query_sentence:head:695:K,noise,48,0.0015411376953125,False
426:query_sentence:head:695:K,noise,56,-0.00927734375,False
426:query_sentence:head:695:K,noise,64,-0.00067138671875,False
426:query_sentence:head:695:K,noise,82,0.0003662109375,False
426:query_sentence:head:695:K,noise,96,0.0139312744140625,False
426:query_sentence:head:695:K,noise,98,0.0025634765625,False
426:query_sentence:head:695:K,noise,102,0.0065460205078125,False
426:query_sentence:head:695:K,noise,116,-0.0018310546875,False
426:query_sentence:head:695:K,noise,130,-0.0012054443359375,False
426:query_sentence:head:695:K,noise,150,0.003814697265625,False
426:query_sentence:head:695:K,noise,154,0.0086669921875,False
426:query_sentence:head:695:K,noise,162,0.0,False
426:query_sentence:head:695:K,noise,176,-0.00244140625,False
426:query_sentence:head:695:K,noise,178,-0.006603240966796875,False
426:query_sentence:head:695:K,noise,186,0.00372314453125,False
426:query_sentence:head:695:K,noise,192,0.0023193359375,False
426:query_sentence:head:695:K,noise,196,0.0087890625,False
426:query_sentence:head:695:V,noise,0,-0.000457763671875,False
426:query_sentence:head:695:V,noise,16,-0.0079803466796875,False
426:query_sentence:head:695:V,noise,32,0.000457763671875,False
426:query_sentence:head:695:V,noise,48,-0.01415252685546875,False
426:query_sentence:head:695:V,noise,56,-0.0198974609375,False
426:query_sentence:head:695:V,noise,64,-0.00323486328125,False
426:query_sentence:head:695:V,noise,82,-0.00469970703125,False
426:query_sentence:head:695:V,noise,96,-0.022857666015625,False
426:query_sentence:head:695:V,noise,98,-0.01025390625,False
426:query_sentence:head:695:V,noise,102,0.00286102294921875,False
426:query_sentence:head:695:V,noise,116,-0.00347900390625,False
426:query_sentence:head:695:V,noise,130,-0.0031585693359375,False
426:query_sentence:head:695:V,noise,150,-0.00390625,False
426:query_sentence:head:695:V,noise,154,-0.01861572265625,False
426:query_sentence:head:695:V,noise,162,-0.0048828125,False
426:query_sentence:head:695:V,noise,176,-0.0081787109375,False
426:query_sentence:head:695:V,noise,178,-0.014751434326171875,False
426:query_sentence:head:695:V,noise,186,-0.00909423828125,False
426:query_sentence:head:695:V,noise,192,-0.00909423828125,False
426:query_sentence:head:695:V,noise,196,-0.0126953125,False
426:query_sentence:head:709:K,noise,0,-0.008056640625,False
426:query_sentence:head:709:K,noise,16,-0.02313232421875,False
426:query_sentence:head:709:K,noise,32,0.0306549072265625,False
426:query_sentence:head:709:K,noise,48,-0.02977752685546875,False
426:query_sentence:head:709:K,noise,56,-0.0081787109375,False
426:query_sentence:head:709:K,noise,64,-0.00811767578125,False
426:query_sentence:head:709:K,noise,82,0.0196533203125,False
426:query_sentence:head:709:K,noise,96,-0.05837249755859375,False
426:query_sentence:head:709:K,noise,98,-0.073394775390625,False
426:query_sentence:head:709:K,noise,102,-0.0430145263671875,False
426:query_sentence:head:709:K,noise,116,-0.029296875,False
426:query_sentence:head:709:K,noise,130,0.0187225341796875,False
426:query_sentence:head:709:K,noise,150,-0.006805419921875,False
426:query_sentence:head:709:K,noise,154,-0.07159423828125,False
426:query_sentence:head:709:K,noise,162,-0.010986328125,False
426:query_sentence:head:709:K,noise,176,-0.0203857421875,False
426:query_sentence:head:709:K,noise,178,-0.09247970581054688,False
426:query_sentence:head:709:K,noise,186,-0.021240234375,False
426:query_sentence:head:709:K,noise,192,-0.00927734375,False
426:query_sentence:head:709:K,noise,196,-0.05908203125,False
426:query_sentence:head:709:V,noise,0,-0.0025634765625,False
426:query_sentence:head:709:V,noise,16,-0.002777099609375,False
426:query_sentence:head:709:V,noise,32,-0.0040130615234375,False
426:query_sentence:head:709:V,noise,48,0.00019073486328125,False
426:query_sentence:head:709:V,noise,56,-0.011627197265625,False
426:query_sentence:head:709:V,noise,64,-0.001708984375,False
426:query_sentence:head:709:V,noise,82,0.00103759765625,False
426:query_sentence:head:709:V,noise,96,-0.022613525390625,False
426:query_sentence:head:709:V,noise,98,-0.0150146484375,False
426:query_sentence:head:709:V,noise,102,0.00228118896484375,False
426:query_sentence:head:709:V,noise,116,-0.00396728515625,False
426:query_sentence:head:709:V,noise,130,-0.0035858154296875,False
426:query_sentence:head:709:V,noise,150,-0.000823974609375,False
426:query_sentence:head:709:V,noise,154,-0.00665283203125,False
426:query_sentence:head:709:V,noise,162,-0.00146484375,False
426:query_sentence:head:709:V,noise,176,-0.0037841796875,False
426:query_sentence:head:709:V,noise,178,-0.004558563232421875,False
426:query_sentence:head:709:V,noise,186,-0.0042724609375,False
426:query_sentence:head:709:V,noise,192,-0.00567626953125,False
426:query_sentence:head:709:V,noise,196,-0.015625,False
426:query_sentence:head:751:K,noise,0,-0.000579833984375,False
426:query_sentence:head:751:K,noise,16,-0.0028228759765625,False
426:query_sentence:head:751:K,noise,32,-0.0110015869140625,False
426:query_sentence:head:751:K,noise,48,-0.0010528564453125,False
426:query_sentence:head:751:K,noise,56,-0.011444091796875,False
426:query_sentence:head:751:K,noise,64,-0.00311279296875,False
426:query_sentence:head:751:K,noise,82,-0.0042724609375,False
426:query_sentence:head:751:K,noise,96,0.01073455810546875,False
426:query_sentence:head:751:K,noise,98,0.0413818359375,False
426:query_sentence:head:751:K,noise,102,0.00998687744140625,False
426:query_sentence:head:751:K,noise,116,0.01470947265625,False
426:query_sentence:head:751:K,noise,130,-0.00299072265625,False
426:query_sentence:head:751:K,noise,150,0.001861572265625,False
426:query_sentence:head:751:K,noise,154,0.034423828125,False
426:query_sentence:head:751:K,noise,162,0.00048828125,False
426:query_sentence:head:751:K,noise,176,0.0032958984375,False
426:query_sentence:head:751:K,noise,178,-0.000614166259765625,False
426:query_sentence:head:751:K,noise,186,0.00042724609375,False
426:query_sentence:head:751:K,noise,192,-0.00372314453125,False
426:query_sentence:head:751:K,noise,196,-0.0009765625,False
426:query_sentence:head:751:V,noise,0,0.014434814453125,False
426:query_sentence:head:751:V,noise,16,0.0139617919921875,False
426:query_sentence:head:751:V,noise,32,0.01800537109375,False
426:query_sentence:head:751:V,noise,48,0.016876220703125,False
426:query_sentence:head:751:V,noise,56,0.038726806640625,False
426:query_sentence:head:751:V,noise,64,0.01739501953125,False
426:query_sentence:head:751:V,noise,82,0.00311279296875,False
426:query_sentence:head:751:V,noise,96,0.0245513916015625,False
426:query_sentence:head:751:V,noise,98,0.025299072265625,False
426:query_sentence:head:751:V,noise,102,-0.016937255859375,False
426:query_sentence:head:751:V,noise,116,0.00634765625,False
426:query_sentence:head:751:V,noise,130,0.0118255615234375,False
426:query_sentence:head:751:V,noise,150,0.0074462890625,False
426:query_sentence:head:751:V,noise,154,0.06378173828125,False
426:query_sentence:head:751:V,noise,162,0.03125,False
426:query_sentence:head:751:V,noise,176,0.0128173828125,False
426:query_sentence:head:751:V,noise,178,0.01247406005859375,False
426:query_sentence:head:751:V,noise,186,0.02850341796875,False
426:query_sentence:head:751:V,noise,192,0.0086669921875,False
426:query_sentence:head:751:V,noise,196,0.029296875,False
426:query_sentence:head:787:K,noise,0,0.01092529296875,False
426:query_sentence:head:787:K,noise,16,-0.0052032470703125,False
426:query_sentence:head:787:K,noise,32,0.014556884765625,False
426:query_sentence:head:787:K,noise,48,-7.62939453125e-06,False
426:query_sentence:head:787:K,noise,56,0.02520751953125,False
426:query_sentence:head:787:K,noise,64,0.0101318359375,False
426:query_sentence:head:787:K,noise,82,0.0067138671875,False
426:query_sentence:head:787:K,noise,96,-0.0244903564453125,False
426:query_sentence:head:787:K,noise,98,-0.049102783203125,False
426:query_sentence:head:787:K,noise,102,-0.00189208984375,False
426:query_sentence:head:787:K,noise,116,-0.0152587890625,False
426:query_sentence:head:787:K,noise,130,0.0027618408203125,False
426:query_sentence:head:787:K,noise,150,-0.001617431640625,False
426:query_sentence:head:787:K,noise,154,0.01983642578125,False
426:query_sentence:head:787:K,noise,162,-0.008056640625,False
426:query_sentence:head:787:K,noise,176,-0.0072021484375,False
426:query_sentence:head:787:K,noise,178,-0.007495880126953125,False
426:query_sentence:head:787:K,noise,186,-0.00860595703125,False
426:query_sentence:head:787:K,noise,192,-0.0023193359375,False
426:query_sentence:head:787:K,noise,196,-0.01806640625,False
426:query_sentence:head:787:V,noise,0,0.000274658203125,False
426:query_sentence:head:787:V,noise,16,-0.0003814697265625,False
426:query_sentence:head:787:V,noise,32,0.0022735595703125,False
426:query_sentence:head:787:V,noise,48,0.00189208984375,False
426:query_sentence:head:787:V,noise,56,-0.002716064453125,False
426:query_sentence:head:787:V,noise,64,-0.00128173828125,False
426:query_sentence:head:787:V,noise,82,0.00189208984375,False
426:query_sentence:head:787:V,noise,96,-0.000396728515625,False
426:query_sentence:head:787:V,noise,98,0.00054931640625,False
426:query_sentence:head:787:V,noise,102,0.0003204345703125,False
426:query_sentence:head:787:V,noise,116,-0.0025634765625,False
426:query_sentence:head:787:V,noise,130,-0.0002899169921875,False
426:query_sentence:head:787:V,noise,150,0.00115966796875,False
426:query_sentence:head:787:V,noise,154,-0.0006103515625,False
426:query_sentence:head:787:V,noise,162,0.001220703125,False
426:query_sentence:head:787:V,noise,176,-0.0003662109375,False
426:query_sentence:head:787:V,noise,178,0.00191497802734375,False
426:query_sentence:head:787:V,noise,186,-0.000732421875,False
426:query_sentence:head:787:V,noise,192,-0.004150390625,False
426:query_sentence:head:787:V,noise,196,0.00048828125,False
426:query_sentence:head:817:K,noise,0,0.002655029296875,False
426:query_sentence:head:817:K,noise,16,-0.0002288818359375,False
426:query_sentence:head:817:K,noise,32,0.002716064453125,False
426:query_sentence:head:817:K,noise,48,0.00232696533203125,False
426:query_sentence:head:817:K,noise,56,-0.004150390625,False
426:query_sentence:head:817:K,noise,64,-0.002685546875,False
426:query_sentence:head:817:K,noise,82,0.0008544921875,False
426:query_sentence:head:817:K,noise,96,0.001495361328125,False
426:query_sentence:head:817:K,noise,98,0.000244140625,False
426:query_sentence:head:817:K,noise,102,0.00066375732421875,False
426:query_sentence:head:817:K,noise,116,-0.00262451171875,False
426:query_sentence:head:817:K,noise,130,-3.0517578125e-05,False
426:query_sentence:head:817:K,noise,150,0.001739501953125,False
426:query_sentence:head:817:K,noise,154,0.00225830078125,False
426:query_sentence:head:817:K,noise,162,-0.0009765625,False
426:query_sentence:head:817:K,noise,176,-0.0013427734375,False
426:query_sentence:head:817:K,noise,178,-0.003574371337890625,False
426:query_sentence:head:817:K,noise,186,-6.103515625e-05,False
426:query_sentence:head:817:K,noise,192,0.0010986328125,False
426:query_sentence:head:817:K,noise,196,0.00146484375,False
426:query_sentence:head:817:V,noise,0,0.002227783203125,False
426:query_sentence:head:817:V,noise,16,-0.00213623046875,False
426:query_sentence:head:817:V,noise,32,0.000335693359375,False
426:query_sentence:head:817:V,noise,48,0.00162506103515625,False
426:query_sentence:head:817:V,noise,56,-0.00360107421875,False
426:query_sentence:head:817:V,noise,64,-0.00152587890625,False
426:query_sentence:head:817:V,noise,82,0.0015869140625,False
426:query_sentence:head:817:V,noise,96,-0.0022735595703125,False
426:query_sentence:head:817:V,noise,98,-0.00189208984375,False
426:query_sentence:head:817:V,noise,102,-0.00115966796875,False
426:query_sentence:head:817:V,noise,116,-0.0009765625,False
426:query_sentence:head:817:V,noise,130,-0.0005035400390625,False
426:query_sentence:head:817:V,noise,150,0.000640869140625,False
426:query_sentence:head:817:V,noise,154,0.0009765625,False
426:query_sentence:head:817:V,noise,162,-0.00146484375,False
426:query_sentence:head:817:V,noise,176,-0.0006103515625,False
426:query_sentence:head:817:V,noise,178,0.001735687255859375,False
426:query_sentence:head:817:V,noise,186,-0.00128173828125,False
426:query_sentence:head:817:V,noise,192,-0.00384521484375,False
426:query_sentence:head:817:V,noise,196,-0.00048828125,False
426:query_sentence:head:855:K,noise,0,0.003173828125,False
426:query_sentence:head:855:K,noise,16,0.0005340576171875,False
426:query_sentence:head:855:K,noise,32,-0.0020751953125,False
426:query_sentence:head:855:K,noise,48,0.00025177001953125,False
426:query_sentence:head:855:K,noise,56,-0.0051116943359375,False
426:query_sentence:head:855:K,noise,64,-0.00018310546875,False
426:query_sentence:head:855:K,noise,82,0.00146484375,False
426:query_sentence:head:855:K,noise,96,-0.001068115234375,False
426:query_sentence:head:855:K,noise,98,0.00140380859375,False
426:query_sentence:head:855:K,noise,102,0.00310516357421875,False
426:query_sentence:head:855:K,noise,116,-0.0010986328125,False
426:query_sentence:head:855:K,noise,130,-0.000152587890625,False
426:query_sentence:head:855:K,noise,150,0.001953125,False
426:query_sentence:head:855:K,noise,154,0.00091552734375,False
426:query_sentence:head:855:K,noise,162,-0.001220703125,False
426:query_sentence:head:855:K,noise,176,0.001953125,False
426:query_sentence:head:855:K,noise,178,0.002483367919921875,False
426:query_sentence:head:855:K,noise,186,-0.0001220703125,False
426:query_sentence:head:855:K,noise,192,-0.00115966796875,False
426:query_sentence:head:855:K,noise,196,-0.00390625,False
426:query_sentence:head:855:V,noise,0,0.002685546875,False
426:query_sentence:head:855:V,noise,16,0.001953125,False
426:query_sentence:head:855:V,noise,32,0.00634765625,False
426:query_sentence:head:855:V,noise,48,0.00243377685546875,False
426:query_sentence:head:855:V,noise,56,0.013641357421875,False
426:query_sentence:head:855:V,noise,64,-0.00128173828125,False
426:query_sentence:head:855:V,noise,82,0.00250244140625,False
426:query_sentence:head:855:V,noise,96,-0.00079345703125,False
426:query_sentence:head:855:V,noise,98,0.00042724609375,False
426:query_sentence:head:855:V,noise,102,-0.0013885498046875,False
426:query_sentence:head:855:V,noise,116,-0.00103759765625,False
426:query_sentence:head:855:V,noise,130,0.0036163330078125,False
426:query_sentence:head:855:V,noise,150,0.0023193359375,False
426:query_sentence:head:855:V,noise,154,0.0115966796875,False
426:query_sentence:head:855:V,noise,162,0.00146484375,False
426:query_sentence:head:855:V,noise,176,-0.0018310546875,False
426:query_sentence:head:855:V,noise,178,0.002979278564453125,False
426:query_sentence:head:855:V,noise,186,0.004638671875,False
426:query_sentence:head:855:V,noise,192,0.00201416015625,False
426:query_sentence:head:855:V,noise,196,0.00439453125,False
426:query_sentence:head:870:K,noise,0,0.00164794921875,False
426:query_sentence:head:870:K,noise,16,-0.02074432373046875,False
426:query_sentence:head:870:K,noise,32,-0.0026092529296875,False
426:query_sentence:head:870:K,noise,48,0.005584716796875,False
426:query_sentence:head:870:K,noise,56,0.1419830322265625,False
426:query_sentence:head:870:K,noise,64,0.024658203125,False
426:query_sentence:head:870:K,noise,82,0.038330078125,False
426:query_sentence:head:870:K,noise,96,-0.01815032958984375,False
426:query_sentence:head:870:K,noise,98,-0.100830078125,False
426:query_sentence:head:870:K,noise,102,0.0022125244140625,False
426:query_sentence:head:870:K,noise,116,-0.04229736328125,False
426:query_sentence:head:870:K,noise,130,0.0489349365234375,False
426:query_sentence:head:870:K,noise,150,-0.0006103515625,False
426:query_sentence:head:870:K,noise,154,0.00048828125,False
426:query_sentence:head:870:K,noise,162,0.00244140625,False
426:query_sentence:head:870:K,noise,176,-0.0115966796875,False
426:query_sentence:head:870:K,noise,178,-0.024394989013671875,False
426:query_sentence:head:870:K,noise,186,-0.03521728515625,False
426:query_sentence:head:870:K,noise,192,-0.00537109375,False
426:query_sentence:head:870:K,noise,196,-0.00439453125,False
426:query_sentence:head:870:V,noise,0,0.003692626953125,False
426:query_sentence:head:870:V,noise,16,0.00048828125,False
426:query_sentence:head:870:V,noise,32,0.0068817138671875,False
426:query_sentence:head:870:V,noise,48,0.0013580322265625,False
426:query_sentence:head:870:V,noise,56,-0.000579833984375,False
426:query_sentence:head:870:V,noise,64,-0.00030517578125,False
426:query_sentence:head:870:V,noise,82,0.0,False
426:query_sentence:head:870:V,noise,96,0.0018463134765625,False
426:query_sentence:head:870:V,noise,98,-0.004302978515625,False
426:query_sentence:head:870:V,noise,102,0.000518798828125,False
426:query_sentence:head:870:V,noise,116,6.103515625e-05,False
426:query_sentence:head:870:V,noise,130,0.007537841796875,False
426:query_sentence:head:870:V,noise,150,0.00189208984375,False
426:query_sentence:head:870:V,noise,154,0.0015869140625,False
426:query_sentence:head:870:V,noise,162,-0.010009765625,False
426:query_sentence:head:870:V,noise,176,-0.0009765625,False
426:query_sentence:head:870:V,noise,178,-0.000152587890625,False
426:query_sentence:head:870:V,noise,186,-0.00445556640625,False
426:query_sentence:head:870:V,noise,192,-0.00152587890625,False
426:query_sentence:head:870:V,noise,196,-0.0009765625,False
426:query_sentence:head:973:K,noise,0,0.000732421875,False
426:query_sentence:head:973:K,noise,16,0.002197265625,False
426:query_sentence:head:973:K,noise,32,0.001983642578125,False
426:query_sentence:head:973:K,noise,48,-0.0010223388671875,False
426:query_sentence:head:973:K,noise,56,-0.0016632080078125,False
426:query_sentence:head:973:K,noise,64,0.00048828125,False
426:query_sentence:head:973:K,noise,82,0.00067138671875,False
426:query_sentence:head:973:K,noise,96,-0.00730133056640625,False
426:query_sentence:head:973:K,noise,98,0.003387451171875,False
426:query_sentence:head:973:K,noise,102,0.0013427734375,False
426:query_sentence:head:973:K,noise,116,0.0006103515625,False
426:query_sentence:head:973:K,noise,130,-0.0004730224609375,False
426:query_sentence:head:973:K,noise,150,0.0010986328125,False
426:query_sentence:head:973:K,noise,154,0.0008544921875,False
426:query_sentence:head:973:K,noise,162,0.0,False
426:query_sentence:head:973:K,noise,176,-0.000244140625,False
426:query_sentence:head:973:K,noise,178,0.0004425048828125,False
426:query_sentence:head:973:K,noise,186,0.000244140625,False
426:query_sentence:head:973:K,noise,192,-0.00177001953125,False
426:query_sentence:head:973:K,noise,196,0.0,False
426:query_sentence:head:973:V,noise,0,0.000823974609375,False
426:query_sentence:head:973:V,noise,16,0.001312255859375,False
426:query_sentence:head:973:V,noise,32,-0.0005950927734375,False
426:query_sentence:head:973:V,noise,48,0.00095367431640625,False
426:query_sentence:head:973:V,noise,56,-0.0004730224609375,False
426:query_sentence:head:973:V,noise,64,0.0,False
426:query_sentence:head:973:V,noise,82,0.00115966796875,False
426:query_sentence:head:973:V,noise,96,0.00102996826171875,False
426:query_sentence:head:973:V,noise,98,0.000762939453125,False
426:query_sentence:head:973:V,noise,102,-0.00018310546875,False
426:query_sentence:head:973:V,noise,116,-0.000244140625,False
426:query_sentence:head:973:V,noise,130,-0.0009765625,False
426:query_sentence:head:973:V,noise,150,0.0006103515625,False
426:query_sentence:head:973:V,noise,154,0.00103759765625,False
426:query_sentence:head:973:V,noise,162,-0.0009765625,False
426:query_sentence:head:973:V,noise,176,0.00048828125,False
426:query_sentence:head:973:V,noise,178,-0.00377655029296875,False
426:query_sentence:head:973:V,noise,186,0.00103759765625,False
426:query_sentence:head:973:V,noise,192,-0.00067138671875,False
426:query_sentence:head:973:V,noise,196,-0.001953125,False
426:query_sentence:head:978:K,noise,0,-0.00030517578125,False
426:query_sentence:head:978:K,noise,16,-0.003021240234375,False
426:query_sentence:head:978:K,noise,32,-0.000244140625,False
426:query_sentence:head:978:K,noise,48,0.00250244140625,False
426:query_sentence:head:978:K,noise,56,0.00164794921875,False
426:query_sentence:head:978:K,noise,64,-0.00042724609375,False
426:query_sentence:head:978:K,noise,82,0.0050048828125,False
426:query_sentence:head:978:K,noise,96,-0.00018310546875,False
426:query_sentence:head:978:K,noise,98,-0.0101318359375,False
426:query_sentence:head:978:K,noise,102,-0.020782470703125,False
426:query_sentence:head:978:K,noise,116,-0.01165771484375,False
426:query_sentence:head:978:K,noise,130,0.0028228759765625,False
426:query_sentence:head:978:K,noise,150,-0.000152587890625,False
426:query_sentence:head:978:K,noise,154,-0.0113525390625,False
426:query_sentence:head:978:K,noise,162,0.00537109375,False
426:query_sentence:head:978:K,noise,176,-0.000732421875,False
426:query_sentence:head:978:K,noise,178,-0.008434295654296875,False
426:query_sentence:head:978:K,noise,186,-0.00799560546875,False
426:query_sentence:head:978:K,noise,192,-0.00189208984375,False
426:query_sentence:head:978:K,noise,196,-0.00048828125,False
426:query_sentence:head:978:V,noise,0,0.001678466796875,False
426:query_sentence:head:978:V,noise,16,-0.00048828125,False
426:query_sentence:head:978:V,noise,32,0.0019989013671875,False
426:query_sentence:head:978:V,noise,48,0.0004425048828125,False
426:query_sentence:head:978:V,noise,56,-0.00238037109375,False
426:query_sentence:head:978:V,noise,64,0.00067138671875,False
426:query_sentence:head:978:V,noise,82,-0.00030517578125,False
426:query_sentence:head:978:V,noise,96,0.00067138671875,False
426:query_sentence:head:978:V,noise,98,0.0001220703125,False
426:query_sentence:head:978:V,noise,102,0.000213623046875,False
426:query_sentence:head:978:V,noise,116,-0.00164794921875,False
426:query_sentence:head:978:V,noise,130,-0.0002899169921875,False
426:query_sentence:head:978:V,noise,150,-0.000640869140625,False
426:query_sentence:head:978:V,noise,154,-0.00042724609375,False
426:query_sentence:head:978:V,noise,162,-0.0009765625,False
426:query_sentence:head:978:V,noise,176,-0.00048828125,False
426:query_sentence:head:978:V,noise,178,0.001102447509765625,False
426:query_sentence:head:978:V,noise,186,-0.00335693359375,False
426:query_sentence:head:978:V,noise,192,-0.00177001953125,False
426:query_sentence:head:978:V,noise,196,-0.00146484375,False
426:query_sentence:mlp:13:,noise,0,0.036041259765625,False
426:query_sentence:mlp:13:,noise,16,0.0283355712890625,False
426:query_sentence:mlp:13:,noise,32,0.0642852783203125,False
426:query_sentence:mlp:13:,noise,48,-0.06824493408203125,False
426:query_sentence:mlp:13:,noise,56,0.0279693603515625,False
426:query_sentence:mlp:13:,noise,64,0.0037841796875,False
426:query_sentence:mlp:13:,noise,82,-0.1422119140625,False
426:query_sentence:mlp:13:,noise,96,0.09699249267578125,False
426:query_sentence:mlp:13:,noise,98,-0.028778076171875,False
426:query_sentence:mlp:13:,noise,102,0.00832366943359375,False
426:query_sentence:mlp:13:,noise,116,-0.05517578125,False
426:query_sentence:mlp:13:,noise,130,-0.00347900390625,False
426:query_sentence:mlp:13:,noise,150,-0.035064697265625,False
426:query_sentence:mlp:13:,noise,154,-0.1129150390625,False
426:query_sentence:mlp:13:,noise,162,-0.005126953125,False
426:query_sentence:mlp:13:,noise,176,0.09521484375,False
426:query_sentence:mlp:13:,noise,178,0.11366653442382812,False
426:query_sentence:mlp:13:,noise,186,0.26422119140625,False
426:query_sentence:mlp:13:,noise,192,-0.07501220703125,False
426:query_sentence:mlp:13:,noise,196,0.02587890625,False
426:query_sentence:mlp:14:,noise,0,0.13427734375,False
426:query_sentence:mlp:14:,noise,16,0.0805206298828125,False
426:query_sentence:mlp:14:,noise,32,0.1990642547607422,False
426:query_sentence:mlp:14:,noise,48,0.2692070007324219,False
426:query_sentence:mlp:14:,noise,56,0.0489044189453125,False
426:query_sentence:mlp:14:,noise,64,0.1273193359375,False
426:query_sentence:mlp:14:,noise,82,0.03277587890625,False
426:query_sentence:mlp:14:,noise,96,0.43294525146484375,False
426:query_sentence:mlp:14:,noise,98,0.065948486328125,False
426:query_sentence:mlp:14:,noise,102,0.20277023315429688,False
426:query_sentence:mlp:14:,noise,116,0.18536376953125,False
426:query_sentence:mlp:14:,noise,130,0.1919097900390625,False
426:query_sentence:mlp:14:,noise,150,0.103179931640625,False
426:query_sentence:mlp:14:,noise,154,0.380126953125,False
426:query_sentence:mlp:14:,noise,162,0.16552734375,False
426:query_sentence:mlp:14:,noise,176,0.1953125,False
426:query_sentence:mlp:14:,noise,178,0.23225021362304688,False
426:query_sentence:mlp:14:,noise,186,0.28240966796875,False
426:query_sentence:mlp:14:,noise,192,0.07757568359375,False
426:query_sentence:mlp:14:,noise,196,0.2197265625,False
434:fact1_mother:head:513:K,noise,0,0.00689697265625,False
434:fact1_mother:head:513:K,noise,16,0.00091552734375,False
434:fact1_mother:head:513:K,noise,32,-0.000579833984375,False
434:fact1_mother:head:513:K,noise,48,-0.00119781494140625,False
434:fact1_mother:head:513:K,noise,56,0.0010986328125,False
434:fact1_mother:head:513:K,noise,64,0.0037841796875,False
434:fact1_mother:head:513:K,noise,82,0.000732421875,False
434:fact1_mother:head:513:K,noise,96,0.003326416015625,False
434:fact1_mother:head:513:K,noise,98,-0.003509521484375,False
434:fact1_mother:head:513:K,noise,102,-0.0018310546875,False
434:fact1_mother:head:513:K,noise,116,-0.0054931640625,False
434:fact1_mother:head:513:K,noise,130,-0.0019073486328125,False
434:fact1_mother:head:513:K,noise,150,0.0030517578125,False
434:fact1_mother:head:513:K,noise,154,0.0015869140625,False
434:fact1_mother:head:513:K,noise,162,0.004150390625,False
434:fact1_mother:head:513:K,noise,176,0.001220703125,False
434:fact1_mother:head:513:K,noise,178,0.00090789794921875,False
434:fact1_mother:head:513:K,noise,186,-0.00054931640625,False
434:fact1_mother:head:513:K,noise,192,-0.00128173828125,False
434:fact1_mother:head:513:K,noise,196,0.00927734375,False
434:fact1_mother:head:513:V,noise,0,0.0013427734375,False
434:fact1_mother:head:513:V,noise,16,-0.0006866455078125,False
434:fact1_mother:head:513:V,noise,32,0.0062408447265625,False
434:fact1_mother:head:513:V,noise,48,0.00251007080078125,False
434:fact1_mother:head:513:V,noise,56,0.0024261474609375,False
434:fact1_mother:head:513:V,noise,64,0.0006103515625,False
434:fact1_mother:head:513:V,noise,82,-0.0013427734375,False
434:fact1_mother:head:513:V,noise,96,0.00040435791015625,False
434:fact1_mother:head:513:V,noise,98,-0.00030517578125,False
434:fact1_mother:head:513:V,noise,102,0.00341796875,False
434:fact1_mother:head:513:V,noise,116,-0.00164794921875,False
434:fact1_mother:head:513:V,noise,130,-0.000335693359375,False
434:fact1_mother:head:513:V,noise,150,-0.000396728515625,False
434:fact1_mother:head:513:V,noise,154,-0.002685546875,False
434:fact1_mother:head:513:V,noise,162,0.00244140625,False
434:fact1_mother:head:513:V,noise,176,0.0,False
434:fact1_mother:head:513:V,noise,178,0.0074615478515625,False
434:fact1_mother:head:513:V,noise,186,0.0020751953125,False
434:fact1_mother:head:513:V,noise,192,-0.0015869140625,False
434:fact1_mother:head:513:V,noise,196,0.00439453125,False
434:fact1_mother:head:533:K,noise,0,0.00390625,False
434:fact1_mother:head:533:K,noise,16,-0.001129150390625,False
434:fact1_mother:head:533:K,noise,32,-0.0008697509765625,False
434:fact1_mother:head:533:K,noise,48,-0.001129150390625,False
434:fact1_mother:head:533:K,noise,56,-0.001373291015625,False
434:fact1_mother:head:533:K,noise,64,-0.0008544921875,False
434:fact1_mother:head:533:K,noise,82,-0.00140380859375,False
434:fact1_mother:head:533:K,noise,96,0.0020751953125,False
434:fact1_mother:head:533:K,noise,98,-0.003875732421875,False
434:fact1_mother:head:533:K,noise,102,-0.00167083740234375,False
434:fact1_mother:head:533:K,noise,116,-0.0045166015625,False
434:fact1_mother:head:533:K,noise,130,-0.0048980712890625,False
434:fact1_mother:head:533:K,noise,150,0.0003662109375,False
434:fact1_mother:head:533:K,noise,154,0.0030517578125,False
434:fact1_mother:head:533:K,noise,162,0.001220703125,False
434:fact1_mother:head:533:K,noise,176,-0.0045166015625,False
434:fact1_mother:head:533:K,noise,178,-0.001117706298828125,False
434:fact1_mother:head:533:K,noise,186,-0.0006103515625,False
434:fact1_mother:head:533:K,noise,192,-0.00555419921875,False
434:fact1_mother:head:533:K,noise,196,0.0029296875,False
434:fact1_mother:head:533:V,noise,0,0.001708984375,False
434:fact1_mother:head:533:V,noise,16,-9.1552734375e-05,False
434:fact1_mother:head:533:V,noise,32,0.00115966796875,False
434:fact1_mother:head:533:V,noise,48,0.000396728515625,False
434:fact1_mother:head:533:V,noise,56,-0.0033721923828125,False
434:fact1_mother:head:533:V,noise,64,-0.0003662109375,False
434:fact1_mother:head:533:V,noise,82,0.0013427734375,False
434:fact1_mother:head:533:V,noise,96,-0.0028533935546875,False
434:fact1_mother:head:533:V,noise,98,9.1552734375e-05,False
434:fact1_mother:head:533:V,noise,102,0.00103759765625,False
434:fact1_mother:head:533:V,noise,116,-0.00616455078125,False
434:fact1_mother:head:533:V,noise,130,-0.0033111572265625,False
434:fact1_mother:head:533:V,noise,150,0.0030517578125,False
434:fact1_mother:head:533:V,noise,154,0.00506591796875,False
434:fact1_mother:head:533:V,noise,162,-0.00244140625,False
434:fact1_mother:head:533:V,noise,176,0.0010986328125,False
434:fact1_mother:head:533:V,noise,178,-0.00334930419921875,False
434:fact1_mother:head:533:V,noise,186,-0.00189208984375,False
434:fact1_mother:head:533:V,noise,192,-0.0006103515625,False
434:fact1_mother:head:533:V,noise,196,0.0029296875,False
434:fact1_mother:head:547:K,noise,0,-0.00726318359375,False
434:fact1_mother:head:547:K,noise,16,-0.00433349609375,False
434:fact1_mother:head:547:K,noise,32,0.0019378662109375,False
434:fact1_mother:head:547:K,noise,48,0.00048828125,False
434:fact1_mother:head:547:K,noise,56,-0.0001373291015625,False
434:fact1_mother:head:547:K,noise,64,-0.00164794921875,False
434:fact1_mother:head:547:K,noise,82,0.0001220703125,False
434:fact1_mother:head:547:K,noise,96,-0.0052947998046875,False
434:fact1_mother:head:547:K,noise,98,-0.02130126953125,False
434:fact1_mother:head:547:K,noise,102,-0.01749420166015625,False
434:fact1_mother:head:547:K,noise,116,-0.024169921875,False
434:fact1_mother:head:547:K,noise,130,-0.0009613037109375,False
434:fact1_mother:head:547:K,noise,150,3.0517578125e-05,False
434:fact1_mother:head:547:K,noise,154,-0.01043701171875,False
434:fact1_mother:head:547:K,noise,162,-0.00634765625,False
434:fact1_mother:head:547:K,noise,176,-0.0260009765625,False
434:fact1_mother:head:547:K,noise,178,-0.017904281616210938,False
434:fact1_mother:head:547:K,noise,186,-0.01593017578125,False
434:fact1_mother:head:547:K,noise,192,0.00518798828125,False
434:fact1_mother:head:547:K,noise,196,-0.03515625,False
434:fact1_mother:head:547:V,noise,0,-0.004364013671875,False
434:fact1_mother:head:547:V,noise,16,-0.013153076171875,False
434:fact1_mother:head:547:V,noise,32,-0.00494384765625,False
434:fact1_mother:head:547:V,noise,48,0.008148193359375,False
434:fact1_mother:head:547:V,noise,56,-0.01434326171875,False
434:fact1_mother:head:547:V,noise,64,-0.006103515625,False
434:fact1_mother:head:547:V,noise,82,0.01190185546875,False
434:fact1_mother:head:547:V,noise,96,-0.0067291259765625,False
434:fact1_mother:head:547:V,noise,98,-0.0325927734375,False
434:fact1_mother:head:547:V,noise,102,-0.01318359375,False
434:fact1_mother:head:547:V,noise,116,-0.0159912109375,False
434:fact1_mother:head:547:V,noise,130,0.00042724609375,False
434:fact1_mother:head:547:V,noise,150,0.0018310546875,False
434:fact1_mother:head:547:V,noise,154,0.0009765625,False
434:fact1_mother:head:547:V,noise,162,-0.013916015625,False
434:fact1_mother:head:547:V,noise,176,-0.0213623046875,False
434:fact1_mother:head:547:V,noise,178,-0.029754638671875,False
434:fact1_mother:head:547:V,noise,186,-0.02288818359375,False
434:fact1_mother:head:547:V,noise,192,0.0045166015625,False
434:fact1_mother:head:547:V,noise,196,-0.05126953125,False
434:fact1_mother:head:561:K,noise,0,0.0023193359375,False
434:fact1_mother:head:561:K,noise,16,-0.0034027099609375,False
434:fact1_mother:head:561:K,noise,32,0.00213623046875,False
434:fact1_mother:head:561:K,noise,48,0.00399017333984375,False
434:fact1_mother:head:561:K,noise,56,-0.0002593994140625,False
434:fact1_mother:head:561:K,noise,64,-0.00054931640625,False
434:fact1_mother:head:561:K,noise,82,-0.000244140625,False
434:fact1_mother:head:561:K,noise,96,0.001922607421875,False
434:fact1_mother:head:561:K,noise,98,-0.00189208984375,False
434:fact1_mother:head:561:K,noise,102,0.0009002685546875,False
434:fact1_mother:head:561:K,noise,116,-0.002197265625,False
434:fact1_mother:head:561:K,noise,130,-0.00091552734375,False
434:fact1_mother:head:561:K,noise,150,0.002044677734375,False
434:fact1_mother:head:561:K,noise,154,0.00360107421875,False
434:fact1_mother:head:561:K,noise,162,0.0,False
434:fact1_mother:head:561:K,noise,176,-0.0013427734375,False
434:fact1_mother:head:561:K,noise,178,-0.00637054443359375,False
434:fact1_mother:head:561:K,noise,186,-0.00323486328125,False
434:fact1_mother:head:561:K,noise,192,-0.00274658203125,False
434:fact1_mother:head:561:K,noise,196,-0.0029296875,False
434:fact1_mother:head:561:V,noise,0,0.00335693359375,False
434:fact1_mother:head:561:V,noise,16,0.006011962890625,False
434:fact1_mother:head:561:V,noise,32,-6.103515625e-05,False
434:fact1_mother:head:561:V,noise,48,-0.00199127197265625,False
434:fact1_mother:head:561:V,noise,56,0.00390625,False
434:fact1_mother:head:561:V,noise,64,0.00390625,False
434:fact1_mother:head:561:V,noise,82,-0.001708984375,False
434:fact1_mother:head:561:V,noise,96,0.01049041748046875,False
434:fact1_mother:head:561:V,noise,98,0.01007080078125,False
434:fact1_mother:head:561:V,noise,102,0.000522613525390625,False
434:fact1_mother:head:561:V,noise,116,-0.0023193359375,False
434:fact1_mother:head:561:V,noise,130,0.0012969970703125,False
434:fact1_mother:head:561:V,noise,150,-0.0003662109375,False
434:fact1_mother:head:561:V,noise,154,0.00616455078125,False
434:fact1_mother:head:561:V,noise,162,-0.00244140625,False
434:fact1_mother:head:561:V,noise,176,0.00341796875,False
434:fact1_mother:head:561:V,noise,178,0.01465606689453125,False
434:fact1_mother:head:561:V,noise,186,0.00482177734375,False
434:fact1_mother:head:561:V,noise,192,-0.00335693359375,False
434:fact1_mother:head:561:V,noise,196,0.0078125,False
434:fact1_mother:head:568:K,noise,0,-0.0010986328125,False
434:fact1_mother:head:568:K,noise,16,-0.0019683837890625,False
434:fact1_mother:head:568:K,noise,32,0.0003662109375,False
434:fact1_mother:head:568:K,noise,48,0.00252532958984375,False
434:fact1_mother:head:568:K,noise,56,-0.00469970703125,False
434:fact1_mother:head:568:K,noise,64,-0.00189208984375,False
434:fact1_mother:head:568:K,noise,82,-0.00250244140625,False
434:fact1_mother:head:568:K,noise,96,0.0063629150390625,False
434:fact1_mother:head:568:K,noise,98,-0.002655029296875,False
434:fact1_mother:head:568:K,noise,102,0.00606536865234375,False
434:fact1_mother:head:568:K,noise,116,0.0010986328125,False
434:fact1_mother:head:568:K,noise,130,-0.0016326904296875,False
434:fact1_mother:head:568:K,noise,150,-0.000274658203125,False
434:fact1_mother:head:568:K,noise,154,0.00482177734375,False
434:fact1_mother:head:568:K,noise,162,-0.001708984375,False
434:fact1_mother:head:568:K,noise,176,-0.0010986328125,False
434:fact1_mother:head:568:K,noise,178,0.000850677490234375,False
434:fact1_mother:head:568:K,noise,186,-0.00396728515625,False
434:fact1_mother:head:568:K,noise,192,0.0037841796875,False
434:fact1_mother:head:568:K,noise,196,-0.00830078125,False
434:fact1_mother:head:568:V,noise,0,0.00030517578125,False
434:fact1_mother:head:568:V,noise,16,0.0035552978515625,False
434:fact1_mother:head:568:V,noise,32,0.0013427734375,False
434:fact1_mother:head:568:V,noise,48,0.00079345703125,False
434:fact1_mother:head:568:V,noise,56,-0.0021820068359375,False
434:fact1_mother:head:568:V,noise,64,0.0062255859375,False
434:fact1_mother:head:568:V,noise,82,-0.00146484375,False
434:fact1_mother:head:568:V,noise,96,0.00022125244140625,False
434:fact1_mother:head:568:V,noise,98,0.003082275390625,False
434:fact1_mother:head:568:V,noise,102,-0.001983642578125,False
434:fact1_mother:head:568:V,noise,116,-0.00042724609375,False
434:fact1_mother:head:568:V,noise,130,-0.0041961669921875,False
434:fact1_mother:head:568:V,noise,150,0.0035400390625,False
434:fact1_mother:head:568:V,noise,154,-0.00250244140625,False
434:fact1_mother:head:568:V,noise,162,0.00439453125,False
434:fact1_mother:head:568:V,noise,176,-0.000732421875,False
434:fact1_mother:head:568:V,noise,178,-0.000652313232421875,False
434:fact1_mother:head:568:V,noise,186,-0.000244140625,False
434:fact1_mother:head:568:V,noise,192,-0.0030517578125,False
434:fact1_mother:head:568:V,noise,196,0.017578125,False
434:fact1_mother:head:594:K,noise,0,0.04290771484375,False
434:fact1_mother:head:594:K,noise,16,0.0231781005859375,False
434:fact1_mother:head:594:K,noise,32,0.026092529296875,False
434:fact1_mother:head:594:K,noise,48,-0.0163116455078125,False
434:fact1_mother:head:594:K,noise,56,-0.011627197265625,False
434:fact1_mother:head:594:K,noise,64,0.0078125,False
434:fact1_mother:head:594:K,noise,82,0.00445556640625,False
434:fact1_mother:head:594:K,noise,96,0.03575897216796875,False
434:fact1_mother:head:594:K,noise,98,0.060943603515625,False
434:fact1_mother:head:594:K,noise,102,0.05306243896484375,False
434:fact1_mother:head:594:K,noise,116,0.01605224609375,False
434:fact1_mother:head:594:K,noise,130,-0.0136260986328125,False
434:fact1_mother:head:594:K,noise,150,0.005584716796875,False
434:fact1_mother:head:594:K,noise,154,0.02252197265625,False
434:fact1_mother:head:594:K,noise,162,-0.01171875,False
434:fact1_mother:head:594:K,noise,176,0.0574951171875,False
434:fact1_mother:head:594:K,noise,178,0.02884674072265625,False
434:fact1_mother:head:594:K,noise,186,0.0462646484375,False
434:fact1_mother:head:594:K,noise,192,0.0140380859375,False
434:fact1_mother:head:594:K,noise,196,0.0634765625,False
434:fact1_mother:head:594:V,noise,0,-0.005157470703125,False
434:fact1_mother:head:594:V,noise,16,-0.00726318359375,False
434:fact1_mother:head:594:V,noise,32,-0.0061798095703125,False
434:fact1_mother:head:594:V,noise,48,-0.0040283203125,False
434:fact1_mother:head:594:V,noise,56,-0.0048370361328125,False
434:fact1_mother:head:594:V,noise,64,-0.00189208984375,False
434:fact1_mother:head:594:V,noise,82,-0.000244140625,False
434:fact1_mother:head:594:V,noise,96,0.00362396240234375,False
434:fact1_mother:head:594:V,noise,98,-0.00665283203125,False
434:fact1_mother:head:594:V,noise,102,0.00060272216796875,False
434:fact1_mother:head:594:V,noise,116,-0.0087890625,False
434:fact1_mother:head:594:V,noise,130,0.00244140625,False
434:fact1_mother:head:594:V,noise,150,-0.002166748046875,False
434:fact1_mother:head:594:V,noise,154,-0.00506591796875,False
434:fact1_mother:head:594:V,noise,162,-0.00048828125,False
434:fact1_mother:head:594:V,noise,176,-0.011962890625,False
434:fact1_mother:head:594:V,noise,178,-0.017650604248046875,False
434:fact1_mother:head:594:V,noise,186,-0.00494384765625,False
434:fact1_mother:head:594:V,noise,192,-0.0003662109375,False
434:fact1_mother:head:594:V,noise,196,-0.0146484375,False
434:fact1_mother:head:595:K,noise,0,0.03851318359375,False
434:fact1_mother:head:595:K,noise,16,0.0005340576171875,False
434:fact1_mother:head:595:K,noise,32,0.004974365234375,False
434:fact1_mother:head:595:K,noise,48,0.00377655029296875,False
434:fact1_mother:head:595:K,noise,56,-0.010406494140625,False
434:fact1_mother:head:595:K,noise,64,0.001220703125,False
434:fact1_mother:head:595:K,noise,82,0.0198974609375,False
434:fact1_mother:head:595:K,noise,96,0.03513336181640625,False
434:fact1_mother:head:595:K,noise,98,0.01947021484375,False
434:fact1_mother:head:595:K,noise,102,0.00844573974609375,False
434:fact1_mother:head:595:K,noise,116,0.00018310546875,False
434:fact1_mother:head:595:K,noise,130,-0.0168304443359375,False
434:fact1_mother:head:595:K,noise,150,0.00634765625,False
434:fact1_mother:head:595:K,noise,154,0.02545166015625,False
434:fact1_mother:head:595:K,noise,162,-0.00390625,False
434:fact1_mother:head:595:K,noise,176,0.0032958984375,False
434:fact1_mother:head:595:K,noise,178,0.040958404541015625,False
434:fact1_mother:head:595:K,noise,186,0.02874755859375,False
434:fact1_mother:head:595:K,noise,192,-0.00384521484375,False
434:fact1_mother:head:595:K,noise,196,0.00732421875,False
434:fact1_mother:head:595:V,noise,0,0.01055908203125,False
434:fact1_mother:head:595:V,noise,16,0.0025787353515625,False
434:fact1_mother:head:595:V,noise,32,-0.0047149658203125,False
434:fact1_mother:head:595:V,noise,48,0.00322723388671875,False
434:fact1_mother:head:595:V,noise,56,0.006805419921875,False
434:fact1_mother:head:595:V,noise,64,0.0084228515625,False
434:fact1_mother:head:595:V,noise,82,0.0023193359375,False
434:fact1_mother:head:595:V,noise,96,0.01979827880859375,False
434:fact1_mother:head:595:V,noise,98,0.01361083984375,False
434:fact1_mother:head:595:V,noise,102,-0.00287628173828125,False
434:fact1_mother:head:595:V,noise,116,0.00347900390625,False
434:fact1_mother:head:595:V,noise,130,-0.000213623046875,False
434:fact1_mother:head:595:V,noise,150,0.00469970703125,False
434:fact1_mother:head:595:V,noise,154,0.00640869140625,False
434:fact1_mother:head:595:V,noise,162,0.00732421875,False
434:fact1_mother:head:595:V,noise,176,0.0020751953125,False
434:fact1_mother:head:595:V,noise,178,0.025310516357421875,False
434:fact1_mother:head:595:V,noise,186,0.010009765625,False
434:fact1_mother:head:595:V,noise,192,0.0020751953125,False
434:fact1_mother:head:595:V,noise,196,0.0107421875,False
434:fact1_mother:head:600:K,noise,0,-0.000579833984375,False
434:fact1_mother:head:600:K,noise,16,0.00531005859375,False
434:fact1_mother:head:600:K,noise,32,-0.009857177734375,False
434:fact1_mother:head:600:K,noise,48,-0.00946044921875,False
434:fact1_mother:head:600:K,noise,56,-0.0041961669921875,False
434:fact1_mother:head:600:K,noise,64,0.00408935546875,False
434:fact1_mother:head:600:K,noise,82,-0.00396728515625,False
434:fact1_mother:head:600:K,noise,96,0.0101470947265625,False
434:fact1_mother:head:600:K,noise,98,0.00732421875,False
434:fact1_mother:head:600:K,noise,102,0.01165771484375,False
434:fact1_mother:head:600:K,noise,116,0.02301025390625,False
434:fact1_mother:head:600:K,noise,130,-0.0042724609375,False
434:fact1_mother:head:600:K,noise,150,-0.001190185546875,False
434:fact1_mother:head:600:K,noise,154,0.02447509765625,False
434:fact1_mother:head:600:K,noise,162,-0.008056640625,False
434:fact1_mother:head:600:K,noise,176,0.0223388671875,False
434:fact1_mother:head:600:K,noise,178,0.0086517333984375,False
434:fact1_mother:head:600:K,noise,186,0.00823974609375,False
434:fact1_mother:head:600:K,noise,192,-0.0130615234375,False
434:fact1_mother:head:600:K,noise,196,0.03369140625,False
434:fact1_mother:head:600:V,noise,0,0.0037841796875,False
434:fact1_mother:head:600:V,noise,16,-0.004241943359375,False
434:fact1_mother:head:600:V,noise,32,0.004608154296875,False
434:fact1_mother:head:600:V,noise,48,0.00511932373046875,False
434:fact1_mother:head:600:V,noise,56,-0.0048828125,False
434:fact1_mother:head:600:V,noise,64,-0.00299072265625,False
434:fact1_mother:head:600:V,noise,82,0.00042724609375,False
434:fact1_mother:head:600:V,noise,96,-0.00179290771484375,False
434:fact1_mother:head:600:V,noise,98,-0.006103515625,False
434:fact1_mother:head:600:V,noise,102,0.00585174560546875,False
434:fact1_mother:head:600:V,noise,116,-6.103515625e-05,False
434:fact1_mother:head:600:V,noise,130,-0.004730224609375,False
434:fact1_mother:head:600:V,noise,150,0.00030517578125,False
434:fact1_mother:head:600:V,noise,154,0.00250244140625,False
434:fact1_mother:head:600:V,noise,162,-0.000244140625,False
434:fact1_mother:head:600:V,noise,176,-0.000244140625,False
434:fact1_mother:head:600:V,noise,178,-0.004680633544921875,False
434:fact1_mother:head:600:V,noise,186,-0.0052490234375,False
434:fact1_mother:head:600:V,noise,192,-0.0006103515625,False
434:fact1_mother:head:600:V,noise,196,-0.01416015625,False
434:fact1_mother:head:624:K,noise,0,-0.000946044921875,False
434:fact1_mother:head:624:K,noise,16,0.002105712890625,False
434:fact1_mother:head:624:K,noise,32,0.0242767333984375,False
434:fact1_mother:head:624:K,noise,48,0.009307861328125,False
434:fact1_mother:head:624:K,noise,56,0.0064544677734375,False
434:fact1_mother:head:624:K,noise,64,-0.00115966796875,False
434:fact1_mother:head:624:K,noise,82,0.0093994140625,False
434:fact1_mother:head:624:K,noise,96,-0.00897216796875,False
434:fact1_mother:head:624:K,noise,98,-0.008880615234375,False
434:fact1_mother:head:624:K,noise,102,-0.0048370361328125,False
434:fact1_mother:head:624:K,noise,116,-0.02130126953125,False
434:fact1_mother:head:624:K,noise,130,0.0133209228515625,False
434:fact1_mother:head:624:K,noise,150,0.0010986328125,False
434:fact1_mother:head:624:K,noise,154,-0.0018310546875,False
434:fact1_mother:head:624:K,noise,162,-0.00048828125,False
434:fact1_mother:head:624:K,noise,176,-0.0107421875,False
434:fact1_mother:head:624:K,noise,178,-0.0193939208984375,False
434:fact1_mother:head:624:K,noise,186,-0.00286865234375,False
434:fact1_mother:head:624:K,noise,192,0.00518798828125,False
434:fact1_mother:head:624:K,noise,196,-0.0068359375,False
434:fact1_mother:head:624:V,noise,0,-0.004058837890625,False
434:fact1_mother:head:624:V,noise,16,-0.0026702880859375,False
434:fact1_mother:head:624:V,noise,32,0.000518798828125,False
434:fact1_mother:head:624:V,noise,48,-0.006195068359375,False
434:fact1_mother:head:624:V,noise,56,-0.00689697265625,False
434:fact1_mother:head:624:V,noise,64,-0.00579833984375,False
434:fact1_mother:head:624:V,noise,82,0.00146484375,False
434:fact1_mother:head:624:V,noise,96,-0.01236724853515625,False
434:fact1_mother:head:624:V,noise,98,-0.009735107421875,False
434:fact1_mother:head:624:V,noise,102,0.00046539306640625,False
434:fact1_mother:head:624:V,noise,116,-0.0074462890625,False
434:fact1_mother:head:624:V,noise,130,-0.015228271484375,False
434:fact1_mother:head:624:V,noise,150,-0.00164794921875,False
434:fact1_mother:head:624:V,noise,154,-0.0015869140625,False
434:fact1_mother:head:624:V,noise,162,-0.0029296875,False
434:fact1_mother:head:624:V,noise,176,-0.0093994140625,False
434:fact1_mother:head:624:V,noise,178,-0.03882598876953125,False
434:fact1_mother:head:624:V,noise,186,-0.01910400390625,False
434:fact1_mother:head:624:V,noise,192,-0.0028076171875,False
434:fact1_mother:head:624:V,noise,196,-0.01171875,False
434:fact1_mother:head:630:K,noise,0,0.005035400390625,False
434:fact1_mother:head:630:K,noise,16,0.0027008056640625,False
434:fact1_mother:head:630:K,noise,32,-0.009307861328125,False
434:fact1_mother:head:630:K,noise,48,0.00360870361328125,False
434:fact1_mother:head:630:K,noise,56,0.00140380859375,False
434:fact1_mother:head:630:K,noise,64,0.00390625,False
434:fact1_mother:head:630:K,noise,82,-0.00042724609375,False
434:fact1_mother:head:630:K,noise,96,0.01544952392578125,False
434:fact1_mother:head:630:K,noise,98,0.002349853515625,False
434:fact1_mother:head:630:K,noise,102,0.013885498046875,False
434:fact1_mother:head:630:K,noise,116,0.0067138671875,False
434:fact1_mother:head:630:K,noise,130,0.0034942626953125,False
434:fact1_mother:head:630:K,noise,150,-0.000579833984375,False
434:fact1_mother:head:630:K,noise,154,0.00164794921875,False
434:fact1_mother:head:630:K,noise,162,0.00537109375,False
434:fact1_mother:head:630:K,noise,176,0.0032958984375,False
434:fact1_mother:head:630:K,noise,178,-0.015842437744140625,False
434:fact1_mother:head:630:K,noise,186,0.009033203125,False
434:fact1_mother:head:630:K,noise,192,-0.0023193359375,False
434:fact1_mother:head:630:K,noise,196,0.00439453125,False
434:fact1_mother:head:630:V,noise,0,0.002532958984375,False
434:fact1_mother:head:630:V,noise,16,-0.0018157958984375,False
434:fact1_mother:head:630:V,noise,32,-0.001617431640625,False
434:fact1_mother:head:630:V,noise,48,0.00444793701171875,False
434:fact1_mother:head:630:V,noise,56,-0.00115966796875,False
434:fact1_mother:head:630:V,noise,64,-0.000244140625,False
434:fact1_mother:head:630:V,noise,82,0.00408935546875,False
434:fact1_mother:head:630:V,noise,96,-0.00028228759765625,False
434:fact1_mother:head:630:V,noise,98,-0.003387451171875,False
434:fact1_mother:head:630:V,noise,102,0.00136566162109375,False
434:fact1_mother:head:630:V,noise,116,-0.0047607421875,False
434:fact1_mother:head:630:V,noise,130,-0.0003662109375,False
434:fact1_mother:head:630:V,noise,150,0.00079345703125,False
434:fact1_mother:head:630:V,noise,154,0.00238037109375,False
434:fact1_mother:head:630:V,noise,162,0.0009765625,False
434:fact1_mother:head:630:V,noise,176,-0.0009765625,False
434:fact1_mother:head:630:V,noise,178,-0.00051116943359375,False
434:fact1_mother:head:630:V,noise,186,0.0009765625,False
434:fact1_mother:head:630:V,noise,192,0.00048828125,False
434:fact1_mother:head:630:V,noise,196,-0.00390625,False
434:fact1_mother:head:641:K,noise,0,0.00189208984375,False
434:fact1_mother:head:641:K,noise,16,0.0026092529296875,False
434:fact1_mother:head:641:K,noise,32,-0.0012969970703125,False
434:fact1_mother:head:641:K,noise,48,0.006744384765625,False
434:fact1_mother:head:641:K,noise,56,-0.0009002685546875,False
434:fact1_mother:head:641:K,noise,64,0.00323486328125,False
434:fact1_mother:head:641:K,noise,82,0.00018310546875,False
434:fact1_mother:head:641:K,noise,96,-0.0152130126953125,False
434:fact1_mother:head:641:K,noise,98,-0.003631591796875,False
434:fact1_mother:head:641:K,noise,102,0.0016021728515625,False
434:fact1_mother:head:641:K,noise,116,0.00164794921875,False
434:fact1_mother:head:641:K,noise,130,-0.0020904541015625,False
434:fact1_mother:head:641:K,noise,150,-0.001434326171875,False
434:fact1_mother:head:641:K,noise,154,0.0050048828125,False
434:fact1_mother:head:641:K,noise,162,0.000244140625,False
434:fact1_mother:head:641:K,noise,176,0.003173828125,False
434:fact1_mother:head:641:K,noise,178,0.00725555419921875,False
434:fact1_mother:head:641:K,noise,186,0.00115966796875,False
434:fact1_mother:head:641:K,noise,192,-0.00469970703125,False
434:fact1_mother:head:641:K,noise,196,-0.0048828125,False
434:fact1_mother:head:641:V,noise,0,-0.000946044921875,False
434:fact1_mother:head:641:V,noise,16,-0.001617431640625,False
434:fact1_mother:head:641:V,noise,32,-0.0026092529296875,False
434:fact1_mother:head:641:V,noise,48,0.00061798095703125,False
434:fact1_mother:head:641:V,noise,56,-0.0067901611328125,False
434:fact1_mother:head:641:V,noise,64,-0.0059814453125,False
434:fact1_mother:head:641:V,noise,82,0.0009765625,False
434:fact1_mother:head:641:V,noise,96,-0.0101318359375,False
434:fact1_mother:head:641:V,noise,98,-0.003692626953125,False
434:fact1_mother:head:641:V,noise,102,0.00164031982421875,False
434:fact1_mother:head:641:V,noise,116,-0.006591796875,False
434:fact1_mother:head:641:V,noise,130,-0.004974365234375,False
434:fact1_mother:head:641:V,noise,150,-0.002655029296875,False
434:fact1_mother:head:641:V,noise,154,-0.00372314453125,False
434:fact1_mother:head:641:V,noise,162,-0.00390625,False
434:fact1_mother:head:641:V,noise,176,-0.003662109375,False
434:fact1_mother:head:641:V,noise,178,-0.014797210693359375,False
434:fact1_mother:head:641:V,noise,186,-0.005859375,False
434:fact1_mother:head:641:V,noise,192,-0.00390625,False
434:fact1_mother:head:641:V,noise,196,-0.00732421875,False
434:fact1_mother:head:678:K,noise,0,0.00372314453125,False
434:fact1_mother:head:678:K,noise,16,-0.0150299072265625,False
434:fact1_mother:head:678:K,noise,32,-0.0015869140625,False
434:fact1_mother:head:678:K,noise,48,-0.012115478515625,False
434:fact1_mother:head:678:K,noise,56,-0.00201416015625,False
434:fact1_mother:head:678:K,noise,64,0.00360107421875,False
434:fact1_mother:head:678:K,noise,82,-0.0146484375,False
434:fact1_mother:head:678:K,noise,96,0.00829315185546875,False
434:fact1_mother:head:678:K,noise,98,0.015350341796875,False
434:fact1_mother:head:678:K,noise,102,0.00875091552734375,False
434:fact1_mother:head:678:K,noise,116,0.01495361328125,False
434:fact1_mother:head:678:K,noise,130,-0.0042572021484375,False
434:fact1_mother:head:678:K,noise,150,-9.1552734375e-05,False
434:fact1_mother:head:678:K,noise,154,0.013427734375,False
434:fact1_mother:head:678:K,noise,162,-0.0029296875,False
434:fact1_mother:head:678:K,noise,176,0.01171875,False
434:fact1_mother:head:678:K,noise,178,0.00756072998046875,False
434:fact1_mother:head:678:K,noise,186,0.00177001953125,False
434:fact1_mother:head:678:K,noise,192,-0.00799560546875,False
434:fact1_mother:head:678:K,noise,196,0.0205078125,False
434:fact1_mother:head:678:V,noise,0,0.002593994140625,False
434:fact1_mother:head:678:V,noise,16,0.000701904296875,False
434:fact1_mother:head:678:V,noise,32,-0.004150390625,False
434:fact1_mother:head:678:V,noise,48,0.0019989013671875,False
434:fact1_mother:head:678:V,noise,56,-0.003082275390625,False
434:fact1_mother:head:678:V,noise,64,-0.000732421875,False
434:fact1_mother:head:678:V,noise,82,0.00213623046875,False
434:fact1_mother:head:678:V,noise,96,-0.00199127197265625,False
434:fact1_mother:head:678:V,noise,98,-0.00103759765625,False
434:fact1_mother:head:678:V,noise,102,0.00250244140625,False
434:fact1_mother:head:678:V,noise,116,-0.0009765625,False
434:fact1_mother:head:678:V,noise,130,0.0027008056640625,False
434:fact1_mother:head:678:V,noise,150,0.001678466796875,False
434:fact1_mother:head:678:V,noise,154,0.000732421875,False
434:fact1_mother:head:678:V,noise,162,-0.00146484375,False
434:fact1_mother:head:678:V,noise,176,-0.0009765625,False
434:fact1_mother:head:678:V,noise,178,-0.0025634765625,False
434:fact1_mother:head:678:V,noise,186,-0.00274658203125,False
434:fact1_mother:head:678:V,noise,192,-0.0018310546875,False
434:fact1_mother:head:678:V,noise,196,-0.0029296875,False
434:fact1_mother:head:690:K,noise,0,0.0101318359375,False
434:fact1_mother:head:690:K,noise,16,-0.018218994140625,False
434:fact1_mother:head:690:K,noise,32,-0.1070404052734375,False
434:fact1_mother:head:690:K,noise,48,-0.01080322265625,False
434:fact1_mother:head:690:K,noise,56,-0.0192413330078125,False
434:fact1_mother:head:690:K,noise,64,-0.01129150390625,False
434:fact1_mother:head:690:K,noise,82,-0.0330810546875,False
434:fact1_mother:head:690:K,noise,96,0.014129638671875,False
434:fact1_mother:head:690:K,noise,98,0.005767822265625,False
434:fact1_mother:head:690:K,noise,102,0.07048797607421875,False
434:fact1_mother:head:690:K,noise,116,0.06207275390625,False
434:fact1_mother:head:690:K,noise,130,0.0023040771484375,False
434:fact1_mother:head:690:K,noise,150,-0.00396728515625,False
434:fact1_mother:head:690:K,noise,154,0.021240234375,False
434:fact1_mother:head:690:K,noise,162,-0.001708984375,False
434:fact1_mother:head:690:K,noise,176,0.0274658203125,False
434:fact1_mother:head:690:K,noise,178,0.03108978271484375,False
434:fact1_mother:head:690:K,noise,186,0.0059814453125,False
434:fact1_mother:head:690:K,noise,192,-0.02142333984375,False
434:fact1_mother:head:690:K,noise,196,0.05712890625,False
434:fact1_mother:head:690:V,noise,0,0.00653076171875,False
434:fact1_mother:head:690:V,noise,16,0.000244140625,False
434:fact1_mother:head:690:V,noise,32,0.0047607421875,False
434:fact1_mother:head:690:V,noise,48,0.002960205078125,False
434:fact1_mother:head:690:V,noise,56,0.000213623046875,False
434:fact1_mother:head:690:V,noise,64,0.000244140625,False
434:fact1_mother:head:690:V,noise,82,0.00201416015625,False
434:fact1_mother:head:690:V,noise,96,-0.00445556640625,False
434:fact1_mother:head:690:V,noise,98,-0.002685546875,False
434:fact1_mother:head:690:V,noise,102,-0.00244140625,False
434:fact1_mother:head:690:V,noise,116,-0.00537109375,False
434:fact1_mother:head:690:V,noise,130,0.002288818359375,False
434:fact1_mother:head:690:V,noise,150,-0.0006103515625,False
434:fact1_mother:head:690:V,noise,154,0.0020751953125,False
434:fact1_mother:head:690:V,noise,162,0.002685546875,False
434:fact1_mother:head:690:V,noise,176,0.0010986328125,False
434:fact1_mother:head:690:V,noise,178,-0.002132415771484375,False
434:fact1_mother:head:690:V,noise,186,-0.0013427734375,False
434:fact1_mother:head:690:V,noise,192,0.0009765625,False
434:fact1_mother:head:690:V,noise,196,0.0,False
434:fact1_mother:head:695:K,noise,0,0.0028076171875,False
434:fact1_mother:head:695:K,noise,16,0.0013580322265625,False
434:fact1_mother:head:695:K,noise,32,0.0001373291015625,False
434:fact1_mother:head:695:K,noise,48,0.00504302978515625,False
434:fact1_mother:head:695:K,noise,56,-0.001434326171875,False
434:fact1_mother:head:695:K,noise,64,-0.00225830078125,False
434:fact1_mother:head:695:K,noise,82,0.002685546875,False
434:fact1_mother:head:695:K,noise,96,-0.00365447998046875,False
434:fact1_mother:head:695:K,noise,98,-0.000579833984375,False
434:fact1_mother:head:695:K,noise,102,0.0042724609375,False
434:fact1_mother:head:695:K,noise,116,-0.002685546875,False
434:fact1_mother:head:695:K,noise,130,-0.001251220703125,False
434:fact1_mother:head:695:K,noise,150,0.00323486328125,False
434:fact1_mother:head:695:K,noise,154,0.00244140625,False
434:fact1_mother:head:695:K,noise,162,0.001953125,False
434:fact1_mother:head:695:K,noise,176,-0.0020751953125,False
434:fact1_mother:head:695:K,noise,178,-0.0037384033203125,False
434:fact1_mother:head:695:K,noise,186,-0.00018310546875,False
434:fact1_mother:head:695:K,noise,192,-0.0001220703125,False
434:fact1_mother:head:695:K,noise,196,-0.00439453125,False
434:fact1_mother:head:695:V,noise,0,0.002044677734375,False
434:fact1_mother:head:695:V,noise,16,0.0029449462890625,False
434:fact1_mother:head:695:V,noise,32,-0.0020599365234375,False
434:fact1_mother:head:695:V,noise,48,0.0030364990234375,False
434:fact1_mother:head:695:V,noise,56,0.0022430419921875,False
434:fact1_mother:head:695:V,noise,64,0.0018310546875,False
434:fact1_mother:head:695:V,noise,82,-0.00079345703125,False
434:fact1_mother:head:695:V,noise,96,0.00222015380859375,False
434:fact1_mother:head:695:V,noise,98,-0.001922607421875,False
434:fact1_mother:head:695:V,noise,102,-0.002471923828125,False
434:fact1_mother:head:695:V,noise,116,-0.00274658203125,False
434:fact1_mother:head:695:V,noise,130,0.0036773681640625,False
434:fact1_mother:head:695:V,noise,150,0.0028076171875,False
434:fact1_mother:head:695:V,noise,154,0.00244140625,False
434:fact1_mother:head:695:V,noise,162,0.002685546875,False
434:fact1_mother:head:695:V,noise,176,-0.0013427734375,False
434:fact1_mother:head:695:V,noise,178,0.000217437744140625,False
434:fact1_mother:head:695:V,noise,186,0.0006103515625,False
434:fact1_mother:head:695:V,noise,192,-0.00152587890625,False
434:fact1_mother:head:695:V,noise,196,0.00439453125,False
434:fact1_mother:head:709:K,noise,0,0.01348876953125,False
434:fact1_mother:head:709:K,noise,16,0.02496337890625,False
434:fact1_mother:head:709:K,noise,32,-0.00811767578125,False
434:fact1_mother:head:709:K,noise,48,-0.01033782958984375,False
434:fact1_mother:head:709:K,noise,56,0.0007171630859375,False
434:fact1_mother:head:709:K,noise,64,0.0123291015625,False
434:fact1_mother:head:709:K,noise,82,-0.001708984375,False
434:fact1_mother:head:709:K,noise,96,0.04500579833984375,False
434:fact1_mother:head:709:K,noise,98,0.027679443359375,False
434:fact1_mother:head:709:K,noise,102,0.0438079833984375,False
434:fact1_mother:head:709:K,noise,116,0.02227783203125,False
434:fact1_mother:head:709:K,noise,130,-0.00726318359375,False
434:fact1_mother:head:709:K,noise,150,0.005645751953125,False
434:fact1_mother:head:709:K,noise,154,0.04754638671875,False
434:fact1_mother:head:709:K,noise,162,-0.01025390625,False
434:fact1_mother:head:709:K,noise,176,0.01416015625,False
434:fact1_mother:head:709:K,noise,178,0.05822563171386719,False
434:fact1_mother:head:709:K,noise,186,0.03125,False
434:fact1_mother:head:709:K,noise,192,-0.0185546875,False
434:fact1_mother:head:709:K,noise,196,0.056640625,False
434:fact1_mother:head:709:V,noise,0,-0.00146484375,False
434:fact1_mother:head:709:V,noise,16,0.00494384765625,False
434:fact1_mother:head:709:V,noise,32,0.0003662109375,False
434:fact1_mother:head:709:V,noise,48,-0.00543975830078125,False
434:fact1_mother:head:709:V,noise,56,0.0006256103515625,False
434:fact1_mother:head:709:V,noise,64,0.000244140625,False
434:fact1_mother:head:709:V,noise,82,-0.00042724609375,False
434:fact1_mother:head:709:V,noise,96,0.00336456298828125,False
434:fact1_mother:head:709:V,noise,98,0.000640869140625,False
434:fact1_mother:head:709:V,noise,102,0.001312255859375,False
434:fact1_mother:head:709:V,noise,116,-0.00201416015625,False
434:fact1_mother:head:709:V,noise,130,-0.0017547607421875,False
434:fact1_mother:head:709:V,noise,150,0.00555419921875,False
434:fact1_mother:head:709:V,noise,154,-0.001708984375,False
434:fact1_mother:head:709:V,noise,162,0.00439453125,False
434:fact1_mother:head:709:V,noise,176,0.0001220703125,False
434:fact1_mother:head:709:V,noise,178,-0.0019016265869140625,False
434:fact1_mother:head:709:V,noise,186,0.0035400390625,False
434:fact1_mother:head:709:V,noise,192,-0.000244140625,False
434:fact1_mother:head:709:V,noise,196,0.0029296875,False
434:fact1_mother:head:751:K,noise,0,0.00048828125,False
434:fact1_mother:head:751:K,noise,16,0.003509521484375,False
434:fact1_mother:head:751:K,noise,32,0.011749267578125,False
434:fact1_mother:head:751:K,noise,48,0.00324249267578125,False
434:fact1_mother:head:751:K,noise,56,0.0038909912109375,False
434:fact1_mother:head:751:K,noise,64,0.00128173828125,False
434:fact1_mother:head:751:K,noise,82,0.00634765625,False
434:fact1_mother:head:751:K,noise,96,-0.01275634765625,False
434:fact1_mother:head:751:K,noise,98,-0.00860595703125,False
434:fact1_mother:head:751:K,noise,102,-9.1552734375e-05,False
434:fact1_mother:head:751:K,noise,116,-0.0142822265625,False
434:fact1_mother:head:751:K,noise,130,0.0038909912109375,False
434:fact1_mother:head:751:K,noise,150,6.103515625e-05,False
434:fact1_mother:head:751:K,noise,154,-0.00482177734375,False
434:fact1_mother:head:751:K,noise,162,0.001220703125,False
434:fact1_mother:head:751:K,noise,176,0.0013427734375,False
434:fact1_mother:head:751:K,noise,178,0.00434112548828125,False
434:fact1_mother:head:751:K,noise,186,-0.00537109375,False
434:fact1_mother:head:751:K,noise,192,-0.00018310546875,False
434:fact1_mother:head:751:K,noise,196,0.00146484375,False
434:fact1_mother:head:751:V,noise,0,-0.001007080078125,False
434:fact1_mother:head:751:V,noise,16,-0.0059051513671875,False
434:fact1_mother:head:751:V,noise,32,-0.009368896484375,False
434:fact1_mother:head:751:V,noise,48,-0.003448486328125,False
434:fact1_mother:head:751:V,noise,56,-0.0125274658203125,False
434:fact1_mother:head:751:V,noise,64,-0.010009765625,False
434:fact1_mother:head:751:V,noise,82,0.00201416015625,False
434:fact1_mother:head:751:V,noise,96,-0.014190673828125,False
434:fact1_mother:head:751:V,noise,98,-0.009490966796875,False
434:fact1_mother:head:751:V,noise,102,0.01004791259765625,False
434:fact1_mother:head:751:V,noise,116,-0.00567626953125,False
434:fact1_mother:head:751:V,noise,130,-0.001129150390625,False
434:fact1_mother:head:751:V,noise,150,-0.008819580078125,False
434:fact1_mother:head:751:V,noise,154,-0.00787353515625,False
434:fact1_mother:head:751:V,noise,162,-0.00634765625,False
434:fact1_mother:head:751:V,noise,176,-0.00146484375,False
434:fact1_mother:head:751:V,noise,178,-0.00841522216796875,False
434:fact1_mother:head:751:V,noise,186,-0.007568359375,False
434:fact1_mother:head:751:V,noise,192,-0.0054931640625,False
434:fact1_mother:head:751:V,noise,196,-0.01611328125,False
434:fact1_mother:head:787:K,noise,0,0.00042724609375,False
434:fact1_mother:head:787:K,noise,16,-0.0106964111328125,False
434:fact1_mother:head:787:K,noise,32,-0.0143585205078125,False
434:fact1_mother:head:787:K,noise,48,-0.004669189453125,False
434:fact1_mother:head:787:K,noise,56,-0.010040283203125,False
434:fact1_mother:head:787:K,noise,64,-0.00604248046875,False
434:fact1_mother:head:787:K,noise,82,-0.00244140625,False
434:fact1_mother:head:787:K,noise,96,0.05716705322265625,False
434:fact1_mother:head:787:K,noise,98,0.016845703125,False
434:fact1_mother:head:787:K,noise,102,0.02050018310546875,False
434:fact1_mother:head:787:K,noise,116,0.02081298828125,False
434:fact1_mother:head:787:K,noise,130,-0.0043182373046875,False
434:fact1_mother:head:787:K,noise,150,-0.000396728515625,False
434:fact1_mother:head:787:K,noise,154,-0.001708984375,False
434:fact1_mother:head:787:K,noise,162,0.0009765625,False
434:fact1_mother:head:787:K,noise,176,0.008544921875,False
434:fact1_mother:head:787:K,noise,178,0.00330352783203125,False
434:fact1_mother:head:787:K,noise,186,0.00567626953125,False
434:fact1_mother:head:787:K,noise,192,-0.006591796875,False
434:fact1_mother:head:787:K,noise,196,0.02392578125,False
434:fact1_mother:head:787:V,noise,0,0.000946044921875,False
434:fact1_mother:head:787:V,noise,16,0.0001373291015625,False
434:fact1_mother:head:787:V,noise,32,-0.000640869140625,False
434:fact1_mother:head:787:V,noise,48,-0.00031280517578125,False
434:fact1_mother:head:787:V,noise,56,0.0003204345703125,False
434:fact1_mother:head:787:V,noise,64,-0.00128173828125,False
434:fact1_mother:head:787:V,noise,82,6.103515625e-05,False
434:fact1_mother:head:787:V,noise,96,-0.0030517578125,False
434:fact1_mother:head:787:V,noise,98,-0.00091552734375,False
434:fact1_mother:head:787:V,noise,102,0.00093841552734375,False
434:fact1_mother:head:787:V,noise,116,-0.00213623046875,False
434:fact1_mother:head:787:V,noise,130,0.0019378662109375,False
434:fact1_mother:head:787:V,noise,150,0.00128173828125,False
434:fact1_mother:head:787:V,noise,154,0.001708984375,False
434:fact1_mother:head:787:V,noise,162,0.0009765625,False
434:fact1_mother:head:787:V,noise,176,0.0010986328125,False
434:fact1_mother:head:787:V,noise,178,-0.003353118896484375,False
434:fact1_mother:head:787:V,noise,186,0.0015869140625,False
434:fact1_mother:head:787:V,noise,192,-0.00140380859375,False
434:fact1_mother:head:787:V,noise,196,0.00048828125,False
434:fact1_mother:head:817:K,noise,0,0.002197265625,False
434:fact1_mother:head:817:K,noise,16,0.000885009765625,False
434:fact1_mother:head:817:K,noise,32,0.00189208984375,False
434:fact1_mother:head:817:K,noise,48,-0.000518798828125,False
434:fact1_mother:head:817:K,noise,56,-0.00347900390625,False
434:fact1_mother:head:817:K,noise,64,-0.00140380859375,False
434:fact1_mother:head:817:K,noise,82,0.00164794921875,False
434:fact1_mother:head:817:K,noise,96,0.00131988525390625,False
434:fact1_mother:head:817:K,noise,98,-0.0006103515625,False
434:fact1_mother:head:817:K,noise,102,-7.62939453125e-06,False
434:fact1_mother:head:817:K,noise,116,-0.0025634765625,False
434:fact1_mother:head:817:K,noise,130,-0.00030517578125,False
434:fact1_mother:head:817:K,noise,150,0.002410888671875,False
434:fact1_mother:head:817:K,noise,154,0.00115966796875,False
434:fact1_mother:head:817:K,noise,162,-0.00146484375,False
434:fact1_mother:head:817:K,noise,176,0.004150390625,False
434:fact1_mother:head:817:K,noise,178,-0.000980377197265625,False
434:fact1_mother:head:817:K,noise,186,-0.00030517578125,False
434:fact1_mother:head:817:K,noise,192,-0.00018310546875,False
434:fact1_mother:head:817:K,noise,196,-0.00244140625,False
434:fact1_mother:head:817:V,noise,0,0.00146484375,False
434:fact1_mother:head:817:V,noise,16,0.0030517578125,False
434:fact1_mother:head:817:V,noise,32,0.001068115234375,False
434:fact1_mother:head:817:V,noise,48,0.0007781982421875,False
434:fact1_mother:head:817:V,noise,56,-0.00115966796875,False
434:fact1_mother:head:817:V,noise,64,0.00140380859375,False
434:fact1_mother:head:817:V,noise,82,-0.0009765625,False
434:fact1_mother:head:817:V,noise,96,-0.00079345703125,False
434:fact1_mother:head:817:V,noise,98,6.103515625e-05,False
434:fact1_mother:head:817:V,noise,102,7.62939453125e-05,False
434:fact1_mother:head:817:V,noise,116,-0.0003662109375,False
434:fact1_mother:head:817:V,noise,130,0.001556396484375,False
434:fact1_mother:head:817:V,noise,150,0.00079345703125,False
434:fact1_mother:head:817:V,noise,154,0.00103759765625,False
434:fact1_mother:head:817:V,noise,162,0.0,False
434:fact1_mother:head:817:V,noise,176,0.0006103515625,False
434:fact1_mother:head:817:V,noise,178,-0.00235748291015625,False
434:fact1_mother:head:817:V,noise,186,-0.000244140625,False
434:fact1_mother:head:817:V,noise,192,0.00030517578125,False
434:fact1_mother:head:817:V,noise,196,0.00048828125,False
434:fact1_mother:head:855:K,noise,0,0.000885009765625,False
434:fact1_mother:head:855:K,noise,16,0.001861572265625,False
434:fact1_mother:head:855:K,noise,32,0.003448486328125,False
434:fact1_mother:head:855:K,noise,48,0.00029754638671875,False
434:fact1_mother:head:855:K,noise,56,0.00079345703125,False
434:fact1_mother:head:855:K,noise,64,-0.0006103515625,False
434:fact1_mother:head:855:K,noise,82,0.00201416015625,False
434:fact1_mother:head:855:K,noise,96,-0.00220489501953125,False
434:fact1_mother:head:855:K,noise,98,-0.000640869140625,False
434:fact1_mother:head:855:K,noise,102,-0.0002899169921875,False
434:fact1_mother:head:855:K,noise,116,-0.001708984375,False
434:fact1_mother:head:855:K,noise,130,-0.0009918212890625,False
434:fact1_mother:head:855:K,noise,150,0.001495361328125,False
434:fact1_mother:head:855:K,noise,154,-0.0003662109375,False
434:fact1_mother:head:855:K,noise,162,-0.000244140625,False
434:fact1_mother:head:855:K,noise,176,-0.0010986328125,False
434:fact1_mother:head:855:K,noise,178,0.00074005126953125,False
434:fact1_mother:head:855:K,noise,186,0.00067138671875,False
434:fact1_mother:head:855:K,noise,192,-0.00146484375,False
434:fact1_mother:head:855:K,noise,196,0.00390625,False
434:fact1_mother:head:855:V,noise,0,0.0010986328125,False
434:fact1_mother:head:855:V,noise,16,-0.001220703125,False
434:fact1_mother:head:855:V,noise,32,-0.0008544921875,False
434:fact1_mother:head:855:V,noise,48,-0.0017852783203125,False
434:fact1_mother:head:855:V,noise,56,-0.0066986083984375,False
434:fact1_mother:head:855:V,noise,64,-0.00286865234375,False
434:fact1_mother:head:855:V,noise,82,0.00225830078125,False
434:fact1_mother:head:855:V,noise,96,-0.00093841552734375,False
434:fact1_mother:head:855:V,noise,98,-0.002166748046875,False
434:fact1_mother:head:855:V,noise,102,-0.000640869140625,False
434:fact1_mother:head:855:V,noise,116,-0.00152587890625,False
434:fact1_mother:head:855:V,noise,130,-0.001068115234375,False
434:fact1_mother:head:855:V,noise,150,0.002288818359375,False
434:fact1_mother:head:855:V,noise,154,-0.0003662109375,False
434:fact1_mother:head:855:V,noise,162,-0.00048828125,False
434:fact1_mother:head:855:V,noise,176,0.0008544921875,False
434:fact1_mother:head:855:V,noise,178,-0.00055694580078125,False
434:fact1_mother:head:855:V,noise,186,-0.00054931640625,False
434:fact1_mother:head:855:V,noise,192,-0.00421142578125,False
434:fact1_mother:head:855:V,noise,196,-0.00146484375,False
434:fact1_mother:head:870:K,noise,0,0.0025634765625,False
434:fact1_mother:head:870:K,noise,16,0.001861572265625,False
434:fact1_mother:head:870:K,noise,32,0.0001678466796875,False
434:fact1_mother:head:870:K,noise,48,-0.03334808349609375,False
434:fact1_mother:head:870:K,noise,56,-0.0319366455078125,False
434:fact1_mother:head:870:K,noise,64,-0.0228271484375,False
434:fact1_mother:head:870:K,noise,82,-0.0242919921875,False
434:fact1_mother:head:870:K,noise,96,0.008205413818359375,False
434:fact1_mother:head:870:K,noise,98,0.028564453125,False
434:fact1_mother:head:870:K,noise,102,0.03589630126953125,False
434:fact1_mother:head:870:K,noise,116,0.0587158203125,False
434:fact1_mother:head:870:K,noise,130,-0.0195159912109375,False
434:fact1_mother:head:870:K,noise,150,0.0064697265625,False
434:fact1_mother:head:870:K,noise,154,0.02032470703125,False
434:fact1_mother:head:870:K,noise,162,-0.009521484375,False
434:fact1_mother:head:870:K,noise,176,0.01123046875,False
434:fact1_mother:head:870:K,noise,178,0.009386062622070312,False
434:fact1_mother:head:870:K,noise,186,0.01177978515625,False
434:fact1_mother:head:870:K,noise,192,-0.02423095703125,False
434:fact1_mother:head:870:K,noise,196,0.01953125,False
434:fact1_mother:head:870:V,noise,0,0.000335693359375,False
434:fact1_mother:head:870:V,noise,16,0.0028533935546875,False
434:fact1_mother:head:870:V,noise,32,-0.0008392333984375,False
434:fact1_mother:head:870:V,noise,48,0.00202178955078125,False
434:fact1_mother:head:870:V,noise,56,-0.0041046142578125,False
434:fact1_mother:head:870:V,noise,64,0.0008544921875,False
434:fact1_mother:head:870:V,noise,82,0.00067138671875,False
434:fact1_mother:head:870:V,noise,96,0.00302886962890625,False
434:fact1_mother:head:870:V,noise,98,-0.000579833984375,False
434:fact1_mother:head:870:V,noise,102,0.00042724609375,False
434:fact1_mother:head:870:V,noise,116,-0.001953125,False
434:fact1_mother:head:870:V,noise,130,-0.0037078857421875,False
434:fact1_mother:head:870:V,noise,150,-0.00128173828125,False
434:fact1_mother:head:870:V,noise,154,0.0023193359375,False
434:fact1_mother:head:870:V,noise,162,-0.000244140625,False
434:fact1_mother:head:870:V,noise,176,0.0040283203125,False
434:fact1_mother:head:870:V,noise,178,-0.005340576171875,False
434:fact1_mother:head:870:V,noise,186,0.00091552734375,False
434:fact1_mother:head:870:V,noise,192,-0.006591796875,False
434:fact1_mother:head:870:V,noise,196,-0.00244140625,False
434:fact1_mother:head:973:K,noise,0,0.000396728515625,False
434:fact1_mother:head:973:K,noise,16,0.00128173828125,False
434:fact1_mother:head:973:K,noise,32,-0.0038604736328125,False
434:fact1_mother:head:973:K,noise,48,0.001678466796875,False
434:fact1_mother:head:973:K,noise,56,-0.0002593994140625,False
434:fact1_mother:head:973:K,noise,64,0.0003662109375,False
434:fact1_mother:head:973:K,noise,82,0.001953125,False
434:fact1_mother:head:973:K,noise,96,0.0008392333984375,False
434:fact1_mother:head:973:K,noise,98,-0.00042724609375,False
434:fact1_mother:head:973:K,noise,102,1.52587890625e-05,False
434:fact1_mother:head:973:K,noise,116,-0.00103759765625,False
434:fact1_mother:head:973:K,noise,130,-0.0019378662109375,False
434:fact1_mother:head:973:K,noise,150,0.001434326171875,False
434:fact1_mother:head:973:K,noise,154,0.000732421875,False
434:fact1_mother:head:973:K,noise,162,0.0,False
434:fact1_mother:head:973:K,noise,176,-0.0003662109375,False
434:fact1_mother:head:973:K,noise,178,0.000392913818359375,False
434:fact1_mother:head:973:K,noise,186,0.00048828125,False
434:fact1_mother:head:973:K,noise,192,-0.0008544921875,False
434:fact1_mother:head:973:K,noise,196,-0.0009765625,False
434:fact1_mother:head:973:V,noise,0,0.0018310546875,False
434:fact1_mother:head:973:V,noise,16,0.001312255859375,False
434:fact1_mother:head:973:V,noise,32,0.0005950927734375,False
434:fact1_mother:head:973:V,noise,48,0.001556396484375,False
434:fact1_mother:head:973:V,noise,56,0.0004119873046875,False
434:fact1_mother:head:973:V,noise,64,0.00048828125,False
434:fact1_mother:head:973:V,noise,82,-0.000732421875,False
434:fact1_mother:head:973:V,noise,96,0.00109100341796875,False
434:fact1_mother:head:973:V,noise,98,-0.001617431640625,False
434:fact1_mother:head:973:V,noise,102,0.000640869140625,False
434:fact1_mother:head:973:V,noise,116,-0.000244140625,False
434:fact1_mother:head:973:V,noise,130,-0.000152587890625,False
434:fact1_mother:head:973:V,noise,150,-0.00018310546875,False
434:fact1_mother:head:973:V,noise,154,0.00042724609375,False
434:fact1_mother:head:973:V,noise,162,-0.000244140625,False
434:fact1_mother:head:973:V,noise,176,-0.00146484375,False
434:fact1_mother:head:973:V,noise,178,1.52587890625e-05,False
434:fact1_mother:head:973:V,noise,186,0.0003662109375,False
434:fact1_mother:head:973:V,noise,192,-0.000732421875,False
434:fact1_mother:head:973:V,noise,196,0.0,False
434:fact1_mother:head:978:K,noise,0,0.002227783203125,False
434:fact1_mother:head:978:K,noise,16,-0.03802490234375,False
434:fact1_mother:head:978:K,noise,32,-0.012451171875,False
434:fact1_mother:head:978:K,noise,48,-0.00403594970703125,False
434:fact1_mother:head:978:K,noise,56,-0.0231170654296875,False
434:fact1_mother:head:978:K,noise,64,-0.0074462890625,False
434:fact1_mother:head:978:K,noise,82,-0.00927734375,False
434:fact1_mother:head:978:K,noise,96,0.00337982177734375,False
434:fact1_mother:head:978:K,noise,98,-0.0003662109375,False
434:fact1_mother:head:978:K,noise,102,0.04520416259765625,False
434:fact1_mother:head:978:K,noise,116,0.02166748046875,False
434:fact1_mother:head:978:K,noise,130,-0.0210113525390625,False
434:fact1_mother:head:978:K,noise,150,-0.001739501953125,False
434:fact1_mother:head:978:K,noise,154,0.00390625,False
434:fact1_mother:head:978:K,noise,162,-0.04345703125,False
434:fact1_mother:head:978:K,noise,176,0.017333984375,False
434:fact1_mother:head:978:K,noise,178,0.014965057373046875,False
434:fact1_mother:head:978:K,noise,186,0.00518798828125,False
434:fact1_mother:head:978:K,noise,192,-0.01153564453125,False
434:fact1_mother:head:978:K,noise,196,0.02392578125,False
434:fact1_mother:head:978:V,noise,0,0.000946044921875,False
434:fact1_mother:head:978:V,noise,16,0.0,False
434:fact1_mother:head:978:V,noise,32,-0.000579833984375,False
434:fact1_mother:head:978:V,noise,48,0.00034332275390625,False
434:fact1_mother:head:978:V,noise,56,-0.0034332275390625,False
434:fact1_mother:head:978:V,noise,64,0.00018310546875,False
434:fact1_mother:head:978:V,noise,82,-6.103515625e-05,False
434:fact1_mother:head:978:V,noise,96,0.000732421875,False
434:fact1_mother:head:978:V,noise,98,0.00054931640625,False
434:fact1_mother:head:978:V,noise,102,0.00025177001953125,False
434:fact1_mother:head:978:V,noise,116,-0.001220703125,False
434:fact1_mother:head:978:V,noise,130,-0.003021240234375,False
434:fact1_mother:head:978:V,noise,150,0.0020751953125,False
434:fact1_mother:head:978:V,noise,154,0.00115966796875,False
434:fact1_mother:head:978:V,noise,162,-0.001220703125,False
434:fact1_mother:head:978:V,noise,176,-0.000732421875,False
434:fact1_mother:head:978:V,noise,178,2.288818359375e-05,False
434:fact1_mother:head:978:V,noise,186,0.0003662109375,False
434:fact1_mother:head:978:V,noise,192,-0.00054931640625,False
434:fact1_mother:head:978:V,noise,196,0.00048828125,False
434:fact1_mother:mlp:13:,noise,0,-0.01123046875,False
434:fact1_mother:mlp:13:,noise,16,-0.00482177734375,False
434:fact1_mother:mlp:13:,noise,32,-0.00238037109375,False
434:fact1_mother:mlp:13:,noise,48,0.0154876708984375,False
434:fact1_mother:mlp:13:,noise,56,-0.0068359375,False
434:fact1_mother:mlp:13:,noise,64,-0.0050048828125,False
434:fact1_mother:mlp:13:,noise,82,0.02679443359375,False
434:fact1_mother:mlp:13:,noise,96,-0.01123046875,False
434:fact1_mother:mlp:13:,noise,98,-0.019256591796875,False
434:fact1_mother:mlp:13:,noise,102,0.02191162109375,False
434:fact1_mother:mlp:13:,noise,116,-0.010498046875,False
434:fact1_mother:mlp:13:,noise,130,-0.0179901123046875,False
434:fact1_mother:mlp:13:,noise,150,-0.003997802734375,False
434:fact1_mother:mlp:13:,noise,154,0.001953125,False
434:fact1_mother:mlp:13:,noise,162,0.017333984375,False
434:fact1_mother:mlp:13:,noise,176,-0.0140380859375,False
434:fact1_mother:mlp:13:,noise,178,-0.018192291259765625,False
434:fact1_mother:mlp:13:,noise,186,-0.02618408203125,False
434:fact1_mother:mlp:13:,noise,192,0.01263427734375,False
434:fact1_mother:mlp:13:,noise,196,-0.03125,False
434:fact1_mother:mlp:14:,noise,0,-0.021331787109375,False
434:fact1_mother:mlp:14:,noise,16,-0.0187530517578125,False
434:fact1_mother:mlp:14:,noise,32,-0.0501251220703125,False
434:fact1_mother:mlp:14:,noise,48,0.004180908203125,False
434:fact1_mother:mlp:14:,noise,56,0.013946533203125,False
434:fact1_mother:mlp:14:,noise,64,0.02557373046875,False
434:fact1_mother:mlp:14:,noise,82,0.0067138671875,False
434:fact1_mother:mlp:14:,noise,96,-0.05107879638671875,False
434:fact1_mother:mlp:14:,noise,98,0.05914306640625,False
434:fact1_mother:mlp:14:,noise,102,-0.01433563232421875,False
434:fact1_mother:mlp:14:,noise,116,0.00042724609375,False
434:fact1_mother:mlp:14:,noise,130,-0.0098876953125,False
434:fact1_mother:mlp:14:,noise,150,0.007171630859375,False
434:fact1_mother:mlp:14:,noise,154,0.00433349609375,False
434:fact1_mother:mlp:14:,noise,162,0.016845703125,False
434:fact1_mother:mlp:14:,noise,176,-0.04248046875,False
434:fact1_mother:mlp:14:,noise,178,-0.013416290283203125,False
434:fact1_mother:mlp:14:,noise,186,-0.02569580078125,False
434:fact1_mother:mlp:14:,noise,192,0.00872802734375,False
434:fact1_mother:mlp:14:,noise,196,0.01708984375,False
434:fact3_mother:head:513:K,noise,0,0.001556396484375,False
434:fact3_mother:head:513:K,noise,16,0.003875732421875,False
434:fact3_mother:head:513:K,noise,32,-0.00091552734375,False
434:fact3_mother:head:513:K,noise,48,-0.0004425048828125,False
434:fact3_mother:head:513:K,noise,56,0.000762939453125,False
434:fact3_mother:head:513:K,noise,64,0.0084228515625,False
434:fact3_mother:head:513:K,noise,82,-0.0079345703125,False
434:fact3_mother:head:513:K,noise,96,0.0018768310546875,False
434:fact3_mother:head:513:K,noise,98,0.001434326171875,False
434:fact3_mother:head:513:K,noise,102,0.00281524658203125,False
434:fact3_mother:head:513:K,noise,116,-0.004638671875,False
434:fact3_mother:head:513:K,noise,130,-0.004852294921875,False
434:fact3_mother:head:513:K,noise,150,-0.000885009765625,False
434:fact3_mother:head:513:K,noise,154,0.00592041015625,False
434:fact3_mother:head:513:K,noise,162,0.00390625,False
434:fact3_mother:head:513:K,noise,176,-0.0023193359375,False
434:fact3_mother:head:513:K,noise,178,-0.0002899169921875,False
434:fact3_mother:head:513:K,noise,186,-0.001708984375,False
434:fact3_mother:head:513:K,noise,192,-0.0037841796875,False
434:fact3_mother:head:513:K,noise,196,0.00439453125,False
434:fact3_mother:head:513:V,noise,0,0.00286865234375,False
434:fact3_mother:head:513:V,noise,16,-0.00115966796875,False
434:fact3_mother:head:513:V,noise,32,-0.0021820068359375,False
434:fact3_mother:head:513:V,noise,48,0.0035247802734375,False
434:fact3_mother:head:513:V,noise,56,-0.00018310546875,False
434:fact3_mother:head:513:V,noise,64,0.002685546875,False
434:fact3_mother:head:513:V,noise,82,0.0013427734375,False
434:fact3_mother:head:513:V,noise,96,0.0046234130859375,False
434:fact3_mother:head:513:V,noise,98,-0.002410888671875,False
434:fact3_mother:head:513:V,noise,102,0.003326416015625,False
434:fact3_mother:head:513:V,noise,116,-0.00048828125,False
434:fact3_mother:head:513:V,noise,130,0.0052490234375,False
434:fact3_mother:head:513:V,noise,150,0.0035400390625,False
434:fact3_mother:head:513:V,noise,154,0.001708984375,False
434:fact3_mother:head:513:V,noise,162,0.00146484375,False
434:fact3_mother:head:513:V,noise,176,0.0020751953125,False
434:fact3_mother:head:513:V,noise,178,-0.001873016357421875,False
434:fact3_mother:head:513:V,noise,186,0.00274658203125,False
434:fact3_mother:head:513:V,noise,192,-0.001220703125,False
434:fact3_mother:head:513:V,noise,196,-0.0029296875,False
434:fact3_mother:head:533:K,noise,0,-0.000335693359375,False
434:fact3_mother:head:533:K,noise,16,-0.0025787353515625,False
434:fact3_mother:head:533:K,noise,32,0.004638671875,False
434:fact3_mother:head:533:K,noise,48,0.00099945068359375,False
434:fact3_mother:head:533:K,noise,56,-0.0045623779296875,False
434:fact3_mother:head:533:K,noise,64,-6.103515625e-05,False
434:fact3_mother:head:533:K,noise,82,0.00079345703125,False
434:fact3_mother:head:533:K,noise,96,0.00176239013671875,False
434:fact3_mother:head:533:K,noise,98,0.00030517578125,False
434:fact3_mother:head:533:K,noise,102,-0.00017547607421875,False
434:fact3_mother:head:533:K,noise,116,-0.00616455078125,False
434:fact3_mother:head:533:K,noise,130,-0.0027008056640625,False
434:fact3_mother:head:533:K,noise,150,0.00286865234375,False
434:fact3_mother:head:533:K,noise,154,-0.00115966796875,False
434:fact3_mother:head:533:K,noise,162,0.0009765625,False
434:fact3_mother:head:533:K,noise,176,-0.0020751953125,False
434:fact3_mother:head:533:K,noise,178,-0.001827239990234375,False
434:fact3_mother:head:533:K,noise,186,-0.00128173828125,False
434:fact3_mother:head:533:K,noise,192,-0.0030517578125,False
434:fact3_mother:head:533:K,noise,196,-0.0029296875,False
434:fact3_mother:head:533:V,noise,0,0.00030517578125,False
434:fact3_mother:head:533:V,noise,16,-0.002899169921875,False
434:fact3_mother:head:533:V,noise,32,-0.0011138916015625,False
434:fact3_mother:head:533:V,noise,48,-0.0011444091796875,False
434:fact3_mother:head:533:V,noise,56,-0.00115966796875,False
434:fact3_mother:head:533:V,noise,64,-0.0029296875,False
434:fact3_mother:head:533:V,noise,82,0.0042724609375,False
434:fact3_mother:head:533:V,noise,96,0.000457763671875,False
434:fact3_mother:head:533:V,noise,98,-0.003173828125,False
434:fact3_mother:head:533:V,noise,102,-0.00191497802734375,False
434:fact3_mother:head:533:V,noise,116,-0.00201416015625,False
434:fact3_mother:head:533:V,noise,130,-0.0030059814453125,False
434:fact3_mother:head:533:V,noise,150,-0.0008544921875,False
434:fact3_mother:head:533:V,noise,154,0.00408935546875,False
434:fact3_mother:head:533:V,noise,162,-0.006103515625,False
434:fact3_mother:head:533:V,noise,176,-0.0015869140625,False
434:fact3_mother:head:533:V,noise,178,-0.00318145751953125,False
434:fact3_mother:head:533:V,noise,186,-0.00189208984375,False
434:fact3_mother:head:533:V,noise,192,-0.005615234375,False
434:fact3_mother:head:533:V,noise,196,-0.0009765625,False
434:fact3_mother:head:547:K,noise,0,0.002197265625,False
434:fact3_mother:head:547:K,noise,16,0.002227783203125,False
434:fact3_mother:head:547:K,noise,32,-0.0013275146484375,False
434:fact3_mother:head:547:K,noise,48,0.00121307373046875,False
434:fact3_mother:head:547:K,noise,56,-0.0056304931640625,False
434:fact3_mother:head:547:K,noise,64,-0.0018310546875,False
434:fact3_mother:head:547:K,noise,82,0.00146484375,False
434:fact3_mother:head:547:K,noise,96,0.00142669677734375,False
434:fact3_mother:head:547:K,noise,98,-0.00335693359375,False
434:fact3_mother:head:547:K,noise,102,0.0010528564453125,False
434:fact3_mother:head:547:K,noise,116,-0.00762939453125,False
434:fact3_mother:head:547:K,noise,130,0.0013427734375,False
434:fact3_mother:head:547:K,noise,150,0.001220703125,False
434:fact3_mother:head:547:K,noise,154,0.0023193359375,False
434:fact3_mother:head:547:K,noise,162,-0.00048828125,False
434:fact3_mother:head:547:K,noise,176,0.005859375,False
434:fact3_mother:head:547:K,noise,178,-0.010059356689453125,False
434:fact3_mother:head:547:K,noise,186,-0.0076904296875,False
434:fact3_mother:head:547:K,noise,192,-0.0084228515625,False
434:fact3_mother:head:547:K,noise,196,-0.0107421875,False
434:fact3_mother:head:547:V,noise,0,-0.00982666015625,False
434:fact3_mother:head:547:V,noise,16,-0.001220703125,False
434:fact3_mother:head:547:V,noise,32,-0.0007781982421875,False
434:fact3_mother:head:547:V,noise,48,-0.00017547607421875,False
434:fact3_mother:head:547:V,noise,56,-0.000244140625,False
434:fact3_mother:head:547:V,noise,64,0.00421142578125,False
434:fact3_mother:head:547:V,noise,82,-0.005615234375,False
434:fact3_mother:head:547:V,noise,96,-0.005279541015625,False
434:fact3_mother:head:547:V,noise,98,-0.020416259765625,False
434:fact3_mother:head:547:V,noise,102,-0.00872039794921875,False
434:fact3_mother:head:547:V,noise,116,-0.02435302734375,False
434:fact3_mother:head:547:V,noise,130,-0.0059967041015625,False
434:fact3_mother:head:547:V,noise,150,-0.00091552734375,False
434:fact3_mother:head:547:V,noise,154,-0.0245361328125,False
434:fact3_mother:head:547:V,noise,162,-0.011474609375,False
434:fact3_mother:head:547:V,noise,176,-0.00634765625,False
434:fact3_mother:head:547:V,noise,178,-0.01493072509765625,False
434:fact3_mother:head:547:V,noise,186,-0.00482177734375,False
434:fact3_mother:head:547:V,noise,192,6.103515625e-05,False
434:fact3_mother:head:547:V,noise,196,-0.0009765625,False
434:fact3_mother:head:561:K,noise,0,0.001678466796875,False
434:fact3_mother:head:561:K,noise,16,0.0007781982421875,False
434:fact3_mother:head:561:K,noise,32,0.0007171630859375,False
434:fact3_mother:head:561:K,noise,48,0.001312255859375,False
434:fact3_mother:head:561:K,noise,56,-0.0029754638671875,False
434:fact3_mother:head:561:K,noise,64,-0.0018310546875,False
434:fact3_mother:head:561:K,noise,82,0.00189208984375,False
434:fact3_mother:head:561:K,noise,96,0.0103302001953125,False
434:fact3_mother:head:561:K,noise,98,-0.00091552734375,False
434:fact3_mother:head:561:K,noise,102,0.00176239013671875,False
434:fact3_mother:head:561:K,noise,116,-0.00299072265625,False
434:fact3_mother:head:561:K,noise,130,-0.0029754638671875,False
434:fact3_mother:head:561:K,noise,150,0.0018310546875,False
434:fact3_mother:head:561:K,noise,154,0.0009765625,False
434:fact3_mother:head:561:K,noise,162,-0.00244140625,False
434:fact3_mother:head:561:K,noise,176,-0.0028076171875,False
434:fact3_mother:head:561:K,noise,178,-0.000637054443359375,False
434:fact3_mother:head:561:K,noise,186,-0.0054931640625,False
434:fact3_mother:head:561:K,noise,192,-0.002197265625,False
434:fact3_mother:head:561:K,noise,196,-0.00048828125,False
434:fact3_mother:head:561:V,noise,0,0.009002685546875,False
434:fact3_mother:head:561:V,noise,16,-0.0007171630859375,False
434:fact3_mother:head:561:V,noise,32,0.0067291259765625,False
434:fact3_mother:head:561:V,noise,48,0.0054473876953125,False
434:fact3_mother:head:561:V,noise,56,-0.0060577392578125,False
434:fact3_mother:head:561:V,noise,64,0.0020751953125,False
434:fact3_mother:head:561:V,noise,82,0.00421142578125,False
434:fact3_mother:head:561:V,noise,96,0.0059051513671875,False
434:fact3_mother:head:561:V,noise,98,0.002197265625,False
434:fact3_mother:head:561:V,noise,102,0.01174163818359375,False
434:fact3_mother:head:561:V,noise,116,0.001953125,False
434:fact3_mother:head:561:V,noise,130,-0.003875732421875,False
434:fact3_mother:head:561:V,noise,150,0.00555419921875,False
434:fact3_mother:head:561:V,noise,154,0.0225830078125,False
434:fact3_mother:head:561:V,noise,162,0.008056640625,False
434:fact3_mother:head:561:V,noise,176,0.0074462890625,False
434:fact3_mother:head:561:V,noise,178,0.017181396484375,False
434:fact3_mother:head:561:V,noise,186,0.00164794921875,False
434:fact3_mother:head:561:V,noise,192,-0.00067138671875,False
434:fact3_mother:head:561:V,noise,196,-0.0009765625,False
434:fact3_mother:head:568:K,noise,0,0.00164794921875,False
434:fact3_mother:head:568:K,noise,16,-0.0099029541015625,False
434:fact3_mother:head:568:K,noise,32,-0.0025177001953125,False
434:fact3_mother:head:568:K,noise,48,-0.00386810302734375,False
434:fact3_mother:head:568:K,noise,56,0.001495361328125,False
434:fact3_mother:head:568:K,noise,64,0.00091552734375,False
434:fact3_mother:head:568:K,noise,82,-0.0147705078125,False
434:fact3_mother:head:568:K,noise,96,0.0089569091796875,False
434:fact3_mother:head:568:K,noise,98,-0.010833740234375,False
434:fact3_mother:head:568:K,noise,102,-0.00038909912109375,False
434:fact3_mother:head:568:K,noise,116,0.00103759765625,False
434:fact3_mother:head:568:K,noise,130,-0.003021240234375,False
434:fact3_mother:head:568:K,noise,150,0.002471923828125,False
434:fact3_mother:head:568:K,noise,154,0.001220703125,False
434:fact3_mother:head:568:K,noise,162,-0.003662109375,False
434:fact3_mother:head:568:K,noise,176,0.0057373046875,False
434:fact3_mother:head:568:K,noise,178,-0.005649566650390625,False
434:fact3_mother:head:568:K,noise,186,-0.00469970703125,False
434:fact3_mother:head:568:K,noise,192,-0.00177001953125,False
434:fact3_mother:head:568:K,noise,196,-0.0068359375,False
434:fact3_mother:head:568:V,noise,0,0.0135498046875,False
434:fact3_mother:head:568:V,noise,16,-0.0081329345703125,False
434:fact3_mother:head:568:V,noise,32,0.0075531005859375,False
434:fact3_mother:head:568:V,noise,48,0.002685546875,False
434:fact3_mother:head:568:V,noise,56,-0.0092926025390625,False
434:fact3_mother:head:568:V,noise,64,-0.00274658203125,False
434:fact3_mother:head:568:V,noise,82,0.00457763671875,False
434:fact3_mother:head:568:V,noise,96,0.0083160400390625,False
434:fact3_mother:head:568:V,noise,98,0.01470947265625,False
434:fact3_mother:head:568:V,noise,102,0.01605224609375,False
434:fact3_mother:head:568:V,noise,116,0.01092529296875,False
434:fact3_mother:head:568:V,noise,130,0.006195068359375,False
434:fact3_mother:head:568:V,noise,150,0.002532958984375,False
434:fact3_mother:head:568:V,noise,154,0.04315185546875,False
434:fact3_mother:head:568:V,noise,162,0.009765625,False
434:fact3_mother:head:568:V,noise,176,0.0108642578125,False
434:fact3_mother:head:568:V,noise,178,0.021106719970703125,False
434:fact3_mother:head:568:V,noise,186,0.0054931640625,False
434:fact3_mother:head:568:V,noise,192,-0.00048828125,False
434:fact3_mother:head:568:V,noise,196,-0.0185546875,False
434:fact3_mother:head:594:K,noise,0,0.016815185546875,False
434:fact3_mother:head:594:K,noise,16,0.0005645751953125,False
434:fact3_mother:head:594:K,noise,32,-0.0240325927734375,False
434:fact3_mother:head:594:K,noise,48,0.0014190673828125,False
434:fact3_mother:head:594:K,noise,56,-0.0138092041015625,False
434:fact3_mother:head:594:K,noise,64,0.01947021484375,False
434:fact3_mother:head:594:K,noise,82,-0.0047607421875,False
434:fact3_mother:head:594:K,noise,96,0.0475311279296875,False
434:fact3_mother:head:594:K,noise,98,0.04248046875,False
434:fact3_mother:head:594:K,noise,102,0.03461456298828125,False
434:fact3_mother:head:594:K,noise,116,0.03302001953125,False
434:fact3_mother:head:594:K,noise,130,-0.004364013671875,False
434:fact3_mother:head:594:K,noise,150,0.0042724609375,False
434:fact3_mother:head:594:K,noise,154,0.0247802734375,False
434:fact3_mother:head:594:K,noise,162,-0.0078125,False
434:fact3_mother:head:594:K,noise,176,0.02197265625,False
434:fact3_mother:head:594:K,noise,178,0.05803680419921875,False
434:fact3_mother:head:594:K,noise,186,0.02618408203125,False
434:fact3_mother:head:594:K,noise,192,-0.01318359375,False
434:fact3_mother:head:594:K,noise,196,0.0224609375,False
434:fact3_mother:head:594:V,noise,0,0.0015869140625,False
434:fact3_mother:head:594:V,noise,16,0.0011444091796875,False
434:fact3_mother:head:594:V,noise,32,0.001068115234375,False
434:fact3_mother:head:594:V,noise,48,0.00064849853515625,False
434:fact3_mother:head:594:V,noise,56,-0.0008544921875,False
434:fact3_mother:head:594:V,noise,64,-0.00067138671875,False
434:fact3_mother:head:594:V,noise,82,0.00048828125,False
434:fact3_mother:head:594:V,noise,96,-0.00116729736328125,False
434:fact3_mother:head:594:V,noise,98,0.001556396484375,False
434:fact3_mother:head:594:V,noise,102,-0.002655029296875,False
434:fact3_mother:head:594:V,noise,116,-0.01025390625,False
434:fact3_mother:head:594:V,noise,130,-0.0035247802734375,False
434:fact3_mother:head:594:V,noise,150,0.0001220703125,False
434:fact3_mother:head:594:V,noise,154,-0.00494384765625,False
434:fact3_mother:head:594:V,noise,162,-0.0029296875,False
434:fact3_mother:head:594:V,noise,176,-0.0029296875,False
434:fact3_mother:head:594:V,noise,178,-0.006404876708984375,False
434:fact3_mother:head:594:V,noise,186,-0.0074462890625,False
434:fact3_mother:head:594:V,noise,192,-0.00201416015625,False
434:fact3_mother:head:594:V,noise,196,-0.00146484375,False
434:fact3_mother:head:595:K,noise,0,0.0135498046875,False
434:fact3_mother:head:595:K,noise,16,-0.008087158203125,False
434:fact3_mother:head:595:K,noise,32,-0.0051727294921875,False
434:fact3_mother:head:595:K,noise,48,-0.00131988525390625,False
434:fact3_mother:head:595:K,noise,56,-0.0069122314453125,False
434:fact3_mother:head:595:K,noise,64,0.0123291015625,False
434:fact3_mother:head:595:K,noise,82,0.0010986328125,False
434:fact3_mother:head:595:K,noise,96,0.03736114501953125,False
434:fact3_mother:head:595:K,noise,98,0.026519775390625,False
434:fact3_mother:head:595:K,noise,102,0.0099334716796875,False
434:fact3_mother:head:595:K,noise,116,0.030029296875,False
434:fact3_mother:head:595:K,noise,130,-0.0198974609375,False
434:fact3_mother:head:595:K,noise,150,0.01361083984375,False
434:fact3_mother:head:595:K,noise,154,0.0126953125,False
434:fact3_mother:head:595:K,noise,162,-0.00537109375,False
434:fact3_mother:head:595:K,noise,176,0.008544921875,False
434:fact3_mother:head:595:K,noise,178,0.07784271240234375,False
434:fact3_mother:head:595:K,noise,186,0.01116943359375,False
434:fact3_mother:head:595:K,noise,192,0.01959228515625,False
434:fact3_mother:head:595:K,noise,196,0.0078125,False
434:fact3_mother:head:595:V,noise,0,0.009307861328125,False
434:fact3_mother:head:595:V,noise,16,-0.0011749267578125,False
434:fact3_mother:head:595:V,noise,32,0.0075836181640625,False
434:fact3_mother:head:595:V,noise,48,0.0046539306640625,False
434:fact3_mother:head:595:V,noise,56,-0.0028076171875,False
434:fact3_mother:head:595:V,noise,64,-0.0018310546875,False
434:fact3_mother:head:595:V,noise,82,-0.004638671875,False
434:fact3_mother:head:595:V,noise,96,0.0144500732421875,False
434:fact3_mother:head:595:V,noise,98,0.008453369140625,False
434:fact3_mother:head:595:V,noise,102,0.00324249267578125,False
434:fact3_mother:head:595:V,noise,116,-0.00347900390625,False
434:fact3_mother:head:595:V,noise,130,0.0026702880859375,False
434:fact3_mother:head:595:V,noise,150,0.003387451171875,False
434:fact3_mother:head:595:V,noise,154,0.00555419921875,False
434:fact3_mother:head:595:V,noise,162,0.006103515625,False
434:fact3_mother:head:595:V,noise,176,0.0062255859375,False
434:fact3_mother:head:595:V,noise,178,0.01519775390625,False
434:fact3_mother:head:595:V,noise,186,0.0028076171875,False
434:fact3_mother:head:595:V,noise,192,-0.00079345703125,False
434:fact3_mother:head:595:V,noise,196,0.0,False
434:fact3_mother:head:600:K,noise,0,0.01239013671875,False
434:fact3_mother:head:600:K,noise,16,-0.0077972412109375,False
434:fact3_mother:head:600:K,noise,32,-0.0107421875,False
434:fact3_mother:head:600:K,noise,48,-0.01280975341796875,False
434:fact3_mother:head:600:K,noise,56,-0.001922607421875,False
434:fact3_mother:head:600:K,noise,64,0.00384521484375,False
434:fact3_mother:head:600:K,noise,82,-0.0067138671875,False
434:fact3_mother:head:600:K,noise,96,0.00157928466796875,False
434:fact3_mother:head:600:K,noise,98,0.026611328125,False
434:fact3_mother:head:600:K,noise,102,0.009185791015625,False
434:fact3_mother:head:600:K,noise,116,0.011474609375,False
434:fact3_mother:head:600:K,noise,130,-0.0016632080078125,False
434:fact3_mother:head:600:K,noise,150,-0.001678466796875,False
434:fact3_mother:head:600:K,noise,154,0.03485107421875,False
434:fact3_mother:head:600:K,noise,162,-0.013671875,False
434:fact3_mother:head:600:K,noise,176,0.0177001953125,False
434:fact3_mother:head:600:K,noise,178,0.011020660400390625,False
434:fact3_mother:head:600:K,noise,186,0.00103759765625,False
434:fact3_mother:head:600:K,noise,192,-0.0133056640625,False
434:fact3_mother:head:600:K,noise,196,0.00341796875,False
434:fact3_mother:head:600:V,noise,0,-0.00555419921875,False
434:fact3_mother:head:600:V,noise,16,3.0517578125e-05,False
434:fact3_mother:head:600:V,noise,32,0.002899169921875,False
434:fact3_mother:head:600:V,noise,48,0.002685546875,False
434:fact3_mother:head:600:V,noise,56,0.0033416748046875,False
434:fact3_mother:head:600:V,noise,64,0.00421142578125,False
434:fact3_mother:head:600:V,noise,82,0.00640869140625,False
434:fact3_mother:head:600:V,noise,96,0.00469970703125,False
434:fact3_mother:head:600:V,noise,98,-0.007293701171875,False
434:fact3_mother:head:600:V,noise,102,-0.00115203857421875,False
434:fact3_mother:head:600:V,noise,116,-0.0079345703125,False
434:fact3_mother:head:600:V,noise,130,-0.004730224609375,False
434:fact3_mother:head:600:V,noise,150,0.001373291015625,False
434:fact3_mother:head:600:V,noise,154,-0.0003662109375,False
434:fact3_mother:head:600:V,noise,162,0.006103515625,False
434:fact3_mother:head:600:V,noise,176,-0.0054931640625,False
434:fact3_mother:head:600:V,noise,178,-0.003173828125,False
434:fact3_mother:head:600:V,noise,186,-0.000732421875,False
434:fact3_mother:head:600:V,noise,192,0.0020751953125,False
434:fact3_mother:head:600:V,noise,196,0.01123046875,False
434:fact3_mother:head:624:K,noise,0,-0.00274658203125,False
434:fact3_mother:head:624:K,noise,16,0.0021820068359375,False
434:fact3_mother:head:624:K,noise,32,0.0064544677734375,False
434:fact3_mother:head:624:K,noise,48,0.0078277587890625,False
434:fact3_mother:head:624:K,noise,56,0.0146636962890625,False
434:fact3_mother:head:624:K,noise,64,0.001953125,False
434:fact3_mother:head:624:K,noise,82,0.00390625,False
434:fact3_mother:head:624:K,noise,96,-0.001983642578125,False
434:fact3_mother:head:624:K,noise,98,-0.0367431640625,False
434:fact3_mother:head:624:K,noise,102,0.00061798095703125,False
434:fact3_mother:head:624:K,noise,116,-0.02374267578125,False
434:fact3_mother:head:624:K,noise,130,0.01007080078125,False
434:fact3_mother:head:624:K,noise,150,0.001953125,False
434:fact3_mother:head:624:K,noise,154,-0.003662109375,False
434:fact3_mother:head:624:K,noise,162,0.003173828125,False
434:fact3_mother:head:624:K,noise,176,-0.007080078125,False
434:fact3_mother:head:624:K,noise,178,-0.015842437744140625,False
434:fact3_mother:head:624:K,noise,186,-0.005615234375,False
434:fact3_mother:head:624:K,noise,192,0.00250244140625,False
434:fact3_mother:head:624:K,noise,196,-0.0009765625,False
434:fact3_mother:head:624:V,noise,0,-0.007568359375,False
434:fact3_mother:head:624:V,noise,16,-0.0022125244140625,False
434:fact3_mother:head:624:V,noise,32,0.001007080078125,False
434:fact3_mother:head:624:V,noise,48,-0.0004425048828125,False
434:fact3_mother:head:624:V,noise,56,-1.52587890625e-05,False
434:fact3_mother:head:624:V,noise,64,-0.00091552734375,False
434:fact3_mother:head:624:V,noise,82,-0.0010986328125,False
434:fact3_mother:head:624:V,noise,96,-0.00623321533203125,False
434:fact3_mother:head:624:V,noise,98,-0.010650634765625,False
434:fact3_mother:head:624:V,noise,102,-0.00197601318359375,False
434:fact3_mother:head:624:V,noise,116,-0.00946044921875,False
434:fact3_mother:head:624:V,noise,130,-0.01641845703125,False
434:fact3_mother:head:624:V,noise,150,0.0008544921875,False
434:fact3_mother:head:624:V,noise,154,-0.0050048828125,False
434:fact3_mother:head:624:V,noise,162,-0.006103515625,False
434:fact3_mother:head:624:V,noise,176,-0.0059814453125,False
434:fact3_mother:head:624:V,noise,178,-0.02002716064453125,False
434:fact3_mother:head:624:V,noise,186,-0.00384521484375,False
434:fact3_mother:head:624:V,noise,192,-0.0013427734375,False
434:fact3_mother:head:624:V,noise,196,-0.00537109375,False
434:fact3_mother:head:630:K,noise,0,0.001678466796875,False
434:fact3_mother:head:630:K,noise,16,0.0006866455078125,False
434:fact3_mother:head:630:K,noise,32,0.0028076171875,False
434:fact3_mother:head:630:K,noise,48,0.0009613037109375,False
434:fact3_mother:head:630:K,noise,56,0.0051116943359375,False
434:fact3_mother:head:630:K,noise,64,0.00091552734375,False
434:fact3_mother:head:630:K,noise,82,-0.0018310546875,False
434:fact3_mother:head:630:K,noise,96,0.008697509765625,False
434:fact3_mother:head:630:K,noise,98,0.0032958984375,False
434:fact3_mother:head:630:K,noise,102,0.0097808837890625,False
434:fact3_mother:head:630:K,noise,116,0.0054931640625,False
434:fact3_mother:head:630:K,noise,130,-0.008270263671875,False
434:fact3_mother:head:630:K,noise,150,0.000244140625,False
434:fact3_mother:head:630:K,noise,154,0.00323486328125,False
434:fact3_mother:head:630:K,noise,162,-0.000244140625,False
434:fact3_mother:head:630:K,noise,176,0.0013427734375,False
434:fact3_mother:head:630:K,noise,178,-0.00616455078125,False
434:fact3_mother:head:630:K,noise,186,0.00177001953125,False
434:fact3_mother:head:630:K,noise,192,-0.00103759765625,False
434:fact3_mother:head:630:K,noise,196,0.00146484375,False
434:fact3_mother:head:630:V,noise,0,0.0018310546875,False
434:fact3_mother:head:630:V,noise,16,-0.0010528564453125,False
434:fact3_mother:head:630:V,noise,32,-0.0023956298828125,False
434:fact3_mother:head:630:V,noise,48,0.000701904296875,False
434:fact3_mother:head:630:V,noise,56,-0.00384521484375,False
434:fact3_mother:head:630:V,noise,64,0.0010986328125,False
434:fact3_mother:head:630:V,noise,82,0.0006103515625,False
434:fact3_mother:head:630:V,noise,96,-0.00250244140625,False
434:fact3_mother:head:630:V,noise,98,-0.000457763671875,False
434:fact3_mother:head:630:V,noise,102,0.005035400390625,False
434:fact3_mother:head:630:V,noise,116,-0.0020751953125,False
434:fact3_mother:head:630:V,noise,130,-0.003448486328125,False
434:fact3_mother:head:630:V,noise,150,0.000244140625,False
434:fact3_mother:head:630:V,noise,154,0.00152587890625,False
434:fact3_mother:head:630:V,noise,162,-0.00048828125,False
434:fact3_mother:head:630:V,noise,176,-0.005615234375,False
434:fact3_mother:head:630:V,noise,178,0.00243377685546875,False
434:fact3_mother:head:630:V,noise,186,-0.00048828125,False
434:fact3_mother:head:630:V,noise,192,-0.00140380859375,False
434:fact3_mother:head:630:V,noise,196,0.00146484375,False
434:fact3_mother:head:641:K,noise,0,0.004058837890625,False
434:fact3_mother:head:641:K,noise,16,-0.0020599365234375,False
434:fact3_mother:head:641:K,noise,32,0.0072021484375,False
434:fact3_mother:head:641:K,noise,48,-7.62939453125e-06,False
434:fact3_mother:head:641:K,noise,56,0.0028228759765625,False
434:fact3_mother:head:641:K,noise,64,0.0020751953125,False
434:fact3_mother:head:641:K,noise,82,0.0108642578125,False
434:fact3_mother:head:641:K,noise,96,-0.03389739990234375,False
434:fact3_mother:head:641:K,noise,98,-0.01165771484375,False
434:fact3_mother:head:641:K,noise,102,-0.02097320556640625,False
434:fact3_mother:head:641:K,noise,116,-0.0067138671875,False
434:fact3_mother:head:641:K,noise,130,0.019775390625,False
434:fact3_mother:head:641:K,noise,150,-0.000823974609375,False
434:fact3_mother:head:641:K,noise,154,-0.0177001953125,False
434:fact3_mother:head:641:K,noise,162,-0.00341796875,False
434:fact3_mother:head:641:K,noise,176,-0.0087890625,False
434:fact3_mother:head:641:K,noise,178,-0.01990509033203125,False
434:fact3_mother:head:641:K,noise,186,-0.00762939453125,False
434:fact3_mother:head:641:K,noise,192,0.00164794921875,False
434:fact3_mother:head:641:K,noise,196,-0.0068359375,False
434:fact3_mother:head:641:V,noise,0,-0.010833740234375,False
434:fact3_mother:head:641:V,noise,16,-0.000213623046875,False
434:fact3_mother:head:641:V,noise,32,-0.013824462890625,False
434:fact3_mother:head:641:V,noise,48,-0.001983642578125,False
434:fact3_mother:head:641:V,noise,56,-0.0028076171875,False
434:fact3_mother:head:641:V,noise,64,-0.0006103515625,False
434:fact3_mother:head:641:V,noise,82,0.00390625,False
434:fact3_mother:head:641:V,noise,96,-0.00104522705078125,False
434:fact3_mother:head:641:V,noise,98,-0.0029296875,False
434:fact3_mother:head:641:V,noise,102,-0.00035858154296875,False
434:fact3_mother:head:641:V,noise,116,-0.01171875,False
434:fact3_mother:head:641:V,noise,130,-0.0316162109375,False
434:fact3_mother:head:641:V,noise,150,6.103515625e-05,False
434:fact3_mother:head:641:V,noise,154,-0.01971435546875,False
434:fact3_mother:head:641:V,noise,162,-0.013427734375,False
434:fact3_mother:head:641:V,noise,176,-0.0113525390625,False
434:fact3_mother:head:641:V,noise,178,-0.01906585693359375,False
434:fact3_mother:head:641:V,noise,186,-0.00653076171875,False
434:fact3_mother:head:641:V,noise,192,-0.00604248046875,False
434:fact3_mother:head:641:V,noise,196,-0.0009765625,False
434:fact3_mother:head:678:K,noise,0,0.0009765625,False
434:fact3_mother:head:678:K,noise,16,-0.02337646484375,False
434:fact3_mother:head:678:K,noise,32,-0.00653076171875,False
434:fact3_mother:head:678:K,noise,48,-0.00292205810546875,False
434:fact3_mother:head:678:K,noise,56,-0.0106048583984375,False
434:fact3_mother:head:678:K,noise,64,-0.0030517578125,False
434:fact3_mother:head:678:K,noise,82,-0.01611328125,False
434:fact3_mother:head:678:K,noise,96,0.00144195556640625,False
434:fact3_mother:head:678:K,noise,98,0.0491943359375,False
434:fact3_mother:head:678:K,noise,102,0.003997802734375,False
434:fact3_mother:head:678:K,noise,116,0.0018310546875,False
434:fact3_mother:head:678:K,noise,130,-0.00079345703125,False
434:fact3_mother:head:678:K,noise,150,0.000244140625,False
434:fact3_mother:head:678:K,noise,154,0.008056640625,False
434:fact3_mother:head:678:K,noise,162,-0.003173828125,False
434:fact3_mother:head:678:K,noise,176,0.0030517578125,False
434:fact3_mother:head:678:K,noise,178,0.01544189453125,False
434:fact3_mother:head:678:K,noise,186,0.00128173828125,False
434:fact3_mother:head:678:K,noise,192,0.00042724609375,False
434:fact3_mother:head:678:K,noise,196,-0.00341796875,False
434:fact3_mother:head:678:V,noise,0,0.0010986328125,False
434:fact3_mother:head:678:V,noise,16,-0.0003814697265625,False
434:fact3_mother:head:678:V,noise,32,-0.0032501220703125,False
434:fact3_mother:head:678:V,noise,48,-0.0012359619140625,False
434:fact3_mother:head:678:V,noise,56,-0.00274658203125,False
434:fact3_mother:head:678:V,noise,64,-0.00018310546875,False
434:fact3_mother:head:678:V,noise,82,0.00238037109375,False
434:fact3_mother:head:678:V,noise,96,-0.0037078857421875,False
434:fact3_mother:head:678:V,noise,98,-0.00311279296875,False
434:fact3_mother:head:678:V,noise,102,0.00189971923828125,False
434:fact3_mother:head:678:V,noise,116,-0.000732421875,False
434:fact3_mother:head:678:V,noise,130,0.0027923583984375,False
434:fact3_mother:head:678:V,noise,150,-0.000213623046875,False
434:fact3_mother:head:678:V,noise,154,-0.0008544921875,False
434:fact3_mother:head:678:V,noise,162,-0.001708984375,False
434:fact3_mother:head:678:V,noise,176,-0.00341796875,False
434:fact3_mother:head:678:V,noise,178,-0.00299072265625,False
434:fact3_mother:head:678:V,noise,186,-6.103515625e-05,False
434:fact3_mother:head:678:V,noise,192,-0.00225830078125,False
434:fact3_mother:head:678:V,noise,196,0.0009765625,False
434:fact3_mother:head:690:K,noise,0,0.007080078125,False
434:fact3_mother:head:690:K,noise,16,-0.022216796875,False
434:fact3_mother:head:690:K,noise,32,-0.093963623046875,False
434:fact3_mother:head:690:K,noise,48,-0.00954437255859375,False
434:fact3_mother:head:690:K,noise,56,-0.01165771484375,False
434:fact3_mother:head:690:K,noise,64,-0.005126953125,False
434:fact3_mother:head:690:K,noise,82,-0.040283203125,False
434:fact3_mother:head:690:K,noise,96,-0.0013580322265625,False
434:fact3_mother:head:690:K,noise,98,0.014129638671875,False
434:fact3_mother:head:690:K,noise,102,0.044097900390625,False
434:fact3_mother:head:690:K,noise,116,0.03759765625,False
434:fact3_mother:head:690:K,noise,130,0.0228271484375,False
434:fact3_mother:head:690:K,noise,150,-0.007537841796875,False
434:fact3_mother:head:690:K,noise,154,0.0423583984375,False
434:fact3_mother:head:690:K,noise,162,0.0,False
434:fact3_mother:head:690:K,noise,176,0.0164794921875,False
434:fact3_mother:head:690:K,noise,178,0.037967681884765625,False
434:fact3_mother:head:690:K,noise,186,0.00482177734375,False
434:fact3_mother:head:690:K,noise,192,-0.01922607421875,False
434:fact3_mother:head:690:K,noise,196,0.0048828125,False
434:fact3_mother:head:690:V,noise,0,0.0064697265625,False
434:fact3_mother:head:690:V,noise,16,-0.0001068115234375,False
434:fact3_mother:head:690:V,noise,32,-0.0018768310546875,False
434:fact3_mother:head:690:V,noise,48,0.00142669677734375,False
434:fact3_mother:head:690:V,noise,56,-0.0012969970703125,False
434:fact3_mother:head:690:V,noise,64,0.0009765625,False
434:fact3_mother:head:690:V,noise,82,-0.00079345703125,False
434:fact3_mother:head:690:V,noise,96,0.00115203857421875,False
434:fact3_mother:head:690:V,noise,98,-0.01025390625,False
434:fact3_mother:head:690:V,noise,102,-0.001983642578125,False
434:fact3_mother:head:690:V,noise,116,-0.001220703125,False
434:fact3_mother:head:690:V,noise,130,0.0017852783203125,False
434:fact3_mother:head:690:V,noise,150,-0.000823974609375,False
434:fact3_mother:head:690:V,noise,154,0.0035400390625,False
434:fact3_mother:head:690:V,noise,162,0.00048828125,False
434:fact3_mother:head:690:V,noise,176,-0.0020751953125,False
434:fact3_mother:head:690:V,noise,178,0.001308441162109375,False
434:fact3_mother:head:690:V,noise,186,0.0001220703125,False
434:fact3_mother:head:690:V,noise,192,-0.00030517578125,False
434:fact3_mother:head:690:V,noise,196,0.00048828125,False
434:fact3_mother:head:695:K,noise,0,9.1552734375e-05,False
434:fact3_mother:head:695:K,noise,16,0.0028228759765625,False
434:fact3_mother:head:695:K,noise,32,-0.0018768310546875,False
434:fact3_mother:head:695:K,noise,48,0.0022125244140625,False
434:fact3_mother:head:695:K,noise,56,0.0018768310546875,False
434:fact3_mother:head:695:K,noise,64,-0.0008544921875,False
434:fact3_mother:head:695:K,noise,82,0.00335693359375,False
434:fact3_mother:head:695:K,noise,96,0.00234222412109375,False
434:fact3_mother:head:695:K,noise,98,0.0006103515625,False
434:fact3_mother:head:695:K,noise,102,-0.0008697509765625,False
434:fact3_mother:head:695:K,noise,116,-0.0030517578125,False
434:fact3_mother:head:695:K,noise,130,0.001617431640625,False
434:fact3_mother:head:695:K,noise,150,0.0020751953125,False
434:fact3_mother:head:695:K,noise,154,-0.00030517578125,False
434:fact3_mother:head:695:K,noise,162,-0.0009765625,False
434:fact3_mother:head:695:K,noise,176,0.001220703125,False
434:fact3_mother:head:695:K,noise,178,-0.001575469970703125,False
434:fact3_mother:head:695:K,noise,186,0.0008544921875,False
434:fact3_mother:head:695:K,noise,192,-0.00225830078125,False
434:fact3_mother:head:695:K,noise,196,-0.0009765625,False
434:fact3_mother:head:695:V,noise,0,0.004486083984375,False
434:fact3_mother:head:695:V,noise,16,9.1552734375e-05,False
434:fact3_mother:head:695:V,noise,32,0.00299072265625,False
434:fact3_mother:head:695:V,noise,48,0.0018463134765625,False
434:fact3_mother:head:695:V,noise,56,-0.00311279296875,False
434:fact3_mother:head:695:V,noise,64,-0.00177001953125,False
434:fact3_mother:head:695:V,noise,82,0.00164794921875,False
434:fact3_mother:head:695:V,noise,96,-0.00235748291015625,False
434:fact3_mother:head:695:V,noise,98,-0.00115966796875,False
434:fact3_mother:head:695:V,noise,102,0.00390625,False
434:fact3_mother:head:695:V,noise,116,-0.001953125,False
434:fact3_mother:head:695:V,noise,130,0.0008544921875,False
434:fact3_mother:head:695:V,noise,150,0.003265380859375,False
434:fact3_mother:head:695:V,noise,154,0.007568359375,False
434:fact3_mother:head:695:V,noise,162,0.000244140625,False
434:fact3_mother:head:695:V,noise,176,0.0013427734375,False
434:fact3_mother:head:695:V,noise,178,0.0015106201171875,False
434:fact3_mother:head:695:V,noise,186,-0.0006103515625,False
434:fact3_mother:head:695:V,noise,192,-0.003173828125,False
434:fact3_mother:head:695:V,noise,196,0.00146484375,False
434:fact3_mother:head:709:K,noise,0,0.0089111328125,False
434:fact3_mother:head:709:K,noise,16,0.0090484619140625,False
434:fact3_mother:head:709:K,noise,32,-0.0093841552734375,False
434:fact3_mother:head:709:K,noise,48,0.00212860107421875,False
434:fact3_mother:head:709:K,noise,56,-0.0012664794921875,False
434:fact3_mother:head:709:K,noise,64,0.00665283203125,False
434:fact3_mother:head:709:K,noise,82,-0.028076171875,False
434:fact3_mother:head:709:K,noise,96,0.04749298095703125,False
434:fact3_mother:head:709:K,noise,98,0.0289306640625,False
434:fact3_mother:head:709:K,noise,102,0.0229949951171875,False
434:fact3_mother:head:709:K,noise,116,0.01324462890625,False
434:fact3_mother:head:709:K,noise,130,-0.01318359375,False
434:fact3_mother:head:709:K,noise,150,0.00238037109375,False
434:fact3_mother:head:709:K,noise,154,0.03076171875,False
434:fact3_mother:head:709:K,noise,162,0.00732421875,False
434:fact3_mother:head:709:K,noise,176,0.001220703125,False
434:fact3_mother:head:709:K,noise,178,0.03619384765625,False
434:fact3_mother:head:709:K,noise,186,0.02783203125,False
434:fact3_mother:head:709:K,noise,192,0.0010986328125,False
434:fact3_mother:head:709:K,noise,196,0.01904296875,False
434:fact3_mother:head:709:V,noise,0,0.00238037109375,False
434:fact3_mother:head:709:V,noise,16,-0.0038604736328125,False
434:fact3_mother:head:709:V,noise,32,0.0020599365234375,False
434:fact3_mother:head:709:V,noise,48,0.00037384033203125,False
434:fact3_mother:head:709:V,noise,56,-0.0003509521484375,False
434:fact3_mother:head:709:V,noise,64,0.00030517578125,False
434:fact3_mother:head:709:V,noise,82,-0.0025634765625,False
434:fact3_mother:head:709:V,noise,96,0.0001068115234375,False
434:fact3_mother:head:709:V,noise,98,-0.002197265625,False
434:fact3_mother:head:709:V,noise,102,0.00319671630859375,False
434:fact3_mother:head:709:V,noise,116,-0.0032958984375,False
434:fact3_mother:head:709:V,noise,130,0.00299072265625,False
434:fact3_mother:head:709:V,noise,150,0.002410888671875,False
434:fact3_mother:head:709:V,noise,154,-6.103515625e-05,False
434:fact3_mother:head:709:V,noise,162,0.001220703125,False
434:fact3_mother:head:709:V,noise,176,-0.0020751953125,False
434:fact3_mother:head:709:V,noise,178,-0.002620697021484375,False
434:fact3_mother:head:709:V,noise,186,-0.00201416015625,False
434:fact3_mother:head:709:V,noise,192,-0.00506591796875,False
434:fact3_mother:head:709:V,noise,196,0.0,False
434:fact3_mother:head:751:K,noise,0,-0.000335693359375,False
434:fact3_mother:head:751:K,noise,16,0.002166748046875,False
434:fact3_mother:head:751:K,noise,32,0.0059051513671875,False
434:fact3_mother:head:751:K,noise,48,0.0032196044921875,False
434:fact3_mother:head:751:K,noise,56,0.003204345703125,False
434:fact3_mother:head:751:K,noise,64,0.00054931640625,False
434:fact3_mother:head:751:K,noise,82,0.0054931640625,False
434:fact3_mother:head:751:K,noise,96,-0.00565338134765625,False
434:fact3_mother:head:751:K,noise,98,-0.028900146484375,False
434:fact3_mother:head:751:K,noise,102,-0.00258636474609375,False
434:fact3_mother:head:751:K,noise,116,-0.006103515625,False
434:fact3_mother:head:751:K,noise,130,0.0011138916015625,False
434:fact3_mother:head:751:K,noise,150,-0.0010986328125,False
434:fact3_mother:head:751:K,noise,154,-0.0101318359375,False
434:fact3_mother:head:751:K,noise,162,0.001708984375,False
434:fact3_mother:head:751:K,noise,176,0.0,False
434:fact3_mother:head:751:K,noise,178,-0.0018463134765625,False
434:fact3_mother:head:751:K,noise,186,0.00030517578125,False
434:fact3_mother:head:751:K,noise,192,0.00372314453125,False
434:fact3_mother:head:751:K,noise,196,0.00146484375,False
434:fact3_mother:head:751:V,noise,0,-0.00653076171875,False
434:fact3_mother:head:751:V,noise,16,-0.00677490234375,False
434:fact3_mother:head:751:V,noise,32,-0.00018310546875,False
434:fact3_mother:head:751:V,noise,48,-0.001312255859375,False
434:fact3_mother:head:751:V,noise,56,-0.016021728515625,False
434:fact3_mother:head:751:V,noise,64,-0.001953125,False
434:fact3_mother:head:751:V,noise,82,0.00042724609375,False
434:fact3_mother:head:751:V,noise,96,-0.0056610107421875,False
434:fact3_mother:head:751:V,noise,98,-0.0167236328125,False
434:fact3_mother:head:751:V,noise,102,0.0026092529296875,False
434:fact3_mother:head:751:V,noise,116,-0.00323486328125,False
434:fact3_mother:head:751:V,noise,130,-0.0046844482421875,False
434:fact3_mother:head:751:V,noise,150,0.002227783203125,False
434:fact3_mother:head:751:V,noise,154,-0.0155029296875,False
434:fact3_mother:head:751:V,noise,162,-0.006591796875,False
434:fact3_mother:head:751:V,noise,176,-0.00634765625,False
434:fact3_mother:head:751:V,noise,178,-0.00272369384765625,False
434:fact3_mother:head:751:V,noise,186,-0.002197265625,False
434:fact3_mother:head:751:V,noise,192,-0.00469970703125,False
434:fact3_mother:head:751:V,noise,196,-0.00146484375,False
434:fact3_mother:head:787:K,noise,0,-0.004730224609375,False
434:fact3_mother:head:787:K,noise,16,-0.0052490234375,False
434:fact3_mother:head:787:K,noise,32,-0.0199737548828125,False
434:fact3_mother:head:787:K,noise,48,-0.00104522705078125,False
434:fact3_mother:head:787:K,noise,56,-0.02734375,False
434:fact3_mother:head:787:K,noise,64,-0.00506591796875,False
434:fact3_mother:head:787:K,noise,82,0.0025634765625,False
434:fact3_mother:head:787:K,noise,96,0.0565643310546875,False
434:fact3_mother:head:787:K,noise,98,0.0235595703125,False
434:fact3_mother:head:787:K,noise,102,0.00910186767578125,False
434:fact3_mother:head:787:K,noise,116,0.0103759765625,False
434:fact3_mother:head:787:K,noise,130,0.0009765625,False
434:fact3_mother:head:787:K,noise,150,-0.004974365234375,False
434:fact3_mother:head:787:K,noise,154,0.0008544921875,False
434:fact3_mother:head:787:K,noise,162,0.002685546875,False
434:fact3_mother:head:787:K,noise,176,-0.0028076171875,False
434:fact3_mother:head:787:K,noise,178,0.00490570068359375,False
434:fact3_mother:head:787:K,noise,186,0.0098876953125,False
434:fact3_mother:head:787:K,noise,192,-0.00115966796875,False
434:fact3_mother:head:787:K,noise,196,0.01806640625,False
434:fact3_mother:head:787:V,noise,0,0.004547119140625,False
434:fact3_mother:head:787:V,noise,16,0.002288818359375,False
434:fact3_mother:head:787:V,noise,32,-0.002685546875,False
434:fact3_mother:head:787:V,noise,48,0.0012359619140625,False
434:fact3_mother:head:787:V,noise,56,-0.0028533935546875,False
434:fact3_mother:head:787:V,noise,64,-0.0010986328125,False
434:fact3_mother:head:787:V,noise,82,0.0001220703125,False
434:fact3_mother:head:787:V,noise,96,-0.001220703125,False
434:fact3_mother:head:787:V,noise,98,-0.0008544921875,False
434:fact3_mother:head:787:V,noise,102,-0.0007476806640625,False
434:fact3_mother:head:787:V,noise,116,-0.00439453125,False
434:fact3_mother:head:787:V,noise,130,0.001007080078125,False
434:fact3_mother:head:787:V,noise,150,0.000823974609375,False
434:fact3_mother:head:787:V,noise,154,0.0035400390625,False
434:fact3_mother:head:787:V,noise,162,-0.0009765625,False
434:fact3_mother:head:787:V,noise,176,0.00244140625,False
434:fact3_mother:head:787:V,noise,178,0.000316619873046875,False
434:fact3_mother:head:787:V,noise,186,0.0,False
434:fact3_mother:head:787:V,noise,192,-0.00030517578125,False
434:fact3_mother:head:787:V,noise,196,-0.00146484375,False
434:fact3_mother:head:817:K,noise,0,-0.00048828125,False
434:fact3_mother:head:817:K,noise,16,0.0003204345703125,False
434:fact3_mother:head:817:K,noise,32,0.0016021728515625,False
434:fact3_mother:head:817:K,noise,48,0.0008697509765625,False
434:fact3_mother:head:817:K,noise,56,-0.0011444091796875,False
434:fact3_mother:head:817:K,noise,64,0.0001220703125,False
434:fact3_mother:head:817:K,noise,82,0.0013427734375,False
434:fact3_mother:head:817:K,noise,96,-0.003662109375,False
434:fact3_mother:head:817:K,noise,98,-0.001129150390625,False
434:fact3_mother:head:817:K,noise,102,-0.0006103515625,False
434:fact3_mother:head:817:K,noise,116,-0.0020751953125,False
434:fact3_mother:head:817:K,noise,130,-0.0003509521484375,False
434:fact3_mother:head:817:K,noise,150,0.00238037109375,False
434:fact3_mother:head:817:K,noise,154,0.00262451171875,False
434:fact3_mother:head:817:K,noise,162,-0.001220703125,False
434:fact3_mother:head:817:K,noise,176,-0.0010986328125,False
434:fact3_mother:head:817:K,noise,178,-0.0014190673828125,False
434:fact3_mother:head:817:K,noise,186,-0.002197265625,False
434:fact3_mother:head:817:K,noise,192,0.0,False
434:fact3_mother:head:817:K,noise,196,0.001953125,False
434:fact3_mother:head:817:V,noise,0,0.002105712890625,False
434:fact3_mother:head:817:V,noise,16,-0.0018768310546875,False
434:fact3_mother:head:817:V,noise,32,-0.0034027099609375,False
434:fact3_mother:head:817:V,noise,48,0.00273895263671875,False
434:fact3_mother:head:817:V,noise,56,-0.0022735595703125,False
434:fact3_mother:head:817:V,noise,64,-0.00201416015625,False
434:fact3_mother:head:817:V,noise,82,0.00152587890625,False
434:fact3_mother:head:817:V,noise,96,-0.00078582763671875,False
434:fact3_mother:head:817:V,noise,98,-0.00079345703125,False
434:fact3_mother:head:817:V,noise,102,-0.000213623046875,False
434:fact3_mother:head:817:V,noise,116,-0.00177001953125,False
434:fact3_mother:head:817:V,noise,130,0.00042724609375,False
434:fact3_mother:head:817:V,noise,150,0.00360107421875,False
434:fact3_mother:head:817:V,noise,154,0.00244140625,False
434:fact3_mother:head:817:V,noise,162,-0.00048828125,False
434:fact3_mother:head:817:V,noise,176,-0.00048828125,False
434:fact3_mother:head:817:V,noise,178,0.00110626220703125,False
434:fact3_mother:head:817:V,noise,186,-0.00250244140625,False
434:fact3_mother:head:817:V,noise,192,-0.0030517578125,False
434:fact3_mother:head:817:V,noise,196,0.00048828125,False
434:fact3_mother:head:855:K,noise,0,0.001373291015625,False
434:fact3_mother:head:855:K,noise,16,0.0005035400390625,False
434:fact3_mother:head:855:K,noise,32,-0.0009918212890625,False
434:fact3_mother:head:855:K,noise,48,0.00140380859375,False
434:fact3_mother:head:855:K,noise,56,0.000762939453125,False
434:fact3_mother:head:855:K,noise,64,-0.0023193359375,False
434:fact3_mother:head:855:K,noise,82,0.00189208984375,False
434:fact3_mother:head:855:K,noise,96,-0.001068115234375,False
434:fact3_mother:head:855:K,noise,98,-0.001251220703125,False
434:fact3_mother:head:855:K,noise,102,0.00147247314453125,False
434:fact3_mother:head:855:K,noise,116,-0.001708984375,False
434:fact3_mother:head:855:K,noise,130,-0.001495361328125,False
434:fact3_mother:head:855:K,noise,150,0.003204345703125,False
434:fact3_mother:head:855:K,noise,154,0.00408935546875,False
434:fact3_mother:head:855:K,noise,162,-0.000732421875,False
434:fact3_mother:head:855:K,noise,176,-0.000732421875,False
434:fact3_mother:head:855:K,noise,178,0.000514984130859375,False
434:fact3_mother:head:855:K,noise,186,-0.001708984375,False
434:fact3_mother:head:855:K,noise,192,-0.00048828125,False
434:fact3_mother:head:855:K,noise,196,0.00244140625,False
434:fact3_mother:head:855:V,noise,0,0.003448486328125,False
434:fact3_mother:head:855:V,noise,16,0.000518798828125,False
434:fact3_mother:head:855:V,noise,32,-0.001708984375,False
434:fact3_mother:head:855:V,noise,48,0.001434326171875,False
434:fact3_mother:head:855:V,noise,56,-0.005126953125,False
434:fact3_mother:head:855:V,noise,64,-0.00079345703125,False
434:fact3_mother:head:855:V,noise,82,0.00164794921875,False
434:fact3_mother:head:855:V,noise,96,0.0021820068359375,False
434:fact3_mother:head:855:V,noise,98,-0.00042724609375,False
434:fact3_mother:head:855:V,noise,102,0.0016937255859375,False
434:fact3_mother:head:855:V,noise,116,-0.00146484375,False
434:fact3_mother:head:855:V,noise,130,-0.00103759765625,False
434:fact3_mother:head:855:V,noise,150,0.000457763671875,False
434:fact3_mother:head:855:V,noise,154,0.00103759765625,False
434:fact3_mother:head:855:V,noise,162,-0.002197265625,False
434:fact3_mother:head:855:V,noise,176,-0.0047607421875,False
434:fact3_mother:head:855:V,noise,178,-0.002040863037109375,False
434:fact3_mother:head:855:V,noise,186,-0.0030517578125,False
434:fact3_mother:head:855:V,noise,192,-0.00244140625,False
434:fact3_mother:head:855:V,noise,196,0.00146484375,False
434:fact3_mother:head:870:K,noise,0,0.00103759765625,False
434:fact3_mother:head:870:K,noise,16,-0.004974365234375,False
434:fact3_mother:head:870:K,noise,32,0.0027923583984375,False
434:fact3_mother:head:870:K,noise,48,-0.01801300048828125,False
434:fact3_mother:head:870:K,noise,56,-0.0477752685546875,False
434:fact3_mother:head:870:K,noise,64,-0.0194091796875,False
434:fact3_mother:head:870:K,noise,82,-0.0360107421875,False
434:fact3_mother:head:870:K,noise,96,0.00080108642578125,False
434:fact3_mother:head:870:K,noise,98,0.060516357421875,False
434:fact3_mother:head:870:K,noise,102,0.00324249267578125,False
434:fact3_mother:head:870:K,noise,116,0.0325927734375,False
434:fact3_mother:head:870:K,noise,130,-0.0378875732421875,False
434:fact3_mother:head:870:K,noise,150,0.00091552734375,False
434:fact3_mother:head:870:K,noise,154,0.00897216796875,False
434:fact3_mother:head:870:K,noise,162,-0.00830078125,False
434:fact3_mother:head:870:K,noise,176,0.0018310546875,False
434:fact3_mother:head:870:K,noise,178,0.010486602783203125,False
434:fact3_mother:head:870:K,noise,186,0.00665283203125,False
434:fact3_mother:head:870:K,noise,192,-0.00579833984375,False
434:fact3_mother:head:870:K,noise,196,-0.0009765625,False
434:fact3_mother:head:870:V,noise,0,-0.002685546875,False
434:fact3_mother:head:870:V,noise,16,-0.0014495849609375,False
434:fact3_mother:head:870:V,noise,32,-0.0008392333984375,False
434:fact3_mother:head:870:V,noise,48,-0.00034332275390625,False
434:fact3_mother:head:870:V,noise,56,-0.00616455078125,False
434:fact3_mother:head:870:V,noise,64,0.00115966796875,False
434:fact3_mother:head:870:V,noise,82,0.0030517578125,False
434:fact3_mother:head:870:V,noise,96,0.0027923583984375,False
434:fact3_mother:head:870:V,noise,98,-0.001190185546875,False
434:fact3_mother:head:870:V,noise,102,-0.000701904296875,False
434:fact3_mother:head:870:V,noise,116,-0.000244140625,False
434:fact3_mother:head:870:V,noise,130,-0.0030670166015625,False
434:fact3_mother:head:870:V,noise,150,-0.000457763671875,False
434:fact3_mother:head:870:V,noise,154,0.00335693359375,False
434:fact3_mother:head:870:V,noise,162,-0.003662109375,False
434:fact3_mother:head:870:V,noise,176,0.0001220703125,False
434:fact3_mother:head:870:V,noise,178,-0.001346588134765625,False
434:fact3_mother:head:870:V,noise,186,-0.00164794921875,False
434:fact3_mother:head:870:V,noise,192,-0.0042724609375,False
434:fact3_mother:head:870:V,noise,196,-0.00048828125,False
434:fact3_mother:head:973:K,noise,0,0.000885009765625,False
434:fact3_mother:head:973:K,noise,16,0.0012359619140625,False
434:fact3_mother:head:973:K,noise,32,0.00128173828125,False
434:fact3_mother:head:973:K,noise,48,0.001251220703125,False
434:fact3_mother:head:973:K,noise,56,-0.0028228759765625,False
434:fact3_mother:head:973:K,noise,64,0.0008544921875,False
434:fact3_mother:head:973:K,noise,82,0.00128173828125,False
434:fact3_mother:head:973:K,noise,96,0.00084686279296875,False
434:fact3_mother:head:973:K,noise,98,0.0003662109375,False
434:fact3_mother:head:973:K,noise,102,-0.0001678466796875,False
434:fact3_mother:head:973:K,noise,116,-0.0013427734375,False
434:fact3_mother:head:973:K,noise,130,-0.0005645751953125,False
434:fact3_mother:head:973:K,noise,150,-0.001373291015625,False
434:fact3_mother:head:973:K,noise,154,-0.0001220703125,False
434:fact3_mother:head:973:K,noise,162,0.0,False
434:fact3_mother:head:973:K,noise,176,0.0,False
434:fact3_mother:head:973:K,noise,178,-0.00452423095703125,False
434:fact3_mother:head:973:K,noise,186,0.0009765625,False
434:fact3_mother:head:973:K,noise,192,-0.0010986328125,False
434:fact3_mother:head:973:K,noise,196,-0.00048828125,False
434:fact3_mother:head:973:V,noise,0,0.00103759765625,False
434:fact3_mother:head:973:V,noise,16,0.0021820068359375,False
434:fact3_mother:head:973:V,noise,32,-0.004608154296875,False
434:fact3_mother:head:973:V,noise,48,-0.0001220703125,False
434:fact3_mother:head:973:V,noise,56,-0.0020751953125,False
434:fact3_mother:head:973:V,noise,64,0.00030517578125,False
434:fact3_mother:head:973:V,noise,82,-0.00048828125,False
434:fact3_mother:head:973:V,noise,96,0.00054168701171875,False
434:fact3_mother:head:973:V,noise,98,0.0,False
434:fact3_mother:head:973:V,noise,102,-0.00032806396484375,False
434:fact3_mother:head:973:V,noise,116,-0.000244140625,False
434:fact3_mother:head:973:V,noise,130,-0.0007781982421875,False
434:fact3_mother:head:973:V,noise,150,-0.00201416015625,False
434:fact3_mother:head:973:V,noise,154,0.00048828125,False
434:fact3_mother:head:973:V,noise,162,-0.00048828125,False
434:fact3_mother:head:973:V,noise,176,-0.0001220703125,False
434:fact3_mother:head:973:V,noise,178,7.2479248046875e-05,False
434:fact3_mother:head:973:V,noise,186,0.00042724609375,False
434:fact3_mother:head:973:V,noise,192,-0.00103759765625,False
434:fact3_mother:head:973:V,noise,196,-0.0009765625,False
434:fact3_mother:head:978:K,noise,0,-0.000213623046875,False
434:fact3_mother:head:978:K,noise,16,-0.0303802490234375,False
434:fact3_mother:head:978:K,noise,32,-0.007354736328125,False
434:fact3_mother:head:978:K,noise,48,-0.0071563720703125,False
434:fact3_mother:head:978:K,noise,56,-0.0262908935546875,False
434:fact3_mother:head:978:K,noise,64,-0.00445556640625,False
434:fact3_mother:head:978:K,noise,82,0.0001220703125,False
434:fact3_mother:head:978:K,noise,96,0.00072479248046875,False
434:fact3_mother:head:978:K,noise,98,0.009521484375,False
434:fact3_mother:head:978:K,noise,102,0.0587158203125,False
434:fact3_mother:head:978:K,noise,116,0.03973388671875,False
434:fact3_mother:head:978:K,noise,130,-0.019805908203125,False
434:fact3_mother:head:978:K,noise,150,-0.002532958984375,False
434:fact3_mother:head:978:K,noise,154,0.01605224609375,False
434:fact3_mother:head:978:K,noise,162,-0.036376953125,False
434:fact3_mother:head:978:K,noise,176,0.0107421875,False
434:fact3_mother:head:978:K,noise,178,0.0233917236328125,False
434:fact3_mother:head:978:K,noise,186,0.01690673828125,False
434:fact3_mother:head:978:K,noise,192,-0.00311279296875,False
434:fact3_mother:head:978:K,noise,196,0.0478515625,False
434:fact3_mother:head:978:V,noise,0,0.0001220703125,False
434:fact3_mother:head:978:V,noise,16,1.52587890625e-05,False
434:fact3_mother:head:978:V,noise,32,-0.00140380859375,False
434:fact3_mother:head:978:V,noise,48,0.0013580322265625,False
434:fact3_mother:head:978:V,noise,56,-0.000640869140625,False
434:fact3_mother:head:978:V,noise,64,-0.0015869140625,False
434:fact3_mother:head:978:V,noise,82,0.00091552734375,False
434:fact3_mother:head:978:V,noise,96,0.00029754638671875,False
434:fact3_mother:head:978:V,noise,98,-0.000701904296875,False
434:fact3_mother:head:978:V,noise,102,-0.00046539306640625,False
434:fact3_mother:head:978:V,noise,116,-0.0006103515625,False
434:fact3_mother:head:978:V,noise,130,-0.0047454833984375,False
434:fact3_mother:head:978:V,noise,150,0.000640869140625,False
434:fact3_mother:head:978:V,noise,154,0.0,False
434:fact3_mother:head:978:V,noise,162,-0.001220703125,False
434:fact3_mother:head:978:V,noise,176,-0.0009765625,False
434:fact3_mother:head:978:V,noise,178,0.000850677490234375,False
434:fact3_mother:head:978:V,noise,186,-0.00146484375,False
434:fact3_mother:head:978:V,noise,192,-0.00030517578125,False
434:fact3_mother:head:978:V,noise,196,-0.00048828125,False
434:fact3_mother:mlp:13:,noise,0,-0.0042724609375,False
434:fact3_mother:mlp:13:,noise,16,0.0065765380859375,False
434:fact3_mother:mlp:13:,noise,32,-0.0116729736328125,False
434:fact3_mother:mlp:13:,noise,48,0.0200347900390625,False
434:fact3_mother:mlp:13:,noise,56,-0.0050048828125,False
434:fact3_mother:mlp:13:,noise,64,-0.0009765625,False
434:fact3_mother:mlp:13:,noise,82,0.001953125,False
434:fact3_mother:mlp:13:,noise,96,0.0053253173828125,False
434:fact3_mother:mlp:13:,noise,98,0.037353515625,False
434:fact3_mother:mlp:13:,noise,102,0.023284912109375,False
434:fact3_mother:mlp:13:,noise,116,0.00994873046875,False
434:fact3_mother:mlp:13:,noise,130,-0.007904052734375,False
434:fact3_mother:mlp:13:,noise,150,0.004486083984375,False
434:fact3_mother:mlp:13:,noise,154,0.037353515625,False
434:fact3_mother:mlp:13:,noise,162,-0.005615234375,False
434:fact3_mother:mlp:13:,noise,176,-0.001708984375,False
434:fact3_mother:mlp:13:,noise,178,-0.01702117919921875,False
434:fact3_mother:mlp:13:,noise,186,-0.00396728515625,False
434:fact3_mother:mlp:13:,noise,192,0.00555419921875,False
434:fact3_mother:mlp:13:,noise,196,-0.00634765625,False
434:fact3_mother:mlp:14:,noise,0,0.008056640625,False
434:fact3_mother:mlp:14:,noise,16,-0.0077362060546875,False
434:fact3_mother:mlp:14:,noise,32,-0.0281524658203125,False
434:fact3_mother:mlp:14:,noise,48,-0.01029205322265625,False
434:fact3_mother:mlp:14:,noise,56,0.0036468505859375,False
434:fact3_mother:mlp:14:,noise,64,0.00616455078125,False
434:fact3_mother:mlp:14:,noise,82,-0.013427734375,False
434:fact3_mother:mlp:14:,noise,96,-0.08211517333984375,False
434:fact3_mother:mlp:14:,noise,98,0.010833740234375,False
434:fact3_mother:mlp:14:,noise,102,-0.00469207763671875,False
434:fact3_mother:mlp:14:,noise,116,-0.0067138671875,False
434:fact3_mother:mlp:14:,noise,130,-0.015472412109375,False
434:fact3_mother:mlp:14:,noise,150,-0.0047607421875,False
434:fact3_mother:mlp:14:,noise,154,-0.00946044921875,False
434:fact3_mother:mlp:14:,noise,162,-0.0087890625,False
434:fact3_mother:mlp:14:,noise,176,-0.01611328125,False
434:fact3_mother:mlp:14:,noise,178,-0.00371551513671875,False
434:fact3_mother:mlp:14:,noise,186,0.0123291015625,False
434:fact3_mother:mlp:14:,noise,192,-0.0106201171875,False
434:fact3_mother:mlp:14:,noise,196,0.01708984375,False
434:fact3_template:head:513:K,noise,0,0.005584716796875,False
434:fact3_template:head:513:K,noise,16,0.003631591796875,False
434:fact3_template:head:513:K,noise,32,-0.0044403076171875,False
434:fact3_template:head:513:K,noise,48,0.00732421875,False
434:fact3_template:head:513:K,noise,56,-0.0023040771484375,False
434:fact3_template:head:513:K,noise,64,-0.00067138671875,False
434:fact3_template:head:513:K,noise,82,-0.00103759765625,False
434:fact3_template:head:513:K,noise,96,-0.00222015380859375,False
434:fact3_template:head:513:K,noise,98,0.0020751953125,False
434:fact3_template:head:513:K,noise,102,0.0015869140625,False
434:fact3_template:head:513:K,noise,116,-0.0013427734375,False
434:fact3_template:head:513:K,noise,130,-0.0039825439453125,False
434:fact3_template:head:513:K,noise,150,0.001251220703125,False
434:fact3_template:head:513:K,noise,154,0.00244140625,False
434:fact3_template:head:513:K,noise,162,-0.000244140625,False
434:fact3_template:head:513:K,noise,176,0.000732421875,False
434:fact3_template:head:513:K,noise,178,0.003040313720703125,False
434:fact3_template:head:513:K,noise,186,6.103515625e-05,False
434:fact3_template:head:513:K,noise,192,0.000732421875,False
434:fact3_template:head:513:K,noise,196,0.01220703125,False
434:fact3_template:head:513:V,noise,0,0.0035400390625,False
434:fact3_template:head:513:V,noise,16,0.003570556640625,False
434:fact3_template:head:513:V,noise,32,-0.0039520263671875,False
434:fact3_template:head:513:V,noise,48,0.0034637451171875,False
434:fact3_template:head:513:V,noise,56,-0.00408935546875,False
434:fact3_template:head:513:V,noise,64,0.00079345703125,False
434:fact3_template:head:513:V,noise,82,0.00323486328125,False
434:fact3_template:head:513:V,noise,96,0.00145721435546875,False
434:fact3_template:head:513:V,noise,98,-0.0020751953125,False
434:fact3_template:head:513:V,noise,102,0.00125885009765625,False
434:fact3_template:head:513:V,noise,116,-0.0068359375,False
434:fact3_template:head:513:V,noise,130,-0.000640869140625,False
434:fact3_template:head:513:V,noise,150,0.002899169921875,False
434:fact3_template:head:513:V,noise,154,0.0013427734375,False
434:fact3_template:head:513:V,noise,162,-0.00146484375,False
434:fact3_template:head:513:V,noise,176,-0.0003662109375,False
434:fact3_template:head:513:V,noise,178,0.0001220703125,False
434:fact3_template:head:513:V,noise,186,0.0020751953125,False
434:fact3_template:head:513:V,noise,192,0.0025634765625,False
434:fact3_template:head:513:V,noise,196,-0.00390625,False
434:fact3_template:head:533:K,noise,0,0.001190185546875,False
434:fact3_template:head:533:K,noise,16,-0.0005035400390625,False
434:fact3_template:head:533:K,noise,32,-0.000396728515625,False
434:fact3_template:head:533:K,noise,48,0.00145721435546875,False
434:fact3_template:head:533:K,noise,56,0.0018768310546875,False
434:fact3_template:head:533:K,noise,64,0.00115966796875,False
434:fact3_template:head:533:K,noise,82,-0.00079345703125,False
434:fact3_template:head:533:K,noise,96,-0.003265380859375,False
434:fact3_template:head:533:K,noise,98,-0.00152587890625,False
434:fact3_template:head:533:K,noise,102,0.00164031982421875,False
434:fact3_template:head:533:K,noise,116,-0.001953125,False
434:fact3_template:head:533:K,noise,130,-0.00494384765625,False
434:fact3_template:head:533:K,noise,150,0.003387451171875,False
434:fact3_template:head:533:K,noise,154,0.00555419921875,False
434:fact3_template:head:533:K,noise,162,-0.0009765625,False
434:fact3_template:head:533:K,noise,176,-0.000244140625,False
434:fact3_template:head:533:K,noise,178,-0.0027408599853515625,False
434:fact3_template:head:533:K,noise,186,-0.000244140625,False
434:fact3_template:head:533:K,noise,192,-0.004150390625,False
434:fact3_template:head:533:K,noise,196,-0.00048828125,False
434:fact3_template:head:533:V,noise,0,-0.000732421875,False
434:fact3_template:head:533:V,noise,16,0.000946044921875,False
434:fact3_template:head:533:V,noise,32,0.0016632080078125,False
434:fact3_template:head:533:V,noise,48,-0.0013275146484375,False
434:fact3_template:head:533:V,noise,56,-0.00262451171875,False
434:fact3_template:head:533:V,noise,64,-0.000244140625,False
434:fact3_template:head:533:V,noise,82,-0.00341796875,False
434:fact3_template:head:533:V,noise,96,-0.00266265869140625,False
434:fact3_template:head:533:V,noise,98,-0.000732421875,False
434:fact3_template:head:533:V,noise,102,0.0016937255859375,False
434:fact3_template:head:533:V,noise,116,-0.0074462890625,False
434:fact3_template:head:533:V,noise,130,-0.0047149658203125,False
434:fact3_template:head:533:V,noise,150,0.001495361328125,False
434:fact3_template:head:533:V,noise,154,-0.0001220703125,False
434:fact3_template:head:533:V,noise,162,-0.0009765625,False
434:fact3_template:head:533:V,noise,176,0.0010986328125,False
434:fact3_template:head:533:V,noise,178,-0.005611419677734375,False
434:fact3_template:head:533:V,noise,186,-0.00653076171875,False
434:fact3_template:head:533:V,noise,192,-0.00555419921875,False
434:fact3_template:head:533:V,noise,196,0.0029296875,False
434:fact3_template:head:547:K,noise,0,-0.00128173828125,False
434:fact3_template:head:547:K,noise,16,-0.0047607421875,False
434:fact3_template:head:547:K,noise,32,9.1552734375e-05,False
434:fact3_template:head:547:K,noise,48,-0.00125885009765625,False
434:fact3_template:head:547:K,noise,56,-0.001556396484375,False
434:fact3_template:head:547:K,noise,64,-0.0006103515625,False
434:fact3_template:head:547:K,noise,82,0.007568359375,False
434:fact3_template:head:547:K,noise,96,-0.003570556640625,False
434:fact3_template:head:547:K,noise,98,-0.0108642578125,False
434:fact3_template:head:547:K,noise,102,-0.00772857666015625,False
434:fact3_template:head:547:K,noise,116,-0.01165771484375,False
434:fact3_template:head:547:K,noise,130,-0.0020751953125,False
434:fact3_template:head:547:K,noise,150,0.001495361328125,False
434:fact3_template:head:547:K,noise,154,-0.0113525390625,False
434:fact3_template:head:547:K,noise,162,0.001953125,False
434:fact3_template:head:547:K,noise,176,-0.0052490234375,False
434:fact3_template:head:547:K,noise,178,-0.020782470703125,False
434:fact3_template:head:547:K,noise,186,-0.01031494140625,False
434:fact3_template:head:547:K,noise,192,-0.0020751953125,False
434:fact3_template:head:547:K,noise,196,-0.00244140625,False
434:fact3_template:head:547:V,noise,0,-0.015533447265625,False
434:fact3_template:head:547:V,noise,16,-0.0134124755859375,False
434:fact3_template:head:547:V,noise,32,-0.03436279296875,False
434:fact3_template:head:547:V,noise,48,-0.002410888671875,False
434:fact3_template:head:547:V,noise,56,-0.0032501220703125,False
434:fact3_template:head:547:V,noise,64,-0.00146484375,False
434:fact3_template:head:547:V,noise,82,-0.0078125,False
434:fact3_template:head:547:V,noise,96,-0.0127105712890625,False
434:fact3_template:head:547:V,noise,98,-0.017913818359375,False
434:fact3_template:head:547:V,noise,102,-0.00540924072265625,False
434:fact3_template:head:547:V,noise,116,-0.01007080078125,False
434:fact3_template:head:547:V,noise,130,0.0029144287109375,False
434:fact3_template:head:547:V,noise,150,-6.103515625e-05,False
434:fact3_template:head:547:V,noise,154,-0.0205078125,False
434:fact3_template:head:547:V,noise,162,-0.006103515625,False
434:fact3_template:head:547:V,noise,176,-0.0078125,False
434:fact3_template:head:547:V,noise,178,-0.018505096435546875,False
434:fact3_template:head:547:V,noise,186,-0.0137939453125,False
434:fact3_template:head:547:V,noise,192,-0.009521484375,False
434:fact3_template:head:547:V,noise,196,0.0029296875,False
434:fact3_template:head:561:K,noise,0,-3.0517578125e-05,False
434:fact3_template:head:561:K,noise,16,3.0517578125e-05,False
434:fact3_template:head:561:K,noise,32,0.0010528564453125,False
434:fact3_template:head:561:K,noise,48,0.0012664794921875,False
434:fact3_template:head:561:K,noise,56,-0.0012664794921875,False
434:fact3_template:head:561:K,noise,64,0.001220703125,False
434:fact3_template:head:561:K,noise,82,-0.00164794921875,False
434:fact3_template:head:561:K,noise,96,0.0001220703125,False
434:fact3_template:head:561:K,noise,98,-0.002716064453125,False
434:fact3_template:head:561:K,noise,102,-0.0005340576171875,False
434:fact3_template:head:561:K,noise,116,-0.00274658203125,False
434:fact3_template:head:561:K,noise,130,-0.00042724609375,False
434:fact3_template:head:561:K,noise,150,0.00177001953125,False
434:fact3_template:head:561:K,noise,154,0.00299072265625,False
434:fact3_template:head:561:K,noise,162,-0.000732421875,False
434:fact3_template:head:561:K,noise,176,-0.002197265625,False
434:fact3_template:head:561:K,noise,178,-0.00315093994140625,False
434:fact3_template:head:561:K,noise,186,-0.00189208984375,False
434:fact3_template:head:561:K,noise,192,-0.00189208984375,False
434:fact3_template:head:561:K,noise,196,0.0,False
434:fact3_template:head:561:V,noise,0,0.004364013671875,False
434:fact3_template:head:561:V,noise,16,0.0013275146484375,False
434:fact3_template:head:561:V,noise,32,0.00115966796875,False
434:fact3_template:head:561:V,noise,48,0.0013275146484375,False
434:fact3_template:head:561:V,noise,56,-0.002716064453125,False
434:fact3_template:head:561:V,noise,64,-0.00103759765625,False
434:fact3_template:head:561:V,noise,82,0.001708984375,False
434:fact3_template:head:561:V,noise,96,0.002044677734375,False
434:fact3_template:head:561:V,noise,98,-0.00177001953125,False
434:fact3_template:head:561:V,noise,102,0.003753662109375,False
434:fact3_template:head:561:V,noise,116,-0.00567626953125,False
434:fact3_template:head:561:V,noise,130,-0.0061492919921875,False
434:fact3_template:head:561:V,noise,150,0.00042724609375,False
434:fact3_template:head:561:V,noise,154,0.0054931640625,False
434:fact3_template:head:561:V,noise,162,0.0009765625,False
434:fact3_template:head:561:V,noise,176,0.000244140625,False
434:fact3_template:head:561:V,noise,178,-0.002231597900390625,False
434:fact3_template:head:561:V,noise,186,0.00067138671875,False
434:fact3_template:head:561:V,noise,192,-0.00030517578125,False
434:fact3_template:head:561:V,noise,196,-0.00390625,False
434:fact3_template:head:568:K,noise,0,0.00213623046875,False
434:fact3_template:head:568:K,noise,16,-0.0003204345703125,False
434:fact3_template:head:568:K,noise,32,-0.003173828125,False
434:fact3_template:head:568:K,noise,48,0.00116729736328125,False
434:fact3_template:head:568:K,noise,56,-0.00079345703125,False
434:fact3_template:head:568:K,noise,64,0.0,False
434:fact3_template:head:568:K,noise,82,-6.103515625e-05,False
434:fact3_template:head:568:K,noise,96,0.00626373291015625,False
434:fact3_template:head:568:K,noise,98,-0.002777099609375,False
434:fact3_template:head:568:K,noise,102,0.0019989013671875,False
434:fact3_template:head:568:K,noise,116,-0.00555419921875,False
434:fact3_template:head:568:K,noise,130,-0.001800537109375,False
434:fact3_template:head:568:K,noise,150,0.002593994140625,False
434:fact3_template:head:568:K,noise,154,-0.00189208984375,False
434:fact3_template:head:568:K,noise,162,-0.000732421875,False
434:fact3_template:head:568:K,noise,176,0.0010986328125,False
434:fact3_template:head:568:K,noise,178,-0.003200531005859375,False
434:fact3_template:head:568:K,noise,186,0.00213623046875,False
434:fact3_template:head:568:K,noise,192,-0.000732421875,False
434:fact3_template:head:568:K,noise,196,-0.001953125,False
434:fact3_template:head:568:V,noise,0,0.01226806640625,False
434:fact3_template:head:568:V,noise,16,0.0066986083984375,False
434:fact3_template:head:568:V,noise,32,0.0164642333984375,False
434:fact3_template:head:568:V,noise,48,0.005035400390625,False
434:fact3_template:head:568:V,noise,56,-0.0009918212890625,False
434:fact3_template:head:568:V,noise,64,0.00146484375,False
434:fact3_template:head:568:V,noise,82,0.005615234375,False
434:fact3_template:head:568:V,noise,96,0.00812530517578125,False
434:fact3_template:head:568:V,noise,98,0.00457763671875,False
434:fact3_template:head:568:V,noise,102,0.0023651123046875,False
434:fact3_template:head:568:V,noise,116,0.00054931640625,False
434:fact3_template:head:568:V,noise,130,-0.004425048828125,False
434:fact3_template:head:568:V,noise,150,0.000701904296875,False
434:fact3_template:head:568:V,noise,154,0.01513671875,False
434:fact3_template:head:568:V,noise,162,0.003662109375,False
434:fact3_template:head:568:V,noise,176,0.0072021484375,False
434:fact3_template:head:568:V,noise,178,0.002056121826171875,False
434:fact3_template:head:568:V,noise,186,0.00469970703125,False
434:fact3_template:head:568:V,noise,192,0.00018310546875,False
434:fact3_template:head:568:V,noise,196,-0.0078125,False
434:fact3_template:head:594:K,noise,0,0.02032470703125,False
434:fact3_template:head:594:K,noise,16,0.0195465087890625,False
434:fact3_template:head:594:K,noise,32,0.0154876708984375,False
434:fact3_template:head:594:K,noise,48,0.0331878662109375,False
434:fact3_template:head:594:K,noise,56,-0.011566162109375,False
434:fact3_template:head:594:K,noise,64,0.01971435546875,False
434:fact3_template:head:594:K,noise,82,-0.027587890625,False
434:fact3_template:head:594:K,noise,96,0.02901458740234375,False
434:fact3_template:head:594:K,noise,98,0.099639892578125,False
434:fact3_template:head:594:K,noise,102,0.0403900146484375,False
434:fact3_template:head:594:K,noise,116,0.050048828125,False
434:fact3_template:head:594:K,noise,130,-0.0008697509765625,False
434:fact3_template:head:594:K,noise,150,-0.00152587890625,False
434:fact3_template:head:594:K,noise,154,0.08856201171875,False
434:fact3_template:head:594:K,noise,162,-0.0087890625,False
434:fact3_template:head:594:K,noise,176,0.0545654296875,False
434:fact3_template:head:594:K,noise,178,0.06388473510742188,False
434:fact3_template:head:594:K,noise,186,0.0865478515625,False
434:fact3_template:head:594:K,noise,192,0.01580810546875,False
434:fact3_template:head:594:K,noise,196,0.01220703125,False
434:fact3_template:head:594:V,noise,0,3.0517578125e-05,False
434:fact3_template:head:594:V,noise,16,-0.003265380859375,False
434:fact3_template:head:594:V,noise,32,0.00244140625,False
434:fact3_template:head:594:V,noise,48,0.0041351318359375,False
434:fact3_template:head:594:V,noise,56,-0.0051422119140625,False
434:fact3_template:head:594:V,noise,64,-0.0001220703125,False
434:fact3_template:head:594:V,noise,82,-0.00042724609375,False
434:fact3_template:head:594:V,noise,96,-0.003387451171875,False
434:fact3_template:head:594:V,noise,98,0.000701904296875,False
434:fact3_template:head:594:V,noise,102,0.00405120849609375,False
434:fact3_template:head:594:V,noise,116,-0.0076904296875,False
434:fact3_template:head:594:V,noise,130,0.0008697509765625,False
434:fact3_template:head:594:V,noise,150,0.0006103515625,False
434:fact3_template:head:594:V,noise,154,-0.00518798828125,False
434:fact3_template:head:594:V,noise,162,-0.00048828125,False
434:fact3_template:head:594:V,noise,176,-0.001953125,False
434:fact3_template:head:594:V,noise,178,-0.00936126708984375,False
434:fact3_template:head:594:V,noise,186,-0.00592041015625,False
434:fact3_template:head:594:V,noise,192,-0.0072021484375,False
434:fact3_template:head:594:V,noise,196,0.00244140625,False
434:fact3_template:head:595:K,noise,0,0.0262451171875,False
434:fact3_template:head:595:K,noise,16,0.038848876953125,False
434:fact3_template:head:595:K,noise,32,-0.0164642333984375,False
434:fact3_template:head:595:K,noise,48,0.023193359375,False
434:fact3_template:head:595:K,noise,56,-0.0170135498046875,False
434:fact3_template:head:595:K,noise,64,0.016357421875,False
434:fact3_template:head:595:K,noise,82,-0.015380859375,False
434:fact3_template:head:595:K,noise,96,-0.0102081298828125,False
434:fact3_template:head:595:K,noise,98,0.0682373046875,False
434:fact3_template:head:595:K,noise,102,0.02392578125,False
434:fact3_template:head:595:K,noise,116,0.0426025390625,False
434:fact3_template:head:595:K,noise,130,0.0036773681640625,False
434:fact3_template:head:595:K,noise,150,0.00091552734375,False
434:fact3_template:head:595:K,noise,154,0.05523681640625,False
434:fact3_template:head:595:K,noise,162,0.01220703125,False
434:fact3_template:head:595:K,noise,176,0.0313720703125,False
434:fact3_template:head:595:K,noise,178,0.0514678955078125,False
434:fact3_template:head:595:K,noise,186,0.02911376953125,False
434:fact3_template:head:595:K,noise,192,0.014892578125,False
434:fact3_template:head:595:K,noise,196,-0.00732421875,False
434:fact3_template:head:595:V,noise,0,0.008941650390625,False
434:fact3_template:head:595:V,noise,16,0.0040130615234375,False
434:fact3_template:head:595:V,noise,32,0.007415771484375,False
434:fact3_template:head:595:V,noise,48,0.0058441162109375,False
434:fact3_template:head:595:V,noise,56,0.0018310546875,False
434:fact3_template:head:595:V,noise,64,-0.002685546875,False
434:fact3_template:head:595:V,noise,82,0.0013427734375,False
434:fact3_template:head:595:V,noise,96,0.01732635498046875,False
434:fact3_template:head:595:V,noise,98,0.012237548828125,False
434:fact3_template:head:595:V,noise,102,-5.340576171875e-05,False
434:fact3_template:head:595:V,noise,116,-0.005615234375,False
434:fact3_template:head:595:V,noise,130,-0.0068817138671875,False
434:fact3_template:head:595:V,noise,150,0.00323486328125,False
434:fact3_template:head:595:V,noise,154,0.01666259765625,False
434:fact3_template:head:595:V,noise,162,0.01318359375,False
434:fact3_template:head:595:V,noise,176,0.00634765625,False
434:fact3_template:head:595:V,noise,178,0.007747650146484375,False
434:fact3_template:head:595:V,noise,186,0.00262451171875,False
434:fact3_template:head:595:V,noise,192,0.00506591796875,False
434:fact3_template:head:595:V,noise,196,-0.00732421875,False
434:fact3_template:head:600:K,noise,0,0.00152587890625,False
434:fact3_template:head:600:K,noise,16,0.0014495849609375,False
434:fact3_template:head:600:K,noise,32,0.0052642822265625,False
434:fact3_template:head:600:K,noise,48,-0.00272369384765625,False
434:fact3_template:head:600:K,noise,56,-0.0009918212890625,False
434:fact3_template:head:600:K,noise,64,-0.0064697265625,False
434:fact3_template:head:600:K,noise,82,-0.0169677734375,False
434:fact3_template:head:600:K,noise,96,-0.00421905517578125,False
434:fact3_template:head:600:K,noise,98,0.02740478515625,False
434:fact3_template:head:600:K,noise,102,0.0052642822265625,False
434:fact3_template:head:600:K,noise,116,0.00152587890625,False
434:fact3_template:head:600:K,noise,130,-0.004180908203125,False
434:fact3_template:head:600:K,noise,150,-0.001373291015625,False
434:fact3_template:head:600:K,noise,154,0.021728515625,False
434:fact3_template:head:600:K,noise,162,-0.006591796875,False
434:fact3_template:head:600:K,noise,176,0.001220703125,False
434:fact3_template:head:600:K,noise,178,0.00931549072265625,False
434:fact3_template:head:600:K,noise,186,0.01275634765625,False
434:fact3_template:head:600:K,noise,192,0.0003662109375,False
434:fact3_template:head:600:K,noise,196,0.0,False
434:fact3_template:head:600:V,noise,0,-0.0037841796875,False
434:fact3_template:head:600:V,noise,16,-0.00238037109375,False
434:fact3_template:head:600:V,noise,32,-0.0002899169921875,False
434:fact3_template:head:600:V,noise,48,0.0037689208984375,False
434:fact3_template:head:600:V,noise,56,-0.0019073486328125,False
434:fact3_template:head:600:V,noise,64,0.001953125,False
434:fact3_template:head:600:V,noise,82,0.00469970703125,False
434:fact3_template:head:600:V,noise,96,0.00356292724609375,False
434:fact3_template:head:600:V,noise,98,-0.003204345703125,False
434:fact3_template:head:600:V,noise,102,-0.00051116943359375,False
434:fact3_template:head:600:V,noise,116,-0.0023193359375,False
434:fact3_template:head:600:V,noise,130,-0.001922607421875,False
434:fact3_template:head:600:V,noise,150,0.00164794921875,False
434:fact3_template:head:600:V,noise,154,0.00225830078125,False
434:fact3_template:head:600:V,noise,162,0.00537109375,False
434:fact3_template:head:600:V,noise,176,-0.0029296875,False
434:fact3_template:head:600:V,noise,178,-0.003551483154296875,False
434:fact3_template:head:600:V,noise,186,0.00201416015625,False
434:fact3_template:head:600:V,noise,192,0.0003662109375,False
434:fact3_template:head:600:V,noise,196,0.0048828125,False
434:fact3_template:head:624:K,noise,0,-0.002899169921875,False
434:fact3_template:head:624:K,noise,16,-0.0037841796875,False
434:fact3_template:head:624:K,noise,32,-0.0051422119140625,False
434:fact3_template:head:624:K,noise,48,0.00049591064453125,False
434:fact3_template:head:624:K,noise,56,0.0006256103515625,False
434:fact3_template:head:624:K,noise,64,-0.0009765625,False
434:fact3_template:head:624:K,noise,82,0.00372314453125,False
434:fact3_template:head:624:K,noise,96,0.0009307861328125,False
434:fact3_template:head:624:K,noise,98,-0.004180908203125,False
434:fact3_template:head:624:K,noise,102,-0.000640869140625,False
434:fact3_template:head:624:K,noise,116,-0.0067138671875,False
434:fact3_template:head:624:K,noise,130,0.0018157958984375,False
434:fact3_template:head:624:K,noise,150,0.002471923828125,False
434:fact3_template:head:624:K,noise,154,0.0003662109375,False
434:fact3_template:head:624:K,noise,162,0.000244140625,False
434:fact3_template:head:624:K,noise,176,-0.003662109375,False
434:fact3_template:head:624:K,noise,178,-0.003932952880859375,False
434:fact3_template:head:624:K,noise,186,-0.00634765625,False
434:fact3_template:head:624:K,noise,192,-0.002685546875,False
434:fact3_template:head:624:K,noise,196,-0.00244140625,False
434:fact3_template:head:624:V,noise,0,-6.103515625e-05,False
434:fact3_template:head:624:V,noise,16,0.0008697509765625,False
434:fact3_template:head:624:V,noise,32,0.00042724609375,False
434:fact3_template:head:624:V,noise,48,0.000762939453125,False
434:fact3_template:head:624:V,noise,56,0.00048828125,False
434:fact3_template:head:624:V,noise,64,-0.000244140625,False
434:fact3_template:head:624:V,noise,82,0.0,False
434:fact3_template:head:624:V,noise,96,0.001922607421875,False
434:fact3_template:head:624:V,noise,98,-0.0030517578125,False
434:fact3_template:head:624:V,noise,102,0.0023345947265625,False
434:fact3_template:head:624:V,noise,116,-0.00482177734375,False
434:fact3_template:head:624:V,noise,130,-0.0006103515625,False
434:fact3_template:head:624:V,noise,150,0.002838134765625,False
434:fact3_template:head:624:V,noise,154,-0.0018310546875,False
434:fact3_template:head:624:V,noise,162,0.000244140625,False
434:fact3_template:head:624:V,noise,176,-0.0009765625,False
434:fact3_template:head:624:V,noise,178,-0.002643585205078125,False
434:fact3_template:head:624:V,noise,186,-0.00079345703125,False
434:fact3_template:head:624:V,noise,192,-0.00128173828125,False
434:fact3_template:head:624:V,noise,196,0.001953125,False
434:fact3_template:head:630:K,noise,0,0.00311279296875,False
434:fact3_template:head:630:K,noise,16,-0.001007080078125,False
434:fact3_template:head:630:K,noise,32,-0.0059814453125,False
434:fact3_template:head:630:K,noise,48,0.00360107421875,False
434:fact3_template:head:630:K,noise,56,-0.0020599365234375,False
434:fact3_template:head:630:K,noise,64,0.0013427734375,False
434:fact3_template:head:630:K,noise,82,0.0003662109375,False
434:fact3_template:head:630:K,noise,96,-0.00078582763671875,False
434:fact3_template:head:630:K,noise,98,-0.003082275390625,False
434:fact3_template:head:630:K,noise,102,-0.00057220458984375,False
434:fact3_template:head:630:K,noise,116,-0.00286865234375,False
434:fact3_template:head:630:K,noise,130,-0.00128173828125,False
434:fact3_template:head:630:K,noise,150,-0.00030517578125,False
434:fact3_template:head:630:K,noise,154,0.004638671875,False
434:fact3_template:head:630:K,noise,162,0.00146484375,False
434:fact3_template:head:630:K,noise,176,-0.0010986328125,False
434:fact3_template:head:630:K,noise,178,-0.00089263916015625,False
434:fact3_template:head:630:K,noise,186,0.000244140625,False
434:fact3_template:head:630:K,noise,192,-0.005615234375,False
434:fact3_template:head:630:K,noise,196,-0.00146484375,False
434:fact3_template:head:630:V,noise,0,0.003631591796875,False
434:fact3_template:head:630:V,noise,16,-0.000457763671875,False
434:fact3_template:head:630:V,noise,32,0.0024261474609375,False
434:fact3_template:head:630:V,noise,48,0.002105712890625,False
434:fact3_template:head:630:V,noise,56,-0.000335693359375,False
434:fact3_template:head:630:V,noise,64,-0.0003662109375,False
434:fact3_template:head:630:V,noise,82,-0.0008544921875,False
434:fact3_template:head:630:V,noise,96,-0.00197601318359375,False
434:fact3_template:head:630:V,noise,98,-0.0030517578125,False
434:fact3_template:head:630:V,noise,102,0.00310516357421875,False
434:fact3_template:head:630:V,noise,116,-0.00146484375,False
434:fact3_template:head:630:V,noise,130,-0.001312255859375,False
434:fact3_template:head:630:V,noise,150,0.002471923828125,False
434:fact3_template:head:630:V,noise,154,0.00128173828125,False
434:fact3_template:head:630:V,noise,162,0.000244140625,False
434:fact3_template:head:630:V,noise,176,-0.0023193359375,False
434:fact3_template:head:630:V,noise,178,-0.002887725830078125,False
434:fact3_template:head:630:V,noise,186,-0.00067138671875,False
434:fact3_template:head:630:V,noise,192,-0.00048828125,False
434:fact3_template:head:630:V,noise,196,-0.0029296875,False
434:fact3_template:head:641:K,noise,0,0.00299072265625,False
434:fact3_template:head:641:K,noise,16,-0.0012054443359375,False
434:fact3_template:head:641:K,noise,32,-0.00128173828125,False
434:fact3_template:head:641:K,noise,48,-0.00223541259765625,False
434:fact3_template:head:641:K,noise,56,-0.004364013671875,False
434:fact3_template:head:641:K,noise,64,0.0008544921875,False
434:fact3_template:head:641:K,noise,82,0.004638671875,False
434:fact3_template:head:641:K,noise,96,-0.0018768310546875,False
434:fact3_template:head:641:K,noise,98,-0.00494384765625,False
434:fact3_template:head:641:K,noise,102,-0.001068115234375,False
434:fact3_template:head:641:K,noise,116,-0.005126953125,False
434:fact3_template:head:641:K,noise,130,-0.002685546875,False
434:fact3_template:head:641:K,noise,150,0.001129150390625,False
434:fact3_template:head:641:K,noise,154,-0.002685546875,False
434:fact3_template:head:641:K,noise,162,0.0,False
434:fact3_template:head:641:K,noise,176,-0.0030517578125,False
434:fact3_template:head:641:K,noise,178,-0.011646270751953125,False
434:fact3_template:head:641:K,noise,186,-0.0074462890625,False
434:fact3_template:head:641:K,noise,192,-0.0020751953125,False
434:fact3_template:head:641:K,noise,196,0.00048828125,False
434:fact3_template:head:641:V,noise,0,-0.001190185546875,False
434:fact3_template:head:641:V,noise,16,-0.00299072265625,False
434:fact3_template:head:641:V,noise,32,-0.00372314453125,False
434:fact3_template:head:641:V,noise,48,0.001495361328125,False
434:fact3_template:head:641:V,noise,56,7.62939453125e-05,False
434:fact3_template:head:641:V,noise,64,-0.0008544921875,False
434:fact3_template:head:641:V,noise,82,0.00079345703125,False
434:fact3_template:head:641:V,noise,96,-0.00084686279296875,False
434:fact3_template:head:641:V,noise,98,-0.002593994140625,False
434:fact3_template:head:641:V,noise,102,0.0038604736328125,False
434:fact3_template:head:641:V,noise,116,-0.0028076171875,False
434:fact3_template:head:641:V,noise,130,-0.0023956298828125,False
434:fact3_template:head:641:V,noise,150,-0.002166748046875,False
434:fact3_template:head:641:V,noise,154,-0.004638671875,False
434:fact3_template:head:641:V,noise,162,0.00390625,False
434:fact3_template:head:641:V,noise,176,-0.001953125,False
434:fact3_template:head:641:V,noise,178,-0.010057449340820312,False
434:fact3_template:head:641:V,noise,186,-0.0035400390625,False
434:fact3_template:head:641:V,noise,192,-0.00665283203125,False
434:fact3_template:head:641:V,noise,196,0.00048828125,False
434:fact3_template:head:678:K,noise,0,0.000335693359375,False
434:fact3_template:head:678:K,noise,16,0.0009613037109375,False
434:fact3_template:head:678:K,noise,32,-0.003662109375,False
434:fact3_template:head:678:K,noise,48,0.00112152099609375,False
434:fact3_template:head:678:K,noise,56,-0.0033721923828125,False
434:fact3_template:head:678:K,noise,64,-0.00042724609375,False
434:fact3_template:head:678:K,noise,82,0.0023193359375,False
434:fact3_template:head:678:K,noise,96,-0.00020599365234375,False
434:fact3_template:head:678:K,noise,98,-0.004669189453125,False
434:fact3_template:head:678:K,noise,102,0.0007781982421875,False
434:fact3_template:head:678:K,noise,116,-0.0032958984375,False
434:fact3_template:head:678:K,noise,130,0.000396728515625,False
434:fact3_template:head:678:K,noise,150,0.000244140625,False
434:fact3_template:head:678:K,noise,154,0.00274658203125,False
434:fact3_template:head:678:K,noise,162,0.0,False
434:fact3_template:head:678:K,noise,176,-0.0001220703125,False
434:fact3_template:head:678:K,noise,178,-0.004444122314453125,False
434:fact3_template:head:678:K,noise,186,0.0018310546875,False
434:fact3_template:head:678:K,noise,192,-0.0037841796875,False
434:fact3_template:head:678:K,noise,196,0.00244140625,False
434:fact3_template:head:678:V,noise,0,0.00311279296875,False
434:fact3_template:head:678:V,noise,16,0.0001678466796875,False
434:fact3_template:head:678:V,noise,32,-0.0017242431640625,False
434:fact3_template:head:678:V,noise,48,0.0016326904296875,False
434:fact3_template:head:678:V,noise,56,-0.000732421875,False
434:fact3_template:head:678:V,noise,64,-0.0015869140625,False
434:fact3_template:head:678:V,noise,82,0.0030517578125,False
434:fact3_template:head:678:V,noise,96,-0.00101470947265625,False
434:fact3_template:head:678:V,noise,98,-0.0032958984375,False
434:fact3_template:head:678:V,noise,102,0.00107574462890625,False
434:fact3_template:head:678:V,noise,116,-0.001220703125,False
434:fact3_template:head:678:V,noise,130,0.002471923828125,False
434:fact3_template:head:678:V,noise,150,0.000579833984375,False
434:fact3_template:head:678:V,noise,154,0.00140380859375,False
434:fact3_template:head:678:V,noise,162,0.000732421875,False
434:fact3_template:head:678:V,noise,176,-0.0023193359375,False
434:fact3_template:head:678:V,noise,178,-0.003955841064453125,False
434:fact3_template:head:678:V,noise,186,-0.00140380859375,False
434:fact3_template:head:678:V,noise,192,-6.103515625e-05,False
434:fact3_template:head:678:V,noise,196,0.00244140625,False
434:fact3_template:head:690:K,noise,0,0.001922607421875,False
434:fact3_template:head:690:K,noise,16,-0.0026702880859375,False
434:fact3_template:head:690:K,noise,32,-0.0003814697265625,False
434:fact3_template:head:690:K,noise,48,0.0003204345703125,False
434:fact3_template:head:690:K,noise,56,-0.0014190673828125,False
434:fact3_template:head:690:K,noise,64,-0.00128173828125,False
434:fact3_template:head:690:K,noise,82,0.00238037109375,False
434:fact3_template:head:690:K,noise,96,-0.00237274169921875,False
434:fact3_template:head:690:K,noise,98,0.0006103515625,False
434:fact3_template:head:690:K,noise,102,0.00023651123046875,False
434:fact3_template:head:690:K,noise,116,-0.0018310546875,False
434:fact3_template:head:690:K,noise,130,-0.002105712890625,False
434:fact3_template:head:690:K,noise,150,-0.001007080078125,False
434:fact3_template:head:690:K,noise,154,0.00164794921875,False
434:fact3_template:head:690:K,noise,162,0.00244140625,False
434:fact3_template:head:690:K,noise,176,0.0010986328125,False
434:fact3_template:head:690:K,noise,178,0.00046539306640625,False
434:fact3_template:head:690:K,noise,186,0.00054931640625,False
434:fact3_template:head:690:K,noise,192,-0.00103759765625,False
434:fact3_template:head:690:K,noise,196,-0.0009765625,False
434:fact3_template:head:690:V,noise,0,0.002105712890625,False
434:fact3_template:head:690:V,noise,16,0.00213623046875,False
434:fact3_template:head:690:V,noise,32,-0.0003509521484375,False
434:fact3_template:head:690:V,noise,48,0.0005950927734375,False
434:fact3_template:head:690:V,noise,56,-0.00299072265625,False
434:fact3_template:head:690:V,noise,64,-0.0003662109375,False
434:fact3_template:head:690:V,noise,82,0.00146484375,False
434:fact3_template:head:690:V,noise,96,-0.00266265869140625,False
434:fact3_template:head:690:V,noise,98,-0.0025634765625,False
434:fact3_template:head:690:V,noise,102,0.000732421875,False
434:fact3_template:head:690:V,noise,116,-0.00042724609375,False
434:fact3_template:head:690:V,noise,130,0.0029296875,False
434:fact3_template:head:690:V,noise,150,-0.000732421875,False
434:fact3_template:head:690:V,noise,154,0.0006103515625,False
434:fact3_template:head:690:V,noise,162,-0.0009765625,False
434:fact3_template:head:690:V,noise,176,-0.001220703125,False
434:fact3_template:head:690:V,noise,178,-0.002960205078125,False
434:fact3_template:head:690:V,noise,186,-0.00079345703125,False
434:fact3_template:head:690:V,noise,192,-6.103515625e-05,False
434:fact3_template:head:690:V,noise,196,0.001953125,False
434:fact3_template:head:695:K,noise,0,0.00396728515625,False
434:fact3_template:head:695:K,noise,16,0.001190185546875,False
434:fact3_template:head:695:K,noise,32,-0.00042724609375,False
434:fact3_template:head:695:K,noise,48,0.00274658203125,False
434:fact3_template:head:695:K,noise,56,-0.0013580322265625,False
434:fact3_template:head:695:K,noise,64,0.00091552734375,False
434:fact3_template:head:695:K,noise,82,0.0,False
434:fact3_template:head:695:K,noise,96,-0.00130462646484375,False
434:fact3_template:head:695:K,noise,98,-0.004608154296875,False
434:fact3_template:head:695:K,noise,102,0.001068115234375,False
434:fact3_template:head:695:K,noise,116,-0.00042724609375,False
434:fact3_template:head:695:K,noise,130,-0.0007476806640625,False
434:fact3_template:head:695:K,noise,150,0.003082275390625,False
434:fact3_template:head:695:K,noise,154,0.00079345703125,False
434:fact3_template:head:695:K,noise,162,0.000732421875,False
434:fact3_template:head:695:K,noise,176,0.001220703125,False
434:fact3_template:head:695:K,noise,178,-0.001384735107421875,False
434:fact3_template:head:695:K,noise,186,-0.00048828125,False
434:fact3_template:head:695:K,noise,192,0.00048828125,False
434:fact3_template:head:695:K,noise,196,-0.00048828125,False
434:fact3_template:head:695:V,noise,0,0.001953125,False
434:fact3_template:head:695:V,noise,16,-0.0016326904296875,False
434:fact3_template:head:695:V,noise,32,0.004486083984375,False
434:fact3_template:head:695:V,noise,48,0.0024566650390625,False
434:fact3_template:head:695:V,noise,56,0.0014801025390625,False
434:fact3_template:head:695:V,noise,64,0.00030517578125,False
434:fact3_template:head:695:V,noise,82,0.00189208984375,False
434:fact3_template:head:695:V,noise,96,-0.0005950927734375,False
434:fact3_template:head:695:V,noise,98,-0.001617431640625,False
434:fact3_template:head:695:V,noise,102,-0.0001068115234375,False
434:fact3_template:head:695:V,noise,116,-0.001708984375,False
434:fact3_template:head:695:V,noise,130,-0.00042724609375,False
434:fact3_template:head:695:V,noise,150,0.0032958984375,False
434:fact3_template:head:695:V,noise,154,0.00274658203125,False
434:fact3_template:head:695:V,noise,162,0.000732421875,False
434:fact3_template:head:695:V,noise,176,0.000732421875,False
434:fact3_template:head:695:V,noise,178,-0.001262664794921875,False
434:fact3_template:head:695:V,noise,186,0.00018310546875,False
434:fact3_template:head:695:V,noise,192,0.00067138671875,False
434:fact3_template:head:695:V,noise,196,0.00048828125,False
434:fact3_template:head:709:K,noise,0,0.0048828125,False
434:fact3_template:head:709:K,noise,16,-6.103515625e-05,False
434:fact3_template:head:709:K,noise,32,0.0043792724609375,False
434:fact3_template:head:709:K,noise,48,0.0035247802734375,False
434:fact3_template:head:709:K,noise,56,-0.0025177001953125,False
434:fact3_template:head:709:K,noise,64,0.0001220703125,False
434:fact3_template:head:709:K,noise,82,0.0,False
434:fact3_template:head:709:K,noise,96,0.00058746337890625,False
434:fact3_template:head:709:K,noise,98,0.006317138671875,False
434:fact3_template:head:709:K,noise,102,0.00911712646484375,False
434:fact3_template:head:709:K,noise,116,-0.00048828125,False
434:fact3_template:head:709:K,noise,130,-0.0003204345703125,False
434:fact3_template:head:709:K,noise,150,-0.00115966796875,False
434:fact3_template:head:709:K,noise,154,0.01202392578125,False
434:fact3_template:head:709:K,noise,162,-0.0009765625,False
434:fact3_template:head:709:K,noise,176,0.0032958984375,False
434:fact3_template:head:709:K,noise,178,0.006229400634765625,False
434:fact3_template:head:709:K,noise,186,0.009033203125,False
434:fact3_template:head:709:K,noise,192,-0.00054931640625,False
434:fact3_template:head:709:K,noise,196,-0.00341796875,False
434:fact3_template:head:709:V,noise,0,0.003814697265625,False
434:fact3_template:head:709:V,noise,16,0.001861572265625,False
434:fact3_template:head:709:V,noise,32,-0.0008544921875,False
434:fact3_template:head:709:V,noise,48,0.0001373291015625,False
434:fact3_template:head:709:V,noise,56,-0.002105712890625,False
434:fact3_template:head:709:V,noise,64,-0.00067138671875,False
434:fact3_template:head:709:V,noise,82,0.0018310546875,False
434:fact3_template:head:709:V,noise,96,-0.002349853515625,False
434:fact3_template:head:709:V,noise,98,-0.00048828125,False
434:fact3_template:head:709:V,noise,102,0.00305938720703125,False
434:fact3_template:head:709:V,noise,116,-0.003173828125,False
434:fact3_template:head:709:V,noise,130,-7.62939453125e-05,False
434:fact3_template:head:709:V,noise,150,0.000732421875,False
434:fact3_template:head:709:V,noise,154,0.00286865234375,False
434:fact3_template:head:709:V,noise,162,0.000732421875,False
434:fact3_template:head:709:V,noise,176,-0.001220703125,False
434:fact3_template:head:709:V,noise,178,-0.003124237060546875,False
434:fact3_template:head:709:V,noise,186,-0.0018310546875,False
434:fact3_template:head:709:V,noise,192,-0.00091552734375,False
434:fact3_template:head:709:V,noise,196,-0.00341796875,False
434:fact3_template:head:751:K,noise,0,0.000152587890625,False
434:fact3_template:head:751:K,noise,16,0.0004425048828125,False
434:fact3_template:head:751:K,noise,32,-0.0020904541015625,False
434:fact3_template:head:751:K,noise,48,0.000457763671875,False
434:fact3_template:head:751:K,noise,56,-0.0027313232421875,False
434:fact3_template:head:751:K,noise,64,-6.103515625e-05,False
434:fact3_template:head:751:K,noise,82,0.0015869140625,False
434:fact3_template:head:751:K,noise,96,0.00337982177734375,False
434:fact3_template:head:751:K,noise,98,-0.00213623046875,False
434:fact3_template:head:751:K,noise,102,0.00061798095703125,False
434:fact3_template:head:751:K,noise,116,0.0010986328125,False
434:fact3_template:head:751:K,noise,130,0.0016021728515625,False
434:fact3_template:head:751:K,noise,150,0.000640869140625,False
434:fact3_template:head:751:K,noise,154,0.004150390625,False
434:fact3_template:head:751:K,noise,162,-0.000732421875,False
434:fact3_template:head:751:K,noise,176,0.0018310546875,False
434:fact3_template:head:751:K,noise,178,-0.002414703369140625,False
434:fact3_template:head:751:K,noise,186,-0.0009765625,False
434:fact3_template:head:751:K,noise,192,-0.00054931640625,False
434:fact3_template:head:751:K,noise,196,-0.00048828125,False
434:fact3_template:head:751:V,noise,0,0.002777099609375,False
434:fact3_template:head:751:V,noise,16,3.0517578125e-05,False
434:fact3_template:head:751:V,noise,32,0.0023040771484375,False
434:fact3_template:head:751:V,noise,48,0.001190185546875,False
434:fact3_template:head:751:V,noise,56,-0.003387451171875,False
434:fact3_template:head:751:V,noise,64,-0.00018310546875,False
434:fact3_template:head:751:V,noise,82,0.000244140625,False
434:fact3_template:head:751:V,noise,96,-0.00325775146484375,False
434:fact3_template:head:751:V,noise,98,-0.00103759765625,False
434:fact3_template:head:751:V,noise,102,0.0007476806640625,False
434:fact3_template:head:751:V,noise,116,-0.0013427734375,False
434:fact3_template:head:751:V,noise,130,0.000640869140625,False
434:fact3_template:head:751:V,noise,150,0.00347900390625,False
434:fact3_template:head:751:V,noise,154,0.00311279296875,False
434:fact3_template:head:751:V,noise,162,0.000732421875,False
434:fact3_template:head:751:V,noise,176,-0.0013427734375,False
434:fact3_template:head:751:V,noise,178,-0.002376556396484375,False
434:fact3_template:head:751:V,noise,186,-0.00091552734375,False
434:fact3_template:head:751:V,noise,192,0.000732421875,False
434:fact3_template:head:751:V,noise,196,-0.00048828125,False
434:fact3_template:head:787:K,noise,0,0.004150390625,False
434:fact3_template:head:787:K,noise,16,0.002288818359375,False
434:fact3_template:head:787:K,noise,32,-0.002838134765625,False
434:fact3_template:head:787:K,noise,48,0.00020599365234375,False
434:fact3_template:head:787:K,noise,56,-0.0025482177734375,False
434:fact3_template:head:787:K,noise,64,-0.0015869140625,False
434:fact3_template:head:787:K,noise,82,0.00091552734375,False
434:fact3_template:head:787:K,noise,96,-0.00067901611328125,False
434:fact3_template:head:787:K,noise,98,0.0025634765625,False
434:fact3_template:head:787:K,noise,102,-0.000213623046875,False
434:fact3_template:head:787:K,noise,116,-0.00067138671875,False
434:fact3_template:head:787:K,noise,130,-0.0001983642578125,False
434:fact3_template:head:787:K,noise,150,0.003570556640625,False
434:fact3_template:head:787:K,noise,154,0.00311279296875,False
434:fact3_template:head:787:K,noise,162,0.0009765625,False
434:fact3_template:head:787:K,noise,176,-0.000732421875,False
434:fact3_template:head:787:K,noise,178,0.00131988525390625,False
434:fact3_template:head:787:K,noise,186,-6.103515625e-05,False
434:fact3_template:head:787:K,noise,192,-0.00054931640625,False
434:fact3_template:head:787:K,noise,196,0.00048828125,False
434:fact3_template:head:787:V,noise,0,0.000396728515625,False
434:fact3_template:head:787:V,noise,16,0.0021514892578125,False
434:fact3_template:head:787:V,noise,32,-0.00372314453125,False
434:fact3_template:head:787:V,noise,48,-2.288818359375e-05,False
434:fact3_template:head:787:V,noise,56,-0.002227783203125,False
434:fact3_template:head:787:V,noise,64,-0.0020751953125,False
434:fact3_template:head:787:V,noise,82,0.00079345703125,False
434:fact3_template:head:787:V,noise,96,-0.00220489501953125,False
434:fact3_template:head:787:V,noise,98,0.00018310546875,False
434:fact3_template:head:787:V,noise,102,-0.00022125244140625,False
434:fact3_template:head:787:V,noise,116,-0.00274658203125,False
434:fact3_template:head:787:V,noise,130,0.002227783203125,False
434:fact3_template:head:787:V,noise,150,0.0013427734375,False
434:fact3_template:head:787:V,noise,154,-0.0009765625,False
434:fact3_template:head:787:V,noise,162,-0.00146484375,False
434:fact3_template:head:787:V,noise,176,0.0030517578125,False
434:fact3_template:head:787:V,noise,178,-0.001636505126953125,False
434:fact3_template:head:787:V,noise,186,-0.00262451171875,False
434:fact3_template:head:787:V,noise,192,0.0003662109375,False
434:fact3_template:head:787:V,noise,196,0.0029296875,False
434:fact3_template:head:817:K,noise,0,0.001068115234375,False
434:fact3_template:head:817:K,noise,16,0.000732421875,False
434:fact3_template:head:817:K,noise,32,0.00128173828125,False
434:fact3_template:head:817:K,noise,48,-0.00091552734375,False
434:fact3_template:head:817:K,noise,56,-0.0015869140625,False
434:fact3_template:head:817:K,noise,64,-0.00164794921875,False
434:fact3_template:head:817:K,noise,82,-0.0009765625,False
434:fact3_template:head:817:K,noise,96,-0.00241851806640625,False
434:fact3_template:head:817:K,noise,98,-0.00152587890625,False
434:fact3_template:head:817:K,noise,102,-0.0009765625,False
434:fact3_template:head:817:K,noise,116,-0.00189208984375,False
434:fact3_template:head:817:K,noise,130,-0.0002593994140625,False
434:fact3_template:head:817:K,noise,150,0.0020751953125,False
434:fact3_template:head:817:K,noise,154,0.00091552734375,False
434:fact3_template:head:817:K,noise,162,0.000732421875,False
434:fact3_template:head:817:K,noise,176,-0.00048828125,False
434:fact3_template:head:817:K,noise,178,-0.0009002685546875,False
434:fact3_template:head:817:K,noise,186,-0.00238037109375,False
434:fact3_template:head:817:K,noise,192,-0.00079345703125,False
434:fact3_template:head:817:K,noise,196,-0.0009765625,False
434:fact3_template:head:817:V,noise,0,0.002593994140625,False
434:fact3_template:head:817:V,noise,16,-0.0008392333984375,False
434:fact3_template:head:817:V,noise,32,0.0039825439453125,False
434:fact3_template:head:817:V,noise,48,-0.00034332275390625,False
434:fact3_template:head:817:V,noise,56,-0.0018768310546875,False
434:fact3_template:head:817:V,noise,64,-0.00152587890625,False
434:fact3_template:head:817:V,noise,82,-0.00030517578125,False
434:fact3_template:head:817:V,noise,96,0.00130462646484375,False
434:fact3_template:head:817:V,noise,98,0.001068115234375,False
434:fact3_template:head:817:V,noise,102,0.000457763671875,False
434:fact3_template:head:817:V,noise,116,-0.00048828125,False
434:fact3_template:head:817:V,noise,130,0.000640869140625,False
434:fact3_template:head:817:V,noise,150,-0.000946044921875,False
434:fact3_template:head:817:V,noise,154,0.00048828125,False
434:fact3_template:head:817:V,noise,162,-0.0009765625,False
434:fact3_template:head:817:V,noise,176,-0.0001220703125,False
434:fact3_template:head:817:V,noise,178,-0.001163482666015625,False
434:fact3_template:head:817:V,noise,186,-0.0029296875,False
434:fact3_template:head:817:V,noise,192,-0.00152587890625,False
434:fact3_template:head:817:V,noise,196,0.0009765625,False
434:fact3_template:head:855:K,noise,0,0.0003662109375,False
434:fact3_template:head:855:K,noise,16,0.00152587890625,False
434:fact3_template:head:855:K,noise,32,0.0035552978515625,False
434:fact3_template:head:855:K,noise,48,0.0012054443359375,False
434:fact3_template:head:855:K,noise,56,-0.000640869140625,False
434:fact3_template:head:855:K,noise,64,-0.00091552734375,False
434:fact3_template:head:855:K,noise,82,0.0001220703125,False
434:fact3_template:head:855:K,noise,96,-0.00061798095703125,False
434:fact3_template:head:855:K,noise,98,0.00103759765625,False
434:fact3_template:head:855:K,noise,102,0.0016632080078125,False
434:fact3_template:head:855:K,noise,116,-0.0025634765625,False
434:fact3_template:head:855:K,noise,130,1.52587890625e-05,False
434:fact3_template:head:855:K,noise,150,0.002899169921875,False
434:fact3_template:head:855:K,noise,154,0.00299072265625,False
434:fact3_template:head:855:K,noise,162,0.0,False
434:fact3_template:head:855:K,noise,176,0.000244140625,False
434:fact3_template:head:855:K,noise,178,0.00128173828125,False
434:fact3_template:head:855:K,noise,186,-0.002197265625,False
434:fact3_template:head:855:K,noise,192,-0.00079345703125,False
434:fact3_template:head:855:K,noise,196,0.00048828125,False
434:fact3_template:head:855:V,noise,0,0.001190185546875,False
434:fact3_template:head:855:V,noise,16,0.0005950927734375,False
434:fact3_template:head:855:V,noise,32,0.0005950927734375,False
434:fact3_template:head:855:V,noise,48,-6.103515625e-05,False
434:fact3_template:head:855:V,noise,56,-0.002227783203125,False
434:fact3_template:head:855:V,noise,64,-0.00067138671875,False
434:fact3_template:head:855:V,noise,82,0.00103759765625,False
434:fact3_template:head:855:V,noise,96,-0.0030364990234375,False
434:fact3_template:head:855:V,noise,98,0.0009765625,False
434:fact3_template:head:855:V,noise,102,0.000213623046875,False
434:fact3_template:head:855:V,noise,116,-0.0006103515625,False
434:fact3_template:head:855:V,noise,130,0.000640869140625,False
434:fact3_template:head:855:V,noise,150,0.00128173828125,False
434:fact3_template:head:855:V,noise,154,0.000244140625,False
434:fact3_template:head:855:V,noise,162,-0.001708984375,False
434:fact3_template:head:855:V,noise,176,-0.001220703125,False
434:fact3_template:head:855:V,noise,178,0.000919342041015625,False
434:fact3_template:head:855:V,noise,186,-0.0006103515625,False
434:fact3_template:head:855:V,noise,192,-0.000244140625,False
434:fact3_template:head:855:V,noise,196,0.00244140625,False
434:fact3_template:head:870:K,noise,0,0.00323486328125,False
434:fact3_template:head:870:K,noise,16,0.0013580322265625,False
434:fact3_template:head:870:K,noise,32,-0.0001068115234375,False
434:fact3_template:head:870:K,noise,48,-0.000213623046875,False
434:fact3_template:head:870:K,noise,56,-0.001129150390625,False
434:fact3_template:head:870:K,noise,64,0.00018310546875,False
434:fact3_template:head:870:K,noise,82,0.0003662109375,False
434:fact3_template:head:870:K,noise,96,0.0005950927734375,False
434:fact3_template:head:870:K,noise,98,0.001617431640625,False
434:fact3_template:head:870:K,noise,102,0.0007171630859375,False
434:fact3_template:head:870:K,noise,116,-0.001708984375,False
434:fact3_template:head:870:K,noise,130,-0.00030517578125,False
434:fact3_template:head:870:K,noise,150,0.001434326171875,False
434:fact3_template:head:870:K,noise,154,0.00274658203125,False
434:fact3_template:head:870:K,noise,162,0.0,False
434:fact3_template:head:870:K,noise,176,0.000732421875,False
434:fact3_template:head:870:K,noise,178,-0.00250244140625,False
434:fact3_template:head:870:K,noise,186,-0.00054931640625,False
434:fact3_template:head:870:K,noise,192,6.103515625e-05,False
434:fact3_template:head:870:K,noise,196,-0.0009765625,False
434:fact3_template:head:870:V,noise,0,0.00152587890625,False
434:fact3_template:head:870:V,noise,16,-0.00054931640625,False
434:fact3_template:head:870:V,noise,32,0.0026397705078125,False
434:fact3_template:head:870:V,noise,48,-0.0003204345703125,False
434:fact3_template:head:870:V,noise,56,-0.002410888671875,False
434:fact3_template:head:870:V,noise,64,-0.0009765625,False
434:fact3_template:head:870:V,noise,82,6.103515625e-05,False
434:fact3_template:head:870:V,noise,96,0.0031890869140625,False
434:fact3_template:head:870:V,noise,98,-0.000213623046875,False
434:fact3_template:head:870:V,noise,102,3.0517578125e-05,False
434:fact3_template:head:870:V,noise,116,-0.0008544921875,False
434:fact3_template:head:870:V,noise,130,-0.0006103515625,False
434:fact3_template:head:870:V,noise,150,0.00079345703125,False
434:fact3_template:head:870:V,noise,154,-0.000244140625,False
434:fact3_template:head:870:V,noise,162,0.0,False
434:fact3_template:head:870:V,noise,176,0.0009765625,False
434:fact3_template:head:870:V,noise,178,-0.001277923583984375,False
434:fact3_template:head:870:V,noise,186,-0.000244140625,False
434:fact3_template:head:870:V,noise,192,-0.00042724609375,False
434:fact3_template:head:870:V,noise,196,0.00244140625,False
434:fact3_template:head:973:K,noise,0,0.00201416015625,False
434:fact3_template:head:973:K,noise,16,0.00018310546875,False
434:fact3_template:head:973:K,noise,32,-0.002532958984375,False
434:fact3_template:head:973:K,noise,48,0.00177001953125,False
434:fact3_template:head:973:K,noise,56,-0.002288818359375,False
434:fact3_template:head:973:K,noise,64,0.00140380859375,False
434:fact3_template:head:973:K,noise,82,0.000244140625,False
434:fact3_template:head:973:K,noise,96,0.0010833740234375,False
434:fact3_template:head:973:K,noise,98,-0.001922607421875,False
434:fact3_template:head:973:K,noise,102,0.000762939453125,False
434:fact3_template:head:973:K,noise,116,-0.00189208984375,False
434:fact3_template:head:973:K,noise,130,-0.0015716552734375,False
434:fact3_template:head:973:K,noise,150,-0.001739501953125,False
434:fact3_template:head:973:K,noise,154,0.00213623046875,False
434:fact3_template:head:973:K,noise,162,0.0,False
434:fact3_template:head:973:K,noise,176,-0.00048828125,False
434:fact3_template:head:973:K,noise,178,-0.002567291259765625,False
434:fact3_template:head:973:K,noise,186,-0.0006103515625,False
434:fact3_template:head:973:K,noise,192,-0.00042724609375,False
434:fact3_template:head:973:K,noise,196,0.00048828125,False
434:fact3_template:head:973:V,noise,0,0.00042724609375,False
434:fact3_template:head:973:V,noise,16,0.00030517578125,False
434:fact3_template:head:973:V,noise,32,-0.0018310546875,False
434:fact3_template:head:973:V,noise,48,0.00018310546875,False
434:fact3_template:head:973:V,noise,56,-0.0008392333984375,False
434:fact3_template:head:973:V,noise,64,-0.00140380859375,False
434:fact3_template:head:973:V,noise,82,6.103515625e-05,False
434:fact3_template:head:973:V,noise,96,0.0005645751953125,False
434:fact3_template:head:973:V,noise,98,-0.0003662109375,False
434:fact3_template:head:973:V,noise,102,0.0001983642578125,False
434:fact3_template:head:973:V,noise,116,0.0001220703125,False
434:fact3_template:head:973:V,noise,130,-0.00189208984375,False
434:fact3_template:head:973:V,noise,150,0.00079345703125,False
434:fact3_template:head:973:V,noise,154,0.0015869140625,False
434:fact3_template:head:973:V,noise,162,0.000244140625,False
434:fact3_template:head:973:V,noise,176,-0.00048828125,False
434:fact3_template:head:973:V,noise,178,-0.000263214111328125,False
434:fact3_template:head:973:V,noise,186,-0.00018310546875,False
434:fact3_template:head:973:V,noise,192,-6.103515625e-05,False
434:fact3_template:head:973:V,noise,196,-0.00146484375,False
434:fact3_template:head:978:K,noise,0,0.0010986328125,False
434:fact3_template:head:978:K,noise,16,-0.0004425048828125,False
434:fact3_template:head:978:K,noise,32,-0.0016326904296875,False
434:fact3_template:head:978:K,noise,48,0.0018463134765625,False
434:fact3_template:head:978:K,noise,56,6.103515625e-05,False
434:fact3_template:head:978:K,noise,64,0.000732421875,False
434:fact3_template:head:978:K,noise,82,-0.00079345703125,False
434:fact3_template:head:978:K,noise,96,1.52587890625e-05,False
434:fact3_template:head:978:K,noise,98,0.00067138671875,False
434:fact3_template:head:978:K,noise,102,-0.00063323974609375,False
434:fact3_template:head:978:K,noise,116,-0.0006103515625,False
434:fact3_template:head:978:K,noise,130,-0.000732421875,False
434:fact3_template:head:978:K,noise,150,9.1552734375e-05,False
434:fact3_template:head:978:K,noise,154,0.00048828125,False
434:fact3_template:head:978:K,noise,162,0.0,False
434:fact3_template:head:978:K,noise,176,0.000244140625,False
434:fact3_template:head:978:K,noise,178,0.000640869140625,False
434:fact3_template:head:978:K,noise,186,-0.0010986328125,False
434:fact3_template:head:978:K,noise,192,-0.0006103515625,False
434:fact3_template:head:978:K,noise,196,0.00146484375,False
434:fact3_template:head:978:V,noise,0,-0.00042724609375,False
434:fact3_template:head:978:V,noise,16,-0.000213623046875,False
434:fact3_template:head:978:V,noise,32,-0.0012664794921875,False
434:fact3_template:head:978:V,noise,48,-0.0001678466796875,False
434:fact3_template:head:978:V,noise,56,-0.00030517578125,False
434:fact3_template:head:978:V,noise,64,0.00079345703125,False
434:fact3_template:head:978:V,noise,82,0.001708984375,False
434:fact3_template:head:978:V,noise,96,-0.0007781982421875,False
434:fact3_template:head:978:V,noise,98,-0.002716064453125,False
434:fact3_template:head:978:V,noise,102,0.00087738037109375,False
434:fact3_template:head:978:V,noise,116,-0.000244140625,False
434:fact3_template:head:978:V,noise,130,-0.0009307861328125,False
434:fact3_template:head:978:V,noise,150,0.001556396484375,False
434:fact3_template:head:978:V,noise,154,0.000732421875,False
434:fact3_template:head:978:V,noise,162,0.00048828125,False
434:fact3_template:head:978:V,noise,176,-0.0010986328125,False
434:fact3_template:head:978:V,noise,178,0.000629425048828125,False
434:fact3_template:head:978:V,noise,186,-0.001220703125,False
434:fact3_template:head:978:V,noise,192,6.103515625e-05,False
434:fact3_template:head:978:V,noise,196,-0.0009765625,False
434:fact3_template:mlp:13:,noise,0,-0.019927978515625,False
434:fact3_template:mlp:13:,noise,16,-0.0054168701171875,False
434:fact3_template:mlp:13:,noise,32,-0.0255889892578125,False
434:fact3_template:mlp:13:,noise,48,0.00133514404296875,False
434:fact3_template:mlp:13:,noise,56,-0.0027313232421875,False
434:fact3_template:mlp:13:,noise,64,0.01995849609375,False
434:fact3_template:mlp:13:,noise,82,0.00048828125,False
434:fact3_template:mlp:13:,noise,96,0.03568267822265625,False
434:fact3_template:mlp:13:,noise,98,-0.00592041015625,False
434:fact3_template:mlp:13:,noise,102,-0.003875732421875,False
434:fact3_template:mlp:13:,noise,116,-0.013916015625,False
434:fact3_template:mlp:13:,noise,130,0.00054931640625,False
434:fact3_template:mlp:13:,noise,150,0.000244140625,False
434:fact3_template:mlp:13:,noise,154,0.03265380859375,False
434:fact3_template:mlp:13:,noise,162,-0.001220703125,False
434:fact3_template:mlp:13:,noise,176,-0.0064697265625,False
434:fact3_template:mlp:13:,noise,178,0.009944915771484375,False
434:fact3_template:mlp:13:,noise,186,0.002197265625,False
434:fact3_template:mlp:13:,noise,192,0.01043701171875,False
434:fact3_template:mlp:13:,noise,196,0.0009765625,False
434:fact3_template:mlp:14:,noise,0,-0.01800537109375,False
434:fact3_template:mlp:14:,noise,16,-0.033233642578125,False
434:fact3_template:mlp:14:,noise,32,0.002471923828125,False
434:fact3_template:mlp:14:,noise,48,-0.00350189208984375,False
434:fact3_template:mlp:14:,noise,56,0.002838134765625,False
434:fact3_template:mlp:14:,noise,64,0.0045166015625,False
434:fact3_template:mlp:14:,noise,82,0.0120849609375,False
434:fact3_template:mlp:14:,noise,96,-0.0045166015625,False
434:fact3_template:mlp:14:,noise,98,-0.015594482421875,False
434:fact3_template:mlp:14:,noise,102,-0.009796142578125,False
434:fact3_template:mlp:14:,noise,116,-0.020263671875,False
434:fact3_template:mlp:14:,noise,130,0.0048980712890625,False
434:fact3_template:mlp:14:,noise,150,0.005859375,False
434:fact3_template:mlp:14:,noise,154,-0.02642822265625,False
434:fact3_template:mlp:14:,noise,162,0.010986328125,False
434:fact3_template:mlp:14:,noise,176,-0.0166015625,False
434:fact3_template:mlp:14:,noise,178,-0.020904541015625,False
434:fact3_template:mlp:14:,noise,186,-0.013427734375,False
434:fact3_template:mlp:14:,noise,192,0.008544921875,False
434:fact3_template:mlp:14:,noise,196,0.001953125,False
474:query_sentence:head:513:K,noise,0,-0.010406494140625,False
474:query_sentence:head:513:K,noise,16,0.018524169921875,False
474:query_sentence:head:513:K,noise,32,-0.022613525390625,False
474:query_sentence:head:513:K,noise,48,0.00970458984375,False
474:query_sentence:head:513:K,noise,56,0.0003204345703125,False
474:query_sentence:head:513:K,noise,64,0.1031494140625,False
474:query_sentence:head:513:K,noise,82,-0.03759765625,False
474:query_sentence:head:513:K,noise,96,-0.0228271484375,False
474:query_sentence:head:513:K,noise,98,0.008636474609375,False
474:query_sentence:head:513:K,noise,102,0.02335357666015625,False
474:query_sentence:head:513:K,noise,116,0.04107666015625,False
474:query_sentence:head:513:K,noise,130,-0.0194549560546875,False
474:query_sentence:head:513:K,noise,150,0.05523681640625,False
474:query_sentence:head:513:K,noise,154,0.049072265625,False
474:query_sentence:head:513:K,noise,162,0.040283203125,False
474:query_sentence:head:513:K,noise,176,-0.00927734375,False
474:query_sentence:head:513:K,noise,178,0.08017349243164062,False
474:query_sentence:head:513:K,noise,186,0.039306640625,False
474:query_sentence:head:513:K,noise,192,0.0093994140625,False
474:query_sentence:head:513:K,noise,196,0.052734375,False
474:query_sentence:head:513:V,noise,0,0.066864013671875,False
474:query_sentence:head:513:V,noise,16,0.0980987548828125,False
474:query_sentence:head:513:V,noise,32,0.13629150390625,False
474:query_sentence:head:513:V,noise,48,0.1353607177734375,False
474:query_sentence:head:513:V,noise,56,0.080169677734375,False
474:query_sentence:head:513:V,noise,64,0.03741455078125,False
474:query_sentence:head:513:V,noise,82,0.11041259765625,False
474:query_sentence:head:513:V,noise,96,0.21166229248046875,False
474:query_sentence:head:513:V,noise,98,0.200531005859375,False
474:query_sentence:head:513:V,noise,102,0.087921142578125,False
474:query_sentence:head:513:V,noise,116,0.2003173828125,False
474:query_sentence:head:513:V,noise,130,0.0791473388671875,False
474:query_sentence:head:513:V,noise,150,0.0062408447265625,False
474:query_sentence:head:513:V,noise,154,0.1492919921875,False
474:query_sentence:head:513:V,noise,162,0.194091796875,False
474:query_sentence:head:513:V,noise,176,0.063720703125,False
474:query_sentence:head:513:V,noise,178,0.12128829956054688,False
474:query_sentence:head:513:V,noise,186,0.25689697265625,False
474:query_sentence:head:513:V,noise,192,0.1759033203125,False
474:query_sentence:head:513:V,noise,196,0.07861328125,False
474:query_sentence:head:533:K,noise,0,0.000823974609375,False
474:query_sentence:head:533:K,noise,16,-0.01751708984375,False
474:query_sentence:head:533:K,noise,32,-0.005706787109375,False
474:query_sentence:head:533:K,noise,48,0.0036773681640625,False
474:query_sentence:head:533:K,noise,56,0.0045318603515625,False
474:query_sentence:head:533:K,noise,64,0.04083251953125,False
474:query_sentence:head:533:K,noise,82,-0.00439453125,False
474:query_sentence:head:533:K,noise,96,-0.0181121826171875,False
474:query_sentence:head:533:K,noise,98,-0.00616455078125,False
474:query_sentence:head:533:K,noise,102,0.0045928955078125,False
474:query_sentence:head:533:K,noise,116,0.0078125,False
474:query_sentence:head:533:K,noise,130,0.0074920654296875,False
474:query_sentence:head:533:K,noise,150,0.01727294921875,False
474:query_sentence:head:533:K,noise,154,-0.00250244140625,False
474:query_sentence:head:533:K,noise,162,0.0419921875,False
474:query_sentence:head:533:K,noise,176,-0.00830078125,False
474:query_sentence:head:533:K,noise,178,0.007503509521484375,False
474:query_sentence:head:533:K,noise,186,0.0103759765625,False
474:query_sentence:head:533:K,noise,192,0.01519775390625,False
474:query_sentence:head:533:K,noise,196,0.0166015625,False
474:query_sentence:head:533:V,noise,0,0.012359619140625,False
474:query_sentence:head:533:V,noise,16,0.0178375244140625,False
474:query_sentence:head:533:V,noise,32,0.031646728515625,False
474:query_sentence:head:533:V,noise,48,0.026031494140625,False
474:query_sentence:head:533:V,noise,56,0.0243682861328125,False
474:query_sentence:head:533:V,noise,64,0.0042724609375,False
474:query_sentence:head:533:V,noise,82,0.058837890625,False
474:query_sentence:head:533:V,noise,96,0.05339813232421875,False
474:query_sentence:head:533:V,noise,98,0.04736328125,False
474:query_sentence:head:533:V,noise,102,0.0130462646484375,False
474:query_sentence:head:533:V,noise,116,0.05865478515625,False
474:query_sentence:head:533:V,noise,130,0.0152587890625,False
474:query_sentence:head:533:V,noise,150,0.005645751953125,False
474:query_sentence:head:533:V,noise,154,0.0386962890625,False
474:query_sentence:head:533:V,noise,162,0.038330078125,False
474:query_sentence:head:533:V,noise,176,0.01904296875,False
474:query_sentence:head:533:V,noise,178,0.032863616943359375,False
474:query_sentence:head:533:V,noise,186,0.0260009765625,False
474:query_sentence:head:533:V,noise,192,0.05072021484375,False
474:query_sentence:head:533:V,noise,196,0.0068359375,False
474:query_sentence:head:547:K,noise,0,-0.00079345703125,False
474:query_sentence:head:547:K,noise,16,-0.0039825439453125,False
474:query_sentence:head:547:K,noise,32,0.0084228515625,False
474:query_sentence:head:547:K,noise,48,-0.0048675537109375,False
474:query_sentence:head:547:K,noise,56,-0.00164794921875,False
474:query_sentence:head:547:K,noise,64,-0.01593017578125,False
474:query_sentence:head:547:K,noise,82,-0.01739501953125,False
474:query_sentence:head:547:K,noise,96,-0.024688720703125,False
474:query_sentence:head:547:K,noise,98,-0.040008544921875,False
474:query_sentence:head:547:K,noise,102,-0.0095367431640625,False
474:query_sentence:head:547:K,noise,116,-0.023193359375,False
474:query_sentence:head:547:K,noise,130,-0.0047149658203125,False
474:query_sentence:head:547:K,noise,150,0.001220703125,False
474:query_sentence:head:547:K,noise,154,-0.00738525390625,False
474:query_sentence:head:547:K,noise,162,-0.0146484375,False
474:query_sentence:head:547:K,noise,176,-0.013916015625,False
474:query_sentence:head:547:K,noise,178,-0.028768539428710938,False
474:query_sentence:head:547:K,noise,186,-0.021728515625,False
474:query_sentence:head:547:K,noise,192,-0.00396728515625,False
474:query_sentence:head:547:K,noise,196,-0.005859375,False
474:query_sentence:head:547:V,noise,0,-0.029510498046875,False
474:query_sentence:head:547:V,noise,16,-0.034881591796875,False
474:query_sentence:head:547:V,noise,32,-0.0287628173828125,False
474:query_sentence:head:547:V,noise,48,-0.0464324951171875,False
474:query_sentence:head:547:V,noise,56,-0.027099609375,False
474:query_sentence:head:547:V,noise,64,-0.0191650390625,False
474:query_sentence:head:547:V,noise,82,-0.044677734375,False
474:query_sentence:head:547:V,noise,96,-0.0636444091796875,False
474:query_sentence:head:547:V,noise,98,-0.07635498046875,False
474:query_sentence:head:547:V,noise,102,-0.05319976806640625,False
474:query_sentence:head:547:V,noise,116,-0.05426025390625,False
474:query_sentence:head:547:V,noise,130,-0.0355682373046875,False
474:query_sentence:head:547:V,noise,150,-0.012725830078125,False
474:query_sentence:head:547:V,noise,154,-0.07171630859375,False
474:query_sentence:head:547:V,noise,162,-0.085205078125,False
474:query_sentence:head:547:V,noise,176,-0.0362548828125,False
474:query_sentence:head:547:V,noise,178,-0.05983734130859375,False
474:query_sentence:head:547:V,noise,186,-0.0714111328125,False
474:query_sentence:head:547:V,noise,192,-0.05462646484375,False
474:query_sentence:head:547:V,noise,196,-0.0380859375,False
474:query_sentence:head:561:K,noise,0,0.003936767578125,False
474:query_sentence:head:561:K,noise,16,-0.0006866455078125,False
474:query_sentence:head:561:K,noise,32,-0.000732421875,False
474:query_sentence:head:561:K,noise,48,0.00269317626953125,False
474:query_sentence:head:561:K,noise,56,-0.00311279296875,False
474:query_sentence:head:561:K,noise,64,0.00030517578125,False
474:query_sentence:head:561:K,noise,82,-0.00146484375,False
474:query_sentence:head:561:K,noise,96,0.0014801025390625,False
474:query_sentence:head:561:K,noise,98,-0.0018310546875,False
474:query_sentence:head:561:K,noise,102,-0.00048065185546875,False
474:query_sentence:head:561:K,noise,116,-0.00274658203125,False
474:query_sentence:head:561:K,noise,130,0.0010833740234375,False
474:query_sentence:head:561:K,noise,150,0.0023193359375,False
474:query_sentence:head:561:K,noise,154,-0.00054931640625,False
474:query_sentence:head:561:K,noise,162,0.0009765625,False
474:query_sentence:head:561:K,noise,176,-0.0023193359375,False
474:query_sentence:head:561:K,noise,178,-0.002292633056640625,False
474:query_sentence:head:561:K,noise,186,-0.003662109375,False
474:query_sentence:head:561:K,noise,192,-0.001953125,False
474:query_sentence:head:561:K,noise,196,-0.00244140625,False
474:query_sentence:head:561:V,noise,0,0.00274658203125,False
474:query_sentence:head:561:V,noise,16,-0.004730224609375,False
474:query_sentence:head:561:V,noise,32,-0.001251220703125,False
474:query_sentence:head:561:V,noise,48,-0.00336456298828125,False
474:query_sentence:head:561:V,noise,56,-0.0019989013671875,False
474:query_sentence:head:561:V,noise,64,-0.0018310546875,False
474:query_sentence:head:561:V,noise,82,-0.0009765625,False
474:query_sentence:head:561:V,noise,96,-0.0199432373046875,False
474:query_sentence:head:561:V,noise,98,-0.005462646484375,False
474:query_sentence:head:561:V,noise,102,-0.004547119140625,False
474:query_sentence:head:561:V,noise,116,-0.01068115234375,False
474:query_sentence:head:561:V,noise,130,-0.0052032470703125,False
474:query_sentence:head:561:V,noise,150,-0.001373291015625,False
474:query_sentence:head:561:V,noise,154,-0.00543212890625,False
474:query_sentence:head:561:V,noise,162,-0.0078125,False
474:query_sentence:head:561:V,noise,176,-0.0020751953125,False
474:query_sentence:head:561:V,noise,178,-0.001468658447265625,False
474:query_sentence:head:561:V,noise,186,-0.0172119140625,False
474:query_sentence:head:561:V,noise,192,-0.01202392578125,False
474:query_sentence:head:561:V,noise,196,-0.00537109375,False
474:query_sentence:head:568:K,noise,0,0.00274658203125,False
474:query_sentence:head:568:K,noise,16,-0.000823974609375,False
474:query_sentence:head:568:K,noise,32,-0.0047607421875,False
474:query_sentence:head:568:K,noise,48,0.0038299560546875,False
474:query_sentence:head:568:K,noise,56,-0.0040740966796875,False
474:query_sentence:head:568:K,noise,64,-0.00335693359375,False
474:query_sentence:head:568:K,noise,82,-0.006591796875,False
474:query_sentence:head:568:K,noise,96,0.0004425048828125,False
474:query_sentence:head:568:K,noise,98,-0.0010986328125,False
474:query_sentence:head:568:K,noise,102,0.001922607421875,False
474:query_sentence:head:568:K,noise,116,-0.00146484375,False
474:query_sentence:head:568:K,noise,130,-0.0009613037109375,False
474:query_sentence:head:568:K,noise,150,-0.0010986328125,False
474:query_sentence:head:568:K,noise,154,-0.0006103515625,False
474:query_sentence:head:568:K,noise,162,-0.001708984375,False
474:query_sentence:head:568:K,noise,176,-0.003662109375,False
474:query_sentence:head:568:K,noise,178,-0.00415802001953125,False
474:query_sentence:head:568:K,noise,186,0.00042724609375,False
474:query_sentence:head:568:K,noise,192,-0.00250244140625,False
474:query_sentence:head:568:K,noise,196,-0.0029296875,False
474:query_sentence:head:568:V,noise,0,0.008514404296875,False
474:query_sentence:head:568:V,noise,16,0.0130462646484375,False
474:query_sentence:head:568:V,noise,32,0.0174713134765625,False
474:query_sentence:head:568:V,noise,48,0.01953125,False
474:query_sentence:head:568:V,noise,56,0.008087158203125,False
474:query_sentence:head:568:V,noise,64,0.016357421875,False
474:query_sentence:head:568:V,noise,82,0.01776123046875,False
474:query_sentence:head:568:V,noise,96,0.0333251953125,False
474:query_sentence:head:568:V,noise,98,0.027069091796875,False
474:query_sentence:head:568:V,noise,102,0.01453399658203125,False
474:query_sentence:head:568:V,noise,116,0.01556396484375,False
474:query_sentence:head:568:V,noise,130,0.0125885009765625,False
474:query_sentence:head:568:V,noise,150,0.00762939453125,False
474:query_sentence:head:568:V,noise,154,0.042236328125,False
474:query_sentence:head:568:V,noise,162,0.03564453125,False
474:query_sentence:head:568:V,noise,176,0.01025390625,False
474:query_sentence:head:568:V,noise,178,0.014209747314453125,False
474:query_sentence:head:568:V,noise,186,0.033447265625,False
474:query_sentence:head:568:V,noise,192,0.02044677734375,False
474:query_sentence:head:568:V,noise,196,0.01708984375,False
474:query_sentence:head:594:K,noise,0,0.033782958984375,False
474:query_sentence:head:594:K,noise,16,0.017578125,False
474:query_sentence:head:594:K,noise,32,-0.0063018798828125,False
474:query_sentence:head:594:K,noise,48,0.06463623046875,False
474:query_sentence:head:594:K,noise,56,-0.005279541015625,False
474:query_sentence:head:594:K,noise,64,0.0775146484375,False
474:query_sentence:head:594:K,noise,82,-0.0030517578125,False
474:query_sentence:head:594:K,noise,96,0.12709808349609375,False
474:query_sentence:head:594:K,noise,98,0.1998291015625,False
474:query_sentence:head:594:K,noise,102,0.10197067260742188,False
474:query_sentence:head:594:K,noise,116,0.05767822265625,False
474:query_sentence:head:594:K,noise,130,0.0336456298828125,False
474:query_sentence:head:594:K,noise,150,0.00732421875,False
474:query_sentence:head:594:K,noise,154,0.18450927734375,False
474:query_sentence:head:594:K,noise,162,0.0087890625,False
474:query_sentence:head:594:K,noise,176,0.0863037109375,False
474:query_sentence:head:594:K,noise,178,0.13846969604492188,False
474:query_sentence:head:594:K,noise,186,0.13409423828125,False
474:query_sentence:head:594:K,noise,192,-0.0086669921875,False
474:query_sentence:head:594:K,noise,196,0.04541015625,False
474:query_sentence:head:594:V,noise,0,0.013946533203125,False
474:query_sentence:head:594:V,noise,16,0.0625457763671875,False
474:query_sentence:head:594:V,noise,32,0.0587921142578125,False
474:query_sentence:head:594:V,noise,48,0.0505523681640625,False
474:query_sentence:head:594:V,noise,56,0.05364990234375,False
474:query_sentence:head:594:V,noise,64,0.03192138671875,False
474:query_sentence:head:594:V,noise,82,0.0782470703125,False
474:query_sentence:head:594:V,noise,96,0.14394378662109375,False
474:query_sentence:head:594:V,noise,98,0.1648712158203125,False
474:query_sentence:head:594:V,noise,102,0.03873443603515625,False
474:query_sentence:head:594:V,noise,116,0.06463623046875,False
474:query_sentence:head:594:V,noise,130,0.032684326171875,False
474:query_sentence:head:594:V,noise,150,0.0291748046875,False
474:query_sentence:head:594:V,noise,154,0.1083984375,False
474:query_sentence:head:594:V,noise,162,0.126708984375,False
474:query_sentence:head:594:V,noise,176,0.056884765625,False
474:query_sentence:head:594:V,noise,178,0.08469009399414062,False
474:query_sentence:head:594:V,noise,186,0.103759765625,False
474:query_sentence:head:594:V,noise,192,0.04217529296875,False
474:query_sentence:head:594:V,noise,196,0.04833984375,False
474:query_sentence:head:595:K,noise,0,0.017486572265625,False
474:query_sentence:head:595:K,noise,16,0.0235595703125,False
474:query_sentence:head:595:K,noise,32,-0.017791748046875,False
474:query_sentence:head:595:K,noise,48,0.06957244873046875,False
474:query_sentence:head:595:K,noise,56,0.018646240234375,False
474:query_sentence:head:595:K,noise,64,0.13232421875,False
474:query_sentence:head:595:K,noise,82,0.0469970703125,False
474:query_sentence:head:595:K,noise,96,0.14774322509765625,False
474:query_sentence:head:595:K,noise,98,0.095672607421875,False
474:query_sentence:head:595:K,noise,102,0.07171630859375,False
474:query_sentence:head:595:K,noise,116,0.05938720703125,False
474:query_sentence:head:595:K,noise,130,0.0196533203125,False
474:query_sentence:head:595:K,noise,150,0.032562255859375,False
474:query_sentence:head:595:K,noise,154,0.09423828125,False
474:query_sentence:head:595:K,noise,162,0.031005859375,False
474:query_sentence:head:595:K,noise,176,0.085693359375,False
474:query_sentence:head:595:K,noise,178,0.10429000854492188,False
474:query_sentence:head:595:K,noise,186,0.0740966796875,False
474:query_sentence:head:595:K,noise,192,0.0318603515625,False
474:query_sentence:head:595:K,noise,196,0.044921875,False
474:query_sentence:head:595:V,noise,0,0.027557373046875,False
474:query_sentence:head:595:V,noise,16,0.0475921630859375,False
474:query_sentence:head:595:V,noise,32,0.0425567626953125,False
474:query_sentence:head:595:V,noise,48,0.05755615234375,False
474:query_sentence:head:595:V,noise,56,0.087158203125,False
474:query_sentence:head:595:V,noise,64,0.03961181640625,False
474:query_sentence:head:595:V,noise,82,0.06201171875,False
474:query_sentence:head:595:V,noise,96,0.14458465576171875,False
474:query_sentence:head:595:V,noise,98,0.1561279296875,False
474:query_sentence:head:595:V,noise,102,0.05633735656738281,False
474:query_sentence:head:595:V,noise,116,0.081787109375,False
474:query_sentence:head:595:V,noise,130,0.0477752685546875,False
474:query_sentence:head:595:V,noise,150,0.02392578125,False
474:query_sentence:head:595:V,noise,154,0.1143798828125,False
474:query_sentence:head:595:V,noise,162,0.154052734375,False
474:query_sentence:head:595:V,noise,176,0.0579833984375,False
474:query_sentence:head:595:V,noise,178,0.10819625854492188,False
474:query_sentence:head:595:V,noise,186,0.11212158203125,False
474:query_sentence:head:595:V,noise,192,0.057373046875,False
474:query_sentence:head:595:V,noise,196,0.05712890625,False
474:query_sentence:head:600:K,noise,0,0.004364013671875,False
474:query_sentence:head:600:K,noise,16,0.008392333984375,False
474:query_sentence:head:600:K,noise,32,-0.00567626953125,False
474:query_sentence:head:600:K,noise,48,0.0121917724609375,False
474:query_sentence:head:600:K,noise,56,9.1552734375e-05,False
474:query_sentence:head:600:K,noise,64,0.022705078125,False
474:query_sentence:head:600:K,noise,82,0.0062255859375,False
474:query_sentence:head:600:K,noise,96,-0.01885223388671875,False
474:query_sentence:head:600:K,noise,98,0.0140380859375,False
474:query_sentence:head:600:K,noise,102,-0.00769805908203125,False
474:query_sentence:head:600:K,noise,116,-0.0234375,False
474:query_sentence:head:600:K,noise,130,-0.0034942626953125,False
474:query_sentence:head:600:K,noise,150,0.018096923828125,False
474:query_sentence:head:600:K,noise,154,-0.0308837890625,False
474:query_sentence:head:600:K,noise,162,-0.000244140625,False
474:query_sentence:head:600:K,noise,176,-0.0048828125,False
474:query_sentence:head:600:K,noise,178,-0.00775146484375,False
474:query_sentence:head:600:K,noise,186,-0.027099609375,False
474:query_sentence:head:600:K,noise,192,-0.0106201171875,False
474:query_sentence:head:600:K,noise,196,-0.00830078125,False
474:query_sentence:head:600:V,noise,0,-0.026336669921875,False
474:query_sentence:head:600:V,noise,16,-0.048675537109375,False
474:query_sentence:head:600:V,noise,32,-0.0259246826171875,False
474:query_sentence:head:600:V,noise,48,-0.02184295654296875,False
474:query_sentence:head:600:V,noise,56,-0.0489654541015625,False
474:query_sentence:head:600:V,noise,64,-0.02301025390625,False
474:query_sentence:head:600:V,noise,82,-0.0489501953125,False
474:query_sentence:head:600:V,noise,96,-0.08403778076171875,False
474:query_sentence:head:600:V,noise,98,-0.136383056640625,False
474:query_sentence:head:600:V,noise,102,-0.03397369384765625,False
474:query_sentence:head:600:V,noise,116,-0.0614013671875,False
474:query_sentence:head:600:V,noise,130,-0.0384063720703125,False
474:query_sentence:head:600:V,noise,150,-0.01385498046875,False
474:query_sentence:head:600:V,noise,154,-0.09765625,False
474:query_sentence:head:600:V,noise,162,-0.06689453125,False
474:query_sentence:head:600:V,noise,176,-0.0404052734375,False
474:query_sentence:head:600:V,noise,178,-0.07202482223510742,False
474:query_sentence:head:600:V,noise,186,-0.09039306640625,False
474:query_sentence:head:600:V,noise,192,-0.03912353515625,False
474:query_sentence:head:600:V,noise,196,-0.0439453125,False
474:query_sentence:head:624:K,noise,0,-0.000762939453125,False
474:query_sentence:head:624:K,noise,16,-0.0030059814453125,False
474:query_sentence:head:624:K,noise,32,0.011962890625,False
474:query_sentence:head:624:K,noise,48,-0.00113677978515625,False
474:query_sentence:head:624:K,noise,56,-0.001708984375,False
474:query_sentence:head:624:K,noise,64,0.00152587890625,False
474:query_sentence:head:624:K,noise,82,-0.00469970703125,False
474:query_sentence:head:624:K,noise,96,-0.00627899169921875,False
474:query_sentence:head:624:K,noise,98,-0.0181884765625,False
474:query_sentence:head:624:K,noise,102,0.0020294189453125,False
474:query_sentence:head:624:K,noise,116,-0.00848388671875,False
474:query_sentence:head:624:K,noise,130,-0.0085296630859375,False
474:query_sentence:head:624:K,noise,150,0.00103759765625,False
474:query_sentence:head:624:K,noise,154,-0.005859375,False
474:query_sentence:head:624:K,noise,162,-0.00048828125,False
474:query_sentence:head:624:K,noise,176,-0.0010986328125,False
474:query_sentence:head:624:K,noise,178,-0.015867233276367188,False
474:query_sentence:head:624:K,noise,186,-0.012451171875,False
474:query_sentence:head:624:K,noise,192,-0.0076904296875,False
474:query_sentence:head:624:K,noise,196,0.001953125,False
474:query_sentence:head:624:V,noise,0,-0.004486083984375,False
474:query_sentence:head:624:V,noise,16,-0.0078582763671875,False
474:query_sentence:head:624:V,noise,32,-0.0201263427734375,False
474:query_sentence:head:624:V,noise,48,-0.016693115234375,False
474:query_sentence:head:624:V,noise,56,-0.0141448974609375,False
474:query_sentence:head:624:V,noise,64,-0.008544921875,False
474:query_sentence:head:624:V,noise,82,-0.01104736328125,False
474:query_sentence:head:624:V,noise,96,-0.0357666015625,False
474:query_sentence:head:624:V,noise,98,-0.021148681640625,False
474:query_sentence:head:624:V,noise,102,-0.01541900634765625,False
474:query_sentence:head:624:V,noise,116,-0.0101318359375,False
474:query_sentence:head:624:V,noise,130,-0.028228759765625,False
474:query_sentence:head:624:V,noise,150,-0.00531005859375,False
474:query_sentence:head:624:V,noise,154,-0.01239013671875,False
474:query_sentence:head:624:V,noise,162,-0.017822265625,False
474:query_sentence:head:624:V,noise,176,-0.0125732421875,False
474:query_sentence:head:624:V,noise,178,-0.038394927978515625,False
474:query_sentence:head:624:V,noise,186,-0.02197265625,False
474:query_sentence:head:624:V,noise,192,-0.01226806640625,False
474:query_sentence:head:624:V,noise,196,-0.01513671875,False
474:query_sentence:head:630:K,noise,0,0.001220703125,False
474:query_sentence:head:630:K,noise,16,0.002471923828125,False
474:query_sentence:head:630:K,noise,32,-0.00177001953125,False
474:query_sentence:head:630:K,noise,48,0.0029296875,False
474:query_sentence:head:630:K,noise,56,-0.0028076171875,False
474:query_sentence:head:630:K,noise,64,-6.103515625e-05,False
474:query_sentence:head:630:K,noise,82,0.00140380859375,False
474:query_sentence:head:630:K,noise,96,0.00261688232421875,False
474:query_sentence:head:630:K,noise,98,0.00604248046875,False
474:query_sentence:head:630:K,noise,102,0.0077972412109375,False
474:query_sentence:head:630:K,noise,116,-0.00665283203125,False
474:query_sentence:head:630:K,noise,130,0.003631591796875,False
474:query_sentence:head:630:K,noise,150,-0.001220703125,False
474:query_sentence:head:630:K,noise,154,0.00213623046875,False
474:query_sentence:head:630:K,noise,162,0.00439453125,False
474:query_sentence:head:630:K,noise,176,0.0048828125,False
474:query_sentence:head:630:K,noise,178,-0.010623931884765625,False
474:query_sentence:head:630:K,noise,186,0.00640869140625,False
474:query_sentence:head:630:K,noise,192,0.0013427734375,False
474:query_sentence:head:630:K,noise,196,0.0009765625,False
474:query_sentence:head:630:V,noise,0,-0.002532958984375,False
474:query_sentence:head:630:V,noise,16,0.0003204345703125,False
474:query_sentence:head:630:V,noise,32,0.0052947998046875,False
474:query_sentence:head:630:V,noise,48,0.0020599365234375,False
474:query_sentence:head:630:V,noise,56,-0.000885009765625,False
474:query_sentence:head:630:V,noise,64,-0.00018310546875,False
474:query_sentence:head:630:V,noise,82,0.00518798828125,False
474:query_sentence:head:630:V,noise,96,-0.00017547607421875,False
474:query_sentence:head:630:V,noise,98,-0.00244140625,False
474:query_sentence:head:630:V,noise,102,0.0021820068359375,False
474:query_sentence:head:630:V,noise,116,-0.00555419921875,False
474:query_sentence:head:630:V,noise,130,-0.00347900390625,False
474:query_sentence:head:630:V,noise,150,0.000579833984375,False
474:query_sentence:head:630:V,noise,154,0.00341796875,False
474:query_sentence:head:630:V,noise,162,-0.001220703125,False
474:query_sentence:head:630:V,noise,176,-0.0009765625,False
474:query_sentence:head:630:V,noise,178,-0.00855255126953125,False
474:query_sentence:head:630:V,noise,186,-0.00262451171875,False
474:query_sentence:head:630:V,noise,192,-0.00054931640625,False
474:query_sentence:head:630:V,noise,196,-0.00341796875,False
474:query_sentence:head:641:K,noise,0,-0.000152587890625,False
474:query_sentence:head:641:K,noise,16,-0.0040740966796875,False
474:query_sentence:head:641:K,noise,32,0.007293701171875,False
474:query_sentence:head:641:K,noise,48,-0.00290679931640625,False
474:query_sentence:head:641:K,noise,56,-0.001678466796875,False
474:query_sentence:head:641:K,noise,64,0.0035400390625,False
474:query_sentence:head:641:K,noise,82,0.0106201171875,False
474:query_sentence:head:641:K,noise,96,-0.04413604736328125,False
474:query_sentence:head:641:K,noise,98,-0.008056640625,False
474:query_sentence:head:641:K,noise,102,0.003082275390625,False
474:query_sentence:head:641:K,noise,116,-0.010498046875,False
474:query_sentence:head:641:K,noise,130,0.0055694580078125,False
474:query_sentence:head:641:K,noise,150,0.0018310546875,False
474:query_sentence:head:641:K,noise,154,-0.008544921875,False
474:query_sentence:head:641:K,noise,162,0.006103515625,False
474:query_sentence:head:641:K,noise,176,-0.004638671875,False
474:query_sentence:head:641:K,noise,178,-0.015869140625,False
474:query_sentence:head:641:K,noise,186,-0.01251220703125,False
474:query_sentence:head:641:K,noise,192,-0.00830078125,False
474:query_sentence:head:641:K,noise,196,0.0,False
474:query_sentence:head:641:V,noise,0,-0.01080322265625,False
474:query_sentence:head:641:V,noise,16,-0.0074920654296875,False
474:query_sentence:head:641:V,noise,32,-0.02349853515625,False
474:query_sentence:head:641:V,noise,48,-0.01718902587890625,False
474:query_sentence:head:641:V,noise,56,-0.025360107421875,False
474:query_sentence:head:641:V,noise,64,-0.01202392578125,False
474:query_sentence:head:641:V,noise,82,-0.016845703125,False
474:query_sentence:head:641:V,noise,96,-0.04280853271484375,False
474:query_sentence:head:641:V,noise,98,-0.01507568359375,False
474:query_sentence:head:641:V,noise,102,-0.019287109375,False
474:query_sentence:head:641:V,noise,116,-0.01318359375,False
474:query_sentence:head:641:V,noise,130,-0.034912109375,False
474:query_sentence:head:641:V,noise,150,-0.004669189453125,False
474:query_sentence:head:641:V,noise,154,-0.03253173828125,False
474:query_sentence:head:641:V,noise,162,-0.0302734375,False
474:query_sentence:head:641:V,noise,176,-0.014892578125,False
474:query_sentence:head:641:V,noise,178,-0.040435791015625,False
474:query_sentence:head:641:V,noise,186,-0.02764892578125,False
474:query_sentence:head:641:V,noise,192,-0.02728271484375,False
474:query_sentence:head:641:V,noise,196,-0.00537109375,False
474:query_sentence:head:678:K,noise,0,0.002349853515625,False
474:query_sentence:head:678:K,noise,16,0.00238037109375,False
474:query_sentence:head:678:K,noise,32,-0.0015411376953125,False
474:query_sentence:head:678:K,noise,48,0.00799560546875,False
474:query_sentence:head:678:K,noise,56,0.00140380859375,False
474:query_sentence:head:678:K,noise,64,-0.010009765625,False
474:query_sentence:head:678:K,noise,82,0.00238037109375,False
474:query_sentence:head:678:K,noise,96,0.00042724609375,False
474:query_sentence:head:678:K,noise,98,0.009765625,False
474:query_sentence:head:678:K,noise,102,0.00330352783203125,False
474:query_sentence:head:678:K,noise,116,-0.003662109375,False
474:query_sentence:head:678:K,noise,130,0.0013427734375,False
474:query_sentence:head:678:K,noise,150,0.001556396484375,False
474:query_sentence:head:678:K,noise,154,0.0035400390625,False
474:query_sentence:head:678:K,noise,162,0.00830078125,False
474:query_sentence:head:678:K,noise,176,-0.0025634765625,False
474:query_sentence:head:678:K,noise,178,-0.000492095947265625,False
474:query_sentence:head:678:K,noise,186,-0.0030517578125,False
474:query_sentence:head:678:K,noise,192,-0.000732421875,False
474:query_sentence:head:678:K,noise,196,-0.00048828125,False
474:query_sentence:head:678:V,noise,0,0.000518798828125,False
474:query_sentence:head:678:V,noise,16,4.57763671875e-05,False
474:query_sentence:head:678:V,noise,32,-3.0517578125e-05,False
474:query_sentence:head:678:V,noise,48,0.002532958984375,False
474:query_sentence:head:678:V,noise,56,-0.002532958984375,False
474:query_sentence:head:678:V,noise,64,0.0001220703125,False
474:query_sentence:head:678:V,noise,82,-0.000244140625,False
474:query_sentence:head:678:V,noise,96,-0.00240325927734375,False
474:query_sentence:head:678:V,noise,98,0.0001220703125,False
474:query_sentence:head:678:V,noise,102,0.00160980224609375,False
474:query_sentence:head:678:V,noise,116,-0.00146484375,False
474:query_sentence:head:678:V,noise,130,-0.0012054443359375,False
474:query_sentence:head:678:V,noise,150,0.002471923828125,False
474:query_sentence:head:678:V,noise,154,0.002197265625,False
474:query_sentence:head:678:V,noise,162,0.003173828125,False
474:query_sentence:head:678:V,noise,176,-0.000732421875,False
474:query_sentence:head:678:V,noise,178,0.00135040283203125,False
474:query_sentence:head:678:V,noise,186,-0.0025634765625,False
474:query_sentence:head:678:V,noise,192,-0.00030517578125,False
474:query_sentence:head:678:V,noise,196,0.0,False
474:query_sentence:head:690:K,noise,0,0.0028076171875,False
474:query_sentence:head:690:K,noise,16,-0.0015106201171875,False
474:query_sentence:head:690:K,noise,32,-0.0027313232421875,False
474:query_sentence:head:690:K,noise,48,0.0044403076171875,False
474:query_sentence:head:690:K,noise,56,0.0015106201171875,False
474:query_sentence:head:690:K,noise,64,-6.103515625e-05,False
474:query_sentence:head:690:K,noise,82,0.0,False
474:query_sentence:head:690:K,noise,96,0.00122833251953125,False
474:query_sentence:head:690:K,noise,98,0.002471923828125,False
474:query_sentence:head:690:K,noise,102,0.006561279296875,False
474:query_sentence:head:690:K,noise,116,-0.00286865234375,False
474:query_sentence:head:690:K,noise,130,-0.00152587890625,False
474:query_sentence:head:690:K,noise,150,0.00213623046875,False
474:query_sentence:head:690:K,noise,154,0.0052490234375,False
474:query_sentence:head:690:K,noise,162,0.000732421875,False
474:query_sentence:head:690:K,noise,176,0.0018310546875,False
474:query_sentence:head:690:K,noise,178,0.002105712890625,False
474:query_sentence:head:690:K,noise,186,0.0018310546875,False
474:query_sentence:head:690:K,noise,192,0.0008544921875,False
474:query_sentence:head:690:K,noise,196,0.00048828125,False
474:query_sentence:head:690:V,noise,0,0.001800537109375,False
474:query_sentence:head:690:V,noise,16,0.0002288818359375,False
474:query_sentence:head:690:V,noise,32,-0.002197265625,False
474:query_sentence:head:690:V,noise,48,9.918212890625e-05,False
474:query_sentence:head:690:V,noise,56,0.00054931640625,False
474:query_sentence:head:690:V,noise,64,-0.0018310546875,False
474:query_sentence:head:690:V,noise,82,-6.103515625e-05,False
474:query_sentence:head:690:V,noise,96,0.00337982177734375,False
474:query_sentence:head:690:V,noise,98,-0.00030517578125,False
474:query_sentence:head:690:V,noise,102,0.00257110595703125,False
474:query_sentence:head:690:V,noise,116,-0.0062255859375,False
474:query_sentence:head:690:V,noise,130,-0.0009613037109375,False
474:query_sentence:head:690:V,noise,150,0.00250244140625,False
474:query_sentence:head:690:V,noise,154,0.00018310546875,False
474:query_sentence:head:690:V,noise,162,0.00341796875,False
474:query_sentence:head:690:V,noise,176,-0.00341796875,False
474:query_sentence:head:690:V,noise,178,-0.00124359130859375,False
474:query_sentence:head:690:V,noise,186,0.001220703125,False
474:query_sentence:head:690:V,noise,192,-0.00091552734375,False
474:query_sentence:head:690:V,noise,196,-0.0029296875,False
474:query_sentence:head:695:K,noise,0,0.001922607421875,False
474:query_sentence:head:695:K,noise,16,0.0013427734375,False
474:query_sentence:head:695:K,noise,32,0.00018310546875,False
474:query_sentence:head:695:K,noise,48,0.0014495849609375,False
474:query_sentence:head:695:K,noise,56,-0.0004425048828125,False
474:query_sentence:head:695:K,noise,64,-0.00048828125,False
474:query_sentence:head:695:K,noise,82,-6.103515625e-05,False
474:query_sentence:head:695:K,noise,96,-0.0012969970703125,False
474:query_sentence:head:695:K,noise,98,-0.0023193359375,False
474:query_sentence:head:695:K,noise,102,0.00052642822265625,False
474:query_sentence:head:695:K,noise,116,-0.00384521484375,False
474:query_sentence:head:695:K,noise,130,0.0028533935546875,False
474:query_sentence:head:695:K,noise,150,0.0025634765625,False
474:query_sentence:head:695:K,noise,154,0.001708984375,False
474:query_sentence:head:695:K,noise,162,-0.000244140625,False
474:query_sentence:head:695:K,noise,176,-0.0020751953125,False
474:query_sentence:head:695:K,noise,178,0.000225067138671875,False
474:query_sentence:head:695:K,noise,186,-0.00079345703125,False
474:query_sentence:head:695:K,noise,192,-0.0018310546875,False
474:query_sentence:head:695:K,noise,196,-0.001953125,False
474:query_sentence:head:695:V,noise,0,0.00103759765625,False
474:query_sentence:head:695:V,noise,16,-0.0032806396484375,False
474:query_sentence:head:695:V,noise,32,-0.002960205078125,False
474:query_sentence:head:695:V,noise,48,0.0006103515625,False
474:query_sentence:head:695:V,noise,56,-0.0044403076171875,False
474:query_sentence:head:695:V,noise,64,0.0006103515625,False
474:query_sentence:head:695:V,noise,82,-0.00091552734375,False
474:query_sentence:head:695:V,noise,96,-0.006805419921875,False
474:query_sentence:head:695:V,noise,98,-0.002593994140625,False
474:query_sentence:head:695:V,noise,102,0.0030975341796875,False
474:query_sentence:head:695:V,noise,116,-0.0001220703125,False
474:query_sentence:head:695:V,noise,130,-0.0006561279296875,False
474:query_sentence:head:695:V,noise,150,0.0032958984375,False
474:query_sentence:head:695:V,noise,154,-0.00408935546875,False
474:query_sentence:head:695:V,noise,162,-0.00048828125,False
474:query_sentence:head:695:V,noise,176,-0.002197265625,False
474:query_sentence:head:695:V,noise,178,-0.0027923583984375,False
474:query_sentence:head:695:V,noise,186,-0.003173828125,False
474:query_sentence:head:695:V,noise,192,-0.0013427734375,False
474:query_sentence:head:695:V,noise,196,-0.0009765625,False
474:query_sentence:head:709:K,noise,0,0.0057373046875,False
474:query_sentence:head:709:K,noise,16,0.0137786865234375,False
474:query_sentence:head:709:K,noise,32,-0.01483154296875,False
474:query_sentence:head:709:K,noise,48,0.000823974609375,False
474:query_sentence:head:709:K,noise,56,0.014495849609375,False
474:query_sentence:head:709:K,noise,64,0.00592041015625,False
474:query_sentence:head:709:K,noise,82,0.0018310546875,False
474:query_sentence:head:709:K,noise,96,0.0371856689453125,False
474:query_sentence:head:709:K,noise,98,0.006378173828125,False
474:query_sentence:head:709:K,noise,102,0.0146484375,False
474:query_sentence:head:709:K,noise,116,-0.00048828125,False
474:query_sentence:head:709:K,noise,130,0.0025634765625,False
474:query_sentence:head:709:K,noise,150,0.006317138671875,False
474:query_sentence:head:709:K,noise,154,0.0264892578125,False
474:query_sentence:head:709:K,noise,162,0.007568359375,False
474:query_sentence:head:709:K,noise,176,-0.0001220703125,False
474:query_sentence:head:709:K,noise,178,0.01169586181640625,False
474:query_sentence:head:709:K,noise,186,0.01580810546875,False
474:query_sentence:head:709:K,noise,192,0.0013427734375,False
474:query_sentence:head:709:K,noise,196,-0.00048828125,False
474:query_sentence:head:709:V,noise,0,0.003814697265625,False
474:query_sentence:head:709:V,noise,16,0.01385498046875,False
474:query_sentence:head:709:V,noise,32,0.00714111328125,False
474:query_sentence:head:709:V,noise,48,0.0043487548828125,False
474:query_sentence:head:709:V,noise,56,0.0093994140625,False
474:query_sentence:head:709:V,noise,64,0.00299072265625,False
474:query_sentence:head:709:V,noise,82,0.01153564453125,False
474:query_sentence:head:709:V,noise,96,0.02353668212890625,False
474:query_sentence:head:709:V,noise,98,0.00714111328125,False
474:query_sentence:head:709:V,noise,102,-0.00174713134765625,False
474:query_sentence:head:709:V,noise,116,0.00048828125,False
474:query_sentence:head:709:V,noise,130,0.0025787353515625,False
474:query_sentence:head:709:V,noise,150,0.001495361328125,False
474:query_sentence:head:709:V,noise,154,0.00677490234375,False
474:query_sentence:head:709:V,noise,162,0.011474609375,False
474:query_sentence:head:709:V,noise,176,0.004150390625,False
474:query_sentence:head:709:V,noise,178,0.00485992431640625,False
474:query_sentence:head:709:V,noise,186,0.00689697265625,False
474:query_sentence:head:709:V,noise,192,6.103515625e-05,False
474:query_sentence:head:709:V,noise,196,0.00634765625,False
474:query_sentence:head:751:K,noise,0,0.0006103515625,False
474:query_sentence:head:751:K,noise,16,0.002655029296875,False
474:query_sentence:head:751:K,noise,32,-0.0015869140625,False
474:query_sentence:head:751:K,noise,48,-0.00140380859375,False
474:query_sentence:head:751:K,noise,56,-0.004302978515625,False
474:query_sentence:head:751:K,noise,64,-0.00225830078125,False
474:query_sentence:head:751:K,noise,82,0.0013427734375,False
474:query_sentence:head:751:K,noise,96,-0.003570556640625,False
474:query_sentence:head:751:K,noise,98,-0.00531005859375,False
474:query_sentence:head:751:K,noise,102,0.00058746337890625,False
474:query_sentence:head:751:K,noise,116,-0.0025634765625,False
474:query_sentence:head:751:K,noise,130,-0.0032501220703125,False
474:query_sentence:head:751:K,noise,150,-0.00018310546875,False
474:query_sentence:head:751:K,noise,154,0.0,False
474:query_sentence:head:751:K,noise,162,0.00048828125,False
474:query_sentence:head:751:K,noise,176,0.00244140625,False
474:query_sentence:head:751:K,noise,178,-0.00171661376953125,False
474:query_sentence:head:751:K,noise,186,0.000732421875,False
474:query_sentence:head:751:K,noise,192,0.00030517578125,False
474:query_sentence:head:751:K,noise,196,0.00146484375,False
474:query_sentence:head:751:V,noise,0,0.0010986328125,False
474:query_sentence:head:751:V,noise,16,-0.0015716552734375,False
474:query_sentence:head:751:V,noise,32,-0.0049896240234375,False
474:query_sentence:head:751:V,noise,48,-0.00386810302734375,False
474:query_sentence:head:751:V,noise,56,-0.007415771484375,False
474:query_sentence:head:751:V,noise,64,-0.00311279296875,False
474:query_sentence:head:751:V,noise,82,0.0010986328125,False
474:query_sentence:head:751:V,noise,96,-0.00363922119140625,False
474:query_sentence:head:751:V,noise,98,-0.0084228515625,False
474:query_sentence:head:751:V,noise,102,0.001251220703125,False
474:query_sentence:head:751:V,noise,116,-0.00543212890625,False
474:query_sentence:head:751:V,noise,130,-0.002166748046875,False
474:query_sentence:head:751:V,noise,150,-0.001983642578125,False
474:query_sentence:head:751:V,noise,154,-0.0050048828125,False
474:query_sentence:head:751:V,noise,162,-0.00048828125,False
474:query_sentence:head:751:V,noise,176,-0.0078125,False
474:query_sentence:head:751:V,noise,178,-0.004230499267578125,False
474:query_sentence:head:751:V,noise,186,-0.0023193359375,False
474:query_sentence:head:751:V,noise,192,-0.00714111328125,False
474:query_sentence:head:751:V,noise,196,-0.0048828125,False
474:query_sentence:head:787:K,noise,0,0.002960205078125,False
474:query_sentence:head:787:K,noise,16,0.0028228759765625,False
474:query_sentence:head:787:K,noise,32,-0.0029296875,False
474:query_sentence:head:787:K,noise,48,0.0004119873046875,False
474:query_sentence:head:787:K,noise,56,-0.001434326171875,False
474:query_sentence:head:787:K,noise,64,-0.00177001953125,False
474:query_sentence:head:787:K,noise,82,0.0018310546875,False
474:query_sentence:head:787:K,noise,96,0.00382232666015625,False
474:query_sentence:head:787:K,noise,98,0.00830078125,False
474:query_sentence:head:787:K,noise,102,0.00211334228515625,False
474:query_sentence:head:787:K,noise,116,0.000244140625,False
474:query_sentence:head:787:K,noise,130,0.0037384033203125,False
474:query_sentence:head:787:K,noise,150,0.000946044921875,False
474:query_sentence:head:787:K,noise,154,-0.000244140625,False
474:query_sentence:head:787:K,noise,162,0.003662109375,False
474:query_sentence:head:787:K,noise,176,-0.001708984375,False
474:query_sentence:head:787:K,noise,178,0.00228118896484375,False
474:query_sentence:head:787:K,noise,186,0.0054931640625,False
474:query_sentence:head:787:K,noise,192,-0.00146484375,False
474:query_sentence:head:787:K,noise,196,0.001953125,False
474:query_sentence:head:787:V,noise,0,0.003021240234375,False
474:query_sentence:head:787:V,noise,16,0.002410888671875,False
474:query_sentence:head:787:V,noise,32,0.0035858154296875,False
474:query_sentence:head:787:V,noise,48,0.00096893310546875,False
474:query_sentence:head:787:V,noise,56,-0.001312255859375,False
474:query_sentence:head:787:V,noise,64,0.00225830078125,False
474:query_sentence:head:787:V,noise,82,0.00213623046875,False
474:query_sentence:head:787:V,noise,96,-0.001556396484375,False
474:query_sentence:head:787:V,noise,98,0.000640869140625,False
474:query_sentence:head:787:V,noise,102,-1.52587890625e-05,False
474:query_sentence:head:787:V,noise,116,-0.00299072265625,False
474:query_sentence:head:787:V,noise,130,-0.002105712890625,False
474:query_sentence:head:787:V,noise,150,0.00372314453125,False
474:query_sentence:head:787:V,noise,154,0.002197265625,False
474:query_sentence:head:787:V,noise,162,-0.001708984375,False
474:query_sentence:head:787:V,noise,176,-0.001953125,False
474:query_sentence:head:787:V,noise,178,-0.001567840576171875,False
474:query_sentence:head:787:V,noise,186,0.0015869140625,False
474:query_sentence:head:787:V,noise,192,0.00140380859375,False
474:query_sentence:head:787:V,noise,196,0.00048828125,False
474:query_sentence:head:817:K,noise,0,0.0013427734375,False
474:query_sentence:head:817:K,noise,16,-0.0006103515625,False
474:query_sentence:head:817:K,noise,32,0.000244140625,False
474:query_sentence:head:817:K,noise,48,0.0024261474609375,False
474:query_sentence:head:817:K,noise,56,-0.003997802734375,False
474:query_sentence:head:817:K,noise,64,-0.0010986328125,False
474:query_sentence:head:817:K,noise,82,-0.00079345703125,False
474:query_sentence:head:817:K,noise,96,0.001678466796875,False
474:query_sentence:head:817:K,noise,98,6.103515625e-05,False
474:query_sentence:head:817:K,noise,102,0.00171661376953125,False
474:query_sentence:head:817:K,noise,116,-0.00213623046875,False
474:query_sentence:head:817:K,noise,130,7.62939453125e-05,False
474:query_sentence:head:817:K,noise,150,0.001434326171875,False
474:query_sentence:head:817:K,noise,154,0.002197265625,False
474:query_sentence:head:817:K,noise,162,-0.000732421875,False
474:query_sentence:head:817:K,noise,176,-0.00244140625,False
474:query_sentence:head:817:K,noise,178,-0.002437591552734375,False
474:query_sentence:head:817:K,noise,186,-0.00201416015625,False
474:query_sentence:head:817:K,noise,192,-0.0001220703125,False
474:query_sentence:head:817:K,noise,196,0.00244140625,False
474:query_sentence:head:817:V,noise,0,0.001251220703125,False
474:query_sentence:head:817:V,noise,16,-0.00042724609375,False
474:query_sentence:head:817:V,noise,32,0.000335693359375,False
474:query_sentence:head:817:V,noise,48,-0.000762939453125,False
474:query_sentence:head:817:V,noise,56,-0.0011138916015625,False
474:query_sentence:head:817:V,noise,64,-0.001220703125,False
474:query_sentence:head:817:V,noise,82,0.0,False
474:query_sentence:head:817:V,noise,96,-0.000762939453125,False
474:query_sentence:head:817:V,noise,98,0.001190185546875,False
474:query_sentence:head:817:V,noise,102,0.00176239013671875,False
474:query_sentence:head:817:V,noise,116,-0.0015869140625,False
474:query_sentence:head:817:V,noise,130,0.0001068115234375,False
474:query_sentence:head:817:V,noise,150,-0.00164794921875,False
474:query_sentence:head:817:V,noise,154,0.0015869140625,False
474:query_sentence:head:817:V,noise,162,-0.002197265625,False
474:query_sentence:head:817:V,noise,176,-0.0013427734375,False
474:query_sentence:head:817:V,noise,178,-0.002025604248046875,False
474:query_sentence:head:817:V,noise,186,-0.00201416015625,False
474:query_sentence:head:817:V,noise,192,-0.00018310546875,False
474:query_sentence:head:817:V,noise,196,-0.00146484375,False
474:query_sentence:head:855:K,noise,0,0.00115966796875,False
474:query_sentence:head:855:K,noise,16,0.000701904296875,False
474:query_sentence:head:855:K,noise,32,-0.002685546875,False
474:query_sentence:head:855:K,noise,48,0.0012054443359375,False
474:query_sentence:head:855:K,noise,56,-0.0024871826171875,False
474:query_sentence:head:855:K,noise,64,-0.000732421875,False
474:query_sentence:head:855:K,noise,82,0.00103759765625,False
474:query_sentence:head:855:K,noise,96,0.00319671630859375,False
474:query_sentence:head:855:K,noise,98,0.0006103515625,False
474:query_sentence:head:855:K,noise,102,0.001068115234375,False
474:query_sentence:head:855:K,noise,116,-0.00140380859375,False
474:query_sentence:head:855:K,noise,130,-0.00201416015625,False
474:query_sentence:head:855:K,noise,150,9.1552734375e-05,False
474:query_sentence:head:855:K,noise,154,0.00433349609375,False
474:query_sentence:head:855:K,noise,162,-0.000732421875,False
474:query_sentence:head:855:K,noise,176,0.00146484375,False
474:query_sentence:head:855:K,noise,178,-0.0016937255859375,False
474:query_sentence:head:855:K,noise,186,-0.00054931640625,False
474:query_sentence:head:855:K,noise,192,0.00189208984375,False
474:query_sentence:head:855:K,noise,196,0.00244140625,False
474:query_sentence:head:855:V,noise,0,0.001861572265625,False
474:query_sentence:head:855:V,noise,16,0.000885009765625,False
474:query_sentence:head:855:V,noise,32,-0.0009918212890625,False
474:query_sentence:head:855:V,noise,48,0.0001373291015625,False
474:query_sentence:head:855:V,noise,56,-0.00396728515625,False
474:query_sentence:head:855:V,noise,64,0.000732421875,False
474:query_sentence:head:855:V,noise,82,0.00274658203125,False
474:query_sentence:head:855:V,noise,96,0.0018157958984375,False
474:query_sentence:head:855:V,noise,98,-0.001434326171875,False
474:query_sentence:head:855:V,noise,102,-0.00106048583984375,False
474:query_sentence:head:855:V,noise,116,-0.0025634765625,False
474:query_sentence:head:855:V,noise,130,-0.00103759765625,False
474:query_sentence:head:855:V,noise,150,-3.0517578125e-05,False
474:query_sentence:head:855:V,noise,154,-0.00079345703125,False
474:query_sentence:head:855:V,noise,162,-0.001220703125,False
474:query_sentence:head:855:V,noise,176,-0.0008544921875,False
474:query_sentence:head:855:V,noise,178,-0.002422332763671875,False
474:query_sentence:head:855:V,noise,186,-0.00360107421875,False
474:query_sentence:head:855:V,noise,192,-0.00177001953125,False
474:query_sentence:head:855:V,noise,196,-0.00048828125,False
474:query_sentence:head:870:K,noise,0,0.002655029296875,False
474:query_sentence:head:870:K,noise,16,0.00567626953125,False
474:query_sentence:head:870:K,noise,32,-0.002044677734375,False
474:query_sentence:head:870:K,noise,48,0.0096282958984375,False
474:query_sentence:head:870:K,noise,56,-0.00244140625,False
474:query_sentence:head:870:K,noise,64,-0.0054931640625,False
474:query_sentence:head:870:K,noise,82,-0.0020751953125,False
474:query_sentence:head:870:K,noise,96,-0.0002593994140625,False
474:query_sentence:head:870:K,noise,98,0.0140380859375,False
474:query_sentence:head:870:K,noise,102,-0.00054168701171875,False
474:query_sentence:head:870:K,noise,116,0.0030517578125,False
474:query_sentence:head:870:K,noise,130,0.0046844482421875,False
474:query_sentence:head:870:K,noise,150,0.001312255859375,False
474:query_sentence:head:870:K,noise,154,0.0029296875,False
474:query_sentence:head:870:K,noise,162,-0.001708984375,False
474:query_sentence:head:870:K,noise,176,0.005126953125,False
474:query_sentence:head:870:K,noise,178,0.0045928955078125,False
474:query_sentence:head:870:K,noise,186,0.0050048828125,False
474:query_sentence:head:870:K,noise,192,-0.00421142578125,False
474:query_sentence:head:870:K,noise,196,0.00439453125,False
474:query_sentence:head:870:V,noise,0,0.000213623046875,False
474:query_sentence:head:870:V,noise,16,0.003143310546875,False
474:query_sentence:head:870:V,noise,32,-0.0039215087890625,False
474:query_sentence:head:870:V,noise,48,0.0028076171875,False
474:query_sentence:head:870:V,noise,56,0.0015869140625,False
474:query_sentence:head:870:V,noise,64,0.0020751953125,False
474:query_sentence:head:870:V,noise,82,0.0045166015625,False
474:query_sentence:head:870:V,noise,96,0.00037384033203125,False
474:query_sentence:head:870:V,noise,98,-0.0001220703125,False
474:query_sentence:head:870:V,noise,102,-0.00106048583984375,False
474:query_sentence:head:870:V,noise,116,-0.0001220703125,False
474:query_sentence:head:870:V,noise,130,-0.0008087158203125,False
474:query_sentence:head:870:V,noise,150,-0.00054931640625,False
474:query_sentence:head:870:V,noise,154,0.00079345703125,False
474:query_sentence:head:870:V,noise,162,0.00390625,False
474:query_sentence:head:870:V,noise,176,-0.0050048828125,False
474:query_sentence:head:870:V,noise,178,0.00353240966796875,False
474:query_sentence:head:870:V,noise,186,0.00421142578125,False
474:query_sentence:head:870:V,noise,192,-0.00048828125,False
474:query_sentence:head:870:V,noise,196,0.00244140625,False
474:query_sentence:head:973:K,noise,0,0.0009765625,False
474:query_sentence:head:973:K,noise,16,0.0009765625,False
474:query_sentence:head:973:K,noise,32,0.00042724609375,False
474:query_sentence:head:973:K,noise,48,0.0004730224609375,False
474:query_sentence:head:973:K,noise,56,-0.0032958984375,False
474:query_sentence:head:973:K,noise,64,0.00067138671875,False
474:query_sentence:head:973:K,noise,82,-0.00048828125,False
474:query_sentence:head:973:K,noise,96,0.00067901611328125,False
474:query_sentence:head:973:K,noise,98,6.103515625e-05,False
474:query_sentence:head:973:K,noise,102,-0.00066375732421875,False
474:query_sentence:head:973:K,noise,116,-0.00128173828125,False
474:query_sentence:head:973:K,noise,130,-0.0009002685546875,False
474:query_sentence:head:973:K,noise,150,-0.001068115234375,False
474:query_sentence:head:973:K,noise,154,0.0,False
474:query_sentence:head:973:K,noise,162,0.0,False
474:query_sentence:head:973:K,noise,176,-0.0010986328125,False
474:query_sentence:head:973:K,noise,178,-0.001293182373046875,False
474:query_sentence:head:973:K,noise,186,-0.0010986328125,False
474:query_sentence:head:973:K,noise,192,-0.00054931640625,False
474:query_sentence:head:973:K,noise,196,-0.0009765625,False
474:query_sentence:head:973:V,noise,0,0.000701904296875,False
474:query_sentence:head:973:V,noise,16,0.0004425048828125,False
474:query_sentence:head:973:V,noise,32,0.0003509521484375,False
474:query_sentence:head:973:V,noise,48,-0.001007080078125,False
474:query_sentence:head:973:V,noise,56,-0.001922607421875,False
474:query_sentence:head:973:V,noise,64,0.000244140625,False
474:query_sentence:head:973:V,noise,82,0.0001220703125,False
474:query_sentence:head:973:V,noise,96,0.0013580322265625,False
474:query_sentence:head:973:V,noise,98,0.000732421875,False
474:query_sentence:head:973:V,noise,102,0.00043487548828125,False
474:query_sentence:head:973:V,noise,116,-0.0008544921875,False
474:query_sentence:head:973:V,noise,130,-0.001983642578125,False
474:query_sentence:head:973:V,noise,150,0.002471923828125,False
474:query_sentence:head:973:V,noise,154,0.0013427734375,False
474:query_sentence:head:973:V,noise,162,-0.000244140625,False
474:query_sentence:head:973:V,noise,176,-0.0010986328125,False
474:query_sentence:head:973:V,noise,178,0.001689910888671875,False
474:query_sentence:head:973:V,noise,186,-0.0018310546875,False
474:query_sentence:head:973:V,noise,192,-0.0008544921875,False
474:query_sentence:head:973:V,noise,196,-0.001953125,False
474:query_sentence:head:978:K,noise,0,0.00054931640625,False
474:query_sentence:head:978:K,noise,16,0.0017242431640625,False
474:query_sentence:head:978:K,noise,32,-0.0047607421875,False
474:query_sentence:head:978:K,noise,48,0.000732421875,False
474:query_sentence:head:978:K,noise,56,-0.001190185546875,False
474:query_sentence:head:978:K,noise,64,0.0006103515625,False
474:query_sentence:head:978:K,noise,82,0.00238037109375,False
474:query_sentence:head:978:K,noise,96,0.0009918212890625,False
474:query_sentence:head:978:K,noise,98,0.00128173828125,False
474:query_sentence:head:978:K,noise,102,0.003692626953125,False
474:query_sentence:head:978:K,noise,116,0.0001220703125,False
474:query_sentence:head:978:K,noise,130,-0.000152587890625,False
474:query_sentence:head:978:K,noise,150,0.001495361328125,False
474:query_sentence:head:978:K,noise,154,0.0020751953125,False
474:query_sentence:head:978:K,noise,162,-0.002685546875,False
474:query_sentence:head:978:K,noise,176,-0.0009765625,False
474:query_sentence:head:978:K,noise,178,0.002422332763671875,False
474:query_sentence:head:978:K,noise,186,0.00115966796875,False
474:query_sentence:head:978:K,noise,192,-0.00164794921875,False
474:query_sentence:head:978:K,noise,196,-0.0009765625,False
474:query_sentence:head:978:V,noise,0,0.00323486328125,False
474:query_sentence:head:978:V,noise,16,0.0012969970703125,False
474:query_sentence:head:978:V,noise,32,-6.103515625e-05,False
474:query_sentence:head:978:V,noise,48,0.0020294189453125,False
474:query_sentence:head:978:V,noise,56,-0.000213623046875,False
474:query_sentence:head:978:V,noise,64,0.00018310546875,False
474:query_sentence:head:978:V,noise,82,0.00079345703125,False
474:query_sentence:head:978:V,noise,96,0.00067138671875,False
474:query_sentence:head:978:V,noise,98,-0.0015869140625,False
474:query_sentence:head:978:V,noise,102,0.0006103515625,False
474:query_sentence:head:978:V,noise,116,-0.00189208984375,False
474:query_sentence:head:978:V,noise,130,-0.0005950927734375,False
474:query_sentence:head:978:V,noise,150,0.00067138671875,False
474:query_sentence:head:978:V,noise,154,0.00103759765625,False
474:query_sentence:head:978:V,noise,162,-0.000732421875,False
474:query_sentence:head:978:V,noise,176,0.0,False
474:query_sentence:head:978:V,noise,178,-0.000102996826171875,False
474:query_sentence:head:978:V,noise,186,-0.0001220703125,False
474:query_sentence:head:978:V,noise,192,-0.00054931640625,False
474:query_sentence:head:978:V,noise,196,0.00048828125,False
474:query_sentence:mlp:14:,noise,0,-0.022979736328125,False
474:query_sentence:mlp:14:,noise,16,-0.0106658935546875,False
474:query_sentence:mlp:14:,noise,32,-0.067291259765625,False
474:query_sentence:mlp:14:,noise,48,-0.0135498046875,False
474:query_sentence:mlp:14:,noise,56,-0.0064239501953125,False
474:query_sentence:mlp:14:,noise,64,-0.00628662109375,False
474:query_sentence:mlp:14:,noise,82,0.01776123046875,False
474:query_sentence:mlp:14:,noise,96,0.017425537109375,False
474:query_sentence:mlp:14:,noise,98,-0.11932373046875,False
474:query_sentence:mlp:14:,noise,102,-0.09510040283203125,False
474:query_sentence:mlp:14:,noise,116,-0.0552978515625,False
474:query_sentence:mlp:14:,noise,130,-0.052978515625,False
474:query_sentence:mlp:14:,noise,150,0.012939453125,False
474:query_sentence:mlp:14:,noise,154,-0.1494140625,False
474:query_sentence:mlp:14:,noise,162,-0.00146484375,False
474:query_sentence:mlp:14:,noise,176,-0.0550537109375,False
474:query_sentence:mlp:14:,noise,178,-0.1006326675415039,False
474:query_sentence:mlp:14:,noise,186,-0.09912109375,False
474:query_sentence:mlp:14:,noise,192,0.015380859375,False
474:query_sentence:mlp:14:,noise,196,0.00390625,False
474:query_sentence:mlp:15:,noise,0,-0.0283203125,False
474:query_sentence:mlp:15:,noise,16,-0.0278778076171875,False
474:query_sentence:mlp:15:,noise,32,-0.0066986083984375,False
474:query_sentence:mlp:15:,noise,48,0.0075531005859375,False
474:query_sentence:mlp:15:,noise,56,-0.0249481201171875,False
474:query_sentence:mlp:15:,noise,64,-0.034912109375,False
474:query_sentence:mlp:15:,noise,82,-0.064208984375,False
474:query_sentence:mlp:15:,noise,96,-0.0524139404296875,False
474:query_sentence:mlp:15:,noise,98,-0.113128662109375,False
474:query_sentence:mlp:15:,noise,102,0.01032257080078125,False
474:query_sentence:mlp:15:,noise,116,-0.021484375,False
474:query_sentence:mlp:15:,noise,130,-0.018798828125,False
474:query_sentence:mlp:15:,noise,150,-0.02215576171875,False
474:query_sentence:mlp:15:,noise,154,-0.0760498046875,False
474:query_sentence:mlp:15:,noise,162,-0.00341796875,False
474:query_sentence:mlp:15:,noise,176,-0.020751953125,False
474:query_sentence:mlp:15:,noise,178,-0.0798492431640625,False
474:query_sentence:mlp:15:,noise,186,-0.0843505859375,False
474:query_sentence:mlp:15:,noise,192,0.0050048828125,False
474:query_sentence:mlp:15:,noise,196,-0.00048828125,False
505:query_child_last:head:513:K,noise,0,-0.034515380859375,False
505:query_child_last:head:513:K,noise,16,0.01934814453125,False
505:query_child_last:head:513:K,noise,32,-0.001556396484375,False
505:query_child_last:head:513:K,noise,48,0.0545196533203125,False
505:query_child_last:head:513:K,noise,56,0.0156097412109375,False
505:query_child_last:head:513:K,noise,64,0.19537353515625,False
505:query_child_last:head:513:K,noise,82,0.00335693359375,False
505:query_child_last:head:513:K,noise,96,0.02675628662109375,False
505:query_child_last:head:513:K,noise,98,0.09814453125,False
505:query_child_last:head:513:K,noise,102,0.00434112548828125,False
505:query_child_last:head:513:K,noise,116,0.02789306640625,False
505:query_child_last:head:513:K,noise,130,0.00518798828125,False
505:query_child_last:head:513:K,noise,150,0.1539306640625,False
505:query_child_last:head:513:K,noise,154,-0.09423828125,False
505:query_child_last:head:513:K,noise,162,0.194580078125,False
505:query_child_last:head:513:K,noise,176,0.0125732421875,False
505:query_child_last:head:513:K,noise,178,0.005779266357421875,False
505:query_child_last:head:513:K,noise,186,0.1055908203125,False
505:query_child_last:head:513:K,noise,192,0.00140380859375,False
505:query_child_last:head:513:K,noise,196,0.02001953125,False
505:query_child_last:head:513:V,noise,0,0.106658935546875,False
505:query_child_last:head:513:V,noise,16,0.1875152587890625,False
505:query_child_last:head:513:V,noise,32,0.13153076171875,False
505:query_child_last:head:513:V,noise,48,0.13134765625,False
505:query_child_last:head:513:V,noise,56,0.089813232421875,False
505:query_child_last:head:513:V,noise,64,0.07501220703125,False
505:query_child_last:head:513:V,noise,82,0.152587890625,False
505:query_child_last:head:513:V,noise,96,0.38417816162109375,False
505:query_child_last:head:513:V,noise,98,0.227996826171875,False
505:query_child_last:head:513:V,noise,102,0.13734054565429688,False
505:query_child_last:head:513:V,noise,116,0.3458251953125,False
505:query_child_last:head:513:V,noise,130,0.0705108642578125,False
505:query_child_last:head:513:V,noise,150,0.0217742919921875,False
505:query_child_last:head:513:V,noise,154,0.357177734375,False
505:query_child_last:head:513:V,noise,162,0.270751953125,False
505:query_child_last:head:513:V,noise,176,0.1063232421875,False
505:query_child_last:head:513:V,noise,178,0.12228775024414062,False
505:query_child_last:head:513:V,noise,186,0.36737060546875,False
505:query_child_last:head:513:V,noise,192,0.22320556640625,False
505:query_child_last:head:513:V,noise,196,0.11376953125,False
505:query_child_last:head:533:K,noise,0,0.00030517578125,False
505:query_child_last:head:533:K,noise,16,-0.00738525390625,False
505:query_child_last:head:533:K,noise,32,0.000823974609375,False
505:query_child_last:head:533:K,noise,48,0.003662109375,False
505:query_child_last:head:533:K,noise,56,0.0326995849609375,False
505:query_child_last:head:533:K,noise,64,0.0623779296875,False
505:query_child_last:head:533:K,noise,82,0.0250244140625,False
505:query_child_last:head:533:K,noise,96,-0.00710296630859375,False
505:query_child_last:head:533:K,noise,98,-0.004058837890625,False
505:query_child_last:head:533:K,noise,102,0.00730133056640625,False
505:query_child_last:head:533:K,noise,116,0.04827880859375,False
505:query_child_last:head:533:K,noise,130,-0.060546875,False
505:query_child_last:head:533:K,noise,150,-0.013214111328125,False
505:query_child_last:head:533:K,noise,154,-0.154052734375,False
505:query_child_last:head:533:K,noise,162,0.047119140625,False
505:query_child_last:head:533:K,noise,176,-0.001220703125,False
505:query_child_last:head:533:K,noise,178,-0.010585784912109375,False
505:query_child_last:head:533:K,noise,186,-0.00714111328125,False
505:query_child_last:head:533:K,noise,192,-0.04510498046875,False
505:query_child_last:head:533:K,noise,196,-0.02294921875,False
505:query_child_last:head:533:V,noise,0,0.058502197265625,False
505:query_child_last:head:533:V,noise,16,0.0667266845703125,False
505:query_child_last:head:533:V,noise,32,0.144073486328125,False
505:query_child_last:head:533:V,noise,48,0.14707183837890625,False
505:query_child_last:head:533:V,noise,56,0.0916900634765625,False
505:query_child_last:head:533:V,noise,64,0.06072998046875,False
505:query_child_last:head:533:V,noise,82,0.2607421875,False
505:query_child_last:head:533:V,noise,96,0.33187103271484375,False
505:query_child_last:head:533:V,noise,98,0.13299560546875,False
505:query_child_last:head:533:V,noise,102,0.2016773223876953,False
505:query_child_last:head:533:V,noise,116,0.4224853515625,False
505:query_child_last:head:533:V,noise,130,0.101043701171875,False
505:query_child_last:head:533:V,noise,150,0.01971435546875,False
505:query_child_last:head:533:V,noise,154,0.38433837890625,False
505:query_child_last:head:533:V,noise,162,0.2587890625,False
505:query_child_last:head:533:V,noise,176,0.0836181640625,False
505:query_child_last:head:533:V,noise,178,0.23971176147460938,False
505:query_child_last:head:533:V,noise,186,0.45465087890625,False
505:query_child_last:head:533:V,noise,192,0.26397705078125,False
505:query_child_last:head:533:V,noise,196,0.11083984375,False
505:query_child_last:head:547:K,noise,0,0.00225830078125,False
505:query_child_last:head:547:K,noise,16,-0.002197265625,False
505:query_child_last:head:547:K,noise,32,-0.00244140625,False
505:query_child_last:head:547:K,noise,48,-0.005218505859375,False
505:query_child_last:head:547:K,noise,56,-0.0086212158203125,False
505:query_child_last:head:547:K,noise,64,-0.015380859375,False
505:query_child_last:head:547:K,noise,82,-0.003662109375,False
505:query_child_last:head:547:K,noise,96,0.00438690185546875,False
505:query_child_last:head:547:K,noise,98,-0.016387939453125,False
505:query_child_last:head:547:K,noise,102,0.00415802001953125,False
505:query_child_last:head:547:K,noise,116,-0.01251220703125,False
505:query_child_last:head:547:K,noise,130,-0.0082855224609375,False
505:query_child_last:head:547:K,noise,150,0.002777099609375,False
505:query_child_last:head:547:K,noise,154,-0.00579833984375,False
505:query_child_last:head:547:K,noise,162,-0.0234375,False
505:query_child_last:head:547:K,noise,176,-0.0018310546875,False
505:query_child_last:head:547:K,noise,178,-0.000457763671875,False
505:query_child_last:head:547:K,noise,186,-0.01806640625,False
505:query_child_last:head:547:K,noise,192,-0.00030517578125,False
505:query_child_last:head:547:K,noise,196,-0.00048828125,False
505:query_child_last:head:547:V,noise,0,-0.017669677734375,False
505:query_child_last:head:547:V,noise,16,-0.0319671630859375,False
505:query_child_last:head:547:V,noise,32,-0.0155792236328125,False
505:query_child_last:head:547:V,noise,48,-0.0267486572265625,False
505:query_child_last:head:547:V,noise,56,-0.0173492431640625,False
505:query_child_last:head:547:V,noise,64,-0.0181884765625,False
505:query_child_last:head:547:V,noise,82,-0.036376953125,False
505:query_child_last:head:547:V,noise,96,-0.0355987548828125,False
505:query_child_last:head:547:V,noise,98,-0.02593994140625,False
505:query_child_last:head:547:V,noise,102,-0.02944183349609375,False
505:query_child_last:head:547:V,noise,116,-0.0391845703125,False
505:query_child_last:head:547:V,noise,130,-0.0071563720703125,False
505:query_child_last:head:547:V,noise,150,-0.005126953125,False
505:query_child_last:head:547:V,noise,154,-0.05609130859375,False
505:query_child_last:head:547:V,noise,162,-0.036865234375,False
505:query_child_last:head:547:V,noise,176,-0.0103759765625,False
505:query_child_last:head:547:V,noise,178,-0.028804779052734375,False
505:query_child_last:head:547:V,noise,186,-0.06219482421875,False
505:query_child_last:head:547:V,noise,192,-0.04217529296875,False
505:query_child_last:head:547:V,noise,196,-0.017578125,False
505:query_child_last:head:561:K,noise,0,0.005462646484375,False
505:query_child_last:head:561:K,noise,16,-0.0011749267578125,False
505:query_child_last:head:561:K,noise,32,0.0049896240234375,False
505:query_child_last:head:561:K,noise,48,0.0014190673828125,False
505:query_child_last:head:561:K,noise,56,0.0002899169921875,False
505:query_child_last:head:561:K,noise,64,-0.000244140625,False
505:query_child_last:head:561:K,noise,82,0.001953125,False
505:query_child_last:head:561:K,noise,96,-0.005218505859375,False
505:query_child_last:head:561:K,noise,98,-0.004669189453125,False
505:query_child_last:head:561:K,noise,102,0.00208282470703125,False
505:query_child_last:head:561:K,noise,116,-0.00372314453125,False
505:query_child_last:head:561:K,noise,130,0.00048828125,False
505:query_child_last:head:561:K,noise,150,0.00177001953125,False
505:query_child_last:head:561:K,noise,154,0.0029296875,False
505:query_child_last:head:561:K,noise,162,0.000732421875,False
505:query_child_last:head:561:K,noise,176,0.0010986328125,False
505:query_child_last:head:561:K,noise,178,-0.001773834228515625,False
505:query_child_last:head:561:K,noise,186,-0.00531005859375,False
505:query_child_last:head:561:K,noise,192,0.0008544921875,False
505:query_child_last:head:561:K,noise,196,-0.00390625,False
505:query_child_last:head:561:V,noise,0,0.041595458984375,False
505:query_child_last:head:561:V,noise,16,0.024871826171875,False
505:query_child_last:head:561:V,noise,32,0.0224609375,False
505:query_child_last:head:561:V,noise,48,0.0154876708984375,False
505:query_child_last:head:561:V,noise,56,0.003143310546875,False
505:query_child_last:head:561:V,noise,64,0.006591796875,False
505:query_child_last:head:561:V,noise,82,0.02325439453125,False
505:query_child_last:head:561:V,noise,96,0.07907867431640625,False
505:query_child_last:head:561:V,noise,98,0.0289306640625,False
505:query_child_last:head:561:V,noise,102,0.01171875,False
505:query_child_last:head:561:V,noise,116,0.01397705078125,False
505:query_child_last:head:561:V,noise,130,0.005767822265625,False
505:query_child_last:head:561:V,noise,150,0.0047607421875,False
505:query_child_last:head:561:V,noise,154,0.04608154296875,False
505:query_child_last:head:561:V,noise,162,0.018310546875,False
505:query_child_last:head:561:V,noise,176,0.0133056640625,False
505:query_child_last:head:561:V,noise,178,0.028575897216796875,False
505:query_child_last:head:561:V,noise,186,0.05322265625,False
505:query_child_last:head:561:V,noise,192,0.02679443359375,False
505:query_child_last:head:561:V,noise,196,0.02294921875,False
505:query_child_last:head:568:K,noise,0,9.1552734375e-05,False
505:query_child_last:head:568:K,noise,16,7.62939453125e-05,False
505:query_child_last:head:568:K,noise,32,-0.003204345703125,False
505:query_child_last:head:568:K,noise,48,0.0023345947265625,False
505:query_child_last:head:568:K,noise,56,-0.0023040771484375,False
505:query_child_last:head:568:K,noise,64,0.0023193359375,False
505:query_child_last:head:568:K,noise,82,-0.00054931640625,False
505:query_child_last:head:568:K,noise,96,0.0001068115234375,False
505:query_child_last:head:568:K,noise,98,-0.0025634765625,False
505:query_child_last:head:568:K,noise,102,0.00276947021484375,False
505:query_child_last:head:568:K,noise,116,-0.000244140625,False
505:query_child_last:head:568:K,noise,130,-0.002349853515625,False
505:query_child_last:head:568:K,noise,150,-0.000335693359375,False
505:query_child_last:head:568:K,noise,154,0.001220703125,False
505:query_child_last:head:568:K,noise,162,0.004638671875,False
505:query_child_last:head:568:K,noise,176,-0.0008544921875,False
505:query_child_last:head:568:K,noise,178,0.0017242431640625,False
505:query_child_last:head:568:K,noise,186,-0.004150390625,False
505:query_child_last:head:568:K,noise,192,0.00042724609375,False
505:query_child_last:head:568:K,noise,196,0.00146484375,False
505:query_child_last:head:568:V,noise,0,0.0003662109375,False
505:query_child_last:head:568:V,noise,16,-0.002960205078125,False
505:query_child_last:head:568:V,noise,32,0.0037689208984375,False
505:query_child_last:head:568:V,noise,48,0.0030059814453125,False
505:query_child_last:head:568:V,noise,56,-0.0002288818359375,False
505:query_child_last:head:568:V,noise,64,0.001220703125,False
505:query_child_last:head:568:V,noise,82,0.00115966796875,False
505:query_child_last:head:568:V,noise,96,-0.001373291015625,False
505:query_child_last:head:568:V,noise,98,-0.001220703125,False
505:query_child_last:head:568:V,noise,102,0.00124359130859375,False
505:query_child_last:head:568:V,noise,116,-0.00634765625,False
505:query_child_last:head:568:V,noise,130,-0.0005950927734375,False
505:query_child_last:head:568:V,noise,150,0.0015869140625,False
505:query_child_last:head:568:V,noise,154,-0.001220703125,False
505:query_child_last:head:568:V,noise,162,0.0009765625,False
505:query_child_last:head:568:V,noise,176,0.001953125,False
505:query_child_last:head:568:V,noise,178,-0.003536224365234375,False
505:query_child_last:head:568:V,noise,186,-0.00555419921875,False
505:query_child_last:head:568:V,noise,192,-0.00152587890625,False
505:query_child_last:head:568:V,noise,196,-0.00341796875,False
505:query_child_last:head:594:K,noise,0,0.003509521484375,False
505:query_child_last:head:594:K,noise,16,-0.0039825439453125,False
505:query_child_last:head:594:K,noise,32,-0.002899169921875,False
505:query_child_last:head:594:K,noise,48,0.00188446044921875,False
505:query_child_last:head:594:K,noise,56,0.0004730224609375,False
505:query_child_last:head:594:K,noise,64,0.0,False
505:query_child_last:head:594:K,noise,82,0.00103759765625,False
505:query_child_last:head:594:K,noise,96,7.62939453125e-06,False
505:query_child_last:head:594:K,noise,98,0.0029296875,False
505:query_child_last:head:594:K,noise,102,-0.00140380859375,False
505:query_child_last:head:594:K,noise,116,-0.00323486328125,False
505:query_child_last:head:594:K,noise,130,-0.002197265625,False
505:query_child_last:head:594:K,noise,150,0.002838134765625,False
505:query_child_last:head:594:K,noise,154,0.0029296875,False
505:query_child_last:head:594:K,noise,162,0.00048828125,False
505:query_child_last:head:594:K,noise,176,0.0003662109375,False
505:query_child_last:head:594:K,noise,178,-0.00323486328125,False
505:query_child_last:head:594:K,noise,186,0.01123046875,False
505:query_child_last:head:594:K,noise,192,-0.00018310546875,False
505:query_child_last:head:594:K,noise,196,0.0,False
505:query_child_last:head:594:V,noise,0,0.000640869140625,False
505:query_child_last:head:594:V,noise,16,0.007720947265625,False
505:query_child_last:head:594:V,noise,32,0.0015869140625,False
505:query_child_last:head:594:V,noise,48,0.00519561767578125,False
505:query_child_last:head:594:V,noise,56,-0.0025634765625,False
505:query_child_last:head:594:V,noise,64,0.00665283203125,False
505:query_child_last:head:594:V,noise,82,0.00299072265625,False
505:query_child_last:head:594:V,noise,96,0.000732421875,False
505:query_child_last:head:594:V,noise,98,0.00469970703125,False
505:query_child_last:head:594:V,noise,102,0.00316619873046875,False
505:query_child_last:head:594:V,noise,116,-0.0045166015625,False
505:query_child_last:head:594:V,noise,130,-0.0042572021484375,False
505:query_child_last:head:594:V,noise,150,0.003997802734375,False
505:query_child_last:head:594:V,noise,154,0.00836181640625,False
505:query_child_last:head:594:V,noise,162,0.003173828125,False
505:query_child_last:head:594:V,noise,176,-0.000732421875,False
505:query_child_last:head:594:V,noise,178,0.000995635986328125,False
505:query_child_last:head:594:V,noise,186,0.0067138671875,False
505:query_child_last:head:594:V,noise,192,0.00347900390625,False
505:query_child_last:head:594:V,noise,196,0.001953125,False
505:query_child_last:head:595:K,noise,0,0.002197265625,False
505:query_child_last:head:595:K,noise,16,-0.0013885498046875,False
505:query_child_last:head:595:K,noise,32,0.00872802734375,False
505:query_child_last:head:595:K,noise,48,0.0065155029296875,False
505:query_child_last:head:595:K,noise,56,-0.0021514892578125,False
505:query_child_last:head:595:K,noise,64,-0.0072021484375,False
505:query_child_last:head:595:K,noise,82,-0.0001220703125,False
505:query_child_last:head:595:K,noise,96,-0.0030364990234375,False
505:query_child_last:head:595:K,noise,98,0.001739501953125,False
505:query_child_last:head:595:K,noise,102,-0.00171661376953125,False
505:query_child_last:head:595:K,noise,116,-0.00482177734375,False
505:query_child_last:head:595:K,noise,130,-0.0049896240234375,False
505:query_child_last:head:595:K,noise,150,0.003143310546875,False
505:query_child_last:head:595:K,noise,154,-0.0054931640625,False
505:query_child_last:head:595:K,noise,162,0.014892578125,False
505:query_child_last:head:595:K,noise,176,-0.002685546875,False
505:query_child_last:head:595:K,noise,178,-0.00933837890625,False
505:query_child_last:head:595:K,noise,186,0.0045166015625,False
505:query_child_last:head:595:K,noise,192,-0.0052490234375,False
505:query_child_last:head:595:K,noise,196,-0.00048828125,False
505:query_child_last:head:595:V,noise,0,-0.00103759765625,False
505:query_child_last:head:595:V,noise,16,0.0065460205078125,False
505:query_child_last:head:595:V,noise,32,-0.00408935546875,False
505:query_child_last:head:595:V,noise,48,0.0007781982421875,False
505:query_child_last:head:595:V,noise,56,-0.0027008056640625,False
505:query_child_last:head:595:V,noise,64,0.00445556640625,False
505:query_child_last:head:595:V,noise,82,0.002685546875,False
505:query_child_last:head:595:V,noise,96,0.00014495849609375,False
505:query_child_last:head:595:V,noise,98,-0.00299072265625,False
505:query_child_last:head:595:V,noise,102,0.00048065185546875,False
505:query_child_last:head:595:V,noise,116,-0.00311279296875,False
505:query_child_last:head:595:V,noise,130,-0.001312255859375,False
505:query_child_last:head:595:V,noise,150,0.00634765625,False
505:query_child_last:head:595:V,noise,154,0.00250244140625,False
505:query_child_last:head:595:V,noise,162,0.001953125,False
505:query_child_last:head:595:V,noise,176,-0.0020751953125,False
505:query_child_last:head:595:V,noise,178,0.00098419189453125,False
505:query_child_last:head:595:V,noise,186,0.0035400390625,False
505:query_child_last:head:595:V,noise,192,-0.0010986328125,False
505:query_child_last:head:595:V,noise,196,-0.00048828125,False
505:query_child_last:head:600:K,noise,0,-0.00469970703125,False
505:query_child_last:head:600:K,noise,16,-0.00384521484375,False
505:query_child_last:head:600:K,noise,32,0.00189208984375,False
505:query_child_last:head:600:K,noise,48,0.00177001953125,False
505:query_child_last:head:600:K,noise,56,0.00262451171875,False
505:query_child_last:head:600:K,noise,64,-0.00048828125,False
505:query_child_last:head:600:K,noise,82,0.00390625,False
505:query_child_last:head:600:K,noise,96,-0.0047760009765625,False
505:query_child_last:head:600:K,noise,98,0.006134033203125,False
505:query_child_last:head:600:K,noise,102,0.00016021728515625,False
505:query_child_last:head:600:K,noise,116,-0.00982666015625,False
505:query_child_last:head:600:K,noise,130,-0.0045623779296875,False
505:query_child_last:head:600:K,noise,150,0.006744384765625,False
505:query_child_last:head:600:K,noise,154,-0.00469970703125,False
505:query_child_last:head:600:K,noise,162,-0.001953125,False
505:query_child_last:head:600:K,noise,176,0.0035400390625,False
505:query_child_last:head:600:K,noise,178,-0.00492095947265625,False
505:query_child_last:head:600:K,noise,186,-0.0150146484375,False
505:query_child_last:head:600:K,noise,192,0.00115966796875,False
505:query_child_last:head:600:K,noise,196,0.00537109375,False
505:query_child_last:head:600:V,noise,0,0.002410888671875,False
505:query_child_last:head:600:V,noise,16,-0.008056640625,False
505:query_child_last:head:600:V,noise,32,0.0020751953125,False
505:query_child_last:head:600:V,noise,48,0.001312255859375,False
505:query_child_last:head:600:V,noise,56,-0.0081634521484375,False
505:query_child_last:head:600:V,noise,64,-0.00311279296875,False
505:query_child_last:head:600:V,noise,82,-0.00152587890625,False
505:query_child_last:head:600:V,noise,96,-0.0110321044921875,False
505:query_child_last:head:600:V,noise,98,-0.015167236328125,False
505:query_child_last:head:600:V,noise,102,-0.00749969482421875,False
505:query_child_last:head:600:V,noise,116,-0.00714111328125,False
505:query_child_last:head:600:V,noise,130,-0.005157470703125,False
505:query_child_last:head:600:V,noise,150,-0.001983642578125,False
505:query_child_last:head:600:V,noise,154,-0.0076904296875,False
505:query_child_last:head:600:V,noise,162,-0.001708984375,False
505:query_child_last:head:600:V,noise,176,-0.0067138671875,False
505:query_child_last:head:600:V,noise,178,-0.00865936279296875,False
505:query_child_last:head:600:V,noise,186,-0.0152587890625,False
505:query_child_last:head:600:V,noise,192,-0.0074462890625,False
505:query_child_last:head:600:V,noise,196,-0.0048828125,False
505:query_child_last:head:624:K,noise,0,0.0040283203125,False
505:query_child_last:head:624:K,noise,16,-0.001190185546875,False
505:query_child_last:head:624:K,noise,32,0.0001373291015625,False
505:query_child_last:head:624:K,noise,48,0.0009307861328125,False
505:query_child_last:head:624:K,noise,56,-0.0024871826171875,False
505:query_child_last:head:624:K,noise,64,-0.00238037109375,False
505:query_child_last:head:624:K,noise,82,0.0015869140625,False
505:query_child_last:head:624:K,noise,96,-0.000640869140625,False
505:query_child_last:head:624:K,noise,98,-0.00250244140625,False
505:query_child_last:head:624:K,noise,102,0.000152587890625,False
505:query_child_last:head:624:K,noise,116,-0.00537109375,False
505:query_child_last:head:624:K,noise,130,-0.0004730224609375,False
505:query_child_last:head:624:K,noise,150,0.000701904296875,False
505:query_child_last:head:624:K,noise,154,0.00286865234375,False
505:query_child_last:head:624:K,noise,162,0.000244140625,False
505:query_child_last:head:624:K,noise,176,0.001220703125,False
505:query_child_last:head:624:K,noise,178,-0.002986907958984375,False
505:query_child_last:head:624:K,noise,186,-0.0023193359375,False
505:query_child_last:head:624:K,noise,192,-0.00201416015625,False
505:query_child_last:head:624:K,noise,196,-0.0009765625,False
505:query_child_last:head:624:V,noise,0,0.00018310546875,False
505:query_child_last:head:624:V,noise,16,-0.0014801025390625,False
505:query_child_last:head:624:V,noise,32,-0.002593994140625,False
505:query_child_last:head:624:V,noise,48,0.00421142578125,False
505:query_child_last:head:624:V,noise,56,-0.0020599365234375,False
505:query_child_last:head:624:V,noise,64,0.00054931640625,False
505:query_child_last:head:624:V,noise,82,0.001953125,False
505:query_child_last:head:624:V,noise,96,-0.00025177001953125,False
505:query_child_last:head:624:V,noise,98,0.000152587890625,False
505:query_child_last:head:624:V,noise,102,0.0027618408203125,False
505:query_child_last:head:624:V,noise,116,-0.00201416015625,False
505:query_child_last:head:624:V,noise,130,0.00140380859375,False
505:query_child_last:head:624:V,noise,150,0.00091552734375,False
505:query_child_last:head:624:V,noise,154,-0.00140380859375,False
505:query_child_last:head:624:V,noise,162,-0.0009765625,False
505:query_child_last:head:624:V,noise,176,-0.0015869140625,False
505:query_child_last:head:624:V,noise,178,-0.002513885498046875,False
505:query_child_last:head:624:V,noise,186,0.0010986328125,False
505:query_child_last:head:624:V,noise,192,-0.00048828125,False
505:query_child_last:head:624:V,noise,196,0.0,False
505:query_child_last:head:630:K,noise,0,0.002685546875,False
505:query_child_last:head:630:K,noise,16,0.0027923583984375,False
505:query_child_last:head:630:K,noise,32,6.103515625e-05,False
505:query_child_last:head:630:K,noise,48,0.001922607421875,False
505:query_child_last:head:630:K,noise,56,-0.0010986328125,False
505:query_child_last:head:630:K,noise,64,-0.00042724609375,False
505:query_child_last:head:630:K,noise,82,-0.0003662109375,False
505:query_child_last:head:630:K,noise,96,-0.00122833251953125,False
505:query_child_last:head:630:K,noise,98,-0.002105712890625,False
505:query_child_last:head:630:K,noise,102,-0.00102996826171875,False
505:query_child_last:head:630:K,noise,116,-0.006103515625,False
505:query_child_last:head:630:K,noise,130,-0.000701904296875,False
505:query_child_last:head:630:K,noise,150,0.001617431640625,False
505:query_child_last:head:630:K,noise,154,0.00067138671875,False
505:query_child_last:head:630:K,noise,162,0.000732421875,False
505:query_child_last:head:630:K,noise,176,-0.0018310546875,False
505:query_child_last:head:630:K,noise,178,-0.002323150634765625,False
505:query_child_last:head:630:K,noise,186,-0.0008544921875,False
505:query_child_last:head:630:K,noise,192,-0.00177001953125,False
505:query_child_last:head:630:K,noise,196,-0.00048828125,False
505:query_child_last:head:630:V,noise,0,-0.000335693359375,False
505:query_child_last:head:630:V,noise,16,-0.0030670166015625,False
505:query_child_last:head:630:V,noise,32,0.0037841796875,False
505:query_child_last:head:630:V,noise,48,0.00098419189453125,False
505:query_child_last:head:630:V,noise,56,-0.004302978515625,False
505:query_child_last:head:630:V,noise,64,-0.00152587890625,False
505:query_child_last:head:630:V,noise,82,0.0003662109375,False
505:query_child_last:head:630:V,noise,96,-0.00257110595703125,False
505:query_child_last:head:630:V,noise,98,-0.002105712890625,False
505:query_child_last:head:630:V,noise,102,9.1552734375e-05,False
505:query_child_last:head:630:V,noise,116,-0.00048828125,False
505:query_child_last:head:630:V,noise,130,0.0001068115234375,False
505:query_child_last:head:630:V,noise,150,6.103515625e-05,False
505:query_child_last:head:630:V,noise,154,0.0025634765625,False
505:query_child_last:head:630:V,noise,162,0.000732421875,False
505:query_child_last:head:630:V,noise,176,-0.000244140625,False
505:query_child_last:head:630:V,noise,178,-0.002399444580078125,False
505:query_child_last:head:630:V,noise,186,-0.0010986328125,False
505:query_child_last:head:630:V,noise,192,-0.00054931640625,False
505:query_child_last:head:630:V,noise,196,-0.0029296875,False
505:query_child_last:head:641:K,noise,0,0.002716064453125,False
505:query_child_last:head:641:K,noise,16,-0.0003814697265625,False
505:query_child_last:head:641:K,noise,32,0.0,False
505:query_child_last:head:641:K,noise,48,0.00064849853515625,False
505:query_child_last:head:641:K,noise,56,-0.00048828125,False
505:query_child_last:head:641:K,noise,64,0.000244140625,False
505:query_child_last:head:641:K,noise,82,0.003662109375,False
505:query_child_last:head:641:K,noise,96,0.00127410888671875,False
505:query_child_last:head:641:K,noise,98,0.000213623046875,False
505:query_child_last:head:641:K,noise,102,-0.00049591064453125,False
505:query_child_last:head:641:K,noise,116,-0.001220703125,False
505:query_child_last:head:641:K,noise,130,-0.0007171630859375,False
505:query_child_last:head:641:K,noise,150,0.0003662109375,False
505:query_child_last:head:641:K,noise,154,0.0028076171875,False
505:query_child_last:head:641:K,noise,162,0.001708984375,False
505:query_child_last:head:641:K,noise,176,0.00390625,False
505:query_child_last:head:641:K,noise,178,-0.001674652099609375,False
505:query_child_last:head:641:K,noise,186,0.0010986328125,False
505:query_child_last:head:641:K,noise,192,0.000244140625,False
505:query_child_last:head:641:K,noise,196,0.00048828125,False
505:query_child_last:head:641:V,noise,0,0.003936767578125,False
505:query_child_last:head:641:V,noise,16,0.001983642578125,False
505:query_child_last:head:641:V,noise,32,0.001068115234375,False
505:query_child_last:head:641:V,noise,48,0.002227783203125,False
505:query_child_last:head:641:V,noise,56,-0.0007476806640625,False
505:query_child_last:head:641:V,noise,64,-0.00103759765625,False
505:query_child_last:head:641:V,noise,82,0.0047607421875,False
505:query_child_last:head:641:V,noise,96,-0.0011749267578125,False
505:query_child_last:head:641:V,noise,98,-0.001312255859375,False
505:query_child_last:head:641:V,noise,102,-9.1552734375e-05,False
505:query_child_last:head:641:V,noise,116,-0.0020751953125,False
505:query_child_last:head:641:V,noise,130,-0.0038909912109375,False
505:query_child_last:head:641:V,noise,150,0.00262451171875,False
505:query_child_last:head:641:V,noise,154,-0.00042724609375,False
505:query_child_last:head:641:V,noise,162,0.0009765625,False
505:query_child_last:head:641:V,noise,176,-0.001953125,False
505:query_child_last:head:641:V,noise,178,-0.0023479461669921875,False
505:query_child_last:head:641:V,noise,186,0.0008544921875,False
505:query_child_last:head:641:V,noise,192,-0.00244140625,False
505:query_child_last:head:641:V,noise,196,0.00048828125,False
505:query_child_last:head:678:K,noise,0,0.000885009765625,False
505:query_child_last:head:678:K,noise,16,0.0005645751953125,False
505:query_child_last:head:678:K,noise,32,0.000640869140625,False
505:query_child_last:head:678:K,noise,48,0.00103759765625,False
505:query_child_last:head:678:K,noise,56,0.00054931640625,False
505:query_child_last:head:678:K,noise,64,0.00054931640625,False
505:query_child_last:head:678:K,noise,82,0.0001220703125,False
505:query_child_last:head:678:K,noise,96,-0.0003509521484375,False
505:query_child_last:head:678:K,noise,98,-0.003326416015625,False
505:query_child_last:head:678:K,noise,102,-0.00042724609375,False
505:query_child_last:head:678:K,noise,116,-0.00152587890625,False
505:query_child_last:head:678:K,noise,130,0.0004425048828125,False
505:query_child_last:head:678:K,noise,150,0.000213623046875,False
505:query_child_last:head:678:K,noise,154,0.00152587890625,False
505:query_child_last:head:678:K,noise,162,0.00048828125,False
505:query_child_last:head:678:K,noise,176,-0.0001220703125,False
505:query_child_last:head:678:K,noise,178,-0.001861572265625,False
505:query_child_last:head:678:K,noise,186,0.0003662109375,False
505:query_child_last:head:678:K,noise,192,-0.0047607421875,False
505:query_child_last:head:678:K,noise,196,0.0,False
505:query_child_last:head:678:V,noise,0,0.001678466796875,False
505:query_child_last:head:678:V,noise,16,-0.0001068115234375,False
505:query_child_last:head:678:V,noise,32,0.00079345703125,False
505:query_child_last:head:678:V,noise,48,0.0001983642578125,False
505:query_child_last:head:678:V,noise,56,-0.00213623046875,False
505:query_child_last:head:678:V,noise,64,-0.00115966796875,False
505:query_child_last:head:678:V,noise,82,0.00201416015625,False
505:query_child_last:head:678:V,noise,96,4.57763671875e-05,False
505:query_child_last:head:678:V,noise,98,-0.002960205078125,False
505:query_child_last:head:678:V,noise,102,-0.000335693359375,False
505:query_child_last:head:678:V,noise,116,-0.00244140625,False
505:query_child_last:head:678:V,noise,130,0.000579833984375,False
505:query_child_last:head:678:V,noise,150,-0.00128173828125,False
505:query_child_last:head:678:V,noise,154,0.0003662109375,False
505:query_child_last:head:678:V,noise,162,0.002197265625,False
505:query_child_last:head:678:V,noise,176,-0.000244140625,False
505:query_child_last:head:678:V,noise,178,-0.001750946044921875,False
505:query_child_last:head:678:V,noise,186,0.0,False
505:query_child_last:head:678:V,noise,192,0.00018310546875,False
505:query_child_last:head:678:V,noise,196,0.00048828125,False
505:query_child_last:head:690:K,noise,0,-0.000213623046875,False
505:query_child_last:head:690:K,noise,16,0.0009613037109375,False
505:query_child_last:head:690:K,noise,32,0.0,False
505:query_child_last:head:690:K,noise,48,0.00201416015625,False
505:query_child_last:head:690:K,noise,56,-0.0009002685546875,False
505:query_child_last:head:690:K,noise,64,-0.00054931640625,False
505:query_child_last:head:690:K,noise,82,6.103515625e-05,False
505:query_child_last:head:690:K,noise,96,-0.00237274169921875,False
505:query_child_last:head:690:K,noise,98,-0.0009765625,False
505:query_child_last:head:690:K,noise,102,0.00043487548828125,False
505:query_child_last:head:690:K,noise,116,0.0,False
505:query_child_last:head:690:K,noise,130,0.000732421875,False
505:query_child_last:head:690:K,noise,150,0.000244140625,False
505:query_child_last:head:690:K,noise,154,-0.00048828125,False
505:query_child_last:head:690:K,noise,162,0.00048828125,False
505:query_child_last:head:690:K,noise,176,-0.0006103515625,False
505:query_child_last:head:690:K,noise,178,0.0,False
505:query_child_last:head:690:K,noise,186,-6.103515625e-05,False
505:query_child_last:head:690:K,noise,192,-0.00054931640625,False
505:query_child_last:head:690:K,noise,196,0.0,False
505:query_child_last:head:690:V,noise,0,-0.00030517578125,False
505:query_child_last:head:690:V,noise,16,0.0003204345703125,False
505:query_child_last:head:690:V,noise,32,0.0,False
505:query_child_last:head:690:V,noise,48,0.0001983642578125,False
505:query_child_last:head:690:V,noise,56,0.0004119873046875,False
505:query_child_last:head:690:V,noise,64,0.00054931640625,False
505:query_child_last:head:690:V,noise,82,0.001220703125,False
505:query_child_last:head:690:V,noise,96,-0.0018310546875,False
505:query_child_last:head:690:V,noise,98,0.0,False
505:query_child_last:head:690:V,noise,102,-0.0012969970703125,False
505:query_child_last:head:690:V,noise,116,0.0,False
505:query_child_last:head:690:V,noise,130,0.0,False
505:query_child_last:head:690:V,noise,150,-6.103515625e-05,False
505:query_child_last:head:690:V,noise,154,0.00299072265625,False
505:query_child_last:head:690:V,noise,162,0.0009765625,False
505:query_child_last:head:690:V,noise,176,0.0025634765625,False
505:query_child_last:head:690:V,noise,178,0.0,False
505:query_child_last:head:690:V,noise,186,0.00115966796875,False
505:query_child_last:head:690:V,noise,192,-0.0042724609375,False
505:query_child_last:head:690:V,noise,196,0.00146484375,False
505:query_child_last:head:695:K,noise,0,0.003631591796875,False
505:query_child_last:head:695:K,noise,16,0.0006256103515625,False
505:query_child_last:head:695:K,noise,32,-0.0009918212890625,False
505:query_child_last:head:695:K,noise,48,0.002227783203125,False
505:query_child_last:head:695:K,noise,56,-0.002655029296875,False
505:query_child_last:head:695:K,noise,64,-0.00079345703125,False
505:query_child_last:head:695:K,noise,82,0.00189208984375,False
505:query_child_last:head:695:K,noise,96,-0.0017547607421875,False
505:query_child_last:head:695:K,noise,98,-3.0517578125e-05,False
505:query_child_last:head:695:K,noise,102,0.0041351318359375,False
505:query_child_last:head:695:K,noise,116,-0.0018310546875,False
505:query_child_last:head:695:K,noise,130,-0.0010833740234375,False
505:query_child_last:head:695:K,noise,150,0.0001220703125,False
505:query_child_last:head:695:K,noise,154,0.0023193359375,False
505:query_child_last:head:695:K,noise,162,0.000244140625,False
505:query_child_last:head:695:K,noise,176,-0.0015869140625,False
505:query_child_last:head:695:K,noise,178,0.0008697509765625,False
505:query_child_last:head:695:K,noise,186,-0.0018310546875,False
505:query_child_last:head:695:K,noise,192,-0.00152587890625,False
505:query_child_last:head:695:K,noise,196,-0.00244140625,False
505:query_child_last:head:695:V,noise,0,0.00335693359375,False
505:query_child_last:head:695:V,noise,16,0.0014495849609375,False
505:query_child_last:head:695:V,noise,32,0.0022125244140625,False
505:query_child_last:head:695:V,noise,48,0.0006256103515625,False
505:query_child_last:head:695:V,noise,56,0.00018310546875,False
505:query_child_last:head:695:V,noise,64,-0.00067138671875,False
505:query_child_last:head:695:V,noise,82,-0.0008544921875,False
505:query_child_last:head:695:V,noise,96,-0.0012054443359375,False
505:query_child_last:head:695:V,noise,98,-0.00244140625,False
505:query_child_last:head:695:V,noise,102,0.0009002685546875,False
505:query_child_last:head:695:V,noise,116,-0.00244140625,False
505:query_child_last:head:695:V,noise,130,0.0021209716796875,False
505:query_child_last:head:695:V,noise,150,3.0517578125e-05,False
505:query_child_last:head:695:V,noise,154,0.0035400390625,False
505:query_child_last:head:695:V,noise,162,0.001220703125,False
505:query_child_last:head:695:V,noise,176,0.0003662109375,False
505:query_child_last:head:695:V,noise,178,-0.00185394287109375,False
505:query_child_last:head:695:V,noise,186,0.0023193359375,False
505:query_child_last:head:695:V,noise,192,0.00250244140625,False
505:query_child_last:head:695:V,noise,196,-0.0009765625,False
505:query_child_last:head:709:K,noise,0,0.003448486328125,False
505:query_child_last:head:709:K,noise,16,0.0007171630859375,False
505:query_child_last:head:709:K,noise,32,0.000640869140625,False
505:query_child_last:head:709:K,noise,48,0.0013427734375,False
505:query_child_last:head:709:K,noise,56,-0.0039215087890625,False
505:query_child_last:head:709:K,noise,64,0.00152587890625,False
505:query_child_last:head:709:K,noise,82,0.00189208984375,False
505:query_child_last:head:709:K,noise,96,-0.00347137451171875,False
505:query_child_last:head:709:K,noise,98,-0.0015869140625,False
505:query_child_last:head:709:K,noise,102,-0.0006256103515625,False
505:query_child_last:head:709:K,noise,116,-0.0010986328125,False
505:query_child_last:head:709:K,noise,130,0.0027008056640625,False
505:query_child_last:head:709:K,noise,150,0.00042724609375,False
505:query_child_last:head:709:K,noise,154,0.00335693359375,False
505:query_child_last:head:709:K,noise,162,0.001220703125,False
505:query_child_last:head:709:K,noise,176,-0.0010986328125,False
505:query_child_last:head:709:K,noise,178,-0.003101348876953125,False
505:query_child_last:head:709:K,noise,186,0.002197265625,False
505:query_child_last:head:709:K,noise,192,-0.0045166015625,False
505:query_child_last:head:709:K,noise,196,0.00146484375,False
505:query_child_last:head:709:V,noise,0,0.00067138671875,False
505:query_child_last:head:709:V,noise,16,-0.001007080078125,False
505:query_child_last:head:709:V,noise,32,-0.003631591796875,False
505:query_child_last:head:709:V,noise,48,0.0003814697265625,False
505:query_child_last:head:709:V,noise,56,-0.00042724609375,False
505:query_child_last:head:709:V,noise,64,0.0013427734375,False
505:query_child_last:head:709:V,noise,82,0.00042724609375,False
505:query_child_last:head:709:V,noise,96,-0.003631591796875,False
505:query_child_last:head:709:V,noise,98,-0.00115966796875,False
505:query_child_last:head:709:V,noise,102,0.00081634521484375,False
505:query_child_last:head:709:V,noise,116,-0.001708984375,False
505:query_child_last:head:709:V,noise,130,0.0035552978515625,False
505:query_child_last:head:709:V,noise,150,0.000762939453125,False
505:query_child_last:head:709:V,noise,154,0.00372314453125,False
505:query_child_last:head:709:V,noise,162,-0.000732421875,False
505:query_child_last:head:709:V,noise,176,-0.001220703125,False
505:query_child_last:head:709:V,noise,178,0.00072479248046875,False
505:query_child_last:head:709:V,noise,186,-0.0028076171875,False
505:query_child_last:head:709:V,noise,192,-0.0001220703125,False
505:query_child_last:head:709:V,noise,196,-0.0009765625,False
505:query_child_last:head:751:K,noise,0,0.0,False
505:query_child_last:head:751:K,noise,16,-0.0009765625,False
505:query_child_last:head:751:K,noise,32,0.0029296875,False
505:query_child_last:head:751:K,noise,48,0.00026702880859375,False
505:query_child_last:head:751:K,noise,56,-0.00189208984375,False
505:query_child_last:head:751:K,noise,64,0.00079345703125,False
505:query_child_last:head:751:K,noise,82,0.000244140625,False
505:query_child_last:head:751:K,noise,96,0.0012054443359375,False
505:query_child_last:head:751:K,noise,98,0.000457763671875,False
505:query_child_last:head:751:K,noise,102,0.0,False
505:query_child_last:head:751:K,noise,116,-0.002197265625,False
505:query_child_last:head:751:K,noise,130,0.003143310546875,False
505:query_child_last:head:751:K,noise,150,0.000701904296875,False
505:query_child_last:head:751:K,noise,154,-0.0003662109375,False
505:query_child_last:head:751:K,noise,162,0.0009765625,False
505:query_child_last:head:751:K,noise,176,-0.001220703125,False
505:query_child_last:head:751:K,noise,178,-0.0030364990234375,False
505:query_child_last:head:751:K,noise,186,-0.00048828125,False
505:query_child_last:head:751:K,noise,192,-0.00048828125,False
505:query_child_last:head:751:K,noise,196,0.0,False
505:query_child_last:head:751:V,noise,0,0.00115966796875,False
505:query_child_last:head:751:V,noise,16,0.001220703125,False
505:query_child_last:head:751:V,noise,32,-0.0013580322265625,False
505:query_child_last:head:751:V,noise,48,0.000732421875,False
505:query_child_last:head:751:V,noise,56,-0.0013885498046875,False
505:query_child_last:head:751:V,noise,64,-0.0015869140625,False
505:query_child_last:head:751:V,noise,82,0.0001220703125,False
505:query_child_last:head:751:V,noise,96,-0.002655029296875,False
505:query_child_last:head:751:V,noise,98,-0.0001220703125,False
505:query_child_last:head:751:V,noise,102,0.000732421875,False
505:query_child_last:head:751:V,noise,116,-0.00177001953125,False
505:query_child_last:head:751:V,noise,130,0.0013427734375,False
505:query_child_last:head:751:V,noise,150,0.002960205078125,False
505:query_child_last:head:751:V,noise,154,0.0003662109375,False
505:query_child_last:head:751:V,noise,162,-0.00048828125,False
505:query_child_last:head:751:V,noise,176,-0.000244140625,False
505:query_child_last:head:751:V,noise,178,-0.002033233642578125,False
505:query_child_last:head:751:V,noise,186,0.0,False
505:query_child_last:head:751:V,noise,192,-0.0029296875,False
505:query_child_last:head:751:V,noise,196,0.001953125,False
505:query_child_last:head:787:K,noise,0,-0.000457763671875,False
505:query_child_last:head:787:K,noise,16,0.0014801025390625,False
505:query_child_last:head:787:K,noise,32,0.005584716796875,False
505:query_child_last:head:787:K,noise,48,0.0001068115234375,False
505:query_child_last:head:787:K,noise,56,-0.00323486328125,False
505:query_child_last:head:787:K,noise,64,-0.00054931640625,False
505:query_child_last:head:787:K,noise,82,0.00274658203125,False
505:query_child_last:head:787:K,noise,96,-0.00157928466796875,False
505:query_child_last:head:787:K,noise,98,0.002105712890625,False
505:query_child_last:head:787:K,noise,102,-0.0001983642578125,False
505:query_child_last:head:787:K,noise,116,-0.00250244140625,False
505:query_child_last:head:787:K,noise,130,0.0016326904296875,False
505:query_child_last:head:787:K,noise,150,0.00244140625,False
505:query_child_last:head:787:K,noise,154,0.0006103515625,False
505:query_child_last:head:787:K,noise,162,-0.001220703125,False
505:query_child_last:head:787:K,noise,176,0.0028076171875,False
505:query_child_last:head:787:K,noise,178,-0.00247955322265625,False
505:query_child_last:head:787:K,noise,186,-0.00054931640625,False
505:query_child_last:head:787:K,noise,192,0.00054931640625,False
505:query_child_last:head:787:K,noise,196,0.00146484375,False
505:query_child_last:head:787:V,noise,0,0.000457763671875,False
505:query_child_last:head:787:V,noise,16,0.0029296875,False
505:query_child_last:head:787:V,noise,32,-0.00439453125,False
505:query_child_last:head:787:V,noise,48,0.00225830078125,False
505:query_child_last:head:787:V,noise,56,-0.00128173828125,False
505:query_child_last:head:787:V,noise,64,-0.0018310546875,False
505:query_child_last:head:787:V,noise,82,0.00201416015625,False
505:query_child_last:head:787:V,noise,96,0.00331878662109375,False
505:query_child_last:head:787:V,noise,98,-0.00152587890625,False
505:query_child_last:head:787:V,noise,102,-0.001556396484375,False
505:query_child_last:head:787:V,noise,116,-0.001220703125,False
505:query_child_last:head:787:V,noise,130,-0.00103759765625,False
505:query_child_last:head:787:V,noise,150,0.001495361328125,False
505:query_child_last:head:787:V,noise,154,0.00103759765625,False
505:query_child_last:head:787:V,noise,162,-0.00048828125,False
505:query_child_last:head:787:V,noise,176,-0.0015869140625,False
505:query_child_last:head:787:V,noise,178,0.0008087158203125,False
505:query_child_last:head:787:V,noise,186,-0.0023193359375,False
505:query_child_last:head:787:V,noise,192,6.103515625e-05,False
505:query_child_last:head:787:V,noise,196,0.001953125,False
505:query_child_last:head:817:K,noise,0,-0.000396728515625,False
505:query_child_last:head:817:K,noise,16,0.0005950927734375,False
505:query_child_last:head:817:K,noise,32,0.0002593994140625,False
505:query_child_last:head:817:K,noise,48,-0.0001068115234375,False
505:query_child_last:head:817:K,noise,56,-0.003173828125,False
505:query_child_last:head:817:K,noise,64,-0.00018310546875,False
505:query_child_last:head:817:K,noise,82,-0.00042724609375,False
505:query_child_last:head:817:K,noise,96,0.0016632080078125,False
505:query_child_last:head:817:K,noise,98,-0.0003662109375,False
505:query_child_last:head:817:K,noise,102,0.000640869140625,False
505:query_child_last:head:817:K,noise,116,-0.0013427734375,False
505:query_child_last:head:817:K,noise,130,0.000701904296875,False
505:query_child_last:head:817:K,noise,150,0.00384521484375,False
505:query_child_last:head:817:K,noise,154,-0.00048828125,False
505:query_child_last:head:817:K,noise,162,-0.001220703125,False
505:query_child_last:head:817:K,noise,176,0.0001220703125,False
505:query_child_last:head:817:K,noise,178,-0.002056121826171875,False
505:query_child_last:head:817:K,noise,186,0.0,False
505:query_child_last:head:817:K,noise,192,0.00030517578125,False
505:query_child_last:head:817:K,noise,196,-0.00048828125,False
505:query_child_last:head:817:V,noise,0,0.002532958984375,False
505:query_child_last:head:817:V,noise,16,-0.0001068115234375,False
505:query_child_last:head:817:V,noise,32,0.0001373291015625,False
505:query_child_last:head:817:V,noise,48,0.00030517578125,False
505:query_child_last:head:817:V,noise,56,-0.0031280517578125,False
505:query_child_last:head:817:V,noise,64,-0.00213623046875,False
505:query_child_last:head:817:V,noise,82,0.0013427734375,False
505:query_child_last:head:817:V,noise,96,-0.00319671630859375,False
505:query_child_last:head:817:V,noise,98,0.000732421875,False
505:query_child_last:head:817:V,noise,102,-0.0009918212890625,False
505:query_child_last:head:817:V,noise,116,-0.00067138671875,False
505:query_child_last:head:817:V,noise,130,-0.00048828125,False
505:query_child_last:head:817:V,noise,150,0.0018310546875,False
505:query_child_last:head:817:V,noise,154,-0.000244140625,False
505:query_child_last:head:817:V,noise,162,-0.001953125,False
505:query_child_last:head:817:V,noise,176,-0.0015869140625,False
505:query_child_last:head:817:V,noise,178,-0.002780914306640625,False
505:query_child_last:head:817:V,noise,186,-0.0010986328125,False
505:query_child_last:head:817:V,noise,192,-0.00091552734375,False
505:query_child_last:head:817:V,noise,196,0.00146484375,False
505:query_child_last:head:855:K,noise,0,0.0003662109375,False
505:query_child_last:head:855:K,noise,16,-0.0012969970703125,False
505:query_child_last:head:855:K,noise,32,0.0014495849609375,False
505:query_child_last:head:855:K,noise,48,0.00030517578125,False
505:query_child_last:head:855:K,noise,56,-0.002227783203125,False
505:query_child_last:head:855:K,noise,64,-0.001708984375,False
505:query_child_last:head:855:K,noise,82,-0.00018310546875,False
505:query_child_last:head:855:K,noise,96,0.00244903564453125,False
505:query_child_last:head:855:K,noise,98,-0.00048828125,False
505:query_child_last:head:855:K,noise,102,-0.00030517578125,False
505:query_child_last:head:855:K,noise,116,-0.00262451171875,False
505:query_child_last:head:855:K,noise,130,-0.0001373291015625,False
505:query_child_last:head:855:K,noise,150,0.00238037109375,False
505:query_child_last:head:855:K,noise,154,0.0,False
505:query_child_last:head:855:K,noise,162,-0.001708984375,False
505:query_child_last:head:855:K,noise,176,0.0,False
505:query_child_last:head:855:K,noise,178,0.001476287841796875,False
505:query_child_last:head:855:K,noise,186,-0.00323486328125,False
505:query_child_last:head:855:K,noise,192,-0.000244140625,False
505:query_child_last:head:855:K,noise,196,0.00146484375,False
505:query_child_last:head:855:V,noise,0,0.004180908203125,False
505:query_child_last:head:855:V,noise,16,-0.0006866455078125,False
505:query_child_last:head:855:V,noise,32,-0.0008392333984375,False
505:query_child_last:head:855:V,noise,48,-0.0006561279296875,False
505:query_child_last:head:855:V,noise,56,-0.00067138671875,False
505:query_child_last:head:855:V,noise,64,0.00115966796875,False
505:query_child_last:head:855:V,noise,82,0.00238037109375,False
505:query_child_last:head:855:V,noise,96,0.001739501953125,False
505:query_child_last:head:855:V,noise,98,-0.0001220703125,False
505:query_child_last:head:855:V,noise,102,-0.00154876708984375,False
505:query_child_last:head:855:V,noise,116,-0.00030517578125,False
505:query_child_last:head:855:V,noise,130,-1.52587890625e-05,False
505:query_child_last:head:855:V,noise,150,0.001922607421875,False
505:query_child_last:head:855:V,noise,154,0.002685546875,False
505:query_child_last:head:855:V,noise,162,-0.000732421875,False
505:query_child_last:head:855:V,noise,176,-0.0008544921875,False
505:query_child_last:head:855:V,noise,178,-0.002475738525390625,False
505:query_child_last:head:855:V,noise,186,-0.00091552734375,False
505:query_child_last:head:855:V,noise,192,-0.00030517578125,False
505:query_child_last:head:855:V,noise,196,-0.0009765625,False
505:query_child_last:head:870:K,noise,0,-6.103515625e-05,False
505:query_child_last:head:870:K,noise,16,0.002166748046875,False
505:query_child_last:head:870:K,noise,32,0.0,False
505:query_child_last:head:870:K,noise,48,7.62939453125e-05,False
505:query_child_last:head:870:K,noise,56,-0.00030517578125,False
505:query_child_last:head:870:K,noise,64,0.000732421875,False
505:query_child_last:head:870:K,noise,82,-0.001708984375,False
505:query_child_last:head:870:K,noise,96,-0.0027923583984375,False
505:query_child_last:head:870:K,noise,98,0.000274658203125,False
505:query_child_last:head:870:K,noise,102,-0.00052642822265625,False
505:query_child_last:head:870:K,noise,116,-0.000732421875,False
505:query_child_last:head:870:K,noise,130,0.0,False
505:query_child_last:head:870:K,noise,150,0.001373291015625,False
505:query_child_last:head:870:K,noise,154,0.0001220703125,False
505:query_child_last:head:870:K,noise,162,0.000244140625,False
505:query_child_last:head:870:K,noise,176,-0.000244140625,False
505:query_child_last:head:870:K,noise,178,0.0,False
505:query_child_last:head:870:K,noise,186,-0.0030517578125,False
505:query_child_last:head:870:K,noise,192,-0.00042724609375,False
505:query_child_last:head:870:K,noise,196,0.0,False
505:query_child_last:head:870:V,noise,0,0.0,False
505:query_child_last:head:870:V,noise,16,0.001953125,False
505:query_child_last:head:870:V,noise,32,0.0,False
505:query_child_last:head:870:V,noise,48,0.0003814697265625,False
505:query_child_last:head:870:V,noise,56,-0.0041046142578125,False
505:query_child_last:head:870:V,noise,64,0.000732421875,False
505:query_child_last:head:870:V,noise,82,0.0,False
505:query_child_last:head:870:V,noise,96,-0.00341033935546875,False
505:query_child_last:head:870:V,noise,98,0.000762939453125,False
505:query_child_last:head:870:V,noise,102,0.00060272216796875,False
505:query_child_last:head:870:V,noise,116,-0.00079345703125,False
505:query_child_last:head:870:V,noise,130,-0.0008544921875,False
505:query_child_last:head:870:V,noise,150,0.001556396484375,False
505:query_child_last:head:870:V,noise,154,-0.000244140625,False
505:query_child_last:head:870:V,noise,162,-0.000244140625,False
505:query_child_last:head:870:V,noise,176,0.0,False
505:query_child_last:head:870:V,noise,178,0.0,False
505:query_child_last:head:870:V,noise,186,0.00030517578125,False
505:query_child_last:head:870:V,noise,192,6.103515625e-05,False
505:query_child_last:head:870:V,noise,196,0.0,False
505:query_child_last:head:973:K,noise,0,0.001220703125,False
505:query_child_last:head:973:K,noise,16,-0.0003509521484375,False
505:query_child_last:head:973:K,noise,32,0.0015411376953125,False
505:query_child_last:head:973:K,noise,48,7.62939453125e-05,False
505:query_child_last:head:973:K,noise,56,0.0005035400390625,False
505:query_child_last:head:973:K,noise,64,-0.00189208984375,False
505:query_child_last:head:973:K,noise,82,6.103515625e-05,False
505:query_child_last:head:973:K,noise,96,0.0005340576171875,False
505:query_child_last:head:973:K,noise,98,0.00091552734375,False
505:query_child_last:head:973:K,noise,102,-0.0003509521484375,False
505:query_child_last:head:973:K,noise,116,-6.103515625e-05,False
505:query_child_last:head:973:K,noise,130,-0.0008087158203125,False
505:query_child_last:head:973:K,noise,150,-0.001861572265625,False
505:query_child_last:head:973:K,noise,154,0.00030517578125,False
505:query_child_last:head:973:K,noise,162,0.0,False
505:query_child_last:head:973:K,noise,176,0.0,False
505:query_child_last:head:973:K,noise,178,-0.000232696533203125,False
505:query_child_last:head:973:K,noise,186,-0.00054931640625,False
505:query_child_last:head:973:K,noise,192,-0.00103759765625,False
505:query_child_last:head:973:K,noise,196,0.00146484375,False
505:query_child_last:head:973:V,noise,0,0.002716064453125,False
505:query_child_last:head:973:V,noise,16,0.0018768310546875,False
505:query_child_last:head:973:V,noise,32,0.00115966796875,False
505:query_child_last:head:973:V,noise,48,0.000518798828125,False
505:query_child_last:head:973:V,noise,56,-0.0011749267578125,False
505:query_child_last:head:973:V,noise,64,0.00030517578125,False
505:query_child_last:head:973:V,noise,82,0.0001220703125,False
505:query_child_last:head:973:V,noise,96,0.00041961669921875,False
505:query_child_last:head:973:V,noise,98,-0.0020751953125,False
505:query_child_last:head:973:V,noise,102,3.0517578125e-05,False
505:query_child_last:head:973:V,noise,116,-0.00054931640625,False
505:query_child_last:head:973:V,noise,130,-0.0008087158203125,False
505:query_child_last:head:973:V,noise,150,-9.1552734375e-05,False
505:query_child_last:head:973:V,noise,154,0.0008544921875,False
505:query_child_last:head:973:V,noise,162,0.0,False
505:query_child_last:head:973:V,noise,176,-0.0001220703125,False
505:query_child_last:head:973:V,noise,178,4.1961669921875e-05,False
505:query_child_last:head:973:V,noise,186,-0.0001220703125,False
505:query_child_last:head:973:V,noise,192,-0.0003662109375,False
505:query_child_last:head:973:V,noise,196,0.00146484375,False
505:query_child_last:head:978:K,noise,0,-0.000885009765625,False
505:query_child_last:head:978:K,noise,16,-0.000244140625,False
505:query_child_last:head:978:K,noise,32,0.00146484375,False
505:query_child_last:head:978:K,noise,48,0.00151824951171875,False
505:query_child_last:head:978:K,noise,56,-0.0012359619140625,False
505:query_child_last:head:978:K,noise,64,6.103515625e-05,False
505:query_child_last:head:978:K,noise,82,0.001953125,False
505:query_child_last:head:978:K,noise,96,-0.000518798828125,False
505:query_child_last:head:978:K,noise,98,-0.002288818359375,False
505:query_child_last:head:978:K,noise,102,0.0008697509765625,False
505:query_child_last:head:978:K,noise,116,0.0001220703125,False
505:query_child_last:head:978:K,noise,130,-0.00042724609375,False
505:query_child_last:head:978:K,noise,150,-0.000213623046875,False
505:query_child_last:head:978:K,noise,154,-0.00018310546875,False
505:query_child_last:head:978:K,noise,162,-0.000244140625,False
505:query_child_last:head:978:K,noise,176,-0.000732421875,False
505:query_child_last:head:978:K,noise,178,-0.000213623046875,False
505:query_child_last:head:978:K,noise,186,-0.00042724609375,False
505:query_child_last:head:978:K,noise,192,-0.00054931640625,False
505:query_child_last:head:978:K,noise,196,0.0,False
505:query_child_last:head:978:V,noise,0,0.00091552734375,False
505:query_child_last:head:978:V,noise,16,-9.1552734375e-05,False
505:query_child_last:head:978:V,noise,32,-0.0029449462890625,False
505:query_child_last:head:978:V,noise,48,0.00188446044921875,False
505:query_child_last:head:978:V,noise,56,-0.0004425048828125,False
505:query_child_last:head:978:V,noise,64,0.000732421875,False
505:query_child_last:head:978:V,noise,82,0.00213623046875,False
505:query_child_last:head:978:V,noise,96,0.00070953369140625,False
505:query_child_last:head:978:V,noise,98,0.000518798828125,False
505:query_child_last:head:978:V,noise,102,0.00118255615234375,False
505:query_child_last:head:978:V,noise,116,-0.00018310546875,False
505:query_child_last:head:978:V,noise,130,-0.0008544921875,False
505:query_child_last:head:978:V,noise,150,0.0006103515625,False
505:query_child_last:head:978:V,noise,154,0.0,False
505:query_child_last:head:978:V,noise,162,-0.000244140625,False
505:query_child_last:head:978:V,noise,176,0.00244140625,False
505:query_child_last:head:978:V,noise,178,-7.62939453125e-06,False
505:query_child_last:head:978:V,noise,186,-0.00079345703125,False
505:query_child_last:head:978:V,noise,192,-6.103515625e-05,False
505:query_child_last:head:978:V,noise,196,0.0,False
505:query_child_last:mlp:15:,noise,0,0.00860595703125,False
505:query_child_last:mlp:15:,noise,16,-0.007720947265625,False
505:query_child_last:mlp:15:,noise,32,-0.0009307861328125,False
505:query_child_last:mlp:15:,noise,48,0.011260986328125,False
505:query_child_last:mlp:15:,noise,56,0.0159454345703125,False
505:query_child_last:mlp:15:,noise,64,-0.11328125,False
505:query_child_last:mlp:15:,noise,82,-0.175048828125,False
505:query_child_last:mlp:15:,noise,96,-0.10668182373046875,False
505:query_child_last:mlp:15:,noise,98,0.018280029296875,False
505:query_child_last:mlp:15:,noise,102,0.0039520263671875,False
505:query_child_last:mlp:15:,noise,116,0.01544189453125,False
505:query_child_last:mlp:15:,noise,130,0.024444580078125,False
505:query_child_last:mlp:15:,noise,150,0.046356201171875,False
505:query_child_last:mlp:15:,noise,154,0.10211181640625,False
505:query_child_last:mlp:15:,noise,162,0.0263671875,False
505:query_child_last:mlp:15:,noise,176,0.0289306640625,False
505:query_child_last:mlp:15:,noise,178,-0.032867431640625,False
505:query_child_last:mlp:15:,noise,186,-0.19232177734375,False
505:query_child_last:mlp:15:,noise,192,0.05926513671875,False
505:query_child_last:mlp:15:,noise,196,0.00634765625,False
505:query_child_last:mlp:16:,noise,0,0.00146484375,False
505:query_child_last:mlp:16:,noise,16,-0.00347900390625,False
505:query_child_last:mlp:16:,noise,32,-0.0120086669921875,False
505:query_child_last:mlp:16:,noise,48,0.0051727294921875,False
505:query_child_last:mlp:16:,noise,56,-0.0023651123046875,False
505:query_child_last:mlp:16:,noise,64,0.0081787109375,False
505:query_child_last:mlp:16:,noise,82,-0.0009765625,False
505:query_child_last:mlp:16:,noise,96,-0.00266265869140625,False
505:query_child_last:mlp:16:,noise,98,0.000762939453125,False
505:query_child_last:mlp:16:,noise,102,0.00356292724609375,False
505:query_child_last:mlp:16:,noise,116,-0.00848388671875,False
505:query_child_last:mlp:16:,noise,130,0.0002899169921875,False
505:query_child_last:mlp:16:,noise,150,-0.001434326171875,False
505:query_child_last:mlp:16:,noise,154,0.00372314453125,False
505:query_child_last:mlp:16:,noise,162,0.00341796875,False
505:query_child_last:mlp:16:,noise,176,-0.0008544921875,False
505:query_child_last:mlp:16:,noise,178,-0.0056915283203125,False
505:query_child_last:mlp:16:,noise,186,-0.00054931640625,False
505:query_child_last:mlp:16:,noise,192,-0.0013427734375,False
505:query_child_last:mlp:16:,noise,196,-0.00244140625,False
513:colon:bypass:31:,noise,0,0.034820556640625,False
513:colon:bypass:31:,noise,16,0.0169830322265625,False
513:colon:bypass:31:,noise,32,0.0112457275390625,False
513:colon:bypass:31:,noise,48,0.02242279052734375,False
513:colon:bypass:31:,noise,56,-0.00775146484375,False
513:colon:bypass:31:,noise,64,-0.0108642578125,False
513:colon:bypass:31:,noise,82,0.0084228515625,False
513:colon:bypass:31:,noise,96,0.009294509887695312,False
513:colon:bypass:31:,noise,98,0.012420654296875,False
513:colon:bypass:31:,noise,102,-0.010026931762695312,False
513:colon:bypass:31:,noise,116,-0.01446533203125,False
513:colon:bypass:31:,noise,130,0.0062408447265625,False
513:colon:bypass:31:,noise,150,0.02813720703125,False
513:colon:bypass:31:,noise,154,0.0006103515625,False
513:colon:bypass:31:,noise,162,-0.008056640625,False
513:colon:bypass:31:,noise,176,0.0008544921875,False
513:colon:bypass:31:,noise,178,0.003490447998046875,False
513:colon:bypass:31:,noise,186,0.0318603515625,False
513:colon:bypass:31:,noise,192,-0.00823974609375,False
513:colon:bypass:31:,noise,196,0.02734375,False
513:colon:head:547:KV,noise,0,-0.009735107421875,False
513:colon:head:547:KV,noise,16,-0.1021728515625,False
513:colon:head:547:KV,noise,32,-0.0288238525390625,False
513:colon:head:547:KV,noise,48,-0.0594024658203125,False
513:colon:head:547:KV,noise,56,-0.014129638671875,False
513:colon:head:547:KV,noise,64,-0.04449462890625,False
513:colon:head:547:KV,noise,82,-0.0072021484375,False
513:colon:head:547:KV,noise,96,-0.09516143798828125,False
513:colon:head:547:KV,noise,98,-0.047271728515625,False
513:colon:head:547:KV,noise,102,-0.093170166015625,False
513:colon:head:547:KV,noise,116,-0.07061767578125,False
513:colon:head:547:KV,noise,130,-0.01214599609375,False
513:colon:head:547:KV,noise,150,-0.016448974609375,False
513:colon:head:547:KV,noise,154,-0.03375244140625,False
513:colon:head:547:KV,noise,162,-0.074951171875,False
513:colon:head:547:KV,noise,176,-0.0325927734375,False
513:colon:head:547:KV,noise,178,-0.01819610595703125,False
513:colon:head:547:KV,noise,186,-0.06536865234375,False
513:colon:head:547:KV,noise,192,-0.02886962890625,False
513:colon:head:547:KV,noise,196,-0.06103515625,False
513:colon:head:547:Q,noise,0,-0.022491455078125,False
513:colon:head:547:Q,noise,16,-0.073028564453125,False
513:colon:head:547:Q,noise,32,0.002227783203125,False
513:colon:head:547:Q,noise,48,-0.2269439697265625,False
513:colon:head:547:Q,noise,56,-0.0462188720703125,False
513:colon:head:547:Q,noise,64,-0.195556640625,False
513:colon:head:547:Q,noise,82,-0.01934814453125,False
513:colon:head:547:Q,noise,96,-0.19462203979492188,False
513:colon:head:547:Q,noise,98,-0.16375732421875,False
513:colon:head:547:Q,noise,102,-0.279083251953125,False
513:colon:head:547:Q,noise,116,-0.2095947265625,False
513:colon:head:547:Q,noise,130,-0.0873260498046875,False
513:colon:head:547:Q,noise,150,-0.13079833984375,False
513:colon:head:547:Q,noise,154,-0.20611572265625,False
513:colon:head:547:Q,noise,162,-0.265380859375,False
513:colon:head:547:Q,noise,176,-0.0711669921875,False
513:colon:head:547:Q,noise,178,-0.035282135009765625,False
513:colon:head:547:Q,noise,186,-0.2974853515625,False
513:colon:head:547:Q,noise,192,-0.20916748046875,False
513:colon:head:547:Q,noise,196,-0.23828125,False
513:colon:head:561:KV,noise,0,0.09228515625,False
513:colon:head:561:KV,noise,16,0.092681884765625,False
513:colon:head:561:KV,noise,32,0.062469482421875,False
513:colon:head:561:KV,noise,48,0.26513671875,False
513:colon:head:561:KV,noise,56,0.101806640625,False
513:colon:head:561:KV,noise,64,0.24951171875,False
513:colon:head:561:KV,noise,82,0.10125732421875,False
513:colon:head:561:KV,noise,96,0.20595550537109375,False
513:colon:head:561:KV,noise,98,0.257171630859375,False
513:colon:head:561:KV,noise,102,0.1006317138671875,False
513:colon:head:561:KV,noise,116,0.46240234375,False
513:colon:head:561:KV,noise,130,0.0955047607421875,False
513:colon:head:561:KV,noise,150,0.204681396484375,False
513:colon:head:561:KV,noise,154,0.301025390625,False
513:colon:head:561:KV,noise,162,0.24560546875,False
513:colon:head:561:KV,noise,176,0.043701171875,False
513:colon:head:561:KV,noise,178,0.15676116943359375,False
513:colon:head:561:KV,noise,186,0.49505615234375,False
513:colon:head:561:KV,noise,192,0.41357421875,False
513:colon:head:561:KV,noise,196,0.12939453125,False
513:colon:head:561:Q,noise,0,0.010162353515625,False
513:colon:head:561:Q,noise,16,0.0009765625,False
513:colon:head:561:Q,noise,32,-0.012847900390625,False
513:colon:head:561:Q,noise,48,0.011383056640625,False
513:colon:head:561:Q,noise,56,0.023651123046875,False
513:colon:head:561:Q,noise,64,-0.00982666015625,False
513:colon:head:561:Q,noise,82,0.0067138671875,False
513:colon:head:561:Q,noise,96,-0.029144287109375,False
513:colon:head:561:Q,noise,98,-0.0069580078125,False
513:colon:head:561:Q,noise,102,-0.011688232421875,False
513:colon:head:561:Q,noise,116,-0.02545166015625,False
513:colon:head:561:Q,noise,130,-0.016876220703125,False
513:colon:head:561:Q,noise,150,0.0096435546875,False
513:colon:head:561:Q,noise,154,-0.006591796875,False
513:colon:head:561:Q,noise,162,0.01220703125,False
513:colon:head:561:Q,noise,176,-0.0233154296875,False
513:colon:head:561:Q,noise,178,-0.01393890380859375,False
513:colon:head:561:Q,noise,186,-0.00555419921875,False
513:colon:head:561:Q,noise,192,-0.02801513671875,False
513:colon:head:561:Q,noise,196,0.0029296875,False
513:colon:head:568:KV,noise,0,0.000885009765625,False
513:colon:head:568:KV,noise,16,0.0010833740234375,False
513:colon:head:568:KV,noise,32,0.000701904296875,False
513:colon:head:568:KV,noise,48,0.004150390625,False
513:colon:head:568:KV,noise,56,-0.001373291015625,False
513:colon:head:568:KV,noise,64,0.0018310546875,False
513:colon:head:568:KV,noise,82,0.00177001953125,False
513:colon:head:568:KV,noise,96,0.0073394775390625,False
513:colon:head:568:KV,noise,98,0.003814697265625,False
513:colon:head:568:KV,noise,102,0.0034942626953125,False
513:colon:head:568:KV,noise,116,-0.00067138671875,False
513:colon:head:568:KV,noise,130,-0.0028076171875,False
513:colon:head:568:KV,noise,150,0.003814697265625,False
513:colon:head:568:KV,noise,154,0.0020751953125,False
513:colon:head:568:KV,noise,162,0.005615234375,False
513:colon:head:568:KV,noise,176,0.00048828125,False
513:colon:head:568:KV,noise,178,-0.002788543701171875,False
513:colon:head:568:KV,noise,186,0.0001220703125,False
513:colon:head:568:KV,noise,192,0.0001220703125,False
513:colon:head:568:KV,noise,196,0.0009765625,False
513:colon:head:568:Q,noise,0,0.002655029296875,False
513:colon:head:568:Q,noise,16,0.0107421875,False
513:colon:head:568:Q,noise,32,-0.0030975341796875,False
513:colon:head:568:Q,noise,48,-0.0001220703125,False
513:colon:head:568:Q,noise,56,-0.0019683837890625,False
513:colon:head:568:Q,noise,64,0.0050048828125,False
513:colon:head:568:Q,noise,82,0.0068359375,False
513:colon:head:568:Q,noise,96,0.0152130126953125,False
513:colon:head:568:Q,noise,98,0.000274658203125,False
513:colon:head:568:Q,noise,102,-0.0056304931640625,False
513:colon:head:568:Q,noise,116,-0.005126953125,False
513:colon:head:568:Q,noise,130,-0.0001220703125,False
513:colon:head:568:Q,noise,150,0.0120849609375,False
513:colon:head:568:Q,noise,154,0.0035400390625,False
513:colon:head:568:Q,noise,162,0.011962890625,False
513:colon:head:568:Q,noise,176,0.007568359375,False
513:colon:head:568:Q,noise,178,-0.0068359375,False
513:colon:head:568:Q,noise,186,0.002685546875,False
513:colon:head:568:Q,noise,192,-0.0078125,False
513:colon:head:568:Q,noise,196,0.00048828125,False
513:colon:head:594:KV,noise,0,-0.000274658203125,False
513:colon:head:594:KV,noise,16,0.0015411376953125,False
513:colon:head:594:KV,noise,32,-0.0016021728515625,False
513:colon:head:594:KV,noise,48,0.0013885498046875,False
513:colon:head:594:KV,noise,56,-0.0005950927734375,False
513:colon:head:594:KV,noise,64,0.0006103515625,False
513:colon:head:594:KV,noise,82,-0.00091552734375,False
513:colon:head:594:KV,noise,96,-0.00321197509765625,False
513:colon:head:594:KV,noise,98,-0.001953125,False
513:colon:head:594:KV,noise,102,0.00225067138671875,False
513:colon:head:594:KV,noise,116,-0.00244140625,False
513:colon:head:594:KV,noise,130,-7.62939453125e-05,False
513:colon:head:594:KV,noise,150,0.002197265625,False
513:colon:head:594:KV,noise,154,0.00054931640625,False
513:colon:head:594:KV,noise,162,0.000244140625,False
513:colon:head:594:KV,noise,176,0.0001220703125,False
513:colon:head:594:KV,noise,178,-0.004711151123046875,False
513:colon:head:594:KV,noise,186,-0.00079345703125,False
513:colon:head:594:KV,noise,192,-0.004150390625,False
513:colon:head:594:KV,noise,196,-0.00146484375,False
513:colon:head:594:Q,noise,0,0.18017578125,False
513:colon:head:594:Q,noise,16,0.296783447265625,False
513:colon:head:594:Q,noise,32,0.23897552490234375,False
513:colon:head:594:Q,noise,48,0.41214752197265625,False
513:colon:head:594:Q,noise,56,0.1866607666015625,False
513:colon:head:594:Q,noise,64,0.4237060546875,False
513:colon:head:594:Q,noise,82,0.12579345703125,False
513:colon:head:594:Q,noise,96,0.6604080200195312,False
513:colon:head:594:Q,noise,98,0.4852447509765625,False
513:colon:head:594:Q,noise,102,0.2592201232910156,False
513:colon:head:594:Q,noise,116,0.56121826171875,False
513:colon:head:594:Q,noise,130,0.20343017578125,False
513:colon:head:594:Q,noise,150,0.305328369140625,False
513:colon:head:594:Q,noise,154,0.39306640625,False
513:colon:head:594:Q,noise,162,0.5673828125,False
513:colon:head:594:Q,noise,176,0.2464599609375,False
513:colon:head:594:Q,noise,178,0.3029747009277344,False
513:colon:head:594:Q,noise,186,0.83349609375,False
513:colon:head:594:Q,noise,192,0.573760986328125,False
513:colon:head:594:Q,noise,196,0.474365234375,False
513:colon:head:595:KV,noise,0,0.000274658203125,False
513:colon:head:595:KV,noise,16,-0.0003814697265625,False
513:colon:head:595:KV,noise,32,-0.000213623046875,False
513:colon:head:595:KV,noise,48,0.005157470703125,False
513:colon:head:595:KV,noise,56,-0.0016326904296875,False
513:colon:head:595:KV,noise,64,0.0015869140625,False
513:colon:head:595:KV,noise,82,0.0023193359375,False
513:colon:head:595:KV,noise,96,0.000335693359375,False
513:colon:head:595:KV,noise,98,-0.004058837890625,False
513:colon:head:595:KV,noise,102,0.001556396484375,False
513:colon:head:595:KV,noise,116,-0.00677490234375,False
513:colon:head:595:KV,noise,130,-0.0003204345703125,False
513:colon:head:595:KV,noise,150,-0.001373291015625,False
513:colon:head:595:KV,noise,154,-0.00091552734375,False
513:colon:head:595:KV,noise,162,-0.0029296875,False
513:colon:head:595:KV,noise,176,-0.00048828125,False
513:colon:head:595:KV,noise,178,-0.00337982177734375,False
513:colon:head:595:KV,noise,186,0.001708984375,False
513:colon:head:595:KV,noise,192,-0.00128173828125,False
513:colon:head:595:KV,noise,196,-0.00390625,False
513:colon:head:595:Q,noise,0,0.1153564453125,False
513:colon:head:595:Q,noise,16,0.26068115234375,False
513:colon:head:595:Q,noise,32,0.179107666015625,False
513:colon:head:595:Q,noise,48,0.327728271484375,False
513:colon:head:595:Q,noise,56,0.04327392578125,False
513:colon:head:595:Q,noise,64,0.2486572265625,False
513:colon:head:595:Q,noise,82,0.15228271484375,False
513:colon:head:595:Q,noise,96,0.39287567138671875,False
513:colon:head:595:Q,noise,98,0.4367828369140625,False
513:colon:head:595:Q,noise,102,0.1990203857421875,False
513:colon:head:595:Q,noise,116,0.47833251953125,False
513:colon:head:595:Q,noise,130,0.155609130859375,False
513:colon:head:595:Q,noise,150,0.16729736328125,False
513:colon:head:595:Q,noise,154,0.3704833984375,False
513:colon:head:595:Q,noise,162,0.349609375,False
513:colon:head:595:Q,noise,176,0.123046875,False
513:colon:head:595:Q,noise,178,0.21219253540039062,False
513:colon:head:595:Q,noise,186,0.556640625,False
513:colon:head:595:Q,noise,192,0.511138916015625,False
513:colon:head:595:Q,noise,196,0.38916015625,False
513:colon:head:600:KV,noise,0,0.002777099609375,False
513:colon:head:600:KV,noise,16,0.0010528564453125,False
513:colon:head:600:KV,noise,32,0.0009765625,False
513:colon:head:600:KV,noise,48,0.0015716552734375,False
513:colon:head:600:KV,noise,56,-0.0005645751953125,False
513:colon:head:600:KV,noise,64,-0.0006103515625,False
513:colon:head:600:KV,noise,82,0.00347900390625,False
513:colon:head:600:KV,noise,96,-0.001434326171875,False
513:colon:head:600:KV,noise,98,-0.0006103515625,False
513:colon:head:600:KV,noise,102,-0.0005340576171875,False
513:colon:head:600:KV,noise,116,-0.0025634765625,False
513:colon:head:600:KV,noise,130,-0.0014190673828125,False
513:colon:head:600:KV,noise,150,-0.0003662109375,False
513:colon:head:600:KV,noise,154,0.00146484375,False
513:colon:head:600:KV,noise,162,-0.0009765625,False
513:colon:head:600:KV,noise,176,0.000244140625,False
513:colon:head:600:KV,noise,178,-0.002101898193359375,False
513:colon:head:600:KV,noise,186,-0.0054931640625,False
513:colon:head:600:KV,noise,192,-0.00201416015625,False
513:colon:head:600:KV,noise,196,-0.00048828125,False
513:colon:head:600:Q,noise,0,-0.03009033203125,False
513:colon:head:600:Q,noise,16,-0.081451416015625,False
513:colon:head:600:Q,noise,32,0.02410888671875,False
513:colon:head:600:Q,noise,48,-0.044986724853515625,False
513:colon:head:600:Q,noise,56,-0.047271728515625,False
513:colon:head:600:Q,noise,64,-0.17059326171875,False
513:colon:head:600:Q,noise,82,-0.0054931640625,False
513:colon:head:600:Q,noise,96,-0.08783721923828125,False
513:colon:head:600:Q,noise,98,-0.185577392578125,False
513:colon:head:600:Q,noise,102,-0.0081634521484375,False
513:colon:head:600:Q,noise,116,-0.05731201171875,False
513:colon:head:600:Q,noise,130,-0.0868072509765625,False
513:colon:head:600:Q,noise,150,-0.10302734375,False
513:colon:head:600:Q,noise,154,-0.10931396484375,False
513:colon:head:600:Q,noise,162,-0.044189453125,False
513:colon:head:600:Q,noise,176,-0.0628662109375,False
513:colon:head:600:Q,noise,178,-0.155181884765625,False
513:colon:head:600:Q,noise,186,-0.243896484375,False
513:colon:head:600:Q,noise,192,-0.09600830078125,False
513:colon:head:600:Q,noise,196,-0.06494140625,False
513:colon:head:624:KV,noise,0,0.00067138671875,False
513:colon:head:624:KV,noise,16,-0.00091552734375,False
513:colon:head:624:KV,noise,32,-0.00250244140625,False
513:colon:head:624:KV,noise,48,0.00091552734375,False
513:colon:head:624:KV,noise,56,-0.0010223388671875,False
513:colon:head:624:KV,noise,64,-0.00152587890625,False
513:colon:head:624:KV,noise,82,-0.00048828125,False
513:colon:head:624:KV,noise,96,-0.00289154052734375,False
513:colon:head:624:KV,noise,98,-0.004669189453125,False
513:colon:head:624:KV,noise,102,0.000244140625,False
513:colon:head:624:KV,noise,116,-0.00213623046875,False
513:colon:head:624:KV,noise,130,0.002410888671875,False
513:colon:head:624:KV,noise,150,0.000946044921875,False
513:colon:head:624:KV,noise,154,0.0009765625,False
513:colon:head:624:KV,noise,162,0.00439453125,False
513:colon:head:624:KV,noise,176,-0.001953125,False
513:colon:head:624:KV,noise,178,-0.00611114501953125,False
513:colon:head:624:KV,noise,186,0.0,False
513:colon:head:624:KV,noise,192,-0.001708984375,False
513:colon:head:624:KV,noise,196,-0.00439453125,False
513:colon:head:624:Q,noise,0,-0.018798828125,False
513:colon:head:624:Q,noise,16,-0.0122222900390625,False
513:colon:head:624:Q,noise,32,-0.008575439453125,False
513:colon:head:624:Q,noise,48,-0.08975791931152344,False
513:colon:head:624:Q,noise,56,-0.04180908203125,False
513:colon:head:624:Q,noise,64,-0.0557861328125,False
513:colon:head:624:Q,noise,82,-0.01202392578125,False
513:colon:head:624:Q,noise,96,-0.02875518798828125,False
513:colon:head:624:Q,noise,98,-0.0760498046875,False
513:colon:head:624:Q,noise,102,-0.030914306640625,False
513:colon:head:624:Q,noise,116,-0.04541015625,False
513:colon:head:624:Q,noise,130,-0.0955963134765625,False
513:colon:head:624:Q,noise,150,-0.024566650390625,False
513:colon:head:624:Q,noise,154,-0.04595947265625,False
513:colon:head:624:Q,noise,162,-0.0361328125,False
513:colon:head:624:Q,noise,176,-0.0147705078125,False
513:colon:head:624:Q,noise,178,-0.07830810546875,False
513:colon:head:624:Q,noise,186,-0.06671142578125,False
513:colon:head:624:Q,noise,192,-0.07952880859375,False
513:colon:head:624:Q,noise,196,-0.037109375,False
513:colon:head:630:KV,noise,0,0.002166748046875,False
513:colon:head:630:KV,noise,16,-0.002410888671875,False
513:colon:head:630:KV,noise,32,-0.0012359619140625,False
513:colon:head:630:KV,noise,48,0.0013580322265625,False
513:colon:head:630:KV,noise,56,0.0,False
513:colon:head:630:KV,noise,64,-0.0001220703125,False
513:colon:head:630:KV,noise,82,0.00048828125,False
513:colon:head:630:KV,noise,96,-0.0020294189453125,False
513:colon:head:630:KV,noise,98,-0.00201416015625,False
513:colon:head:630:KV,noise,102,0.00074005126953125,False
513:colon:head:630:KV,noise,116,-0.000732421875,False
513:colon:head:630:KV,noise,130,-0.00128173828125,False
513:colon:head:630:KV,noise,150,0.0003662109375,False
513:colon:head:630:KV,noise,154,-0.001708984375,False
513:colon:head:630:KV,noise,162,0.0009765625,False
513:colon:head:630:KV,noise,176,0.0006103515625,False
513:colon:head:630:KV,noise,178,-0.003673553466796875,False
513:colon:head:630:KV,noise,186,-0.001953125,False
513:colon:head:630:KV,noise,192,0.00067138671875,False
513:colon:head:630:KV,noise,196,-0.00146484375,False
513:colon:head:630:Q,noise,0,0.00213623046875,False
513:colon:head:630:Q,noise,16,0.004730224609375,False
513:colon:head:630:Q,noise,32,0.00665283203125,False
513:colon:head:630:Q,noise,48,0.0085296630859375,False
513:colon:head:630:Q,noise,56,-0.005889892578125,False
513:colon:head:630:Q,noise,64,-0.0072021484375,False
513:colon:head:630:Q,noise,82,0.00750732421875,False
513:colon:head:630:Q,noise,96,0.04053497314453125,False
513:colon:head:630:Q,noise,98,0.015594482421875,False
513:colon:head:630:Q,noise,102,0.0045318603515625,False
513:colon:head:630:Q,noise,116,0.00128173828125,False
513:colon:head:630:Q,noise,130,0.026153564453125,False
513:colon:head:630:Q,noise,150,-0.00042724609375,False
513:colon:head:630:Q,noise,154,0.00689697265625,False
513:colon:head:630:Q,noise,162,0.006591796875,False
513:colon:head:630:Q,noise,176,0.0113525390625,False
513:colon:head:630:Q,noise,178,-0.00128936767578125,False
513:colon:head:630:Q,noise,186,0.018798828125,False
513:colon:head:630:Q,noise,192,0.00689697265625,False
513:colon:head:630:Q,noise,196,0.01904296875,False
513:colon:head:641:KV,noise,0,0.001129150390625,False
513:colon:head:641:KV,noise,16,0.0010833740234375,False
513:colon:head:641:KV,noise,32,0.000701904296875,False
513:colon:head:641:KV,noise,48,0.000274658203125,False
513:colon:head:641:KV,noise,56,-0.0008697509765625,False
513:colon:head:641:KV,noise,64,-0.00433349609375,False
513:colon:head:641:KV,noise,82,0.00164794921875,False
513:colon:head:641:KV,noise,96,-0.00311279296875,False
513:colon:head:641:KV,noise,98,-0.004425048828125,False
513:colon:head:641:KV,noise,102,0.00103759765625,False
513:colon:head:641:KV,noise,116,-0.0023193359375,False
513:colon:head:641:KV,noise,130,-0.0025634765625,False
513:colon:head:641:KV,noise,150,0.00146484375,False
513:colon:head:641:KV,noise,154,-0.00079345703125,False
513:colon:head:641:KV,noise,162,-0.00439453125,False
513:colon:head:641:KV,noise,176,-0.0013427734375,False
513:colon:head:641:KV,noise,178,-0.00347900390625,False
513:colon:head:641:KV,noise,186,-0.00396728515625,False
513:colon:head:641:KV,noise,192,-0.00469970703125,False
513:colon:head:641:KV,noise,196,-0.001953125,False
513:colon:head:641:Q,noise,0,-0.017578125,False
513:colon:head:641:Q,noise,16,-0.0437469482421875,False
513:colon:head:641:Q,noise,32,-0.01568603515625,False
513:colon:head:641:Q,noise,48,-0.048614501953125,False
513:colon:head:641:Q,noise,56,-0.0182952880859375,False
513:colon:head:641:Q,noise,64,-0.08111572265625,False
513:colon:head:641:Q,noise,82,-0.0242919921875,False
513:colon:head:641:Q,noise,96,-0.14269256591796875,False
513:colon:head:641:Q,noise,98,-0.035400390625,False
513:colon:head:641:Q,noise,102,0.0394287109375,False
513:colon:head:641:Q,noise,116,-0.02752685546875,False
513:colon:head:641:Q,noise,130,-0.0345001220703125,False
513:colon:head:641:Q,noise,150,-0.01849365234375,False
513:colon:head:641:Q,noise,154,-0.0911865234375,False
513:colon:head:641:Q,noise,162,-0.046630859375,False
513:colon:head:641:Q,noise,176,-0.028564453125,False
513:colon:head:641:Q,noise,178,-0.03992462158203125,False
513:colon:head:641:Q,noise,186,-0.05010986328125,False
513:colon:head:641:Q,noise,192,-0.05352783203125,False
513:colon:head:641:Q,noise,196,-0.03173828125,False
513:colon:head:678:KV,noise,0,0.002044677734375,False
513:colon:head:678:KV,noise,16,0.000640869140625,False
513:colon:head:678:KV,noise,32,0.000732421875,False
513:colon:head:678:KV,noise,48,0.000152587890625,False
513:colon:head:678:KV,noise,56,-0.002838134765625,False
513:colon:head:678:KV,noise,64,0.00048828125,False
513:colon:head:678:KV,noise,82,0.0003662109375,False
513:colon:head:678:KV,noise,96,-0.003753662109375,False
513:colon:head:678:KV,noise,98,-0.00042724609375,False
513:colon:head:678:KV,noise,102,1.52587890625e-05,False
513:colon:head:678:KV,noise,116,-0.00537109375,False
513:colon:head:678:KV,noise,130,0.0001983642578125,False
513:colon:head:678:KV,noise,150,0.001678466796875,False
513:colon:head:678:KV,noise,154,0.00341796875,False
513:colon:head:678:KV,noise,162,-0.00048828125,False
513:colon:head:678:KV,noise,176,-0.0023193359375,False
513:colon:head:678:KV,noise,178,-0.0024871826171875,False
513:colon:head:678:KV,noise,186,-0.00213623046875,False
513:colon:head:678:KV,noise,192,-0.0018310546875,False
513:colon:head:678:KV,noise,196,0.00146484375,False
513:colon:head:678:Q,noise,0,0.0008544921875,False
513:colon:head:678:Q,noise,16,0.014373779296875,False
513:colon:head:678:Q,noise,32,-0.001129150390625,False
513:colon:head:678:Q,noise,48,0.0272064208984375,False
513:colon:head:678:Q,noise,56,-0.000579833984375,False
513:colon:head:678:Q,noise,64,0.00836181640625,False
513:colon:head:678:Q,noise,82,0.00885009765625,False
513:colon:head:678:Q,noise,96,0.024627685546875,False
513:colon:head:678:Q,noise,98,0.064605712890625,False
513:colon:head:678:Q,noise,102,0.01900482177734375,False
513:colon:head:678:Q,noise,116,-0.0048828125,False
513:colon:head:678:Q,noise,130,-0.0061798095703125,False
513:colon:head:678:Q,noise,150,0.00250244140625,False
513:colon:head:678:Q,noise,154,0.03399658203125,False
513:colon:head:678:Q,noise,162,0.019287109375,False
513:colon:head:678:Q,noise,176,0.015380859375,False
513:colon:head:678:Q,noise,178,0.012805938720703125,False
513:colon:head:678:Q,noise,186,0.0125732421875,False
513:colon:head:678:Q,noise,192,0.0308837890625,False
513:colon:head:678:Q,noise,196,0.0322265625,False
513:colon:head:690:KV,noise,0,0.00067138671875,False
513:colon:head:690:KV,noise,16,0.00177001953125,False
513:colon:head:690:KV,noise,32,0.001983642578125,False
513:colon:head:690:KV,noise,48,0.00150299072265625,False
513:colon:head:690:KV,noise,56,-0.0011138916015625,False
513:colon:head:690:KV,noise,64,-0.00128173828125,False
513:colon:head:690:KV,noise,82,0.002197265625,False
513:colon:head:690:KV,noise,96,-0.00170135498046875,False
513:colon:head:690:KV,noise,98,-0.000701904296875,False
513:colon:head:690:KV,noise,102,0.003326416015625,False
513:colon:head:690:KV,noise,116,-0.00018310546875,False
513:colon:head:690:KV,noise,130,0.0017242431640625,False
513:colon:head:690:KV,noise,150,0.001373291015625,False
513:colon:head:690:KV,noise,154,0.00347900390625,False
513:colon:head:690:KV,noise,162,0.0,False
513:colon:head:690:KV,noise,176,-0.004150390625,False
513:colon:head:690:KV,noise,178,-0.0025177001953125,False
513:colon:head:690:KV,noise,186,-0.000732421875,False
513:colon:head:690:KV,noise,192,-0.00079345703125,False
513:colon:head:690:KV,noise,196,0.0,False
513:colon:head:690:Q,noise,0,0.02581787109375,False
513:colon:head:690:Q,noise,16,0.00787353515625,False
513:colon:head:690:Q,noise,32,-0.021453857421875,False
513:colon:head:690:Q,noise,48,0.0472869873046875,False
513:colon:head:690:Q,noise,56,0.0202178955078125,False
513:colon:head:690:Q,noise,64,0.02911376953125,False
513:colon:head:690:Q,noise,82,0.0045166015625,False
513:colon:head:690:Q,noise,96,0.0088348388671875,False
513:colon:head:690:Q,noise,98,0.031219482421875,False
513:colon:head:690:Q,noise,102,0.06632232666015625,False
513:colon:head:690:Q,noise,116,0.0283203125,False
513:colon:head:690:Q,noise,130,0.0118255615234375,False
513:colon:head:690:Q,noise,150,0.03814697265625,False
513:colon:head:690:Q,noise,154,0.0670166015625,False
513:colon:head:690:Q,noise,162,0.027587890625,False
513:colon:head:690:Q,noise,176,0.0050048828125,False
513:colon:head:690:Q,noise,178,0.026355743408203125,False
513:colon:head:690:Q,noise,186,0.03704833984375,False
513:colon:head:690:Q,noise,192,0.06298828125,False
513:colon:head:690:Q,noise,196,0.05517578125,False
513:colon:head:695:KV,noise,0,0.0135498046875,False
513:colon:head:695:KV,noise,16,0.027923583984375,False
513:colon:head:695:KV,noise,32,0.026092529296875,False
513:colon:head:695:KV,noise,48,0.05792236328125,False
513:colon:head:695:KV,noise,56,0.0101318359375,False
513:colon:head:695:KV,noise,64,0.0562744140625,False
513:colon:head:695:KV,noise,82,0.0213623046875,False
513:colon:head:695:KV,noise,96,0.08563995361328125,False
513:colon:head:695:KV,noise,98,0.05584716796875,False
513:colon:head:695:KV,noise,102,0.05449676513671875,False
513:colon:head:695:KV,noise,116,0.0079345703125,False
513:colon:head:695:KV,noise,130,0.060577392578125,False
513:colon:head:695:KV,noise,150,0.031829833984375,False
513:colon:head:695:KV,noise,154,0.01812744140625,False
513:colon:head:695:KV,noise,162,0.071044921875,False
513:colon:head:695:KV,noise,176,0.01171875,False
513:colon:head:695:KV,noise,178,0.050991058349609375,False
513:colon:head:695:KV,noise,186,0.1058349609375,False
513:colon:head:695:KV,noise,192,0.0506591796875,False
513:colon:head:695:KV,noise,196,0.06005859375,False
513:colon:head:695:Q,noise,0,-0.00250244140625,False
513:colon:head:695:Q,noise,16,0.00042724609375,False
513:colon:head:695:Q,noise,32,0.007293701171875,False
513:colon:head:695:Q,noise,48,0.0059814453125,False
513:colon:head:695:Q,noise,56,0.0067291259765625,False
513:colon:head:695:Q,noise,64,0.00384521484375,False
513:colon:head:695:Q,noise,82,-0.005859375,False
513:colon:head:695:Q,noise,96,0.0068817138671875,False
513:colon:head:695:Q,noise,98,-0.019317626953125,False
513:colon:head:695:Q,noise,102,0.02715301513671875,False
513:colon:head:695:Q,noise,116,0.0003662109375,False
513:colon:head:695:Q,noise,130,0.002777099609375,False
513:colon:head:695:Q,noise,150,0.01287841796875,False
513:colon:head:695:Q,noise,154,-0.00042724609375,False
513:colon:head:695:Q,noise,162,0.01708984375,False
513:colon:head:695:Q,noise,176,-0.00634765625,False
513:colon:head:695:Q,noise,178,0.018352508544921875,False
513:colon:head:695:Q,noise,186,0.01959228515625,False
513:colon:head:695:Q,noise,192,-0.02862548828125,False
513:colon:head:695:Q,noise,196,0.009765625,False
513:colon:head:709:KV,noise,0,0.002227783203125,False
513:colon:head:709:KV,noise,16,0.0012359619140625,False
513:colon:head:709:KV,noise,32,0.0001678466796875,False
513:colon:head:709:KV,noise,48,-0.00070953369140625,False
513:colon:head:709:KV,noise,56,-0.0014801025390625,False
513:colon:head:709:KV,noise,64,0.00067138671875,False
513:colon:head:709:KV,noise,82,6.103515625e-05,False
513:colon:head:709:KV,noise,96,0.0040435791015625,False
513:colon:head:709:KV,noise,98,-0.00299072265625,False
513:colon:head:709:KV,noise,102,0.00029754638671875,False
513:colon:head:709:KV,noise,116,-0.0047607421875,False
513:colon:head:709:KV,noise,130,0.0013885498046875,False
513:colon:head:709:KV,noise,150,0.00213623046875,False
513:colon:head:709:KV,noise,154,0.00152587890625,False
513:colon:head:709:KV,noise,162,0.0029296875,False
513:colon:head:709:KV,noise,176,-0.002685546875,False
513:colon:head:709:KV,noise,178,-0.002017974853515625,False
513:colon:head:709:KV,noise,186,-0.000732421875,False
513:colon:head:709:KV,noise,192,-0.00091552734375,False
513:colon:head:709:KV,noise,196,0.0,False
513:colon:head:709:Q,noise,0,0.020416259765625,False
513:colon:head:709:Q,noise,16,0.0796356201171875,False
513:colon:head:709:Q,noise,32,0.05419921875,False
513:colon:head:709:Q,noise,48,0.1097869873046875,False
513:colon:head:709:Q,noise,56,0.084259033203125,False
513:colon:head:709:Q,noise,64,0.10491943359375,False
513:colon:head:709:Q,noise,82,0.033203125,False
513:colon:head:709:Q,noise,96,0.14243316650390625,False
513:colon:head:709:Q,noise,98,0.049652099609375,False
513:colon:head:709:Q,noise,102,0.00091552734375,False
513:colon:head:709:Q,noise,116,0.0694580078125,False
513:colon:head:709:Q,noise,130,0.0810394287109375,False
513:colon:head:709:Q,noise,150,0.045745849609375,False
513:colon:head:709:Q,noise,154,0.1279296875,False
513:colon:head:709:Q,noise,162,0.125732421875,False
513:colon:head:709:Q,noise,176,0.0400390625,False
513:colon:head:709:Q,noise,178,0.12196159362792969,False
513:colon:head:709:Q,noise,186,0.1722412109375,False
513:colon:head:709:Q,noise,192,0.142822265625,False
513:colon:head:709:Q,noise,196,0.0927734375,False
513:colon:head:751:KV,noise,0,0.0009765625,False
513:colon:head:751:KV,noise,16,0.0005645751953125,False
513:colon:head:751:KV,noise,32,-0.0023345947265625,False
513:colon:head:751:KV,noise,48,-0.000518798828125,False
513:colon:head:751:KV,noise,56,-0.0025177001953125,False
513:colon:head:751:KV,noise,64,0.00067138671875,False
513:colon:head:751:KV,noise,82,0.001220703125,False
513:colon:head:751:KV,noise,96,0.00182342529296875,False
513:colon:head:751:KV,noise,98,-0.001251220703125,False
513:colon:head:751:KV,noise,102,0.00087738037109375,False
513:colon:head:751:KV,noise,116,-0.00445556640625,False
513:colon:head:751:KV,noise,130,0.0015869140625,False
513:colon:head:751:KV,noise,150,0.002410888671875,False
513:colon:head:751:KV,noise,154,0.0008544921875,False
513:colon:head:751:KV,noise,162,0.0,False
513:colon:head:751:KV,noise,176,-0.0001220703125,False
513:colon:head:751:KV,noise,178,-0.003276824951171875,False
513:colon:head:751:KV,noise,186,-0.0003662109375,False
513:colon:head:751:KV,noise,192,-0.0003662109375,False
513:colon:head:751:KV,noise,196,0.0009765625,False
513:colon:head:751:Q,noise,0,-0.00506591796875,False
513:colon:head:751:Q,noise,16,-0.0037384033203125,False
513:colon:head:751:Q,noise,32,0.0046844482421875,False
513:colon:head:751:Q,noise,48,-0.01332855224609375,False
513:colon:head:751:Q,noise,56,-0.011566162109375,False
513:colon:head:751:Q,noise,64,-0.0089111328125,False
513:colon:head:751:Q,noise,82,-0.005126953125,False
513:colon:head:751:Q,noise,96,-0.021392822265625,False
513:colon:head:751:Q,noise,98,-0.0162353515625,False
513:colon:head:751:Q,noise,102,-0.00926971435546875,False
513:colon:head:751:Q,noise,116,-0.0157470703125,False
513:colon:head:751:Q,noise,130,-0.0177154541015625,False
513:colon:head:751:Q,noise,150,-0.01104736328125,False
513:colon:head:751:Q,noise,154,-0.0185546875,False
513:colon:head:751:Q,noise,162,-0.004150390625,False
513:colon:head:751:Q,noise,176,0.00048828125,False
513:colon:head:751:Q,noise,178,-0.01012420654296875,False
513:colon:head:751:Q,noise,186,-0.02587890625,False
513:colon:head:751:Q,noise,192,-0.0128173828125,False
513:colon:head:751:Q,noise,196,-0.00537109375,False
513:colon:head:787:KV,noise,0,0.002197265625,False
513:colon:head:787:KV,noise,16,0.0021514892578125,False
513:colon:head:787:KV,noise,32,0.0002593994140625,False
513:colon:head:787:KV,noise,48,0.0025482177734375,False
513:colon:head:787:KV,noise,56,-0.0036773681640625,False
513:colon:head:787:KV,noise,64,-0.0013427734375,False
513:colon:head:787:KV,noise,82,0.0003662109375,False
513:colon:head:787:KV,noise,96,-0.000396728515625,False
513:colon:head:787:KV,noise,98,0.0,False
513:colon:head:787:KV,noise,102,0.0003509521484375,False
513:colon:head:787:KV,noise,116,-0.0015869140625,False
513:colon:head:787:KV,noise,130,-0.00018310546875,False
513:colon:head:787:KV,noise,150,0.001312255859375,False
513:colon:head:787:KV,noise,154,0.00323486328125,False
513:colon:head:787:KV,noise,162,-0.00048828125,False
513:colon:head:787:KV,noise,176,0.00146484375,False
513:colon:head:787:KV,noise,178,-0.002941131591796875,False
513:colon:head:787:KV,noise,186,-0.00054931640625,False
513:colon:head:787:KV,noise,192,0.0001220703125,False
513:colon:head:787:KV,noise,196,0.0009765625,False
513:colon:head:787:Q,noise,0,0.01751708984375,False
513:colon:head:787:Q,noise,16,0.0075531005859375,False
513:colon:head:787:Q,noise,32,0.0084228515625,False
513:colon:head:787:Q,noise,48,0.0410614013671875,False
513:colon:head:787:Q,noise,56,0.0129547119140625,False
513:colon:head:787:Q,noise,64,0.0172119140625,False
513:colon:head:787:Q,noise,82,0.011962890625,False
513:colon:head:787:Q,noise,96,0.055633544921875,False
513:colon:head:787:Q,noise,98,0.047454833984375,False
513:colon:head:787:Q,noise,102,0.03204345703125,False
513:colon:head:787:Q,noise,116,0.01416015625,False
513:colon:head:787:Q,noise,130,0.0174102783203125,False
513:colon:head:787:Q,noise,150,0.024169921875,False
513:colon:head:787:Q,noise,154,0.0670166015625,False
513:colon:head:787:Q,noise,162,0.023193359375,False
513:colon:head:787:Q,noise,176,0.0130615234375,False
513:colon:head:787:Q,noise,178,0.01615142822265625,False
513:colon:head:787:Q,noise,186,0.03759765625,False
513:colon:head:787:Q,noise,192,0.02813720703125,False
513:colon:head:787:Q,noise,196,0.04931640625,False
513:colon:head:817:KV,noise,0,0.00604248046875,False
513:colon:head:817:KV,noise,16,0.0088653564453125,False
513:colon:head:817:KV,noise,32,0.0028228759765625,False
513:colon:head:817:KV,noise,48,0.012603759765625,False
513:colon:head:817:KV,noise,56,0.0056304931640625,False
513:colon:head:817:KV,noise,64,0.006103515625,False
513:colon:head:817:KV,noise,82,0.00616455078125,False
513:colon:head:817:KV,noise,96,0.0105743408203125,False
513:colon:head:817:KV,noise,98,0.01312255859375,False
513:colon:head:817:KV,noise,102,0.0061492919921875,False
513:colon:head:817:KV,noise,116,0.0076904296875,False
513:colon:head:817:KV,noise,130,0.0077362060546875,False
513:colon:head:817:KV,noise,150,-0.000762939453125,False
513:colon:head:817:KV,noise,154,0.0106201171875,False
513:colon:head:817:KV,noise,162,0.00341796875,False
513:colon:head:817:KV,noise,176,0.01123046875,False
513:colon:head:817:KV,noise,178,0.00034332275390625,False
513:colon:head:817:KV,noise,186,0.00555419921875,False
513:colon:head:817:KV,noise,192,0.0008544921875,False
513:colon:head:817:KV,noise,196,-0.00146484375,False
513:colon:head:817:Q,noise,0,0.003173828125,False
513:colon:head:817:Q,noise,16,0.0013275146484375,False
513:colon:head:817:Q,noise,32,-0.0019073486328125,False
513:colon:head:817:Q,noise,48,0.00275421142578125,False
513:colon:head:817:Q,noise,56,0.000640869140625,False
513:colon:head:817:Q,noise,64,-0.00360107421875,False
513:colon:head:817:Q,noise,82,-0.00030517578125,False
513:colon:head:817:Q,noise,96,-0.005767822265625,False
513:colon:head:817:Q,noise,98,-0.001495361328125,False
513:colon:head:817:Q,noise,102,0.0006561279296875,False
513:colon:head:817:Q,noise,116,-0.001220703125,False
513:colon:head:817:Q,noise,130,-0.0006561279296875,False
513:colon:head:817:Q,noise,150,0.001220703125,False
513:colon:head:817:Q,noise,154,0.00335693359375,False
513:colon:head:817:Q,noise,162,0.0009765625,False
513:colon:head:817:Q,noise,176,0.000244140625,False
513:colon:head:817:Q,noise,178,0.001018524169921875,False
513:colon:head:817:Q,noise,186,-0.0052490234375,False
513:colon:head:817:Q,noise,192,-0.00518798828125,False
513:colon:head:817:Q,noise,196,-0.00244140625,False
513:colon:head:855:KV,noise,0,0.00091552734375,False
513:colon:head:855:KV,noise,16,0.0017242431640625,False
513:colon:head:855:KV,noise,32,-0.0005950927734375,False
513:colon:head:855:KV,noise,48,-0.00115203857421875,False
513:colon:head:855:KV,noise,56,-0.003753662109375,False
513:colon:head:855:KV,noise,64,0.000244140625,False
513:colon:head:855:KV,noise,82,-0.0001220703125,False
513:colon:head:855:KV,noise,96,0.0011444091796875,False
513:colon:head:855:KV,noise,98,-0.000396728515625,False
513:colon:head:855:KV,noise,102,-0.00147247314453125,False
513:colon:head:855:KV,noise,116,-0.00225830078125,False
513:colon:head:855:KV,noise,130,-0.00115966796875,False
513:colon:head:855:KV,noise,150,0.000396728515625,False
513:colon:head:855:KV,noise,154,0.00146484375,False
513:colon:head:855:KV,noise,162,-0.00048828125,False
513:colon:head:855:KV,noise,176,-0.0003662109375,False
513:colon:head:855:KV,noise,178,-0.002956390380859375,False
513:colon:head:855:KV,noise,186,-0.001708984375,False
513:colon:head:855:KV,noise,192,-0.00042724609375,False
513:colon:head:855:KV,noise,196,0.001953125,False
513:colon:head:855:Q,noise,0,0.00238037109375,False
513:colon:head:855:Q,noise,16,0.0020751953125,False
513:colon:head:855:Q,noise,32,-0.0079803466796875,False
513:colon:head:855:Q,noise,48,0.00201416015625,False
513:colon:head:855:Q,noise,56,-0.0045928955078125,False
513:colon:head:855:Q,noise,64,-0.00274658203125,False
513:colon:head:855:Q,noise,82,0.00048828125,False
513:colon:head:855:Q,noise,96,-0.00445556640625,False
513:colon:head:855:Q,noise,98,0.000732421875,False
513:colon:head:855:Q,noise,102,-0.006439208984375,False
513:colon:head:855:Q,noise,116,-0.00262451171875,False
513:colon:head:855:Q,noise,130,-0.00213623046875,False
513:colon:head:855:Q,noise,150,-0.00128173828125,False
513:colon:head:855:Q,noise,154,-0.00274658203125,False
513:colon:head:855:Q,noise,162,0.0,False
513:colon:head:855:Q,noise,176,-0.0003662109375,False
513:colon:head:855:Q,noise,178,-0.00409698486328125,False
513:colon:head:855:Q,noise,186,-0.004150390625,False
513:colon:head:855:Q,noise,192,-0.00274658203125,False
513:colon:head:855:Q,noise,196,-0.00341796875,False
513:colon:head:870:KV,noise,0,-0.000213623046875,False
513:colon:head:870:KV,noise,16,-6.103515625e-05,False
513:colon:head:870:KV,noise,32,0.0006103515625,False
513:colon:head:870:KV,noise,48,0.0010833740234375,False
513:colon:head:870:KV,noise,56,-0.000152587890625,False
513:colon:head:870:KV,noise,64,0.000732421875,False
513:colon:head:870:KV,noise,82,0.0008544921875,False
513:colon:head:870:KV,noise,96,0.00048828125,False
513:colon:head:870:KV,noise,98,0.0009765625,False
513:colon:head:870:KV,noise,102,0.0023956298828125,False
513:colon:head:870:KV,noise,116,-0.00213623046875,False
513:colon:head:870:KV,noise,130,0.0010833740234375,False
513:colon:head:870:KV,noise,150,0.002410888671875,False
513:colon:head:870:KV,noise,154,0.0009765625,False
513:colon:head:870:KV,noise,162,-0.002197265625,False
513:colon:head:870:KV,noise,176,-0.000244140625,False
513:colon:head:870:KV,noise,178,0.000244140625,False
513:colon:head:870:KV,noise,186,-0.00262451171875,False
513:colon:head:870:KV,noise,192,-0.00054931640625,False
513:colon:head:870:KV,noise,196,0.00146484375,False
513:colon:head:870:Q,noise,0,-0.001373291015625,False
513:colon:head:870:Q,noise,16,0.0271759033203125,False
513:colon:head:870:Q,noise,32,0.002960205078125,False
513:colon:head:870:Q,noise,48,0.0860443115234375,False
513:colon:head:870:Q,noise,56,0.0930938720703125,False
513:colon:head:870:Q,noise,64,0.065673828125,False
513:colon:head:870:Q,noise,82,0.00933837890625,False
513:colon:head:870:Q,noise,96,-0.00246429443359375,False
513:colon:head:870:Q,noise,98,0.071868896484375,False
513:colon:head:870:Q,noise,102,0.01071929931640625,False
513:colon:head:870:Q,noise,116,0.05670166015625,False
513:colon:head:870:Q,noise,130,0.1354827880859375,False
513:colon:head:870:Q,noise,150,0.004730224609375,False
513:colon:head:870:Q,noise,154,0.03302001953125,False
513:colon:head:870:Q,noise,162,0.088623046875,False
513:colon:head:870:Q,noise,176,0.0340576171875,False
513:colon:head:870:Q,noise,178,0.046573638916015625,False
513:colon:head:870:Q,noise,186,0.0550537109375,False
513:colon:head:870:Q,noise,192,0.13140869140625,False
513:colon:head:870:Q,noise,196,0.0361328125,False
513:colon:head:973:KV,noise,0,-0.001068115234375,False
513:colon:head:973:KV,noise,16,0.001312255859375,False
513:colon:head:973:KV,noise,32,0.003387451171875,False
513:colon:head:973:KV,noise,48,0.0080413818359375,False
513:colon:head:973:KV,noise,56,-0.003631591796875,False
513:colon:head:973:KV,noise,64,0.00103759765625,False
513:colon:head:973:KV,noise,82,0.00152587890625,False
513:colon:head:973:KV,noise,96,0.00228118896484375,False
513:colon:head:973:KV,noise,98,0.0059814453125,False
513:colon:head:973:KV,noise,102,0.00052642822265625,False
513:colon:head:973:KV,noise,116,0.00506591796875,False
513:colon:head:973:KV,noise,130,0.0011138916015625,False
513:colon:head:973:KV,noise,150,0.00067138671875,False
513:colon:head:973:KV,noise,154,-0.00018310546875,False
513:colon:head:973:KV,noise,162,0.008056640625,False
513:colon:head:973:KV,noise,176,-0.0010986328125,False
513:colon:head:973:KV,noise,178,0.004150390625,False
513:colon:head:973:KV,noise,186,-0.001708984375,False
513:colon:head:973:KV,noise,192,-0.00048828125,False
513:colon:head:973:KV,noise,196,0.00146484375,False
513:colon:head:973:Q,noise,0,0.00433349609375,False
513:colon:head:973:Q,noise,16,0.0045013427734375,False
513:colon:head:973:Q,noise,32,0.006134033203125,False
513:colon:head:973:Q,noise,48,-0.001220703125,False
513:colon:head:973:Q,noise,56,-0.0021209716796875,False
513:colon:head:973:Q,noise,64,0.0015869140625,False
513:colon:head:973:Q,noise,82,0.004638671875,False
513:colon:head:973:Q,noise,96,0.00608062744140625,False
513:colon:head:973:Q,noise,98,0.00616455078125,False
513:colon:head:973:Q,noise,102,-0.0053863525390625,False
513:colon:head:973:Q,noise,116,0.00830078125,False
513:colon:head:973:Q,noise,130,-0.0034942626953125,False
513:colon:head:973:Q,noise,150,0.001617431640625,False
513:colon:head:973:Q,noise,154,0.0025634765625,False
513:colon:head:973:Q,noise,162,0.00732421875,False
513:colon:head:973:Q,noise,176,-0.0006103515625,False
513:colon:head:973:Q,noise,178,0.003376007080078125,False
513:colon:head:973:Q,noise,186,0.00189208984375,False
513:colon:head:973:Q,noise,192,0.00384521484375,False
513:colon:head:973:Q,noise,196,0.00244140625,False
513:colon:head:978:KV,noise,0,0.0008544921875,False
513:colon:head:978:KV,noise,16,-0.0002593994140625,False
513:colon:head:978:KV,noise,32,0.0024566650390625,False
513:colon:head:978:KV,noise,48,0.0015106201171875,False
513:colon:head:978:KV,noise,56,-0.0023040771484375,False
513:colon:head:978:KV,noise,64,0.0009765625,False
513:colon:head:978:KV,noise,82,0.000732421875,False
513:colon:head:978:KV,noise,96,0.00038909912109375,False
513:colon:head:978:KV,noise,98,0.000244140625,False
513:colon:head:978:KV,noise,102,0.0004119873046875,False
513:colon:head:978:KV,noise,116,-0.0003662109375,False
513:colon:head:978:KV,noise,130,-0.0002899169921875,False
513:colon:head:978:KV,noise,150,-0.00048828125,False
513:colon:head:978:KV,noise,154,0.0003662109375,False
513:colon:head:978:KV,noise,162,-0.000732421875,False
513:colon:head:978:KV,noise,176,-0.000244140625,False
513:colon:head:978:KV,noise,178,0.00067901611328125,False
513:colon:head:978:KV,noise,186,0.0001220703125,False
513:colon:head:978:KV,noise,192,-0.0006103515625,False
513:colon:head:978:KV,noise,196,-0.0009765625,False
513:colon:head:978:Q,noise,0,-0.0018310546875,False
513:colon:head:978:Q,noise,16,0.02191162109375,False
513:colon:head:978:Q,noise,32,-0.00262451171875,False
513:colon:head:978:Q,noise,48,0.03107452392578125,False
513:colon:head:978:Q,noise,56,0.041778564453125,False
513:colon:head:978:Q,noise,64,0.03204345703125,False
513:colon:head:978:Q,noise,82,0.021240234375,False
513:colon:head:978:Q,noise,96,0.00740814208984375,False
513:colon:head:978:Q,noise,98,0.027191162109375,False
513:colon:head:978:Q,noise,102,0.04248809814453125,False
513:colon:head:978:Q,noise,116,0.04571533203125,False
513:colon:head:978:Q,noise,130,0.066864013671875,False
513:colon:head:978:Q,noise,150,0.025054931640625,False
513:colon:head:978:Q,noise,154,0.01904296875,False
513:colon:head:978:Q,noise,162,0.026123046875,False
513:colon:head:978:Q,noise,176,0.016357421875,False
513:colon:head:978:Q,noise,178,0.07152175903320312,False
513:colon:head:978:Q,noise,186,0.06951904296875,False
513:colon:head:978:Q,noise,192,0.03045654296875,False
513:colon:head:978:Q,noise,196,0.0,False
513:colon:mlp:16:,noise,0,-0.06884765625,False
513:colon:mlp:16:,noise,16,-0.0995025634765625,False
513:colon:mlp:16:,noise,32,-0.096038818359375,False
513:colon:mlp:16:,noise,48,-0.10141754150390625,False
513:colon:mlp:16:,noise,56,0.014129638671875,False
513:colon:mlp:16:,noise,64,-0.00262451171875,False
513:colon:mlp:16:,noise,82,-0.0985107421875,False
513:colon:mlp:16:,noise,96,-0.18368148803710938,False
513:colon:mlp:16:,noise,98,-0.105224609375,False
513:colon:mlp:16:,noise,102,-0.03896331787109375,False
513:colon:mlp:16:,noise,116,-0.1251220703125,False
513:colon:mlp:16:,noise,130,-0.0138092041015625,False
513:colon:mlp:16:,noise,150,-0.01409912109375,False
513:colon:mlp:16:,noise,154,-0.1180419921875,False
513:colon:mlp:16:,noise,162,-0.0546875,False
513:colon:mlp:16:,noise,176,-0.0419921875,False
513:colon:mlp:16:,noise,178,-0.011705398559570312,False
513:colon:mlp:16:,noise,186,-0.1773681640625,False
513:colon:mlp:16:,noise,192,-0.11883544921875,False
513:colon:mlp:16:,noise,196,-0.1455078125,False
513:colon:mlp:17:,noise,0,-0.02886962890625,False
513:colon:mlp:17:,noise,16,-0.0529327392578125,False
513:colon:mlp:17:,noise,32,-0.0508270263671875,False
513:colon:mlp:17:,noise,48,-0.08887863159179688,False
513:colon:mlp:17:,noise,56,-0.021392822265625,False
513:colon:mlp:17:,noise,64,-0.01812744140625,False
513:colon:mlp:17:,noise,82,-0.0213623046875,False
513:colon:mlp:17:,noise,96,-0.186126708984375,False
513:colon:mlp:17:,noise,98,0.001373291015625,False
513:colon:mlp:17:,noise,102,-0.0272216796875,False
513:colon:mlp:17:,noise,116,-0.04656982421875,False
513:colon:mlp:17:,noise,130,-0.013153076171875,False
513:colon:mlp:17:,noise,150,-0.02105712890625,False
513:colon:mlp:17:,noise,154,-0.0360107421875,False
513:colon:mlp:17:,noise,162,-0.071044921875,False
513:colon:mlp:17:,noise,176,-0.0390625,False
513:colon:mlp:17:,noise,178,0.0080108642578125,False
513:colon:mlp:17:,noise,186,0.0252685546875,False
513:colon:mlp:17:,noise,192,-0.0101318359375,False
513:colon:mlp:17:,noise,196,-0.02001953125,False
533:colon:bypass:31:,noise,0,0.01263427734375,False
533:colon:bypass:31:,noise,16,0.0411224365234375,False
533:colon:bypass:31:,noise,32,0.0499420166015625,False
533:colon:bypass:31:,noise,48,-0.00439453125,False
533:colon:bypass:31:,noise,56,0.004425048828125,False
533:colon:bypass:31:,noise,64,0.0023193359375,False
533:colon:bypass:31:,noise,82,0.01336669921875,False
533:colon:bypass:31:,noise,96,0.009237289428710938,False
533:colon:bypass:31:,noise,98,0.02130126953125,False
533:colon:bypass:31:,noise,102,-0.04438018798828125,False
533:colon:bypass:31:,noise,116,0.02166748046875,False
533:colon:bypass:31:,noise,130,0.0111541748046875,False
533:colon:bypass:31:,noise,150,0.0331878662109375,False
533:colon:bypass:31:,noise,154,0.02813720703125,False
533:colon:bypass:31:,noise,162,0.014892578125,False
533:colon:bypass:31:,noise,176,0.0318603515625,False
533:colon:bypass:31:,noise,178,0.011882781982421875,False
533:colon:bypass:31:,noise,186,0.054931640625,False
533:colon:bypass:31:,noise,192,-0.00054931640625,False
533:colon:bypass:31:,noise,196,0.02587890625,False
533:colon:head:547:KV,noise,0,-0.005157470703125,False
533:colon:head:547:KV,noise,16,-0.08392333984375,False
533:colon:head:547:KV,noise,32,-0.0317840576171875,False
533:colon:head:547:KV,noise,48,-0.05648040771484375,False
533:colon:head:547:KV,noise,56,-0.0225982666015625,False
533:colon:head:547:KV,noise,64,0.00042724609375,False
533:colon:head:547:KV,noise,82,-0.00811767578125,False
533:colon:head:547:KV,noise,96,-0.09461212158203125,False
533:colon:head:547:KV,noise,98,-0.030364990234375,False
533:colon:head:547:KV,noise,102,-0.10001373291015625,False
533:colon:head:547:KV,noise,116,-0.07598876953125,False
533:colon:head:547:KV,noise,130,-0.0109405517578125,False
533:colon:head:547:KV,noise,150,-0.00701904296875,False
533:colon:head:547:KV,noise,154,-0.0291748046875,False
533:colon:head:547:KV,noise,162,-0.067626953125,False
533:colon:head:547:KV,noise,176,-0.052001953125,False
533:colon:head:547:KV,noise,178,-0.032154083251953125,False
533:colon:head:547:KV,noise,186,-0.04754638671875,False
533:colon:head:547:KV,noise,192,-0.0224609375,False
533:colon:head:547:KV,noise,196,-0.03271484375,False
533:colon:head:547:Q,noise,0,0.0028076171875,False
533:colon:head:547:Q,noise,16,-0.0800628662109375,False
533:colon:head:547:Q,noise,32,-0.0408782958984375,False
533:colon:head:547:Q,noise,48,-0.1716632843017578,False
533:colon:head:547:Q,noise,56,-0.06585693359375,False
533:colon:head:547:Q,noise,64,-0.01519775390625,False
533:colon:head:547:Q,noise,82,-0.03704833984375,False
533:colon:head:547:Q,noise,96,-0.1848888397216797,False
533:colon:head:547:Q,noise,98,-0.20672607421875,False
533:colon:head:547:Q,noise,102,-0.17548370361328125,False
533:colon:head:547:Q,noise,116,-0.1805419921875,False
533:colon:head:547:Q,noise,130,-0.029266357421875,False
533:colon:head:547:Q,noise,150,-0.070648193359375,False
533:colon:head:547:Q,noise,154,-0.240966796875,False
533:colon:head:547:Q,noise,162,-0.225341796875,False
533:colon:head:547:Q,noise,176,-0.19921875,False
533:colon:head:547:Q,noise,178,-0.0863037109375,False
533:colon:head:547:Q,noise,186,-0.2374267578125,False
533:colon:head:547:Q,noise,192,-0.02447509765625,False
533:colon:head:547:Q,noise,196,-0.06005859375,False
533:colon:head:561:KV,noise,0,0.05511474609375,False
533:colon:head:561:KV,noise,16,0.072509765625,False
533:colon:head:561:KV,noise,32,0.073822021484375,False
533:colon:head:561:KV,noise,48,0.15482330322265625,False
533:colon:head:561:KV,noise,56,0.1482696533203125,False
533:colon:head:561:KV,noise,64,-0.00567626953125,False
533:colon:head:561:KV,noise,82,0.22393798828125,False
533:colon:head:561:KV,noise,96,0.17360687255859375,False
533:colon:head:561:KV,noise,98,0.1871337890625,False
533:colon:head:561:KV,noise,102,0.16872882843017578,False
533:colon:head:561:KV,noise,116,0.454345703125,False
533:colon:head:561:KV,noise,130,0.0378875732421875,False
533:colon:head:561:KV,noise,150,0.068267822265625,False
533:colon:head:561:KV,noise,154,0.3271484375,False
533:colon:head:561:KV,noise,162,0.14794921875,False
533:colon:head:561:KV,noise,176,0.0836181640625,False
533:colon:head:561:KV,noise,178,0.2968711853027344,False
533:colon:head:561:KV,noise,186,0.349151611328125,False
533:colon:head:561:KV,noise,192,0.25433349609375,False
533:colon:head:561:KV,noise,196,0.015625,False
533:colon:head:561:Q,noise,0,-0.003692626953125,False
533:colon:head:561:Q,noise,16,0.0135345458984375,False
533:colon:head:561:Q,noise,32,-0.0214080810546875,False
533:colon:head:561:Q,noise,48,-0.037353515625,False
533:colon:head:561:Q,noise,56,0.03997802734375,False
533:colon:head:561:Q,noise,64,-0.0054931640625,False
533:colon:head:561:Q,noise,82,-0.0294189453125,False
533:colon:head:561:Q,noise,96,0.01099395751953125,False
533:colon:head:561:Q,noise,98,0.021697998046875,False
533:colon:head:561:Q,noise,102,0.0042877197265625,False
533:colon:head:561:Q,noise,116,-0.01824951171875,False
533:colon:head:561:Q,noise,130,0.0217437744140625,False
533:colon:head:561:Q,noise,150,0.035247802734375,False
533:colon:head:561:Q,noise,154,-0.039306640625,False
533:colon:head:561:Q,noise,162,0.007568359375,False
533:colon:head:561:Q,noise,176,0.0067138671875,False
533:colon:head:561:Q,noise,178,-0.04104900360107422,False
533:colon:head:561:Q,noise,186,-0.0015869140625,False
533:colon:head:561:Q,noise,192,-0.00860595703125,False
533:colon:head:561:Q,noise,196,0.0048828125,False
533:colon:head:568:KV,noise,0,-0.000701904296875,False
533:colon:head:568:KV,noise,16,-0.001617431640625,False
533:colon:head:568:KV,noise,32,0.0034637451171875,False
533:colon:head:568:KV,noise,48,0.0028533935546875,False
533:colon:head:568:KV,noise,56,-0.0005035400390625,False
533:colon:head:568:KV,noise,64,0.00244140625,False
533:colon:head:568:KV,noise,82,0.00018310546875,False
533:colon:head:568:KV,noise,96,-0.0017242431640625,False
533:colon:head:568:KV,noise,98,0.0028076171875,False
533:colon:head:568:KV,noise,102,0.0009918212890625,False
533:colon:head:568:KV,noise,116,-0.004638671875,False
533:colon:head:568:KV,noise,130,0.0002899169921875,False
533:colon:head:568:KV,noise,150,0.005462646484375,False
533:colon:head:568:KV,noise,154,0.0023193359375,False
533:colon:head:568:KV,noise,162,-0.00048828125,False
533:colon:head:568:KV,noise,176,-0.0025634765625,False
533:colon:head:568:KV,noise,178,0.001682281494140625,False
533:colon:head:568:KV,noise,186,-0.0050048828125,False
533:colon:head:568:KV,noise,192,-0.00396728515625,False
533:colon:head:568:KV,noise,196,-0.00048828125,False
533:colon:head:568:Q,noise,0,0.0020751953125,False
533:colon:head:568:Q,noise,16,0.0109710693359375,False
533:colon:head:568:Q,noise,32,0.005340576171875,False
533:colon:head:568:Q,noise,48,-0.00916290283203125,False
533:colon:head:568:Q,noise,56,0.004669189453125,False
533:colon:head:568:Q,noise,64,0.01031494140625,False
533:colon:head:568:Q,noise,82,-0.0009765625,False
533:colon:head:568:Q,noise,96,0.0057373046875,False
533:colon:head:568:Q,noise,98,0.000335693359375,False
533:colon:head:568:Q,noise,102,0.02024078369140625,False
533:colon:head:568:Q,noise,116,0.00860595703125,False
533:colon:head:568:Q,noise,130,-0.000640869140625,False
533:colon:head:568:Q,noise,150,0.00238037109375,False
533:colon:head:568:Q,noise,154,-0.00347900390625,False
533:colon:head:568:Q,noise,162,0.0029296875,False
533:colon:head:568:Q,noise,176,-0.0069580078125,False
533:colon:head:568:Q,noise,178,-0.0036773681640625,False
533:colon:head:568:Q,noise,186,-0.0006103515625,False
533:colon:head:568:Q,noise,192,0.00762939453125,False
533:colon:head:568:Q,noise,196,-0.00634765625,False
533:colon:head:594:KV,noise,0,0.001129150390625,False
533:colon:head:594:KV,noise,16,-0.0008544921875,False
533:colon:head:594:KV,noise,32,0.002044677734375,False
533:colon:head:594:KV,noise,48,0.0029296875,False
533:colon:head:594:KV,noise,56,0.00042724609375,False
533:colon:head:594:KV,noise,64,0.000732421875,False
533:colon:head:594:KV,noise,82,0.00286865234375,False
533:colon:head:594:KV,noise,96,-0.0014190673828125,False
533:colon:head:594:KV,noise,98,-0.0025634765625,False
533:colon:head:594:KV,noise,102,0.0031585693359375,False
533:colon:head:594:KV,noise,116,-0.00262451171875,False
533:colon:head:594:KV,noise,130,0.0003509521484375,False
533:colon:head:594:KV,noise,150,0.001678466796875,False
533:colon:head:594:KV,noise,154,0.0013427734375,False
533:colon:head:594:KV,noise,162,0.00048828125,False
533:colon:head:594:KV,noise,176,-0.0001220703125,False
533:colon:head:594:KV,noise,178,-0.00406646728515625,False
533:colon:head:594:KV,noise,186,0.00140380859375,False
533:colon:head:594:KV,noise,192,-0.00494384765625,False
533:colon:head:594:KV,noise,196,-0.00048828125,False
533:colon:head:594:Q,noise,0,0.097625732421875,False
533:colon:head:594:Q,noise,16,0.300750732421875,False
533:colon:head:594:Q,noise,32,0.318756103515625,False
533:colon:head:594:Q,noise,48,0.213287353515625,False
533:colon:head:594:Q,noise,56,0.333038330078125,False
533:colon:head:594:Q,noise,64,0.02313232421875,False
533:colon:head:594:Q,noise,82,0.1302490234375,False
533:colon:head:594:Q,noise,96,0.5405197143554688,False
533:colon:head:594:Q,noise,98,0.4737548828125,False
533:colon:head:594:Q,noise,102,0.47066497802734375,False
533:colon:head:594:Q,noise,116,0.74822998046875,False
533:colon:head:594:Q,noise,130,0.1277008056640625,False
533:colon:head:594:Q,noise,150,0.175537109375,False
533:colon:head:594:Q,noise,154,0.51483154296875,False
533:colon:head:594:Q,noise,162,0.44677734375,False
533:colon:head:594:Q,noise,176,0.588623046875,False
533:colon:head:594:Q,noise,178,0.4458122253417969,False
533:colon:head:594:Q,noise,186,0.5257568359375,False
533:colon:head:594:Q,noise,192,0.4683837890625,False
533:colon:head:594:Q,noise,196,0.1357421875,False
533:colon:head:595:KV,noise,0,0.000823974609375,False
533:colon:head:595:KV,noise,16,-0.0019073486328125,False
533:colon:head:595:KV,noise,32,0.0032958984375,False
533:colon:head:595:KV,noise,48,0.00437164306640625,False
533:colon:head:595:KV,noise,56,-0.00018310546875,False
533:colon:head:595:KV,noise,64,0.00177001953125,False
533:colon:head:595:KV,noise,82,0.0035400390625,False
533:colon:head:595:KV,noise,96,-0.00077056884765625,False
533:colon:head:595:KV,noise,98,-0.003326416015625,False
533:colon:head:595:KV,noise,102,0.001129150390625,False
533:colon:head:595:KV,noise,116,0.00018310546875,False
533:colon:head:595:KV,noise,130,-0.0063629150390625,False
533:colon:head:595:KV,noise,150,0.001373291015625,False
533:colon:head:595:KV,noise,154,0.00286865234375,False
533:colon:head:595:KV,noise,162,0.001953125,False
533:colon:head:595:KV,noise,176,0.0001220703125,False
533:colon:head:595:KV,noise,178,-0.00018310546875,False
533:colon:head:595:KV,noise,186,-0.0010986328125,False
533:colon:head:595:KV,noise,192,-0.0050048828125,False
533:colon:head:595:KV,noise,196,-0.00244140625,False
533:colon:head:595:Q,noise,0,0.051666259765625,False
533:colon:head:595:Q,noise,16,0.26392364501953125,False
533:colon:head:595:Q,noise,32,0.1922607421875,False
533:colon:head:595:Q,noise,48,0.075714111328125,False
533:colon:head:595:Q,noise,56,0.094268798828125,False
533:colon:head:595:Q,noise,64,-0.05322265625,False
533:colon:head:595:Q,noise,82,0.21441650390625,False
533:colon:head:595:Q,noise,96,0.31316375732421875,False
533:colon:head:595:Q,noise,98,0.3646087646484375,False
533:colon:head:595:Q,noise,102,0.3127899169921875,False
533:colon:head:595:Q,noise,116,0.4876708984375,False
533:colon:head:595:Q,noise,130,0.1023101806640625,False
533:colon:head:595:Q,noise,150,0.07489013671875,False
533:colon:head:595:Q,noise,154,0.35137939453125,False
533:colon:head:595:Q,noise,162,0.20556640625,False
533:colon:head:595:Q,noise,176,0.197998046875,False
533:colon:head:595:Q,noise,178,0.3864860534667969,False
533:colon:head:595:Q,noise,186,0.3111572265625,False
533:colon:head:595:Q,noise,192,0.301513671875,False
533:colon:head:595:Q,noise,196,0.07958984375,False
533:colon:head:600:KV,noise,0,-0.000732421875,False
533:colon:head:600:KV,noise,16,0.0009002685546875,False
533:colon:head:600:KV,noise,32,-0.0027008056640625,False
533:colon:head:600:KV,noise,48,0.0017852783203125,False
533:colon:head:600:KV,noise,56,-0.004119873046875,False
533:colon:head:600:KV,noise,64,0.001220703125,False
533:colon:head:600:KV,noise,82,-0.00225830078125,False
533:colon:head:600:KV,noise,96,-0.0002899169921875,False
533:colon:head:600:KV,noise,98,-0.00482177734375,False
533:colon:head:600:KV,noise,102,-0.00150299072265625,False
533:colon:head:600:KV,noise,116,-0.00567626953125,False
533:colon:head:600:KV,noise,130,-0.0029449462890625,False
533:colon:head:600:KV,noise,150,0.002532958984375,False
533:colon:head:600:KV,noise,154,0.00244140625,False
533:colon:head:600:KV,noise,162,0.004150390625,False
533:colon:head:600:KV,noise,176,-0.001708984375,False
533:colon:head:600:KV,noise,178,-0.009708404541015625,False
533:colon:head:600:KV,noise,186,-0.00390625,False
533:colon:head:600:KV,noise,192,-0.00238037109375,False
533:colon:head:600:KV,noise,196,0.0009765625,False
533:colon:head:600:Q,noise,0,-0.0084228515625,False
533:colon:head:600:Q,noise,16,-0.0546875,False
533:colon:head:600:Q,noise,32,0.0116424560546875,False
533:colon:head:600:Q,noise,48,-0.09183502197265625,False
533:colon:head:600:Q,noise,56,-0.069976806640625,False
533:colon:head:600:Q,noise,64,0.0150146484375,False
533:colon:head:600:Q,noise,82,-0.05535888671875,False
533:colon:head:600:Q,noise,96,-0.05768585205078125,False
533:colon:head:600:Q,noise,98,-0.18389892578125,False
533:colon:head:600:Q,noise,102,0.00075531005859375,False
533:colon:head:600:Q,noise,116,-0.047119140625,False
533:colon:head:600:Q,noise,130,-0.0681915283203125,False
533:colon:head:600:Q,noise,150,-0.128509521484375,False
533:colon:head:600:Q,noise,154,-0.15106201171875,False
533:colon:head:600:Q,noise,162,-0.056884765625,False
533:colon:head:600:Q,noise,176,-0.1912841796875,False
533:colon:head:600:Q,noise,178,-0.24383163452148438,False
533:colon:head:600:Q,noise,186,-0.1116943359375,False
533:colon:head:600:Q,noise,192,-0.12933349609375,False
533:colon:head:600:Q,noise,196,-0.048828125,False
533:colon:head:624:KV,noise,0,0.003509521484375,False
533:colon:head:624:KV,noise,16,0.0001220703125,False
533:colon:head:624:KV,noise,32,-0.00494384765625,False
533:colon:head:624:KV,noise,48,0.002197265625,False
533:colon:head:624:KV,noise,56,-0.0023345947265625,False
533:colon:head:624:KV,noise,64,-0.0015869140625,False
533:colon:head:624:KV,noise,82,0.00372314453125,False
533:colon:head:624:KV,noise,96,0.0010833740234375,False
533:colon:head:624:KV,noise,98,-0.000244140625,False
533:colon:head:624:KV,noise,102,0.001251220703125,False
533:colon:head:624:KV,noise,116,-0.00341796875,False
533:colon:head:624:KV,noise,130,3.0517578125e-05,False
533:colon:head:624:KV,noise,150,0.0035400390625,False
533:colon:head:624:KV,noise,154,0.0010986328125,False
533:colon:head:624:KV,noise,162,0.0,False
533:colon:head:624:KV,noise,176,-0.0010986328125,False
533:colon:head:624:KV,noise,178,0.00159454345703125,False
533:colon:head:624:KV,noise,186,-0.00164794921875,False
533:colon:head:624:KV,noise,192,-0.001708984375,False
533:colon:head:624:KV,noise,196,0.00048828125,False
533:colon:head:624:Q,noise,0,-0.013702392578125,False
533:colon:head:624:Q,noise,16,-0.015411376953125,False
533:colon:head:624:Q,noise,32,-0.010009765625,False
533:colon:head:624:Q,noise,48,-0.05187225341796875,False
533:colon:head:624:Q,noise,56,-0.0395050048828125,False
533:colon:head:624:Q,noise,64,0.006591796875,False
533:colon:head:624:Q,noise,82,-0.047119140625,False
533:colon:head:624:Q,noise,96,-0.03429412841796875,False
533:colon:head:624:Q,noise,98,-0.054534912109375,False
533:colon:head:624:Q,noise,102,-0.0059814453125,False
533:colon:head:624:Q,noise,116,-0.04620361328125,False
533:colon:head:624:Q,noise,130,-0.0580596923828125,False
533:colon:head:624:Q,noise,150,-0.028106689453125,False
533:colon:head:624:Q,noise,154,-0.05389404296875,False
533:colon:head:624:Q,noise,162,-0.04736328125,False
533:colon:head:624:Q,noise,176,-0.0372314453125,False
533:colon:head:624:Q,noise,178,-0.11107254028320312,False
533:colon:head:624:Q,noise,186,-0.03143310546875,False
533:colon:head:624:Q,noise,192,-0.05474853515625,False
533:colon:head:624:Q,noise,196,-0.025390625,False
533:colon:head:630:KV,noise,0,0.000946044921875,False
533:colon:head:630:KV,noise,16,-0.00103759765625,False
533:colon:head:630:KV,noise,32,0.00201416015625,False
533:colon:head:630:KV,noise,48,0.0026702880859375,False
533:colon:head:630:KV,noise,56,0.000335693359375,False
533:colon:head:630:KV,noise,64,-0.001220703125,False
533:colon:head:630:KV,noise,82,6.103515625e-05,False
533:colon:head:630:KV,noise,96,-0.001495361328125,False
533:colon:head:630:KV,noise,98,-0.0018310546875,False
533:colon:head:630:KV,noise,102,0.0001678466796875,False
533:colon:head:630:KV,noise,116,-0.00457763671875,False
533:colon:head:630:KV,noise,130,-0.0017547607421875,False
533:colon:head:630:KV,noise,150,0.000885009765625,False
533:colon:head:630:KV,noise,154,0.0006103515625,False
533:colon:head:630:KV,noise,162,-0.0009765625,False
533:colon:head:630:KV,noise,176,0.0008544921875,False
533:colon:head:630:KV,noise,178,-0.002811431884765625,False
533:colon:head:630:KV,noise,186,0.000732421875,False
533:colon:head:630:KV,noise,192,-0.0013427734375,False
533:colon:head:630:KV,noise,196,-0.0009765625,False
533:colon:head:630:Q,noise,0,0.00164794921875,False
533:colon:head:630:Q,noise,16,0.0113372802734375,False
533:colon:head:630:Q,noise,32,0.00836181640625,False
533:colon:head:630:Q,noise,48,0.0203857421875,False
533:colon:head:630:Q,noise,56,-0.0097198486328125,False
533:colon:head:630:Q,noise,64,-0.00457763671875,False
533:colon:head:630:Q,noise,82,0.01251220703125,False
533:colon:head:630:Q,noise,96,0.007537841796875,False
533:colon:head:630:Q,noise,98,0.008575439453125,False
533:colon:head:630:Q,noise,102,0.03365325927734375,False
533:colon:head:630:Q,noise,116,0.0045166015625,False
533:colon:head:630:Q,noise,130,0.0153350830078125,False
533:colon:head:630:Q,noise,150,-0.003753662109375,False
533:colon:head:630:Q,noise,154,0.00537109375,False
533:colon:head:630:Q,noise,162,-0.007080078125,False
533:colon:head:630:Q,noise,176,0.0093994140625,False
533:colon:head:630:Q,noise,178,-0.029628753662109375,False
533:colon:head:630:Q,noise,186,0.02459716796875,False
533:colon:head:630:Q,noise,192,0.00390625,False
533:colon:head:630:Q,noise,196,0.00537109375,False
533:colon:head:641:KV,noise,0,0.000946044921875,False
533:colon:head:641:KV,noise,16,-0.00103759765625,False
533:colon:head:641:KV,noise,32,-0.002593994140625,False
533:colon:head:641:KV,noise,48,0.0014801025390625,False
533:colon:head:641:KV,noise,56,-0.00286865234375,False
533:colon:head:641:KV,noise,64,-0.00128173828125,False
533:colon:head:641:KV,noise,82,0.00433349609375,False
533:colon:head:641:KV,noise,96,-0.0017547607421875,False
533:colon:head:641:KV,noise,98,-0.001953125,False
533:colon:head:641:KV,noise,102,0.00052642822265625,False
533:colon:head:641:KV,noise,116,-0.00677490234375,False
533:colon:head:641:KV,noise,130,-0.001495361328125,False
533:colon:head:641:KV,noise,150,0.003997802734375,False
533:colon:head:641:KV,noise,154,0.000244140625,False
533:colon:head:641:KV,noise,162,0.000732421875,False
533:colon:head:641:KV,noise,176,0.00048828125,False
533:colon:head:641:KV,noise,178,-0.00327301025390625,False
533:colon:head:641:KV,noise,186,-0.00341796875,False
533:colon:head:641:KV,noise,192,-0.00262451171875,False
533:colon:head:641:KV,noise,196,0.0009765625,False
533:colon:head:641:Q,noise,0,-0.02398681640625,False
533:colon:head:641:Q,noise,16,-0.0106201171875,False
533:colon:head:641:Q,noise,32,0.0017547607421875,False
533:colon:head:641:Q,noise,48,-0.05030059814453125,False
533:colon:head:641:Q,noise,56,-0.0332794189453125,False
533:colon:head:641:Q,noise,64,0.00555419921875,False
533:colon:head:641:Q,noise,82,0.007080078125,False
533:colon:head:641:Q,noise,96,-0.12958526611328125,False
533:colon:head:641:Q,noise,98,-0.049835205078125,False
533:colon:head:641:Q,noise,102,-0.04848480224609375,False
533:colon:head:641:Q,noise,116,-0.0250244140625,False
533:colon:head:641:Q,noise,130,-0.0380096435546875,False
533:colon:head:641:Q,noise,150,-0.020416259765625,False
533:colon:head:641:Q,noise,154,-0.06707763671875,False
533:colon:head:641:Q,noise,162,-0.026611328125,False
533:colon:head:641:Q,noise,176,-0.0081787109375,False
533:colon:head:641:Q,noise,178,0.011020660400390625,False
533:colon:head:641:Q,noise,186,-0.010009765625,False
533:colon:head:641:Q,noise,192,-0.05230712890625,False
533:colon:head:641:Q,noise,196,-0.00732421875,False
533:colon:head:678:KV,noise,0,0.002655029296875,False
533:colon:head:678:KV,noise,16,0.0004119873046875,False
533:colon:head:678:KV,noise,32,-0.000732421875,False
533:colon:head:678:KV,noise,48,0.0006561279296875,False
533:colon:head:678:KV,noise,56,-0.002044677734375,False
533:colon:head:678:KV,noise,64,0.0008544921875,False
533:colon:head:678:KV,noise,82,0.00286865234375,False
533:colon:head:678:KV,noise,96,-0.00104522705078125,False
533:colon:head:678:KV,noise,98,-0.001708984375,False
533:colon:head:678:KV,noise,102,0.00121307373046875,False
533:colon:head:678:KV,noise,116,-0.00164794921875,False
533:colon:head:678:KV,noise,130,0.0018310546875,False
533:colon:head:678:KV,noise,150,0.0020751953125,False
533:colon:head:678:KV,noise,154,0.00103759765625,False
533:colon:head:678:KV,noise,162,0.002197265625,False
533:colon:head:678:KV,noise,176,-0.0001220703125,False
533:colon:head:678:KV,noise,178,-0.001796722412109375,False
533:colon:head:678:KV,noise,186,-0.00225830078125,False
533:colon:head:678:KV,noise,192,0.0003662109375,False
533:colon:head:678:KV,noise,196,0.00048828125,False
533:colon:head:678:Q,noise,0,0.0023193359375,False
533:colon:head:678:Q,noise,16,0.021881103515625,False
533:colon:head:678:Q,noise,32,-1.52587890625e-05,False
533:colon:head:678:Q,noise,48,0.00691986083984375,False
533:colon:head:678:Q,noise,56,0.0159454345703125,False
533:colon:head:678:Q,noise,64,-0.0028076171875,False
533:colon:head:678:Q,noise,82,0.01422119140625,False
533:colon:head:678:Q,noise,96,0.02074432373046875,False
533:colon:head:678:Q,noise,98,0.070770263671875,False
533:colon:head:678:Q,noise,102,0.0185089111328125,False
533:colon:head:678:Q,noise,116,0.00341796875,False
533:colon:head:678:Q,noise,130,-0.0074920654296875,False
533:colon:head:678:Q,noise,150,0.003204345703125,False
533:colon:head:678:Q,noise,154,0.0362548828125,False
533:colon:head:678:Q,noise,162,0.017822265625,False
533:colon:head:678:Q,noise,176,0.017578125,False
533:colon:head:678:Q,noise,178,0.022151947021484375,False
533:colon:head:678:Q,noise,186,0.0001220703125,False
533:colon:head:678:Q,noise,192,0.0306396484375,False
533:colon:head:678:Q,noise,196,0.00244140625,False
533:colon:head:690:KV,noise,0,0.0018310546875,False
533:colon:head:690:KV,noise,16,-0.001129150390625,False
533:colon:head:690:KV,noise,32,-0.00225830078125,False
533:colon:head:690:KV,noise,48,0.001556396484375,False
533:colon:head:690:KV,noise,56,-0.0030975341796875,False
533:colon:head:690:KV,noise,64,0.00146484375,False
533:colon:head:690:KV,noise,82,0.00152587890625,False
533:colon:head:690:KV,noise,96,-0.002349853515625,False
533:colon:head:690:KV,noise,98,0.000213623046875,False
533:colon:head:690:KV,noise,102,0.00333404541015625,False
533:colon:head:690:KV,noise,116,0.001220703125,False
533:colon:head:690:KV,noise,130,0.0021514892578125,False
533:colon:head:690:KV,noise,150,-0.0001220703125,False
533:colon:head:690:KV,noise,154,0.00054931640625,False
533:colon:head:690:KV,noise,162,0.000244140625,False
533:colon:head:690:KV,noise,176,-0.0025634765625,False
533:colon:head:690:KV,noise,178,0.001728057861328125,False
533:colon:head:690:KV,noise,186,0.001708984375,False
533:colon:head:690:KV,noise,192,-0.00067138671875,False
533:colon:head:690:KV,noise,196,0.0029296875,False
533:colon:head:690:Q,noise,0,0.017333984375,False
533:colon:head:690:Q,noise,16,0.01055908203125,False
533:colon:head:690:Q,noise,32,0.02435302734375,False
533:colon:head:690:Q,noise,48,0.01888275146484375,False
533:colon:head:690:Q,noise,56,0.0576934814453125,False
533:colon:head:690:Q,noise,64,-0.001708984375,False
533:colon:head:690:Q,noise,82,0.04595947265625,False
533:colon:head:690:Q,noise,96,0.00553131103515625,False
533:colon:head:690:Q,noise,98,0.03350830078125,False
533:colon:head:690:Q,noise,102,0.07952880859375,False
533:colon:head:690:Q,noise,116,0.0260009765625,False
533:colon:head:690:Q,noise,130,-0.01239013671875,False
533:colon:head:690:Q,noise,150,0.011016845703125,False
533:colon:head:690:Q,noise,154,0.0733642578125,False
533:colon:head:690:Q,noise,162,0.02587890625,False
533:colon:head:690:Q,noise,176,0.0150146484375,False
533:colon:head:690:Q,noise,178,0.07883453369140625,False
533:colon:head:690:Q,noise,186,0.01922607421875,False
533:colon:head:690:Q,noise,192,0.036865234375,False
533:colon:head:690:Q,noise,196,0.0068359375,False
533:colon:head:695:KV,noise,0,0.004241943359375,False
533:colon:head:695:KV,noise,16,0.0330810546875,False
533:colon:head:695:KV,noise,32,0.0292816162109375,False
533:colon:head:695:KV,noise,48,0.04039764404296875,False
533:colon:head:695:KV,noise,56,0.013275146484375,False
533:colon:head:695:KV,noise,64,-0.01708984375,False
533:colon:head:695:KV,noise,82,0.094482421875,False
533:colon:head:695:KV,noise,96,0.0665740966796875,False
533:colon:head:695:KV,noise,98,0.056671142578125,False
533:colon:head:695:KV,noise,102,0.063568115234375,False
533:colon:head:695:KV,noise,116,0.01165771484375,False
533:colon:head:695:KV,noise,130,0.031646728515625,False
533:colon:head:695:KV,noise,150,0.016845703125,False
533:colon:head:695:KV,noise,154,0.03070068359375,False
533:colon:head:695:KV,noise,162,0.061767578125,False
533:colon:head:695:KV,noise,176,0.020263671875,False
533:colon:head:695:KV,noise,178,0.061634063720703125,False
533:colon:head:695:KV,noise,186,0.05389404296875,False
533:colon:head:695:KV,noise,192,0.0447998046875,False
533:colon:head:695:KV,noise,196,0.0146484375,False
533:colon:head:695:Q,noise,0,0.002899169921875,False
533:colon:head:695:Q,noise,16,-0.0041046142578125,False
533:colon:head:695:Q,noise,32,0.0282440185546875,False
533:colon:head:695:Q,noise,48,0.00716400146484375,False
533:colon:head:695:Q,noise,56,0.01800537109375,False
533:colon:head:695:Q,noise,64,0.00262451171875,False
533:colon:head:695:Q,noise,82,0.0506591796875,False
533:colon:head:695:Q,noise,96,0.00211334228515625,False
533:colon:head:695:Q,noise,98,-0.006439208984375,False
533:colon:head:695:Q,noise,102,0.05699920654296875,False
533:colon:head:695:Q,noise,116,0.001708984375,False
533:colon:head:695:Q,noise,130,-0.00311279296875,False
533:colon:head:695:Q,noise,150,0.0194091796875,False
533:colon:head:695:Q,noise,154,0.00433349609375,False
533:colon:head:695:Q,noise,162,0.02490234375,False
533:colon:head:695:Q,noise,176,0.0020751953125,False
533:colon:head:695:Q,noise,178,0.041534423828125,False
533:colon:head:695:Q,noise,186,0.03887939453125,False
533:colon:head:695:Q,noise,192,-0.00701904296875,False
533:colon:head:695:Q,noise,196,0.0126953125,False
533:colon:head:709:KV,noise,0,0.000335693359375,False
533:colon:head:709:KV,noise,16,-0.000396728515625,False
533:colon:head:709:KV,noise,32,-0.002838134765625,False
533:colon:head:709:KV,noise,48,0.00055694580078125,False
533:colon:head:709:KV,noise,56,-0.0027008056640625,False
533:colon:head:709:KV,noise,64,-0.0008544921875,False
533:colon:head:709:KV,noise,82,0.00152587890625,False
533:colon:head:709:KV,noise,96,-0.00321197509765625,False
533:colon:head:709:KV,noise,98,-0.00250244140625,False
533:colon:head:709:KV,noise,102,-0.00049591064453125,False
533:colon:head:709:KV,noise,116,-0.001220703125,False
533:colon:head:709:KV,noise,130,0.00457763671875,False
533:colon:head:709:KV,noise,150,0.000457763671875,False
533:colon:head:709:KV,noise,154,0.000244140625,False
533:colon:head:709:KV,noise,162,0.002685546875,False
533:colon:head:709:KV,noise,176,-0.0006103515625,False
533:colon:head:709:KV,noise,178,0.000423431396484375,False
533:colon:head:709:KV,noise,186,-0.00335693359375,False
533:colon:head:709:KV,noise,192,-0.00408935546875,False
533:colon:head:709:KV,noise,196,-0.00048828125,False
533:colon:head:709:Q,noise,0,0.010284423828125,False
533:colon:head:709:Q,noise,16,0.0846710205078125,False
533:colon:head:709:Q,noise,32,0.0664520263671875,False
533:colon:head:709:Q,noise,48,0.070892333984375,False
533:colon:head:709:Q,noise,56,0.1360626220703125,False
533:colon:head:709:Q,noise,64,0.0045166015625,False
533:colon:head:709:Q,noise,82,0.064208984375,False
533:colon:head:709:Q,noise,96,0.1204071044921875,False
533:colon:head:709:Q,noise,98,0.07525634765625,False
533:colon:head:709:Q,noise,102,0.0722198486328125,False
533:colon:head:709:Q,noise,116,0.09466552734375,False
533:colon:head:709:Q,noise,130,0.074127197265625,False
533:colon:head:709:Q,noise,150,0.040679931640625,False
533:colon:head:709:Q,noise,154,0.16143798828125,False
533:colon:head:709:Q,noise,162,0.114990234375,False
533:colon:head:709:Q,noise,176,0.0806884765625,False
533:colon:head:709:Q,noise,178,0.24041366577148438,False
533:colon:head:709:Q,noise,186,0.12957763671875,False
533:colon:head:709:Q,noise,192,0.13348388671875,False
533:colon:head:709:Q,noise,196,0.05517578125,False
533:colon:head:751:KV,noise,0,0.001739501953125,False
533:colon:head:751:KV,noise,16,0.000732421875,False
533:colon:head:751:KV,noise,32,-0.001434326171875,False
533:colon:head:751:KV,noise,48,0.00157928466796875,False
533:colon:head:751:KV,noise,56,-0.0025787353515625,False
533:colon:head:751:KV,noise,64,0.00048828125,False
533:colon:head:751:KV,noise,82,0.0008544921875,False
533:colon:head:751:KV,noise,96,0.00167083740234375,False
533:colon:head:751:KV,noise,98,-0.001678466796875,False
533:colon:head:751:KV,noise,102,-0.00014495849609375,False
533:colon:head:751:KV,noise,116,0.0,False
533:colon:head:751:KV,noise,130,0.0008392333984375,False
533:colon:head:751:KV,noise,150,-0.000396728515625,False
533:colon:head:751:KV,noise,154,0.001953125,False
533:colon:head:751:KV,noise,162,0.00048828125,False
533:colon:head:751:KV,noise,176,-0.0029296875,False
533:colon:head:751:KV,noise,178,-0.00067138671875,False
533:colon:head:751:KV,noise,186,-0.00152587890625,False
533:colon:head:751:KV,noise,192,-0.00128173828125,False
533:colon:head:751:KV,noise,196,0.00048828125,False
533:colon:head:751:Q,noise,0,-0.0076904296875,False
533:colon:head:751:Q,noise,16,-0.0085296630859375,False
533:colon:head:751:Q,noise,32,0.001495361328125,False
533:colon:head:751:Q,noise,48,-0.012298583984375,False
533:colon:head:751:Q,noise,56,-0.0205230712890625,False
533:colon:head:751:Q,noise,64,-0.0009765625,False
533:colon:head:751:Q,noise,82,-0.0072021484375,False
533:colon:head:751:Q,noise,96,-0.02693939208984375,False
533:colon:head:751:Q,noise,98,-0.01458740234375,False
533:colon:head:751:Q,noise,102,-0.0058746337890625,False
533:colon:head:751:Q,noise,116,-0.01959228515625,False
533:colon:head:751:Q,noise,130,-0.0118560791015625,False
533:colon:head:751:Q,noise,150,-0.008209228515625,False
533:colon:head:751:Q,noise,154,-0.01824951171875,False
533:colon:head:751:Q,noise,162,-0.01171875,False
533:colon:head:751:Q,noise,176,-0.00244140625,False
533:colon:head:751:Q,noise,178,0.007913589477539062,False
533:colon:head:751:Q,noise,186,-0.01025390625,False
533:colon:head:751:Q,noise,192,-0.01220703125,False
533:colon:head:751:Q,noise,196,0.0009765625,False
533:colon:head:787:KV,noise,0,0.00140380859375,False
533:colon:head:787:KV,noise,16,0.0001373291015625,False
533:colon:head:787:KV,noise,32,0.005950927734375,False
533:colon:head:787:KV,noise,48,0.00250244140625,False
533:colon:head:787:KV,noise,56,-0.000701904296875,False
533:colon:head:787:KV,noise,64,-0.0013427734375,False
533:colon:head:787:KV,noise,82,0.00146484375,False
533:colon:head:787:KV,noise,96,-0.00262451171875,False
533:colon:head:787:KV,noise,98,-0.00238037109375,False
533:colon:head:787:KV,noise,102,-9.1552734375e-05,False
533:colon:head:787:KV,noise,116,-0.00146484375,False
533:colon:head:787:KV,noise,130,-0.00274658203125,False
533:colon:head:787:KV,noise,150,0.001312255859375,False
533:colon:head:787:KV,noise,154,0.0013427734375,False
533:colon:head:787:KV,noise,162,-0.001708984375,False
533:colon:head:787:KV,noise,176,0.0025634765625,False
533:colon:head:787:KV,noise,178,-0.002971649169921875,False
533:colon:head:787:KV,noise,186,-0.00067138671875,False
533:colon:head:787:KV,noise,192,-0.00048828125,False
533:colon:head:787:KV,noise,196,0.0009765625,False
533:colon:head:787:Q,noise,0,0.01690673828125,False
533:colon:head:787:Q,noise,16,0.0086669921875,False
533:colon:head:787:Q,noise,32,0.0163116455078125,False
533:colon:head:787:Q,noise,48,0.03360748291015625,False
533:colon:head:787:Q,noise,56,0.017608642578125,False
533:colon:head:787:Q,noise,64,-0.00091552734375,False
533:colon:head:787:Q,noise,82,0.035400390625,False
533:colon:head:787:Q,noise,96,0.05035400390625,False
533:colon:head:787:Q,noise,98,0.059356689453125,False
533:colon:head:787:Q,noise,102,0.0229644775390625,False
533:colon:head:787:Q,noise,116,0.0157470703125,False
533:colon:head:787:Q,noise,130,0.012298583984375,False
533:colon:head:787:Q,noise,150,0.03857421875,False
533:colon:head:787:Q,noise,154,0.05657958984375,False
533:colon:head:787:Q,noise,162,0.01416015625,False
533:colon:head:787:Q,noise,176,0.029541015625,False
533:colon:head:787:Q,noise,178,0.0308685302734375,False
533:colon:head:787:Q,noise,186,0.0343017578125,False
533:colon:head:787:Q,noise,192,0.029296875,False
533:colon:head:787:Q,noise,196,0.01806640625,False
533:colon:head:817:KV,noise,0,0.006072998046875,False
533:colon:head:817:KV,noise,16,0.0140533447265625,False
533:colon:head:817:KV,noise,32,-0.0027923583984375,False
533:colon:head:817:KV,noise,48,0.0096893310546875,False
533:colon:head:817:KV,noise,56,0.0175323486328125,False
533:colon:head:817:KV,noise,64,0.00115966796875,False
533:colon:head:817:KV,noise,82,0.017822265625,False
533:colon:head:817:KV,noise,96,0.0265350341796875,False
533:colon:head:817:KV,noise,98,0.010467529296875,False
533:colon:head:817:KV,noise,102,0.00786590576171875,False
533:colon:head:817:KV,noise,116,0.0137939453125,False
533:colon:head:817:KV,noise,130,0.0102081298828125,False
533:colon:head:817:KV,noise,150,0.00927734375,False
533:colon:head:817:KV,noise,154,0.00494384765625,False
533:colon:head:817:KV,noise,162,0.002685546875,False
533:colon:head:817:KV,noise,176,0.009033203125,False
533:colon:head:817:KV,noise,178,0.004852294921875,False
533:colon:head:817:KV,noise,186,0.00750732421875,False
533:colon:head:817:KV,noise,192,0.00592041015625,False
533:colon:head:817:KV,noise,196,0.00244140625,False
533:colon:head:817:Q,noise,0,0.00311279296875,False
533:colon:head:817:Q,noise,16,-0.00128173828125,False
533:colon:head:817:Q,noise,32,0.00164794921875,False
533:colon:head:817:Q,noise,48,0.0048828125,False
533:colon:head:817:Q,noise,56,0.0069732666015625,False
533:colon:head:817:Q,noise,64,-0.00140380859375,False
533:colon:head:817:Q,noise,82,0.00091552734375,False
533:colon:head:817:Q,noise,96,-0.0057220458984375,False
533:colon:head:817:Q,noise,98,0.00054931640625,False
533:colon:head:817:Q,noise,102,-0.00461578369140625,False
533:colon:head:817:Q,noise,116,-0.0006103515625,False
533:colon:head:817:Q,noise,130,0.0008087158203125,False
533:colon:head:817:Q,noise,150,-0.000732421875,False
533:colon:head:817:Q,noise,154,0.0025634765625,False
533:colon:head:817:Q,noise,162,-0.000244140625,False
533:colon:head:817:Q,noise,176,0.0025634765625,False
533:colon:head:817:Q,noise,178,-0.007015228271484375,False
533:colon:head:817:Q,noise,186,-0.00665283203125,False
533:colon:head:817:Q,noise,192,-0.00579833984375,False
533:colon:head:817:Q,noise,196,-0.00537109375,False
533:colon:head:855:KV,noise,0,0.002349853515625,False
533:colon:head:855:KV,noise,16,-0.0010223388671875,False
533:colon:head:855:KV,noise,32,0.0011749267578125,False
533:colon:head:855:KV,noise,48,9.1552734375e-05,False
533:colon:head:855:KV,noise,56,0.000335693359375,False
533:colon:head:855:KV,noise,64,0.0003662109375,False
533:colon:head:855:KV,noise,82,0.001708984375,False
533:colon:head:855:KV,noise,96,-0.0020751953125,False
533:colon:head:855:KV,noise,98,-0.0006103515625,False
533:colon:head:855:KV,noise,102,0.001312255859375,False
533:colon:head:855:KV,noise,116,-0.00128173828125,False
533:colon:head:855:KV,noise,130,-0.00054931640625,False
533:colon:head:855:KV,noise,150,0.00244140625,False
533:colon:head:855:KV,noise,154,0.00030517578125,False
533:colon:head:855:KV,noise,162,0.00048828125,False
533:colon:head:855:KV,noise,176,-0.000732421875,False
533:colon:head:855:KV,noise,178,-0.001384735107421875,False
533:colon:head:855:KV,noise,186,-0.001953125,False
533:colon:head:855:KV,noise,192,-6.103515625e-05,False
533:colon:head:855:KV,noise,196,0.001953125,False
533:colon:head:855:Q,noise,0,-0.000152587890625,False
533:colon:head:855:Q,noise,16,0.0020294189453125,False
533:colon:head:855:Q,noise,32,-0.0072479248046875,False
533:colon:head:855:Q,noise,48,0.00302886962890625,False
533:colon:head:855:Q,noise,56,-0.0086517333984375,False
533:colon:head:855:Q,noise,64,-0.0015869140625,False
533:colon:head:855:Q,noise,82,0.0015869140625,False
533:colon:head:855:Q,noise,96,-0.0071563720703125,False
533:colon:head:855:Q,noise,98,-0.000274658203125,False
533:colon:head:855:Q,noise,102,-0.004276275634765625,False
533:colon:head:855:Q,noise,116,0.00067138671875,False
533:colon:head:855:Q,noise,130,-0.003173828125,False
533:colon:head:855:Q,noise,150,-0.00341796875,False
533:colon:head:855:Q,noise,154,-0.003662109375,False
533:colon:head:855:Q,noise,162,-0.000732421875,False
533:colon:head:855:Q,noise,176,0.0025634765625,False
533:colon:head:855:Q,noise,178,-0.01216888427734375,False
533:colon:head:855:Q,noise,186,-0.00323486328125,False
533:colon:head:855:Q,noise,192,-0.00738525390625,False
533:colon:head:855:Q,noise,196,-0.0009765625,False
533:colon:head:870:KV,noise,0,-0.00048828125,False
533:colon:head:870:KV,noise,16,-0.000396728515625,False
533:colon:head:870:KV,noise,32,-0.0025482177734375,False
533:colon:head:870:KV,noise,48,-0.000213623046875,False
533:colon:head:870:KV,noise,56,-0.004180908203125,False
533:colon:head:870:KV,noise,64,0.000732421875,False
533:colon:head:870:KV,noise,82,0.0020751953125,False
533:colon:head:870:KV,noise,96,0.00191497802734375,False
533:colon:head:870:KV,noise,98,-0.001251220703125,False
533:colon:head:870:KV,noise,102,0.0004425048828125,False
533:colon:head:870:KV,noise,116,-0.00213623046875,False
533:colon:head:870:KV,noise,130,-0.000762939453125,False
533:colon:head:870:KV,noise,150,0.001983642578125,False
533:colon:head:870:KV,noise,154,-0.0010986328125,False
533:colon:head:870:KV,noise,162,-0.0009765625,False
533:colon:head:870:KV,noise,176,-0.000732421875,False
533:colon:head:870:KV,noise,178,0.000553131103515625,False
533:colon:head:870:KV,noise,186,-0.00091552734375,False
533:colon:head:870:KV,noise,192,-0.00054931640625,False
533:colon:head:870:KV,noise,196,0.0009765625,False
533:colon:head:870:Q,noise,0,0.00042724609375,False
533:colon:head:870:Q,noise,16,0.0460052490234375,False
533:colon:head:870:Q,noise,32,-0.0042572021484375,False
533:colon:head:870:Q,noise,48,0.0914459228515625,False
533:colon:head:870:Q,noise,56,0.1805877685546875,False
533:colon:head:870:Q,noise,64,-0.00091552734375,False
533:colon:head:870:Q,noise,82,-0.01123046875,False
533:colon:head:870:Q,noise,96,0.014333724975585938,False
533:colon:head:870:Q,noise,98,0.080963134765625,False
533:colon:head:870:Q,noise,102,0.0147705078125,False
533:colon:head:870:Q,noise,116,0.05963134765625,False
533:colon:head:870:Q,noise,130,0.1052398681640625,False
533:colon:head:870:Q,noise,150,-0.00018310546875,False
533:colon:head:870:Q,noise,154,0.03912353515625,False
533:colon:head:870:Q,noise,162,0.075439453125,False
533:colon:head:870:Q,noise,176,0.048828125,False
533:colon:head:870:Q,noise,178,0.08170223236083984,False
533:colon:head:870:Q,noise,186,0.01629638671875,False
533:colon:head:870:Q,noise,192,0.10552978515625,False
533:colon:head:870:Q,noise,196,0.02197265625,False
533:colon:head:973:KV,noise,0,0.000274658203125,False
533:colon:head:973:KV,noise,16,0.0031280517578125,False
533:colon:head:973:KV,noise,32,0.00311279296875,False
533:colon:head:973:KV,noise,48,-6.103515625e-05,False
533:colon:head:973:KV,noise,56,0.00042724609375,False
533:colon:head:973:KV,noise,64,0.00445556640625,False
533:colon:head:973:KV,noise,82,0.0186767578125,False
533:colon:head:973:KV,noise,96,0.00174713134765625,False
533:colon:head:973:KV,noise,98,0.0008544921875,False
533:colon:head:973:KV,noise,102,-0.00020599365234375,False
533:colon:head:973:KV,noise,116,0.00274658203125,False
533:colon:head:973:KV,noise,130,0.0003509521484375,False
533:colon:head:973:KV,noise,150,0.0009765625,False
533:colon:head:973:KV,noise,154,-0.00067138671875,False
533:colon:head:973:KV,noise,162,-0.0009765625,False
533:colon:head:973:KV,noise,176,-0.00244140625,False
533:colon:head:973:KV,noise,178,0.006927490234375,False
533:colon:head:973:KV,noise,186,0.00201416015625,False
533:colon:head:973:KV,noise,192,-0.00067138671875,False
533:colon:head:973:KV,noise,196,0.00048828125,False
533:colon:head:973:Q,noise,0,0.000701904296875,False
533:colon:head:973:Q,noise,16,0.0066070556640625,False
533:colon:head:973:Q,noise,32,0.0074920654296875,False
533:colon:head:973:Q,noise,48,-0.00174713134765625,False
533:colon:head:973:Q,noise,56,-0.01251220703125,False
533:colon:head:973:Q,noise,64,-0.0010986328125,False
533:colon:head:973:Q,noise,82,0.0257568359375,False
533:colon:head:973:Q,noise,96,-0.00347900390625,False
533:colon:head:973:Q,noise,98,0.007659912109375,False
533:colon:head:973:Q,noise,102,0.004974365234375,False
533:colon:head:973:Q,noise,116,0.0123291015625,False
533:colon:head:973:Q,noise,130,-0.007415771484375,False
533:colon:head:973:Q,noise,150,-0.000946044921875,False
533:colon:head:973:Q,noise,154,0.00897216796875,False
533:colon:head:973:Q,noise,162,0.00439453125,False
533:colon:head:973:Q,noise,176,0.0013427734375,False
533:colon:head:973:Q,noise,178,-0.0023956298828125,False
533:colon:head:973:Q,noise,186,0.00091552734375,False
533:colon:head:973:Q,noise,192,0.0042724609375,False
533:colon:head:973:Q,noise,196,-0.00537109375,False
533:colon:head:978:KV,noise,0,0.000701904296875,False
533:colon:head:978:KV,noise,16,0.0012969970703125,False
533:colon:head:978:KV,noise,32,0.000579833984375,False
533:colon:head:978:KV,noise,48,0.0029144287109375,False
533:colon:head:978:KV,noise,56,-0.0008087158203125,False
533:colon:head:978:KV,noise,64,-0.00140380859375,False
533:colon:head:978:KV,noise,82,0.0003662109375,False
533:colon:head:978:KV,noise,96,3.814697265625e-05,False
533:colon:head:978:KV,noise,98,-0.0013427734375,False
533:colon:head:978:KV,noise,102,-0.0003204345703125,False
533:colon:head:978:KV,noise,116,0.0,False
533:colon:head:978:KV,noise,130,-0.0012969970703125,False
533:colon:head:978:KV,noise,150,0.0013427734375,False
533:colon:head:978:KV,noise,154,0.0008544921875,False
533:colon:head:978:KV,noise,162,0.0,False
533:colon:head:978:KV,noise,176,-0.001220703125,False
533:colon:head:978:KV,noise,178,0.0010528564453125,False
533:colon:head:978:KV,noise,186,-0.00115966796875,False
533:colon:head:978:KV,noise,192,-0.0006103515625,False
533:colon:head:978:KV,noise,196,0.0,False
533:colon:head:978:Q,noise,0,0.000762939453125,False
533:colon:head:978:Q,noise,16,0.015869140625,False
533:colon:head:978:Q,noise,32,-0.00140380859375,False
533:colon:head:978:Q,noise,48,0.1288299560546875,False
533:colon:head:978:Q,noise,56,0.0515594482421875,False
533:colon:head:978:Q,noise,64,-0.01544189453125,False
533:colon:head:978:Q,noise,82,0.0675048828125,False
533:colon:head:978:Q,noise,96,0.01079559326171875,False
533:colon:head:978:Q,noise,98,0.0303955078125,False
533:colon:head:978:Q,noise,102,0.0675811767578125,False
533:colon:head:978:Q,noise,116,0.0518798828125,False
533:colon:head:978:Q,noise,130,0.0529022216796875,False
533:colon:head:978:Q,noise,150,0.032745361328125,False
533:colon:head:978:Q,noise,154,0.05169677734375,False
533:colon:head:978:Q,noise,162,0.021728515625,False
533:colon:head:978:Q,noise,176,0.0858154296875,False
533:colon:head:978:Q,noise,178,0.154327392578125,False
533:colon:head:978:Q,noise,186,0.06549072265625,False
533:colon:head:978:Q,noise,192,0.1070556640625,False
533:colon:head:978:Q,noise,196,0.0048828125,False
533:colon:mlp:16:,noise,0,-0.041900634765625,False
533:colon:mlp:16:,noise,16,-0.151092529296875,False
533:colon:mlp:16:,noise,32,-0.07232666015625,False
533:colon:mlp:16:,noise,48,-0.014251708984375,False
533:colon:mlp:16:,noise,56,-0.079498291015625,False
533:colon:mlp:16:,noise,64,0.06890869140625,False
533:colon:mlp:16:,noise,82,-0.00408935546875,False
533:colon:mlp:16:,noise,96,-0.17470550537109375,False
533:colon:mlp:16:,noise,98,-0.165740966796875,False
533:colon:mlp:16:,noise,102,-0.23227691650390625,False
533:colon:mlp:16:,noise,116,-0.1820068359375,False
533:colon:mlp:16:,noise,130,0.0086517333984375,False
533:colon:mlp:16:,noise,150,-0.034759521484375,False
533:colon:mlp:16:,noise,154,-0.08233642578125,False
533:colon:mlp:16:,noise,162,0.091064453125,False
533:colon:mlp:16:,noise,176,0.050048828125,False
533:colon:mlp:16:,noise,178,-0.11849784851074219,False
533:colon:mlp:16:,noise,186,-0.1326904296875,False
533:colon:mlp:16:,noise,192,-0.07073974609375,False
533:colon:mlp:16:,noise,196,-0.0341796875,False
533:colon:mlp:17:,noise,0,-0.01513671875,False
533:colon:mlp:17:,noise,16,-0.0490264892578125,False
533:colon:mlp:17:,noise,32,-0.0370025634765625,False
533:colon:mlp:17:,noise,48,-0.0424957275390625,False
533:colon:mlp:17:,noise,56,-0.0449371337890625,False
533:colon:mlp:17:,noise,64,-0.0279541015625,False
533:colon:mlp:17:,noise,82,-0.0277099609375,False
533:colon:mlp:17:,noise,96,-0.168426513671875,False
533:colon:mlp:17:,noise,98,-0.026275634765625,False
533:colon:mlp:17:,noise,102,-0.02274322509765625,False
533:colon:mlp:17:,noise,116,-0.0272216796875,False
533:colon:mlp:17:,noise,130,-0.008148193359375,False
533:colon:mlp:17:,noise,150,0.0145263671875,False
533:colon:mlp:17:,noise,154,0.0150146484375,False
533:colon:mlp:17:,noise,162,-0.069091796875,False
533:colon:mlp:17:,noise,176,-0.03759765625,False
533:colon:mlp:17:,noise,178,-0.03936004638671875,False
533:colon:mlp:17:,noise,186,0.00897216796875,False
533:colon:mlp:17:,noise,192,-0.08746337890625,False
533:colon:mlp:17:,noise,196,-0.0048828125,False
545:query_is_token:head:594:K,noise,0,0.0137939453125,False
545:query_is_token:head:594:K,noise,16,-0.055389404296875,False
545:query_is_token:head:594:K,noise,32,0.11305999755859375,False
545:query_is_token:head:594:K,noise,48,-0.00583648681640625,False
545:query_is_token:head:594:K,noise,56,-0.000152587890625,False
545:query_is_token:head:594:K,noise,64,0.04302978515625,False
545:query_is_token:head:594:K,noise,82,0.0211181640625,False
545:query_is_token:head:594:K,noise,96,-0.02989959716796875,False
545:query_is_token:head:594:K,noise,98,-0.1065673828125,False
545:query_is_token:head:594:K,noise,102,-0.07909393310546875,False
545:query_is_token:head:594:K,noise,116,-0.06671142578125,False
545:query_is_token:head:594:K,noise,130,-0.035186767578125,False
545:query_is_token:head:594:K,noise,150,0.01568603515625,False
545:query_is_token:head:594:K,noise,154,-0.11236572265625,False
545:query_is_token:head:594:K,noise,162,0.009521484375,False
545:query_is_token:head:594:K,noise,176,-0.006591796875,False
545:query_is_token:head:594:K,noise,178,-0.08656978607177734,False
545:query_is_token:head:594:K,noise,186,-0.02825927734375,False
545:query_is_token:head:594:K,noise,192,-0.03472900390625,False
545:query_is_token:head:594:K,noise,196,-0.01171875,False
545:query_is_token:head:594:V,noise,0,0.5198974609375,False
545:query_is_token:head:594:V,noise,16,1.0392446517944336,False
545:query_is_token:head:594:V,noise,32,1.6919403076171875,False
545:query_is_token:head:594:V,noise,48,0.570770263671875,False
545:query_is_token:head:594:V,noise,56,0.407012939453125,False
545:query_is_token:head:594:V,noise,64,0.755859375,False
545:query_is_token:head:594:V,noise,82,0.47271728515625,False
545:query_is_token:head:594:V,noise,96,1.0698623657226562,False
545:query_is_token:head:594:V,noise,98,1.47467041015625,False
545:query_is_token:head:594:V,noise,102,0.9490890502929688,False
545:query_is_token:head:594:V,noise,116,1.11834716796875,False
545:query_is_token:head:594:V,noise,130,1.0244674682617188,False
545:query_is_token:head:594:V,noise,150,0.507843017578125,False
545:query_is_token:head:594:V,noise,154,0.7247314453125,False
545:query_is_token:head:594:V,noise,162,1.48095703125,False
545:query_is_token:head:594:V,noise,176,1.675048828125,False
545:query_is_token:head:594:V,noise,178,0.7328605651855469,False
545:query_is_token:head:594:V,noise,186,1.0467529296875,False
545:query_is_token:head:594:V,noise,192,0.98870849609375,False
545:query_is_token:head:594:V,noise,196,0.943359375,False
545:query_is_token:head:595:K,noise,0,0.016815185546875,False
545:query_is_token:head:595:K,noise,16,0.0182342529296875,False
545:query_is_token:head:595:K,noise,32,0.0485992431640625,False
545:query_is_token:head:595:K,noise,48,-0.00658416748046875,False
545:query_is_token:head:595:K,noise,56,0.020477294921875,False
545:query_is_token:head:595:K,noise,64,-0.0008544921875,False
545:query_is_token:head:595:K,noise,82,0.04510498046875,False
545:query_is_token:head:595:K,noise,96,-0.0294189453125,False
545:query_is_token:head:595:K,noise,98,-0.09539794921875,False
545:query_is_token:head:595:K,noise,102,-0.004364013671875,False
545:query_is_token:head:595:K,noise,116,-0.05029296875,False
545:query_is_token:head:595:K,noise,130,-0.0157318115234375,False
545:query_is_token:head:595:K,noise,150,0.00531005859375,False
545:query_is_token:head:595:K,noise,154,-0.12176513671875,False
545:query_is_token:head:595:K,noise,162,0.04150390625,False
545:query_is_token:head:595:K,noise,176,-0.051513671875,False
545:query_is_token:head:595:K,noise,178,-0.038745880126953125,False
545:query_is_token:head:595:K,noise,186,-0.00274658203125,False
545:query_is_token:head:595:K,noise,192,-0.05548095703125,False
545:query_is_token:head:595:K,noise,196,-0.0126953125,False
545:query_is_token:head:595:V,noise,0,0.617431640625,False
545:query_is_token:head:595:V,noise,16,0.6197280883789062,False
545:query_is_token:head:595:V,noise,32,0.8896560668945312,False
545:query_is_token:head:595:V,noise,48,0.875732421875,False
545:query_is_token:head:595:V,noise,56,0.8733062744140625,False
545:query_is_token:head:595:V,noise,64,0.56134033203125,False
545:query_is_token:head:595:V,noise,82,0.64483642578125,False
545:query_is_token:head:595:V,noise,96,1.0490341186523438,False
545:query_is_token:head:595:V,noise,98,0.9057083129882812,False
545:query_is_token:head:595:V,noise,102,1.3752975463867188,False
545:query_is_token:head:595:V,noise,116,1.20135498046875,False
545:query_is_token:head:595:V,noise,130,0.98468017578125,False
545:query_is_token:head:595:V,noise,150,0.267974853515625,False
545:query_is_token:head:595:V,noise,154,0.53680419921875,False
545:query_is_token:head:595:V,noise,162,1.621337890625,False
545:query_is_token:head:595:V,noise,176,1.92529296875,False
545:query_is_token:head:595:V,noise,178,0.4937629699707031,False
545:query_is_token:head:595:V,noise,186,0.72784423828125,False
545:query_is_token:head:595:V,noise,192,1.26495361328125,False
545:query_is_token:head:595:V,noise,196,0.85986328125,False
545:query_is_token:head:600:K,noise,0,0.009063720703125,False
545:query_is_token:head:600:K,noise,16,-0.02581787109375,False
545:query_is_token:head:600:K,noise,32,0.0409088134765625,False
545:query_is_token:head:600:K,noise,48,0.0008392333984375,False
545:query_is_token:head:600:K,noise,56,0.002838134765625,False
545:query_is_token:head:600:K,noise,64,0.06158447265625,False
545:query_is_token:head:600:K,noise,82,-0.0244140625,False
545:query_is_token:head:600:K,noise,96,0.0041961669921875,False
545:query_is_token:head:600:K,noise,98,-0.06939697265625,False
545:query_is_token:head:600:K,noise,102,-0.01092529296875,False
545:query_is_token:head:600:K,noise,116,-0.0316162109375,False
545:query_is_token:head:600:K,noise,130,-0.0236053466796875,False
545:query_is_token:head:600:K,noise,150,0.044525146484375,False
545:query_is_token:head:600:K,noise,154,-0.02880859375,False
545:query_is_token:head:600:K,noise,162,0.00830078125,False
545:query_is_token:head:600:K,noise,176,0.004150390625,False
545:query_is_token:head:600:K,noise,178,-0.022756576538085938,False
545:query_is_token:head:600:K,noise,186,-0.06689453125,False
545:query_is_token:head:600:K,noise,192,-0.03302001953125,False
545:query_is_token:head:600:K,noise,196,0.00244140625,False
545:query_is_token:head:600:V,noise,0,-0.277435302734375,False
545:query_is_token:head:600:V,noise,16,-0.4188079833984375,False
545:query_is_token:head:600:V,noise,32,-0.3013153076171875,False
545:query_is_token:head:600:V,noise,48,-0.15355682373046875,False
545:query_is_token:head:600:V,noise,56,-0.1603851318359375,False
545:query_is_token:head:600:V,noise,64,-0.3231201171875,False
545:query_is_token:head:600:V,noise,82,-0.2642822265625,False
545:query_is_token:head:600:V,noise,96,-0.40784263610839844,False
545:query_is_token:head:600:V,noise,98,-0.535247802734375,False
545:query_is_token:head:600:V,noise,102,-0.35553741455078125,False
545:query_is_token:head:600:V,noise,116,-0.28973388671875,False
545:query_is_token:head:600:V,noise,130,-0.2629547119140625,False
545:query_is_token:head:600:V,noise,150,-0.225860595703125,False
545:query_is_token:head:600:V,noise,154,-0.2864990234375,False
545:query_is_token:head:600:V,noise,162,-0.291748046875,False
545:query_is_token:head:600:V,noise,176,-0.378173828125,False
545:query_is_token:head:600:V,noise,178,-0.3124275207519531,False
545:query_is_token:head:600:V,noise,186,-0.58868408203125,False
545:query_is_token:head:600:V,noise,192,-0.37744140625,False
545:query_is_token:head:600:V,noise,196,-0.291015625,False
545:query_is_token:head:624:K,noise,0,0.000457763671875,False
545:query_is_token:head:624:K,noise,16,-0.0054779052734375,False
545:query_is_token:head:624:K,noise,32,-0.0010528564453125,False
545:query_is_token:head:624:K,noise,48,0.0123443603515625,False
545:query_is_token:head:624:K,noise,56,-0.0084686279296875,False
545:query_is_token:head:624:K,noise,64,-0.0010986328125,False
545:query_is_token:head:624:K,noise,82,-0.007080078125,False
545:query_is_token:head:624:K,noise,96,-0.01598358154296875,False
545:query_is_token:head:624:K,noise,98,-0.005523681640625,False
545:query_is_token:head:624:K,noise,102,-0.01180267333984375,False
545:query_is_token:head:624:K,noise,116,-0.01275634765625,False
545:query_is_token:head:624:K,noise,130,-0.016021728515625,False
545:query_is_token:head:624:K,noise,150,-0.001190185546875,False
545:query_is_token:head:624:K,noise,154,-0.0084228515625,False
545:query_is_token:head:624:K,noise,162,0.000732421875,False
545:query_is_token:head:624:K,noise,176,-0.00048828125,False
545:query_is_token:head:624:K,noise,178,-0.013835906982421875,False
545:query_is_token:head:624:K,noise,186,-0.00872802734375,False
545:query_is_token:head:624:K,noise,192,-0.01568603515625,False
545:query_is_token:head:624:K,noise,196,-0.00732421875,False
545:query_is_token:head:624:V,noise,0,-0.031768798828125,False
545:query_is_token:head:624:V,noise,16,-0.0550994873046875,False
545:query_is_token:head:624:V,noise,32,-0.1695098876953125,False
545:query_is_token:head:624:V,noise,48,-0.06102752685546875,False
545:query_is_token:head:624:V,noise,56,-0.0508575439453125,False
545:query_is_token:head:624:V,noise,64,-0.05108642578125,False
545:query_is_token:head:624:V,noise,82,-0.03515625,False
545:query_is_token:head:624:V,noise,96,-0.126251220703125,False
545:query_is_token:head:624:V,noise,98,-0.05328369140625,False
545:query_is_token:head:624:V,noise,102,-0.14670562744140625,False
545:query_is_token:head:624:V,noise,116,-0.113525390625,False
545:query_is_token:head:624:V,noise,130,-0.069854736328125,False
545:query_is_token:head:624:V,noise,150,-0.03369140625,False
545:query_is_token:head:624:V,noise,154,-0.03021240234375,False
545:query_is_token:head:624:V,noise,162,-0.05224609375,False
545:query_is_token:head:624:V,noise,176,-0.06298828125,False
545:query_is_token:head:624:V,noise,178,-0.044857025146484375,False
545:query_is_token:head:624:V,noise,186,-0.06512451171875,False
545:query_is_token:head:624:V,noise,192,-0.05072021484375,False
545:query_is_token:head:624:V,noise,196,-0.05322265625,False
545:query_is_token:head:630:K,noise,0,0.003692626953125,False
545:query_is_token:head:630:K,noise,16,-0.0041046142578125,False
545:query_is_token:head:630:K,noise,32,-0.00885009765625,False
545:query_is_token:head:630:K,noise,48,-0.0080108642578125,False
545:query_is_token:head:630:K,noise,56,0.0006103515625,False
545:query_is_token:head:630:K,noise,64,-0.0013427734375,False
545:query_is_token:head:630:K,noise,82,0.0057373046875,False
545:query_is_token:head:630:K,noise,96,-0.016204833984375,False
545:query_is_token:head:630:K,noise,98,-0.002410888671875,False
545:query_is_token:head:630:K,noise,102,0.0058441162109375,False
545:query_is_token:head:630:K,noise,116,-0.00457763671875,False
545:query_is_token:head:630:K,noise,130,-0.0035858154296875,False
545:query_is_token:head:630:K,noise,150,-0.005218505859375,False
545:query_is_token:head:630:K,noise,154,0.0054931640625,False
545:query_is_token:head:630:K,noise,162,-0.000244140625,False
545:query_is_token:head:630:K,noise,176,0.0015869140625,False
545:query_is_token:head:630:K,noise,178,0.00322723388671875,False
545:query_is_token:head:630:K,noise,186,0.00390625,False
545:query_is_token:head:630:K,noise,192,0.00091552734375,False
545:query_is_token:head:630:K,noise,196,0.00390625,False
545:query_is_token:head:630:V,noise,0,-0.000762939453125,False
545:query_is_token:head:630:V,noise,16,0.0031585693359375,False
545:query_is_token:head:630:V,noise,32,0.0008697509765625,False
545:query_is_token:head:630:V,noise,48,0.0004119873046875,False
545:query_is_token:head:630:V,noise,56,0.0061798095703125,False
545:query_is_token:head:630:V,noise,64,-0.0001220703125,False
545:query_is_token:head:630:V,noise,82,0.002197265625,False
545:query_is_token:head:630:V,noise,96,-0.02103424072265625,False
545:query_is_token:head:630:V,noise,98,-0.00433349609375,False
545:query_is_token:head:630:V,noise,102,-0.0034942626953125,False
545:query_is_token:head:630:V,noise,116,-0.00592041015625,False
545:query_is_token:head:630:V,noise,130,0.0009765625,False
545:query_is_token:head:630:V,noise,150,-0.012664794921875,False
545:query_is_token:head:630:V,noise,154,-0.00213623046875,False
545:query_is_token:head:630:V,noise,162,0.005615234375,False
545:query_is_token:head:630:V,noise,176,0.0047607421875,False
545:query_is_token:head:630:V,noise,178,-0.0019378662109375,False
545:query_is_token:head:630:V,noise,186,0.0037841796875,False
545:query_is_token:head:630:V,noise,192,-0.0015869140625,False
545:query_is_token:head:630:V,noise,196,-0.0009765625,False
545:query_is_token:head:641:K,noise,0,-0.004974365234375,False
545:query_is_token:head:641:K,noise,16,-0.003875732421875,False
545:query_is_token:head:641:K,noise,32,-0.03594970703125,False
545:query_is_token:head:641:K,noise,48,-0.004241943359375,False
545:query_is_token:head:641:K,noise,56,-0.0111846923828125,False
545:query_is_token:head:641:K,noise,64,0.0008544921875,False
545:query_is_token:head:641:K,noise,82,0.01263427734375,False
545:query_is_token:head:641:K,noise,96,-0.01128387451171875,False
545:query_is_token:head:641:K,noise,98,-0.001861572265625,False
545:query_is_token:head:641:K,noise,102,-0.05588531494140625,False
545:query_is_token:head:641:K,noise,116,-0.0203857421875,False
545:query_is_token:head:641:K,noise,130,-0.0076446533203125,False
545:query_is_token:head:641:K,noise,150,-0.012451171875,False
545:query_is_token:head:641:K,noise,154,-0.01959228515625,False
545:query_is_token:head:641:K,noise,162,0.0107421875,False
545:query_is_token:head:641:K,noise,176,-0.0203857421875,False
545:query_is_token:head:641:K,noise,178,-0.06689262390136719,False
545:query_is_token:head:641:K,noise,186,-0.01690673828125,False
545:query_is_token:head:641:K,noise,192,-0.03643798828125,False
545:query_is_token:head:641:K,noise,196,-0.00732421875,False
545:query_is_token:head:641:V,noise,0,-0.074310302734375,False
545:query_is_token:head:641:V,noise,16,-0.0393829345703125,False
545:query_is_token:head:641:V,noise,32,-0.3063507080078125,False
545:query_is_token:head:641:V,noise,48,-0.09715652465820312,False
545:query_is_token:head:641:V,noise,56,-0.104400634765625,False
545:query_is_token:head:641:V,noise,64,-0.0943603515625,False
545:query_is_token:head:641:V,noise,82,-0.1092529296875,False
545:query_is_token:head:641:V,noise,96,-0.24503326416015625,False
545:query_is_token:head:641:V,noise,98,-0.04345703125,False
545:query_is_token:head:641:V,noise,102,-0.28253173828125,False
545:query_is_token:head:641:V,noise,116,-0.08892822265625,False
545:query_is_token:head:641:V,noise,130,-0.0744171142578125,False
545:query_is_token:head:641:V,noise,150,-0.0906982421875,False
545:query_is_token:head:641:V,noise,154,-0.13677978515625,False
545:query_is_token:head:641:V,noise,162,-0.11669921875,False
545:query_is_token:head:641:V,noise,176,-0.1375732421875,False
545:query_is_token:head:641:V,noise,178,-0.20155715942382812,False
545:query_is_token:head:641:V,noise,186,-0.140380859375,False
545:query_is_token:head:641:V,noise,192,-0.20294189453125,False
545:query_is_token:head:641:V,noise,196,-0.0595703125,False
545:query_is_token:head:678:K,noise,0,0.002685546875,False
545:query_is_token:head:678:K,noise,16,-0.00079345703125,False
545:query_is_token:head:678:K,noise,32,-0.0014190673828125,False
545:query_is_token:head:678:K,noise,48,-0.00225830078125,False
545:query_is_token:head:678:K,noise,56,-0.0045166015625,False
545:query_is_token:head:678:K,noise,64,-0.00164794921875,False
545:query_is_token:head:678:K,noise,82,0.0010986328125,False
545:query_is_token:head:678:K,noise,96,0.00043487548828125,False
545:query_is_token:head:678:K,noise,98,-0.002685546875,False
545:query_is_token:head:678:K,noise,102,-0.00046539306640625,False
545:query_is_token:head:678:K,noise,116,-0.0028076171875,False
545:query_is_token:head:678:K,noise,130,0.000946044921875,False
545:query_is_token:head:678:K,noise,150,-0.00335693359375,False
545:query_is_token:head:678:K,noise,154,0.00244140625,False
545:query_is_token:head:678:K,noise,162,-0.000732421875,False
545:query_is_token:head:678:K,noise,176,-0.001220703125,False
545:query_is_token:head:678:K,noise,178,-0.003322601318359375,False
545:query_is_token:head:678:K,noise,186,0.0009765625,False
545:query_is_token:head:678:K,noise,192,0.0006103515625,False
545:query_is_token:head:678:K,noise,196,-0.0029296875,False
545:query_is_token:head:678:V,noise,0,0.000396728515625,False
545:query_is_token:head:678:V,noise,16,-0.0046844482421875,False
545:query_is_token:head:678:V,noise,32,-0.000885009765625,False
545:query_is_token:head:678:V,noise,48,0.0015106201171875,False
545:query_is_token:head:678:V,noise,56,-0.0062408447265625,False
545:query_is_token:head:678:V,noise,64,-0.0032958984375,False
545:query_is_token:head:678:V,noise,82,-0.0015869140625,False
545:query_is_token:head:678:V,noise,96,-0.00664520263671875,False
545:query_is_token:head:678:V,noise,98,-0.003448486328125,False
545:query_is_token:head:678:V,noise,102,-0.00606536865234375,False
545:query_is_token:head:678:V,noise,116,-0.00677490234375,False
545:query_is_token:head:678:V,noise,130,0.000762939453125,False
545:query_is_token:head:678:V,noise,150,0.000396728515625,False
545:query_is_token:head:678:V,noise,154,-0.00244140625,False
545:query_is_token:head:678:V,noise,162,-0.00244140625,False
545:query_is_token:head:678:V,noise,176,-0.0076904296875,False
545:query_is_token:head:678:V,noise,178,-0.00555419921875,False
545:query_is_token:head:678:V,noise,186,-0.0040283203125,False
545:query_is_token:head:678:V,noise,192,-0.00439453125,False
545:query_is_token:head:678:V,noise,196,-0.005859375,False
545:query_is_token:head:690:K,noise,0,0.001251220703125,False
545:query_is_token:head:690:K,noise,16,6.103515625e-05,False
545:query_is_token:head:690:K,noise,32,0.0029296875,False
545:query_is_token:head:690:K,noise,48,0.001129150390625,False
545:query_is_token:head:690:K,noise,56,0.00048828125,False
545:query_is_token:head:690:K,noise,64,0.00091552734375,False
545:query_is_token:head:690:K,noise,82,0.00152587890625,False
545:query_is_token:head:690:K,noise,96,0.001739501953125,False
545:query_is_token:head:690:K,noise,98,-0.0008544921875,False
545:query_is_token:head:690:K,noise,102,7.62939453125e-05,False
545:query_is_token:head:690:K,noise,116,-0.001708984375,False
545:query_is_token:head:690:K,noise,130,-0.0001068115234375,False
545:query_is_token:head:690:K,noise,150,0.000579833984375,False
545:query_is_token:head:690:K,noise,154,0.00445556640625,False
545:query_is_token:head:690:K,noise,162,-0.000244140625,False
545:query_is_token:head:690:K,noise,176,-0.0009765625,False
545:query_is_token:head:690:K,noise,178,-0.002506256103515625,False
545:query_is_token:head:690:K,noise,186,-0.00042724609375,False
545:query_is_token:head:690:K,noise,192,0.00140380859375,False
545:query_is_token:head:690:K,noise,196,0.0,False
545:query_is_token:head:690:V,noise,0,0.00042724609375,False
545:query_is_token:head:690:V,noise,16,0.00152587890625,False
545:query_is_token:head:690:V,noise,32,-0.0069580078125,False
545:query_is_token:head:690:V,noise,48,0.00148773193359375,False
545:query_is_token:head:690:V,noise,56,-0.0020294189453125,False
545:query_is_token:head:690:V,noise,64,-0.00030517578125,False
545:query_is_token:head:690:V,noise,82,0.000244140625,False
545:query_is_token:head:690:V,noise,96,-0.00096893310546875,False
545:query_is_token:head:690:V,noise,98,-0.002960205078125,False
545:query_is_token:head:690:V,noise,102,0.00115966796875,False
545:query_is_token:head:690:V,noise,116,-0.001708984375,False
545:query_is_token:head:690:V,noise,130,0.001129150390625,False
545:query_is_token:head:690:V,noise,150,0.002899169921875,False
545:query_is_token:head:690:V,noise,154,0.001220703125,False
545:query_is_token:head:690:V,noise,162,0.000244140625,False
545:query_is_token:head:690:V,noise,176,-0.0013427734375,False
545:query_is_token:head:690:V,noise,178,-0.003215789794921875,False
545:query_is_token:head:690:V,noise,186,-0.00238037109375,False
545:query_is_token:head:690:V,noise,192,-0.0035400390625,False
545:query_is_token:head:690:V,noise,196,0.0,False
545:query_is_token:head:695:K,noise,0,0.00396728515625,False
545:query_is_token:head:695:K,noise,16,-0.000579833984375,False
545:query_is_token:head:695:K,noise,32,0.0017852783203125,False
545:query_is_token:head:695:K,noise,48,0.00254058837890625,False
545:query_is_token:head:695:K,noise,56,-0.0005950927734375,False
545:query_is_token:head:695:K,noise,64,-0.00018310546875,False
545:query_is_token:head:695:K,noise,82,0.0025634765625,False
545:query_is_token:head:695:K,noise,96,-0.00348663330078125,False
545:query_is_token:head:695:K,noise,98,-0.003265380859375,False
545:query_is_token:head:695:K,noise,102,-8.392333984375e-05,False
545:query_is_token:head:695:K,noise,116,-0.00177001953125,False
545:query_is_token:head:695:K,noise,130,-0.00054931640625,False
545:query_is_token:head:695:K,noise,150,0.00042724609375,False
545:query_is_token:head:695:K,noise,154,0.00079345703125,False
545:query_is_token:head:695:K,noise,162,0.001708984375,False
545:query_is_token:head:695:K,noise,176,-0.001953125,False
545:query_is_token:head:695:K,noise,178,-0.001705169677734375,False
545:query_is_token:head:695:K,noise,186,0.000732421875,False
545:query_is_token:head:695:K,noise,192,-0.00177001953125,False
545:query_is_token:head:695:K,noise,196,-0.00146484375,False
545:query_is_token:head:695:V,noise,0,-0.001617431640625,False
545:query_is_token:head:695:V,noise,16,-0.00787353515625,False
545:query_is_token:head:695:V,noise,32,-0.00927734375,False
545:query_is_token:head:695:V,noise,48,-0.008392333984375,False
545:query_is_token:head:695:V,noise,56,-0.008880615234375,False
545:query_is_token:head:695:V,noise,64,-0.00079345703125,False
545:query_is_token:head:695:V,noise,82,-0.00555419921875,False
545:query_is_token:head:695:V,noise,96,-0.00728607177734375,False
545:query_is_token:head:695:V,noise,98,-0.00518798828125,False
545:query_is_token:head:695:V,noise,102,-0.007904052734375,False
545:query_is_token:head:695:V,noise,116,-0.007080078125,False
545:query_is_token:head:695:V,noise,130,-0.004608154296875,False
545:query_is_token:head:695:V,noise,150,-0.0069580078125,False
545:query_is_token:head:695:V,noise,154,-0.0040283203125,False
545:query_is_token:head:695:V,noise,162,-0.00341796875,False
545:query_is_token:head:695:V,noise,176,-0.0062255859375,False
545:query_is_token:head:695:V,noise,178,-0.011730194091796875,False
545:query_is_token:head:695:V,noise,186,-0.0098876953125,False
545:query_is_token:head:695:V,noise,192,-0.0069580078125,False
545:query_is_token:head:695:V,noise,196,-0.00244140625,False
545:query_is_token:head:709:K,noise,0,-0.000213623046875,False
545:query_is_token:head:709:K,noise,16,0.0009307861328125,False
545:query_is_token:head:709:K,noise,32,-0.00286865234375,False
545:query_is_token:head:709:K,noise,48,0.00125885009765625,False
545:query_is_token:head:709:K,noise,56,-0.001953125,False
545:query_is_token:head:709:K,noise,64,-0.00244140625,False
545:query_is_token:head:709:K,noise,82,-0.00726318359375,False
545:query_is_token:head:709:K,noise,96,-0.00518798828125,False
545:query_is_token:head:709:K,noise,98,-0.020782470703125,False
545:query_is_token:head:709:K,noise,102,-0.04665374755859375,False
545:query_is_token:head:709:K,noise,116,-0.0008544921875,False
545:query_is_token:head:709:K,noise,130,-0.002960205078125,False
545:query_is_token:head:709:K,noise,150,-0.004791259765625,False
545:query_is_token:head:709:K,noise,154,-0.041259765625,False
545:query_is_token:head:709:K,noise,162,0.00537109375,False
545:query_is_token:head:709:K,noise,176,0.0086669921875,False
545:query_is_token:head:709:K,noise,178,-0.0171966552734375,False
545:query_is_token:head:709:K,noise,186,0.00140380859375,False
545:query_is_token:head:709:K,noise,192,-0.0050048828125,False
545:query_is_token:head:709:K,noise,196,-0.0107421875,False
545:query_is_token:head:709:V,noise,0,0.04876708984375,False
545:query_is_token:head:709:V,noise,16,0.1017303466796875,False
545:query_is_token:head:709:V,noise,32,0.2635955810546875,False
545:query_is_token:head:709:V,noise,48,0.0853271484375,False
545:query_is_token:head:709:V,noise,56,0.085052490234375,False
545:query_is_token:head:709:V,noise,64,0.09393310546875,False
545:query_is_token:head:709:V,noise,82,0.138916015625,False
545:query_is_token:head:709:V,noise,96,0.1213531494140625,False
545:query_is_token:head:709:V,noise,98,0.1395263671875,False
545:query_is_token:head:709:V,noise,102,0.24474334716796875,False
545:query_is_token:head:709:V,noise,116,0.083251953125,False
545:query_is_token:head:709:V,noise,130,0.0557098388671875,False
545:query_is_token:head:709:V,noise,150,0.0682373046875,False
545:query_is_token:head:709:V,noise,154,0.1851806640625,False
545:query_is_token:head:709:V,noise,162,0.1611328125,False
545:query_is_token:head:709:V,noise,176,0.2032470703125,False
545:query_is_token:head:709:V,noise,178,0.12823486328125,False
545:query_is_token:head:709:V,noise,186,0.0716552734375,False
545:query_is_token:head:709:V,noise,192,0.1041259765625,False
545:query_is_token:head:709:V,noise,196,0.12255859375,False
545:query_is_token:head:751:K,noise,0,-0.00030517578125,False
545:query_is_token:head:751:K,noise,16,0.002655029296875,False
545:query_is_token:head:751:K,noise,32,-0.0034027099609375,False
545:query_is_token:head:751:K,noise,48,0.0005340576171875,False
545:query_is_token:head:751:K,noise,56,-0.0045318603515625,False
545:query_is_token:head:751:K,noise,64,-0.00146484375,False
545:query_is_token:head:751:K,noise,82,0.00030517578125,False
545:query_is_token:head:751:K,noise,96,-6.866455078125e-05,False
545:query_is_token:head:751:K,noise,98,-0.000640869140625,False
545:query_is_token:head:751:K,noise,102,0.00241851806640625,False
545:query_is_token:head:751:K,noise,116,-0.0040283203125,False
545:query_is_token:head:751:K,noise,130,0.001129150390625,False
545:query_is_token:head:751:K,noise,150,-0.0008544921875,False
545:query_is_token:head:751:K,noise,154,0.00018310546875,False
545:query_is_token:head:751:K,noise,162,0.0,False
545:query_is_token:head:751:K,noise,176,0.003662109375,False
545:query_is_token:head:751:K,noise,178,0.003200531005859375,False
545:query_is_token:head:751:K,noise,186,-0.001708984375,False
545:query_is_token:head:751:K,noise,192,-0.00372314453125,False
545:query_is_token:head:751:K,noise,196,0.001953125,False
545:query_is_token:head:751:V,noise,0,0.001251220703125,False
545:query_is_token:head:751:V,noise,16,-0.0009765625,False
545:query_is_token:head:751:V,noise,32,0.001678466796875,False
545:query_is_token:head:751:V,noise,48,0.000579833984375,False
545:query_is_token:head:751:V,noise,56,-0.0017547607421875,False
545:query_is_token:head:751:V,noise,64,-0.0013427734375,False
545:query_is_token:head:751:V,noise,82,0.00030517578125,False
545:query_is_token:head:751:V,noise,96,-5.340576171875e-05,False
545:query_is_token:head:751:V,noise,98,0.000335693359375,False
545:query_is_token:head:751:V,noise,102,0.00019073486328125,False
545:query_is_token:head:751:V,noise,116,-0.00115966796875,False
545:query_is_token:head:751:V,noise,130,-0.000732421875,False
545:query_is_token:head:751:V,noise,150,-0.0001220703125,False
545:query_is_token:head:751:V,noise,154,0.00115966796875,False
545:query_is_token:head:751:V,noise,162,0.0,False
545:query_is_token:head:751:V,noise,176,-0.0035400390625,False
545:query_is_token:head:751:V,noise,178,-0.0034027099609375,False
545:query_is_token:head:751:V,noise,186,0.0003662109375,False
545:query_is_token:head:751:V,noise,192,-0.00091552734375,False
545:query_is_token:head:751:V,noise,196,0.0,False
545:query_is_token:head:787:K,noise,0,0.002471923828125,False
545:query_is_token:head:787:K,noise,16,-0.0001373291015625,False
545:query_is_token:head:787:K,noise,32,0.0058746337890625,False
545:query_is_token:head:787:K,noise,48,0.001129150390625,False
545:query_is_token:head:787:K,noise,56,-0.004180908203125,False
545:query_is_token:head:787:K,noise,64,0.00079345703125,False
545:query_is_token:head:787:K,noise,82,0.00042724609375,False
545:query_is_token:head:787:K,noise,96,0.00058746337890625,False
545:query_is_token:head:787:K,noise,98,0.000244140625,False
545:query_is_token:head:787:K,noise,102,1.52587890625e-05,False
545:query_is_token:head:787:K,noise,116,-0.000732421875,False
545:query_is_token:head:787:K,noise,130,0.002166748046875,False
545:query_is_token:head:787:K,noise,150,0.002227783203125,False
545:query_is_token:head:787:K,noise,154,0.001953125,False
545:query_is_token:head:787:K,noise,162,0.001220703125,False
545:query_is_token:head:787:K,noise,176,0.0028076171875,False
545:query_is_token:head:787:K,noise,178,0.001544952392578125,False
545:query_is_token:head:787:K,noise,186,-0.001220703125,False
545:query_is_token:head:787:K,noise,192,-0.0003662109375,False
545:query_is_token:head:787:K,noise,196,0.00048828125,False
545:query_is_token:head:787:V,noise,0,0.003692626953125,False
545:query_is_token:head:787:V,noise,16,0.0070343017578125,False
545:query_is_token:head:787:V,noise,32,0.0095977783203125,False
545:query_is_token:head:787:V,noise,48,0.0042724609375,False
545:query_is_token:head:787:V,noise,56,0.0045013427734375,False
545:query_is_token:head:787:V,noise,64,0.00372314453125,False
545:query_is_token:head:787:V,noise,82,0.00164794921875,False
545:query_is_token:head:787:V,noise,96,-0.00098419189453125,False
545:query_is_token:head:787:V,noise,98,0.0045166015625,False
545:query_is_token:head:787:V,noise,102,0.012359619140625,False
545:query_is_token:head:787:V,noise,116,0.0006103515625,False
545:query_is_token:head:787:V,noise,130,0.00244140625,False
545:query_is_token:head:787:V,noise,150,0.00335693359375,False
545:query_is_token:head:787:V,noise,154,0.00604248046875,False
545:query_is_token:head:787:V,noise,162,0.00341796875,False
545:query_is_token:head:787:V,noise,176,0.00341796875,False
545:query_is_token:head:787:V,noise,178,0.004474639892578125,False
545:query_is_token:head:787:V,noise,186,0.001708984375,False
545:query_is_token:head:787:V,noise,192,0.0015869140625,False
545:query_is_token:head:787:V,noise,196,0.00927734375,False
545:query_is_token:head:817:K,noise,0,-0.000213623046875,False
545:query_is_token:head:817:K,noise,16,-0.00164794921875,False
545:query_is_token:head:817:K,noise,32,0.00079345703125,False
545:query_is_token:head:817:K,noise,48,7.62939453125e-06,False
545:query_is_token:head:817:K,noise,56,-0.0022125244140625,False
545:query_is_token:head:817:K,noise,64,-0.0020751953125,False
545:query_is_token:head:817:K,noise,82,0.00042724609375,False
545:query_is_token:head:817:K,noise,96,-0.000274658203125,False
545:query_is_token:head:817:K,noise,98,0.00079345703125,False
545:query_is_token:head:817:K,noise,102,-0.0011138916015625,False
545:query_is_token:head:817:K,noise,116,-0.00250244140625,False
545:query_is_token:head:817:K,noise,130,0.0013427734375,False
545:query_is_token:head:817:K,noise,150,0.001251220703125,False
545:query_is_token:head:817:K,noise,154,0.00201416015625,False
545:query_is_token:head:817:K,noise,162,-0.001220703125,False
545:query_is_token:head:817:K,noise,176,0.00146484375,False
545:query_is_token:head:817:K,noise,178,-0.000400543212890625,False
545:query_is_token:head:817:K,noise,186,-0.0006103515625,False
545:query_is_token:head:817:K,noise,192,0.001220703125,False
545:query_is_token:head:817:K,noise,196,-0.00146484375,False
545:query_is_token:head:817:V,noise,0,0.0013427734375,False
545:query_is_token:head:817:V,noise,16,0.001129150390625,False
545:query_is_token:head:817:V,noise,32,-0.0009002685546875,False
545:query_is_token:head:817:V,noise,48,0.001495361328125,False
545:query_is_token:head:817:V,noise,56,-0.0025177001953125,False
545:query_is_token:head:817:V,noise,64,-0.00152587890625,False
545:query_is_token:head:817:V,noise,82,0.00146484375,False
545:query_is_token:head:817:V,noise,96,0.00116729736328125,False
545:query_is_token:head:817:V,noise,98,0.00201416015625,False
545:query_is_token:head:817:V,noise,102,-0.000579833984375,False
545:query_is_token:head:817:V,noise,116,-0.00164794921875,False
545:query_is_token:head:817:V,noise,130,0.0005035400390625,False
545:query_is_token:head:817:V,noise,150,0.0008544921875,False
545:query_is_token:head:817:V,noise,154,-0.00042724609375,False
545:query_is_token:head:817:V,noise,162,-0.00048828125,False
545:query_is_token:head:817:V,noise,176,0.0003662109375,False
545:query_is_token:head:817:V,noise,178,0.000949859619140625,False
545:query_is_token:head:817:V,noise,186,-0.0009765625,False
545:query_is_token:head:817:V,noise,192,-0.00054931640625,False
545:query_is_token:head:817:V,noise,196,0.001953125,False
545:query_is_token:head:855:K,noise,0,0.00189208984375,False
545:query_is_token:head:855:K,noise,16,-0.0012054443359375,False
545:query_is_token:head:855:K,noise,32,0.0040740966796875,False
545:query_is_token:head:855:K,noise,48,0.0006256103515625,False
545:query_is_token:head:855:K,noise,56,-0.0012969970703125,False
545:query_is_token:head:855:K,noise,64,0.000732421875,False
545:query_is_token:head:855:K,noise,82,0.00042724609375,False
545:query_is_token:head:855:K,noise,96,0.00212860107421875,False
545:query_is_token:head:855:K,noise,98,0.00054931640625,False
545:query_is_token:head:855:K,noise,102,3.814697265625e-05,False
545:query_is_token:head:855:K,noise,116,-0.0015869140625,False
545:query_is_token:head:855:K,noise,130,-0.000518798828125,False
545:query_is_token:head:855:K,noise,150,0.001953125,False
545:query_is_token:head:855:K,noise,154,0.00146484375,False
545:query_is_token:head:855:K,noise,162,-0.001708984375,False
545:query_is_token:head:855:K,noise,176,0.0010986328125,False
545:query_is_token:head:855:K,noise,178,0.001094818115234375,False
545:query_is_token:head:855:K,noise,186,-0.00128173828125,False
545:query_is_token:head:855:K,noise,192,-0.00018310546875,False
545:query_is_token:head:855:K,noise,196,-0.001953125,False
545:query_is_token:head:855:V,noise,0,0.0028076171875,False
545:query_is_token:head:855:V,noise,16,-0.0002593994140625,False
545:query_is_token:head:855:V,noise,32,0.0013580322265625,False
545:query_is_token:head:855:V,noise,48,-0.0012359619140625,False
545:query_is_token:head:855:V,noise,56,-0.0029449462890625,False
545:query_is_token:head:855:V,noise,64,-0.00115966796875,False
545:query_is_token:head:855:V,noise,82,-6.103515625e-05,False
545:query_is_token:head:855:V,noise,96,0.0008697509765625,False
545:query_is_token:head:855:V,noise,98,-0.0015869140625,False
545:query_is_token:head:855:V,noise,102,0.00034332275390625,False
545:query_is_token:head:855:V,noise,116,-0.00177001953125,False
545:query_is_token:head:855:V,noise,130,-0.00201416015625,False
545:query_is_token:head:855:V,noise,150,0.001129150390625,False
545:query_is_token:head:855:V,noise,154,0.0008544921875,False
545:query_is_token:head:855:V,noise,162,-0.00244140625,False
545:query_is_token:head:855:V,noise,176,-0.0008544921875,False
545:query_is_token:head:855:V,noise,178,-0.0004425048828125,False
545:query_is_token:head:855:V,noise,186,-0.0015869140625,False
545:query_is_token:head:855:V,noise,192,-6.103515625e-05,False
545:query_is_token:head:855:V,noise,196,0.00048828125,False
545:query_is_token:head:870:K,noise,0,0.00152587890625,False
545:query_is_token:head:870:K,noise,16,0.0014190673828125,False
545:query_is_token:head:870:K,noise,32,0.0004119873046875,False
545:query_is_token:head:870:K,noise,48,0.001312255859375,False
545:query_is_token:head:870:K,noise,56,-0.00372314453125,False
545:query_is_token:head:870:K,noise,64,0.00048828125,False
545:query_is_token:head:870:K,noise,82,0.00115966796875,False
545:query_is_token:head:870:K,noise,96,-0.0045318603515625,False
545:query_is_token:head:870:K,noise,98,0.00054931640625,False
545:query_is_token:head:870:K,noise,102,-3.814697265625e-05,False
545:query_is_token:head:870:K,noise,116,-0.0009765625,False
545:query_is_token:head:870:K,noise,130,-0.0003509521484375,False
545:query_is_token:head:870:K,noise,150,0.001556396484375,False
545:query_is_token:head:870:K,noise,154,-0.0009765625,False
545:query_is_token:head:870:K,noise,162,0.000244140625,False
545:query_is_token:head:870:K,noise,176,-0.001220703125,False
545:query_is_token:head:870:K,noise,178,-0.00189208984375,False
545:query_is_token:head:870:K,noise,186,-0.000732421875,False
545:query_is_token:head:870:K,noise,192,-0.000244140625,False
545:query_is_token:head:870:K,noise,196,0.00048828125,False
545:query_is_token:head:870:V,noise,0,0.0023193359375,False
545:query_is_token:head:870:V,noise,16,0.0010528564453125,False
545:query_is_token:head:870:V,noise,32,0.0022735595703125,False
545:query_is_token:head:870:V,noise,48,0.00173187255859375,False
545:query_is_token:head:870:V,noise,56,0.0005645751953125,False
545:query_is_token:head:870:V,noise,64,0.00128173828125,False
545:query_is_token:head:870:V,noise,82,0.00091552734375,False
545:query_is_token:head:870:V,noise,96,0.00229644775390625,False
545:query_is_token:head:870:V,noise,98,0.000335693359375,False
545:query_is_token:head:870:V,noise,102,-0.00061798095703125,False
545:query_is_token:head:870:V,noise,116,0.00506591796875,False
545:query_is_token:head:870:V,noise,130,-0.0004730224609375,False
545:query_is_token:head:870:V,noise,150,0.001068115234375,False
545:query_is_token:head:870:V,noise,154,0.00048828125,False
545:query_is_token:head:870:V,noise,162,0.000244140625,False
545:query_is_token:head:870:V,noise,176,0.001708984375,False
545:query_is_token:head:870:V,noise,178,-0.0006256103515625,False
545:query_is_token:head:870:V,noise,186,0.0050048828125,False
545:query_is_token:head:870:V,noise,192,-0.00140380859375,False
545:query_is_token:head:870:V,noise,196,0.00048828125,False
545:query_is_token:head:973:K,noise,0,0.002899169921875,False
545:query_is_token:head:973:K,noise,16,-0.000335693359375,False
545:query_is_token:head:973:K,noise,32,0.00213623046875,False
545:query_is_token:head:973:K,noise,48,5.340576171875e-05,False
545:query_is_token:head:973:K,noise,56,-0.000946044921875,False
545:query_is_token:head:973:K,noise,64,0.0003662109375,False
545:query_is_token:head:973:K,noise,82,-0.00030517578125,False
545:query_is_token:head:973:K,noise,96,0.00054931640625,False
545:query_is_token:head:973:K,noise,98,0.0003662109375,False
545:query_is_token:head:973:K,noise,102,-0.00342559814453125,False
545:query_is_token:head:973:K,noise,116,0.0001220703125,False
545:query_is_token:head:973:K,noise,130,-0.0004119873046875,False
545:query_is_token:head:973:K,noise,150,-0.00018310546875,False
545:query_is_token:head:973:K,noise,154,-0.000244140625,False
545:query_is_token:head:973:K,noise,162,-0.000244140625,False
545:query_is_token:head:973:K,noise,176,0.0,False
545:query_is_token:head:973:K,noise,178,0.000469207763671875,False
545:query_is_token:head:973:K,noise,186,-0.00054931640625,False
545:query_is_token:head:973:K,noise,192,-0.00067138671875,False
545:query_is_token:head:973:K,noise,196,-0.0009765625,False
545:query_is_token:head:973:V,noise,0,0.001434326171875,False
545:query_is_token:head:973:V,noise,16,0.001617431640625,False
545:query_is_token:head:973:V,noise,32,0.00103759765625,False
545:query_is_token:head:973:V,noise,48,0.00115966796875,False
545:query_is_token:head:973:V,noise,56,-0.00018310546875,False
545:query_is_token:head:973:V,noise,64,0.000732421875,False
545:query_is_token:head:973:V,noise,82,0.001708984375,False
545:query_is_token:head:973:V,noise,96,0.0007781982421875,False
545:query_is_token:head:973:V,noise,98,-0.001983642578125,False
545:query_is_token:head:973:V,noise,102,0.001312255859375,False
545:query_is_token:head:973:V,noise,116,0.00018310546875,False
545:query_is_token:head:973:V,noise,130,-0.000579833984375,False
545:query_is_token:head:973:V,noise,150,0.00128173828125,False
545:query_is_token:head:973:V,noise,154,0.00048828125,False
545:query_is_token:head:973:V,noise,162,-0.000732421875,False
545:query_is_token:head:973:V,noise,176,-0.0006103515625,False
545:query_is_token:head:973:V,noise,178,0.000339508056640625,False
545:query_is_token:head:973:V,noise,186,0.00030517578125,False
545:query_is_token:head:973:V,noise,192,-0.0003662109375,False
545:query_is_token:head:973:V,noise,196,0.0,False
545:query_is_token:head:978:K,noise,0,3.0517578125e-05,False
545:query_is_token:head:978:K,noise,16,-0.0005340576171875,False
545:query_is_token:head:978:K,noise,32,-0.002593994140625,False
545:query_is_token:head:978:K,noise,48,-0.0009002685546875,False
545:query_is_token:head:978:K,noise,56,-0.006195068359375,False
545:query_is_token:head:978:K,noise,64,-0.00469970703125,False
545:query_is_token:head:978:K,noise,82,-0.00213623046875,False
545:query_is_token:head:978:K,noise,96,0.0005950927734375,False
545:query_is_token:head:978:K,noise,98,-0.004486083984375,False
545:query_is_token:head:978:K,noise,102,-0.000335693359375,False
545:query_is_token:head:978:K,noise,116,-0.00616455078125,False
545:query_is_token:head:978:K,noise,130,-0.006805419921875,False
545:query_is_token:head:978:K,noise,150,-0.000762939453125,False
545:query_is_token:head:978:K,noise,154,-0.00213623046875,False
545:query_is_token:head:978:K,noise,162,-0.00244140625,False
545:query_is_token:head:978:K,noise,176,-0.0025634765625,False
545:query_is_token:head:978:K,noise,178,-0.006992340087890625,False
545:query_is_token:head:978:K,noise,186,-0.0018310546875,False
545:query_is_token:head:978:K,noise,192,-0.00457763671875,False
545:query_is_token:head:978:K,noise,196,-0.00732421875,False
545:query_is_token:head:978:V,noise,0,0.002532958984375,False
545:query_is_token:head:978:V,noise,16,0.0071868896484375,False
545:query_is_token:head:978:V,noise,32,0.0030059814453125,False
545:query_is_token:head:978:V,noise,48,0.0052642822265625,False
545:query_is_token:head:978:V,noise,56,0.0054473876953125,False
545:query_is_token:head:978:V,noise,64,0.006591796875,False
545:query_is_token:head:978:V,noise,82,0.00396728515625,False
545:query_is_token:head:978:V,noise,96,0.00054168701171875,False
545:query_is_token:head:978:V,noise,98,0.007110595703125,False
545:query_is_token:head:978:V,noise,102,0.0066070556640625,False
545:query_is_token:head:978:V,noise,116,0.0108642578125,False
545:query_is_token:head:978:V,noise,130,0.00286865234375,False
545:query_is_token:head:978:V,noise,150,0.001007080078125,False
545:query_is_token:head:978:V,noise,154,0.00457763671875,False
545:query_is_token:head:978:V,noise,162,0.005615234375,False
545:query_is_token:head:978:V,noise,176,0.006103515625,False
545:query_is_token:head:978:V,noise,178,0.003681182861328125,False
545:query_is_token:head:978:V,noise,186,0.0054931640625,False
545:query_is_token:head:978:V,noise,192,0.00146484375,False
545:query_is_token:head:978:V,noise,196,0.005859375,False
545:query_is_token:mlp:17:,noise,0,0.005523681640625,False
545:query_is_token:mlp:17:,noise,16,0.0022125244140625,False
545:query_is_token:mlp:17:,noise,32,-0.025482177734375,False
545:query_is_token:mlp:17:,noise,48,-0.02536773681640625,False
545:query_is_token:mlp:17:,noise,56,-0.0233612060546875,False
545:query_is_token:mlp:17:,noise,64,-0.07781982421875,False
545:query_is_token:mlp:17:,noise,82,-0.0181884765625,False
545:query_is_token:mlp:17:,noise,96,0.018463134765625,False
545:query_is_token:mlp:17:,noise,98,-0.023590087890625,False
545:query_is_token:mlp:17:,noise,102,-0.04824066162109375,False
545:query_is_token:mlp:17:,noise,116,-0.0281982421875,False
545:query_is_token:mlp:17:,noise,130,0.0568695068359375,False
545:query_is_token:mlp:17:,noise,150,-0.024566650390625,False
545:query_is_token:mlp:17:,noise,154,0.03570556640625,False
545:query_is_token:mlp:17:,noise,162,0.01513671875,False
545:query_is_token:mlp:17:,noise,176,-0.073974609375,False
545:query_is_token:mlp:17:,noise,178,-0.02095794677734375,False
545:query_is_token:mlp:17:,noise,186,0.0093994140625,False
545:query_is_token:mlp:17:,noise,192,0.03692626953125,False
545:query_is_token:mlp:17:,noise,196,0.01513671875,False
545:query_is_token:mlp:18:,noise,0,0.0003662109375,False
545:query_is_token:mlp:18:,noise,16,-0.008087158203125,False
545:query_is_token:mlp:18:,noise,32,0.0216217041015625,False
545:query_is_token:mlp:18:,noise,48,0.0147552490234375,False
545:query_is_token:mlp:18:,noise,56,-0.0090789794921875,False
545:query_is_token:mlp:18:,noise,64,-0.0052490234375,False
545:query_is_token:mlp:18:,noise,82,-0.004150390625,False
545:query_is_token:mlp:18:,noise,96,0.040252685546875,False
545:query_is_token:mlp:18:,noise,98,-0.008941650390625,False
545:query_is_token:mlp:18:,noise,102,0.0046234130859375,False
545:query_is_token:mlp:18:,noise,116,0.01470947265625,False
545:query_is_token:mlp:18:,noise,130,-0.0049591064453125,False
545:query_is_token:mlp:18:,noise,150,0.004974365234375,False
545:query_is_token:mlp:18:,noise,154,-0.00372314453125,False
545:query_is_token:mlp:18:,noise,162,-0.008056640625,False
545:query_is_token:mlp:18:,noise,176,0.0009765625,False
545:query_is_token:mlp:18:,noise,178,-0.0062713623046875,False
545:query_is_token:mlp:18:,noise,186,0.005126953125,False
545:query_is_token:mlp:18:,noise,192,0.0234375,False
545:query_is_token:mlp:18:,noise,196,-0.009765625,False
545:query_mother:head:594:K,noise,0,-0.032196044921875,False
545:query_mother:head:594:K,noise,16,-0.1118316650390625,False
545:query_mother:head:594:K,noise,32,0.0501251220703125,False
545:query_mother:head:594:K,noise,48,-0.00089263916015625,False
545:query_mother:head:594:K,noise,56,-0.041900634765625,False
545:query_mother:head:594:K,noise,64,0.04522705078125,False
545:query_mother:head:594:K,noise,82,0.0185546875,False
545:query_mother:head:594:K,noise,96,-0.0662841796875,False
545:query_mother:head:594:K,noise,98,-0.051361083984375,False
545:query_mother:head:594:K,noise,102,0.0147552490234375,False
545:query_mother:head:594:K,noise,116,-0.13134765625,False
545:query_mother:head:594:K,noise,130,-0.0009002685546875,False
545:query_mother:head:594:K,noise,150,-0.01300048828125,False
545:query_mother:head:594:K,noise,154,-0.02630615234375,False
545:query_mother:head:594:K,noise,162,-0.06787109375,False
545:query_mother:head:594:K,noise,176,-0.0198974609375,False
545:query_mother:head:594:K,noise,178,-0.10562896728515625,False
545:query_mother:head:594:K,noise,186,-0.0955810546875,False
545:query_mother:head:594:K,noise,192,-0.14727783203125,False
545:query_mother:head:594:K,noise,196,-0.0224609375,False
545:query_mother:head:594:V,noise,0,0.8856201171875,False
545:query_mother:head:594:V,noise,16,0.6905956268310547,False
545:query_mother:head:594:V,noise,32,2.0794219970703125,False
545:query_mother:head:594:V,noise,48,1.245025634765625,False
545:query_mother:head:594:V,noise,56,0.701080322265625,False
545:query_mother:head:594:V,noise,64,0.7535400390625,False
545:query_mother:head:594:V,noise,82,0.7377395629882812,False
545:query_mother:head:594:V,noise,96,2.1844100952148438,False
545:query_mother:head:594:V,noise,98,1.1631317138671875,False
545:query_mother:head:594:V,noise,102,1.4668807983398438,False
545:query_mother:head:594:V,noise,116,1.63885498046875,False
545:query_mother:head:594:V,noise,130,1.2491607666015625,False
545:query_mother:head:594:V,noise,150,0.671356201171875,False
545:query_mother:head:594:V,noise,154,0.45513916015625,False
545:query_mother:head:594:V,noise,162,1.77099609375,False
545:query_mother:head:594:V,noise,176,1.4775390625,False
545:query_mother:head:594:V,noise,178,0.9653129577636719,False
545:query_mother:head:594:V,noise,186,1.8372802734375,False
545:query_mother:head:594:V,noise,192,1.3465576171875,False
545:query_mother:head:594:V,noise,196,0.89013671875,False
545:query_mother:head:595:K,noise,0,0.002288818359375,False
545:query_mother:head:595:K,noise,16,-0.0061492919921875,False
545:query_mother:head:595:K,noise,32,-0.005126953125,False
545:query_mother:head:595:K,noise,48,-0.01157379150390625,False
545:query_mother:head:595:K,noise,56,0.0040435791015625,False
545:query_mother:head:595:K,noise,64,0.01348876953125,False
545:query_mother:head:595:K,noise,82,0.04840087890625,False
545:query_mother:head:595:K,noise,96,-0.05103302001953125,False
545:query_mother:head:595:K,noise,98,-0.05633544921875,False
545:query_mother:head:595:K,noise,102,0.0149383544921875,False
545:query_mother:head:595:K,noise,116,-0.0509033203125,False
545:query_mother:head:595:K,noise,130,-0.0005950927734375,False
545:query_mother:head:595:K,noise,150,0.000885009765625,False
545:query_mother:head:595:K,noise,154,-0.03155517578125,False
545:query_mother:head:595:K,noise,162,-0.0009765625,False
545:query_mother:head:595:K,noise,176,-0.0306396484375,False
545:query_mother:head:595:K,noise,178,-0.07970809936523438,False
545:query_mother:head:595:K,noise,186,-0.02001953125,False
545:query_mother:head:595:K,noise,192,-0.1044921875,False
545:query_mother:head:595:K,noise,196,-0.00341796875,False
545:query_mother:head:595:V,noise,0,0.48858642578125,False
545:query_mother:head:595:V,noise,16,0.24040985107421875,False
545:query_mother:head:595:V,noise,32,1.1179981231689453,False
545:query_mother:head:595:V,noise,48,0.5128173828125,False
545:query_mother:head:595:V,noise,56,0.5164947509765625,False
545:query_mother:head:595:V,noise,64,0.54608154296875,False
545:query_mother:head:595:V,noise,82,0.5657119750976562,False
545:query_mother:head:595:V,noise,96,1.7077865600585938,False
545:query_mother:head:595:V,noise,98,0.4169158935546875,False
545:query_mother:head:595:V,noise,102,0.7715377807617188,False
545:query_mother:head:595:V,noise,116,1.281982421875,False
545:query_mother:head:595:V,noise,130,0.7221755981445312,False
545:query_mother:head:595:V,noise,150,0.285430908203125,False
545:query_mother:head:595:V,noise,154,0.29296875,False
545:query_mother:head:595:V,noise,162,0.378662109375,False
545:query_mother:head:595:V,noise,176,0.63671875,False
545:query_mother:head:595:V,noise,178,1.2963676452636719,False
545:query_mother:head:595:V,noise,186,0.73956298828125,False
545:query_mother:head:595:V,noise,192,1.40997314453125,False
545:query_mother:head:595:V,noise,196,0.36083984375,False
545:query_mother:head:600:K,noise,0,-0.00732421875,False
545:query_mother:head:600:K,noise,16,-0.003143310546875,False
545:query_mother:head:600:K,noise,32,0.0377960205078125,False
545:query_mother:head:600:K,noise,48,0.001312255859375,False
545:query_mother:head:600:K,noise,56,0.0075225830078125,False
545:query_mother:head:600:K,noise,64,0.0823974609375,False
545:query_mother:head:600:K,noise,82,-0.0333251953125,False
545:query_mother:head:600:K,noise,96,0.0023651123046875,False
545:query_mother:head:600:K,noise,98,-0.175323486328125,False
545:query_mother:head:600:K,noise,102,-0.01082611083984375,False
545:query_mother:head:600:K,noise,116,-0.061279296875,False
545:query_mother:head:600:K,noise,130,-0.01263427734375,False
545:query_mother:head:600:K,noise,150,0.040802001953125,False
545:query_mother:head:600:K,noise,154,-0.0584716796875,False
545:query_mother:head:600:K,noise,162,0.038330078125,False
545:query_mother:head:600:K,noise,176,-0.0020751953125,False
545:query_mother:head:600:K,noise,178,-0.048676490783691406,False
545:query_mother:head:600:K,noise,186,-0.07867431640625,False
545:query_mother:head:600:K,noise,192,-0.0428466796875,False
545:query_mother:head:600:K,noise,196,0.02197265625,False
545:query_mother:head:600:V,noise,0,-0.58843994140625,False
545:query_mother:head:600:V,noise,16,-0.7311859130859375,False
545:query_mother:head:600:V,noise,32,-0.3256072998046875,False
545:query_mother:head:600:V,noise,48,-0.322540283203125,False
545:query_mother:head:600:V,noise,56,-0.3608551025390625,False
545:query_mother:head:600:V,noise,64,-0.5345458984375,False
545:query_mother:head:600:V,noise,82,-0.46044921875,False
545:query_mother:head:600:V,noise,96,-0.4548301696777344,False
545:query_mother:head:600:V,noise,98,-1.167327880859375,False
545:query_mother:head:600:V,noise,102,-0.32468414306640625,False
545:query_mother:head:600:V,noise,116,-0.7276611328125,False
545:query_mother:head:600:V,noise,130,-0.4271392822265625,False
545:query_mother:head:600:V,noise,150,-0.287506103515625,False
545:query_mother:head:600:V,noise,154,-0.567169189453125,False
545:query_mother:head:600:V,noise,162,-0.626220703125,False
545:query_mother:head:600:V,noise,176,-0.57373046875,False
545:query_mother:head:600:V,noise,178,-0.4866294860839844,False
545:query_mother:head:600:V,noise,186,-0.73004150390625,False
545:query_mother:head:600:V,noise,192,-0.7025146484375,False
545:query_mother:head:600:V,noise,196,-0.5625,False
545:query_mother:head:624:K,noise,0,0.00311279296875,False
545:query_mother:head:624:K,noise,16,-0.0181732177734375,False
545:query_mother:head:624:K,noise,32,-0.0467987060546875,False
545:query_mother:head:624:K,noise,48,-0.0394287109375,False
545:query_mother:head:624:K,noise,56,-0.000823974609375,False
545:query_mother:head:624:K,noise,64,0.00787353515625,False
545:query_mother:head:624:K,noise,82,-0.0728759765625,False
545:query_mother:head:624:K,noise,96,-0.01233673095703125,False
545:query_mother:head:624:K,noise,98,-0.046051025390625,False
545:query_mother:head:624:K,noise,102,0.0148773193359375,False
545:query_mother:head:624:K,noise,116,-0.034423828125,False
545:query_mother:head:624:K,noise,130,-0.0346221923828125,False
545:query_mother:head:624:K,noise,150,-0.01910400390625,False
545:query_mother:head:624:K,noise,154,-0.0072021484375,False
545:query_mother:head:624:K,noise,162,-0.01318359375,False
545:query_mother:head:624:K,noise,176,-0.0604248046875,False
545:query_mother:head:624:K,noise,178,-0.12717723846435547,False
545:query_mother:head:624:K,noise,186,-0.00946044921875,False
545:query_mother:head:624:K,noise,192,-0.02996826171875,False
545:query_mother:head:624:K,noise,196,-0.01025390625,False
545:query_mother:head:624:V,noise,0,-0.10614013671875,False
545:query_mother:head:624:V,noise,16,-0.082366943359375,False
545:query_mother:head:624:V,noise,32,-0.3373870849609375,False
545:query_mother:head:624:V,noise,48,-0.21802139282226562,False
545:query_mother:head:624:V,noise,56,-0.077056884765625,False
545:query_mother:head:624:V,noise,64,-0.094970703125,False
545:query_mother:head:624:V,noise,82,-0.0843505859375,False
545:query_mother:head:624:V,noise,96,-0.4700775146484375,False
545:query_mother:head:624:V,noise,98,-0.09149169921875,False
545:query_mother:head:624:V,noise,102,-0.20278167724609375,False
545:query_mother:head:624:V,noise,116,-0.2413330078125,False
545:query_mother:head:624:V,noise,130,-0.3433990478515625,False
545:query_mother:head:624:V,noise,150,-0.065277099609375,False
545:query_mother:head:624:V,noise,154,-0.05926513671875,False
545:query_mother:head:624:V,noise,162,-0.111328125,False
545:query_mother:head:624:V,noise,176,-0.1602783203125,False
545:query_mother:head:624:V,noise,178,-0.28578948974609375,False
545:query_mother:head:624:V,noise,186,-0.2230224609375,False
545:query_mother:head:624:V,noise,192,-0.13348388671875,False
545:query_mother:head:624:V,noise,196,-0.0771484375,False
545:query_mother:head:630:K,noise,0,0.001312255859375,False
545:query_mother:head:630:K,noise,16,0.061859130859375,False
545:query_mother:head:630:K,noise,32,0.2027130126953125,False
545:query_mother:head:630:K,noise,48,0.1054840087890625,False
545:query_mother:head:630:K,noise,56,-0.0366973876953125,False
545:query_mother:head:630:K,noise,64,-0.0194091796875,False
545:query_mother:head:630:K,noise,82,-0.0452880859375,False
545:query_mother:head:630:K,noise,96,0.16136932373046875,False
545:query_mother:head:630:K,noise,98,0.01751708984375,False
545:query_mother:head:630:K,noise,102,0.0524749755859375,False
545:query_mother:head:630:K,noise,116,0.035400390625,False
545:query_mother:head:630:K,noise,130,0.045013427734375,False
545:query_mother:head:630:K,noise,150,0.000244140625,False
545:query_mother:head:630:K,noise,154,0.00433349609375,False
545:query_mother:head:630:K,noise,162,0.0908203125,False
545:query_mother:head:630:K,noise,176,0.0172119140625,False
545:query_mother:head:630:K,noise,178,-0.18544387817382812,False
545:query_mother:head:630:K,noise,186,0.04364013671875,False
545:query_mother:head:630:K,noise,192,0.0428466796875,False
545:query_mother:head:630:K,noise,196,0.0517578125,False
545:query_mother:head:630:V,noise,0,-0.0089111328125,False
545:query_mother:head:630:V,noise,16,0.0189971923828125,False
545:query_mother:head:630:V,noise,32,0.0099334716796875,False
545:query_mother:head:630:V,noise,48,-0.0125885009765625,False
545:query_mother:head:630:V,noise,56,0.0443572998046875,False
545:query_mother:head:630:V,noise,64,0.00250244140625,False
545:query_mother:head:630:V,noise,82,0.01904296875,False
545:query_mother:head:630:V,noise,96,-0.07550048828125,False
545:query_mother:head:630:V,noise,98,-0.001434326171875,False
545:query_mother:head:630:V,noise,102,-0.007537841796875,False
545:query_mother:head:630:V,noise,116,-0.00152587890625,False
545:query_mother:head:630:V,noise,130,0.0109405517578125,False
545:query_mother:head:630:V,noise,150,-0.03204345703125,False
545:query_mother:head:630:V,noise,154,-0.045654296875,False
545:query_mother:head:630:V,noise,162,0.0322265625,False
545:query_mother:head:630:V,noise,176,0.009033203125,False
545:query_mother:head:630:V,noise,178,0.0679473876953125,False
545:query_mother:head:630:V,noise,186,0.02484130859375,False
545:query_mother:head:630:V,noise,192,-0.00555419921875,False
545:query_mother:head:630:V,noise,196,0.0078125,False
545:query_mother:head:641:K,noise,0,-0.046905517578125,False
545:query_mother:head:641:K,noise,16,-0.0083770751953125,False
545:query_mother:head:641:K,noise,32,-0.01198577880859375,False
545:query_mother:head:641:K,noise,48,-0.0731201171875,False
545:query_mother:head:641:K,noise,56,0.035125732421875,False
545:query_mother:head:641:K,noise,64,0.07354736328125,False
545:query_mother:head:641:K,noise,82,-0.00762939453125,False
545:query_mother:head:641:K,noise,96,-0.39669036865234375,False
545:query_mother:head:641:K,noise,98,-0.0128173828125,False
545:query_mother:head:641:K,noise,102,-0.24079132080078125,False
545:query_mother:head:641:K,noise,116,0.042236328125,False
545:query_mother:head:641:K,noise,130,-0.0035858154296875,False
545:query_mother:head:641:K,noise,150,-0.046875,False
545:query_mother:head:641:K,noise,154,-0.00775146484375,False
545:query_mother:head:641:K,noise,162,-0.04931640625,False
545:query_mother:head:641:K,noise,176,-0.12158203125,False
545:query_mother:head:641:K,noise,178,-0.08955001831054688,False
545:query_mother:head:641:K,noise,186,-0.046142578125,False
545:query_mother:head:641:K,noise,192,-0.25689697265625,False
545:query_mother:head:641:K,noise,196,-0.02783203125,False
545:query_mother:head:641:V,noise,0,-0.35711669921875,False
545:query_mother:head:641:V,noise,16,-0.0604248046875,False
545:query_mother:head:641:V,noise,32,-0.94000244140625,False
545:query_mother:head:641:V,noise,48,-0.269683837890625,False
545:query_mother:head:641:V,noise,56,-0.2085723876953125,False
545:query_mother:head:641:V,noise,64,-0.2335205078125,False
545:query_mother:head:641:V,noise,82,-0.2242431640625,False
545:query_mother:head:641:V,noise,96,-0.9317245483398438,False
545:query_mother:head:641:V,noise,98,-0.083709716796875,False
545:query_mother:head:641:V,noise,102,-0.8085556030273438,False
545:query_mother:head:641:V,noise,116,-0.7606201171875,False
545:query_mother:head:641:V,noise,130,-0.7710113525390625,False
545:query_mother:head:641:V,noise,150,-0.174285888671875,False
545:query_mother:head:641:V,noise,154,-0.2095947265625,False
545:query_mother:head:641:V,noise,162,-0.43310546875,False
545:query_mother:head:641:V,noise,176,-0.6204833984375,False
545:query_mother:head:641:V,noise,178,-0.43253326416015625,False
545:query_mother:head:641:V,noise,186,-0.3887939453125,False
545:query_mother:head:641:V,noise,192,-1.09014892578125,False
545:query_mother:head:641:V,noise,196,-0.12841796875,False
545:query_mother:head:678:K,noise,0,0.00238037109375,False
545:query_mother:head:678:K,noise,16,0.01373291015625,False
545:query_mother:head:678:K,noise,32,0.01470947265625,False
545:query_mother:head:678:K,noise,48,0.01312255859375,False
545:query_mother:head:678:K,noise,56,0.0006866455078125,False
545:query_mother:head:678:K,noise,64,-0.0137939453125,False
545:query_mother:head:678:K,noise,82,-0.0145263671875,False
545:query_mother:head:678:K,noise,96,0.0169677734375,False
545:query_mother:head:678:K,noise,98,-0.019195556640625,False
545:query_mother:head:678:K,noise,102,0.0033111572265625,False
545:query_mother:head:678:K,noise,116,-0.00201416015625,False
545:query_mother:head:678:K,noise,130,0.0064849853515625,False
545:query_mother:head:678:K,noise,150,0.005157470703125,False
545:query_mother:head:678:K,noise,154,-0.001953125,False
545:query_mother:head:678:K,noise,162,0.00927734375,False
545:query_mother:head:678:K,noise,176,0.006103515625,False
545:query_mother:head:678:K,noise,178,0.00539398193359375,False
545:query_mother:head:678:K,noise,186,-0.00244140625,False
545:query_mother:head:678:K,noise,192,0.04388427734375,False
545:query_mother:head:678:K,noise,196,0.00537109375,False
545:query_mother:head:678:V,noise,0,-0.02105712890625,False
545:query_mother:head:678:V,noise,16,-0.0122222900390625,False
545:query_mother:head:678:V,noise,32,-0.005035400390625,False
545:query_mother:head:678:V,noise,48,-0.0034027099609375,False
545:query_mother:head:678:V,noise,56,-0.0087738037109375,False
545:query_mother:head:678:V,noise,64,-0.01495361328125,False
545:query_mother:head:678:V,noise,82,-0.0125732421875,False
545:query_mother:head:678:V,noise,96,-0.02219390869140625,False
545:query_mother:head:678:V,noise,98,-0.00714111328125,False
545:query_mother:head:678:V,noise,102,-0.0010528564453125,False
545:query_mother:head:678:V,noise,116,-0.01617431640625,False
545:query_mother:head:678:V,noise,130,-0.0009765625,False
545:query_mother:head:678:V,noise,150,-0.008453369140625,False
545:query_mother:head:678:V,noise,154,-0.01171875,False
545:query_mother:head:678:V,noise,162,-0.03125,False
545:query_mother:head:678:V,noise,176,-0.01806640625,False
545:query_mother:head:678:V,noise,178,-0.012958526611328125,False
545:query_mother:head:678:V,noise,186,-0.05059814453125,False
545:query_mother:head:678:V,noise,192,-0.03570556640625,False
545:query_mother:head:678:V,noise,196,-0.017578125,False
545:query_mother:head:690:K,noise,0,-0.00689697265625,False
545:query_mother:head:690:K,noise,16,-0.0074615478515625,False
545:query_mother:head:690:K,noise,32,0.04351806640625,False
545:query_mother:head:690:K,noise,48,0.01525115966796875,False
545:query_mother:head:690:K,noise,56,0.0167999267578125,False
545:query_mother:head:690:K,noise,64,0.0059814453125,False
545:query_mother:head:690:K,noise,82,-0.00177001953125,False
545:query_mother:head:690:K,noise,96,-0.00183868408203125,False
545:query_mother:head:690:K,noise,98,0.002227783203125,False
545:query_mother:head:690:K,noise,102,-0.00522613525390625,False
545:query_mother:head:690:K,noise,116,0.00848388671875,False
545:query_mother:head:690:K,noise,130,0.0274505615234375,False
545:query_mother:head:690:K,noise,150,0.00067138671875,False
545:query_mother:head:690:K,noise,154,0.01177978515625,False
545:query_mother:head:690:K,noise,162,0.00830078125,False
545:query_mother:head:690:K,noise,176,-0.0157470703125,False
545:query_mother:head:690:K,noise,178,0.0035381317138671875,False
545:query_mother:head:690:K,noise,186,-0.0096435546875,False
545:query_mother:head:690:K,noise,192,0.01519775390625,False
545:query_mother:head:690:K,noise,196,0.0,False
545:query_mother:head:690:V,noise,0,-0.04498291015625,False
545:query_mother:head:690:V,noise,16,-0.0362701416015625,False
545:query_mother:head:690:V,noise,32,-0.0461578369140625,False
545:query_mother:head:690:V,noise,48,-0.02861785888671875,False
545:query_mother:head:690:V,noise,56,-0.0219879150390625,False
545:query_mother:head:690:V,noise,64,-0.02423095703125,False
545:query_mother:head:690:V,noise,82,-0.01025390625,False
545:query_mother:head:690:V,noise,96,-0.02304840087890625,False
545:query_mother:head:690:V,noise,98,-0.024078369140625,False
545:query_mother:head:690:V,noise,102,-0.0078277587890625,False
545:query_mother:head:690:V,noise,116,-0.0426025390625,False
545:query_mother:head:690:V,noise,130,-0.0273590087890625,False
545:query_mother:head:690:V,noise,150,-0.01531982421875,False
545:query_mother:head:690:V,noise,154,-0.00421142578125,False
545:query_mother:head:690:V,noise,162,-0.04248046875,False
545:query_mother:head:690:V,noise,176,-0.0269775390625,False
545:query_mother:head:690:V,noise,178,-0.033100128173828125,False
545:query_mother:head:690:V,noise,186,-0.031982421875,False
545:query_mother:head:690:V,noise,192,-0.02490234375,False
545:query_mother:head:690:V,noise,196,-0.0302734375,False
545:query_mother:head:695:K,noise,0,0.0009765625,False
545:query_mother:head:695:K,noise,16,0.00030517578125,False
545:query_mother:head:695:K,noise,32,0.000823974609375,False
545:query_mother:head:695:K,noise,48,0.0048828125,False
545:query_mother:head:695:K,noise,56,-0.00091552734375,False
545:query_mother:head:695:K,noise,64,-0.0013427734375,False
545:query_mother:head:695:K,noise,82,-0.00079345703125,False
545:query_mother:head:695:K,noise,96,-0.000518798828125,False
545:query_mother:head:695:K,noise,98,0.001708984375,False
545:query_mother:head:695:K,noise,102,-0.0024566650390625,False
545:query_mother:head:695:K,noise,116,-0.00103759765625,False
545:query_mother:head:695:K,noise,130,0.00390625,False
545:query_mother:head:695:K,noise,150,0.002288818359375,False
545:query_mother:head:695:K,noise,154,0.0035400390625,False
545:query_mother:head:695:K,noise,162,-0.0009765625,False
545:query_mother:head:695:K,noise,176,-0.0015869140625,False
545:query_mother:head:695:K,noise,178,-0.002750396728515625,False
545:query_mother:head:695:K,noise,186,-0.0010986328125,False
545:query_mother:head:695:K,noise,192,-6.103515625e-05,False
545:query_mother:head:695:K,noise,196,-0.0009765625,False
545:query_mother:head:695:V,noise,0,-0.013092041015625,False
545:query_mother:head:695:V,noise,16,-0.03851318359375,False
545:query_mother:head:695:V,noise,32,-0.04345703125,False
545:query_mother:head:695:V,noise,48,-0.043468475341796875,False
545:query_mother:head:695:V,noise,56,-0.04443359375,False
545:query_mother:head:695:V,noise,64,-0.010986328125,False
545:query_mother:head:695:V,noise,82,-0.0208740234375,False
545:query_mother:head:695:V,noise,96,-0.09748077392578125,False
545:query_mother:head:695:V,noise,98,-0.012115478515625,False
545:query_mother:head:695:V,noise,102,-0.02126312255859375,False
545:query_mother:head:695:V,noise,116,-0.0184326171875,False
545:query_mother:head:695:V,noise,130,-0.026092529296875,False
545:query_mother:head:695:V,noise,150,-0.02239990234375,False
545:query_mother:head:695:V,noise,154,-0.03094482421875,False
545:query_mother:head:695:V,noise,162,-0.01171875,False
545:query_mother:head:695:V,noise,176,-0.0352783203125,False
545:query_mother:head:695:V,noise,178,-0.053375244140625,False
545:query_mother:head:695:V,noise,186,-0.036376953125,False
545:query_mother:head:695:V,noise,192,-0.02532958984375,False
545:query_mother:head:695:V,noise,196,-0.0390625,False
545:query_mother:head:709:K,noise,0,-0.020263671875,False
545:query_mother:head:709:K,noise,16,-0.03289794921875,False
545:query_mother:head:709:K,noise,32,-0.01348876953125,False
545:query_mother:head:709:K,noise,48,0.0082244873046875,False
545:query_mother:head:709:K,noise,56,-0.004425048828125,False
545:query_mother:head:709:K,noise,64,-0.01007080078125,False
545:query_mother:head:709:K,noise,82,0.01953125,False
545:query_mother:head:709:K,noise,96,-0.12461090087890625,False
545:query_mother:head:709:K,noise,98,-0.050689697265625,False
545:query_mother:head:709:K,noise,102,-0.05892181396484375,False
545:query_mother:head:709:K,noise,116,-0.009765625,False
545:query_mother:head:709:K,noise,130,-0.056243896484375,False
545:query_mother:head:709:K,noise,150,-0.031341552734375,False
545:query_mother:head:709:K,noise,154,-0.076904296875,False
545:query_mother:head:709:K,noise,162,0.0166015625,False
545:query_mother:head:709:K,noise,176,0.01318359375,False
545:query_mother:head:709:K,noise,178,-0.043468475341796875,False
545:query_mother:head:709:K,noise,186,-0.0167236328125,False
545:query_mother:head:709:K,noise,192,0.0028076171875,False
545:query_mother:head:709:K,noise,196,-0.05712890625,False
545:query_mother:head:709:V,noise,0,0.62103271484375,False
545:query_mother:head:709:V,noise,16,1.6322784423828125,False
545:query_mother:head:709:V,noise,32,1.2000274658203125,False
545:query_mother:head:709:V,noise,48,0.84375,False
545:query_mother:head:709:V,noise,56,0.5972442626953125,False
545:query_mother:head:709:V,noise,64,0.38134765625,False
545:query_mother:head:709:V,noise,82,0.78515625,False
545:query_mother:head:709:V,noise,96,1.7086524963378906,False
545:query_mother:head:709:V,noise,98,0.6390151977539062,False
545:query_mother:head:709:V,noise,102,0.6849288940429688,False
545:query_mother:head:709:V,noise,116,0.67852783203125,False
545:query_mother:head:709:V,noise,130,0.5398778915405273,False
545:query_mother:head:709:V,noise,150,0.48895263671875,False
545:query_mother:head:709:V,noise,154,0.5572509765625,False
545:query_mother:head:709:V,noise,162,0.826416015625,False
545:query_mother:head:709:V,noise,176,0.8394775390625,False
545:query_mother:head:709:V,noise,178,0.9181861877441406,False
545:query_mother:head:709:V,noise,186,0.99835205078125,False
545:query_mother:head:709:V,noise,192,0.6649169921875,False
545:query_mother:head:709:V,noise,196,0.76708984375,False
545:query_mother:head:751:K,noise,0,0.003570556640625,False
545:query_mother:head:751:K,noise,16,0.00673675537109375,False
545:query_mother:head:751:K,noise,32,-0.0012969970703125,False
545:query_mother:head:751:K,noise,48,0.00263214111328125,False
545:query_mother:head:751:K,noise,56,-0.021759033203125,False
545:query_mother:head:751:K,noise,64,-0.001708984375,False
545:query_mother:head:751:K,noise,82,0.00787353515625,False
545:query_mother:head:751:K,noise,96,-0.026580810546875,False
545:query_mother:head:751:K,noise,98,-0.009429931640625,False
545:query_mother:head:751:K,noise,102,-0.0017242431640625,False
545:query_mother:head:751:K,noise,116,-0.01849365234375,False
545:query_mother:head:751:K,noise,130,-0.0081787109375,False
545:query_mother:head:751:K,noise,150,-0.008544921875,False
545:query_mother:head:751:K,noise,154,-0.00311279296875,False
545:query_mother:head:751:K,noise,162,-0.00146484375,False
545:query_mother:head:751:K,noise,176,0.01953125,False
545:query_mother:head:751:K,noise,178,0.018741607666015625,False
545:query_mother:head:751:K,noise,186,0.00164794921875,False
545:query_mother:head:751:K,noise,192,-0.0091552734375,False
545:query_mother:head:751:K,noise,196,0.00634765625,False
545:query_mother:head:751:V,noise,0,-0.0760498046875,False
545:query_mother:head:751:V,noise,16,-0.0607147216796875,False
545:query_mother:head:751:V,noise,32,-0.076568603515625,False
545:query_mother:head:751:V,noise,48,-0.06819915771484375,False
545:query_mother:head:751:V,noise,56,-0.0713043212890625,False
545:query_mother:head:751:V,noise,64,-0.04327392578125,False
545:query_mother:head:751:V,noise,82,-0.0179443359375,False
545:query_mother:head:751:V,noise,96,-0.0729522705078125,False
545:query_mother:head:751:V,noise,98,-0.014404296875,False
545:query_mother:head:751:V,noise,102,-0.0395050048828125,False
545:query_mother:head:751:V,noise,116,-0.05999755859375,False
545:query_mother:head:751:V,noise,130,-0.0345611572265625,False
545:query_mother:head:751:V,noise,150,-0.04229736328125,False
545:query_mother:head:751:V,noise,154,-0.0391845703125,False
545:query_mother:head:751:V,noise,162,-0.055908203125,False
545:query_mother:head:751:V,noise,176,-0.0531005859375,False
545:query_mother:head:751:V,noise,178,-0.038817405700683594,False
545:query_mother:head:751:V,noise,186,-0.090087890625,False
545:query_mother:head:751:V,noise,192,-0.05377197265625,False
545:query_mother:head:751:V,noise,196,-0.06591796875,False
545:query_mother:head:787:K,noise,0,-0.01873779296875,False
545:query_mother:head:787:K,noise,16,-0.004669189453125,False
545:query_mother:head:787:K,noise,32,-0.030426025390625,False
545:query_mother:head:787:K,noise,48,-0.00748443603515625,False
545:query_mother:head:787:K,noise,56,-0.0055389404296875,False
545:query_mother:head:787:K,noise,64,-0.00421142578125,False
545:query_mother:head:787:K,noise,82,-0.0467529296875,False
545:query_mother:head:787:K,noise,96,-0.0177154541015625,False
545:query_mother:head:787:K,noise,98,-0.0208740234375,False
545:query_mother:head:787:K,noise,102,-0.0195770263671875,False
545:query_mother:head:787:K,noise,116,0.001953125,False
545:query_mother:head:787:K,noise,130,-0.0030975341796875,False
545:query_mother:head:787:K,noise,150,-0.025909423828125,False
545:query_mother:head:787:K,noise,154,-0.001220703125,False
545:query_mother:head:787:K,noise,162,-0.0068359375,False
545:query_mother:head:787:K,noise,176,0.014404296875,False
545:query_mother:head:787:K,noise,178,0.004638671875,False
545:query_mother:head:787:K,noise,186,-0.00616455078125,False
545:query_mother:head:787:K,noise,192,0.00677490234375,False
545:query_mother:head:787:K,noise,196,0.00146484375,False
545:query_mother:head:787:V,noise,0,0.0438232421875,False
545:query_mother:head:787:V,noise,16,0.1117095947265625,False
545:query_mother:head:787:V,noise,32,0.0703582763671875,False
545:query_mother:head:787:V,noise,48,0.0543365478515625,False
545:query_mother:head:787:V,noise,56,0.0350189208984375,False
545:query_mother:head:787:V,noise,64,0.02618408203125,False
545:query_mother:head:787:V,noise,82,0.08526611328125,False
545:query_mother:head:787:V,noise,96,0.0541229248046875,False
545:query_mother:head:787:V,noise,98,0.0535888671875,False
545:query_mother:head:787:V,noise,102,0.03940582275390625,False
545:query_mother:head:787:V,noise,116,0.07000732421875,False
545:query_mother:head:787:V,noise,130,0.0231781005859375,False
545:query_mother:head:787:V,noise,150,0.056884765625,False
545:query_mother:head:787:V,noise,154,0.051513671875,False
545:query_mother:head:787:V,noise,162,0.07421875,False
545:query_mother:head:787:V,noise,176,0.201416015625,False
545:query_mother:head:787:V,noise,178,0.0242919921875,False
545:query_mother:head:787:V,noise,186,0.06121826171875,False
545:query_mother:head:787:V,noise,192,0.0736083984375,False
545:query_mother:head:787:V,noise,196,0.13232421875,False
545:query_mother:head:817:K,noise,0,0.002716064453125,False
545:query_mother:head:817:K,noise,16,0.002593994140625,False
545:query_mother:head:817:K,noise,32,0.003662109375,False
545:query_mother:head:817:K,noise,48,0.00122833251953125,False
545:query_mother:head:817:K,noise,56,-0.001617431640625,False
545:query_mother:head:817:K,noise,64,-0.00128173828125,False
545:query_mother:head:817:K,noise,82,0.0008544921875,False
545:query_mother:head:817:K,noise,96,-0.0015411376953125,False
545:query_mother:head:817:K,noise,98,-0.000335693359375,False
545:query_mother:head:817:K,noise,102,-6.103515625e-05,False
545:query_mother:head:817:K,noise,116,-0.00213623046875,False
545:query_mother:head:817:K,noise,130,0.001068115234375,False
545:query_mother:head:817:K,noise,150,0.000946044921875,False
545:query_mother:head:817:K,noise,154,0.00286865234375,False
545:query_mother:head:817:K,noise,162,-0.002197265625,False
545:query_mother:head:817:K,noise,176,0.00048828125,False
545:query_mother:head:817:K,noise,178,0.000213623046875,False
545:query_mother:head:817:K,noise,186,-0.00128173828125,False
545:query_mother:head:817:K,noise,192,-0.003173828125,False
545:query_mother:head:817:K,noise,196,0.00048828125,False
545:query_mother:head:817:V,noise,0,0.0003662109375,False
545:query_mother:head:817:V,noise,16,-0.00128173828125,False
545:query_mother:head:817:V,noise,32,0.0015716552734375,False
545:query_mother:head:817:V,noise,48,0.0002899169921875,False
545:query_mother:head:817:V,noise,56,-0.0025787353515625,False
545:query_mother:head:817:V,noise,64,0.00103759765625,False
545:query_mother:head:817:V,noise,82,0.00238037109375,False
545:query_mother:head:817:V,noise,96,0.00261688232421875,False
545:query_mother:head:817:V,noise,98,-0.001373291015625,False
545:query_mother:head:817:V,noise,102,-0.0011749267578125,False
545:query_mother:head:817:V,noise,116,-0.001708984375,False
545:query_mother:head:817:V,noise,130,-9.1552734375e-05,False
545:query_mother:head:817:V,noise,150,0.001129150390625,False
545:query_mother:head:817:V,noise,154,0.00189208984375,False
545:query_mother:head:817:V,noise,162,0.000244140625,False
545:query_mother:head:817:V,noise,176,-0.0008544921875,False
545:query_mother:head:817:V,noise,178,0.00058746337890625,False
545:query_mother:head:817:V,noise,186,-0.00030517578125,False
545:query_mother:head:817:V,noise,192,-6.103515625e-05,False
545:query_mother:head:817:V,noise,196,0.0,False
545:query_mother:head:855:K,noise,0,0.00103759765625,False
545:query_mother:head:855:K,noise,16,-0.003448486328125,False
545:query_mother:head:855:K,noise,32,0.0061798095703125,False
545:query_mother:head:855:K,noise,48,-0.0018463134765625,False
545:query_mother:head:855:K,noise,56,0.0007476806640625,False
545:query_mother:head:855:K,noise,64,-0.00115966796875,False
545:query_mother:head:855:K,noise,82,0.0015869140625,False
545:query_mother:head:855:K,noise,96,-1.52587890625e-05,False
545:query_mother:head:855:K,noise,98,0.0,False
545:query_mother:head:855:K,noise,102,-0.00199127197265625,False
545:query_mother:head:855:K,noise,116,0.0003662109375,False
545:query_mother:head:855:K,noise,130,-0.0004425048828125,False
545:query_mother:head:855:K,noise,150,0.003570556640625,False
545:query_mother:head:855:K,noise,154,0.0001220703125,False
545:query_mother:head:855:K,noise,162,0.000732421875,False
545:query_mother:head:855:K,noise,176,0.0029296875,False
545:query_mother:head:855:K,noise,178,-0.0040283203125,False
545:query_mother:head:855:K,noise,186,-0.0025634765625,False
545:query_mother:head:855:K,noise,192,-0.0084228515625,False
545:query_mother:head:855:K,noise,196,0.00927734375,False
545:query_mother:head:855:V,noise,0,-0.00286865234375,False
545:query_mother:head:855:V,noise,16,-0.032806396484375,False
545:query_mother:head:855:V,noise,32,-0.0178985595703125,False
545:query_mother:head:855:V,noise,48,-0.01513671875,False
545:query_mother:head:855:V,noise,56,-0.102752685546875,False
545:query_mother:head:855:V,noise,64,-0.01123046875,False
545:query_mother:head:855:V,noise,82,-0.0203857421875,False
545:query_mother:head:855:V,noise,96,-0.0256805419921875,False
545:query_mother:head:855:V,noise,98,-0.009765625,False
545:query_mother:head:855:V,noise,102,-0.01241302490234375,False
545:query_mother:head:855:V,noise,116,-0.02154541015625,False
545:query_mother:head:855:V,noise,130,-0.0140228271484375,False
545:query_mother:head:855:V,noise,150,-0.001861572265625,False
545:query_mother:head:855:V,noise,154,-0.0147705078125,False
545:query_mother:head:855:V,noise,162,-0.03515625,False
545:query_mother:head:855:V,noise,176,-0.063232421875,False
545:query_mother:head:855:V,noise,178,-0.01239013671875,False
545:query_mother:head:855:V,noise,186,-0.04437255859375,False
545:query_mother:head:855:V,noise,192,-0.04327392578125,False
545:query_mother:head:855:V,noise,196,-0.0625,False
545:query_mother:head:870:K,noise,0,0.04681396484375,False
545:query_mother:head:870:K,noise,16,0.0825347900390625,False
545:query_mother:head:870:K,noise,32,0.0208740234375,False
545:query_mother:head:870:K,noise,48,0.17138671875,False
545:query_mother:head:870:K,noise,56,0.0427093505859375,False
545:query_mother:head:870:K,noise,64,-0.01336669921875,False
545:query_mother:head:870:K,noise,82,0.15673828125,False
545:query_mother:head:870:K,noise,96,0.005283355712890625,False
545:query_mother:head:870:K,noise,98,0.14849853515625,False
545:query_mother:head:870:K,noise,102,-0.0035247802734375,False
545:query_mother:head:870:K,noise,116,0.095062255859375,False
545:query_mother:head:870:K,noise,130,-0.0441436767578125,False
545:query_mother:head:870:K,noise,150,0.091522216796875,False
545:query_mother:head:870:K,noise,154,-0.00140380859375,False
545:query_mother:head:870:K,noise,162,0.053955078125,False
545:query_mother:head:870:K,noise,176,0.0609130859375,False
545:query_mother:head:870:K,noise,178,0.09091567993164062,False
545:query_mother:head:870:K,noise,186,0.051513671875,False
545:query_mother:head:870:K,noise,192,-0.07110595703125,False
545:query_mother:head:870:K,noise,196,0.05078125,False
545:query_mother:head:870:V,noise,0,-0.11444091796875,False
545:query_mother:head:870:V,noise,16,0.5002288818359375,False
545:query_mother:head:870:V,noise,32,-0.24087905883789062,False
545:query_mother:head:870:V,noise,48,0.611083984375,False
545:query_mother:head:870:V,noise,56,0.4417572021484375,False
545:query_mother:head:870:V,noise,64,0.33416748046875,False
545:query_mother:head:870:V,noise,82,0.2355499267578125,False
545:query_mother:head:870:V,noise,96,-0.08801555633544922,False
545:query_mother:head:870:V,noise,98,0.1651153564453125,False
545:query_mother:head:870:V,noise,102,0.00214385986328125,False
545:query_mother:head:870:V,noise,116,0.46685791015625,False
545:query_mother:head:870:V,noise,130,0.4094696044921875,False
545:query_mother:head:870:V,noise,150,-0.059722900390625,False
545:query_mother:head:870:V,noise,154,-0.000244140625,False
545:query_mother:head:870:V,noise,162,0.888671875,False
545:query_mother:head:870:V,noise,176,1.1468505859375,False
545:query_mother:head:870:V,noise,178,0.5562095642089844,False
545:query_mother:head:870:V,noise,186,0.67706298828125,False
545:query_mother:head:870:V,noise,192,0.4254150390625,False
545:query_mother:head:870:V,noise,196,0.28076171875,False
545:query_mother:head:973:K,noise,0,-0.000152587890625,False
545:query_mother:head:973:K,noise,16,0.000946044921875,False
545:query_mother:head:973:K,noise,32,-0.00152587890625,False
545:query_mother:head:973:K,noise,48,0.0001068115234375,False
545:query_mother:head:973:K,noise,56,-0.0011444091796875,False
545:query_mother:head:973:K,noise,64,0.00091552734375,False
545:query_mother:head:973:K,noise,82,0.001708984375,False
545:query_mother:head:973:K,noise,96,0.0010223388671875,False
545:query_mother:head:973:K,noise,98,-0.0013427734375,False
545:query_mother:head:973:K,noise,102,0.00066375732421875,False
545:query_mother:head:973:K,noise,116,-0.00067138671875,False
545:query_mother:head:973:K,noise,130,-0.000762939453125,False
545:query_mother:head:973:K,noise,150,-0.0020751953125,False
545:query_mother:head:973:K,noise,154,-0.00067138671875,False
545:query_mother:head:973:K,noise,162,-0.00048828125,False
545:query_mother:head:973:K,noise,176,0.0,False
545:query_mother:head:973:K,noise,178,-0.001155853271484375,False
545:query_mother:head:973:K,noise,186,0.00091552734375,False
545:query_mother:head:973:K,noise,192,-0.0010986328125,False
545:query_mother:head:973:K,noise,196,-0.0009765625,False
545:query_mother:head:973:V,noise,0,0.002410888671875,False
545:query_mother:head:973:V,noise,16,0.0029754638671875,False
545:query_mother:head:973:V,noise,32,0.0006103515625,False
545:query_mother:head:973:V,noise,48,0.001495361328125,False
545:query_mother:head:973:V,noise,56,0.0,False
545:query_mother:head:973:V,noise,64,0.001220703125,False
545:query_mother:head:973:V,noise,82,0.002197265625,False
545:query_mother:head:973:V,noise,96,0.0005035400390625,False
545:query_mother:head:973:V,noise,98,0.000396728515625,False
545:query_mother:head:973:V,noise,102,0.00167083740234375,False
545:query_mother:head:973:V,noise,116,-0.00067138671875,False
545:query_mother:head:973:V,noise,130,-0.000457763671875,False
545:query_mother:head:973:V,noise,150,-3.0517578125e-05,False
545:query_mother:head:973:V,noise,154,0.0009765625,False
545:query_mother:head:973:V,noise,162,-0.00048828125,False
545:query_mother:head:973:V,noise,176,-0.00048828125,False
545:query_mother:head:973:V,noise,178,0.002536773681640625,False
545:query_mother:head:973:V,noise,186,0.0037841796875,False
545:query_mother:head:973:V,noise,192,-0.0001220703125,False
545:query_mother:head:973:V,noise,196,0.0009765625,False
545:query_mother:head:978:K,noise,0,0.000823974609375,False
545:query_mother:head:978:K,noise,16,-0.02142333984375,False
545:query_mother:head:978:K,noise,32,-0.002227783203125,False
545:query_mother:head:978:K,noise,48,-0.0124359130859375,False
545:query_mother:head:978:K,noise,56,-0.0077667236328125,False
545:query_mother:head:978:K,noise,64,-0.0068359375,False
545:query_mother:head:978:K,noise,82,-0.0477294921875,False
545:query_mother:head:978:K,noise,96,-0.00574493408203125,False
545:query_mother:head:978:K,noise,98,-0.035003662109375,False
545:query_mother:head:978:K,noise,102,-0.0216827392578125,False
545:query_mother:head:978:K,noise,116,-0.0177001953125,False
545:query_mother:head:978:K,noise,130,-0.03057861328125,False
545:query_mother:head:978:K,noise,150,-0.000640869140625,False
545:query_mother:head:978:K,noise,154,-0.01617431640625,False
545:query_mother:head:978:K,noise,162,-0.070556640625,False
545:query_mother:head:978:K,noise,176,-0.01904296875,False
545:query_mother:head:978:K,noise,178,-0.026538848876953125,False
545:query_mother:head:978:K,noise,186,-0.025634765625,False
545:query_mother:head:978:K,noise,192,-0.02423095703125,False
545:query_mother:head:978:K,noise,196,-0.06494140625,False
545:query_mother:head:978:V,noise,0,0.004150390625,False
545:query_mother:head:978:V,noise,16,0.08123779296875,False
545:query_mother:head:978:V,noise,32,0.00860595703125,False
545:query_mother:head:978:V,noise,48,0.0613250732421875,False
545:query_mother:head:978:V,noise,56,0.0126495361328125,False
545:query_mother:head:978:V,noise,64,0.02227783203125,False
545:query_mother:head:978:V,noise,82,0.04852294921875,False
545:query_mother:head:978:V,noise,96,0.0106964111328125,False
545:query_mother:head:978:V,noise,98,0.1021728515625,False
545:query_mother:head:978:V,noise,102,0.03912353515625,False
545:query_mother:head:978:V,noise,116,0.0877685546875,False
545:query_mother:head:978:V,noise,130,0.0238494873046875,False
545:query_mother:head:978:V,noise,150,0.013092041015625,False
545:query_mother:head:978:V,noise,154,0.0457763671875,False
545:query_mother:head:978:V,noise,162,0.115478515625,False
545:query_mother:head:978:V,noise,176,0.0377197265625,False
545:query_mother:head:978:V,noise,178,0.023876190185546875,False
545:query_mother:head:978:V,noise,186,0.05426025390625,False
545:query_mother:head:978:V,noise,192,0.06396484375,False
545:query_mother:head:978:V,noise,196,0.07958984375,False
545:query_mother:mlp:17:,noise,0,-0.091888427734375,False
545:query_mother:mlp:17:,noise,16,0.10772705078125,False
545:query_mother:mlp:17:,noise,32,0.0034332275390625,False
545:query_mother:mlp:17:,noise,48,-0.0591888427734375,False
545:query_mother:mlp:17:,noise,56,0.5157318115234375,False
545:query_mother:mlp:17:,noise,64,0.23077392578125,False
545:query_mother:mlp:17:,noise,82,-0.09619140625,False
545:query_mother:mlp:17:,noise,96,-0.1443328857421875,False
545:query_mother:mlp:17:,noise,98,-0.0897216796875,False
545:query_mother:mlp:17:,noise,102,0.015293121337890625,False
545:query_mother:mlp:17:,noise,116,0.035400390625,False
545:query_mother:mlp:17:,noise,130,0.5282363891601562,False
545:query_mother:mlp:17:,noise,150,-0.064727783203125,False
545:query_mother:mlp:17:,noise,154,0.07244873046875,False
545:query_mother:mlp:17:,noise,162,0.183349609375,False
545:query_mother:mlp:17:,noise,176,-0.0286865234375,False
545:query_mother:mlp:17:,noise,178,0.2955436706542969,False
545:query_mother:mlp:17:,noise,186,-0.04827880859375,False
545:query_mother:mlp:17:,noise,192,0.1708984375,False
545:query_mother:mlp:17:,noise,196,0.08251953125,False
545:query_mother:mlp:18:,noise,0,-0.03643798828125,False
545:query_mother:mlp:18:,noise,16,-0.0966949462890625,False
545:query_mother:mlp:18:,noise,32,-0.06111907958984375,False
545:query_mother:mlp:18:,noise,48,-0.0686187744140625,False
545:query_mother:mlp:18:,noise,56,0.0523529052734375,False
545:query_mother:mlp:18:,noise,64,-0.02392578125,False
545:query_mother:mlp:18:,noise,82,-0.0054931640625,False
545:query_mother:mlp:18:,noise,96,0.03630828857421875,False
545:query_mother:mlp:18:,noise,98,-0.024627685546875,False
545:query_mother:mlp:18:,noise,102,0.06111907958984375,False
545:query_mother:mlp:18:,noise,116,0.02874755859375,False
545:query_mother:mlp:18:,noise,130,-0.0353851318359375,False
545:query_mother:mlp:18:,noise,150,-0.0117340087890625,False
545:query_mother:mlp:18:,noise,154,0.00274658203125,False
545:query_mother:mlp:18:,noise,162,-0.01513671875,False
545:query_mother:mlp:18:,noise,176,0.03466796875,False
545:query_mother:mlp:18:,noise,178,0.028331756591796875,False
545:query_mother:mlp:18:,noise,186,0.07305908203125,False
545:query_mother:mlp:18:,noise,192,0.0379638671875,False
545:query_mother:mlp:18:,noise,196,0.025390625,False
545:query_period:head:594:K,noise,0,0.009002685546875,False
545:query_period:head:594:K,noise,16,-0.102264404296875,False
545:query_period:head:594:K,noise,32,0.060516357421875,False
545:query_period:head:594:K,noise,48,-0.00560760498046875,False
545:query_period:head:594:K,noise,56,-0.007049560546875,False
545:query_period:head:594:K,noise,64,0.05023193359375,False
545:query_period:head:594:K,noise,82,0.0311279296875,False
545:query_period:head:594:K,noise,96,-0.03615570068359375,False
545:query_period:head:594:K,noise,98,-0.064117431640625,False
545:query_period:head:594:K,noise,102,-0.07132720947265625,False
545:query_period:head:594:K,noise,116,-0.073486328125,False
545:query_period:head:594:K,noise,130,-0.0141754150390625,False
545:query_period:head:594:K,noise,150,0.005157470703125,False
545:query_period:head:594:K,noise,154,-0.062744140625,False
545:query_period:head:594:K,noise,162,0.006103515625,False
545:query_period:head:594:K,noise,176,0.0035400390625,False
545:query_period:head:594:K,noise,178,-0.07713699340820312,False
545:query_period:head:594:K,noise,186,-0.030517578125,False
545:query_period:head:594:K,noise,192,-0.0501708984375,False
545:query_period:head:594:K,noise,196,-0.021484375,False
545:query_period:head:594:V,noise,0,0.42340087890625,False
545:query_period:head:594:V,noise,16,1.9144372940063477,False
545:query_period:head:594:V,noise,32,1.4063262939453125,False
545:query_period:head:594:V,noise,48,0.6905517578125,False
545:query_period:head:594:V,noise,56,1.0087738037109375,False
545:query_period:head:594:V,noise,64,1.01708984375,False
545:query_period:head:594:V,noise,82,1.4253082275390625,False
545:query_period:head:594:V,noise,96,2.6599960327148438,False
545:query_period:head:594:V,noise,98,1.3193359375,False
545:query_period:head:594:V,noise,102,0.9287033081054688,False
545:query_period:head:594:V,noise,116,0.99652099609375,False
545:query_period:head:594:V,noise,130,0.5111083984375,False
545:query_period:head:594:V,noise,150,1.139068603515625,False
545:query_period:head:594:V,noise,154,1.529541015625,False
545:query_period:head:594:V,noise,162,1.185546875,False
545:query_period:head:594:V,noise,176,0.870361328125,False
545:query_period:head:594:V,noise,178,0.7961997985839844,False
545:query_period:head:594:V,noise,186,1.7918701171875,False
545:query_period:head:594:V,noise,192,1.5135498046875,False
545:query_period:head:594:V,noise,196,0.9677734375,False
545:query_period:head:595:K,noise,0,0.003631591796875,False
545:query_period:head:595:K,noise,16,0.0029144287109375,False
545:query_period:head:595:K,noise,32,-0.0013427734375,False
545:query_period:head:595:K,noise,48,-0.00083160400390625,False
545:query_period:head:595:K,noise,56,0.0021209716796875,False
545:query_period:head:595:K,noise,64,0.00225830078125,False
545:query_period:head:595:K,noise,82,-0.00274658203125,False
545:query_period:head:595:K,noise,96,0.0071868896484375,False
545:query_period:head:595:K,noise,98,-0.045654296875,False
545:query_period:head:595:K,noise,102,0.0024566650390625,False
545:query_period:head:595:K,noise,116,-0.0164794921875,False
545:query_period:head:595:K,noise,130,-0.0010528564453125,False
545:query_period:head:595:K,noise,150,-0.003509521484375,False
545:query_period:head:595:K,noise,154,-0.02423095703125,False
545:query_period:head:595:K,noise,162,0.0048828125,False
545:query_period:head:595:K,noise,176,-0.0054931640625,False
545:query_period:head:595:K,noise,178,-0.006511688232421875,False
545:query_period:head:595:K,noise,186,0.00103759765625,False
545:query_period:head:595:K,noise,192,-0.00537109375,False
545:query_period:head:595:K,noise,196,-0.00341796875,False
545:query_period:head:595:V,noise,0,0.176361083984375,False
545:query_period:head:595:V,noise,16,0.6129856109619141,False
545:query_period:head:595:V,noise,32,0.6767501831054688,False
545:query_period:head:595:V,noise,48,0.2596588134765625,False
545:query_period:head:595:V,noise,56,0.2664337158203125,False
545:query_period:head:595:V,noise,64,0.39691162109375,False
545:query_period:head:595:V,noise,82,0.84527587890625,False
545:query_period:head:595:V,noise,96,0.9569320678710938,False
545:query_period:head:595:V,noise,98,0.5598602294921875,False
545:query_period:head:595:V,noise,102,0.35774993896484375,False
545:query_period:head:595:V,noise,116,0.28375244140625,False
545:query_period:head:595:V,noise,130,0.125030517578125,False
545:query_period:head:595:V,noise,150,0.3125,False
545:query_period:head:595:V,noise,154,0.48553466796875,False
545:query_period:head:595:V,noise,162,0.250244140625,False
545:query_period:head:595:V,noise,176,0.2635498046875,False
545:query_period:head:595:V,noise,178,0.18188858032226562,False
545:query_period:head:595:V,noise,186,0.57861328125,False
545:query_period:head:595:V,noise,192,0.3497314453125,False
545:query_period:head:595:V,noise,196,0.30615234375,False
545:query_period:head:600:K,noise,0,-0.001190185546875,False
545:query_period:head:600:K,noise,16,-0.0077362060546875,False
545:query_period:head:600:K,noise,32,0.0270233154296875,False
545:query_period:head:600:K,noise,48,-0.001708984375,False
545:query_period:head:600:K,noise,56,0.00396728515625,False
545:query_period:head:600:K,noise,64,0.02850341796875,False
545:query_period:head:600:K,noise,82,-0.01953125,False
545:query_period:head:600:K,noise,96,0.007965087890625,False
545:query_period:head:600:K,noise,98,-0.02545166015625,False
545:query_period:head:600:K,noise,102,-0.0099334716796875,False
545:query_period:head:600:K,noise,116,-0.01995849609375,False
545:query_period:head:600:K,noise,130,-0.0102691650390625,False
545:query_period:head:600:K,noise,150,0.028656005859375,False
545:query_period:head:600:K,noise,154,-0.06524658203125,False
545:query_period:head:600:K,noise,162,0.017822265625,False
545:query_period:head:600:K,noise,176,0.00830078125,False
545:query_period:head:600:K,noise,178,-0.0067138671875,False
545:query_period:head:600:K,noise,186,-0.03460693359375,False
545:query_period:head:600:K,noise,192,-0.015869140625,False
545:query_period:head:600:K,noise,196,0.0205078125,False
545:query_period:head:600:V,noise,0,-0.132843017578125,False
545:query_period:head:600:V,noise,16,-0.3570404052734375,False
545:query_period:head:600:V,noise,32,-0.375732421875,False
545:query_period:head:600:V,noise,48,-0.14944076538085938,False
545:query_period:head:600:V,noise,56,-0.2240447998046875,False
545:query_period:head:600:V,noise,64,-0.16717529296875,False
545:query_period:head:600:V,noise,82,-0.28759765625,False
545:query_period:head:600:V,noise,96,-0.45365333557128906,False
545:query_period:head:600:V,noise,98,-0.30963134765625,False
545:query_period:head:600:V,noise,102,-0.20752716064453125,False
545:query_period:head:600:V,noise,116,-0.26800537109375,False
545:query_period:head:600:V,noise,130,-0.1514129638671875,False
545:query_period:head:600:V,noise,150,-0.193939208984375,False
545:query_period:head:600:V,noise,154,-0.28790283203125,False
545:query_period:head:600:V,noise,162,-0.25439453125,False
545:query_period:head:600:V,noise,176,-0.2459716796875,False
545:query_period:head:600:V,noise,178,-0.18414306640625,False
545:query_period:head:600:V,noise,186,-0.3795166015625,False
545:query_period:head:600:V,noise,192,-0.292236328125,False
545:query_period:head:600:V,noise,196,-0.232421875,False
545:query_period:head:624:K,noise,0,-0.003662109375,False
545:query_period:head:624:K,noise,16,-0.006622314453125,False
545:query_period:head:624:K,noise,32,-0.0096893310546875,False
545:query_period:head:624:K,noise,48,-0.000244140625,False
545:query_period:head:624:K,noise,56,-0.0117340087890625,False
545:query_period:head:624:K,noise,64,-0.00250244140625,False
545:query_period:head:624:K,noise,82,-0.002197265625,False
545:query_period:head:624:K,noise,96,-0.0037384033203125,False
545:query_period:head:624:K,noise,98,-0.00604248046875,False
545:query_period:head:624:K,noise,102,-0.008514404296875,False
545:query_period:head:624:K,noise,116,-0.01300048828125,False
545:query_period:head:624:K,noise,130,-0.003509521484375,False
545:query_period:head:624:K,noise,150,-0.004638671875,False
545:query_period:head:624:K,noise,154,-0.00384521484375,False
545:query_period:head:624:K,noise,162,0.001220703125,False
545:query_period:head:624:K,noise,176,-0.0057373046875,False
545:query_period:head:624:K,noise,178,-0.010227203369140625,False
545:query_period:head:624:K,noise,186,-0.00885009765625,False
545:query_period:head:624:K,noise,192,-0.0020751953125,False
545:query_period:head:624:K,noise,196,-0.00537109375,False
545:query_period:head:624:V,noise,0,-0.0068359375,False
545:query_period:head:624:V,noise,16,-0.016845703125,False
545:query_period:head:624:V,noise,32,-0.0349884033203125,False
545:query_period:head:624:V,noise,48,-0.0067596435546875,False
545:query_period:head:624:V,noise,56,-0.01568603515625,False
545:query_period:head:624:V,noise,64,-0.01153564453125,False
545:query_period:head:624:V,noise,82,-0.0106201171875,False
545:query_period:head:624:V,noise,96,-0.0425872802734375,False
545:query_period:head:624:V,noise,98,-0.018218994140625,False
545:query_period:head:624:V,noise,102,-0.0235748291015625,False
545:query_period:head:624:V,noise,116,-0.02044677734375,False
545:query_period:head:624:V,noise,130,-0.0064849853515625,False
545:query_period:head:624:V,noise,150,-0.01129150390625,False
545:query_period:head:624:V,noise,154,-0.00518798828125,False
545:query_period:head:624:V,noise,162,-0.01513671875,False
545:query_period:head:624:V,noise,176,-0.011474609375,False
545:query_period:head:624:V,noise,178,-0.013011932373046875,False
545:query_period:head:624:V,noise,186,-0.02789306640625,False
545:query_period:head:624:V,noise,192,-0.01641845703125,False
545:query_period:head:624:V,noise,196,-0.01220703125,False
545:query_period:head:630:K,noise,0,-0.0001220703125,False
545:query_period:head:630:K,noise,16,-0.006439208984375,False
545:query_period:head:630:K,noise,32,-0.0084075927734375,False
545:query_period:head:630:K,noise,48,-0.0055389404296875,False
545:query_period:head:630:K,noise,56,0.0041046142578125,False
545:query_period:head:630:K,noise,64,-0.00189208984375,False
545:query_period:head:630:K,noise,82,-0.0069580078125,False
545:query_period:head:630:K,noise,96,-0.009735107421875,False
545:query_period:head:630:K,noise,98,-0.00244140625,False
545:query_period:head:630:K,noise,102,0.001678466796875,False
545:query_period:head:630:K,noise,116,-0.00823974609375,False
545:query_period:head:630:K,noise,130,-0.0030059814453125,False
545:query_period:head:630:K,noise,150,-0.003204345703125,False
545:query_period:head:630:K,noise,154,-0.0003662109375,False
545:query_period:head:630:K,noise,162,-0.00048828125,False
545:query_period:head:630:K,noise,176,-0.0032958984375,False
545:query_period:head:630:K,noise,178,0.013681411743164062,False
545:query_period:head:630:K,noise,186,-0.00384521484375,False
545:query_period:head:630:K,noise,192,0.0001220703125,False
545:query_period:head:630:K,noise,196,-0.00830078125,False
545:query_period:head:630:V,noise,0,0.00140380859375,False
545:query_period:head:630:V,noise,16,-0.00030517578125,False
545:query_period:head:630:V,noise,32,0.0018768310546875,False
545:query_period:head:630:V,noise,48,0.0010223388671875,False
545:query_period:head:630:V,noise,56,0.0048828125,False
545:query_period:head:630:V,noise,64,-0.00042724609375,False
545:query_period:head:630:V,noise,82,0.0020751953125,False
545:query_period:head:630:V,noise,96,-0.008575439453125,False
545:query_period:head:630:V,noise,98,-0.002593994140625,False
545:query_period:head:630:V,noise,102,-0.00113677978515625,False
545:query_period:head:630:V,noise,116,-0.0023193359375,False
545:query_period:head:630:V,noise,130,0.00115966796875,False
545:query_period:head:630:V,noise,150,-0.003936767578125,False
545:query_period:head:630:V,noise,154,-0.00164794921875,False
545:query_period:head:630:V,noise,162,0.002197265625,False
545:query_period:head:630:V,noise,176,0.0,False
545:query_period:head:630:V,noise,178,0.000377655029296875,False
545:query_period:head:630:V,noise,186,0.00262451171875,False
545:query_period:head:630:V,noise,192,0.00042724609375,False
545:query_period:head:630:V,noise,196,-0.0029296875,False
545:query_period:head:641:K,noise,0,-0.003143310546875,False
545:query_period:head:641:K,noise,16,-0.004791259765625,False
545:query_period:head:641:K,noise,32,-0.0087738037109375,False
545:query_period:head:641:K,noise,48,-0.00687408447265625,False
545:query_period:head:641:K,noise,56,-0.0206146240234375,False
545:query_period:head:641:K,noise,64,-0.005859375,False
545:query_period:head:641:K,noise,82,-0.00921630859375,False
545:query_period:head:641:K,noise,96,0.0035552978515625,False
545:query_period:head:641:K,noise,98,-0.004302978515625,False
545:query_period:head:641:K,noise,102,-0.00998687744140625,False
545:query_period:head:641:K,noise,116,-0.01715087890625,False
545:query_period:head:641:K,noise,130,-0.00103759765625,False
545:query_period:head:641:K,noise,150,-0.011505126953125,False
545:query_period:head:641:K,noise,154,-0.00299072265625,False
545:query_period:head:641:K,noise,162,0.003662109375,False
545:query_period:head:641:K,noise,176,-0.0052490234375,False
545:query_period:head:641:K,noise,178,-0.00521087646484375,False
545:query_period:head:641:K,noise,186,-0.00079345703125,False
545:query_period:head:641:K,noise,192,0.0013427734375,False
545:query_period:head:641:K,noise,196,-0.005859375,False
545:query_period:head:641:V,noise,0,-0.026763916015625,False
545:query_period:head:641:V,noise,16,-0.0481109619140625,False
545:query_period:head:641:V,noise,32,-0.052520751953125,False
545:query_period:head:641:V,noise,48,-0.03497314453125,False
545:query_period:head:641:V,noise,56,-0.06317138671875,False
545:query_period:head:641:V,noise,64,-0.02716064453125,False
545:query_period:head:641:V,noise,82,-0.0638427734375,False
545:query_period:head:641:V,noise,96,-0.08740997314453125,False
545:query_period:head:641:V,noise,98,-0.026519775390625,False
545:query_period:head:641:V,noise,102,-0.10012054443359375,False
545:query_period:head:641:V,noise,116,-0.0496826171875,False
545:query_period:head:641:V,noise,130,-0.0105743408203125,False
545:query_period:head:641:V,noise,150,-0.060638427734375,False
545:query_period:head:641:V,noise,154,-0.05169677734375,False
545:query_period:head:641:V,noise,162,-0.039306640625,False
545:query_period:head:641:V,noise,176,-0.029541015625,False
545:query_period:head:641:V,noise,178,-0.042369842529296875,False
545:query_period:head:641:V,noise,186,-0.05224609375,False
545:query_period:head:641:V,noise,192,-0.05731201171875,False
545:query_period:head:641:V,noise,196,-0.0302734375,False
545:query_period:head:678:K,noise,0,0.003875732421875,False
545:query_period:head:678:K,noise,16,0.00115966796875,False
545:query_period:head:678:K,noise,32,0.0012359619140625,False
545:query_period:head:678:K,noise,48,0.0014801025390625,False
545:query_period:head:678:K,noise,56,-0.0079193115234375,False
545:query_period:head:678:K,noise,64,-0.00091552734375,False
545:query_period:head:678:K,noise,82,0.00225830078125,False
545:query_period:head:678:K,noise,96,-0.00055694580078125,False
545:query_period:head:678:K,noise,98,-0.002471923828125,False
545:query_period:head:678:K,noise,102,0.00466156005859375,False
545:query_period:head:678:K,noise,116,-0.002197265625,False
545:query_period:head:678:K,noise,130,0.00341796875,False
545:query_period:head:678:K,noise,150,0.00238037109375,False
545:query_period:head:678:K,noise,154,0.00421142578125,False
545:query_period:head:678:K,noise,162,-0.00146484375,False
545:query_period:head:678:K,noise,176,-0.0020751953125,False
545:query_period:head:678:K,noise,178,-0.00261688232421875,False
545:query_period:head:678:K,noise,186,-0.0023193359375,False
545:query_period:head:678:K,noise,192,0.00177001953125,False
545:query_period:head:678:K,noise,196,-0.00244140625,False
545:query_period:head:678:V,noise,0,0.0009765625,False
545:query_period:head:678:V,noise,16,0.000274658203125,False
545:query_period:head:678:V,noise,32,-0.0037689208984375,False
545:query_period:head:678:V,noise,48,0.0015716552734375,False
545:query_period:head:678:V,noise,56,-0.00537109375,False
545:query_period:head:678:V,noise,64,-0.001708984375,False
545:query_period:head:678:V,noise,82,-0.00128173828125,False
545:query_period:head:678:V,noise,96,-0.00574493408203125,False
545:query_period:head:678:V,noise,98,-0.00372314453125,False
545:query_period:head:678:V,noise,102,0.0003814697265625,False
545:query_period:head:678:V,noise,116,-0.00653076171875,False
545:query_period:head:678:V,noise,130,0.0002288818359375,False
545:query_period:head:678:V,noise,150,-0.000274658203125,False
545:query_period:head:678:V,noise,154,0.002685546875,False
545:query_period:head:678:V,noise,162,0.00048828125,False
545:query_period:head:678:V,noise,176,-0.000732421875,False
545:query_period:head:678:V,noise,178,-0.0026397705078125,False
545:query_period:head:678:V,noise,186,-0.0032958984375,False
545:query_period:head:678:V,noise,192,-0.00152587890625,False
545:query_period:head:678:V,noise,196,-0.0029296875,False
545:query_period:head:690:K,noise,0,0.002471923828125,False
545:query_period:head:690:K,noise,16,0.0004119873046875,False
545:query_period:head:690:K,noise,32,-0.0037994384765625,False
545:query_period:head:690:K,noise,48,0.003143310546875,False
545:query_period:head:690:K,noise,56,-0.0008392333984375,False
545:query_period:head:690:K,noise,64,-0.0013427734375,False
545:query_period:head:690:K,noise,82,0.0023193359375,False
545:query_period:head:690:K,noise,96,0.00315093994140625,False
545:query_period:head:690:K,noise,98,0.0018310546875,False
545:query_period:head:690:K,noise,102,0.00220489501953125,False
545:query_period:head:690:K,noise,116,-0.00238037109375,False
545:query_period:head:690:K,noise,130,-0.0024871826171875,False
545:query_period:head:690:K,noise,150,-0.001678466796875,False
545:query_period:head:690:K,noise,154,0.002685546875,False
545:query_period:head:690:K,noise,162,-0.00048828125,False
545:query_period:head:690:K,noise,176,-0.0008544921875,False
545:query_period:head:690:K,noise,178,-0.002841949462890625,False
545:query_period:head:690:K,noise,186,0.001708984375,False
545:query_period:head:690:K,noise,192,-0.00445556640625,False
545:query_period:head:690:K,noise,196,0.001953125,False
545:query_period:head:690:V,noise,0,0.001251220703125,False
545:query_period:head:690:V,noise,16,-0.0011749267578125,False
545:query_period:head:690:V,noise,32,-0.00592041015625,False
545:query_period:head:690:V,noise,48,0.0005035400390625,False
545:query_period:head:690:V,noise,56,-0.00457763671875,False
545:query_period:head:690:V,noise,64,-0.000244140625,False
545:query_period:head:690:V,noise,82,-6.103515625e-05,False
545:query_period:head:690:V,noise,96,-0.00048828125,False
545:query_period:head:690:V,noise,98,-0.00360107421875,False
545:query_period:head:690:V,noise,102,-0.00183868408203125,False
545:query_period:head:690:V,noise,116,-0.00140380859375,False
545:query_period:head:690:V,noise,130,0.0,False
545:query_period:head:690:V,noise,150,0.001617431640625,False
545:query_period:head:690:V,noise,154,0.00030517578125,False
545:query_period:head:690:V,noise,162,-0.001220703125,False
545:query_period:head:690:V,noise,176,-0.00048828125,False
545:query_period:head:690:V,noise,178,-0.00188446044921875,False
545:query_period:head:690:V,noise,186,-0.00238037109375,False
545:query_period:head:690:V,noise,192,-0.00335693359375,False
545:query_period:head:690:V,noise,196,-0.0009765625,False
545:query_period:head:695:K,noise,0,0.00225830078125,False
545:query_period:head:695:K,noise,16,0.0025177001953125,False
545:query_period:head:695:K,noise,32,0.0004119873046875,False
545:query_period:head:695:K,noise,48,-6.866455078125e-05,False
545:query_period:head:695:K,noise,56,0.0053558349609375,False
545:query_period:head:695:K,noise,64,0.0001220703125,False
545:query_period:head:695:K,noise,82,-0.00152587890625,False
545:query_period:head:695:K,noise,96,-0.003021240234375,False
545:query_period:head:695:K,noise,98,-0.00030517578125,False
545:query_period:head:695:K,noise,102,-0.002044677734375,False
545:query_period:head:695:K,noise,116,-0.00653076171875,False
545:query_period:head:695:K,noise,130,-0.0002593994140625,False
545:query_period:head:695:K,noise,150,-0.002777099609375,False
545:query_period:head:695:K,noise,154,0.003173828125,False
545:query_period:head:695:K,noise,162,0.0,False
545:query_period:head:695:K,noise,176,-0.002685546875,False
545:query_period:head:695:K,noise,178,-0.003314971923828125,False
545:query_period:head:695:K,noise,186,0.00079345703125,False
545:query_period:head:695:K,noise,192,-0.00140380859375,False
545:query_period:head:695:K,noise,196,-0.00341796875,False
545:query_period:head:695:V,noise,0,-0.002288818359375,False
545:query_period:head:695:V,noise,16,-0.005706787109375,False
545:query_period:head:695:V,noise,32,-0.007659912109375,False
545:query_period:head:695:V,noise,48,-0.002288818359375,False
545:query_period:head:695:V,noise,56,-0.0208587646484375,False
545:query_period:head:695:V,noise,64,-0.0008544921875,False
545:query_period:head:695:V,noise,82,-0.0045166015625,False
545:query_period:head:695:V,noise,96,-0.02434539794921875,False
545:query_period:head:695:V,noise,98,-0.008697509765625,False
545:query_period:head:695:V,noise,102,-0.003997802734375,False
545:query_period:head:695:V,noise,116,-0.00567626953125,False
545:query_period:head:695:V,noise,130,0.001373291015625,False
545:query_period:head:695:V,noise,150,-0.0052490234375,False
545:query_period:head:695:V,noise,154,-0.00579833984375,False
545:query_period:head:695:V,noise,162,-0.00927734375,False
545:query_period:head:695:V,noise,176,-0.004638671875,False
545:query_period:head:695:V,noise,178,-0.005401611328125,False
545:query_period:head:695:V,noise,186,-0.00885009765625,False
545:query_period:head:695:V,noise,192,-0.0089111328125,False
545:query_period:head:695:V,noise,196,-0.0078125,False
545:query_period:head:709:K,noise,0,0.001556396484375,False
545:query_period:head:709:K,noise,16,-0.0005340576171875,False
545:query_period:head:709:K,noise,32,-0.0005035400390625,False
545:query_period:head:709:K,noise,48,-4.57763671875e-05,False
545:query_period:head:709:K,noise,56,-0.0003204345703125,False
545:query_period:head:709:K,noise,64,-6.103515625e-05,False
545:query_period:head:709:K,noise,82,-0.000244140625,False
545:query_period:head:709:K,noise,96,-0.00348663330078125,False
545:query_period:head:709:K,noise,98,-0.000396728515625,False
545:query_period:head:709:K,noise,102,-0.00118255615234375,False
545:query_period:head:709:K,noise,116,-0.00225830078125,False
545:query_period:head:709:K,noise,130,0.0012359619140625,False
545:query_period:head:709:K,noise,150,-9.1552734375e-05,False
545:query_period:head:709:K,noise,154,-0.00054931640625,False
545:query_period:head:709:K,noise,162,0.001708984375,False
545:query_period:head:709:K,noise,176,-0.0010986328125,False
545:query_period:head:709:K,noise,178,-0.002094268798828125,False
545:query_period:head:709:K,noise,186,6.103515625e-05,False
545:query_period:head:709:K,noise,192,-0.00115966796875,False
545:query_period:head:709:K,noise,196,-0.001953125,False
545:query_period:head:709:V,noise,0,0.00457763671875,False
545:query_period:head:709:V,noise,16,0.0064544677734375,False
545:query_period:head:709:V,noise,32,0.0164337158203125,False
545:query_period:head:709:V,noise,48,0.00811767578125,False
545:query_period:head:709:V,noise,56,0.0077362060546875,False
545:query_period:head:709:V,noise,64,0.0057373046875,False
545:query_period:head:709:V,noise,82,0.003662109375,False
545:query_period:head:709:V,noise,96,0.0321807861328125,False
545:query_period:head:709:V,noise,98,0.01324462890625,False
545:query_period:head:709:V,noise,102,0.0116729736328125,False
545:query_period:head:709:V,noise,116,0.00518798828125,False
545:query_period:head:709:V,noise,130,0.0056304931640625,False
545:query_period:head:709:V,noise,150,0.012359619140625,False
545:query_period:head:709:V,noise,154,0.01373291015625,False
545:query_period:head:709:V,noise,162,0.010986328125,False
545:query_period:head:709:V,noise,176,0.01318359375,False
545:query_period:head:709:V,noise,178,0.00482940673828125,False
545:query_period:head:709:V,noise,186,0.01116943359375,False
545:query_period:head:709:V,noise,192,0.00482177734375,False
545:query_period:head:709:V,noise,196,0.0078125,False
545:query_period:head:751:K,noise,0,0.00115966796875,False
545:query_period:head:751:K,noise,16,0.0017242431640625,False
545:query_period:head:751:K,noise,32,-0.0019989013671875,False
545:query_period:head:751:K,noise,48,0.00189971923828125,False
545:query_period:head:751:K,noise,56,-0.00286865234375,False
545:query_period:head:751:K,noise,64,-0.00042724609375,False
545:query_period:head:751:K,noise,82,0.00128173828125,False
545:query_period:head:751:K,noise,96,-0.00229644775390625,False
545:query_period:head:751:K,noise,98,-0.0003662109375,False
545:query_period:head:751:K,noise,102,-0.0003814697265625,False
545:query_period:head:751:K,noise,116,-0.00543212890625,False
545:query_period:head:751:K,noise,130,-6.103515625e-05,False
545:query_period:head:751:K,noise,150,0.00018310546875,False
545:query_period:head:751:K,noise,154,0.0025634765625,False
545:query_period:head:751:K,noise,162,-0.00048828125,False
545:query_period:head:751:K,noise,176,-0.0010986328125,False
545:query_period:head:751:K,noise,178,-0.0024261474609375,False
545:query_period:head:751:K,noise,186,0.00146484375,False
545:query_period:head:751:K,noise,192,-0.00079345703125,False
545:query_period:head:751:K,noise,196,-0.001953125,False
545:query_period:head:751:V,noise,0,0.00250244140625,False
545:query_period:head:751:V,noise,16,0.0002593994140625,False
545:query_period:head:751:V,noise,32,0.0040740966796875,False
545:query_period:head:751:V,noise,48,0.00127410888671875,False
545:query_period:head:751:V,noise,56,-0.0006103515625,False
545:query_period:head:751:V,noise,64,-0.001708984375,False
545:query_period:head:751:V,noise,82,0.0023193359375,False
545:query_period:head:751:V,noise,96,-0.00171661376953125,False
545:query_period:head:751:V,noise,98,0.00048828125,False
545:query_period:head:751:V,noise,102,-0.00023651123046875,False
545:query_period:head:751:V,noise,116,-0.001220703125,False
545:query_period:head:751:V,noise,130,0.0010223388671875,False
545:query_period:head:751:V,noise,150,0.000885009765625,False
545:query_period:head:751:V,noise,154,0.00286865234375,False
545:query_period:head:751:V,noise,162,0.0009765625,False
545:query_period:head:751:V,noise,176,0.0013427734375,False
545:query_period:head:751:V,noise,178,-0.002277374267578125,False
545:query_period:head:751:V,noise,186,-0.0013427734375,False
545:query_period:head:751:V,noise,192,0.00146484375,False
545:query_period:head:751:V,noise,196,-0.00048828125,False
545:query_period:head:787:K,noise,0,-0.0001220703125,False
545:query_period:head:787:K,noise,16,-0.0008392333984375,False
545:query_period:head:787:K,noise,32,-0.0039520263671875,False
545:query_period:head:787:K,noise,48,0.00154876708984375,False
545:query_period:head:787:K,noise,56,-0.002227783203125,False
545:query_period:head:787:K,noise,64,-0.00018310546875,False
545:query_period:head:787:K,noise,82,0.000244140625,False
545:query_period:head:787:K,noise,96,-0.00164031982421875,False
545:query_period:head:787:K,noise,98,-0.00091552734375,False
545:query_period:head:787:K,noise,102,0.00124359130859375,False
545:query_period:head:787:K,noise,116,-0.00079345703125,False
545:query_period:head:787:K,noise,130,0.0025177001953125,False
545:query_period:head:787:K,noise,150,0.000579833984375,False
545:query_period:head:787:K,noise,154,0.001220703125,False
545:query_period:head:787:K,noise,162,-0.0009765625,False
545:query_period:head:787:K,noise,176,0.003662109375,False
545:query_period:head:787:K,noise,178,-0.002410888671875,False
545:query_period:head:787:K,noise,186,-0.00201416015625,False
545:query_period:head:787:K,noise,192,6.103515625e-05,False
545:query_period:head:787:K,noise,196,0.00146484375,False
545:query_period:head:787:V,noise,0,0.0032958984375,False
545:query_period:head:787:V,noise,16,0.002532958984375,False
545:query_period:head:787:V,noise,32,-0.000274658203125,False
545:query_period:head:787:V,noise,48,0.00434112548828125,False
545:query_period:head:787:V,noise,56,0.0014190673828125,False
545:query_period:head:787:V,noise,64,0.00091552734375,False
545:query_period:head:787:V,noise,82,0.0029296875,False
545:query_period:head:787:V,noise,96,-0.00232696533203125,False
545:query_period:head:787:V,noise,98,0.00146484375,False
545:query_period:head:787:V,noise,102,0.00534820556640625,False
545:query_period:head:787:V,noise,116,-0.00067138671875,False
545:query_period:head:787:V,noise,130,0.003021240234375,False
545:query_period:head:787:V,noise,150,0.003326416015625,False
545:query_period:head:787:V,noise,154,0.00042724609375,False
545:query_period:head:787:V,noise,162,0.000732421875,False
545:query_period:head:787:V,noise,176,0.0035400390625,False
545:query_period:head:787:V,noise,178,0.002185821533203125,False
545:query_period:head:787:V,noise,186,0.001953125,False
545:query_period:head:787:V,noise,192,-0.00067138671875,False
545:query_period:head:787:V,noise,196,0.0009765625,False
545:query_period:head:817:K,noise,0,0.00238037109375,False
545:query_period:head:817:K,noise,16,0.0026397705078125,False
545:query_period:head:817:K,noise,32,-0.001068115234375,False
545:query_period:head:817:K,noise,48,0.001678466796875,False
545:query_period:head:817:K,noise,56,-0.0037689208984375,False
545:query_period:head:817:K,noise,64,-0.00146484375,False
545:query_period:head:817:K,noise,82,0.00042724609375,False
545:query_period:head:817:K,noise,96,-0.00130462646484375,False
545:query_period:head:817:K,noise,98,-9.1552734375e-05,False
545:query_period:head:817:K,noise,102,-0.00080108642578125,False
545:query_period:head:817:K,noise,116,-0.00201416015625,False
545:query_period:head:817:K,noise,130,0.0012664794921875,False
545:query_period:head:817:K,noise,150,0.001220703125,False
545:query_period:head:817:K,noise,154,0.00360107421875,False
545:query_period:head:817:K,noise,162,-0.001220703125,False
545:query_period:head:817:K,noise,176,0.0018310546875,False
545:query_period:head:817:K,noise,178,0.000606536865234375,False
545:query_period:head:817:K,noise,186,-0.0006103515625,False
545:query_period:head:817:K,noise,192,-0.001220703125,False
545:query_period:head:817:K,noise,196,0.001953125,False
545:query_period:head:817:V,noise,0,0.00299072265625,False
545:query_period:head:817:V,noise,16,-0.001251220703125,False
545:query_period:head:817:V,noise,32,-0.0012664794921875,False
545:query_period:head:817:V,noise,48,-0.0007171630859375,False
545:query_period:head:817:V,noise,56,-0.0032501220703125,False
545:query_period:head:817:V,noise,64,-0.00213623046875,False
545:query_period:head:817:V,noise,82,0.000732421875,False
545:query_period:head:817:V,noise,96,-0.00104522705078125,False
545:query_period:head:817:V,noise,98,-0.000152587890625,False
545:query_period:head:817:V,noise,102,-8.392333984375e-05,False
545:query_period:head:817:V,noise,116,-0.00152587890625,False
545:query_period:head:817:V,noise,130,0.0012359619140625,False
545:query_period:head:817:V,noise,150,0.0010986328125,False
545:query_period:head:817:V,noise,154,0.00250244140625,False
545:query_period:head:817:V,noise,162,-0.002197265625,False
545:query_period:head:817:V,noise,176,0.001220703125,False
545:query_period:head:817:V,noise,178,-0.002960205078125,False
545:query_period:head:817:V,noise,186,6.103515625e-05,False
545:query_period:head:817:V,noise,192,-0.00067138671875,False
545:query_period:head:817:V,noise,196,0.00048828125,False
545:query_period:head:855:K,noise,0,0.002044677734375,False
545:query_period:head:855:K,noise,16,0.001312255859375,False
545:query_period:head:855:K,noise,32,0.0027008056640625,False
545:query_period:head:855:K,noise,48,0.000732421875,False
545:query_period:head:855:K,noise,56,-0.0004730224609375,False
545:query_period:head:855:K,noise,64,0.0,False
545:query_period:head:855:K,noise,82,0.00286865234375,False
545:query_period:head:855:K,noise,96,0.002044677734375,False
545:query_period:head:855:K,noise,98,-0.00048828125,False
545:query_period:head:855:K,noise,102,-0.00028228759765625,False
545:query_period:head:855:K,noise,116,0.00018310546875,False
545:query_period:head:855:K,noise,130,0.0,False
545:query_period:head:855:K,noise,150,0.00079345703125,False
545:query_period:head:855:K,noise,154,0.00286865234375,False
545:query_period:head:855:K,noise,162,0.00048828125,False
545:query_period:head:855:K,noise,176,-0.000244140625,False
545:query_period:head:855:K,noise,178,-0.002349853515625,False
545:query_period:head:855:K,noise,186,0.00042724609375,False
545:query_period:head:855:K,noise,192,-0.0001220703125,False
545:query_period:head:855:K,noise,196,0.00048828125,False
545:query_period:head:855:V,noise,0,0.001953125,False
545:query_period:head:855:V,noise,16,0.0002593994140625,False
545:query_period:head:855:V,noise,32,0.0028533935546875,False
545:query_period:head:855:V,noise,48,0.001007080078125,False
545:query_period:head:855:V,noise,56,-0.00054931640625,False
545:query_period:head:855:V,noise,64,-0.000244140625,False
545:query_period:head:855:V,noise,82,0.00152587890625,False
545:query_period:head:855:V,noise,96,-0.001800537109375,False
545:query_period:head:855:V,noise,98,-0.00115966796875,False
545:query_period:head:855:V,noise,102,2.288818359375e-05,False
545:query_period:head:855:V,noise,116,-0.00115966796875,False
545:query_period:head:855:V,noise,130,0.000640869140625,False
545:query_period:head:855:V,noise,150,0.001373291015625,False
545:query_period:head:855:V,noise,154,0.00152587890625,False
545:query_period:head:855:V,noise,162,0.000732421875,False
545:query_period:head:855:V,noise,176,-0.0003662109375,False
545:query_period:head:855:V,noise,178,-0.0013885498046875,False
545:query_period:head:855:V,noise,186,-0.00146484375,False
545:query_period:head:855:V,noise,192,-0.0006103515625,False
545:query_period:head:855:V,noise,196,0.00244140625,False
545:query_period:head:870:K,noise,0,0.0009765625,False
545:query_period:head:870:K,noise,16,0.00048828125,False
545:query_period:head:870:K,noise,32,-0.002044677734375,False
545:query_period:head:870:K,noise,48,0.00091552734375,False
545:query_period:head:870:K,noise,56,-0.00030517578125,False
545:query_period:head:870:K,noise,64,-0.0013427734375,False
545:query_period:head:870:K,noise,82,0.001953125,False
545:query_period:head:870:K,noise,96,-0.00080108642578125,False
545:query_period:head:870:K,noise,98,-0.00103759765625,False
545:query_period:head:870:K,noise,102,-0.00031280517578125,False
545:query_period:head:870:K,noise,116,-0.00152587890625,False
545:query_period:head:870:K,noise,130,-0.0009918212890625,False
545:query_period:head:870:K,noise,150,0.00042724609375,False
545:query_period:head:870:K,noise,154,0.00030517578125,False
545:query_period:head:870:K,noise,162,-0.00146484375,False
545:query_period:head:870:K,noise,176,0.0006103515625,False
545:query_period:head:870:K,noise,178,-0.00261688232421875,False
545:query_period:head:870:K,noise,186,-0.0028076171875,False
545:query_period:head:870:K,noise,192,-0.000244140625,False
545:query_period:head:870:K,noise,196,0.00048828125,False
545:query_period:head:870:V,noise,0,0.002716064453125,False
545:query_period:head:870:V,noise,16,0.0016021728515625,False
545:query_period:head:870:V,noise,32,-0.0013885498046875,False
545:query_period:head:870:V,noise,48,-0.00040435791015625,False
545:query_period:head:870:V,noise,56,0.000579833984375,False
545:query_period:head:870:V,noise,64,-0.0009765625,False
545:query_period:head:870:V,noise,82,0.00115966796875,False
545:query_period:head:870:V,noise,96,0.00299072265625,False
545:query_period:head:870:V,noise,98,0.001129150390625,False
545:query_period:head:870:V,noise,102,0.00058746337890625,False
545:query_period:head:870:V,noise,116,-6.103515625e-05,False
545:query_period:head:870:V,noise,130,-0.001190185546875,False
545:query_period:head:870:V,noise,150,0.002105712890625,False
545:query_period:head:870:V,noise,154,0.0020751953125,False
545:query_period:head:870:V,noise,162,-0.001708984375,False
545:query_period:head:870:V,noise,176,-0.001708984375,False
545:query_period:head:870:V,noise,178,0.0016937255859375,False
545:query_period:head:870:V,noise,186,-0.00048828125,False
545:query_period:head:870:V,noise,192,-0.0009765625,False
545:query_period:head:870:V,noise,196,-0.0009765625,False
545:query_period:head:973:K,noise,0,0.00311279296875,False
545:query_period:head:973:K,noise,16,-0.0003204345703125,False
545:query_period:head:973:K,noise,32,0.0004425048828125,False
545:query_period:head:973:K,noise,48,0.00238800048828125,False
545:query_period:head:973:K,noise,56,-0.0032806396484375,False
545:query_period:head:973:K,noise,64,0.00018310546875,False
545:query_period:head:973:K,noise,82,0.00054931640625,False
545:query_period:head:973:K,noise,96,0.0007476806640625,False
545:query_period:head:973:K,noise,98,-0.000946044921875,False
545:query_period:head:973:K,noise,102,0.00081634521484375,False
545:query_period:head:973:K,noise,116,-0.00213623046875,False
545:query_period:head:973:K,noise,130,-7.62939453125e-05,False
545:query_period:head:973:K,noise,150,0.001708984375,False
545:query_period:head:973:K,noise,154,0.000244140625,False
545:query_period:head:973:K,noise,162,-0.000732421875,False
545:query_period:head:973:K,noise,176,-0.0001220703125,False
545:query_period:head:973:K,noise,178,-0.002704620361328125,False
545:query_period:head:973:K,noise,186,0.000732421875,False
545:query_period:head:973:K,noise,192,-0.0001220703125,False
545:query_period:head:973:K,noise,196,0.0,False
545:query_period:head:973:V,noise,0,0.00341796875,False
545:query_period:head:973:V,noise,16,0.0008544921875,False
545:query_period:head:973:V,noise,32,0.0027618408203125,False
545:query_period:head:973:V,noise,48,0.0013275146484375,False
545:query_period:head:973:V,noise,56,-0.00128173828125,False
545:query_period:head:973:V,noise,64,0.000244140625,False
545:query_period:head:973:V,noise,82,0.00054931640625,False
545:query_period:head:973:V,noise,96,0.0020904541015625,False
545:query_period:head:973:V,noise,98,-6.103515625e-05,False
545:query_period:head:973:V,noise,102,-0.00083160400390625,False
545:query_period:head:973:V,noise,116,-0.00054931640625,False
545:query_period:head:973:V,noise,130,-0.0010833740234375,False
545:query_period:head:973:V,noise,150,0.0028076171875,False
545:query_period:head:973:V,noise,154,0.00177001953125,False
545:query_period:head:973:V,noise,162,0.001708984375,False
545:query_period:head:973:V,noise,176,0.0030517578125,False
545:query_period:head:973:V,noise,178,0.0024566650390625,False
545:query_period:head:973:V,noise,186,0.0003662109375,False
545:query_period:head:973:V,noise,192,-0.0003662109375,False
545:query_period:head:973:V,noise,196,0.00048828125,False
545:query_period:head:978:K,noise,0,0.000396728515625,False
545:query_period:head:978:K,noise,16,-0.0002593994140625,False
545:query_period:head:978:K,noise,32,-0.0023651123046875,False
545:query_period:head:978:K,noise,48,0.0001678466796875,False
545:query_period:head:978:K,noise,56,-0.0028228759765625,False
545:query_period:head:978:K,noise,64,-0.00128173828125,False
545:query_period:head:978:K,noise,82,-0.00201416015625,False
545:query_period:head:978:K,noise,96,0.00060272216796875,False
545:query_period:head:978:K,noise,98,-0.001373291015625,False
545:query_period:head:978:K,noise,102,-0.00370025634765625,False
545:query_period:head:978:K,noise,116,0.0001220703125,False
545:query_period:head:978:K,noise,130,-0.002593994140625,False
545:query_period:head:978:K,noise,150,0.00177001953125,False
545:query_period:head:978:K,noise,154,0.00079345703125,False
545:query_period:head:978:K,noise,162,0.000244140625,False
545:query_period:head:978:K,noise,176,-0.0010986328125,False
545:query_period:head:978:K,noise,178,-0.00347137451171875,False
545:query_period:head:978:K,noise,186,-0.0008544921875,False
545:query_period:head:978:K,noise,192,-0.00054931640625,False
545:query_period:head:978:K,noise,196,-0.001953125,False
545:query_period:head:978:V,noise,0,0.00213623046875,False
545:query_period:head:978:V,noise,16,0.0024871826171875,False
545:query_period:head:978:V,noise,32,0.001800537109375,False
545:query_period:head:978:V,noise,48,0.0010223388671875,False
545:query_period:head:978:V,noise,56,-0.0007171630859375,False
545:query_period:head:978:V,noise,64,0.00146484375,False
545:query_period:head:978:V,noise,82,0.00042724609375,False
545:query_period:head:978:V,noise,96,0.00115966796875,False
545:query_period:head:978:V,noise,98,0.00311279296875,False
545:query_period:head:978:V,noise,102,0.0011444091796875,False
545:query_period:head:978:V,noise,116,0.00494384765625,False
545:query_period:head:978:V,noise,130,-0.0005950927734375,False
545:query_period:head:978:V,noise,150,0.000244140625,False
545:query_period:head:978:V,noise,154,0.002197265625,False
545:query_period:head:978:V,noise,162,0.0009765625,False
545:query_period:head:978:V,noise,176,0.0045166015625,False
545:query_period:head:978:V,noise,178,0.00154876708984375,False
545:query_period:head:978:V,noise,186,0.00225830078125,False
545:query_period:head:978:V,noise,192,-0.0006103515625,False
545:query_period:head:978:V,noise,196,0.0029296875,False
545:query_period:mlp:17:,noise,0,-0.012298583984375,False
545:query_period:mlp:17:,noise,16,-0.0735931396484375,False
545:query_period:mlp:17:,noise,32,-0.0875091552734375,False
545:query_period:mlp:17:,noise,48,-0.032562255859375,False
545:query_period:mlp:17:,noise,56,-0.0566558837890625,False
545:query_period:mlp:17:,noise,64,-0.07635498046875,False
545:query_period:mlp:17:,noise,82,-0.1236572265625,False
545:query_period:mlp:17:,noise,96,-0.1049346923828125,False
545:query_period:mlp:17:,noise,98,-0.0762939453125,False
545:query_period:mlp:17:,noise,102,-0.02359771728515625,False
545:query_period:mlp:17:,noise,116,-0.07366943359375,False
545:query_period:mlp:17:,noise,130,-0.032989501953125,False
545:query_period:mlp:17:,noise,150,-0.11822509765625,False
545:query_period:mlp:17:,noise,154,-0.056396484375,False
545:query_period:mlp:17:,noise,162,-0.055908203125,False
545:query_period:mlp:17:,noise,176,-0.0606689453125,False
545:query_period:mlp:17:,noise,178,-0.017948150634765625,False
545:query_period:mlp:17:,noise,186,-0.06182861328125,False
545:query_period:mlp:17:,noise,192,-0.02679443359375,False
545:query_period:mlp:17:,noise,196,-0.05322265625,False
545:query_period:mlp:18:,noise,0,0.005828857421875,False
545:query_period:mlp:18:,noise,16,0.0095977783203125,False
545:query_period:mlp:18:,noise,32,0.0230865478515625,False
545:query_period:mlp:18:,noise,48,0.0130615234375,False
545:query_period:mlp:18:,noise,56,0.0079803466796875,False
545:query_period:mlp:18:,noise,64,0.00787353515625,False
545:query_period:mlp:18:,noise,82,0.021240234375,False
545:query_period:mlp:18:,noise,96,0.00833892822265625,False
545:query_period:mlp:18:,noise,98,-0.003265380859375,False
545:query_period:mlp:18:,noise,102,0.01123046875,False
545:query_period:mlp:18:,noise,116,0.01007080078125,False
545:query_period:mlp:18:,noise,130,0.0031585693359375,False
545:query_period:mlp:18:,noise,150,0.01483154296875,False
545:query_period:mlp:18:,noise,154,0.01031494140625,False
545:query_period:mlp:18:,noise,162,0.003173828125,False
545:query_period:mlp:18:,noise,176,0.009521484375,False
545:query_period:mlp:18:,noise,178,-0.01030731201171875,False
545:query_period:mlp:18:,noise,186,0.00738525390625,False
545:query_period:mlp:18:,noise,192,0.00341796875,False
545:query_period:mlp:18:,noise,196,0.0029296875,False
547:colon:bypass:31:,noise,0,-0.009429931640625,False
547:colon:bypass:31:,noise,16,-0.00519561767578125,False
547:colon:bypass:31:,noise,32,-0.02194976806640625,False
547:colon:bypass:31:,noise,48,-0.009765625,False
547:colon:bypass:31:,noise,56,0.00079345703125,False
547:colon:bypass:31:,noise,64,-0.0052490234375,False
547:colon:bypass:31:,noise,82,-0.0025634765625,False
547:colon:bypass:31:,noise,96,0.00051116943359375,False
547:colon:bypass:31:,noise,98,-0.005126953125,False
547:colon:bypass:31:,noise,102,0.01447296142578125,False
547:colon:bypass:31:,noise,116,-0.013916015625,False
547:colon:bypass:31:,noise,130,-0.0045623779296875,False
547:colon:bypass:31:,noise,150,-0.00457763671875,False
547:colon:bypass:31:,noise,154,0.0015869140625,False
547:colon:bypass:31:,noise,162,-0.02490234375,False
547:colon:bypass:31:,noise,176,-0.02490234375,False
547:colon:bypass:31:,noise,178,-0.000762939453125,False
547:colon:bypass:31:,noise,186,-0.01434326171875,False
547:colon:bypass:31:,noise,192,-0.00286865234375,False
547:colon:bypass:31:,noise,196,-0.0107421875,False
547:colon:head:594:KV,noise,0,0.0009765625,False
547:colon:head:594:KV,noise,16,0.00140380859375,False
547:colon:head:594:KV,noise,32,0.0030517578125,False
547:colon:head:594:KV,noise,48,-0.00096893310546875,False
547:colon:head:594:KV,noise,56,-0.001983642578125,False
547:colon:head:594:KV,noise,64,-0.000244140625,False
547:colon:head:594:KV,noise,82,0.00274658203125,False
547:colon:head:594:KV,noise,96,-0.00273895263671875,False
547:colon:head:594:KV,noise,98,-0.001922607421875,False
547:colon:head:594:KV,noise,102,0.0027313232421875,False
547:colon:head:594:KV,noise,116,-0.003173828125,False
547:colon:head:594:KV,noise,130,-7.62939453125e-05,False
547:colon:head:594:KV,noise,150,0.00347900390625,False
547:colon:head:594:KV,noise,154,0.002197265625,False
547:colon:head:594:KV,noise,162,0.001220703125,False
547:colon:head:594:KV,noise,176,-0.002197265625,False
547:colon:head:594:KV,noise,178,-0.005001068115234375,False
547:colon:head:594:KV,noise,186,6.103515625e-05,False
547:colon:head:594:KV,noise,192,-0.00311279296875,False
547:colon:head:594:KV,noise,196,0.0,False
547:colon:head:594:Q,noise,0,-0.0848388671875,False
547:colon:head:594:Q,noise,16,-0.148345947265625,False
547:colon:head:594:Q,noise,32,-0.0986785888671875,False
547:colon:head:594:Q,noise,48,-0.19891357421875,False
547:colon:head:594:Q,noise,56,-0.0687255859375,False
547:colon:head:594:Q,noise,64,-0.11279296875,False
547:colon:head:594:Q,noise,82,-0.043212890625,False
547:colon:head:594:Q,noise,96,-0.3403205871582031,False
547:colon:head:594:Q,noise,98,-0.200042724609375,False
547:colon:head:594:Q,noise,102,-0.21558380126953125,False
547:colon:head:594:Q,noise,116,-0.24774169921875,False
547:colon:head:594:Q,noise,130,-0.067962646484375,False
547:colon:head:594:Q,noise,150,-0.108673095703125,False
547:colon:head:594:Q,noise,154,-0.17724609375,False
547:colon:head:594:Q,noise,162,-0.2763671875,False
547:colon:head:594:Q,noise,176,-0.1728515625,False
547:colon:head:594:Q,noise,178,-0.1510157585144043,False
547:colon:head:594:Q,noise,186,-0.2841796875,False
547:colon:head:594:Q,noise,192,-0.22296142578125,False
547:colon:head:594:Q,noise,196,-0.1689453125,False
547:colon:head:595:KV,noise,0,-0.0008544921875,False
547:colon:head:595:KV,noise,16,0.0013427734375,False
547:colon:head:595:KV,noise,32,0.0056610107421875,False
547:colon:head:595:KV,noise,48,0.003204345703125,False
547:colon:head:595:KV,noise,56,-0.0014495849609375,False
547:colon:head:595:KV,noise,64,-0.00164794921875,False
547:colon:head:595:KV,noise,82,0.0030517578125,False
547:colon:head:595:KV,noise,96,-0.0036468505859375,False
547:colon:head:595:KV,noise,98,-0.001800537109375,False
547:colon:head:595:KV,noise,102,0.0006103515625,False
547:colon:head:595:KV,noise,116,-0.00238037109375,False
547:colon:head:595:KV,noise,130,-0.0013427734375,False
547:colon:head:595:KV,noise,150,0.0032958984375,False
547:colon:head:595:KV,noise,154,0.00506591796875,False
547:colon:head:595:KV,noise,162,0.002197265625,False
547:colon:head:595:KV,noise,176,-0.0015869140625,False
547:colon:head:595:KV,noise,178,-0.00524139404296875,False
547:colon:head:595:KV,noise,186,-0.002197265625,False
547:colon:head:595:KV,noise,192,-0.00262451171875,False
547:colon:head:595:KV,noise,196,0.00048828125,False
547:colon:head:595:Q,noise,0,-0.051666259765625,False
547:colon:head:595:Q,noise,16,-0.1443634033203125,False
547:colon:head:595:Q,noise,32,-0.0706329345703125,False
547:colon:head:595:Q,noise,48,-0.14379119873046875,False
547:colon:head:595:Q,noise,56,-0.0108184814453125,False
547:colon:head:595:Q,noise,64,-0.03387451171875,False
547:colon:head:595:Q,noise,82,-0.073486328125,False
547:colon:head:595:Q,noise,96,-0.18642425537109375,False
547:colon:head:595:Q,noise,98,-0.2122802734375,False
547:colon:head:595:Q,noise,102,-0.16275787353515625,False
547:colon:head:595:Q,noise,116,-0.166748046875,False
547:colon:head:595:Q,noise,130,-0.0562744140625,False
547:colon:head:595:Q,noise,150,-0.02667236328125,False
547:colon:head:595:Q,noise,154,-0.17193603515625,False
547:colon:head:595:Q,noise,162,-0.111328125,False
547:colon:head:595:Q,noise,176,-0.0377197265625,False
547:colon:head:595:Q,noise,178,-0.10369491577148438,False
547:colon:head:595:Q,noise,186,-0.18048095703125,False
547:colon:head:595:Q,noise,192,-0.10089111328125,False
547:colon:head:595:Q,noise,196,-0.0986328125,False
547:colon:head:600:KV,noise,0,0.0006103515625,False
547:colon:head:600:KV,noise,16,0.0011444091796875,False
547:colon:head:600:KV,noise,32,-0.004180908203125,False
547:colon:head:600:KV,noise,48,0.0040740966796875,False
547:colon:head:600:KV,noise,56,-0.00445556640625,False
547:colon:head:600:KV,noise,64,0.00079345703125,False
547:colon:head:600:KV,noise,82,0.004638671875,False
547:colon:head:600:KV,noise,96,0.00389862060546875,False
547:colon:head:600:KV,noise,98,0.00244140625,False
547:colon:head:600:KV,noise,102,-0.00020599365234375,False
547:colon:head:600:KV,noise,116,0.00030517578125,False
547:colon:head:600:KV,noise,130,0.000335693359375,False
547:colon:head:600:KV,noise,150,0.00128173828125,False
547:colon:head:600:KV,noise,154,0.000732421875,False
547:colon:head:600:KV,noise,162,0.0068359375,False
547:colon:head:600:KV,noise,176,-0.0009765625,False
547:colon:head:600:KV,noise,178,0.0028533935546875,False
547:colon:head:600:KV,noise,186,0.0010986328125,False
547:colon:head:600:KV,noise,192,0.0009765625,False
547:colon:head:600:KV,noise,196,0.001953125,False
547:colon:head:600:Q,noise,0,0.022735595703125,False
547:colon:head:600:Q,noise,16,0.03753662109375,False
547:colon:head:600:Q,noise,32,-0.0212554931640625,False
547:colon:head:600:Q,noise,48,0.0316619873046875,False
547:colon:head:600:Q,noise,56,0.0100250244140625,False
547:colon:head:600:Q,noise,64,0.0609130859375,False
547:colon:head:600:Q,noise,82,0.0350341796875,False
547:colon:head:600:Q,noise,96,0.06024932861328125,False
547:colon:head:600:Q,noise,98,0.09613037109375,False
547:colon:head:600:Q,noise,102,0.020290374755859375,False
547:colon:head:600:Q,noise,116,0.01470947265625,False
547:colon:head:600:Q,noise,130,0.035675048828125,False
547:colon:head:600:Q,noise,150,0.0604248046875,False
547:colon:head:600:Q,noise,154,0.0135498046875,False
547:colon:head:600:Q,noise,162,0.075439453125,False
547:colon:head:600:Q,noise,176,0.0926513671875,False
547:colon:head:600:Q,noise,178,0.07368087768554688,False
547:colon:head:600:Q,noise,186,0.11602783203125,False
547:colon:head:600:Q,noise,192,0.05865478515625,False
547:colon:head:600:Q,noise,196,0.02197265625,False
547:colon:head:624:KV,noise,0,0.004364013671875,False
547:colon:head:624:KV,noise,16,0.002471923828125,False
547:colon:head:624:KV,noise,32,-0.0012969970703125,False
547:colon:head:624:KV,noise,48,0.00275421142578125,False
547:colon:head:624:KV,noise,56,-0.0027618408203125,False
547:colon:head:624:KV,noise,64,0.000244140625,False
547:colon:head:624:KV,noise,82,0.00311279296875,False
547:colon:head:624:KV,noise,96,0.00325775146484375,False
547:colon:head:624:KV,noise,98,-0.001678466796875,False
547:colon:head:624:KV,noise,102,0.0002899169921875,False
547:colon:head:624:KV,noise,116,0.0,False
547:colon:head:624:KV,noise,130,0.0030975341796875,False
547:colon:head:624:KV,noise,150,0.0010986328125,False
547:colon:head:624:KV,noise,154,0.00262451171875,False
547:colon:head:624:KV,noise,162,-0.000732421875,False
547:colon:head:624:KV,noise,176,-0.0015869140625,False
547:colon:head:624:KV,noise,178,-0.00293731689453125,False
547:colon:head:624:KV,noise,186,-0.001220703125,False
547:colon:head:624:KV,noise,192,-0.00177001953125,False
547:colon:head:624:KV,noise,196,-0.001953125,False
547:colon:head:624:Q,noise,0,0.00860595703125,False
547:colon:head:624:Q,noise,16,0.0056304931640625,False
547:colon:head:624:Q,noise,32,0.004547119140625,False
547:colon:head:624:Q,noise,48,0.0520477294921875,False
547:colon:head:624:Q,noise,56,0.0196533203125,False
547:colon:head:624:Q,noise,64,0.02825927734375,False
547:colon:head:624:Q,noise,82,0.00732421875,False
547:colon:head:624:Q,noise,96,0.029815673828125,False
547:colon:head:624:Q,noise,98,0.0361328125,False
547:colon:head:624:Q,noise,102,0.01564788818359375,False
547:colon:head:624:Q,noise,116,0.00921630859375,False
547:colon:head:624:Q,noise,130,0.03125,False
547:colon:head:624:Q,noise,150,0.0133056640625,False
547:colon:head:624:Q,noise,154,0.0220947265625,False
547:colon:head:624:Q,noise,162,0.03515625,False
547:colon:head:624:Q,noise,176,0.0125732421875,False
547:colon:head:624:Q,noise,178,0.0321044921875,False
547:colon:head:624:Q,noise,186,0.0302734375,False
547:colon:head:624:Q,noise,192,0.0289306640625,False
547:colon:head:624:Q,noise,196,0.0234375,False
547:colon:head:630:KV,noise,0,-0.0003662109375,False
547:colon:head:630:KV,noise,16,0.000762939453125,False
547:colon:head:630:KV,noise,32,0.0001678466796875,False
547:colon:head:630:KV,noise,48,0.00322723388671875,False
547:colon:head:630:KV,noise,56,-0.0023956298828125,False
547:colon:head:630:KV,noise,64,-0.00067138671875,False
547:colon:head:630:KV,noise,82,0.001220703125,False
547:colon:head:630:KV,noise,96,0.0047454833984375,False
547:colon:head:630:KV,noise,98,-0.000457763671875,False
547:colon:head:630:KV,noise,102,-0.00087738037109375,False
547:colon:head:630:KV,noise,116,-0.000732421875,False
547:colon:head:630:KV,noise,130,-0.0012054443359375,False
547:colon:head:630:KV,noise,150,0.001983642578125,False
547:colon:head:630:KV,noise,154,0.0023193359375,False
547:colon:head:630:KV,noise,162,0.000244140625,False
547:colon:head:630:KV,noise,176,-0.0009765625,False
547:colon:head:630:KV,noise,178,0.00135040283203125,False
547:colon:head:630:KV,noise,186,0.0018310546875,False
547:colon:head:630:KV,noise,192,0.000244140625,False
547:colon:head:630:KV,noise,196,-0.00146484375,False
547:colon:head:630:Q,noise,0,0.000396728515625,False
547:colon:head:630:Q,noise,16,-0.001708984375,False
547:colon:head:630:Q,noise,32,0.0009918212890625,False
547:colon:head:630:Q,noise,48,-0.0016326904296875,False
547:colon:head:630:Q,noise,56,-0.001617431640625,False
547:colon:head:630:Q,noise,64,0.00152587890625,False
547:colon:head:630:Q,noise,82,-0.00946044921875,False
547:colon:head:630:Q,noise,96,-0.00615692138671875,False
547:colon:head:630:Q,noise,98,-0.0087890625,False
547:colon:head:630:Q,noise,102,-0.01042938232421875,False
547:colon:head:630:Q,noise,116,-0.0084228515625,False
547:colon:head:630:Q,noise,130,-0.00982666015625,False
547:colon:head:630:Q,noise,150,0.001922607421875,False
547:colon:head:630:Q,noise,154,0.00390625,False
547:colon:head:630:Q,noise,162,0.002197265625,False
547:colon:head:630:Q,noise,176,-0.0009765625,False
547:colon:head:630:Q,noise,178,-0.002727508544921875,False
547:colon:head:630:Q,noise,186,-0.0125732421875,False
547:colon:head:630:Q,noise,192,-0.003173828125,False
547:colon:head:630:Q,noise,196,-0.00927734375,False
547:colon:head:641:KV,noise,0,0.001312255859375,False
547:colon:head:641:KV,noise,16,0.0022430419921875,False
547:colon:head:641:KV,noise,32,-0.0009765625,False
547:colon:head:641:KV,noise,48,0.00434112548828125,False
547:colon:head:641:KV,noise,56,-0.000213623046875,False
547:colon:head:641:KV,noise,64,0.00201416015625,False
547:colon:head:641:KV,noise,82,0.002197265625,False
547:colon:head:641:KV,noise,96,-0.0008392333984375,False
547:colon:head:641:KV,noise,98,-0.005218505859375,False
547:colon:head:641:KV,noise,102,-0.0001678466796875,False
547:colon:head:641:KV,noise,116,-0.00048828125,False
547:colon:head:641:KV,noise,130,0.0012969970703125,False
547:colon:head:641:KV,noise,150,0.00274658203125,False
547:colon:head:641:KV,noise,154,0.0052490234375,False
547:colon:head:641:KV,noise,162,0.003173828125,False
547:colon:head:641:KV,noise,176,-0.0023193359375,False
547:colon:head:641:KV,noise,178,0.003299713134765625,False
547:colon:head:641:KV,noise,186,0.0018310546875,False
547:colon:head:641:KV,noise,192,-0.00115966796875,False
547:colon:head:641:KV,noise,196,0.0009765625,False
547:colon:head:641:Q,noise,0,0.016510009765625,False
547:colon:head:641:Q,noise,16,0.003753662109375,False
547:colon:head:641:Q,noise,32,0.01019287109375,False
547:colon:head:641:Q,noise,48,0.04638671875,False
547:colon:head:641:Q,noise,56,0.0185699462890625,False
547:colon:head:641:Q,noise,64,0.0284423828125,False
547:colon:head:641:Q,noise,82,-0.02099609375,False
547:colon:head:641:Q,noise,96,0.07817840576171875,False
547:colon:head:641:Q,noise,98,0.020263671875,False
547:colon:head:641:Q,noise,102,-0.03833770751953125,False
547:colon:head:641:Q,noise,116,0.0047607421875,False
547:colon:head:641:Q,noise,130,0.015594482421875,False
547:colon:head:641:Q,noise,150,0.0133056640625,False
547:colon:head:641:Q,noise,154,0.0494384765625,False
547:colon:head:641:Q,noise,162,0.041748046875,False
547:colon:head:641:Q,noise,176,0.0108642578125,False
547:colon:head:641:Q,noise,178,0.002899169921875,False
547:colon:head:641:Q,noise,186,0.00347900390625,False
547:colon:head:641:Q,noise,192,0.02716064453125,False
547:colon:head:641:Q,noise,196,0.0087890625,False
547:colon:head:678:KV,noise,0,0.001007080078125,False
547:colon:head:678:KV,noise,16,0.0030059814453125,False
547:colon:head:678:KV,noise,32,-0.0015716552734375,False
547:colon:head:678:KV,noise,48,0.00152587890625,False
547:colon:head:678:KV,noise,56,-0.0005645751953125,False
547:colon:head:678:KV,noise,64,0.00030517578125,False
547:colon:head:678:KV,noise,82,0.00091552734375,False
547:colon:head:678:KV,noise,96,-0.00270843505859375,False
547:colon:head:678:KV,noise,98,-0.000732421875,False
547:colon:head:678:KV,noise,102,-0.0011444091796875,False
547:colon:head:678:KV,noise,116,-0.00152587890625,False
547:colon:head:678:KV,noise,130,-4.57763671875e-05,False
547:colon:head:678:KV,noise,150,-0.00030517578125,False
547:colon:head:678:KV,noise,154,0.00311279296875,False
547:colon:head:678:KV,noise,162,0.00048828125,False
547:colon:head:678:KV,noise,176,-0.00244140625,False
547:colon:head:678:KV,noise,178,-0.0032806396484375,False
547:colon:head:678:KV,noise,186,0.0006103515625,False
547:colon:head:678:KV,noise,192,0.00067138671875,False
547:colon:head:678:KV,noise,196,0.0,False
547:colon:head:678:Q,noise,0,-0.002166748046875,False
547:colon:head:678:Q,noise,16,-0.0075531005859375,False
547:colon:head:678:Q,noise,32,0.009674072265625,False
547:colon:head:678:Q,noise,48,-0.014312744140625,False
547:colon:head:678:Q,noise,56,-0.001251220703125,False
547:colon:head:678:Q,noise,64,0.00115966796875,False
547:colon:head:678:Q,noise,82,0.0013427734375,False
547:colon:head:678:Q,noise,96,-0.01459503173828125,False
547:colon:head:678:Q,noise,98,-0.05523681640625,False
547:colon:head:678:Q,noise,102,-0.01108551025390625,False
547:colon:head:678:Q,noise,116,-0.0009765625,False
547:colon:head:678:Q,noise,130,0.0018463134765625,False
547:colon:head:678:Q,noise,150,0.0045166015625,False
547:colon:head:678:Q,noise,154,-0.01092529296875,False
547:colon:head:678:Q,noise,162,-0.020263671875,False
547:colon:head:678:Q,noise,176,-0.008056640625,False
547:colon:head:678:Q,noise,178,-0.00951385498046875,False
547:colon:head:678:Q,noise,186,-0.01092529296875,False
547:colon:head:678:Q,noise,192,-0.0164794921875,False
547:colon:head:678:Q,noise,196,-0.01513671875,False
547:colon:head:690:KV,noise,0,0.00335693359375,False
547:colon:head:690:KV,noise,16,0.0021209716796875,False
547:colon:head:690:KV,noise,32,0.0023956298828125,False
547:colon:head:690:KV,noise,48,0.0032806396484375,False
547:colon:head:690:KV,noise,56,-0.0007476806640625,False
547:colon:head:690:KV,noise,64,0.00128173828125,False
547:colon:head:690:KV,noise,82,-0.00042724609375,False
547:colon:head:690:KV,noise,96,0.0034027099609375,False
547:colon:head:690:KV,noise,98,-0.001617431640625,False
547:colon:head:690:KV,noise,102,-0.00051116943359375,False
547:colon:head:690:KV,noise,116,-0.00115966796875,False
547:colon:head:690:KV,noise,130,-0.00067138671875,False
547:colon:head:690:KV,noise,150,0.0001220703125,False
547:colon:head:690:KV,noise,154,0.00164794921875,False
547:colon:head:690:KV,noise,162,0.0029296875,False
547:colon:head:690:KV,noise,176,-0.0003662109375,False
547:colon:head:690:KV,noise,178,-0.00177001953125,False
547:colon:head:690:KV,noise,186,0.0003662109375,False
547:colon:head:690:KV,noise,192,0.0,False
547:colon:head:690:KV,noise,196,-0.00048828125,False
547:colon:head:690:Q,noise,0,-0.01385498046875,False
547:colon:head:690:Q,noise,16,-0.0013580322265625,False
547:colon:head:690:Q,noise,32,0.02392578125,False
547:colon:head:690:Q,noise,48,-0.01920318603515625,False
547:colon:head:690:Q,noise,56,-0.0150909423828125,False
547:colon:head:690:Q,noise,64,-0.0076904296875,False
547:colon:head:690:Q,noise,82,0.01416015625,False
547:colon:head:690:Q,noise,96,-0.00893402099609375,False
547:colon:head:690:Q,noise,98,-0.014434814453125,False
547:colon:head:690:Q,noise,102,-0.047092437744140625,False
547:colon:head:690:Q,noise,116,-0.015869140625,False
547:colon:head:690:Q,noise,130,0.007354736328125,False
547:colon:head:690:Q,noise,150,-0.004791259765625,False
547:colon:head:690:Q,noise,154,-0.0238037109375,False
547:colon:head:690:Q,noise,162,-0.01611328125,False
547:colon:head:690:Q,noise,176,-0.0040283203125,False
547:colon:head:690:Q,noise,178,-0.0218048095703125,False
547:colon:head:690:Q,noise,186,-0.01898193359375,False
547:colon:head:690:Q,noise,192,-0.02288818359375,False
547:colon:head:690:Q,noise,196,-0.02099609375,False
547:colon:head:695:KV,noise,0,-0.008758544921875,False
547:colon:head:695:KV,noise,16,-0.014923095703125,False
547:colon:head:695:KV,noise,32,-0.010894775390625,False
547:colon:head:695:KV,noise,48,-0.03564453125,False
547:colon:head:695:KV,noise,56,-0.004547119140625,False
547:colon:head:695:KV,noise,64,-0.02032470703125,False
547:colon:head:695:KV,noise,82,-0.0198974609375,False
547:colon:head:695:KV,noise,96,-0.04743194580078125,False
547:colon:head:695:KV,noise,98,-0.030670166015625,False
547:colon:head:695:KV,noise,102,-0.02978515625,False
547:colon:head:695:KV,noise,116,-0.00830078125,False
547:colon:head:695:KV,noise,130,-0.013336181640625,False
547:colon:head:695:KV,noise,150,-0.0107421875,False
547:colon:head:695:KV,noise,154,-0.0010986328125,False
547:colon:head:695:KV,noise,162,-0.038818359375,False
547:colon:head:695:KV,noise,176,-0.01220703125,False
547:colon:head:695:KV,noise,178,-0.03528594970703125,False
547:colon:head:695:KV,noise,186,-0.04718017578125,False
547:colon:head:695:KV,noise,192,-0.03082275390625,False
547:colon:head:695:KV,noise,196,-0.013671875,False
547:colon:head:695:Q,noise,0,0.00244140625,False
547:colon:head:695:Q,noise,16,-0.0008392333984375,False
547:colon:head:695:Q,noise,32,0.0050506591796875,False
547:colon:head:695:Q,noise,48,-0.0060882568359375,False
547:colon:head:695:Q,noise,56,-0.0047760009765625,False
547:colon:head:695:Q,noise,64,-0.00067138671875,False
547:colon:head:695:Q,noise,82,-0.01202392578125,False
547:colon:head:695:Q,noise,96,-0.01222991943359375,False
547:colon:head:695:Q,noise,98,0.010040283203125,False
547:colon:head:695:Q,noise,102,-0.03094482421875,False
547:colon:head:695:Q,noise,116,-0.00543212890625,False
547:colon:head:695:Q,noise,130,0.000335693359375,False
547:colon:head:695:Q,noise,150,-0.00701904296875,False
547:colon:head:695:Q,noise,154,0.01483154296875,False
547:colon:head:695:Q,noise,162,-0.02392578125,False
547:colon:head:695:Q,noise,176,-0.000244140625,False
547:colon:head:695:Q,noise,178,-0.0168609619140625,False
547:colon:head:695:Q,noise,186,-0.02801513671875,False
547:colon:head:695:Q,noise,192,0.00689697265625,False
547:colon:head:695:Q,noise,196,-0.00830078125,False
547:colon:head:709:KV,noise,0,0.001739501953125,False
547:colon:head:709:KV,noise,16,0.0009918212890625,False
547:colon:head:709:KV,noise,32,-0.0038299560546875,False
547:colon:head:709:KV,noise,48,-0.0005645751953125,False
547:colon:head:709:KV,noise,56,-0.0034942626953125,False
547:colon:head:709:KV,noise,64,-6.103515625e-05,False
547:colon:head:709:KV,noise,82,0.00177001953125,False
547:colon:head:709:KV,noise,96,-0.00189971923828125,False
547:colon:head:709:KV,noise,98,-0.002105712890625,False
547:colon:head:709:KV,noise,102,0.00107574462890625,False
547:colon:head:709:KV,noise,116,-0.00164794921875,False
547:colon:head:709:KV,noise,130,-9.1552734375e-05,False
547:colon:head:709:KV,noise,150,0.001007080078125,False
547:colon:head:709:KV,noise,154,0.0020751953125,False
547:colon:head:709:KV,noise,162,0.00048828125,False
547:colon:head:709:KV,noise,176,-0.0010986328125,False
547:colon:head:709:KV,noise,178,-0.001972198486328125,False
547:colon:head:709:KV,noise,186,-0.00030517578125,False
547:colon:head:709:KV,noise,192,-0.00115966796875,False
547:colon:head:709:KV,noise,196,0.00048828125,False
547:colon:head:709:Q,noise,0,-0.009735107421875,False
547:colon:head:709:Q,noise,16,-0.0378265380859375,False
547:colon:head:709:Q,noise,32,-0.0130157470703125,False
547:colon:head:709:Q,noise,48,-0.06470870971679688,False
547:colon:head:709:Q,noise,56,-0.03192138671875,False
547:colon:head:709:Q,noise,64,-0.04443359375,False
547:colon:head:709:Q,noise,82,-0.010009765625,False
547:colon:head:709:Q,noise,96,-0.07628631591796875,False
547:colon:head:709:Q,noise,98,-0.0302734375,False
547:colon:head:709:Q,noise,102,-0.011199951171875,False
547:colon:head:709:Q,noise,116,-0.03790283203125,False
547:colon:head:709:Q,noise,130,-0.0449981689453125,False
547:colon:head:709:Q,noise,150,-0.018707275390625,False
547:colon:head:709:Q,noise,154,-0.058349609375,False
547:colon:head:709:Q,noise,162,-0.109130859375,False
547:colon:head:709:Q,noise,176,-0.0389404296875,False
547:colon:head:709:Q,noise,178,-0.07003402709960938,False
547:colon:head:709:Q,noise,186,-0.07293701171875,False
547:colon:head:709:Q,noise,192,-0.07073974609375,False
547:colon:head:709:Q,noise,196,-0.04052734375,False
547:colon:head:751:KV,noise,0,0.003448486328125,False
547:colon:head:751:KV,noise,16,0.0,False
547:colon:head:751:KV,noise,32,0.0005950927734375,False
547:colon:head:751:KV,noise,48,-0.00052642822265625,False
547:colon:head:751:KV,noise,56,-0.00128173828125,False
547:colon:head:751:KV,noise,64,-0.00250244140625,False
547:colon:head:751:KV,noise,82,0.000244140625,False
547:colon:head:751:KV,noise,96,-0.00173187255859375,False
547:colon:head:751:KV,noise,98,-0.0008544921875,False
547:colon:head:751:KV,noise,102,-0.00019073486328125,False
547:colon:head:751:KV,noise,116,-0.00164794921875,False
547:colon:head:751:KV,noise,130,0.001129150390625,False
547:colon:head:751:KV,noise,150,0.001495361328125,False
547:colon:head:751:KV,noise,154,0.002197265625,False
547:colon:head:751:KV,noise,162,-0.00146484375,False
547:colon:head:751:KV,noise,176,-0.00048828125,False
547:colon:head:751:KV,noise,178,0.002593994140625,False
547:colon:head:751:KV,noise,186,-0.00030517578125,False
547:colon:head:751:KV,noise,192,-0.0009765625,False
547:colon:head:751:KV,noise,196,-0.0009765625,False
547:colon:head:751:Q,noise,0,0.004547119140625,False
547:colon:head:751:Q,noise,16,0.0001373291015625,False
547:colon:head:751:Q,noise,32,0.002685546875,False
547:colon:head:751:Q,noise,48,0.011871337890625,False
547:colon:head:751:Q,noise,56,0.0010528564453125,False
547:colon:head:751:Q,noise,64,0.00238037109375,False
547:colon:head:751:Q,noise,82,0.000244140625,False
547:colon:head:751:Q,noise,96,0.01059722900390625,False
547:colon:head:751:Q,noise,98,0.009124755859375,False
547:colon:head:751:Q,noise,102,0.003173828125,False
547:colon:head:751:Q,noise,116,0.001708984375,False
547:colon:head:751:Q,noise,130,0.0056915283203125,False
547:colon:head:751:Q,noise,150,0.005889892578125,False
547:colon:head:751:Q,noise,154,0.01068115234375,False
547:colon:head:751:Q,noise,162,0.0048828125,False
547:colon:head:751:Q,noise,176,-0.0008544921875,False
547:colon:head:751:Q,noise,178,-0.005756378173828125,False
547:colon:head:751:Q,noise,186,0.01129150390625,False
547:colon:head:751:Q,noise,192,0.003173828125,False
547:colon:head:751:Q,noise,196,0.0,False
547:colon:head:787:KV,noise,0,0.001190185546875,False
547:colon:head:787:KV,noise,16,0.0008697509765625,False
547:colon:head:787:KV,noise,32,0.000518798828125,False
547:colon:head:787:KV,noise,48,0.001312255859375,False
547:colon:head:787:KV,noise,56,-0.0033721923828125,False
547:colon:head:787:KV,noise,64,0.000244140625,False
547:colon:head:787:KV,noise,82,0.00262451171875,False
547:colon:head:787:KV,noise,96,0.00213623046875,False
547:colon:head:787:KV,noise,98,-0.001373291015625,False
547:colon:head:787:KV,noise,102,-0.0008087158203125,False
547:colon:head:787:KV,noise,116,-0.0010986328125,False
547:colon:head:787:KV,noise,130,-0.0009307861328125,False
547:colon:head:787:KV,noise,150,0.000244140625,False
547:colon:head:787:KV,noise,154,0.001220703125,False
547:colon:head:787:KV,noise,162,-0.001708984375,False
547:colon:head:787:KV,noise,176,0.00390625,False
547:colon:head:787:KV,noise,178,-0.0024261474609375,False
547:colon:head:787:KV,noise,186,-0.00213623046875,False
547:colon:head:787:KV,noise,192,-0.00146484375,False
547:colon:head:787:KV,noise,196,0.00146484375,False
547:colon:head:787:Q,noise,0,-0.004852294921875,False
547:colon:head:787:Q,noise,16,-0.0014190673828125,False
547:colon:head:787:Q,noise,32,-0.004486083984375,False
547:colon:head:787:Q,noise,48,-0.022491455078125,False
547:colon:head:787:Q,noise,56,-0.0080413818359375,False
547:colon:head:787:Q,noise,64,-0.0052490234375,False
547:colon:head:787:Q,noise,82,-0.005859375,False
547:colon:head:787:Q,noise,96,-0.03063201904296875,False
547:colon:head:787:Q,noise,98,-0.02508544921875,False
547:colon:head:787:Q,noise,102,-0.01629638671875,False
547:colon:head:787:Q,noise,116,-0.00982666015625,False
547:colon:head:787:Q,noise,130,-0.0054473876953125,False
547:colon:head:787:Q,noise,150,-0.0172119140625,False
547:colon:head:787:Q,noise,154,-0.01666259765625,False
547:colon:head:787:Q,noise,162,-0.00341796875,False
547:colon:head:787:Q,noise,176,-0.013916015625,False
547:colon:head:787:Q,noise,178,-0.0102691650390625,False
547:colon:head:787:Q,noise,186,-0.01715087890625,False
547:colon:head:787:Q,noise,192,-0.01409912109375,False
547:colon:head:787:Q,noise,196,-0.0224609375,False
547:colon:head:817:KV,noise,0,-0.00311279296875,False
547:colon:head:817:KV,noise,16,-0.0026092529296875,False
547:colon:head:817:KV,noise,32,0.000335693359375,False
547:colon:head:817:KV,noise,48,-0.00095367431640625,False
547:colon:head:817:KV,noise,56,-0.0113983154296875,False
547:colon:head:817:KV,noise,64,-0.001220703125,False
547:colon:head:817:KV,noise,82,-0.002197265625,False
547:colon:head:817:KV,noise,96,0.00444793701171875,False
547:colon:head:817:KV,noise,98,-0.005645751953125,False
547:colon:head:817:KV,noise,102,-0.00382232666015625,False
547:colon:head:817:KV,noise,116,-0.0068359375,False
547:colon:head:817:KV,noise,130,-0.00555419921875,False
547:colon:head:817:KV,noise,150,0.00054931640625,False
547:colon:head:817:KV,noise,154,-0.0072021484375,False
547:colon:head:817:KV,noise,162,0.002197265625,False
547:colon:head:817:KV,noise,176,-0.0015869140625,False
547:colon:head:817:KV,noise,178,-8.96453857421875e-05,False
547:colon:head:817:KV,noise,186,0.00213623046875,False
547:colon:head:817:KV,noise,192,-0.00140380859375,False
547:colon:head:817:KV,noise,196,0.00048828125,False
547:colon:head:817:Q,noise,0,0.004180908203125,False
547:colon:head:817:Q,noise,16,0.0020294189453125,False
547:colon:head:817:Q,noise,32,0.0018768310546875,False
547:colon:head:817:Q,noise,48,0.004241943359375,False
547:colon:head:817:Q,noise,56,-0.0058441162109375,False
547:colon:head:817:Q,noise,64,-0.00103759765625,False
547:colon:head:817:Q,noise,82,0.0018310546875,False
547:colon:head:817:Q,noise,96,0.00757598876953125,False
547:colon:head:817:Q,noise,98,0.002960205078125,False
547:colon:head:817:Q,noise,102,0.0078277587890625,False
547:colon:head:817:Q,noise,116,0.0009765625,False
547:colon:head:817:Q,noise,130,-0.0004119873046875,False
547:colon:head:817:Q,noise,150,-0.00115966796875,False
547:colon:head:817:Q,noise,154,0.0025634765625,False
547:colon:head:817:Q,noise,162,0.0009765625,False
547:colon:head:817:Q,noise,176,0.0020751953125,False
547:colon:head:817:Q,noise,178,0.003635406494140625,False
547:colon:head:817:Q,noise,186,0.00616455078125,False
547:colon:head:817:Q,noise,192,-0.00018310546875,False
547:colon:head:817:Q,noise,196,0.00244140625,False
547:colon:head:855:KV,noise,0,0.003448486328125,False
547:colon:head:855:KV,noise,16,-0.000762939453125,False
547:colon:head:855:KV,noise,32,-0.0008087158203125,False
547:colon:head:855:KV,noise,48,0.00099945068359375,False
547:colon:head:855:KV,noise,56,-7.62939453125e-05,False
547:colon:head:855:KV,noise,64,-0.00177001953125,False
547:colon:head:855:KV,noise,82,-0.0001220703125,False
547:colon:head:855:KV,noise,96,-0.00160980224609375,False
547:colon:head:855:KV,noise,98,0.0001220703125,False
547:colon:head:855:KV,noise,102,-0.0005645751953125,False
547:colon:head:855:KV,noise,116,-0.0015869140625,False
547:colon:head:855:KV,noise,130,0.0003509521484375,False
547:colon:head:855:KV,noise,150,0.001556396484375,False
547:colon:head:855:KV,noise,154,-0.0006103515625,False
547:colon:head:855:KV,noise,162,-0.000244140625,False
547:colon:head:855:KV,noise,176,-0.0008544921875,False
547:colon:head:855:KV,noise,178,-0.0013580322265625,False
547:colon:head:855:KV,noise,186,-6.103515625e-05,False
547:colon:head:855:KV,noise,192,-0.0009765625,False
547:colon:head:855:KV,noise,196,0.00048828125,False
547:colon:head:855:Q,noise,0,0.0006103515625,False
547:colon:head:855:Q,noise,16,0.0012664794921875,False
547:colon:head:855:Q,noise,32,0.004180908203125,False
547:colon:head:855:Q,noise,48,0.00262451171875,False
547:colon:head:855:Q,noise,56,-0.0027313232421875,False
547:colon:head:855:Q,noise,64,-0.00091552734375,False
547:colon:head:855:Q,noise,82,0.00408935546875,False
547:colon:head:855:Q,noise,96,0.0002899169921875,False
547:colon:head:855:Q,noise,98,-0.001556396484375,False
547:colon:head:855:Q,noise,102,0.00244140625,False
547:colon:head:855:Q,noise,116,-0.00146484375,False
547:colon:head:855:Q,noise,130,4.57763671875e-05,False
547:colon:head:855:Q,noise,150,0.00384521484375,False
547:colon:head:855:Q,noise,154,0.00286865234375,False
547:colon:head:855:Q,noise,162,0.001953125,False
547:colon:head:855:Q,noise,176,-0.0001220703125,False
547:colon:head:855:Q,noise,178,-0.000713348388671875,False
547:colon:head:855:Q,noise,186,0.0028076171875,False
547:colon:head:855:Q,noise,192,0.00152587890625,False
547:colon:head:855:Q,noise,196,0.00244140625,False
547:colon:head:870:KV,noise,0,0.00067138671875,False
547:colon:head:870:KV,noise,16,0.001495361328125,False
547:colon:head:870:KV,noise,32,-0.003997802734375,False
547:colon:head:870:KV,noise,48,0.001617431640625,False
547:colon:head:870:KV,noise,56,-0.0029449462890625,False
547:colon:head:870:KV,noise,64,0.0003662109375,False
547:colon:head:870:KV,noise,82,0.000732421875,False
547:colon:head:870:KV,noise,96,0.0008697509765625,False
547:colon:head:870:KV,noise,98,-0.0008544921875,False
547:colon:head:870:KV,noise,102,0.00025177001953125,False
547:colon:head:870:KV,noise,116,-0.00494384765625,False
547:colon:head:870:KV,noise,130,-0.0015869140625,False
547:colon:head:870:KV,noise,150,0.00067138671875,False
547:colon:head:870:KV,noise,154,0.0018310546875,False
547:colon:head:870:KV,noise,162,0.00048828125,False
547:colon:head:870:KV,noise,176,0.0,False
547:colon:head:870:KV,noise,178,0.00048828125,False
547:colon:head:870:KV,noise,186,-0.001708984375,False
547:colon:head:870:KV,noise,192,-0.00030517578125,False
547:colon:head:870:KV,noise,196,-0.001953125,False
547:colon:head:870:Q,noise,0,0.00177001953125,False
547:colon:head:870:Q,noise,16,-0.0109710693359375,False
547:colon:head:870:Q,noise,32,-0.001007080078125,False
547:colon:head:870:Q,noise,48,-0.049953460693359375,False
547:colon:head:870:Q,noise,56,-0.0352783203125,False
547:colon:head:870:Q,noise,64,-0.0302734375,False
547:colon:head:870:Q,noise,82,0.00677490234375,False
547:colon:head:870:Q,noise,96,-0.00835418701171875,False
547:colon:head:870:Q,noise,98,-0.03985595703125,False
547:colon:head:870:Q,noise,102,0.00089263916015625,False
547:colon:head:870:Q,noise,116,-0.0283203125,False
547:colon:head:870:Q,noise,130,-0.0426177978515625,False
547:colon:head:870:Q,noise,150,0.00048828125,False
547:colon:head:870:Q,noise,154,-0.015625,False
547:colon:head:870:Q,noise,162,-0.060546875,False
547:colon:head:870:Q,noise,176,-0.01806640625,False
547:colon:head:870:Q,noise,178,-0.027599334716796875,False
547:colon:head:870:Q,noise,186,-0.030517578125,False
547:colon:head:870:Q,noise,192,-0.05743408203125,False
547:colon:head:870:Q,noise,196,-0.01708984375,False
547:colon:head:973:KV,noise,0,-0.001068115234375,False
547:colon:head:973:KV,noise,16,-0.0023193359375,False
547:colon:head:973:KV,noise,32,0.0008392333984375,False
547:colon:head:973:KV,noise,48,-0.001556396484375,False
547:colon:head:973:KV,noise,56,-0.0021209716796875,False
547:colon:head:973:KV,noise,64,-0.0013427734375,False
547:colon:head:973:KV,noise,82,-0.00384521484375,False
547:colon:head:973:KV,noise,96,0.00078582763671875,False
547:colon:head:973:KV,noise,98,-0.00213623046875,False
547:colon:head:973:KV,noise,102,-0.00420379638671875,False
547:colon:head:973:KV,noise,116,-0.00640869140625,False
547:colon:head:973:KV,noise,130,-0.0009765625,False
547:colon:head:973:KV,noise,150,0.00189208984375,False
547:colon:head:973:KV,noise,154,0.001708984375,False
547:colon:head:973:KV,noise,162,-0.005615234375,False
547:colon:head:973:KV,noise,176,0.00048828125,False
547:colon:head:973:KV,noise,178,-0.003963470458984375,False
547:colon:head:973:KV,noise,186,0.00030517578125,False
547:colon:head:973:KV,noise,192,-0.0009765625,False
547:colon:head:973:KV,noise,196,-0.00244140625,False
547:colon:head:973:Q,noise,0,0.0023193359375,False
547:colon:head:973:Q,noise,16,-0.004608154296875,False
547:colon:head:973:Q,noise,32,-0.0032196044921875,False
547:colon:head:973:Q,noise,48,0.003082275390625,False
547:colon:head:973:Q,noise,56,-0.004302978515625,False
547:colon:head:973:Q,noise,64,0.0018310546875,False
547:colon:head:973:Q,noise,82,-0.00848388671875,False
547:colon:head:973:Q,noise,96,-0.0053253173828125,False
547:colon:head:973:Q,noise,98,-0.003448486328125,False
547:colon:head:973:Q,noise,102,-0.0005950927734375,False
547:colon:head:973:Q,noise,116,-0.006591796875,False
547:colon:head:973:Q,noise,130,0.0012969970703125,False
547:colon:head:973:Q,noise,150,0.001220703125,False
547:colon:head:973:Q,noise,154,0.00048828125,False
547:colon:head:973:Q,noise,162,-0.00146484375,False
547:colon:head:973:Q,noise,176,0.0006103515625,False
547:colon:head:973:Q,noise,178,0.00142669677734375,False
547:colon:head:973:Q,noise,186,-0.00543212890625,False
547:colon:head:973:Q,noise,192,-0.0045166015625,False
547:colon:head:973:Q,noise,196,0.0009765625,False
547:colon:head:978:KV,noise,0,0.00360107421875,False
547:colon:head:978:KV,noise,16,7.62939453125e-05,False
547:colon:head:978:KV,noise,32,0.000823974609375,False
547:colon:head:978:KV,noise,48,0.0007171630859375,False
547:colon:head:978:KV,noise,56,-0.0020599365234375,False
547:colon:head:978:KV,noise,64,0.00067138671875,False
547:colon:head:978:KV,noise,82,0.00164794921875,False
547:colon:head:978:KV,noise,96,0.00087738037109375,False
547:colon:head:978:KV,noise,98,-0.001373291015625,False
547:colon:head:978:KV,noise,102,6.103515625e-05,False
547:colon:head:978:KV,noise,116,-0.00048828125,False
547:colon:head:978:KV,noise,130,-0.000885009765625,False
547:colon:head:978:KV,noise,150,-0.000396728515625,False
547:colon:head:978:KV,noise,154,-0.00030517578125,False
547:colon:head:978:KV,noise,162,-0.000244140625,False
547:colon:head:978:KV,noise,176,-0.0008544921875,False
547:colon:head:978:KV,noise,178,0.0004730224609375,False
547:colon:head:978:KV,noise,186,-0.000244140625,False
547:colon:head:978:KV,noise,192,-0.00018310546875,False
547:colon:head:978:KV,noise,196,0.0,False
547:colon:head:978:Q,noise,0,0.00177001953125,False
547:colon:head:978:Q,noise,16,-0.0088043212890625,False
547:colon:head:978:Q,noise,32,0.00128173828125,False
547:colon:head:978:Q,noise,48,-0.0403900146484375,False
547:colon:head:978:Q,noise,56,-0.02728271484375,False
547:colon:head:978:Q,noise,64,-0.01123046875,False
547:colon:head:978:Q,noise,82,0.0003662109375,False
547:colon:head:978:Q,noise,96,-0.00506591796875,False
547:colon:head:978:Q,noise,98,-0.01129150390625,False
547:colon:head:978:Q,noise,102,-0.022705078125,False
547:colon:head:978:Q,noise,116,-0.02471923828125,False
547:colon:head:978:Q,noise,130,-0.0353240966796875,False
547:colon:head:978:Q,noise,150,-0.01373291015625,False
547:colon:head:978:Q,noise,154,-0.0029296875,False
547:colon:head:978:Q,noise,162,-0.00634765625,False
547:colon:head:978:Q,noise,176,-0.032470703125,False
547:colon:head:978:Q,noise,178,-0.03348731994628906,False
547:colon:head:978:Q,noise,186,-0.03924560546875,False
547:colon:head:978:Q,noise,192,-0.031494140625,False
547:colon:head:978:Q,noise,196,-0.0087890625,False
547:colon:mlp:17:,noise,0,-0.00341796875,False
547:colon:mlp:17:,noise,16,0.0447235107421875,False
547:colon:mlp:17:,noise,32,-0.002777099609375,False
547:colon:mlp:17:,noise,48,0.0440826416015625,False
547:colon:mlp:17:,noise,56,-0.0099334716796875,False
547:colon:mlp:17:,noise,64,0.0428466796875,False
547:colon:mlp:17:,noise,82,0.05059814453125,False
547:colon:mlp:17:,noise,96,0.02521514892578125,False
547:colon:mlp:17:,noise,98,0.0335693359375,False
547:colon:mlp:17:,noise,102,-0.0056304931640625,False
547:colon:mlp:17:,noise,116,0.0103759765625,False
547:colon:mlp:17:,noise,130,0.0004425048828125,False
547:colon:mlp:17:,noise,150,0.01904296875,False
547:colon:mlp:17:,noise,154,-0.02264404296875,False
547:colon:mlp:17:,noise,162,0.103515625,False
547:colon:mlp:17:,noise,176,-0.006591796875,False
547:colon:mlp:17:,noise,178,0.05467414855957031,False
547:colon:mlp:17:,noise,186,0.03936767578125,False
547:colon:mlp:17:,noise,192,0.0423583984375,False
547:colon:mlp:17:,noise,196,-0.00634765625,False
547:colon:mlp:18:,noise,0,0.002593994140625,False
547:colon:mlp:18:,noise,16,-0.05517578125,False
547:colon:mlp:18:,noise,32,-0.0478515625,False
547:colon:mlp:18:,noise,48,-0.0563507080078125,False
547:colon:mlp:18:,noise,56,-0.00274658203125,False
547:colon:mlp:18:,noise,64,-0.0018310546875,False
547:colon:mlp:18:,noise,82,-0.0350341796875,False
547:colon:mlp:18:,noise,96,-0.05033111572265625,False
547:colon:mlp:18:,noise,98,-0.003265380859375,False
547:colon:mlp:18:,noise,102,0.026580810546875,False
547:colon:mlp:18:,noise,116,-0.0567626953125,False
547:colon:mlp:18:,noise,130,0.00164794921875,False
547:colon:mlp:18:,noise,150,0.000335693359375,False
547:colon:mlp:18:,noise,154,-0.0623779296875,False
547:colon:mlp:18:,noise,162,-0.06591796875,False
547:colon:mlp:18:,noise,176,-0.0098876953125,False
547:colon:mlp:18:,noise,178,-0.027557373046875,False
547:colon:mlp:18:,noise,186,-0.0318603515625,False
547:colon:mlp:18:,noise,192,-0.016357421875,False
547:colon:mlp:18:,noise,196,0.01708984375,False
547:earlier_remaining:head:594:K,noise,0,-0.014129638671875,False
547:earlier_remaining:head:594:K,noise,16,-0.016998291015625,False
547:earlier_remaining:head:594:K,noise,32,0.017303466796875,False
547:earlier_remaining:head:594:K,noise,48,-0.07923507690429688,False
547:earlier_remaining:head:594:K,noise,56,0.02728271484375,False
547:earlier_remaining:head:594:K,noise,64,-0.0860595703125,False
547:earlier_remaining:head:594:K,noise,82,-0.01123046875,False
547:earlier_remaining:head:594:K,noise,96,-0.12143707275390625,False
547:earlier_remaining:head:594:K,noise,98,0.045013427734375,False
547:earlier_remaining:head:594:K,noise,102,0.00510406494140625,False
547:earlier_remaining:head:594:K,noise,116,-0.04364013671875,False
547:earlier_remaining:head:594:K,noise,130,-0.0207977294921875,False
547:earlier_remaining:head:594:K,noise,150,-0.006622314453125,False
547:earlier_remaining:head:594:K,noise,154,-0.04229736328125,False
547:earlier_remaining:head:594:K,noise,162,-0.009521484375,False
547:earlier_remaining:head:594:K,noise,176,-0.022216796875,False
547:earlier_remaining:head:594:K,noise,178,-0.07052421569824219,False
547:earlier_remaining:head:594:K,noise,186,-0.10015869140625,False
547:earlier_remaining:head:594:K,noise,192,-0.05938720703125,False
547:earlier_remaining:head:594:K,noise,196,-0.00634765625,False
547:earlier_remaining:head:594:V,noise,0,-0.00372314453125,False
547:earlier_remaining:head:594:V,noise,16,-0.0063934326171875,False
547:earlier_remaining:head:594:V,noise,32,-0.0022125244140625,False
547:earlier_remaining:head:594:V,noise,48,0.0005645751953125,False
547:earlier_remaining:head:594:V,noise,56,-0.0023040771484375,False
547:earlier_remaining:head:594:V,noise,64,-0.00177001953125,False
547:earlier_remaining:head:594:V,noise,82,-0.00494384765625,False
547:earlier_remaining:head:594:V,noise,96,-0.003875732421875,False
547:earlier_remaining:head:594:V,noise,98,-0.024993896484375,False
547:earlier_remaining:head:594:V,noise,102,-0.00205230712890625,False
547:earlier_remaining:head:594:V,noise,116,-0.0035400390625,False
547:earlier_remaining:head:594:V,noise,130,-0.0032958984375,False
547:earlier_remaining:head:594:V,noise,150,-0.00543212890625,False
547:earlier_remaining:head:594:V,noise,154,0.00067138671875,False
547:earlier_remaining:head:594:V,noise,162,-0.010986328125,False
547:earlier_remaining:head:594:V,noise,176,0.000244140625,False
547:earlier_remaining:head:594:V,noise,178,-0.012882232666015625,False
547:earlier_remaining:head:594:V,noise,186,-0.00604248046875,False
547:earlier_remaining:head:594:V,noise,192,-0.00665283203125,False
547:earlier_remaining:head:594:V,noise,196,-0.00390625,False
547:earlier_remaining:head:595:K,noise,0,-0.032867431640625,False
547:earlier_remaining:head:595:K,noise,16,-0.0149688720703125,False
547:earlier_remaining:head:595:K,noise,32,-0.0003814697265625,False
547:earlier_remaining:head:595:K,noise,48,-0.039642333984375,False
547:earlier_remaining:head:595:K,noise,56,0.003662109375,False
547:earlier_remaining:head:595:K,noise,64,-0.04803466796875,False
547:earlier_remaining:head:595:K,noise,82,0.010986328125,False
547:earlier_remaining:head:595:K,noise,96,-0.06207275390625,False
547:earlier_remaining:head:595:K,noise,98,0.051483154296875,False
547:earlier_remaining:head:595:K,noise,102,-0.00742340087890625,False
547:earlier_remaining:head:595:K,noise,116,-0.010009765625,False
547:earlier_remaining:head:595:K,noise,130,0.003875732421875,False
547:earlier_remaining:head:595:K,noise,150,-0.00347900390625,False
547:earlier_remaining:head:595:K,noise,154,-0.02984619140625,False
547:earlier_remaining:head:595:K,noise,162,0.00048828125,False
547:earlier_remaining:head:595:K,noise,176,-0.017578125,False
547:earlier_remaining:head:595:K,noise,178,-0.04784393310546875,False
547:earlier_remaining:head:595:K,noise,186,-0.0103759765625,False
547:earlier_remaining:head:595:K,noise,192,-0.02520751953125,False
547:earlier_remaining:head:595:K,noise,196,-0.01513671875,False
547:earlier_remaining:head:595:V,noise,0,-0.00885009765625,False
547:earlier_remaining:head:595:V,noise,16,0.0017242431640625,False
547:earlier_remaining:head:595:V,noise,32,-0.0003509521484375,False
547:earlier_remaining:head:595:V,noise,48,-0.02685546875,False
547:earlier_remaining:head:595:V,noise,56,-0.0242919921875,False
547:earlier_remaining:head:595:V,noise,64,-0.0008544921875,False
547:earlier_remaining:head:595:V,noise,82,0.00341796875,False
547:earlier_remaining:head:595:V,noise,96,-0.0273284912109375,False
547:earlier_remaining:head:595:V,noise,98,-0.046295166015625,False
547:earlier_remaining:head:595:V,noise,102,0.0015716552734375,False
547:earlier_remaining:head:595:V,noise,116,-0.0274658203125,False
547:earlier_remaining:head:595:V,noise,130,-0.01275634765625,False
547:earlier_remaining:head:595:V,noise,150,-0.01361083984375,False
547:earlier_remaining:head:595:V,noise,154,-0.0216064453125,False
547:earlier_remaining:head:595:V,noise,162,-0.062744140625,False
547:earlier_remaining:head:595:V,noise,176,-0.021728515625,False
547:earlier_remaining:head:595:V,noise,178,-0.028789520263671875,False
547:earlier_remaining:head:595:V,noise,186,-0.02081298828125,False
547:earlier_remaining:head:595:V,noise,192,-0.0264892578125,False
547:earlier_remaining:head:595:V,noise,196,-0.0458984375,False
547:earlier_remaining:head:600:K,noise,0,0.021728515625,False
547:earlier_remaining:head:600:K,noise,16,0.000823974609375,False
547:earlier_remaining:head:600:K,noise,32,0.0044097900390625,False
547:earlier_remaining:head:600:K,noise,48,-0.0007781982421875,False
547:earlier_remaining:head:600:K,noise,56,-0.0060272216796875,False
547:earlier_remaining:head:600:K,noise,64,0.00927734375,False
547:earlier_remaining:head:600:K,noise,82,-0.017578125,False
547:earlier_remaining:head:600:K,noise,96,0.0272369384765625,False
547:earlier_remaining:head:600:K,noise,98,-0.0577392578125,False
547:earlier_remaining:head:600:K,noise,102,0.0018463134765625,False
547:earlier_remaining:head:600:K,noise,116,0.02783203125,False
547:earlier_remaining:head:600:K,noise,130,0.005126953125,False
547:earlier_remaining:head:600:K,noise,150,-0.0135498046875,False
547:earlier_remaining:head:600:K,noise,154,0.0302734375,False
547:earlier_remaining:head:600:K,noise,162,-0.007080078125,False
547:earlier_remaining:head:600:K,noise,176,-0.0279541015625,False
547:earlier_remaining:head:600:K,noise,178,0.015621185302734375,False
547:earlier_remaining:head:600:K,noise,186,0.0338134765625,False
547:earlier_remaining:head:600:K,noise,192,-0.00177001953125,False
547:earlier_remaining:head:600:K,noise,196,-0.00830078125,False
547:earlier_remaining:head:600:V,noise,0,0.007781982421875,False
547:earlier_remaining:head:600:V,noise,16,-0.0031890869140625,False
547:earlier_remaining:head:600:V,noise,32,-0.0062255859375,False
547:earlier_remaining:head:600:V,noise,48,0.01220703125,False
547:earlier_remaining:head:600:V,noise,56,0.0062408447265625,False
547:earlier_remaining:head:600:V,noise,64,-0.000732421875,False
547:earlier_remaining:head:600:V,noise,82,-0.0123291015625,False
547:earlier_remaining:head:600:V,noise,96,0.00794219970703125,False
547:earlier_remaining:head:600:V,noise,98,0.040283203125,False
547:earlier_remaining:head:600:V,noise,102,0.0033721923828125,False
547:earlier_remaining:head:600:V,noise,116,0.010498046875,False
547:earlier_remaining:head:600:V,noise,130,0.0063934326171875,False
547:earlier_remaining:head:600:V,noise,150,0.00823974609375,False
547:earlier_remaining:head:600:V,noise,154,0.017333984375,False
547:earlier_remaining:head:600:V,noise,162,0.025390625,False
547:earlier_remaining:head:600:V,noise,176,0.0145263671875,False
547:earlier_remaining:head:600:V,noise,178,0.004314422607421875,False
547:earlier_remaining:head:600:V,noise,186,0.01593017578125,False
547:earlier_remaining:head:600:V,noise,192,0.0079345703125,False
547:earlier_remaining:head:600:V,noise,196,0.01416015625,False
547:earlier_remaining:head:624:K,noise,0,0.001953125,False
547:earlier_remaining:head:624:K,noise,16,0.0080718994140625,False
547:earlier_remaining:head:624:K,noise,32,-0.007598876953125,False
547:earlier_remaining:head:624:K,noise,48,0.0106658935546875,False
547:earlier_remaining:head:624:K,noise,56,-0.0069580078125,False
547:earlier_remaining:head:624:K,noise,64,-0.0023193359375,False
547:earlier_remaining:head:624:K,noise,82,0.007568359375,False
547:earlier_remaining:head:624:K,noise,96,0.0096588134765625,False
547:earlier_remaining:head:624:K,noise,98,0.006622314453125,False
547:earlier_remaining:head:624:K,noise,102,0.0040435791015625,False
547:earlier_remaining:head:624:K,noise,116,0.004150390625,False
547:earlier_remaining:head:624:K,noise,130,-0.0079803466796875,False
547:earlier_remaining:head:624:K,noise,150,0.0008544921875,False
547:earlier_remaining:head:624:K,noise,154,0.00811767578125,False
547:earlier_remaining:head:624:K,noise,162,0.008056640625,False
547:earlier_remaining:head:624:K,noise,176,-0.0057373046875,False
547:earlier_remaining:head:624:K,noise,178,0.003772735595703125,False
547:earlier_remaining:head:624:K,noise,186,0.00628662109375,False
547:earlier_remaining:head:624:K,noise,192,-0.00079345703125,False
547:earlier_remaining:head:624:K,noise,196,0.00244140625,False
547:earlier_remaining:head:624:V,noise,0,0.002349853515625,False
547:earlier_remaining:head:624:V,noise,16,0.0021209716796875,False
547:earlier_remaining:head:624:V,noise,32,0.0029754638671875,False
547:earlier_remaining:head:624:V,noise,48,0.0078887939453125,False
547:earlier_remaining:head:624:V,noise,56,0.0011444091796875,False
547:earlier_remaining:head:624:V,noise,64,0.001220703125,False
547:earlier_remaining:head:624:V,noise,82,0.00286865234375,False
547:earlier_remaining:head:624:V,noise,96,0.0102691650390625,False
547:earlier_remaining:head:624:V,noise,98,0.006988525390625,False
547:earlier_remaining:head:624:V,noise,102,0.00728607177734375,False
547:earlier_remaining:head:624:V,noise,116,-0.00140380859375,False
547:earlier_remaining:head:624:V,noise,130,0.003997802734375,False
547:earlier_remaining:head:624:V,noise,150,0.00225830078125,False
547:earlier_remaining:head:624:V,noise,154,0.00927734375,False
547:earlier_remaining:head:624:V,noise,162,0.00634765625,False
547:earlier_remaining:head:624:V,noise,176,0.004150390625,False
547:earlier_remaining:head:624:V,noise,178,0.0035400390625,False
547:earlier_remaining:head:624:V,noise,186,0.00775146484375,False
547:earlier_remaining:head:624:V,noise,192,0.0029296875,False
547:earlier_remaining:head:624:V,noise,196,0.0048828125,False
547:earlier_remaining:head:630:K,noise,0,0.00091552734375,False
547:earlier_remaining:head:630:K,noise,16,-0.0031585693359375,False
547:earlier_remaining:head:630:K,noise,32,0.00872802734375,False
547:earlier_remaining:head:630:K,noise,48,-0.0039215087890625,False
547:earlier_remaining:head:630:K,noise,56,-0.0004119873046875,False
547:earlier_remaining:head:630:K,noise,64,0.00592041015625,False
547:earlier_remaining:head:630:K,noise,82,0.0025634765625,False
547:earlier_remaining:head:630:K,noise,96,-0.011810302734375,False
547:earlier_remaining:head:630:K,noise,98,0.00518798828125,False
547:earlier_remaining:head:630:K,noise,102,-0.00415802001953125,False
547:earlier_remaining:head:630:K,noise,116,-0.00140380859375,False
547:earlier_remaining:head:630:K,noise,130,0.0027618408203125,False
547:earlier_remaining:head:630:K,noise,150,0.002471923828125,False
547:earlier_remaining:head:630:K,noise,154,-0.004638671875,False
547:earlier_remaining:head:630:K,noise,162,-0.00244140625,False
547:earlier_remaining:head:630:K,noise,176,0.0013427734375,False
547:earlier_remaining:head:630:K,noise,178,0.0052051544189453125,False
547:earlier_remaining:head:630:K,noise,186,-0.00494384765625,False
547:earlier_remaining:head:630:K,noise,192,-0.00531005859375,False
547:earlier_remaining:head:630:K,noise,196,-0.0078125,False
547:earlier_remaining:head:630:V,noise,0,0.000396728515625,False
547:earlier_remaining:head:630:V,noise,16,-0.0013275146484375,False
547:earlier_remaining:head:630:V,noise,32,0.001373291015625,False
547:earlier_remaining:head:630:V,noise,48,0.0016021728515625,False
547:earlier_remaining:head:630:V,noise,56,-0.00030517578125,False
547:earlier_remaining:head:630:V,noise,64,-0.00048828125,False
547:earlier_remaining:head:630:V,noise,82,0.00213623046875,False
547:earlier_remaining:head:630:V,noise,96,0.0030059814453125,False
547:earlier_remaining:head:630:V,noise,98,-0.005523681640625,False
547:earlier_remaining:head:630:V,noise,102,0.00064849853515625,False
547:earlier_remaining:head:630:V,noise,116,-0.00225830078125,False
547:earlier_remaining:head:630:V,noise,130,0.002655029296875,False
547:earlier_remaining:head:630:V,noise,150,0.001922607421875,False
547:earlier_remaining:head:630:V,noise,154,-0.00128173828125,False
547:earlier_remaining:head:630:V,noise,162,0.0,False
547:earlier_remaining:head:630:V,noise,176,0.0006103515625,False
547:earlier_remaining:head:630:V,noise,178,-0.0021209716796875,False
547:earlier_remaining:head:630:V,noise,186,-0.00091552734375,False
547:earlier_remaining:head:630:V,noise,192,-0.00225830078125,False
547:earlier_remaining:head:630:V,noise,196,0.00244140625,False
547:earlier_remaining:head:641:K,noise,0,0.003387451171875,False
547:earlier_remaining:head:641:K,noise,16,0.0074462890625,False
547:earlier_remaining:head:641:K,noise,32,-0.0124053955078125,False
547:earlier_remaining:head:641:K,noise,48,0.015411376953125,False
547:earlier_remaining:head:641:K,noise,56,-0.0041656494140625,False
547:earlier_remaining:head:641:K,noise,64,-0.0146484375,False
547:earlier_remaining:head:641:K,noise,82,0.01220703125,False
547:earlier_remaining:head:641:K,noise,96,0.03681182861328125,False
547:earlier_remaining:head:641:K,noise,98,-0.00146484375,False
547:earlier_remaining:head:641:K,noise,102,-0.0145263671875,False
547:earlier_remaining:head:641:K,noise,116,-0.00592041015625,False
547:earlier_remaining:head:641:K,noise,130,-0.0214691162109375,False
547:earlier_remaining:head:641:K,noise,150,0.00482177734375,False
547:earlier_remaining:head:641:K,noise,154,0.0072021484375,False
547:earlier_remaining:head:641:K,noise,162,0.00244140625,False
547:earlier_remaining:head:641:K,noise,176,0.0003662109375,False
547:earlier_remaining:head:641:K,noise,178,0.001880645751953125,False
547:earlier_remaining:head:641:K,noise,186,0.00836181640625,False
547:earlier_remaining:head:641:K,noise,192,-0.00103759765625,False
547:earlier_remaining:head:641:K,noise,196,0.00830078125,False
547:earlier_remaining:head:641:V,noise,0,0.007904052734375,False
547:earlier_remaining:head:641:V,noise,16,-0.00286865234375,False
547:earlier_remaining:head:641:V,noise,32,0.0133819580078125,False
547:earlier_remaining:head:641:V,noise,48,0.0131378173828125,False
547:earlier_remaining:head:641:V,noise,56,0.007080078125,False
547:earlier_remaining:head:641:V,noise,64,0.0067138671875,False
547:earlier_remaining:head:641:V,noise,82,-0.0030517578125,False
547:earlier_remaining:head:641:V,noise,96,0.0145721435546875,False
547:earlier_remaining:head:641:V,noise,98,0.012176513671875,False
547:earlier_remaining:head:641:V,noise,102,0.00420379638671875,False
547:earlier_remaining:head:641:V,noise,116,-0.0018310546875,False
547:earlier_remaining:head:641:V,noise,130,0.0052947998046875,False
547:earlier_remaining:head:641:V,noise,150,0.00396728515625,False
547:earlier_remaining:head:641:V,noise,154,0.021484375,False
547:earlier_remaining:head:641:V,noise,162,0.007568359375,False
547:earlier_remaining:head:641:V,noise,176,0.0101318359375,False
547:earlier_remaining:head:641:V,noise,178,0.00925445556640625,False
547:earlier_remaining:head:641:V,noise,186,0.0087890625,False
547:earlier_remaining:head:641:V,noise,192,0.00372314453125,False
547:earlier_remaining:head:641:V,noise,196,0.01513671875,False
547:earlier_remaining:head:678:K,noise,0,-0.000946044921875,False
547:earlier_remaining:head:678:K,noise,16,-0.003875732421875,False
547:earlier_remaining:head:678:K,noise,32,0.00958251953125,False
547:earlier_remaining:head:678:K,noise,48,-0.00576019287109375,False
547:earlier_remaining:head:678:K,noise,56,0.0114288330078125,False
547:earlier_remaining:head:678:K,noise,64,0.037841796875,False
547:earlier_remaining:head:678:K,noise,82,-0.00408935546875,False
547:earlier_remaining:head:678:K,noise,96,-0.00727081298828125,False
547:earlier_remaining:head:678:K,noise,98,-0.008270263671875,False
547:earlier_remaining:head:678:K,noise,102,-0.00107574462890625,False
547:earlier_remaining:head:678:K,noise,116,-0.0059814453125,False
547:earlier_remaining:head:678:K,noise,130,0.0030975341796875,False
547:earlier_remaining:head:678:K,noise,150,0.001708984375,False
547:earlier_remaining:head:678:K,noise,154,0.00140380859375,False
547:earlier_remaining:head:678:K,noise,162,-0.01171875,False
547:earlier_remaining:head:678:K,noise,176,0.0008544921875,False
547:earlier_remaining:head:678:K,noise,178,-0.00299072265625,False
547:earlier_remaining:head:678:K,noise,186,0.00262451171875,False
547:earlier_remaining:head:678:K,noise,192,-0.005126953125,False
547:earlier_remaining:head:678:K,noise,196,-0.01123046875,False
547:earlier_remaining:head:678:V,noise,0,0.003143310546875,False
547:earlier_remaining:head:678:V,noise,16,0.001129150390625,False
547:earlier_remaining:head:678:V,noise,32,0.00054931640625,False
547:earlier_remaining:head:678:V,noise,48,-0.00099945068359375,False
547:earlier_remaining:head:678:V,noise,56,-0.0024261474609375,False
547:earlier_remaining:head:678:V,noise,64,0.0008544921875,False
547:earlier_remaining:head:678:V,noise,82,6.103515625e-05,False
547:earlier_remaining:head:678:V,noise,96,0.00443267822265625,False
547:earlier_remaining:head:678:V,noise,98,0.003936767578125,False
547:earlier_remaining:head:678:V,noise,102,-0.00091552734375,False
547:earlier_remaining:head:678:V,noise,116,-0.00201416015625,False
547:earlier_remaining:head:678:V,noise,130,-0.0015106201171875,False
547:earlier_remaining:head:678:V,noise,150,0.0001220703125,False
547:earlier_remaining:head:678:V,noise,154,0.00567626953125,False
547:earlier_remaining:head:678:V,noise,162,-0.002197265625,False
547:earlier_remaining:head:678:V,noise,176,-0.0010986328125,False
547:earlier_remaining:head:678:V,noise,178,-0.0041961669921875,False
547:earlier_remaining:head:678:V,noise,186,0.00250244140625,False
547:earlier_remaining:head:678:V,noise,192,0.001953125,False
547:earlier_remaining:head:678:V,noise,196,0.00048828125,False
547:earlier_remaining:head:690:K,noise,0,-0.01983642578125,False
547:earlier_remaining:head:690:K,noise,16,-0.01177978515625,False
547:earlier_remaining:head:690:K,noise,32,0.030914306640625,False
547:earlier_remaining:head:690:K,noise,48,-0.020534515380859375,False
547:earlier_remaining:head:690:K,noise,56,0.0131072998046875,False
547:earlier_remaining:head:690:K,noise,64,0.0281982421875,False
547:earlier_remaining:head:690:K,noise,82,-0.01287841796875,False
547:earlier_remaining:head:690:K,noise,96,-0.00516510009765625,False
547:earlier_remaining:head:690:K,noise,98,0.0025634765625,False
547:earlier_remaining:head:690:K,noise,102,0.0041961669921875,False
547:earlier_remaining:head:690:K,noise,116,-0.01409912109375,False
547:earlier_remaining:head:690:K,noise,130,0.028656005859375,False
547:earlier_remaining:head:690:K,noise,150,-0.006866455078125,False
547:earlier_remaining:head:690:K,noise,154,-0.007568359375,False
547:earlier_remaining:head:690:K,noise,162,-0.01416015625,False
547:earlier_remaining:head:690:K,noise,176,0.00634765625,False
547:earlier_remaining:head:690:K,noise,178,0.003009796142578125,False
547:earlier_remaining:head:690:K,noise,186,0.00933837890625,False
547:earlier_remaining:head:690:K,noise,192,0.0142822265625,False
547:earlier_remaining:head:690:K,noise,196,-0.044921875,False
547:earlier_remaining:head:690:V,noise,0,0.002471923828125,False
547:earlier_remaining:head:690:V,noise,16,9.1552734375e-05,False
547:earlier_remaining:head:690:V,noise,32,-0.004119873046875,False
547:earlier_remaining:head:690:V,noise,48,0.00049591064453125,False
547:earlier_remaining:head:690:V,noise,56,0.0046844482421875,False
547:earlier_remaining:head:690:V,noise,64,-0.00140380859375,False
547:earlier_remaining:head:690:V,noise,82,0.00201416015625,False
547:earlier_remaining:head:690:V,noise,96,0.00254058837890625,False
547:earlier_remaining:head:690:V,noise,98,-0.00390625,False
547:earlier_remaining:head:690:V,noise,102,0.000579833984375,False
547:earlier_remaining:head:690:V,noise,116,-0.00506591796875,False
547:earlier_remaining:head:690:V,noise,130,-0.001708984375,False
547:earlier_remaining:head:690:V,noise,150,0.000762939453125,False
547:earlier_remaining:head:690:V,noise,154,0.0030517578125,False
547:earlier_remaining:head:690:V,noise,162,0.002197265625,False
547:earlier_remaining:head:690:V,noise,176,0.0042724609375,False
547:earlier_remaining:head:690:V,noise,178,-0.004547119140625,False
547:earlier_remaining:head:690:V,noise,186,0.001708984375,False
547:earlier_remaining:head:690:V,noise,192,0.0029296875,False
547:earlier_remaining:head:690:V,noise,196,0.00341796875,False
547:earlier_remaining:head:695:K,noise,0,0.001617431640625,False
547:earlier_remaining:head:695:K,noise,16,-0.0013427734375,False
547:earlier_remaining:head:695:K,noise,32,0.0016937255859375,False
547:earlier_remaining:head:695:K,noise,48,0.00102996826171875,False
547:earlier_remaining:head:695:K,noise,56,-0.002349853515625,False
547:earlier_remaining:head:695:K,noise,64,-0.00299072265625,False
547:earlier_remaining:head:695:K,noise,82,0.004638671875,False
547:earlier_remaining:head:695:K,noise,96,0.0060882568359375,False
547:earlier_remaining:head:695:K,noise,98,-0.003814697265625,False
547:earlier_remaining:head:695:K,noise,102,0.00063323974609375,False
547:earlier_remaining:head:695:K,noise,116,-0.00030517578125,False
547:earlier_remaining:head:695:K,noise,130,-0.0031280517578125,False
547:earlier_remaining:head:695:K,noise,150,0.002166748046875,False
547:earlier_remaining:head:695:K,noise,154,0.00152587890625,False
547:earlier_remaining:head:695:K,noise,162,0.00390625,False
547:earlier_remaining:head:695:K,noise,176,0.001220703125,False
547:earlier_remaining:head:695:K,noise,178,0.0005950927734375,False
547:earlier_remaining:head:695:K,noise,186,0.00323486328125,False
547:earlier_remaining:head:695:K,noise,192,-0.001708984375,False
547:earlier_remaining:head:695:K,noise,196,0.00390625,False
547:earlier_remaining:head:695:V,noise,0,-0.003326416015625,False
547:earlier_remaining:head:695:V,noise,16,-0.000152587890625,False
547:earlier_remaining:head:695:V,noise,32,-0.00152587890625,False
547:earlier_remaining:head:695:V,noise,48,-0.00409698486328125,False
547:earlier_remaining:head:695:V,noise,56,-0.024200439453125,False
547:earlier_remaining:head:695:V,noise,64,-0.00225830078125,False
547:earlier_remaining:head:695:V,noise,82,0.009033203125,False
547:earlier_remaining:head:695:V,noise,96,-0.019012451171875,False
547:earlier_remaining:head:695:V,noise,98,-0.00982666015625,False
547:earlier_remaining:head:695:V,noise,102,0.00028228759765625,False
547:earlier_remaining:head:695:V,noise,116,-0.00714111328125,False
547:earlier_remaining:head:695:V,noise,130,-0.003387451171875,False
547:earlier_remaining:head:695:V,noise,150,-0.00457763671875,False
547:earlier_remaining:head:695:V,noise,154,-0.016845703125,False
547:earlier_remaining:head:695:V,noise,162,-0.00732421875,False
547:earlier_remaining:head:695:V,noise,176,-0.0125732421875,False
547:earlier_remaining:head:695:V,noise,178,-0.01395416259765625,False
547:earlier_remaining:head:695:V,noise,186,-0.004150390625,False
547:earlier_remaining:head:695:V,noise,192,-0.0137939453125,False
547:earlier_remaining:head:695:V,noise,196,-0.01025390625,False
547:earlier_remaining:head:709:K,noise,0,-0.00152587890625,False
547:earlier_remaining:head:709:K,noise,16,-0.020538330078125,False
547:earlier_remaining:head:709:K,noise,32,0.011566162109375,False
547:earlier_remaining:head:709:K,noise,48,-0.02593994140625,False
547:earlier_remaining:head:709:K,noise,56,0.0174407958984375,False
547:earlier_remaining:head:709:K,noise,64,-0.0064697265625,False
547:earlier_remaining:head:709:K,noise,82,-0.00897216796875,False
547:earlier_remaining:head:709:K,noise,96,-0.0298919677734375,False
547:earlier_remaining:head:709:K,noise,98,0.00201416015625,False
547:earlier_remaining:head:709:K,noise,102,0.00055694580078125,False
547:earlier_remaining:head:709:K,noise,116,-0.004150390625,False
547:earlier_remaining:head:709:K,noise,130,0.004547119140625,False
547:earlier_remaining:head:709:K,noise,150,0.000518798828125,False
547:earlier_remaining:head:709:K,noise,154,-0.01190185546875,False
547:earlier_remaining:head:709:K,noise,162,-0.013916015625,False
547:earlier_remaining:head:709:K,noise,176,0.0029296875,False
547:earlier_remaining:head:709:K,noise,178,0.000133514404296875,False
547:earlier_remaining:head:709:K,noise,186,-0.00738525390625,False
547:earlier_remaining:head:709:K,noise,192,-0.01153564453125,False
547:earlier_remaining:head:709:K,noise,196,-0.021484375,False
547:earlier_remaining:head:709:V,noise,0,0.00128173828125,False
547:earlier_remaining:head:709:V,noise,16,-0.0021514892578125,False
547:earlier_remaining:head:709:V,noise,32,-0.0021209716796875,False
547:earlier_remaining:head:709:V,noise,48,-0.0025787353515625,False
547:earlier_remaining:head:709:V,noise,56,-0.007720947265625,False
547:earlier_remaining:head:709:V,noise,64,0.00042724609375,False
547:earlier_remaining:head:709:V,noise,82,-0.00286865234375,False
547:earlier_remaining:head:709:V,noise,96,-0.00733184814453125,False
547:earlier_remaining:head:709:V,noise,98,-0.0101318359375,False
547:earlier_remaining:head:709:V,noise,102,-0.0001678466796875,False
547:earlier_remaining:head:709:V,noise,116,-0.0064697265625,False
547:earlier_remaining:head:709:V,noise,130,0.000244140625,False
547:earlier_remaining:head:709:V,noise,150,-0.001708984375,False
547:earlier_remaining:head:709:V,noise,154,0.00189208984375,False
547:earlier_remaining:head:709:V,noise,162,-0.001708984375,False
547:earlier_remaining:head:709:V,noise,176,-0.007080078125,False
547:earlier_remaining:head:709:V,noise,178,-0.0067901611328125,False
547:earlier_remaining:head:709:V,noise,186,-0.001953125,False
547:earlier_remaining:head:709:V,noise,192,-0.00494384765625,False
547:earlier_remaining:head:709:V,noise,196,-0.00439453125,False
547:earlier_remaining:head:751:K,noise,0,0.0081787109375,False
547:earlier_remaining:head:751:K,noise,16,-0.0027008056640625,False
547:earlier_remaining:head:751:K,noise,32,-0.0037841796875,False
547:earlier_remaining:head:751:K,noise,48,0.0027923583984375,False
547:earlier_remaining:head:751:K,noise,56,-0.013641357421875,False
547:earlier_remaining:head:751:K,noise,64,-0.00439453125,False
547:earlier_remaining:head:751:K,noise,82,0.00177001953125,False
547:earlier_remaining:head:751:K,noise,96,0.0113983154296875,False
547:earlier_remaining:head:751:K,noise,98,0.00537109375,False
547:earlier_remaining:head:751:K,noise,102,-0.00194549560546875,False
547:earlier_remaining:head:751:K,noise,116,0.0008544921875,False
547:earlier_remaining:head:751:K,noise,130,-0.0079193115234375,False
547:earlier_remaining:head:751:K,noise,150,0.001068115234375,False
547:earlier_remaining:head:751:K,noise,154,0.01251220703125,False
547:earlier_remaining:head:751:K,noise,162,0.007568359375,False
547:earlier_remaining:head:751:K,noise,176,0.0,False
547:earlier_remaining:head:751:K,noise,178,-0.006771087646484375,False
547:earlier_remaining:head:751:K,noise,186,-0.00640869140625,False
547:earlier_remaining:head:751:K,noise,192,-0.00457763671875,False
547:earlier_remaining:head:751:K,noise,196,-0.00048828125,False
547:earlier_remaining:head:751:V,noise,0,0.010406494140625,False
547:earlier_remaining:head:751:V,noise,16,0.0076141357421875,False
547:earlier_remaining:head:751:V,noise,32,0.0038604736328125,False
547:earlier_remaining:head:751:V,noise,48,0.011871337890625,False
547:earlier_remaining:head:751:V,noise,56,0.0159454345703125,False
547:earlier_remaining:head:751:V,noise,64,0.00830078125,False
547:earlier_remaining:head:751:V,noise,82,-0.001953125,False
547:earlier_remaining:head:751:V,noise,96,0.01715087890625,False
547:earlier_remaining:head:751:V,noise,98,0.018829345703125,False
547:earlier_remaining:head:751:V,noise,102,-0.0056610107421875,False
547:earlier_remaining:head:751:V,noise,116,0.00030517578125,False
547:earlier_remaining:head:751:V,noise,130,0.0022125244140625,False
547:earlier_remaining:head:751:V,noise,150,0.005462646484375,False
547:earlier_remaining:head:751:V,noise,154,0.01788330078125,False
547:earlier_remaining:head:751:V,noise,162,0.015625,False
547:earlier_remaining:head:751:V,noise,176,0.0113525390625,False
547:earlier_remaining:head:751:V,noise,178,0.007190704345703125,False
547:earlier_remaining:head:751:V,noise,186,0.0076904296875,False
547:earlier_remaining:head:751:V,noise,192,0.0107421875,False
547:earlier_remaining:head:751:V,noise,196,0.01318359375,False
547:earlier_remaining:head:787:K,noise,0,-0.00299072265625,False
547:earlier_remaining:head:787:K,noise,16,-0.00457763671875,False
547:earlier_remaining:head:787:K,noise,32,-0.0034637451171875,False
547:earlier_remaining:head:787:K,noise,48,-0.0042266845703125,False
547:earlier_remaining:head:787:K,noise,56,0.00567626953125,False
547:earlier_remaining:head:787:K,noise,64,0.00457763671875,False
547:earlier_remaining:head:787:K,noise,82,-0.00146484375,False
547:earlier_remaining:head:787:K,noise,96,-0.01190948486328125,False
547:earlier_remaining:head:787:K,noise,98,-0.005096435546875,False
547:earlier_remaining:head:787:K,noise,102,0.00365447998046875,False
547:earlier_remaining:head:787:K,noise,116,-0.00286865234375,False
547:earlier_remaining:head:787:K,noise,130,0.0032196044921875,False
547:earlier_remaining:head:787:K,noise,150,0.001007080078125,False
547:earlier_remaining:head:787:K,noise,154,0.0009765625,False
547:earlier_remaining:head:787:K,noise,162,-0.006591796875,False
547:earlier_remaining:head:787:K,noise,176,0.0030517578125,False
547:earlier_remaining:head:787:K,noise,178,-0.000804901123046875,False
547:earlier_remaining:head:787:K,noise,186,-0.00030517578125,False
547:earlier_remaining:head:787:K,noise,192,-0.002197265625,False
547:earlier_remaining:head:787:K,noise,196,0.00390625,False
547:earlier_remaining:head:787:V,noise,0,0.002410888671875,False
547:earlier_remaining:head:787:V,noise,16,0.0014495849609375,False
547:earlier_remaining:head:787:V,noise,32,-0.0040283203125,False
547:earlier_remaining:head:787:V,noise,48,0.00115966796875,False
547:earlier_remaining:head:787:V,noise,56,-0.0020904541015625,False
547:earlier_remaining:head:787:V,noise,64,-0.0006103515625,False
547:earlier_remaining:head:787:V,noise,82,0.0023193359375,False
547:earlier_remaining:head:787:V,noise,96,0.00193023681640625,False
547:earlier_remaining:head:787:V,noise,98,0.002838134765625,False
547:earlier_remaining:head:787:V,noise,102,0.00125885009765625,False
547:earlier_remaining:head:787:V,noise,116,-0.00201416015625,False
547:earlier_remaining:head:787:V,noise,130,0.0030670166015625,False
547:earlier_remaining:head:787:V,noise,150,-0.00067138671875,False
547:earlier_remaining:head:787:V,noise,154,0.0030517578125,False
547:earlier_remaining:head:787:V,noise,162,0.0,False
547:earlier_remaining:head:787:V,noise,176,-0.0010986328125,False
547:earlier_remaining:head:787:V,noise,178,-0.00214385986328125,False
547:earlier_remaining:head:787:V,noise,186,0.0023193359375,False
547:earlier_remaining:head:787:V,noise,192,-0.00146484375,False
547:earlier_remaining:head:787:V,noise,196,0.0009765625,False
547:earlier_remaining:head:817:K,noise,0,0.00091552734375,False
547:earlier_remaining:head:817:K,noise,16,0.00140380859375,False
547:earlier_remaining:head:817:K,noise,32,-0.0041351318359375,False
547:earlier_remaining:head:817:K,noise,48,0.00043487548828125,False
547:earlier_remaining:head:817:K,noise,56,7.62939453125e-05,False
547:earlier_remaining:head:817:K,noise,64,-0.00152587890625,False
547:earlier_remaining:head:817:K,noise,82,0.00054931640625,False
547:earlier_remaining:head:817:K,noise,96,-0.00213623046875,False
547:earlier_remaining:head:817:K,noise,98,-0.001068115234375,False
547:earlier_remaining:head:817:K,noise,102,-0.00099945068359375,False
547:earlier_remaining:head:817:K,noise,116,-0.00311279296875,False
547:earlier_remaining:head:817:K,noise,130,0.000244140625,False
547:earlier_remaining:head:817:K,noise,150,0.00299072265625,False
547:earlier_remaining:head:817:K,noise,154,0.0008544921875,False
547:earlier_remaining:head:817:K,noise,162,-0.0009765625,False
547:earlier_remaining:head:817:K,noise,176,0.0,False
547:earlier_remaining:head:817:K,noise,178,0.00203704833984375,False
547:earlier_remaining:head:817:K,noise,186,-0.00018310546875,False
547:earlier_remaining:head:817:K,noise,192,0.0,False
547:earlier_remaining:head:817:K,noise,196,-0.00146484375,False
547:earlier_remaining:head:817:V,noise,0,9.1552734375e-05,False
547:earlier_remaining:head:817:V,noise,16,0.0003509521484375,False
547:earlier_remaining:head:817:V,noise,32,-0.0008544921875,False
547:earlier_remaining:head:817:V,noise,48,0.00164794921875,False
547:earlier_remaining:head:817:V,noise,56,-0.003692626953125,False
547:earlier_remaining:head:817:V,noise,64,-0.001953125,False
547:earlier_remaining:head:817:V,noise,82,0.00042724609375,False
547:earlier_remaining:head:817:V,noise,96,-0.00250244140625,False
547:earlier_remaining:head:817:V,noise,98,-0.000213623046875,False
547:earlier_remaining:head:817:V,noise,102,-0.00127410888671875,False
547:earlier_remaining:head:817:V,noise,116,-0.0029296875,False
547:earlier_remaining:head:817:V,noise,130,4.57763671875e-05,False
547:earlier_remaining:head:817:V,noise,150,0.001617431640625,False
547:earlier_remaining:head:817:V,noise,154,0.001708984375,False
547:earlier_remaining:head:817:V,noise,162,-0.00048828125,False
547:earlier_remaining:head:817:V,noise,176,0.00048828125,False
547:earlier_remaining:head:817:V,noise,178,0.000766754150390625,False
547:earlier_remaining:head:817:V,noise,186,-0.002197265625,False
547:earlier_remaining:head:817:V,noise,192,-0.00018310546875,False
547:earlier_remaining:head:817:V,noise,196,0.001953125,False
547:earlier_remaining:head:855:K,noise,0,0.003692626953125,False
547:earlier_remaining:head:855:K,noise,16,0.0015106201171875,False
547:earlier_remaining:head:855:K,noise,32,0.0025177001953125,False
547:earlier_remaining:head:855:K,noise,48,0.00075531005859375,False
547:earlier_remaining:head:855:K,noise,56,-0.0048828125,False
547:earlier_remaining:head:855:K,noise,64,-0.0010986328125,False
547:earlier_remaining:head:855:K,noise,82,0.0023193359375,False
547:earlier_remaining:head:855:K,noise,96,-0.0016021728515625,False
547:earlier_remaining:head:855:K,noise,98,0.001708984375,False
547:earlier_remaining:head:855:K,noise,102,-0.0008697509765625,False
547:earlier_remaining:head:855:K,noise,116,-0.0010986328125,False
547:earlier_remaining:head:855:K,noise,130,-4.57763671875e-05,False
547:earlier_remaining:head:855:K,noise,150,0.000396728515625,False
547:earlier_remaining:head:855:K,noise,154,-0.0009765625,False
547:earlier_remaining:head:855:K,noise,162,0.0009765625,False
547:earlier_remaining:head:855:K,noise,176,-0.0013427734375,False
547:earlier_remaining:head:855:K,noise,178,-0.00032806396484375,False
547:earlier_remaining:head:855:K,noise,186,-0.0009765625,False
547:earlier_remaining:head:855:K,noise,192,-0.00531005859375,False
547:earlier_remaining:head:855:K,noise,196,0.00048828125,False
547:earlier_remaining:head:855:V,noise,0,0.004302978515625,False
547:earlier_remaining:head:855:V,noise,16,0.0030059814453125,False
547:earlier_remaining:head:855:V,noise,32,-0.0046844482421875,False
547:earlier_remaining:head:855:V,noise,48,0.00186920166015625,False
547:earlier_remaining:head:855:V,noise,56,0.006011962890625,False
547:earlier_remaining:head:855:V,noise,64,0.0009765625,False
547:earlier_remaining:head:855:V,noise,82,0.001708984375,False
547:earlier_remaining:head:855:V,noise,96,-0.0006256103515625,False
547:earlier_remaining:head:855:V,noise,98,-0.001678466796875,False
547:earlier_remaining:head:855:V,noise,102,-0.00014495849609375,False
547:earlier_remaining:head:855:V,noise,116,-0.0015869140625,False
547:earlier_remaining:head:855:V,noise,130,0.000396728515625,False
547:earlier_remaining:head:855:V,noise,150,0.001373291015625,False
547:earlier_remaining:head:855:V,noise,154,0.00054931640625,False
547:earlier_remaining:head:855:V,noise,162,-0.0009765625,False
547:earlier_remaining:head:855:V,noise,176,0.0035400390625,False
547:earlier_remaining:head:855:V,noise,178,0.0033721923828125,False
547:earlier_remaining:head:855:V,noise,186,0.00115966796875,False
547:earlier_remaining:head:855:V,noise,192,-0.0006103515625,False
547:earlier_remaining:head:855:V,noise,196,0.001953125,False
547:earlier_remaining:head:870:K,noise,0,0.003509521484375,False
547:earlier_remaining:head:870:K,noise,16,-0.0162200927734375,False
547:earlier_remaining:head:870:K,noise,32,0.00177001953125,False
547:earlier_remaining:head:870:K,noise,48,-0.0282745361328125,False
547:earlier_remaining:head:870:K,noise,56,0.0787506103515625,False
547:earlier_remaining:head:870:K,noise,64,0.02667236328125,False
547:earlier_remaining:head:870:K,noise,82,-0.0147705078125,False
547:earlier_remaining:head:870:K,noise,96,-0.01049041748046875,False
547:earlier_remaining:head:870:K,noise,98,-0.001800537109375,False
547:earlier_remaining:head:870:K,noise,102,-0.000274658203125,False
547:earlier_remaining:head:870:K,noise,116,-0.01123046875,False
547:earlier_remaining:head:870:K,noise,130,0.0153350830078125,False
547:earlier_remaining:head:870:K,noise,150,-0.000518798828125,False
547:earlier_remaining:head:870:K,noise,154,-0.00115966796875,False
547:earlier_remaining:head:870:K,noise,162,-0.021484375,False
547:earlier_remaining:head:870:K,noise,176,-0.0009765625,False
547:earlier_remaining:head:870:K,noise,178,-0.02332305908203125,False
547:earlier_remaining:head:870:K,noise,186,-0.02044677734375,False
547:earlier_remaining:head:870:K,noise,192,-0.013427734375,False
547:earlier_remaining:head:870:K,noise,196,-0.0068359375,False
547:earlier_remaining:head:870:V,noise,0,0.001495361328125,False
547:earlier_remaining:head:870:V,noise,16,0.0037384033203125,False
547:earlier_remaining:head:870:V,noise,32,0.0126800537109375,False
547:earlier_remaining:head:870:V,noise,48,0.0025482177734375,False
547:earlier_remaining:head:870:V,noise,56,0.0020599365234375,False
547:earlier_remaining:head:870:V,noise,64,0.00390625,False
547:earlier_remaining:head:870:V,noise,82,0.00189208984375,False
547:earlier_remaining:head:870:V,noise,96,-0.0018768310546875,False
547:earlier_remaining:head:870:V,noise,98,0.0008544921875,False
547:earlier_remaining:head:870:V,noise,102,-0.00091552734375,False
547:earlier_remaining:head:870:V,noise,116,-0.00201416015625,False
547:earlier_remaining:head:870:V,noise,130,-0.0030517578125,False
547:earlier_remaining:head:870:V,noise,150,0.004791259765625,False
547:earlier_remaining:head:870:V,noise,154,0.0,False
547:earlier_remaining:head:870:V,noise,162,-0.001220703125,False
547:earlier_remaining:head:870:V,noise,176,0.0029296875,False
547:earlier_remaining:head:870:V,noise,178,0.0013580322265625,False
547:earlier_remaining:head:870:V,noise,186,-0.0009765625,False
547:earlier_remaining:head:870:V,noise,192,-0.0009765625,False
547:earlier_remaining:head:870:V,noise,196,0.00341796875,False
547:earlier_remaining:head:973:K,noise,0,0.000579833984375,False
547:earlier_remaining:head:973:K,noise,16,0.0009307861328125,False
547:earlier_remaining:head:973:K,noise,32,-0.0047149658203125,False
547:earlier_remaining:head:973:K,noise,48,0.002105712890625,False
547:earlier_remaining:head:973:K,noise,56,-0.0031585693359375,False
547:earlier_remaining:head:973:K,noise,64,0.000244140625,False
547:earlier_remaining:head:973:K,noise,82,0.00213623046875,False
547:earlier_remaining:head:973:K,noise,96,0.0013427734375,False
547:earlier_remaining:head:973:K,noise,98,-0.001312255859375,False
547:earlier_remaining:head:973:K,noise,102,0.00030517578125,False
547:earlier_remaining:head:973:K,noise,116,0.0003662109375,False
547:earlier_remaining:head:973:K,noise,130,-0.00091552734375,False
547:earlier_remaining:head:973:K,noise,150,6.103515625e-05,False
547:earlier_remaining:head:973:K,noise,154,0.00091552734375,False
547:earlier_remaining:head:973:K,noise,162,-0.00341796875,False
547:earlier_remaining:head:973:K,noise,176,-0.001708984375,False
547:earlier_remaining:head:973:K,noise,178,0.00057220458984375,False
547:earlier_remaining:head:973:K,noise,186,-0.00146484375,False
547:earlier_remaining:head:973:K,noise,192,-0.00079345703125,False
547:earlier_remaining:head:973:K,noise,196,0.0,False
547:earlier_remaining:head:973:V,noise,0,0.002655029296875,False
547:earlier_remaining:head:973:V,noise,16,-0.0001373291015625,False
547:earlier_remaining:head:973:V,noise,32,-0.004302978515625,False
547:earlier_remaining:head:973:V,noise,48,-0.0005645751953125,False
547:earlier_remaining:head:973:V,noise,56,-0.0052032470703125,False
547:earlier_remaining:head:973:V,noise,64,0.00067138671875,False
547:earlier_remaining:head:973:V,noise,82,0.001708984375,False
547:earlier_remaining:head:973:V,noise,96,-7.62939453125e-06,False
547:earlier_remaining:head:973:V,noise,98,-0.003173828125,False
547:earlier_remaining:head:973:V,noise,102,-0.000335693359375,False
547:earlier_remaining:head:973:V,noise,116,0.0,False
547:earlier_remaining:head:973:V,noise,130,-0.0005950927734375,False
547:earlier_remaining:head:973:V,noise,150,0.000274658203125,False
547:earlier_remaining:head:973:V,noise,154,0.00079345703125,False
547:earlier_remaining:head:973:V,noise,162,-0.002197265625,False
547:earlier_remaining:head:973:V,noise,176,-0.0003662109375,False
547:earlier_remaining:head:973:V,noise,178,0.0006103515625,False
547:earlier_remaining:head:973:V,noise,186,-0.00103759765625,False
547:earlier_remaining:head:973:V,noise,192,-0.0008544921875,False
547:earlier_remaining:head:973:V,noise,196,0.0009765625,False
547:earlier_remaining:head:978:K,noise,0,0.001068115234375,False
547:earlier_remaining:head:978:K,noise,16,-0.004791259765625,False
547:earlier_remaining:head:978:K,noise,32,-0.00091552734375,False
547:earlier_remaining:head:978:K,noise,48,-0.00390625,False
547:earlier_remaining:head:978:K,noise,56,0.000213623046875,False
547:earlier_remaining:head:978:K,noise,64,0.0020751953125,False
547:earlier_remaining:head:978:K,noise,82,-0.00299072265625,False
547:earlier_remaining:head:978:K,noise,96,-0.00070953369140625,False
547:earlier_remaining:head:978:K,noise,98,0.004913330078125,False
547:earlier_remaining:head:978:K,noise,102,0.00057220458984375,False
547:earlier_remaining:head:978:K,noise,116,0.00091552734375,False
547:earlier_remaining:head:978:K,noise,130,-0.000518798828125,False
547:earlier_remaining:head:978:K,noise,150,-0.000274658203125,False
547:earlier_remaining:head:978:K,noise,154,-0.00439453125,False
547:earlier_remaining:head:978:K,noise,162,0.002197265625,False
547:earlier_remaining:head:978:K,noise,176,-0.0010986328125,False
547:earlier_remaining:head:978:K,noise,178,-0.002101898193359375,False
547:earlier_remaining:head:978:K,noise,186,-0.0035400390625,False
547:earlier_remaining:head:978:K,noise,192,0.00177001953125,False
547:earlier_remaining:head:978:K,noise,196,-0.00048828125,False
547:earlier_remaining:head:978:V,noise,0,0.001312255859375,False
547:earlier_remaining:head:978:V,noise,16,0.000823974609375,False
547:earlier_remaining:head:978:V,noise,32,0.0008392333984375,False
547:earlier_remaining:head:978:V,noise,48,-0.0005645751953125,False
547:earlier_remaining:head:978:V,noise,56,-0.002593994140625,False
547:earlier_remaining:head:978:V,noise,64,0.00054931640625,False
547:earlier_remaining:head:978:V,noise,82,0.0010986328125,False
547:earlier_remaining:head:978:V,noise,96,0.0009002685546875,False
547:earlier_remaining:head:978:V,noise,98,-0.00244140625,False
547:earlier_remaining:head:978:V,noise,102,-0.0010528564453125,False
547:earlier_remaining:head:978:V,noise,116,-0.001708984375,False
547:earlier_remaining:head:978:V,noise,130,-0.0023193359375,False
547:earlier_remaining:head:978:V,noise,150,0.00140380859375,False
547:earlier_remaining:head:978:V,noise,154,0.00335693359375,False
547:earlier_remaining:head:978:V,noise,162,-0.0009765625,False
547:earlier_remaining:head:978:V,noise,176,-0.0003662109375,False
547:earlier_remaining:head:978:V,noise,178,-0.00048828125,False
547:earlier_remaining:head:978:V,noise,186,-0.00140380859375,False
547:earlier_remaining:head:978:V,noise,192,-0.0009765625,False
547:earlier_remaining:head:978:V,noise,196,-0.00048828125,False
547:earlier_remaining:mlp:17:,noise,0,0.014129638671875,False
547:earlier_remaining:mlp:17:,noise,16,0.013580322265625,False
547:earlier_remaining:mlp:17:,noise,32,-0.0007171630859375,False
547:earlier_remaining:mlp:17:,noise,48,0.0274505615234375,False
547:earlier_remaining:mlp:17:,noise,56,-0.0257110595703125,False
547:earlier_remaining:mlp:17:,noise,64,-0.04974365234375,False
547:earlier_remaining:mlp:17:,noise,82,-0.0323486328125,False
547:earlier_remaining:mlp:17:,noise,96,0.014495849609375,False
547:earlier_remaining:mlp:17:,noise,98,-0.018157958984375,False
547:earlier_remaining:mlp:17:,noise,102,0.00101470947265625,False
547:earlier_remaining:mlp:17:,noise,116,-0.031494140625,False
547:earlier_remaining:mlp:17:,noise,130,0.0133514404296875,False
547:earlier_remaining:mlp:17:,noise,150,0.00091552734375,False
547:earlier_remaining:mlp:17:,noise,154,0.01715087890625,False
547:earlier_remaining:mlp:17:,noise,162,0.0087890625,False
547:earlier_remaining:mlp:17:,noise,176,-0.001708984375,False
547:earlier_remaining:mlp:17:,noise,178,0.014007568359375,False
547:earlier_remaining:mlp:17:,noise,186,0.007568359375,False
547:earlier_remaining:mlp:17:,noise,192,6.103515625e-05,False
547:earlier_remaining:mlp:17:,noise,196,0.01171875,False
547:earlier_remaining:mlp:18:,noise,0,0.002532958984375,False
547:earlier_remaining:mlp:18:,noise,16,0.006317138671875,False
547:earlier_remaining:mlp:18:,noise,32,-0.000213623046875,False
547:earlier_remaining:mlp:18:,noise,48,0.0058135986328125,False
547:earlier_remaining:mlp:18:,noise,56,0.00238037109375,False
547:earlier_remaining:mlp:18:,noise,64,0.00177001953125,False
547:earlier_remaining:mlp:18:,noise,82,0.00543212890625,False
547:earlier_remaining:mlp:18:,noise,96,0.00189208984375,False
547:earlier_remaining:mlp:18:,noise,98,-0.004638671875,False
547:earlier_remaining:mlp:18:,noise,102,-0.0013275146484375,False
547:earlier_remaining:mlp:18:,noise,116,0.00244140625,False
547:earlier_remaining:mlp:18:,noise,130,0.006195068359375,False
547:earlier_remaining:mlp:18:,noise,150,0.00201416015625,False
547:earlier_remaining:mlp:18:,noise,154,0.00701904296875,False
547:earlier_remaining:mlp:18:,noise,162,0.00146484375,False
547:earlier_remaining:mlp:18:,noise,176,0.0035400390625,False
547:earlier_remaining:mlp:18:,noise,178,0.002292633056640625,False
547:earlier_remaining:mlp:18:,noise,186,-0.00445556640625,False
547:earlier_remaining:mlp:18:,noise,192,0.00341796875,False
547:earlier_remaining:mlp:18:,noise,196,0.00732421875,False
547:nonquery_mother:head:594:K,noise,0,0.00091552734375,False
547:nonquery_mother:head:594:K,noise,16,-0.0178070068359375,False
547:nonquery_mother:head:594:K,noise,32,0.0113677978515625,False
547:nonquery_mother:head:594:K,noise,48,-0.0067596435546875,False
547:nonquery_mother:head:594:K,noise,56,-0.0005645751953125,False
547:nonquery_mother:head:594:K,noise,64,-0.0103759765625,False
547:nonquery_mother:head:594:K,noise,82,-0.00201416015625,False
547:nonquery_mother:head:594:K,noise,96,-0.014312744140625,False
547:nonquery_mother:head:594:K,noise,98,0.0042724609375,False
547:nonquery_mother:head:594:K,noise,102,0.00445556640625,False
547:nonquery_mother:head:594:K,noise,116,-0.013671875,False
547:nonquery_mother:head:594:K,noise,130,0.004547119140625,False
547:nonquery_mother:head:594:K,noise,150,0.001708984375,False
547:nonquery_mother:head:594:K,noise,154,-0.0054931640625,False
547:nonquery_mother:head:594:K,noise,162,-0.00390625,False
547:nonquery_mother:head:594:K,noise,176,0.0025634765625,False
547:nonquery_mother:head:594:K,noise,178,-0.00626373291015625,False
547:nonquery_mother:head:594:K,noise,186,-0.01483154296875,False
547:nonquery_mother:head:594:K,noise,192,-0.01861572265625,False
547:nonquery_mother:head:594:K,noise,196,-0.0126953125,False
547:nonquery_mother:head:594:V,noise,0,0.000732421875,False
547:nonquery_mother:head:594:V,noise,16,-0.003692626953125,False
547:nonquery_mother:head:594:V,noise,32,-0.0055084228515625,False
547:nonquery_mother:head:594:V,noise,48,0.0018463134765625,False
547:nonquery_mother:head:594:V,noise,56,-0.00103759765625,False
547:nonquery_mother:head:594:V,noise,64,0.000732421875,False
547:nonquery_mother:head:594:V,noise,82,0.0032958984375,False
547:nonquery_mother:head:594:V,noise,96,-0.001251220703125,False
547:nonquery_mother:head:594:V,noise,98,-0.001434326171875,False
547:nonquery_mother:head:594:V,noise,102,0.00069427490234375,False
547:nonquery_mother:head:594:V,noise,116,-0.00396728515625,False
547:nonquery_mother:head:594:V,noise,130,-0.00018310546875,False
547:nonquery_mother:head:594:V,noise,150,0.00177001953125,False
547:nonquery_mother:head:594:V,noise,154,0.00372314453125,False
547:nonquery_mother:head:594:V,noise,162,-0.00048828125,False
547:nonquery_mother:head:594:V,noise,176,0.007080078125,False
547:nonquery_mother:head:594:V,noise,178,-0.00194549560546875,False
547:nonquery_mother:head:594:V,noise,186,-0.000244140625,False
547:nonquery_mother:head:594:V,noise,192,-0.00030517578125,False
547:nonquery_mother:head:594:V,noise,196,-0.00146484375,False
547:nonquery_mother:head:595:K,noise,0,-0.011474609375,False
547:nonquery_mother:head:595:K,noise,16,-0.0040740966796875,False
547:nonquery_mother:head:595:K,noise,32,6.103515625e-05,False
547:nonquery_mother:head:595:K,noise,48,-0.0081329345703125,False
547:nonquery_mother:head:595:K,noise,56,0.002197265625,False
547:nonquery_mother:head:595:K,noise,64,-0.004150390625,False
547:nonquery_mother:head:595:K,noise,82,0.00286865234375,False
547:nonquery_mother:head:595:K,noise,96,-0.00385284423828125,False
547:nonquery_mother:head:595:K,noise,98,-0.003326416015625,False
547:nonquery_mother:head:595:K,noise,102,0.001922607421875,False
547:nonquery_mother:head:595:K,noise,116,-0.008056640625,False
547:nonquery_mother:head:595:K,noise,130,0.010528564453125,False
547:nonquery_mother:head:595:K,noise,150,0.00225830078125,False
547:nonquery_mother:head:595:K,noise,154,-0.0145263671875,False
547:nonquery_mother:head:595:K,noise,162,0.00244140625,False
547:nonquery_mother:head:595:K,noise,176,-0.0010986328125,False
547:nonquery_mother:head:595:K,noise,178,-0.00638580322265625,False
547:nonquery_mother:head:595:K,noise,186,-0.001708984375,False
547:nonquery_mother:head:595:K,noise,192,-0.0025634765625,False
547:nonquery_mother:head:595:K,noise,196,-0.0068359375,False
547:nonquery_mother:head:595:V,noise,0,0.00079345703125,False
547:nonquery_mother:head:595:V,noise,16,0.0008697509765625,False
547:nonquery_mother:head:595:V,noise,32,-0.000885009765625,False
547:nonquery_mother:head:595:V,noise,48,-0.0004119873046875,False
547:nonquery_mother:head:595:V,noise,56,-0.00518798828125,False
547:nonquery_mother:head:595:V,noise,64,-0.00103759765625,False
547:nonquery_mother:head:595:V,noise,82,0.0029296875,False
547:nonquery_mother:head:595:V,noise,96,-0.0006561279296875,False
547:nonquery_mother:head:595:V,noise,98,-0.005584716796875,False
547:nonquery_mother:head:595:V,noise,102,0.00177764892578125,False
547:nonquery_mother:head:595:V,noise,116,-0.00494384765625,False
547:nonquery_mother:head:595:V,noise,130,-0.0009002685546875,False
547:nonquery_mother:head:595:V,noise,150,-0.0023193359375,False
547:nonquery_mother:head:595:V,noise,154,0.0048828125,False
547:nonquery_mother:head:595:V,noise,162,-0.00146484375,False
547:nonquery_mother:head:595:V,noise,176,-0.0001220703125,False
547:nonquery_mother:head:595:V,noise,178,-0.003154754638671875,False
547:nonquery_mother:head:595:V,noise,186,0.00250244140625,False
547:nonquery_mother:head:595:V,noise,192,-0.001220703125,False
547:nonquery_mother:head:595:V,noise,196,-0.0009765625,False
547:nonquery_mother:head:600:K,noise,0,0.004913330078125,False
547:nonquery_mother:head:600:K,noise,16,0.0142669677734375,False
547:nonquery_mother:head:600:K,noise,32,0.0070037841796875,False
547:nonquery_mother:head:600:K,noise,48,0.0082855224609375,False
547:nonquery_mother:head:600:K,noise,56,-0.0055389404296875,False
547:nonquery_mother:head:600:K,noise,64,0.0137939453125,False
547:nonquery_mother:head:600:K,noise,82,0.001953125,False
547:nonquery_mother:head:600:K,noise,96,0.017181396484375,False
547:nonquery_mother:head:600:K,noise,98,-0.011749267578125,False
547:nonquery_mother:head:600:K,noise,102,-0.0052337646484375,False
547:nonquery_mother:head:600:K,noise,116,0.03594970703125,False
547:nonquery_mother:head:600:K,noise,130,-0.0018310546875,False
547:nonquery_mother:head:600:K,noise,150,-0.001922607421875,False
547:nonquery_mother:head:600:K,noise,154,0.02716064453125,False
547:nonquery_mother:head:600:K,noise,162,0.00927734375,False
547:nonquery_mother:head:600:K,noise,176,-0.0423583984375,False
547:nonquery_mother:head:600:K,noise,178,0.009937286376953125,False
547:nonquery_mother:head:600:K,noise,186,0.023193359375,False
547:nonquery_mother:head:600:K,noise,192,0.00445556640625,False
547:nonquery_mother:head:600:K,noise,196,0.017578125,False
547:nonquery_mother:head:600:V,noise,0,-0.0023193359375,False
547:nonquery_mother:head:600:V,noise,16,-0.00341796875,False
547:nonquery_mother:head:600:V,noise,32,0.0027008056640625,False
547:nonquery_mother:head:600:V,noise,48,0.00275421142578125,False
547:nonquery_mother:head:600:V,noise,56,-0.0066680908203125,False
547:nonquery_mother:head:600:V,noise,64,-0.0045166015625,False
547:nonquery_mother:head:600:V,noise,82,-0.002197265625,False
547:nonquery_mother:head:600:V,noise,96,-0.002349853515625,False
547:nonquery_mother:head:600:V,noise,98,0.00201416015625,False
547:nonquery_mother:head:600:V,noise,102,7.62939453125e-05,False
547:nonquery_mother:head:600:V,noise,116,-0.0067138671875,False
547:nonquery_mother:head:600:V,noise,130,-0.000518798828125,False
547:nonquery_mother:head:600:V,noise,150,-0.00042724609375,False
547:nonquery_mother:head:600:V,noise,154,-0.00909423828125,False
547:nonquery_mother:head:600:V,noise,162,0.006591796875,False
547:nonquery_mother:head:600:V,noise,176,-0.01171875,False
547:nonquery_mother:head:600:V,noise,178,-0.00498199462890625,False
547:nonquery_mother:head:600:V,noise,186,-0.005859375,False
547:nonquery_mother:head:600:V,noise,192,-0.0045166015625,False
547:nonquery_mother:head:600:V,noise,196,-0.0009765625,False
547:nonquery_mother:head:624:K,noise,0,0.00384521484375,False
547:nonquery_mother:head:624:K,noise,16,0.0002899169921875,False
547:nonquery_mother:head:624:K,noise,32,-0.008514404296875,False
547:nonquery_mother:head:624:K,noise,48,0.0055084228515625,False
547:nonquery_mother:head:624:K,noise,56,-0.0027008056640625,False
547:nonquery_mother:head:624:K,noise,64,-0.0045166015625,False
547:nonquery_mother:head:624:K,noise,82,0.0064697265625,False
547:nonquery_mother:head:624:K,noise,96,0.00273895263671875,False
547:nonquery_mother:head:624:K,noise,98,-0.0015869140625,False
547:nonquery_mother:head:624:K,noise,102,0.00423431396484375,False
547:nonquery_mother:head:624:K,noise,116,0.002197265625,False
547:nonquery_mother:head:624:K,noise,130,-0.007537841796875,False
547:nonquery_mother:head:624:K,noise,150,0.0023193359375,False
547:nonquery_mother:head:624:K,noise,154,0.00433349609375,False
547:nonquery_mother:head:624:K,noise,162,0.004150390625,False
547:nonquery_mother:head:624:K,noise,176,-0.00390625,False
547:nonquery_mother:head:624:K,noise,178,-5.7220458984375e-05,False
547:nonquery_mother:head:624:K,noise,186,0.0032958984375,False
547:nonquery_mother:head:624:K,noise,192,0.00103759765625,False
547:nonquery_mother:head:624:K,noise,196,0.0,False
547:nonquery_mother:head:624:V,noise,0,-0.00067138671875,False
547:nonquery_mother:head:624:V,noise,16,-0.000213623046875,False
547:nonquery_mother:head:624:V,noise,32,0.0041046142578125,False
547:nonquery_mother:head:624:V,noise,48,0.000762939453125,False
547:nonquery_mother:head:624:V,noise,56,-0.0013580322265625,False
547:nonquery_mother:head:624:V,noise,64,0.00018310546875,False
547:nonquery_mother:head:624:V,noise,82,0.00177001953125,False
547:nonquery_mother:head:624:V,noise,96,-0.00171661376953125,False
547:nonquery_mother:head:624:V,noise,98,-0.002349853515625,False
547:nonquery_mother:head:624:V,noise,102,0.001708984375,False
547:nonquery_mother:head:624:V,noise,116,-0.00164794921875,False
547:nonquery_mother:head:624:V,noise,130,0.00311279296875,False
547:nonquery_mother:head:624:V,noise,150,0.000579833984375,False
547:nonquery_mother:head:624:V,noise,154,0.0001220703125,False
547:nonquery_mother:head:624:V,noise,162,0.002197265625,False
547:nonquery_mother:head:624:V,noise,176,-0.0028076171875,False
547:nonquery_mother:head:624:V,noise,178,-0.004024505615234375,False
547:nonquery_mother:head:624:V,noise,186,0.00140380859375,False
547:nonquery_mother:head:624:V,noise,192,0.0,False
547:nonquery_mother:head:624:V,noise,196,0.00048828125,False
547:nonquery_mother:head:630:K,noise,0,-0.002532958984375,False
547:nonquery_mother:head:630:K,noise,16,-0.0018310546875,False
547:nonquery_mother:head:630:K,noise,32,0.005950927734375,False
547:nonquery_mother:head:630:K,noise,48,0.000213623046875,False
547:nonquery_mother:head:630:K,noise,56,0.00054931640625,False
547:nonquery_mother:head:630:K,noise,64,-0.00079345703125,False
547:nonquery_mother:head:630:K,noise,82,-0.0030517578125,False
547:nonquery_mother:head:630:K,noise,96,-0.01186370849609375,False
547:nonquery_mother:head:630:K,noise,98,0.000640869140625,False
547:nonquery_mother:head:630:K,noise,102,-0.0013275146484375,False
547:nonquery_mother:head:630:K,noise,116,-0.00592041015625,False
547:nonquery_mother:head:630:K,noise,130,-0.000274658203125,False
547:nonquery_mother:head:630:K,noise,150,0.000274658203125,False
547:nonquery_mother:head:630:K,noise,154,0.0020751953125,False
547:nonquery_mother:head:630:K,noise,162,0.001220703125,False
547:nonquery_mother:head:630:K,noise,176,0.0023193359375,False
547:nonquery_mother:head:630:K,noise,178,-0.004863739013671875,False
547:nonquery_mother:head:630:K,noise,186,-0.00299072265625,False
547:nonquery_mother:head:630:K,noise,192,-0.00494384765625,False
547:nonquery_mother:head:630:K,noise,196,-0.00244140625,False
547:nonquery_mother:head:630:V,noise,0,0.004547119140625,False
547:nonquery_mother:head:630:V,noise,16,0.000152587890625,False
547:nonquery_mother:head:630:V,noise,32,0.0041046142578125,False
547:nonquery_mother:head:630:V,noise,48,0.0020751953125,False
547:nonquery_mother:head:630:V,noise,56,0.00054931640625,False
547:nonquery_mother:head:630:V,noise,64,0.00091552734375,False
547:nonquery_mother:head:630:V,noise,82,0.0006103515625,False
547:nonquery_mother:head:630:V,noise,96,0.00197601318359375,False
547:nonquery_mother:head:630:V,noise,98,-0.001007080078125,False
547:nonquery_mother:head:630:V,noise,102,-9.918212890625e-05,False
547:nonquery_mother:head:630:V,noise,116,-0.00177001953125,False
547:nonquery_mother:head:630:V,noise,130,-0.000457763671875,False
547:nonquery_mother:head:630:V,noise,150,0.00146484375,False
547:nonquery_mother:head:630:V,noise,154,0.0029296875,False
547:nonquery_mother:head:630:V,noise,162,0.000244140625,False
547:nonquery_mother:head:630:V,noise,176,0.0008544921875,False
547:nonquery_mother:head:630:V,noise,178,0.00315093994140625,False
547:nonquery_mother:head:630:V,noise,186,-0.00067138671875,False
547:nonquery_mother:head:630:V,noise,192,-0.000732421875,False
547:nonquery_mother:head:630:V,noise,196,-0.00048828125,False
547:nonquery_mother:head:641:K,noise,0,0.004486083984375,False
547:nonquery_mother:head:641:K,noise,16,0.00433349609375,False
547:nonquery_mother:head:641:K,noise,32,-0.0024566650390625,False
547:nonquery_mother:head:641:K,noise,48,0.00341796875,False
547:nonquery_mother:head:641:K,noise,56,-0.0029296875,False
547:nonquery_mother:head:641:K,noise,64,-0.00030517578125,False
547:nonquery_mother:head:641:K,noise,82,0.013671875,False
547:nonquery_mother:head:641:K,noise,96,0.00147247314453125,False
547:nonquery_mother:head:641:K,noise,98,-0.022735595703125,False
547:nonquery_mother:head:641:K,noise,102,0.000518798828125,False
547:nonquery_mother:head:641:K,noise,116,-0.00152587890625,False
547:nonquery_mother:head:641:K,noise,130,-0.0022430419921875,False
547:nonquery_mother:head:641:K,noise,150,0.00238037109375,False
547:nonquery_mother:head:641:K,noise,154,0.00604248046875,False
547:nonquery_mother:head:641:K,noise,162,0.00390625,False
547:nonquery_mother:head:641:K,noise,176,-0.0037841796875,False
547:nonquery_mother:head:641:K,noise,178,-0.00284576416015625,False
547:nonquery_mother:head:641:K,noise,186,0.003173828125,False
547:nonquery_mother:head:641:K,noise,192,-0.00506591796875,False
547:nonquery_mother:head:641:K,noise,196,0.00048828125,False
547:nonquery_mother:head:641:V,noise,0,-0.0013427734375,False
547:nonquery_mother:head:641:V,noise,16,-0.00152587890625,False
547:nonquery_mother:head:641:V,noise,32,-0.0005035400390625,False
547:nonquery_mother:head:641:V,noise,48,0.0015869140625,False
547:nonquery_mother:head:641:V,noise,56,-0.004730224609375,False
547:nonquery_mother:head:641:V,noise,64,0.0,False
547:nonquery_mother:head:641:V,noise,82,0.00384521484375,False
547:nonquery_mother:head:641:V,noise,96,-0.00249481201171875,False
547:nonquery_mother:head:641:V,noise,98,0.000640869140625,False
547:nonquery_mother:head:641:V,noise,102,0.00246429443359375,False
547:nonquery_mother:head:641:V,noise,116,-0.002197265625,False
547:nonquery_mother:head:641:V,noise,130,0.00030517578125,False
547:nonquery_mother:head:641:V,noise,150,6.103515625e-05,False
547:nonquery_mother:head:641:V,noise,154,0.0008544921875,False
547:nonquery_mother:head:641:V,noise,162,0.002685546875,False
547:nonquery_mother:head:641:V,noise,176,-0.0008544921875,False
547:nonquery_mother:head:641:V,noise,178,0.000396728515625,False
547:nonquery_mother:head:641:V,noise,186,-0.0010986328125,False
547:nonquery_mother:head:641:V,noise,192,-0.00054931640625,False
547:nonquery_mother:head:641:V,noise,196,0.00048828125,False
547:nonquery_mother:head:678:K,noise,0,-6.103515625e-05,False
547:nonquery_mother:head:678:K,noise,16,0.003814697265625,False
547:nonquery_mother:head:678:K,noise,32,0.00238037109375,False
547:nonquery_mother:head:678:K,noise,48,0.0003509521484375,False
547:nonquery_mother:head:678:K,noise,56,0.0026397705078125,False
547:nonquery_mother:head:678:K,noise,64,0.01068115234375,False
547:nonquery_mother:head:678:K,noise,82,-0.007568359375,False
547:nonquery_mother:head:678:K,noise,96,-0.001251220703125,False
547:nonquery_mother:head:678:K,noise,98,-0.015106201171875,False
547:nonquery_mother:head:678:K,noise,102,-0.00339508056640625,False
547:nonquery_mother:head:678:K,noise,116,-0.00811767578125,False
547:nonquery_mother:head:678:K,noise,130,0.002899169921875,False
547:nonquery_mother:head:678:K,noise,150,0.004241943359375,False
547:nonquery_mother:head:678:K,noise,154,-0.0035400390625,False
547:nonquery_mother:head:678:K,noise,162,-0.00048828125,False
547:nonquery_mother:head:678:K,noise,176,-0.003173828125,False
547:nonquery_mother:head:678:K,noise,178,-0.003021240234375,False
547:nonquery_mother:head:678:K,noise,186,0.00079345703125,False
547:nonquery_mother:head:678:K,noise,192,-0.0059814453125,False
547:nonquery_mother:head:678:K,noise,196,-0.00439453125,False
547:nonquery_mother:head:678:V,noise,0,0.004791259765625,False
547:nonquery_mother:head:678:V,noise,16,0.001922607421875,False
547:nonquery_mother:head:678:V,noise,32,0.0024871826171875,False
547:nonquery_mother:head:678:V,noise,48,7.62939453125e-05,False
547:nonquery_mother:head:678:V,noise,56,-0.001617431640625,False
547:nonquery_mother:head:678:V,noise,64,-0.00067138671875,False
547:nonquery_mother:head:678:V,noise,82,0.00189208984375,False
547:nonquery_mother:head:678:V,noise,96,-0.0027008056640625,False
547:nonquery_mother:head:678:V,noise,98,-0.002105712890625,False
547:nonquery_mother:head:678:V,noise,102,0.000244140625,False
547:nonquery_mother:head:678:V,noise,116,-0.0020751953125,False
547:nonquery_mother:head:678:V,noise,130,0.0005340576171875,False
547:nonquery_mother:head:678:V,noise,150,-0.00201416015625,False
547:nonquery_mother:head:678:V,noise,154,-0.000732421875,False
547:nonquery_mother:head:678:V,noise,162,-0.00048828125,False
547:nonquery_mother:head:678:V,noise,176,-0.000732421875,False
547:nonquery_mother:head:678:V,noise,178,-0.003887176513671875,False
547:nonquery_mother:head:678:V,noise,186,-0.00030517578125,False
547:nonquery_mother:head:678:V,noise,192,-0.00115966796875,False
547:nonquery_mother:head:678:V,noise,196,-0.00048828125,False
547:nonquery_mother:head:690:K,noise,0,-0.00506591796875,False
547:nonquery_mother:head:690:K,noise,16,-0.0048828125,False
547:nonquery_mother:head:690:K,noise,32,0.0311737060546875,False
547:nonquery_mother:head:690:K,noise,48,-0.0068511962890625,False
547:nonquery_mother:head:690:K,noise,56,0.00494384765625,False
547:nonquery_mother:head:690:K,noise,64,0.02813720703125,False
547:nonquery_mother:head:690:K,noise,82,0.00042724609375,False
547:nonquery_mother:head:690:K,noise,96,-0.008514404296875,False
547:nonquery_mother:head:690:K,noise,98,-0.00653076171875,False
547:nonquery_mother:head:690:K,noise,102,-0.0124664306640625,False
547:nonquery_mother:head:690:K,noise,116,-0.01837158203125,False
547:nonquery_mother:head:690:K,noise,130,-0.003875732421875,False
547:nonquery_mother:head:690:K,noise,150,-0.000701904296875,False
547:nonquery_mother:head:690:K,noise,154,-0.0084228515625,False
547:nonquery_mother:head:690:K,noise,162,-0.0107421875,False
547:nonquery_mother:head:690:K,noise,176,-0.0040283203125,False
547:nonquery_mother:head:690:K,noise,178,-0.002399444580078125,False
547:nonquery_mother:head:690:K,noise,186,0.009033203125,False
547:nonquery_mother:head:690:K,noise,192,-0.0008544921875,False
547:nonquery_mother:head:690:K,noise,196,-0.00927734375,False
547:nonquery_mother:head:690:V,noise,0,0.0010986328125,False
547:nonquery_mother:head:690:V,noise,16,0.0009613037109375,False
547:nonquery_mother:head:690:V,noise,32,-0.000885009765625,False
547:nonquery_mother:head:690:V,noise,48,0.0035247802734375,False
547:nonquery_mother:head:690:V,noise,56,-0.0021514892578125,False
547:nonquery_mother:head:690:V,noise,64,0.00140380859375,False
547:nonquery_mother:head:690:V,noise,82,-0.0001220703125,False
547:nonquery_mother:head:690:V,noise,96,-0.0033111572265625,False
547:nonquery_mother:head:690:V,noise,98,-0.00323486328125,False
547:nonquery_mother:head:690:V,noise,102,-1.52587890625e-05,False
547:nonquery_mother:head:690:V,noise,116,-0.00323486328125,False
547:nonquery_mother:head:690:V,noise,130,0.001617431640625,False
547:nonquery_mother:head:690:V,noise,150,3.0517578125e-05,False
547:nonquery_mother:head:690:V,noise,154,0.0013427734375,False
547:nonquery_mother:head:690:V,noise,162,-0.000732421875,False
547:nonquery_mother:head:690:V,noise,176,-0.003173828125,False
547:nonquery_mother:head:690:V,noise,178,-0.002376556396484375,False
547:nonquery_mother:head:690:V,noise,186,0.001953125,False
547:nonquery_mother:head:690:V,noise,192,-0.002685546875,False
547:nonquery_mother:head:690:V,noise,196,-0.00048828125,False
547:nonquery_mother:head:695:K,noise,0,0.000885009765625,False
547:nonquery_mother:head:695:K,noise,16,0.000457763671875,False
547:nonquery_mother:head:695:K,noise,32,-0.0028533935546875,False
547:nonquery_mother:head:695:K,noise,48,0.0051422119140625,False
547:nonquery_mother:head:695:K,noise,56,0.000823974609375,False
547:nonquery_mother:head:695:K,noise,64,0.0006103515625,False
547:nonquery_mother:head:695:K,noise,82,0.003662109375,False
547:nonquery_mother:head:695:K,noise,96,0.00426483154296875,False
547:nonquery_mother:head:695:K,noise,98,-0.0032958984375,False
547:nonquery_mother:head:695:K,noise,102,0.00140380859375,False
547:nonquery_mother:head:695:K,noise,116,-0.001953125,False
547:nonquery_mother:head:695:K,noise,130,1.52587890625e-05,False
547:nonquery_mother:head:695:K,noise,150,-0.0013427734375,False
547:nonquery_mother:head:695:K,noise,154,0.00494384765625,False
547:nonquery_mother:head:695:K,noise,162,0.00048828125,False
547:nonquery_mother:head:695:K,noise,176,-0.0029296875,False
547:nonquery_mother:head:695:K,noise,178,-0.004383087158203125,False
547:nonquery_mother:head:695:K,noise,186,-0.00067138671875,False
547:nonquery_mother:head:695:K,noise,192,-0.00152587890625,False
547:nonquery_mother:head:695:K,noise,196,-0.0009765625,False
547:nonquery_mother:head:695:V,noise,0,0.001434326171875,False
547:nonquery_mother:head:695:V,noise,16,0.0015869140625,False
547:nonquery_mother:head:695:V,noise,32,0.0035552978515625,False
547:nonquery_mother:head:695:V,noise,48,0.001312255859375,False
547:nonquery_mother:head:695:V,noise,56,0.002349853515625,False
547:nonquery_mother:head:695:V,noise,64,0.00140380859375,False
547:nonquery_mother:head:695:V,noise,82,0.00213623046875,False
547:nonquery_mother:head:695:V,noise,96,0.00193023681640625,False
547:nonquery_mother:head:695:V,noise,98,0.00103759765625,False
547:nonquery_mother:head:695:V,noise,102,0.0028839111328125,False
547:nonquery_mother:head:695:V,noise,116,0.0006103515625,False
547:nonquery_mother:head:695:V,noise,130,-0.0010223388671875,False
547:nonquery_mother:head:695:V,noise,150,0.001190185546875,False
547:nonquery_mother:head:695:V,noise,154,0.00872802734375,False
547:nonquery_mother:head:695:V,noise,162,-0.001953125,False
547:nonquery_mother:head:695:V,noise,176,0.0018310546875,False
547:nonquery_mother:head:695:V,noise,178,0.001964569091796875,False
547:nonquery_mother:head:695:V,noise,186,0.00311279296875,False
547:nonquery_mother:head:695:V,noise,192,0.0028076171875,False
547:nonquery_mother:head:695:V,noise,196,0.00146484375,False
547:nonquery_mother:head:709:K,noise,0,0.002838134765625,False
547:nonquery_mother:head:709:K,noise,16,-0.0151824951171875,False
547:nonquery_mother:head:709:K,noise,32,0.003326416015625,False
547:nonquery_mother:head:709:K,noise,48,-0.011749267578125,False
547:nonquery_mother:head:709:K,noise,56,0.003448486328125,False
547:nonquery_mother:head:709:K,noise,64,-0.01092529296875,False
547:nonquery_mother:head:709:K,noise,82,-0.00225830078125,False
547:nonquery_mother:head:709:K,noise,96,-0.0118865966796875,False
547:nonquery_mother:head:709:K,noise,98,-0.000152587890625,False
547:nonquery_mother:head:709:K,noise,102,-0.0035247802734375,False
547:nonquery_mother:head:709:K,noise,116,-0.007080078125,False
547:nonquery_mother:head:709:K,noise,130,0.00567626953125,False
547:nonquery_mother:head:709:K,noise,150,0.0042724609375,False
547:nonquery_mother:head:709:K,noise,154,-0.0235595703125,False
547:nonquery_mother:head:709:K,noise,162,-0.00341796875,False
547:nonquery_mother:head:709:K,noise,176,0.0137939453125,False
547:nonquery_mother:head:709:K,noise,178,-0.00215911865234375,False
547:nonquery_mother:head:709:K,noise,186,-0.01129150390625,False
547:nonquery_mother:head:709:K,noise,192,-0.02313232421875,False
547:nonquery_mother:head:709:K,noise,196,-0.01513671875,False
547:nonquery_mother:head:709:V,noise,0,0.0013427734375,False
547:nonquery_mother:head:709:V,noise,16,-0.001495361328125,False
547:nonquery_mother:head:709:V,noise,32,-0.003509521484375,False
547:nonquery_mother:head:709:V,noise,48,0.0009002685546875,False
547:nonquery_mother:head:709:V,noise,56,0.0008697509765625,False
547:nonquery_mother:head:709:V,noise,64,0.00128173828125,False
547:nonquery_mother:head:709:V,noise,82,0.00360107421875,False
547:nonquery_mother:head:709:V,noise,96,-0.00176239013671875,False
547:nonquery_mother:head:709:V,noise,98,0.000701904296875,False
547:nonquery_mother:head:709:V,noise,102,-0.00042724609375,False
547:nonquery_mother:head:709:V,noise,116,-0.0023193359375,False
547:nonquery_mother:head:709:V,noise,130,9.1552734375e-05,False
547:nonquery_mother:head:709:V,noise,150,0.0009765625,False
547:nonquery_mother:head:709:V,noise,154,0.00482177734375,False
547:nonquery_mother:head:709:V,noise,162,0.00048828125,False
547:nonquery_mother:head:709:V,noise,176,0.0045166015625,False
547:nonquery_mother:head:709:V,noise,178,0.00302886962890625,False
547:nonquery_mother:head:709:V,noise,186,0.0003662109375,False
547:nonquery_mother:head:709:V,noise,192,6.103515625e-05,False
547:nonquery_mother:head:709:V,noise,196,0.00390625,False
547:nonquery_mother:head:751:K,noise,0,0.00225830078125,False
547:nonquery_mother:head:751:K,noise,16,0.0020751953125,False
547:nonquery_mother:head:751:K,noise,32,-0.004058837890625,False
547:nonquery_mother:head:751:K,noise,48,0.003753662109375,False
547:nonquery_mother:head:751:K,noise,56,-0.00616455078125,False
547:nonquery_mother:head:751:K,noise,64,-0.00341796875,False
547:nonquery_mother:head:751:K,noise,82,0.0001220703125,False
547:nonquery_mother:head:751:K,noise,96,0.0041961669921875,False
547:nonquery_mother:head:751:K,noise,98,0.00274658203125,False
547:nonquery_mother:head:751:K,noise,102,0.00011444091796875,False
547:nonquery_mother:head:751:K,noise,116,-0.0020751953125,False
547:nonquery_mother:head:751:K,noise,130,-0.0010528564453125,False
547:nonquery_mother:head:751:K,noise,150,-3.0517578125e-05,False
547:nonquery_mother:head:751:K,noise,154,0.00213623046875,False
547:nonquery_mother:head:751:K,noise,162,0.00439453125,False
547:nonquery_mother:head:751:K,noise,176,-0.0020751953125,False
547:nonquery_mother:head:751:K,noise,178,-0.003265380859375,False
547:nonquery_mother:head:751:K,noise,186,-0.0040283203125,False
547:nonquery_mother:head:751:K,noise,192,-0.003662109375,False
547:nonquery_mother:head:751:K,noise,196,0.0029296875,False
547:nonquery_mother:head:751:V,noise,0,-0.000244140625,False
547:nonquery_mother:head:751:V,noise,16,0.0001373291015625,False
547:nonquery_mother:head:751:V,noise,32,0.0016326904296875,False
547:nonquery_mother:head:751:V,noise,48,0.00194549560546875,False
547:nonquery_mother:head:751:V,noise,56,0.0007171630859375,False
547:nonquery_mother:head:751:V,noise,64,0.00079345703125,False
547:nonquery_mother:head:751:V,noise,82,0.00152587890625,False
547:nonquery_mother:head:751:V,noise,96,-0.00191497802734375,False
547:nonquery_mother:head:751:V,noise,98,-0.004852294921875,False
547:nonquery_mother:head:751:V,noise,102,0.00106048583984375,False
547:nonquery_mother:head:751:V,noise,116,-0.0032958984375,False
547:nonquery_mother:head:751:V,noise,130,0.000762939453125,False
547:nonquery_mother:head:751:V,noise,150,0.000457763671875,False
547:nonquery_mother:head:751:V,noise,154,6.103515625e-05,False
547:nonquery_mother:head:751:V,noise,162,0.002197265625,False
547:nonquery_mother:head:751:V,noise,176,-0.0035400390625,False
547:nonquery_mother:head:751:V,noise,178,-0.004817962646484375,False
547:nonquery_mother:head:751:V,noise,186,-0.0009765625,False
547:nonquery_mother:head:751:V,noise,192,-0.001953125,False
547:nonquery_mother:head:751:V,noise,196,-0.00146484375,False
547:nonquery_mother:head:787:K,noise,0,0.001983642578125,False
547:nonquery_mother:head:787:K,noise,16,0.000823974609375,False
547:nonquery_mother:head:787:K,noise,32,0.00372314453125,False
547:nonquery_mother:head:787:K,noise,48,-0.00377655029296875,False
547:nonquery_mother:head:787:K,noise,56,0.0032501220703125,False
547:nonquery_mother:head:787:K,noise,64,0.0040283203125,False
547:nonquery_mother:head:787:K,noise,82,-0.0006103515625,False
547:nonquery_mother:head:787:K,noise,96,-0.03536224365234375,False
547:nonquery_mother:head:787:K,noise,98,-0.00897216796875,False
547:nonquery_mother:head:787:K,noise,102,0.00374603271484375,False
547:nonquery_mother:head:787:K,noise,116,-0.009765625,False
547:nonquery_mother:head:787:K,noise,130,0.0016937255859375,False
547:nonquery_mother:head:787:K,noise,150,-0.00164794921875,False
547:nonquery_mother:head:787:K,noise,154,-0.0089111328125,False
547:nonquery_mother:head:787:K,noise,162,-0.010009765625,False
547:nonquery_mother:head:787:K,noise,176,0.007568359375,False
547:nonquery_mother:head:787:K,noise,178,-0.005832672119140625,False
547:nonquery_mother:head:787:K,noise,186,0.0003662109375,False
547:nonquery_mother:head:787:K,noise,192,-0.00714111328125,False
547:nonquery_mother:head:787:K,noise,196,-0.0029296875,False
547:nonquery_mother:head:787:V,noise,0,0.002288818359375,False
547:nonquery_mother:head:787:V,noise,16,-0.0003509521484375,False
547:nonquery_mother:head:787:V,noise,32,-0.0002899169921875,False
547:nonquery_mother:head:787:V,noise,48,0.00138092041015625,False
547:nonquery_mother:head:787:V,noise,56,-0.0028533935546875,False
547:nonquery_mother:head:787:V,noise,64,0.00042724609375,False
547:nonquery_mother:head:787:V,noise,82,0.00140380859375,False
547:nonquery_mother:head:787:V,noise,96,-0.00319671630859375,False
547:nonquery_mother:head:787:V,noise,98,-0.002685546875,False
547:nonquery_mother:head:787:V,noise,102,-0.0003814697265625,False
547:nonquery_mother:head:787:V,noise,116,-0.00213623046875,False
547:nonquery_mother:head:787:V,noise,130,-0.0012054443359375,False
547:nonquery_mother:head:787:V,noise,150,0.00445556640625,False
547:nonquery_mother:head:787:V,noise,154,0.0,False
547:nonquery_mother:head:787:V,noise,162,-0.001953125,False
547:nonquery_mother:head:787:V,noise,176,0.000244140625,False
547:nonquery_mother:head:787:V,noise,178,0.000751495361328125,False
547:nonquery_mother:head:787:V,noise,186,0.001220703125,False
547:nonquery_mother:head:787:V,noise,192,-0.00146484375,False
547:nonquery_mother:head:787:V,noise,196,-0.00048828125,False
547:nonquery_mother:head:817:K,noise,0,0.002593994140625,False
547:nonquery_mother:head:817:K,noise,16,-0.001312255859375,False
547:nonquery_mother:head:817:K,noise,32,-0.0009613037109375,False
547:nonquery_mother:head:817:K,noise,48,0.000701904296875,False
547:nonquery_mother:head:817:K,noise,56,-0.0025177001953125,False
547:nonquery_mother:head:817:K,noise,64,0.00115966796875,False
547:nonquery_mother:head:817:K,noise,82,0.00225830078125,False
547:nonquery_mother:head:817:K,noise,96,0.001373291015625,False
547:nonquery_mother:head:817:K,noise,98,-0.000579833984375,False
547:nonquery_mother:head:817:K,noise,102,-0.00014495849609375,False
547:nonquery_mother:head:817:K,noise,116,-0.00115966796875,False
547:nonquery_mother:head:817:K,noise,130,-0.0017242431640625,False
547:nonquery_mother:head:817:K,noise,150,0.0023193359375,False
547:nonquery_mother:head:817:K,noise,154,0.00244140625,False
547:nonquery_mother:head:817:K,noise,162,-0.001708984375,False
547:nonquery_mother:head:817:K,noise,176,0.0003662109375,False
547:nonquery_mother:head:817:K,noise,178,0.00179290771484375,False
547:nonquery_mother:head:817:K,noise,186,-0.00048828125,False
547:nonquery_mother:head:817:K,noise,192,0.00048828125,False
547:nonquery_mother:head:817:K,noise,196,-0.00048828125,False
547:nonquery_mother:head:817:V,noise,0,0.001922607421875,False
547:nonquery_mother:head:817:V,noise,16,0.002593994140625,False
547:nonquery_mother:head:817:V,noise,32,0.002044677734375,False
547:nonquery_mother:head:817:V,noise,48,0.00081634521484375,False
547:nonquery_mother:head:817:V,noise,56,-0.0013580322265625,False
547:nonquery_mother:head:817:V,noise,64,-0.00164794921875,False
547:nonquery_mother:head:817:V,noise,82,0.00286865234375,False
547:nonquery_mother:head:817:V,noise,96,0.00045013427734375,False
547:nonquery_mother:head:817:V,noise,98,-0.000579833984375,False
547:nonquery_mother:head:817:V,noise,102,0.000152587890625,False
547:nonquery_mother:head:817:V,noise,116,-0.00201416015625,False
547:nonquery_mother:head:817:V,noise,130,0.0015869140625,False
547:nonquery_mother:head:817:V,noise,150,-0.001129150390625,False
547:nonquery_mother:head:817:V,noise,154,-0.00030517578125,False
547:nonquery_mother:head:817:V,noise,162,-0.00244140625,False
547:nonquery_mother:head:817:V,noise,176,0.0006103515625,False
547:nonquery_mother:head:817:V,noise,178,0.00139617919921875,False
547:nonquery_mother:head:817:V,noise,186,-0.00128173828125,False
547:nonquery_mother:head:817:V,noise,192,0.00079345703125,False
547:nonquery_mother:head:817:V,noise,196,0.001953125,False
547:nonquery_mother:head:855:K,noise,0,0.004058837890625,False
547:nonquery_mother:head:855:K,noise,16,-0.001800537109375,False
547:nonquery_mother:head:855:K,noise,32,-0.007598876953125,False
547:nonquery_mother:head:855:K,noise,48,-0.0007781982421875,False
547:nonquery_mother:head:855:K,noise,56,-0.003814697265625,False
547:nonquery_mother:head:855:K,noise,64,-0.00128173828125,False
547:nonquery_mother:head:855:K,noise,82,0.00286865234375,False
547:nonquery_mother:head:855:K,noise,96,0.002227783203125,False
547:nonquery_mother:head:855:K,noise,98,0.0008544921875,False
547:nonquery_mother:head:855:K,noise,102,-0.00046539306640625,False
547:nonquery_mother:head:855:K,noise,116,-0.0023193359375,False
547:nonquery_mother:head:855:K,noise,130,-0.0005035400390625,False
547:nonquery_mother:head:855:K,noise,150,0.0018310546875,False
547:nonquery_mother:head:855:K,noise,154,-0.00018310546875,False
547:nonquery_mother:head:855:K,noise,162,0.0,False
547:nonquery_mother:head:855:K,noise,176,-0.0018310546875,False
547:nonquery_mother:head:855:K,noise,178,-0.0009307861328125,False
547:nonquery_mother:head:855:K,noise,186,-0.0037841796875,False
547:nonquery_mother:head:855:K,noise,192,-0.00079345703125,False
547:nonquery_mother:head:855:K,noise,196,0.0009765625,False
547:nonquery_mother:head:855:V,noise,0,0.001434326171875,False
547:nonquery_mother:head:855:V,noise,16,-0.0003662109375,False
547:nonquery_mother:head:855:V,noise,32,-0.0059356689453125,False
547:nonquery_mother:head:855:V,noise,48,0.0011444091796875,False
547:nonquery_mother:head:855:V,noise,56,0.000274658203125,False
547:nonquery_mother:head:855:V,noise,64,0.00042724609375,False
547:nonquery_mother:head:855:V,noise,82,0.0003662109375,False
547:nonquery_mother:head:855:V,noise,96,-0.000640869140625,False
547:nonquery_mother:head:855:V,noise,98,0.0009765625,False
547:nonquery_mother:head:855:V,noise,102,0.001678466796875,False
547:nonquery_mother:head:855:V,noise,116,-0.0001220703125,False
547:nonquery_mother:head:855:V,noise,130,-0.0001678466796875,False
547:nonquery_mother:head:855:V,noise,150,-0.000457763671875,False
547:nonquery_mother:head:855:V,noise,154,0.0010986328125,False
547:nonquery_mother:head:855:V,noise,162,-0.001220703125,False
547:nonquery_mother:head:855:V,noise,176,0.000732421875,False
547:nonquery_mother:head:855:V,noise,178,0.00211334228515625,False
547:nonquery_mother:head:855:V,noise,186,-0.001953125,False
547:nonquery_mother:head:855:V,noise,192,-0.0020751953125,False
547:nonquery_mother:head:855:V,noise,196,0.00146484375,False
547:nonquery_mother:head:870:K,noise,0,0.001739501953125,False
547:nonquery_mother:head:870:K,noise,16,-0.0080108642578125,False
547:nonquery_mother:head:870:K,noise,32,0.0028533935546875,False
547:nonquery_mother:head:870:K,noise,48,-0.01181793212890625,False
547:nonquery_mother:head:870:K,noise,56,0.025848388671875,False
547:nonquery_mother:head:870:K,noise,64,0.01800537109375,False
547:nonquery_mother:head:870:K,noise,82,-0.0162353515625,False
547:nonquery_mother:head:870:K,noise,96,0.00273895263671875,False
547:nonquery_mother:head:870:K,noise,98,-0.010833740234375,False
547:nonquery_mother:head:870:K,noise,102,-0.00234222412109375,False
547:nonquery_mother:head:870:K,noise,116,-0.021728515625,False
547:nonquery_mother:head:870:K,noise,130,0.0084991455078125,False
547:nonquery_mother:head:870:K,noise,150,0.0025634765625,False
547:nonquery_mother:head:870:K,noise,154,-0.026123046875,False
547:nonquery_mother:head:870:K,noise,162,-0.0048828125,False
547:nonquery_mother:head:870:K,noise,176,0.0074462890625,False
547:nonquery_mother:head:870:K,noise,178,-0.009212493896484375,False
547:nonquery_mother:head:870:K,noise,186,-0.0086669921875,False
547:nonquery_mother:head:870:K,noise,192,-0.03192138671875,False
547:nonquery_mother:head:870:K,noise,196,-0.00244140625,False
547:nonquery_mother:head:870:V,noise,0,0.0010986328125,False
547:nonquery_mother:head:870:V,noise,16,0.0006103515625,False
547:nonquery_mother:head:870:V,noise,32,0.000823974609375,False
547:nonquery_mother:head:870:V,noise,48,-0.00189208984375,False
547:nonquery_mother:head:870:V,noise,56,-0.0006103515625,False
547:nonquery_mother:head:870:V,noise,64,-0.00128173828125,False
547:nonquery_mother:head:870:V,noise,82,0.00146484375,False
547:nonquery_mother:head:870:V,noise,96,0.00011444091796875,False
547:nonquery_mother:head:870:V,noise,98,0.000213623046875,False
547:nonquery_mother:head:870:V,noise,102,0.00124359130859375,False
547:nonquery_mother:head:870:V,noise,116,-0.0015869140625,False
547:nonquery_mother:head:870:V,noise,130,0.00067138671875,False
547:nonquery_mother:head:870:V,noise,150,0.002349853515625,False
547:nonquery_mother:head:870:V,noise,154,-0.00091552734375,False
547:nonquery_mother:head:870:V,noise,162,-0.00244140625,False
547:nonquery_mother:head:870:V,noise,176,-0.0028076171875,False
547:nonquery_mother:head:870:V,noise,178,0.00208282470703125,False
547:nonquery_mother:head:870:V,noise,186,-0.0001220703125,False
547:nonquery_mother:head:870:V,noise,192,0.00091552734375,False
547:nonquery_mother:head:870:V,noise,196,-0.00146484375,False
547:nonquery_mother:head:973:K,noise,0,0.000457763671875,False
547:nonquery_mother:head:973:K,noise,16,0.001739501953125,False
547:nonquery_mother:head:973:K,noise,32,0.0015869140625,False
547:nonquery_mother:head:973:K,noise,48,0.002166748046875,False
547:nonquery_mother:head:973:K,noise,56,-0.0001678466796875,False
547:nonquery_mother:head:973:K,noise,64,-0.0009765625,False
547:nonquery_mother:head:973:K,noise,82,0.0018310546875,False
547:nonquery_mother:head:973:K,noise,96,0.0001068115234375,False
547:nonquery_mother:head:973:K,noise,98,-0.000640869140625,False
547:nonquery_mother:head:973:K,noise,102,0.0023651123046875,False
547:nonquery_mother:head:973:K,noise,116,0.000732421875,False
547:nonquery_mother:head:973:K,noise,130,-0.001129150390625,False
547:nonquery_mother:head:973:K,noise,150,-0.00189208984375,False
547:nonquery_mother:head:973:K,noise,154,-0.000244140625,False
547:nonquery_mother:head:973:K,noise,162,-0.000732421875,False
547:nonquery_mother:head:973:K,noise,176,0.0003662109375,False
547:nonquery_mother:head:973:K,noise,178,-0.00353240966796875,False
547:nonquery_mother:head:973:K,noise,186,-0.00042724609375,False
547:nonquery_mother:head:973:K,noise,192,-0.00189208984375,False
547:nonquery_mother:head:973:K,noise,196,0.0009765625,False
547:nonquery_mother:head:973:V,noise,0,-0.00018310546875,False
547:nonquery_mother:head:973:V,noise,16,-0.0003204345703125,False
547:nonquery_mother:head:973:V,noise,32,0.001190185546875,False
547:nonquery_mother:head:973:V,noise,48,0.00189208984375,False
547:nonquery_mother:head:973:V,noise,56,-0.001678466796875,False
547:nonquery_mother:head:973:V,noise,64,0.0008544921875,False
547:nonquery_mother:head:973:V,noise,82,0.00189208984375,False
547:nonquery_mother:head:973:V,noise,96,0.00038909912109375,False
547:nonquery_mother:head:973:V,noise,98,-0.0008544921875,False
547:nonquery_mother:head:973:V,noise,102,0.00099945068359375,False
547:nonquery_mother:head:973:V,noise,116,-0.0003662109375,False
547:nonquery_mother:head:973:V,noise,130,-0.000518798828125,False
547:nonquery_mother:head:973:V,noise,150,0.0001220703125,False
547:nonquery_mother:head:973:V,noise,154,0.000244140625,False
547:nonquery_mother:head:973:V,noise,162,-0.000244140625,False
547:nonquery_mother:head:973:V,noise,176,-0.0003662109375,False
547:nonquery_mother:head:973:V,noise,178,0.000415802001953125,False
547:nonquery_mother:head:973:V,noise,186,-0.00018310546875,False
547:nonquery_mother:head:973:V,noise,192,-0.0003662109375,False
547:nonquery_mother:head:973:V,noise,196,0.00146484375,False
547:nonquery_mother:head:978:K,noise,0,0.000762939453125,False
547:nonquery_mother:head:978:K,noise,16,-0.0111236572265625,False
547:nonquery_mother:head:978:K,noise,32,0.0050811767578125,False
547:nonquery_mother:head:978:K,noise,48,-0.0084381103515625,False
547:nonquery_mother:head:978:K,noise,56,0.0321197509765625,False
547:nonquery_mother:head:978:K,noise,64,0.005615234375,False
547:nonquery_mother:head:978:K,noise,82,-0.035400390625,False
547:nonquery_mother:head:978:K,noise,96,-0.00506591796875,False
547:nonquery_mother:head:978:K,noise,98,-0.002899169921875,False
547:nonquery_mother:head:978:K,noise,102,-0.00565338134765625,False
547:nonquery_mother:head:978:K,noise,116,-0.017578125,False
547:nonquery_mother:head:978:K,noise,130,0.025726318359375,False
547:nonquery_mother:head:978:K,noise,150,0.000152587890625,False
547:nonquery_mother:head:978:K,noise,154,-0.0220947265625,False
547:nonquery_mother:head:978:K,noise,162,0.0234375,False
547:nonquery_mother:head:978:K,noise,176,0.0157470703125,False
547:nonquery_mother:head:978:K,noise,178,-0.0205535888671875,False
547:nonquery_mother:head:978:K,noise,186,-0.01995849609375,False
547:nonquery_mother:head:978:K,noise,192,-0.001220703125,False
547:nonquery_mother:head:978:K,noise,196,-0.01953125,False
547:nonquery_mother:head:978:V,noise,0,0.00177001953125,False
547:nonquery_mother:head:978:V,noise,16,-0.0007476806640625,False
547:nonquery_mother:head:978:V,noise,32,0.00030517578125,False
547:nonquery_mother:head:978:V,noise,48,-0.0002288818359375,False
547:nonquery_mother:head:978:V,noise,56,-0.00054931640625,False
547:nonquery_mother:head:978:V,noise,64,0.0015869140625,False
547:nonquery_mother:head:978:V,noise,82,0.000244140625,False
547:nonquery_mother:head:978:V,noise,96,0.0007476806640625,False
547:nonquery_mother:head:978:V,noise,98,0.002685546875,False
547:nonquery_mother:head:978:V,noise,102,5.340576171875e-05,False
547:nonquery_mother:head:978:V,noise,116,-0.0018310546875,False
547:nonquery_mother:head:978:V,noise,130,0.0040435791015625,False
547:nonquery_mother:head:978:V,noise,150,0.000762939453125,False
547:nonquery_mother:head:978:V,noise,154,0.00103759765625,False
547:nonquery_mother:head:978:V,noise,162,-0.00048828125,False
547:nonquery_mother:head:978:V,noise,176,0.0009765625,False
547:nonquery_mother:head:978:V,noise,178,-0.003814697265625,False
547:nonquery_mother:head:978:V,noise,186,-0.000732421875,False
547:nonquery_mother:head:978:V,noise,192,-0.00048828125,False
547:nonquery_mother:head:978:V,noise,196,0.0,False
547:nonquery_mother:mlp:17:,noise,0,-0.01409912109375,False
547:nonquery_mother:mlp:17:,noise,16,0.007049560546875,False
547:nonquery_mother:mlp:17:,noise,32,-0.0153350830078125,False
547:nonquery_mother:mlp:17:,noise,48,0.0151519775390625,False
547:nonquery_mother:mlp:17:,noise,56,0.0009307861328125,False
547:nonquery_mother:mlp:17:,noise,64,-0.01055908203125,False
547:nonquery_mother:mlp:17:,noise,82,-0.016845703125,False
547:nonquery_mother:mlp:17:,noise,96,0.001129150390625,False
547:nonquery_mother:mlp:17:,noise,98,0.011932373046875,False
547:nonquery_mother:mlp:17:,noise,102,0.00667572021484375,False
547:nonquery_mother:mlp:17:,noise,116,-0.01483154296875,False
547:nonquery_mother:mlp:17:,noise,130,-0.0262908935546875,False
547:nonquery_mother:mlp:17:,noise,150,-0.00042724609375,False
547:nonquery_mother:mlp:17:,noise,154,-0.0301513671875,False
547:nonquery_mother:mlp:17:,noise,162,-0.019775390625,False
547:nonquery_mother:mlp:17:,noise,176,-0.0355224609375,False
547:nonquery_mother:mlp:17:,noise,178,-0.019184112548828125,False
547:nonquery_mother:mlp:17:,noise,186,-0.00323486328125,False
547:nonquery_mother:mlp:17:,noise,192,-0.02606201171875,False
547:nonquery_mother:mlp:17:,noise,196,-0.009765625,False
547:nonquery_mother:mlp:18:,noise,0,-0.007598876953125,False
547:nonquery_mother:mlp:18:,noise,16,0.0102081298828125,False
547:nonquery_mother:mlp:18:,noise,32,0.009552001953125,False
547:nonquery_mother:mlp:18:,noise,48,0.0144805908203125,False
547:nonquery_mother:mlp:18:,noise,56,-0.001434326171875,False
547:nonquery_mother:mlp:18:,noise,64,-0.00567626953125,False
547:nonquery_mother:mlp:18:,noise,82,0.02239990234375,False
547:nonquery_mother:mlp:18:,noise,96,0.0067901611328125,False
547:nonquery_mother:mlp:18:,noise,98,0.0025634765625,False
547:nonquery_mother:mlp:18:,noise,102,0.0004119873046875,False
547:nonquery_mother:mlp:18:,noise,116,-0.0015869140625,False
547:nonquery_mother:mlp:18:,noise,130,0.013824462890625,False
547:nonquery_mother:mlp:18:,noise,150,0.001129150390625,False
547:nonquery_mother:mlp:18:,noise,154,-0.00946044921875,False
547:nonquery_mother:mlp:18:,noise,162,0.01025390625,False
547:nonquery_mother:mlp:18:,noise,176,0.00634765625,False
547:nonquery_mother:mlp:18:,noise,178,-0.002307891845703125,False
547:nonquery_mother:mlp:18:,noise,186,-0.00152587890625,False
547:nonquery_mother:mlp:18:,noise,192,0.00970458984375,False
547:nonquery_mother:mlp:18:,noise,196,-0.00048828125,False
568:colon:bypass:31:,noise,0,0.1074066162109375,False
568:colon:bypass:31:,noise,16,0.106964111328125,False
568:colon:bypass:31:,noise,32,0.0990142822265625,False
568:colon:bypass:31:,noise,48,0.1457672119140625,False
568:colon:bypass:31:,noise,56,0.1139373779296875,False
568:colon:bypass:31:,noise,64,0.105224609375,False
568:colon:bypass:31:,noise,82,0.132171630859375,False
568:colon:bypass:31:,noise,96,0.17084789276123047,False
568:colon:bypass:31:,noise,98,0.17950439453125,False
568:colon:bypass:31:,noise,102,0.10298919677734375,False
568:colon:bypass:31:,noise,116,0.12994384765625,False
568:colon:bypass:31:,noise,130,0.12811279296875,False
568:colon:bypass:31:,noise,150,0.110107421875,False
568:colon:bypass:31:,noise,154,0.15057373046875,False
568:colon:bypass:31:,noise,162,0.121337890625,False
568:colon:bypass:31:,noise,176,0.1517333984375,False
568:colon:bypass:31:,noise,178,0.17129135131835938,False
568:colon:bypass:31:,noise,186,0.10638427734375,False
568:colon:bypass:31:,noise,192,0.146392822265625,False
568:colon:bypass:31:,noise,196,0.21875,False
568:colon:head:594:KV,noise,0,0.0009765625,False
568:colon:head:594:KV,noise,16,0.0013580322265625,False
568:colon:head:594:KV,noise,32,0.00286865234375,False
568:colon:head:594:KV,noise,48,0.0012969970703125,False
568:colon:head:594:KV,noise,56,-0.0022735595703125,False
568:colon:head:594:KV,noise,64,-0.0015869140625,False
568:colon:head:594:KV,noise,82,0.00225830078125,False
568:colon:head:594:KV,noise,96,-0.0028839111328125,False
568:colon:head:594:KV,noise,98,-0.002655029296875,False
568:colon:head:594:KV,noise,102,-0.00183868408203125,False
568:colon:head:594:KV,noise,116,-0.00244140625,False
568:colon:head:594:KV,noise,130,0.0002593994140625,False
568:colon:head:594:KV,noise,150,-0.000213623046875,False
568:colon:head:594:KV,noise,154,0.00048828125,False
568:colon:head:594:KV,noise,162,0.001708984375,False
568:colon:head:594:KV,noise,176,-0.0040283203125,False
568:colon:head:594:KV,noise,178,-0.00426483154296875,False
568:colon:head:594:KV,noise,186,0.00152587890625,False
568:colon:head:594:KV,noise,192,-0.003173828125,False
568:colon:head:594:KV,noise,196,-0.00048828125,False
568:colon:head:594:Q,noise,0,0.05133056640625,False
568:colon:head:594:Q,noise,16,0.0312957763671875,False
568:colon:head:594:Q,noise,32,0.0469512939453125,False
568:colon:head:594:Q,noise,48,0.071929931640625,False
568:colon:head:594:Q,noise,56,0.0120086669921875,False
568:colon:head:594:Q,noise,64,0.0208740234375,False
568:colon:head:594:Q,noise,82,0.0299072265625,False
568:colon:head:594:Q,noise,96,0.12841033935546875,False
568:colon:head:594:Q,noise,98,0.066680908203125,False
568:colon:head:594:Q,noise,102,0.0189056396484375,False
568:colon:head:594:Q,noise,116,0.0482177734375,False
568:colon:head:594:Q,noise,130,0.011871337890625,False
568:colon:head:594:Q,noise,150,0.034454345703125,False
568:colon:head:594:Q,noise,154,0.1529541015625,False
568:colon:head:594:Q,noise,162,0.060791015625,False
568:colon:head:594:Q,noise,176,0.0557861328125,False
568:colon:head:594:Q,noise,178,0.05762481689453125,False
568:colon:head:594:Q,noise,186,0.07403564453125,False
568:colon:head:594:Q,noise,192,0.02978515625,False
568:colon:head:594:Q,noise,196,0.0703125,False
568:colon:head:595:KV,noise,0,0.00250244140625,False
568:colon:head:595:KV,noise,16,-0.0002593994140625,False
568:colon:head:595:KV,noise,32,-0.0019989013671875,False
568:colon:head:595:KV,noise,48,0.001983642578125,False
568:colon:head:595:KV,noise,56,-0.0036468505859375,False
568:colon:head:595:KV,noise,64,-0.00128173828125,False
568:colon:head:595:KV,noise,82,0.00201416015625,False
568:colon:head:595:KV,noise,96,0.00012969970703125,False
568:colon:head:595:KV,noise,98,-0.00335693359375,False
568:colon:head:595:KV,noise,102,-0.0002899169921875,False
568:colon:head:595:KV,noise,116,-0.0015869140625,False
568:colon:head:595:KV,noise,130,-7.62939453125e-05,False
568:colon:head:595:KV,noise,150,-0.001434326171875,False
568:colon:head:595:KV,noise,154,0.003173828125,False
568:colon:head:595:KV,noise,162,0.001708984375,False
568:colon:head:595:KV,noise,176,-0.00390625,False
568:colon:head:595:KV,noise,178,0.000209808349609375,False
568:colon:head:595:KV,noise,186,0.0023193359375,False
568:colon:head:595:KV,noise,192,-0.0047607421875,False
568:colon:head:595:KV,noise,196,0.00048828125,False
568:colon:head:595:Q,noise,0,0.022369384765625,False
568:colon:head:595:Q,noise,16,0.0113525390625,False
568:colon:head:595:Q,noise,32,0.0373077392578125,False
568:colon:head:595:Q,noise,48,0.035186767578125,False
568:colon:head:595:Q,noise,56,-0.0035400390625,False
568:colon:head:595:Q,noise,64,0.003662109375,False
568:colon:head:595:Q,noise,82,0.01544189453125,False
568:colon:head:595:Q,noise,96,0.04616546630859375,False
568:colon:head:595:Q,noise,98,0.096221923828125,False
568:colon:head:595:Q,noise,102,0.00742340087890625,False
568:colon:head:595:Q,noise,116,0.0308837890625,False
568:colon:head:595:Q,noise,130,0.0109405517578125,False
568:colon:head:595:Q,noise,150,0.012451171875,False
568:colon:head:595:Q,noise,154,0.090576171875,False
568:colon:head:595:Q,noise,162,0.029052734375,False
568:colon:head:595:Q,noise,176,0.021484375,False
568:colon:head:595:Q,noise,178,0.017559051513671875,False
568:colon:head:595:Q,noise,186,0.02862548828125,False
568:colon:head:595:Q,noise,192,0.02978515625,False
568:colon:head:595:Q,noise,196,0.04443359375,False
568:colon:head:600:KV,noise,0,0.0023193359375,False
568:colon:head:600:KV,noise,16,-0.0019989013671875,False
568:colon:head:600:KV,noise,32,-0.00360107421875,False
568:colon:head:600:KV,noise,48,0.0030670166015625,False
568:colon:head:600:KV,noise,56,0.001617431640625,False
568:colon:head:600:KV,noise,64,0.00018310546875,False
568:colon:head:600:KV,noise,82,0.00152587890625,False
568:colon:head:600:KV,noise,96,0.00270843505859375,False
568:colon:head:600:KV,noise,98,0.001708984375,False
568:colon:head:600:KV,noise,102,0.00080108642578125,False
568:colon:head:600:KV,noise,116,-0.0042724609375,False
568:colon:head:600:KV,noise,130,-7.62939453125e-05,False
568:colon:head:600:KV,noise,150,0.002105712890625,False
568:colon:head:600:KV,noise,154,0.00494384765625,False
568:colon:head:600:KV,noise,162,0.005615234375,False
568:colon:head:600:KV,noise,176,-0.000244140625,False
568:colon:head:600:KV,noise,178,0.001422882080078125,False
568:colon:head:600:KV,noise,186,-0.00140380859375,False
568:colon:head:600:KV,noise,192,-0.00225830078125,False
568:colon:head:600:KV,noise,196,0.00048828125,False
568:colon:head:600:Q,noise,0,-0.029998779296875,False
568:colon:head:600:Q,noise,16,-0.01849365234375,False
568:colon:head:600:Q,noise,32,-0.0163726806640625,False
568:colon:head:600:Q,noise,48,-0.0059661865234375,False
568:colon:head:600:Q,noise,56,-0.0090484619140625,False
568:colon:head:600:Q,noise,64,0.00164794921875,False
568:colon:head:600:Q,noise,82,-0.001220703125,False
568:colon:head:600:Q,noise,96,-0.02153778076171875,False
568:colon:head:600:Q,noise,98,-0.1156005859375,False
568:colon:head:600:Q,noise,102,0.008453369140625,False
568:colon:head:600:Q,noise,116,-0.01025390625,False
568:colon:head:600:Q,noise,130,-0.0089569091796875,False
568:colon:head:600:Q,noise,150,-0.0181884765625,False
568:colon:head:600:Q,noise,154,-0.04156494140625,False
568:colon:head:600:Q,noise,162,-0.009765625,False
568:colon:head:600:Q,noise,176,-0.0413818359375,False
568:colon:head:600:Q,noise,178,-0.02692413330078125,False
568:colon:head:600:Q,noise,186,-0.02203369140625,False
568:colon:head:600:Q,noise,192,-0.01507568359375,False
568:colon:head:600:Q,noise,196,-0.01171875,False
568:colon:head:624:KV,noise,0,0.001800537109375,False
568:colon:head:624:KV,noise,16,0.001434326171875,False
568:colon:head:624:KV,noise,32,-0.0016326904296875,False
568:colon:head:624:KV,noise,48,0.0027008056640625,False
568:colon:head:624:KV,noise,56,0.003021240234375,False
568:colon:head:624:KV,noise,64,-0.0003662109375,False
568:colon:head:624:KV,noise,82,0.00286865234375,False
568:colon:head:624:KV,noise,96,0.00140380859375,False
568:colon:head:624:KV,noise,98,-6.103515625e-05,False
568:colon:head:624:KV,noise,102,-0.0016021728515625,False
568:colon:head:624:KV,noise,116,-0.000244140625,False
568:colon:head:624:KV,noise,130,0.002288818359375,False
568:colon:head:624:KV,noise,150,0.00030517578125,False
568:colon:head:624:KV,noise,154,0.00128173828125,False
568:colon:head:624:KV,noise,162,0.0009765625,False
568:colon:head:624:KV,noise,176,-0.0023193359375,False
568:colon:head:624:KV,noise,178,-0.001781463623046875,False
568:colon:head:624:KV,noise,186,0.00213623046875,False
568:colon:head:624:KV,noise,192,-0.0029296875,False
568:colon:head:624:KV,noise,196,0.00048828125,False
568:colon:head:624:Q,noise,0,-0.029571533203125,False
568:colon:head:624:Q,noise,16,-0.010498046875,False
568:colon:head:624:Q,noise,32,-0.0341796875,False
568:colon:head:624:Q,noise,48,-0.0441436767578125,False
568:colon:head:624:Q,noise,56,-0.0217742919921875,False
568:colon:head:624:Q,noise,64,-0.0078125,False
568:colon:head:624:Q,noise,82,-0.0179443359375,False
568:colon:head:624:Q,noise,96,-0.01546478271484375,False
568:colon:head:624:Q,noise,98,-0.05682373046875,False
568:colon:head:624:Q,noise,102,-0.02617645263671875,False
568:colon:head:624:Q,noise,116,-0.04736328125,False
568:colon:head:624:Q,noise,130,-0.0453643798828125,False
568:colon:head:624:Q,noise,150,-0.012786865234375,False
568:colon:head:624:Q,noise,154,-0.0450439453125,False
568:colon:head:624:Q,noise,162,-0.015380859375,False
568:colon:head:624:Q,noise,176,-0.0316162109375,False
568:colon:head:624:Q,noise,178,-0.0671844482421875,False
568:colon:head:624:Q,noise,186,-0.02325439453125,False
568:colon:head:624:Q,noise,192,-0.03192138671875,False
568:colon:head:624:Q,noise,196,-0.05126953125,False
568:colon:head:630:KV,noise,0,0.0015869140625,False
568:colon:head:630:KV,noise,16,-0.0004730224609375,False
568:colon:head:630:KV,noise,32,0.0062255859375,False
568:colon:head:630:KV,noise,48,0.00165557861328125,False
568:colon:head:630:KV,noise,56,-0.0021514892578125,False
568:colon:head:630:KV,noise,64,-0.00189208984375,False
568:colon:head:630:KV,noise,82,0.00390625,False
568:colon:head:630:KV,noise,96,-0.00145721435546875,False
568:colon:head:630:KV,noise,98,-0.004302978515625,False
568:colon:head:630:KV,noise,102,-0.0009002685546875,False
568:colon:head:630:KV,noise,116,-0.001708984375,False
568:colon:head:630:KV,noise,130,0.001617431640625,False
568:colon:head:630:KV,noise,150,0.00250244140625,False
568:colon:head:630:KV,noise,154,0.00213623046875,False
568:colon:head:630:KV,noise,162,0.000732421875,False
568:colon:head:630:KV,noise,176,-0.0018310546875,False
568:colon:head:630:KV,noise,178,-0.0038909912109375,False
568:colon:head:630:KV,noise,186,0.00152587890625,False
568:colon:head:630:KV,noise,192,-0.00146484375,False
568:colon:head:630:KV,noise,196,-0.0009765625,False
568:colon:head:630:Q,noise,0,0.001983642578125,False
568:colon:head:630:Q,noise,16,0.005889892578125,False
568:colon:head:630:Q,noise,32,0.011810302734375,False
568:colon:head:630:Q,noise,48,0.0040435791015625,False
568:colon:head:630:Q,noise,56,-0.002471923828125,False
568:colon:head:630:Q,noise,64,-0.004150390625,False
568:colon:head:630:Q,noise,82,0.0042724609375,False
568:colon:head:630:Q,noise,96,0.01988983154296875,False
568:colon:head:630:Q,noise,98,0.015655517578125,False
568:colon:head:630:Q,noise,102,0.01412200927734375,False
568:colon:head:630:Q,noise,116,0.0032958984375,False
568:colon:head:630:Q,noise,130,0.0216064453125,False
568:colon:head:630:Q,noise,150,-0.001617431640625,False
568:colon:head:630:Q,noise,154,0.0052490234375,False
568:colon:head:630:Q,noise,162,0.008056640625,False
568:colon:head:630:Q,noise,176,-0.0028076171875,False
568:colon:head:630:Q,noise,178,-0.00553131103515625,False
568:colon:head:630:Q,noise,186,0.00653076171875,False
568:colon:head:630:Q,noise,192,0.004150390625,False
568:colon:head:630:Q,noise,196,0.0009765625,False
568:colon:head:641:KV,noise,0,0.003631591796875,False
568:colon:head:641:KV,noise,16,0.001007080078125,False
568:colon:head:641:KV,noise,32,0.00347900390625,False
568:colon:head:641:KV,noise,48,0.004150390625,False
568:colon:head:641:KV,noise,56,0.001556396484375,False
568:colon:head:641:KV,noise,64,0.001953125,False
568:colon:head:641:KV,noise,82,0.0035400390625,False
568:colon:head:641:KV,noise,96,-0.00182342529296875,False
568:colon:head:641:KV,noise,98,0.000518798828125,False
568:colon:head:641:KV,noise,102,0.00424957275390625,False
568:colon:head:641:KV,noise,116,-0.00140380859375,False
568:colon:head:641:KV,noise,130,-9.1552734375e-05,False
568:colon:head:641:KV,noise,150,0.001800537109375,False
568:colon:head:641:KV,noise,154,0.00555419921875,False
568:colon:head:641:KV,noise,162,0.000732421875,False
568:colon:head:641:KV,noise,176,-0.0018310546875,False
568:colon:head:641:KV,noise,178,-0.0021820068359375,False
568:colon:head:641:KV,noise,186,0.0,False
568:colon:head:641:KV,noise,192,6.103515625e-05,False
568:colon:head:641:KV,noise,196,0.0,False
568:colon:head:641:Q,noise,0,-0.036102294921875,False
568:colon:head:641:Q,noise,16,-0.0364532470703125,False
568:colon:head:641:Q,noise,32,-0.0676727294921875,False
568:colon:head:641:Q,noise,48,-0.12117767333984375,False
568:colon:head:641:Q,noise,56,-0.0158843994140625,False
568:colon:head:641:Q,noise,64,-0.02203369140625,False
568:colon:head:641:Q,noise,82,-0.1043701171875,False
568:colon:head:641:Q,noise,96,-0.1096038818359375,False
568:colon:head:641:Q,noise,98,-0.089874267578125,False
568:colon:head:641:Q,noise,102,-0.18047714233398438,False
568:colon:head:641:Q,noise,116,-0.0460205078125,False
568:colon:head:641:Q,noise,130,-0.068115234375,False
568:colon:head:641:Q,noise,150,-0.0340576171875,False
568:colon:head:641:Q,noise,154,-0.167144775390625,False
568:colon:head:641:Q,noise,162,-0.03515625,False
568:colon:head:641:Q,noise,176,-0.0465087890625,False
568:colon:head:641:Q,noise,178,-0.13115692138671875,False
568:colon:head:641:Q,noise,186,-0.0399169921875,False
568:colon:head:641:Q,noise,192,-0.08050537109375,False
568:colon:head:641:Q,noise,196,-0.04736328125,False
568:colon:head:678:KV,noise,0,0.00390625,False
568:colon:head:678:KV,noise,16,-0.0001373291015625,False
568:colon:head:678:KV,noise,32,-0.0025787353515625,False
568:colon:head:678:KV,noise,48,0.002685546875,False
568:colon:head:678:KV,noise,56,-0.002532958984375,False
568:colon:head:678:KV,noise,64,0.00079345703125,False
568:colon:head:678:KV,noise,82,0.00018310546875,False
568:colon:head:678:KV,noise,96,0.00040435791015625,False
568:colon:head:678:KV,noise,98,-0.0003662109375,False
568:colon:head:678:KV,noise,102,0.0011138916015625,False
568:colon:head:678:KV,noise,116,-0.00323486328125,False
568:colon:head:678:KV,noise,130,0.0024871826171875,False
568:colon:head:678:KV,noise,150,0.001220703125,False
568:colon:head:678:KV,noise,154,0.00445556640625,False
568:colon:head:678:KV,noise,162,-0.00048828125,False
568:colon:head:678:KV,noise,176,-0.0008544921875,False
568:colon:head:678:KV,noise,178,0.001667022705078125,False
568:colon:head:678:KV,noise,186,-0.00115966796875,False
568:colon:head:678:KV,noise,192,-0.0001220703125,False
568:colon:head:678:KV,noise,196,-0.001953125,False
568:colon:head:678:Q,noise,0,0.0107421875,False
568:colon:head:678:Q,noise,16,0.0195770263671875,False
568:colon:head:678:Q,noise,32,0.00384521484375,False
568:colon:head:678:Q,noise,48,0.0351409912109375,False
568:colon:head:678:Q,noise,56,0.0039520263671875,False
568:colon:head:678:Q,noise,64,0.0106201171875,False
568:colon:head:678:Q,noise,82,0.035400390625,False
568:colon:head:678:Q,noise,96,0.012298583984375,False
568:colon:head:678:Q,noise,98,0.05291748046875,False
568:colon:head:678:Q,noise,102,0.026153564453125,False
568:colon:head:678:Q,noise,116,0.00537109375,False
568:colon:head:678:Q,noise,130,0.0019683837890625,False
568:colon:head:678:Q,noise,150,0.005828857421875,False
568:colon:head:678:Q,noise,154,0.07952880859375,False
568:colon:head:678:Q,noise,162,0.012451171875,False
568:colon:head:678:Q,noise,176,0.022216796875,False
568:colon:head:678:Q,noise,178,0.025936126708984375,False
568:colon:head:678:Q,noise,186,0.00933837890625,False
568:colon:head:678:Q,noise,192,0.04791259765625,False
568:colon:head:678:Q,noise,196,0.0478515625,False
568:colon:head:690:KV,noise,0,0.001220703125,False
568:colon:head:690:KV,noise,16,-0.0001678466796875,False
568:colon:head:690:KV,noise,32,0.000823974609375,False
568:colon:head:690:KV,noise,48,0.00067138671875,False
568:colon:head:690:KV,noise,56,-0.00146484375,False
568:colon:head:690:KV,noise,64,0.0006103515625,False
568:colon:head:690:KV,noise,82,-0.00115966796875,False
568:colon:head:690:KV,noise,96,5.340576171875e-05,False
568:colon:head:690:KV,noise,98,-0.0009765625,False
568:colon:head:690:KV,noise,102,0.00048828125,False
568:colon:head:690:KV,noise,116,-0.0013427734375,False
568:colon:head:690:KV,noise,130,0.0006103515625,False
568:colon:head:690:KV,noise,150,0.00238037109375,False
568:colon:head:690:KV,noise,154,0.00177001953125,False
568:colon:head:690:KV,noise,162,-0.00244140625,False
568:colon:head:690:KV,noise,176,-0.001953125,False
568:colon:head:690:KV,noise,178,0.00048828125,False
568:colon:head:690:KV,noise,186,0.00146484375,False
568:colon:head:690:KV,noise,192,-0.00225830078125,False
568:colon:head:690:KV,noise,196,0.00048828125,False
568:colon:head:690:Q,noise,0,0.0262451171875,False
568:colon:head:690:Q,noise,16,0.003204345703125,False
568:colon:head:690:Q,noise,32,0.01629638671875,False
568:colon:head:690:Q,noise,48,0.01617431640625,False
568:colon:head:690:Q,noise,56,0.0016021728515625,False
568:colon:head:690:Q,noise,64,0.00372314453125,False
568:colon:head:690:Q,noise,82,0.009033203125,False
568:colon:head:690:Q,noise,96,0.0035552978515625,False
568:colon:head:690:Q,noise,98,0.010528564453125,False
568:colon:head:690:Q,noise,102,0.01552581787109375,False
568:colon:head:690:Q,noise,116,0.003662109375,False
568:colon:head:690:Q,noise,130,0.0058135986328125,False
568:colon:head:690:Q,noise,150,0.012237548828125,False
568:colon:head:690:Q,noise,154,0.05120849609375,False
568:colon:head:690:Q,noise,162,0.009521484375,False
568:colon:head:690:Q,noise,176,0.0123291015625,False
568:colon:head:690:Q,noise,178,0.01032257080078125,False
568:colon:head:690:Q,noise,186,0.00506591796875,False
568:colon:head:690:Q,noise,192,0.014892578125,False
568:colon:head:690:Q,noise,196,0.025390625,False
568:colon:head:695:KV,noise,0,0.07806396484375,False
568:colon:head:695:KV,noise,16,0.0614471435546875,False
568:colon:head:695:KV,noise,32,0.09185791015625,False
568:colon:head:695:KV,noise,48,0.0892791748046875,False
568:colon:head:695:KV,noise,56,0.0188446044921875,False
568:colon:head:695:KV,noise,64,0.07513427734375,False
568:colon:head:695:KV,noise,82,0.0732421875,False
568:colon:head:695:KV,noise,96,0.12548065185546875,False
568:colon:head:695:KV,noise,98,0.3023681640625,False
568:colon:head:695:KV,noise,102,0.17299652099609375,False
568:colon:head:695:KV,noise,116,0.01788330078125,False
568:colon:head:695:KV,noise,130,0.07135009765625,False
568:colon:head:695:KV,noise,150,0.047149658203125,False
568:colon:head:695:KV,noise,154,0.0750732421875,False
568:colon:head:695:KV,noise,162,0.12548828125,False
568:colon:head:695:KV,noise,176,0.0518798828125,False
568:colon:head:695:KV,noise,178,0.14882278442382812,False
568:colon:head:695:KV,noise,186,0.13623046875,False
568:colon:head:695:KV,noise,192,0.07440185546875,False
568:colon:head:695:KV,noise,196,0.1806640625,False
568:colon:head:695:Q,noise,0,0.007476806640625,False
568:colon:head:695:Q,noise,16,0.001953125,False
568:colon:head:695:Q,noise,32,0.0048370361328125,False
568:colon:head:695:Q,noise,48,-0.0030975341796875,False
568:colon:head:695:Q,noise,56,-0.001739501953125,False
568:colon:head:695:Q,noise,64,-0.0013427734375,False
568:colon:head:695:Q,noise,82,-0.0067138671875,False
568:colon:head:695:Q,noise,96,-0.00098419189453125,False
568:colon:head:695:Q,noise,98,-0.001983642578125,False
568:colon:head:695:Q,noise,102,-0.00193023681640625,False
568:colon:head:695:Q,noise,116,-0.00177001953125,False
568:colon:head:695:Q,noise,130,-0.002197265625,False
568:colon:head:695:Q,noise,150,0.00238037109375,False
568:colon:head:695:Q,noise,154,0.007568359375,False
568:colon:head:695:Q,noise,162,0.004150390625,False
568:colon:head:695:Q,noise,176,-0.000732421875,False
568:colon:head:695:Q,noise,178,-0.002716064453125,False
568:colon:head:695:Q,noise,186,0.00286865234375,False
568:colon:head:695:Q,noise,192,-0.0064697265625,False
568:colon:head:695:Q,noise,196,0.0,False
568:colon:head:709:KV,noise,0,0.0028076171875,False
568:colon:head:709:KV,noise,16,0.0015106201171875,False
568:colon:head:709:KV,noise,32,0.0019683837890625,False
568:colon:head:709:KV,noise,48,-0.0008392333984375,False
568:colon:head:709:KV,noise,56,-0.0060882568359375,False
568:colon:head:709:KV,noise,64,0.00054931640625,False
568:colon:head:709:KV,noise,82,0.00091552734375,False
568:colon:head:709:KV,noise,96,-0.00325775146484375,False
568:colon:head:709:KV,noise,98,-0.002197265625,False
568:colon:head:709:KV,noise,102,-0.002166748046875,False
568:colon:head:709:KV,noise,116,-0.00274658203125,False
568:colon:head:709:KV,noise,130,0.00244140625,False
568:colon:head:709:KV,noise,150,0.001495361328125,False
568:colon:head:709:KV,noise,154,0.00067138671875,False
568:colon:head:709:KV,noise,162,0.00048828125,False
568:colon:head:709:KV,noise,176,-0.001220703125,False
568:colon:head:709:KV,noise,178,-0.003421783447265625,False
568:colon:head:709:KV,noise,186,-0.00067138671875,False
568:colon:head:709:KV,noise,192,-0.0037841796875,False
568:colon:head:709:KV,noise,196,0.00244140625,False
568:colon:head:709:Q,noise,0,0.00872802734375,False
568:colon:head:709:Q,noise,16,0.0122528076171875,False
568:colon:head:709:Q,noise,32,0.012115478515625,False
568:colon:head:709:Q,noise,48,0.02508544921875,False
568:colon:head:709:Q,noise,56,0.0019989013671875,False
568:colon:head:709:Q,noise,64,0.01226806640625,False
568:colon:head:709:Q,noise,82,0.0150146484375,False
568:colon:head:709:Q,noise,96,0.0392303466796875,False
568:colon:head:709:Q,noise,98,0.03155517578125,False
568:colon:head:709:Q,noise,102,0.007843017578125,False
568:colon:head:709:Q,noise,116,0.00927734375,False
568:colon:head:709:Q,noise,130,0.0128021240234375,False
568:colon:head:709:Q,noise,150,0.01080322265625,False
568:colon:head:709:Q,noise,154,0.064453125,False
568:colon:head:709:Q,noise,162,0.026611328125,False
568:colon:head:709:Q,noise,176,0.0228271484375,False
568:colon:head:709:Q,noise,178,0.043430328369140625,False
568:colon:head:709:Q,noise,186,0.02264404296875,False
568:colon:head:709:Q,noise,192,0.025390625,False
568:colon:head:709:Q,noise,196,0.04345703125,False
568:colon:head:751:KV,noise,0,0.0008544921875,False
568:colon:head:751:KV,noise,16,-0.0029296875,False
568:colon:head:751:KV,noise,32,-0.001220703125,False
568:colon:head:751:KV,noise,48,0.00054931640625,False
568:colon:head:751:KV,noise,56,-1.52587890625e-05,False
568:colon:head:751:KV,noise,64,0.0001220703125,False
568:colon:head:751:KV,noise,82,-0.000244140625,False
568:colon:head:751:KV,noise,96,0.0,False
568:colon:head:751:KV,noise,98,-0.00079345703125,False
568:colon:head:751:KV,noise,102,0.000732421875,False
568:colon:head:751:KV,noise,116,-0.001953125,False
568:colon:head:751:KV,noise,130,-0.0013885498046875,False
568:colon:head:751:KV,noise,150,0.0,False
568:colon:head:751:KV,noise,154,-0.00018310546875,False
568:colon:head:751:KV,noise,162,0.0009765625,False
568:colon:head:751:KV,noise,176,0.0010986328125,False
568:colon:head:751:KV,noise,178,-0.000244140625,False
568:colon:head:751:KV,noise,186,-0.002197265625,False
568:colon:head:751:KV,noise,192,-0.002197265625,False
568:colon:head:751:KV,noise,196,0.00146484375,False
568:colon:head:751:Q,noise,0,-0.01739501953125,False
568:colon:head:751:Q,noise,16,-0.006134033203125,False
568:colon:head:751:Q,noise,32,-0.019195556640625,False
568:colon:head:751:Q,noise,48,-0.02648162841796875,False
568:colon:head:751:Q,noise,56,-0.0085601806640625,False
568:colon:head:751:Q,noise,64,-0.007568359375,False
568:colon:head:751:Q,noise,82,-0.0205078125,False
568:colon:head:751:Q,noise,96,-0.0195465087890625,False
568:colon:head:751:Q,noise,98,-0.05810546875,False
568:colon:head:751:Q,noise,102,-0.0163116455078125,False
568:colon:head:751:Q,noise,116,-0.0238037109375,False
568:colon:head:751:Q,noise,130,-0.032257080078125,False
568:colon:head:751:Q,noise,150,-0.003662109375,False
568:colon:head:751:Q,noise,154,-0.049560546875,False
568:colon:head:751:Q,noise,162,-0.005615234375,False
568:colon:head:751:Q,noise,176,-0.0120849609375,False
568:colon:head:751:Q,noise,178,-0.00801849365234375,False
568:colon:head:751:Q,noise,186,-0.028564453125,False
568:colon:head:751:Q,noise,192,-0.01910400390625,False
568:colon:head:751:Q,noise,196,-0.01171875,False
568:colon:head:787:KV,noise,0,0.0009765625,False
568:colon:head:787:KV,noise,16,0.0,False
568:colon:head:787:KV,noise,32,0.0004730224609375,False
568:colon:head:787:KV,noise,48,6.103515625e-05,False
568:colon:head:787:KV,noise,56,-0.000946044921875,False
568:colon:head:787:KV,noise,64,-0.00079345703125,False
568:colon:head:787:KV,noise,82,0.000244140625,False
568:colon:head:787:KV,noise,96,-9.918212890625e-05,False
568:colon:head:787:KV,noise,98,-0.00164794921875,False
568:colon:head:787:KV,noise,102,0.00322723388671875,False
568:colon:head:787:KV,noise,116,-0.00238037109375,False
568:colon:head:787:KV,noise,130,-4.57763671875e-05,False
568:colon:head:787:KV,noise,150,0.002349853515625,False
568:colon:head:787:KV,noise,154,0.00201416015625,False
568:colon:head:787:KV,noise,162,-0.001220703125,False
568:colon:head:787:KV,noise,176,-0.0020751953125,False
568:colon:head:787:KV,noise,178,-0.002971649169921875,False
568:colon:head:787:KV,noise,186,-0.00146484375,False
568:colon:head:787:KV,noise,192,-0.0042724609375,False
568:colon:head:787:KV,noise,196,0.0029296875,False
568:colon:head:787:Q,noise,0,0.01019287109375,False
568:colon:head:787:Q,noise,16,0.006988525390625,False
568:colon:head:787:Q,noise,32,0.000946044921875,False
568:colon:head:787:Q,noise,48,0.0083770751953125,False
568:colon:head:787:Q,noise,56,-0.0013275146484375,False
568:colon:head:787:Q,noise,64,-0.00390625,False
568:colon:head:787:Q,noise,82,0.0072021484375,False
568:colon:head:787:Q,noise,96,0.0173187255859375,False
568:colon:head:787:Q,noise,98,0.019439697265625,False
568:colon:head:787:Q,noise,102,0.0022735595703125,False
568:colon:head:787:Q,noise,116,-0.000244140625,False
568:colon:head:787:Q,noise,130,0.003265380859375,False
568:colon:head:787:Q,noise,150,0.001708984375,False
568:colon:head:787:Q,noise,154,0.0362548828125,False
568:colon:head:787:Q,noise,162,0.0068359375,False
568:colon:head:787:Q,noise,176,-0.00048828125,False
568:colon:head:787:Q,noise,178,0.000988006591796875,False
568:colon:head:787:Q,noise,186,0.00653076171875,False
568:colon:head:787:Q,noise,192,0.001953125,False
568:colon:head:787:Q,noise,196,0.01220703125,False
568:colon:head:817:KV,noise,0,0.029052734375,False
568:colon:head:817:KV,noise,16,0.0270538330078125,False
568:colon:head:817:KV,noise,32,0.0420379638671875,False
568:colon:head:817:KV,noise,48,0.0542144775390625,False
568:colon:head:817:KV,noise,56,0.0207977294921875,False
568:colon:head:817:KV,noise,64,0.036376953125,False
568:colon:head:817:KV,noise,82,0.0614013671875,False
568:colon:head:817:KV,noise,96,0.05922698974609375,False
568:colon:head:817:KV,noise,98,0.109161376953125,False
568:colon:head:817:KV,noise,102,0.0581207275390625,False
568:colon:head:817:KV,noise,116,0.074462890625,False
568:colon:head:817:KV,noise,130,0.048126220703125,False
568:colon:head:817:KV,noise,150,0.026702880859375,False
568:colon:head:817:KV,noise,154,0.08148193359375,False
568:colon:head:817:KV,noise,162,0.03662109375,False
568:colon:head:817:KV,noise,176,0.0740966796875,False
568:colon:head:817:KV,noise,178,0.08776092529296875,False
568:colon:head:817:KV,noise,186,0.04046630859375,False
568:colon:head:817:KV,noise,192,0.06982421875,False
568:colon:head:817:KV,noise,196,0.06494140625,False
568:colon:head:817:Q,noise,0,-0.00244140625,False
568:colon:head:817:Q,noise,16,-0.0014801025390625,False
568:colon:head:817:Q,noise,32,-0.002777099609375,False
568:colon:head:817:Q,noise,48,0.00341796875,False
568:colon:head:817:Q,noise,56,-0.00439453125,False
568:colon:head:817:Q,noise,64,-0.00146484375,False
568:colon:head:817:Q,noise,82,-0.00018310546875,False
568:colon:head:817:Q,noise,96,-0.00301361083984375,False
568:colon:head:817:Q,noise,98,-0.0145263671875,False
568:colon:head:817:Q,noise,102,-0.0037078857421875,False
568:colon:head:817:Q,noise,116,-0.0045166015625,False
568:colon:head:817:Q,noise,130,-0.0029754638671875,False
568:colon:head:817:Q,noise,150,-0.001434326171875,False
568:colon:head:817:Q,noise,154,-0.000732421875,False
568:colon:head:817:Q,noise,162,-0.001953125,False
568:colon:head:817:Q,noise,176,-0.0029296875,False
568:colon:head:817:Q,noise,178,-0.005695343017578125,False
568:colon:head:817:Q,noise,186,-0.00494384765625,False
568:colon:head:817:Q,noise,192,-0.00152587890625,False
568:colon:head:817:Q,noise,196,-0.00634765625,False
568:colon:head:855:KV,noise,0,0.00091552734375,False
568:colon:head:855:KV,noise,16,0.0010223388671875,False
568:colon:head:855:KV,noise,32,-0.000579833984375,False
568:colon:head:855:KV,noise,48,-0.00060272216796875,False
568:colon:head:855:KV,noise,56,0.0003662109375,False
568:colon:head:855:KV,noise,64,-0.000244140625,False
568:colon:head:855:KV,noise,82,0.0,False
568:colon:head:855:KV,noise,96,0.00075531005859375,False
568:colon:head:855:KV,noise,98,-0.00091552734375,False
568:colon:head:855:KV,noise,102,0.00060272216796875,False
568:colon:head:855:KV,noise,116,-0.00048828125,False
568:colon:head:855:KV,noise,130,-0.000701904296875,False
568:colon:head:855:KV,noise,150,0.002105712890625,False
568:colon:head:855:KV,noise,154,-0.0001220703125,False
568:colon:head:855:KV,noise,162,0.0009765625,False
568:colon:head:855:KV,noise,176,0.0008544921875,False
568:colon:head:855:KV,noise,178,-0.001750946044921875,False
568:colon:head:855:KV,noise,186,-0.00244140625,False
568:colon:head:855:KV,noise,192,-0.00067138671875,False
568:colon:head:855:KV,noise,196,-0.00048828125,False
568:colon:head:855:Q,noise,0,0.002532958984375,False
568:colon:head:855:Q,noise,16,0.0,False
568:colon:head:855:Q,noise,32,-0.0075225830078125,False
568:colon:head:855:Q,noise,48,-0.00188446044921875,False
568:colon:head:855:Q,noise,56,-0.0048065185546875,False
568:colon:head:855:Q,noise,64,-0.0001220703125,False
568:colon:head:855:Q,noise,82,0.00054931640625,False
568:colon:head:855:Q,noise,96,-0.00458526611328125,False
568:colon:head:855:Q,noise,98,-0.005615234375,False
568:colon:head:855:Q,noise,102,-0.00508880615234375,False
568:colon:head:855:Q,noise,116,-0.00238037109375,False
568:colon:head:855:Q,noise,130,-0.0025177001953125,False
568:colon:head:855:Q,noise,150,-0.00262451171875,False
568:colon:head:855:Q,noise,154,-0.01055908203125,False
568:colon:head:855:Q,noise,162,-0.00048828125,False
568:colon:head:855:Q,noise,176,-0.002685546875,False
568:colon:head:855:Q,noise,178,-0.006610870361328125,False
568:colon:head:855:Q,noise,186,-0.0009765625,False
568:colon:head:855:Q,noise,192,-0.002197265625,False
568:colon:head:855:Q,noise,196,-0.00341796875,False
568:colon:head:870:KV,noise,0,0.001708984375,False
568:colon:head:870:KV,noise,16,0.001953125,False
568:colon:head:870:KV,noise,32,-0.00244140625,False
568:colon:head:870:KV,noise,48,0.00078582763671875,False
568:colon:head:870:KV,noise,56,-0.001556396484375,False
568:colon:head:870:KV,noise,64,0.000732421875,False
568:colon:head:870:KV,noise,82,0.0,False
568:colon:head:870:KV,noise,96,0.0009918212890625,False
568:colon:head:870:KV,noise,98,-0.001220703125,False
568:colon:head:870:KV,noise,102,-0.0008697509765625,False
568:colon:head:870:KV,noise,116,-0.00543212890625,False
568:colon:head:870:KV,noise,130,-0.00146484375,False
568:colon:head:870:KV,noise,150,0.002410888671875,False
568:colon:head:870:KV,noise,154,0.000732421875,False
568:colon:head:870:KV,noise,162,-0.00048828125,False
568:colon:head:870:KV,noise,176,-0.0010986328125,False
568:colon:head:870:KV,noise,178,-0.00048828125,False
568:colon:head:870:KV,noise,186,-0.000244140625,False
568:colon:head:870:KV,noise,192,-0.000732421875,False
568:colon:head:870:KV,noise,196,0.0009765625,False
568:colon:head:870:Q,noise,0,-0.008575439453125,False
568:colon:head:870:Q,noise,16,0.0179901123046875,False
568:colon:head:870:Q,noise,32,-0.0037689208984375,False
568:colon:head:870:Q,noise,48,0.1445465087890625,False
568:colon:head:870:Q,noise,56,0.0738525390625,False
568:colon:head:870:Q,noise,64,0.0716552734375,False
568:colon:head:870:Q,noise,82,0.13104248046875,False
568:colon:head:870:Q,noise,96,-0.00440216064453125,False
568:colon:head:870:Q,noise,98,0.220703125,False
568:colon:head:870:Q,noise,102,0.034423828125,False
568:colon:head:870:Q,noise,116,0.09490966796875,False
568:colon:head:870:Q,noise,130,0.0950164794921875,False
568:colon:head:870:Q,noise,150,0.003143310546875,False
568:colon:head:870:Q,noise,154,0.0985107421875,False
568:colon:head:870:Q,noise,162,0.081298828125,False
568:colon:head:870:Q,noise,176,0.078125,False
568:colon:head:870:Q,noise,178,0.1398029327392578,False
568:colon:head:870:Q,noise,186,0.07843017578125,False
568:colon:head:870:Q,noise,192,0.1466064453125,False
568:colon:head:870:Q,noise,196,0.0947265625,False
568:colon:head:973:KV,noise,0,0.007080078125,False
568:colon:head:973:KV,noise,16,0.0093994140625,False
568:colon:head:973:KV,noise,32,0.00115966796875,False
568:colon:head:973:KV,noise,48,0.0133514404296875,False
568:colon:head:973:KV,noise,56,0.0002899169921875,False
568:colon:head:973:KV,noise,64,0.010498046875,False
568:colon:head:973:KV,noise,82,0.03216552734375,False
568:colon:head:973:KV,noise,96,0.005615234375,False
568:colon:head:973:KV,noise,98,0.01904296875,False
568:colon:head:973:KV,noise,102,0.0198974609375,False
568:colon:head:973:KV,noise,116,0.01361083984375,False
568:colon:head:973:KV,noise,130,0.012847900390625,False
568:colon:head:973:KV,noise,150,0.00640869140625,False
568:colon:head:973:KV,noise,154,0.0218505859375,False
568:colon:head:973:KV,noise,162,0.01953125,False
568:colon:head:973:KV,noise,176,0.0078125,False
568:colon:head:973:KV,noise,178,0.01418304443359375,False
568:colon:head:973:KV,noise,186,0.0047607421875,False
568:colon:head:973:KV,noise,192,0.006103515625,False
568:colon:head:973:KV,noise,196,0.0439453125,False
568:colon:head:973:Q,noise,0,0.00311279296875,False
568:colon:head:973:Q,noise,16,0.0025634765625,False
568:colon:head:973:Q,noise,32,0.0030517578125,False
568:colon:head:973:Q,noise,48,0.0005035400390625,False
568:colon:head:973:Q,noise,56,-0.002471923828125,False
568:colon:head:973:Q,noise,64,-0.00146484375,False
568:colon:head:973:Q,noise,82,-0.0008544921875,False
568:colon:head:973:Q,noise,96,0.0013580322265625,False
568:colon:head:973:Q,noise,98,0.009918212890625,False
568:colon:head:973:Q,noise,102,0.00116729736328125,False
568:colon:head:973:Q,noise,116,-0.00177001953125,False
568:colon:head:973:Q,noise,130,-0.002349853515625,False
568:colon:head:973:Q,noise,150,0.001129150390625,False
568:colon:head:973:Q,noise,154,0.0018310546875,False
568:colon:head:973:Q,noise,162,0.00244140625,False
568:colon:head:973:Q,noise,176,-0.00146484375,False
568:colon:head:973:Q,noise,178,0.003631591796875,False
568:colon:head:973:Q,noise,186,0.0001220703125,False
568:colon:head:973:Q,noise,192,0.0003662109375,False
568:colon:head:973:Q,noise,196,-0.0009765625,False
568:colon:head:978:KV,noise,0,0.000885009765625,False
568:colon:head:978:KV,noise,16,-6.103515625e-05,False
568:colon:head:978:KV,noise,32,-0.0021820068359375,False
568:colon:head:978:KV,noise,48,0.0003509521484375,False
568:colon:head:978:KV,noise,56,-0.0005340576171875,False
568:colon:head:978:KV,noise,64,0.0006103515625,False
568:colon:head:978:KV,noise,82,-0.0003662109375,False
568:colon:head:978:KV,noise,96,0.0011138916015625,False
568:colon:head:978:KV,noise,98,0.000152587890625,False
568:colon:head:978:KV,noise,102,-0.00102996826171875,False
568:colon:head:978:KV,noise,116,0.0,False
568:colon:head:978:KV,noise,130,-0.0007476806640625,False
568:colon:head:978:KV,noise,150,-0.000457763671875,False
568:colon:head:978:KV,noise,154,0.0001220703125,False
568:colon:head:978:KV,noise,162,0.000244140625,False
568:colon:head:978:KV,noise,176,-0.0006103515625,False
568:colon:head:978:KV,noise,178,-0.0006561279296875,False
568:colon:head:978:KV,noise,186,-0.001708984375,False
568:colon:head:978:KV,noise,192,-0.00079345703125,False
568:colon:head:978:KV,noise,196,-0.00048828125,False
568:colon:head:978:Q,noise,0,0.002349853515625,False
568:colon:head:978:Q,noise,16,0.0160369873046875,False
568:colon:head:978:Q,noise,32,0.0061492919921875,False
568:colon:head:978:Q,noise,48,0.014068603515625,False
568:colon:head:978:Q,noise,56,0.0167083740234375,False
568:colon:head:978:Q,noise,64,0.00579833984375,False
568:colon:head:978:Q,noise,82,0.0335693359375,False
568:colon:head:978:Q,noise,96,0.00617218017578125,False
568:colon:head:978:Q,noise,98,0.01251220703125,False
568:colon:head:978:Q,noise,102,0.030487060546875,False
568:colon:head:978:Q,noise,116,0.00982666015625,False
568:colon:head:978:Q,noise,130,0.02386474609375,False
568:colon:head:978:Q,noise,150,0.00860595703125,False
568:colon:head:978:Q,noise,154,0.02276611328125,False
568:colon:head:978:Q,noise,162,0.025146484375,False
568:colon:head:978:Q,noise,176,0.019287109375,False
568:colon:head:978:Q,noise,178,0.03170013427734375,False
568:colon:head:978:Q,noise,186,0.01739501953125,False
568:colon:head:978:Q,noise,192,0.0029296875,False
568:colon:head:978:Q,noise,196,0.0556640625,False
568:colon:mlp:17:,noise,0,-0.103057861328125,False
568:colon:mlp:17:,noise,16,-0.0937347412109375,False
568:colon:mlp:17:,noise,32,-0.0584716796875,False
568:colon:mlp:17:,noise,48,-0.12691688537597656,False
568:colon:mlp:17:,noise,56,-0.072113037109375,False
568:colon:mlp:17:,noise,64,-0.1163330078125,False
568:colon:mlp:17:,noise,82,-0.0784912109375,False
568:colon:mlp:17:,noise,96,-0.15233612060546875,False
568:colon:mlp:17:,noise,98,-0.169525146484375,False
568:colon:mlp:17:,noise,102,-0.114013671875,False
568:colon:mlp:17:,noise,116,-0.0892333984375,False
568:colon:mlp:17:,noise,130,-0.04351806640625,False
568:colon:mlp:17:,noise,150,-0.06683349609375,False
568:colon:mlp:17:,noise,154,-0.220458984375,False
568:colon:mlp:17:,noise,162,-0.231201171875,False
568:colon:mlp:17:,noise,176,-0.0716552734375,False
568:colon:mlp:17:,noise,178,-0.14409255981445312,False
568:colon:mlp:17:,noise,186,-0.1007080078125,False
568:colon:mlp:17:,noise,192,-0.15447998046875,False
568:colon:mlp:17:,noise,196,-0.16650390625,False
568:colon:mlp:18:,noise,0,0.005035400390625,False
568:colon:mlp:18:,noise,16,0.0500640869140625,False
568:colon:mlp:18:,noise,32,0.02197265625,False
568:colon:mlp:18:,noise,48,0.045074462890625,False
568:colon:mlp:18:,noise,56,-0.000396728515625,False
568:colon:mlp:18:,noise,64,-0.00616455078125,False
568:colon:mlp:18:,noise,82,-0.0118408203125,False
568:colon:mlp:18:,noise,96,0.06020355224609375,False
568:colon:mlp:18:,noise,98,0.04107666015625,False
568:colon:mlp:18:,noise,102,0.009479522705078125,False
568:colon:mlp:18:,noise,116,0.0423583984375,False
568:colon:mlp:18:,noise,130,0.03167724609375,False
568:colon:mlp:18:,noise,150,0.003173828125,False
568:colon:mlp:18:,noise,154,0.051025390625,False
568:colon:mlp:18:,noise,162,0.037353515625,False
568:colon:mlp:18:,noise,176,0.025634765625,False
568:colon:mlp:18:,noise,178,0.09126663208007812,False
568:colon:mlp:18:,noise,186,0.04150390625,False
568:colon:mlp:18:,noise,192,0.00701904296875,False
568:colon:mlp:18:,noise,196,-0.02294921875,False
594:colon:bypass:31:,noise,0,0.41925048828125,False
594:colon:bypass:31:,noise,16,0.5130767822265625,False
594:colon:bypass:31:,noise,32,0.6247711181640625,False
594:colon:bypass:31:,noise,48,0.29848480224609375,False
594:colon:bypass:31:,noise,56,0.5625457763671875,False
594:colon:bypass:31:,noise,64,0.3616943359375,False
594:colon:bypass:31:,noise,82,0.507537841796875,False
594:colon:bypass:31:,noise,96,0.6775741577148438,False
594:colon:bypass:31:,noise,98,0.31512451171875,False
594:colon:bypass:31:,noise,102,0.6296615600585938,False
594:colon:bypass:31:,noise,116,0.6573486328125,False
594:colon:bypass:31:,noise,130,0.5969772338867188,False
594:colon:bypass:31:,noise,150,0.742767333984375,False
594:colon:bypass:31:,noise,154,0.6429443359375,False
594:colon:bypass:31:,noise,162,0.5792236328125,False
594:colon:bypass:31:,noise,176,0.6658935546875,False
594:colon:bypass:31:,noise,178,0.5190544128417969,False
594:colon:bypass:31:,noise,186,0.7313232421875,False
594:colon:bypass:31:,noise,192,0.647674560546875,False
594:colon:bypass:31:,noise,196,0.35888671875,False
594:colon:head:624:KV,noise,0,0.001556396484375,False
594:colon:head:624:KV,noise,16,0.0036773681640625,False
594:colon:head:624:KV,noise,32,0.0067138671875,False
594:colon:head:624:KV,noise,48,0.00276947021484375,False
594:colon:head:624:KV,noise,56,0.0050811767578125,False
594:colon:head:624:KV,noise,64,0.0018310546875,False
594:colon:head:624:KV,noise,82,0.00250244140625,False
594:colon:head:624:KV,noise,96,0.0063018798828125,False
594:colon:head:624:KV,noise,98,0.0013427734375,False
594:colon:head:624:KV,noise,102,0.0072479248046875,False
594:colon:head:624:KV,noise,116,-0.00067138671875,False
594:colon:head:624:KV,noise,130,1.52587890625e-05,False
594:colon:head:624:KV,noise,150,0.0072021484375,False
594:colon:head:624:KV,noise,154,0.001708984375,False
594:colon:head:624:KV,noise,162,0.00341796875,False
594:colon:head:624:KV,noise,176,0.004150390625,False
594:colon:head:624:KV,noise,178,-0.004871368408203125,False
594:colon:head:624:KV,noise,186,0.00439453125,False
594:colon:head:624:KV,noise,192,0.00018310546875,False
594:colon:head:624:KV,noise,196,0.00048828125,False
594:colon:head:624:Q,noise,0,-0.106170654296875,False
594:colon:head:624:Q,noise,16,-0.1024627685546875,False
594:colon:head:624:Q,noise,32,-0.288818359375,False
594:colon:head:624:Q,noise,48,-0.14521503448486328,False
594:colon:head:624:Q,noise,56,-0.2127532958984375,False
594:colon:head:624:Q,noise,64,-0.06512451171875,False
594:colon:head:624:Q,noise,82,-0.20684814453125,False
594:colon:head:624:Q,noise,96,-0.29589080810546875,False
594:colon:head:624:Q,noise,98,-0.289093017578125,False
594:colon:head:624:Q,noise,102,-0.22975921630859375,False
594:colon:head:624:Q,noise,116,-0.26739501953125,False
594:colon:head:624:Q,noise,130,-0.3508758544921875,False
594:colon:head:624:Q,noise,150,-0.07489013671875,False
594:colon:head:624:Q,noise,154,-0.23345947265625,False
594:colon:head:624:Q,noise,162,-0.14013671875,False
594:colon:head:624:Q,noise,176,-0.1773681640625,False
594:colon:head:624:Q,noise,178,-0.2959861755371094,False
594:colon:head:624:Q,noise,186,-0.18194580078125,False
594:colon:head:624:Q,noise,192,-0.17938232421875,False
594:colon:head:624:Q,noise,196,-0.20703125,False
594:colon:head:630:KV,noise,0,0.000640869140625,False
594:colon:head:630:KV,noise,16,0.0009918212890625,False
594:colon:head:630:KV,noise,32,-0.0024261474609375,False
594:colon:head:630:KV,noise,48,0.0029144287109375,False
594:colon:head:630:KV,noise,56,0.0025787353515625,False
594:colon:head:630:KV,noise,64,-0.0001220703125,False
594:colon:head:630:KV,noise,82,0.00244140625,False
594:colon:head:630:KV,noise,96,-6.866455078125e-05,False
594:colon:head:630:KV,noise,98,-0.00384521484375,False
594:colon:head:630:KV,noise,102,0.00104522705078125,False
594:colon:head:630:KV,noise,116,-0.0025634765625,False
594:colon:head:630:KV,noise,130,-0.0012969970703125,False
594:colon:head:630:KV,noise,150,0.0008544921875,False
594:colon:head:630:KV,noise,154,0.0003662109375,False
594:colon:head:630:KV,noise,162,0.001708984375,False
594:colon:head:630:KV,noise,176,-0.002197265625,False
594:colon:head:630:KV,noise,178,-0.002941131591796875,False
594:colon:head:630:KV,noise,186,0.00054931640625,False
594:colon:head:630:KV,noise,192,-0.001220703125,False
594:colon:head:630:KV,noise,196,-0.00146484375,False
594:colon:head:630:Q,noise,0,0.0152587890625,False
594:colon:head:630:Q,noise,16,0.055145263671875,False
594:colon:head:630:Q,noise,32,0.1238861083984375,False
594:colon:head:630:Q,noise,48,0.027679443359375,False
594:colon:head:630:Q,noise,56,-0.0200042724609375,False
594:colon:head:630:Q,noise,64,-0.01068115234375,False
594:colon:head:630:Q,noise,82,-0.02288818359375,False
594:colon:head:630:Q,noise,96,0.22325897216796875,False
594:colon:head:630:Q,noise,98,0.0621337890625,False
594:colon:head:630:Q,noise,102,0.053680419921875,False
594:colon:head:630:Q,noise,116,0.02069091796875,False
594:colon:head:630:Q,noise,130,0.140106201171875,False
594:colon:head:630:Q,noise,150,0.0035400390625,False
594:colon:head:630:Q,noise,154,0.002685546875,False
594:colon:head:630:Q,noise,162,0.027587890625,False
594:colon:head:630:Q,noise,176,0.0223388671875,False
594:colon:head:630:Q,noise,178,-0.06789016723632812,False
594:colon:head:630:Q,noise,186,0.088134765625,False
594:colon:head:630:Q,noise,192,0.04156494140625,False
594:colon:head:630:Q,noise,196,0.0419921875,False
594:colon:head:641:KV,noise,0,0.00634765625,False
594:colon:head:641:KV,noise,16,0.004730224609375,False
594:colon:head:641:KV,noise,32,0.0076141357421875,False
594:colon:head:641:KV,noise,48,0.00626373291015625,False
594:colon:head:641:KV,noise,56,0.0027618408203125,False
594:colon:head:641:KV,noise,64,0.0084228515625,False
594:colon:head:641:KV,noise,82,0.00518798828125,False
594:colon:head:641:KV,noise,96,0.0013580322265625,False
594:colon:head:641:KV,noise,98,0.0037841796875,False
594:colon:head:641:KV,noise,102,0.003662109375,False
594:colon:head:641:KV,noise,116,0.00738525390625,False
594:colon:head:641:KV,noise,130,0.003692626953125,False
594:colon:head:641:KV,noise,150,0.0113525390625,False
594:colon:head:641:KV,noise,154,0.00982666015625,False
594:colon:head:641:KV,noise,162,0.0087890625,False
594:colon:head:641:KV,noise,176,0.00341796875,False
594:colon:head:641:KV,noise,178,0.00103759765625,False
594:colon:head:641:KV,noise,186,0.0113525390625,False
594:colon:head:641:KV,noise,192,0.0072021484375,False
594:colon:head:641:KV,noise,196,0.0068359375,False
594:colon:head:641:Q,noise,0,-0.202423095703125,False
594:colon:head:641:Q,noise,16,-0.1380157470703125,False
594:colon:head:641:Q,noise,32,-0.23416900634765625,False
594:colon:head:641:Q,noise,48,-0.1680445671081543,False
594:colon:head:641:Q,noise,56,-0.2436065673828125,False
594:colon:head:641:Q,noise,64,-0.0958251953125,False
594:colon:head:641:Q,noise,82,-0.602783203125,False
594:colon:head:641:Q,noise,96,-0.5977859497070312,False
594:colon:head:641:Q,noise,98,-0.59161376953125,False
594:colon:head:641:Q,noise,102,-0.8047714233398438,False
594:colon:head:641:Q,noise,116,-0.16302490234375,False
594:colon:head:641:Q,noise,130,-0.3999786376953125,False
594:colon:head:641:Q,noise,150,-0.1668701171875,False
594:colon:head:641:Q,noise,154,-0.42071533203125,False
594:colon:head:641:Q,noise,162,-0.128662109375,False
594:colon:head:641:Q,noise,176,-0.258056640625,False
594:colon:head:641:Q,noise,178,-0.06586074829101562,False
594:colon:head:641:Q,noise,186,-0.13861083984375,False
594:colon:head:641:Q,noise,192,-0.31402587890625,False
594:colon:head:641:Q,noise,196,-0.16259765625,False
594:colon:head:678:KV,noise,0,0.000640869140625,False
594:colon:head:678:KV,noise,16,-0.001495361328125,False
594:colon:head:678:KV,noise,32,-0.0020904541015625,False
594:colon:head:678:KV,noise,48,0.00029754638671875,False
594:colon:head:678:KV,noise,56,-0.0007171630859375,False
594:colon:head:678:KV,noise,64,0.00262451171875,False
594:colon:head:678:KV,noise,82,0.0001220703125,False
594:colon:head:678:KV,noise,96,-0.00205230712890625,False
594:colon:head:678:KV,noise,98,0.000335693359375,False
594:colon:head:678:KV,noise,102,0.00201416015625,False
594:colon:head:678:KV,noise,116,-0.0006103515625,False
594:colon:head:678:KV,noise,130,0.0010528564453125,False
594:colon:head:678:KV,noise,150,0.00140380859375,False
594:colon:head:678:KV,noise,154,0.00250244140625,False
594:colon:head:678:KV,noise,162,0.001220703125,False
594:colon:head:678:KV,noise,176,-0.004150390625,False
594:colon:head:678:KV,noise,178,-0.0032958984375,False
594:colon:head:678:KV,noise,186,0.00030517578125,False
594:colon:head:678:KV,noise,192,-0.0008544921875,False
594:colon:head:678:KV,noise,196,0.0009765625,False
594:colon:head:678:Q,noise,0,0.034912109375,False
594:colon:head:678:Q,noise,16,0.08670806884765625,False
594:colon:head:678:Q,noise,32,0.0254364013671875,False
594:colon:head:678:Q,noise,48,0.0598297119140625,False
594:colon:head:678:Q,noise,56,0.0408782958984375,False
594:colon:head:678:Q,noise,64,0.03936767578125,False
594:colon:head:678:Q,noise,82,0.128662109375,False
594:colon:head:678:Q,noise,96,0.09908294677734375,False
594:colon:head:678:Q,noise,98,0.312286376953125,False
594:colon:head:678:Q,noise,102,0.08661651611328125,False
594:colon:head:678:Q,noise,116,0.03521728515625,False
594:colon:head:678:Q,noise,130,0.0208740234375,False
594:colon:head:678:Q,noise,150,0.0456695556640625,False
594:colon:head:678:Q,noise,154,0.0684814453125,False
594:colon:head:678:Q,noise,162,0.102294921875,False
594:colon:head:678:Q,noise,176,0.0975341796875,False
594:colon:head:678:Q,noise,178,0.038036346435546875,False
594:colon:head:678:Q,noise,186,0.102783203125,False
594:colon:head:678:Q,noise,192,0.14532470703125,False
594:colon:head:678:Q,noise,196,0.12939453125,False
594:colon:head:690:KV,noise,0,0.001251220703125,False
594:colon:head:690:KV,noise,16,-0.000244140625,False
594:colon:head:690:KV,noise,32,-0.0015411376953125,False
594:colon:head:690:KV,noise,48,0.0002899169921875,False
594:colon:head:690:KV,noise,56,-0.00225830078125,False
594:colon:head:690:KV,noise,64,0.00054931640625,False
594:colon:head:690:KV,noise,82,0.001708984375,False
594:colon:head:690:KV,noise,96,-0.00189971923828125,False
594:colon:head:690:KV,noise,98,-0.00054931640625,False
594:colon:head:690:KV,noise,102,-0.000701904296875,False
594:colon:head:690:KV,noise,116,-0.001220703125,False
594:colon:head:690:KV,noise,130,0.0009002685546875,False
594:colon:head:690:KV,noise,150,0.000640869140625,False
594:colon:head:690:KV,noise,154,-0.00054931640625,False
594:colon:head:690:KV,noise,162,-0.001953125,False
594:colon:head:690:KV,noise,176,0.0003662109375,False
594:colon:head:690:KV,noise,178,-0.00164031982421875,False
594:colon:head:690:KV,noise,186,-0.002197265625,False
594:colon:head:690:KV,noise,192,-0.00213623046875,False
594:colon:head:690:KV,noise,196,0.0009765625,False
594:colon:head:690:Q,noise,0,0.0601806640625,False
594:colon:head:690:Q,noise,16,0.0353546142578125,False
594:colon:head:690:Q,noise,32,0.0696258544921875,False
594:colon:head:690:Q,noise,48,0.0661773681640625,False
594:colon:head:690:Q,noise,56,0.0872344970703125,False
594:colon:head:690:Q,noise,64,0.04119873046875,False
594:colon:head:690:Q,noise,82,0.107177734375,False
594:colon:head:690:Q,noise,96,0.0350189208984375,False
594:colon:head:690:Q,noise,98,0.0995635986328125,False
594:colon:head:690:Q,noise,102,0.08962249755859375,False
594:colon:head:690:Q,noise,116,0.049072265625,False
594:colon:head:690:Q,noise,130,0.02154541015625,False
594:colon:head:690:Q,noise,150,0.054962158203125,False
594:colon:head:690:Q,noise,154,0.19232177734375,False
594:colon:head:690:Q,noise,162,0.0673828125,False
594:colon:head:690:Q,noise,176,0.0582275390625,False
594:colon:head:690:Q,noise,178,0.06704235076904297,False
594:colon:head:690:Q,noise,186,0.06787109375,False
594:colon:head:690:Q,noise,192,0.06378173828125,False
594:colon:head:690:Q,noise,196,0.11279296875,False
594:colon:head:695:KV,noise,0,0.262542724609375,False
594:colon:head:695:KV,noise,16,0.2279052734375,False
594:colon:head:695:KV,noise,32,0.6408538818359375,False
594:colon:head:695:KV,noise,48,0.2093963623046875,False
594:colon:head:695:KV,noise,56,0.087310791015625,False
594:colon:head:695:KV,noise,64,0.10845947265625,False
594:colon:head:695:KV,noise,82,0.47705078125,False
594:colon:head:695:KV,noise,96,0.6304779052734375,False
594:colon:head:695:KV,noise,98,0.7179489135742188,False
594:colon:head:695:KV,noise,102,0.7186050415039062,False
594:colon:head:695:KV,noise,116,0.06683349609375,False
594:colon:head:695:KV,noise,130,0.192138671875,False
594:colon:head:695:KV,noise,150,0.17071533203125,False
594:colon:head:695:KV,noise,154,0.1168212890625,False
594:colon:head:695:KV,noise,162,0.52001953125,False
594:colon:head:695:KV,noise,176,0.174560546875,False
594:colon:head:695:KV,noise,178,0.15452814102172852,False
594:colon:head:695:KV,noise,186,0.50238037109375,False
594:colon:head:695:KV,noise,192,0.221923828125,False
594:colon:head:695:KV,noise,196,0.28662109375,False
594:colon:head:695:Q,noise,0,-0.011871337890625,False
594:colon:head:695:Q,noise,16,-0.01806640625,False
594:colon:head:695:Q,noise,32,-0.0250244140625,False
594:colon:head:695:Q,noise,48,0.00240325927734375,False
594:colon:head:695:Q,noise,56,-0.015716552734375,False
594:colon:head:695:Q,noise,64,-0.00799560546875,False
594:colon:head:695:Q,noise,82,0.0052490234375,False
594:colon:head:695:Q,noise,96,0.00127410888671875,False
594:colon:head:695:Q,noise,98,-0.013885498046875,False
594:colon:head:695:Q,noise,102,-0.01781463623046875,False
594:colon:head:695:Q,noise,116,0.00213623046875,False
594:colon:head:695:Q,noise,130,0.00347900390625,False
594:colon:head:695:Q,noise,150,0.002532958984375,False
594:colon:head:695:Q,noise,154,-0.01898193359375,False
594:colon:head:695:Q,noise,162,0.02783203125,False
594:colon:head:695:Q,noise,176,0.00390625,False
594:colon:head:695:Q,noise,178,0.006103515625,False
594:colon:head:695:Q,noise,186,0.0225830078125,False
594:colon:head:695:Q,noise,192,-0.01007080078125,False
594:colon:head:695:Q,noise,196,0.00732421875,False
594:colon:head:709:KV,noise,0,0.0,False
594:colon:head:709:KV,noise,16,-0.0012969970703125,False
594:colon:head:709:KV,noise,32,-0.006683349609375,False
594:colon:head:709:KV,noise,48,-0.000946044921875,False
594:colon:head:709:KV,noise,56,-0.0029144287109375,False
594:colon:head:709:KV,noise,64,-0.0025634765625,False
594:colon:head:709:KV,noise,82,-0.00079345703125,False
594:colon:head:709:KV,noise,96,-0.00506591796875,False
594:colon:head:709:KV,noise,98,-0.00433349609375,False
594:colon:head:709:KV,noise,102,-0.00186920166015625,False
594:colon:head:709:KV,noise,116,-0.01153564453125,False
594:colon:head:709:KV,noise,130,-0.001861572265625,False
594:colon:head:709:KV,noise,150,-0.000701904296875,False
594:colon:head:709:KV,noise,154,-0.00091552734375,False
594:colon:head:709:KV,noise,162,-0.0009765625,False
594:colon:head:709:KV,noise,176,-0.0068359375,False
594:colon:head:709:KV,noise,178,-0.003276824951171875,False
594:colon:head:709:KV,noise,186,-0.00238037109375,False
594:colon:head:709:KV,noise,192,-0.00140380859375,False
594:colon:head:709:KV,noise,196,-0.001953125,False
594:colon:head:709:Q,noise,0,0.010223388671875,False
594:colon:head:709:Q,noise,16,0.1136474609375,False
594:colon:head:709:Q,noise,32,0.07659912109375,False
594:colon:head:709:Q,noise,48,0.082183837890625,False
594:colon:head:709:Q,noise,56,-0.01446533203125,False
594:colon:head:709:Q,noise,64,0.0382080078125,False
594:colon:head:709:Q,noise,82,0.12744140625,False
594:colon:head:709:Q,noise,96,0.22985458374023438,False
594:colon:head:709:Q,noise,98,0.096954345703125,False
594:colon:head:709:Q,noise,102,0.1046295166015625,False
594:colon:head:709:Q,noise,116,0.0556640625,False
594:colon:head:709:Q,noise,130,0.1173553466796875,False
594:colon:head:709:Q,noise,150,0.074798583984375,False
594:colon:head:709:Q,noise,154,0.1837158203125,False
594:colon:head:709:Q,noise,162,0.160400390625,False
594:colon:head:709:Q,noise,176,0.1048583984375,False
594:colon:head:709:Q,noise,178,0.12854385375976562,False
594:colon:head:709:Q,noise,186,0.1265869140625,False
594:colon:head:709:Q,noise,192,0.1689453125,False
594:colon:head:709:Q,noise,196,0.154296875,False
594:colon:head:751:KV,noise,0,-0.00067138671875,False
594:colon:head:751:KV,noise,16,0.0018463134765625,False
594:colon:head:751:KV,noise,32,-0.00079345703125,False
594:colon:head:751:KV,noise,48,0.00023651123046875,False
594:colon:head:751:KV,noise,56,-0.0035400390625,False
594:colon:head:751:KV,noise,64,-0.0001220703125,False
594:colon:head:751:KV,noise,82,0.001220703125,False
594:colon:head:751:KV,noise,96,-0.0009613037109375,False
594:colon:head:751:KV,noise,98,-0.000701904296875,False
594:colon:head:751:KV,noise,102,-0.0010986328125,False
594:colon:head:751:KV,noise,116,-0.00091552734375,False
594:colon:head:751:KV,noise,130,0.0006103515625,False
594:colon:head:751:KV,noise,150,0.0001220703125,False
594:colon:head:751:KV,noise,154,0.00225830078125,False
594:colon:head:751:KV,noise,162,-0.00048828125,False
594:colon:head:751:KV,noise,176,-0.00048828125,False
594:colon:head:751:KV,noise,178,-0.0015716552734375,False
594:colon:head:751:KV,noise,186,-0.00030517578125,False
594:colon:head:751:KV,noise,192,-0.00152587890625,False
594:colon:head:751:KV,noise,196,-0.00048828125,False
594:colon:head:751:Q,noise,0,-0.2106475830078125,False
594:colon:head:751:Q,noise,16,-0.1439056396484375,False
594:colon:head:751:Q,noise,32,-0.2889862060546875,False
594:colon:head:751:Q,noise,48,-0.10395050048828125,False
594:colon:head:751:Q,noise,56,-0.1641693115234375,False
594:colon:head:751:Q,noise,64,-0.049560546875,False
594:colon:head:751:Q,noise,82,-0.0880126953125,False
594:colon:head:751:Q,noise,96,-0.34552764892578125,False
594:colon:head:751:Q,noise,98,-0.312713623046875,False
594:colon:head:751:Q,noise,102,-0.12418365478515625,False
594:colon:head:751:Q,noise,116,-0.186279296875,False
594:colon:head:751:Q,noise,130,-0.217803955078125,False
594:colon:head:751:Q,noise,150,-0.2149505615234375,False
594:colon:head:751:Q,noise,154,-0.2119140625,False
594:colon:head:751:Q,noise,162,-0.071044921875,False
594:colon:head:751:Q,noise,176,-0.0394287109375,False
594:colon:head:751:Q,noise,178,0.028011322021484375,False
594:colon:head:751:Q,noise,186,-0.30633544921875,False
594:colon:head:751:Q,noise,192,-0.08831787109375,False
594:colon:head:751:Q,noise,196,-0.01953125,False
594:colon:head:787:KV,noise,0,0.00201416015625,False
594:colon:head:787:KV,noise,16,0.00067138671875,False
594:colon:head:787:KV,noise,32,-0.000244140625,False
594:colon:head:787:KV,noise,48,-0.0001678466796875,False
594:colon:head:787:KV,noise,56,-0.004364013671875,False
594:colon:head:787:KV,noise,64,-0.0008544921875,False
594:colon:head:787:KV,noise,82,-0.00128173828125,False
594:colon:head:787:KV,noise,96,-0.00128936767578125,False
594:colon:head:787:KV,noise,98,-0.002166748046875,False
594:colon:head:787:KV,noise,102,0.00098419189453125,False
594:colon:head:787:KV,noise,116,-0.00628662109375,False
594:colon:head:787:KV,noise,130,-0.001068115234375,False
594:colon:head:787:KV,noise,150,0.000762939453125,False
594:colon:head:787:KV,noise,154,0.00042724609375,False
594:colon:head:787:KV,noise,162,-0.00048828125,False
594:colon:head:787:KV,noise,176,-0.002197265625,False
594:colon:head:787:KV,noise,178,-0.001598358154296875,False
594:colon:head:787:KV,noise,186,-0.00213623046875,False
594:colon:head:787:KV,noise,192,-0.00433349609375,False
594:colon:head:787:KV,noise,196,-0.00146484375,False
594:colon:head:787:Q,noise,0,0.030609130859375,False
594:colon:head:787:Q,noise,16,0.048919677734375,False
594:colon:head:787:Q,noise,32,0.0044097900390625,False
594:colon:head:787:Q,noise,48,0.0392608642578125,False
594:colon:head:787:Q,noise,56,0.0181427001953125,False
594:colon:head:787:Q,noise,64,0.01654052734375,False
594:colon:head:787:Q,noise,82,0.024658203125,False
594:colon:head:787:Q,noise,96,0.19962310791015625,False
594:colon:head:787:Q,noise,98,0.066558837890625,False
594:colon:head:787:Q,noise,102,0.010284423828125,False
594:colon:head:787:Q,noise,116,0.0211181640625,False
594:colon:head:787:Q,noise,130,0.0344390869140625,False
594:colon:head:787:Q,noise,150,0.01434326171875,False
594:colon:head:787:Q,noise,154,0.13482666015625,False
594:colon:head:787:Q,noise,162,0.05224609375,False
594:colon:head:787:Q,noise,176,0.0272216796875,False
594:colon:head:787:Q,noise,178,0.010395050048828125,False
594:colon:head:787:Q,noise,186,0.0484619140625,False
594:colon:head:787:Q,noise,192,0.00823974609375,False
594:colon:head:787:Q,noise,196,0.07470703125,False
594:colon:head:817:KV,noise,0,0.109283447265625,False
594:colon:head:817:KV,noise,16,0.1425323486328125,False
594:colon:head:817:KV,noise,32,0.420745849609375,False
594:colon:head:817:KV,noise,48,0.15802001953125,False
594:colon:head:817:KV,noise,56,0.1937103271484375,False
594:colon:head:817:KV,noise,64,0.161865234375,False
594:colon:head:817:KV,noise,82,0.35546875,False
594:colon:head:817:KV,noise,96,0.39765167236328125,False
594:colon:head:817:KV,noise,98,0.3145599365234375,False
594:colon:head:817:KV,noise,102,0.38268280029296875,False
594:colon:head:817:KV,noise,116,0.49755859375,False
594:colon:head:817:KV,noise,130,0.337615966796875,False
594:colon:head:817:KV,noise,150,0.175872802734375,False
594:colon:head:817:KV,noise,154,0.20452880859375,False
594:colon:head:817:KV,noise,162,0.197265625,False
594:colon:head:817:KV,noise,176,0.310546875,False
594:colon:head:817:KV,noise,178,0.19381332397460938,False
594:colon:head:817:KV,noise,186,0.29852294921875,False
594:colon:head:817:KV,noise,192,0.27191162109375,False
594:colon:head:817:KV,noise,196,0.16748046875,False
594:colon:head:817:Q,noise,0,-0.022613525390625,False
594:colon:head:817:Q,noise,16,-0.01885986328125,False
594:colon:head:817:Q,noise,32,0.0016021728515625,False
594:colon:head:817:Q,noise,48,0.0083770751953125,False
594:colon:head:817:Q,noise,56,-0.0332183837890625,False
594:colon:head:817:Q,noise,64,-0.017822265625,False
594:colon:head:817:Q,noise,82,-0.00384521484375,False
594:colon:head:817:Q,noise,96,-0.06211090087890625,False
594:colon:head:817:Q,noise,98,-0.006134033203125,False
594:colon:head:817:Q,noise,102,-0.04601764678955078,False
594:colon:head:817:Q,noise,116,-0.00946044921875,False
594:colon:head:817:Q,noise,130,-0.0079498291015625,False
594:colon:head:817:Q,noise,150,-0.064453125,False
594:colon:head:817:Q,noise,154,-0.03729248046875,False
594:colon:head:817:Q,noise,162,-0.020751953125,False
594:colon:head:817:Q,noise,176,-0.0418701171875,False
594:colon:head:817:Q,noise,178,-0.0138397216796875,False
594:colon:head:817:Q,noise,186,-0.0401611328125,False
594:colon:head:817:Q,noise,192,-0.012939453125,False
594:colon:head:817:Q,noise,196,-0.02734375,False
594:colon:head:855:KV,noise,0,0.002166748046875,False
594:colon:head:855:KV,noise,16,-0.001922607421875,False
594:colon:head:855:KV,noise,32,0.0037078857421875,False
594:colon:head:855:KV,noise,48,0.0015869140625,False
594:colon:head:855:KV,noise,56,-0.002044677734375,False
594:colon:head:855:KV,noise,64,6.103515625e-05,False
594:colon:head:855:KV,noise,82,0.00213623046875,False
594:colon:head:855:KV,noise,96,0.00072479248046875,False
594:colon:head:855:KV,noise,98,-0.003173828125,False
594:colon:head:855:KV,noise,102,-0.00074005126953125,False
594:colon:head:855:KV,noise,116,-0.00250244140625,False
594:colon:head:855:KV,noise,130,4.57763671875e-05,False
594:colon:head:855:KV,noise,150,0.00054931640625,False
594:colon:head:855:KV,noise,154,0.0029296875,False
594:colon:head:855:KV,noise,162,0.0,False
594:colon:head:855:KV,noise,176,0.001220703125,False
594:colon:head:855:KV,noise,178,-0.0004119873046875,False
594:colon:head:855:KV,noise,186,-0.00299072265625,False
594:colon:head:855:KV,noise,192,-0.00128173828125,False
594:colon:head:855:KV,noise,196,-0.00048828125,False
594:colon:head:855:Q,noise,0,-0.035064697265625,False
594:colon:head:855:Q,noise,16,-0.006317138671875,False
594:colon:head:855:Q,noise,32,-0.11931610107421875,False
594:colon:head:855:Q,noise,48,-0.0094146728515625,False
594:colon:head:855:Q,noise,56,-0.04718017578125,False
594:colon:head:855:Q,noise,64,-0.00543212890625,False
594:colon:head:855:Q,noise,82,-0.00799560546875,False
594:colon:head:855:Q,noise,96,-0.0180816650390625,False
594:colon:head:855:Q,noise,98,-0.009002685546875,False
594:colon:head:855:Q,noise,102,-0.07532501220703125,False
594:colon:head:855:Q,noise,116,-0.0076904296875,False
594:colon:head:855:Q,noise,130,-0.0018768310546875,False
594:colon:head:855:Q,noise,150,-0.033416748046875,False
594:colon:head:855:Q,noise,154,-0.06060791015625,False
594:colon:head:855:Q,noise,162,0.005615234375,False
594:colon:head:855:Q,noise,176,-0.0015869140625,False
594:colon:head:855:Q,noise,178,-0.007061004638671875,False
594:colon:head:855:Q,noise,186,0.00250244140625,False
594:colon:head:855:Q,noise,192,-0.00762939453125,False
594:colon:head:855:Q,noise,196,-0.01904296875,False
594:colon:head:870:KV,noise,0,0.000823974609375,False
594:colon:head:870:KV,noise,16,-0.0003662109375,False
594:colon:head:870:KV,noise,32,-0.0017242431640625,False
594:colon:head:870:KV,noise,48,8.392333984375e-05,False
594:colon:head:870:KV,noise,56,-0.002532958984375,False
594:colon:head:870:KV,noise,64,0.0,False
594:colon:head:870:KV,noise,82,-0.0003662109375,False
594:colon:head:870:KV,noise,96,0.0023193359375,False
594:colon:head:870:KV,noise,98,0.000946044921875,False
594:colon:head:870:KV,noise,102,-0.000213623046875,False
594:colon:head:870:KV,noise,116,-0.00189208984375,False
594:colon:head:870:KV,noise,130,-0.000244140625,False
594:colon:head:870:KV,noise,150,0.00103759765625,False
594:colon:head:870:KV,noise,154,0.00103759765625,False
594:colon:head:870:KV,noise,162,-0.001708984375,False
594:colon:head:870:KV,noise,176,-0.0006103515625,False
594:colon:head:870:KV,noise,178,-0.0028076171875,False
594:colon:head:870:KV,noise,186,-0.00201416015625,False
594:colon:head:870:KV,noise,192,-0.001220703125,False
594:colon:head:870:KV,noise,196,0.0009765625,False
594:colon:head:870:Q,noise,0,0.005096435546875,False
594:colon:head:870:Q,noise,16,0.5288238525390625,False
594:colon:head:870:Q,noise,32,0.0115203857421875,False
594:colon:head:870:Q,noise,48,0.506072998046875,False
594:colon:head:870:Q,noise,56,1.4327850341796875,False
594:colon:head:870:Q,noise,64,0.58795166015625,False
594:colon:head:870:Q,noise,82,0.313018798828125,False
594:colon:head:870:Q,noise,96,0.15074920654296875,False
594:colon:head:870:Q,noise,98,0.95654296875,False
594:colon:head:870:Q,noise,102,0.2783203125,False
594:colon:head:870:Q,noise,116,1.1475830078125,False
594:colon:head:870:Q,noise,130,1.104949951171875,False
594:colon:head:870:Q,noise,150,0.169586181640625,False
594:colon:head:870:Q,noise,154,0.69500732421875,False
594:colon:head:870:Q,noise,162,0.6666259765625,False
594:colon:head:870:Q,noise,176,0.626220703125,False
594:colon:head:870:Q,noise,178,0.7570915222167969,False
594:colon:head:870:Q,noise,186,1.24847412109375,False
594:colon:head:870:Q,noise,192,0.8484649658203125,False
594:colon:head:870:Q,noise,196,0.416015625,False
594:colon:head:973:KV,noise,0,0.01422119140625,False
594:colon:head:973:KV,noise,16,0.0403594970703125,False
594:colon:head:973:KV,noise,32,0.007568359375,False
594:colon:head:973:KV,noise,48,0.0265655517578125,False
594:colon:head:973:KV,noise,56,0.0065460205078125,False
594:colon:head:973:KV,noise,64,0.02069091796875,False
594:colon:head:973:KV,noise,82,0.1075439453125,False
594:colon:head:973:KV,noise,96,0.01863861083984375,False
594:colon:head:973:KV,noise,98,0.0115966796875,False
594:colon:head:973:KV,noise,102,0.05731201171875,False
594:colon:head:973:KV,noise,116,0.05517578125,False
594:colon:head:973:KV,noise,130,0.0407257080078125,False
594:colon:head:973:KV,noise,150,0.0234375,False
594:colon:head:973:KV,noise,154,0.01739501953125,False
594:colon:head:973:KV,noise,162,0.0712890625,False
594:colon:head:973:KV,noise,176,0.0269775390625,False
594:colon:head:973:KV,noise,178,0.017421722412109375,False
594:colon:head:973:KV,noise,186,0.016845703125,False
594:colon:head:973:KV,noise,192,0.02008056640625,False
594:colon:head:973:KV,noise,196,0.03515625,False
594:colon:head:973:Q,noise,0,0.006500244140625,False
594:colon:head:973:Q,noise,16,0.00048828125,False
594:colon:head:973:Q,noise,32,0.01025390625,False
594:colon:head:973:Q,noise,48,-0.00238037109375,False
594:colon:head:973:Q,noise,56,-0.0111236572265625,False
594:colon:head:973:Q,noise,64,-0.00433349609375,False
594:colon:head:973:Q,noise,82,0.00201416015625,False
594:colon:head:973:Q,noise,96,-0.00643157958984375,False
594:colon:head:973:Q,noise,98,0.013519287109375,False
594:colon:head:973:Q,noise,102,-0.00389862060546875,False
594:colon:head:973:Q,noise,116,0.01043701171875,False
594:colon:head:973:Q,noise,130,-0.0137939453125,False
594:colon:head:973:Q,noise,150,0.003265380859375,False
594:colon:head:973:Q,noise,154,0.01129150390625,False
594:colon:head:973:Q,noise,162,0.007568359375,False
594:colon:head:973:Q,noise,176,-0.000244140625,False
594:colon:head:973:Q,noise,178,-0.0059261322021484375,False
594:colon:head:973:Q,noise,186,0.00140380859375,False
594:colon:head:973:Q,noise,192,0.0057373046875,False
594:colon:head:973:Q,noise,196,-0.009765625,False
594:colon:head:978:KV,noise,0,0.001007080078125,False
594:colon:head:978:KV,noise,16,-0.0003662109375,False
594:colon:head:978:KV,noise,32,-0.00225830078125,False
594:colon:head:978:KV,noise,48,-0.0003509521484375,False
594:colon:head:978:KV,noise,56,-0.0034027099609375,False
594:colon:head:978:KV,noise,64,0.0003662109375,False
594:colon:head:978:KV,noise,82,-0.00030517578125,False
594:colon:head:978:KV,noise,96,-0.00363922119140625,False
594:colon:head:978:KV,noise,98,-0.001953125,False
594:colon:head:978:KV,noise,102,-0.001068115234375,False
594:colon:head:978:KV,noise,116,-0.00518798828125,False
594:colon:head:978:KV,noise,130,-0.002166748046875,False
594:colon:head:978:KV,noise,150,-6.103515625e-05,False
594:colon:head:978:KV,noise,154,0.00042724609375,False
594:colon:head:978:KV,noise,162,-0.000244140625,False
594:colon:head:978:KV,noise,176,-0.00048828125,False
594:colon:head:978:KV,noise,178,0.000335693359375,False
594:colon:head:978:KV,noise,186,-0.00146484375,False
594:colon:head:978:KV,noise,192,-0.0006103515625,False
594:colon:head:978:KV,noise,196,-0.0009765625,False
594:colon:head:978:Q,noise,0,0.0384521484375,False
594:colon:head:978:Q,noise,16,0.3034210205078125,False
594:colon:head:978:Q,noise,32,0.0892181396484375,False
594:colon:head:978:Q,noise,48,0.4393768310546875,False
594:colon:head:978:Q,noise,56,0.305145263671875,False
594:colon:head:978:Q,noise,64,0.10626220703125,False
594:colon:head:978:Q,noise,82,0.4744873046875,False
594:colon:head:978:Q,noise,96,0.0969390869140625,False
594:colon:head:978:Q,noise,98,0.1739349365234375,False
594:colon:head:978:Q,noise,102,1.0327224731445312,False
594:colon:head:978:Q,noise,116,0.40655517578125,False
594:colon:head:978:Q,noise,130,0.4910736083984375,False
594:colon:head:978:Q,noise,150,0.09454345703125,False
594:colon:head:978:Q,noise,154,0.39886474609375,False
594:colon:head:978:Q,noise,162,0.2275390625,False
594:colon:head:978:Q,noise,176,0.4996337890625,False
594:colon:head:978:Q,noise,178,0.370452880859375,False
594:colon:head:978:Q,noise,186,0.32098388671875,False
594:colon:head:978:Q,noise,192,0.32904052734375,False
594:colon:head:978:Q,noise,196,0.41162109375,False
594:colon:mlp:18:,noise,0,0.10723876953125,False
594:colon:mlp:18:,noise,16,0.2552642822265625,False
594:colon:mlp:18:,noise,32,-0.05423736572265625,False
594:colon:mlp:18:,noise,48,0.07501983642578125,False
594:colon:mlp:18:,noise,56,-0.0202484130859375,False
594:colon:mlp:18:,noise,64,-0.03759765625,False
594:colon:mlp:18:,noise,82,0.10986328125,False
594:colon:mlp:18:,noise,96,0.29967498779296875,False
594:colon:mlp:18:,noise,98,-0.01681995391845703,False
594:colon:mlp:18:,noise,102,-0.07241058349609375,False
594:colon:mlp:18:,noise,116,0.01348876953125,False
594:colon:mlp:18:,noise,130,0.042633056640625,False
594:colon:mlp:18:,noise,150,0.145355224609375,False
594:colon:mlp:18:,noise,154,0.08056640625,False
594:colon:mlp:18:,noise,162,0.140625,False
594:colon:mlp:18:,noise,176,0.1055908203125,False
594:colon:mlp:18:,noise,178,0.19831466674804688,False
594:colon:mlp:18:,noise,186,0.10540771484375,False
594:colon:mlp:18:,noise,192,0.10418701171875,False
594:colon:mlp:18:,noise,196,-0.04052734375,False
594:colon:mlp:19:,noise,0,0.05145263671875,False
594:colon:mlp:19:,noise,16,0.3807106018066406,False
594:colon:mlp:19:,noise,32,0.2751922607421875,False
594:colon:mlp:19:,noise,48,0.120635986328125,False
594:colon:mlp:19:,noise,56,0.5073699951171875,False
594:colon:mlp:19:,noise,64,0.36175537109375,False
594:colon:mlp:19:,noise,82,0.63287353515625,False
594:colon:mlp:19:,noise,96,0.8780755996704102,False
594:colon:mlp:19:,noise,98,0.44870758056640625,False
594:colon:mlp:19:,noise,102,0.6311798095703125,False
594:colon:mlp:19:,noise,116,0.6527099609375,False
594:colon:mlp:19:,noise,130,0.6853179931640625,False
594:colon:mlp:19:,noise,150,0.3197021484375,False
594:colon:mlp:19:,noise,154,0.30523681640625,False
594:colon:mlp:19:,noise,162,1.099609375,False
594:colon:mlp:19:,noise,176,0.687255859375,False
594:colon:mlp:19:,noise,178,-0.003765106201171875,False
594:colon:mlp:19:,noise,186,0.3734130859375,False
594:colon:mlp:19:,noise,192,0.7093505859375,False
594:colon:mlp:19:,noise,196,0.28466796875,False
595:colon:bypass:31:,noise,0,0.670501708984375,False
595:colon:bypass:31:,noise,16,0.4365997314453125,False
595:colon:bypass:31:,noise,32,0.7325286865234375,False
595:colon:bypass:31:,noise,48,0.6808242797851562,False
595:colon:bypass:31:,noise,56,0.6930694580078125,False
595:colon:bypass:31:,noise,64,0.5274658203125,False
595:colon:bypass:31:,noise,82,0.7783050537109375,False
595:colon:bypass:31:,noise,96,0.9236373901367188,False
595:colon:bypass:31:,noise,98,0.44085693359375,False
595:colon:bypass:31:,noise,102,0.9127426147460938,False
595:colon:bypass:31:,noise,116,1.0548095703125,False
595:colon:bypass:31:,noise,130,1.0028533935546875,False
595:colon:bypass:31:,noise,150,0.574310302734375,False
595:colon:bypass:31:,noise,154,0.72308349609375,False
595:colon:bypass:31:,noise,162,0.88671875,False
595:colon:bypass:31:,noise,176,1.046875,False
595:colon:bypass:31:,noise,178,1.0593376159667969,False
595:colon:bypass:31:,noise,186,0.7550048828125,False
595:colon:bypass:31:,noise,192,1.034423828125,False
595:colon:bypass:31:,noise,196,0.576416015625,False
595:colon:head:624:KV,noise,0,0.00482177734375,False
595:colon:head:624:KV,noise,16,0.0026092529296875,False
595:colon:head:624:KV,noise,32,0.0063018798828125,False
595:colon:head:624:KV,noise,48,0.0044403076171875,False
595:colon:head:624:KV,noise,56,0.0021209716796875,False
595:colon:head:624:KV,noise,64,0.00103759765625,False
595:colon:head:624:KV,noise,82,0.00335693359375,False
595:colon:head:624:KV,noise,96,0.00063323974609375,False
595:colon:head:624:KV,noise,98,0.00360107421875,False
595:colon:head:624:KV,noise,102,0.0063323974609375,False
595:colon:head:624:KV,noise,116,6.103515625e-05,False
595:colon:head:624:KV,noise,130,-0.001922607421875,False
595:colon:head:624:KV,noise,150,0.001312255859375,False
595:colon:head:624:KV,noise,154,0.00146484375,False
595:colon:head:624:KV,noise,162,0.005126953125,False
595:colon:head:624:KV,noise,176,0.0042724609375,False
595:colon:head:624:KV,noise,178,-0.001743316650390625,False
595:colon:head:624:KV,noise,186,0.00238037109375,False
595:colon:head:624:KV,noise,192,-0.00054931640625,False
595:colon:head:624:KV,noise,196,0.00048828125,False
595:colon:head:624:Q,noise,0,-0.141082763671875,False
595:colon:head:624:Q,noise,16,-0.099853515625,False
595:colon:head:624:Q,noise,32,-0.4222259521484375,False
595:colon:head:624:Q,noise,48,-0.39075469970703125,False
595:colon:head:624:Q,noise,56,-0.2103424072265625,False
595:colon:head:624:Q,noise,64,-0.04058837890625,False
595:colon:head:624:Q,noise,82,-0.31591796875,False
595:colon:head:624:Q,noise,96,-0.34236907958984375,False
595:colon:head:624:Q,noise,98,-0.2420654296875,False
595:colon:head:624:Q,noise,102,-0.30220794677734375,False
595:colon:head:624:Q,noise,116,-0.3511962890625,False
595:colon:head:624:Q,noise,130,-0.4655609130859375,False
595:colon:head:624:Q,noise,150,-0.09808349609375,False
595:colon:head:624:Q,noise,154,-0.18743896484375,False
595:colon:head:624:Q,noise,162,-0.212646484375,False
595:colon:head:624:Q,noise,176,-0.2432861328125,False
595:colon:head:624:Q,noise,178,-0.5116004943847656,False
595:colon:head:624:Q,noise,186,-0.13690185546875,False
595:colon:head:624:Q,noise,192,-0.28765869140625,False
595:colon:head:624:Q,noise,196,-0.22802734375,False
595:colon:head:630:KV,noise,0,0.002960205078125,False
595:colon:head:630:KV,noise,16,0.00244140625,False
595:colon:head:630:KV,noise,32,-0.000518798828125,False
595:colon:head:630:KV,noise,48,0.00311279296875,False
595:colon:head:630:KV,noise,56,0.0031890869140625,False
595:colon:head:630:KV,noise,64,0.00067138671875,False
595:colon:head:630:KV,noise,82,0.00018310546875,False
595:colon:head:630:KV,noise,96,0.0033111572265625,False
595:colon:head:630:KV,noise,98,0.000152587890625,False
595:colon:head:630:KV,noise,102,-6.103515625e-05,False
595:colon:head:630:KV,noise,116,-0.00115966796875,False
595:colon:head:630:KV,noise,130,0.0009765625,False
595:colon:head:630:KV,noise,150,0.001922607421875,False
595:colon:head:630:KV,noise,154,0.00201416015625,False
595:colon:head:630:KV,noise,162,0.001953125,False
595:colon:head:630:KV,noise,176,-0.0010986328125,False
595:colon:head:630:KV,noise,178,-0.002475738525390625,False
595:colon:head:630:KV,noise,186,-0.0003662109375,False
595:colon:head:630:KV,noise,192,-0.0010986328125,False
595:colon:head:630:KV,noise,196,-0.00146484375,False
595:colon:head:630:Q,noise,0,0.014923095703125,False
595:colon:head:630:Q,noise,16,0.029083251953125,False
595:colon:head:630:Q,noise,32,0.1164703369140625,False
595:colon:head:630:Q,noise,48,0.0367889404296875,False
595:colon:head:630:Q,noise,56,-0.031097412109375,False
595:colon:head:630:Q,noise,64,-0.0166015625,False
595:colon:head:630:Q,noise,82,-0.0093994140625,False
595:colon:head:630:Q,noise,96,0.2539825439453125,False
595:colon:head:630:Q,noise,98,0.05224609375,False
595:colon:head:630:Q,noise,102,0.1019134521484375,False
595:colon:head:630:Q,noise,116,0.06256103515625,False
595:colon:head:630:Q,noise,130,0.20075225830078125,False
595:colon:head:630:Q,noise,150,-0.00299072265625,False
595:colon:head:630:Q,noise,154,-0.0096435546875,False
595:colon:head:630:Q,noise,162,0.0224609375,False
595:colon:head:630:Q,noise,176,0.02197265625,False
595:colon:head:630:Q,noise,178,-0.07541275024414062,False
595:colon:head:630:Q,noise,186,0.0753173828125,False
595:colon:head:630:Q,noise,192,0.06353759765625,False
595:colon:head:630:Q,noise,196,0.03857421875,False
595:colon:head:641:KV,noise,0,0.0052490234375,False
595:colon:head:641:KV,noise,16,0.0035400390625,False
595:colon:head:641:KV,noise,32,0.004547119140625,False
595:colon:head:641:KV,noise,48,0.00936126708984375,False
595:colon:head:641:KV,noise,56,0.0032806396484375,False
595:colon:head:641:KV,noise,64,0.00311279296875,False
595:colon:head:641:KV,noise,82,0.00469970703125,False
595:colon:head:641:KV,noise,96,0.0026092529296875,False
595:colon:head:641:KV,noise,98,6.103515625e-05,False
595:colon:head:641:KV,noise,102,0.0060577392578125,False
595:colon:head:641:KV,noise,116,0.00555419921875,False
595:colon:head:641:KV,noise,130,0.0018157958984375,False
595:colon:head:641:KV,noise,150,0.00537109375,False
595:colon:head:641:KV,noise,154,0.00640869140625,False
595:colon:head:641:KV,noise,162,0.00537109375,False
595:colon:head:641:KV,noise,176,0.0042724609375,False
595:colon:head:641:KV,noise,178,0.003246307373046875,False
595:colon:head:641:KV,noise,186,0.0062255859375,False
595:colon:head:641:KV,noise,192,0.0074462890625,False
595:colon:head:641:KV,noise,196,0.0048828125,False
595:colon:head:641:Q,noise,0,-0.302764892578125,False
595:colon:head:641:Q,noise,16,-0.142425537109375,False
595:colon:head:641:Q,noise,32,-0.4210357666015625,False
595:colon:head:641:Q,noise,48,-0.5101470947265625,False
595:colon:head:641:Q,noise,56,-0.19429779052734375,False
595:colon:head:641:Q,noise,64,-0.05450439453125,False
595:colon:head:641:Q,noise,82,-0.9827880859375,False
595:colon:head:641:Q,noise,96,-0.7088241577148438,False
595:colon:head:641:Q,noise,98,-0.5322265625,False
595:colon:head:641:Q,noise,102,-1.0945358276367188,False
595:colon:head:641:Q,noise,116,-0.23651123046875,False
595:colon:head:641:Q,noise,130,-0.5269317626953125,False
595:colon:head:641:Q,noise,150,-0.109283447265625,False
595:colon:head:641:Q,noise,154,-0.38275146484375,False
595:colon:head:641:Q,noise,162,-0.216796875,False
595:colon:head:641:Q,noise,176,-0.3172607421875,False
595:colon:head:641:Q,noise,178,-0.2798614501953125,False
595:colon:head:641:Q,noise,186,-0.11627197265625,False
595:colon:head:641:Q,noise,192,-0.54681396484375,False
595:colon:head:641:Q,noise,196,-0.20068359375,False
595:colon:head:678:KV,noise,0,0.00274658203125,False
595:colon:head:678:KV,noise,16,-0.0017547607421875,False
595:colon:head:678:KV,noise,32,0.0002899169921875,False
595:colon:head:678:KV,noise,48,0.0013275146484375,False
595:colon:head:678:KV,noise,56,-0.0010528564453125,False
595:colon:head:678:KV,noise,64,6.103515625e-05,False
595:colon:head:678:KV,noise,82,0.00274658203125,False
595:colon:head:678:KV,noise,96,-0.001800537109375,False
595:colon:head:678:KV,noise,98,-0.001190185546875,False
595:colon:head:678:KV,noise,102,0.0004119873046875,False
595:colon:head:678:KV,noise,116,-0.00152587890625,False
595:colon:head:678:KV,noise,130,0.001068115234375,False
595:colon:head:678:KV,noise,150,0.002685546875,False
595:colon:head:678:KV,noise,154,0.00262451171875,False
595:colon:head:678:KV,noise,162,-0.001220703125,False
595:colon:head:678:KV,noise,176,0.0,False
595:colon:head:678:KV,noise,178,-0.001567840576171875,False
595:colon:head:678:KV,noise,186,0.0,False
595:colon:head:678:KV,noise,192,-0.000732421875,False
595:colon:head:678:KV,noise,196,0.0,False
595:colon:head:678:Q,noise,0,0.049468994140625,False
595:colon:head:678:Q,noise,16,0.0661468505859375,False
595:colon:head:678:Q,noise,32,0.0477294921875,False
595:colon:head:678:Q,noise,48,0.119873046875,False
595:colon:head:678:Q,noise,56,0.030609130859375,False
595:colon:head:678:Q,noise,64,0.03448486328125,False
595:colon:head:678:Q,noise,82,0.199951171875,False
595:colon:head:678:Q,noise,96,0.0928955078125,False
595:colon:head:678:Q,noise,98,0.295654296875,False
595:colon:head:678:Q,noise,102,0.13611602783203125,False
595:colon:head:678:Q,noise,116,0.05792236328125,False
595:colon:head:678:Q,noise,130,0.0282440185546875,False
595:colon:head:678:Q,noise,150,0.03594970703125,False
595:colon:head:678:Q,noise,154,0.07781982421875,False
595:colon:head:678:Q,noise,162,0.10400390625,False
595:colon:head:678:Q,noise,176,0.1346435546875,False
595:colon:head:678:Q,noise,178,0.08275675773620605,False
595:colon:head:678:Q,noise,186,0.08160400390625,False
595:colon:head:678:Q,noise,192,0.2762451171875,False
595:colon:head:678:Q,noise,196,0.14208984375,False
595:colon:head:690:KV,noise,0,0.001434326171875,False
595:colon:head:690:KV,noise,16,-0.001434326171875,False
595:colon:head:690:KV,noise,32,-0.00286865234375,False
595:colon:head:690:KV,noise,48,0.0010833740234375,False
595:colon:head:690:KV,noise,56,-0.0022430419921875,False
595:colon:head:690:KV,noise,64,-0.00048828125,False
595:colon:head:690:KV,noise,82,0.0020751953125,False
595:colon:head:690:KV,noise,96,3.0517578125e-05,False
595:colon:head:690:KV,noise,98,-0.001556396484375,False
595:colon:head:690:KV,noise,102,0.00040435791015625,False
595:colon:head:690:KV,noise,116,-0.00140380859375,False
595:colon:head:690:KV,noise,130,-0.0018463134765625,False
595:colon:head:690:KV,noise,150,0.001922607421875,False
595:colon:head:690:KV,noise,154,-0.000244140625,False
595:colon:head:690:KV,noise,162,-0.00146484375,False
595:colon:head:690:KV,noise,176,-0.000244140625,False
595:colon:head:690:KV,noise,178,0.00086212158203125,False
595:colon:head:690:KV,noise,186,-0.00299072265625,False
595:colon:head:690:KV,noise,192,-0.00067138671875,False
595:colon:head:690:KV,noise,196,0.0,False
595:colon:head:690:Q,noise,0,0.10504150390625,False
595:colon:head:690:Q,noise,16,0.023651123046875,False
595:colon:head:690:Q,noise,32,0.11749267578125,False
595:colon:head:690:Q,noise,48,0.072723388671875,False
595:colon:head:690:Q,noise,56,0.0605621337890625,False
595:colon:head:690:Q,noise,64,0.02325439453125,False
595:colon:head:690:Q,noise,82,0.08917236328125,False
595:colon:head:690:Q,noise,96,0.031280517578125,False
595:colon:head:690:Q,noise,98,0.058380126953125,False
595:colon:head:690:Q,noise,102,0.14575958251953125,False
595:colon:head:690:Q,noise,116,0.05828857421875,False
595:colon:head:690:Q,noise,130,0.00457763671875,False
595:colon:head:690:Q,noise,150,0.043914794921875,False
595:colon:head:690:Q,noise,154,0.12969970703125,False
595:colon:head:690:Q,noise,162,0.0546875,False
595:colon:head:690:Q,noise,176,0.0594482421875,False
595:colon:head:690:Q,noise,178,0.08938407897949219,False
595:colon:head:690:Q,noise,186,0.05029296875,False
595:colon:head:690:Q,noise,192,0.139892578125,False
595:colon:head:690:Q,noise,196,0.10400390625,False
595:colon:head:695:KV,noise,0,0.384735107421875,False
595:colon:head:695:KV,noise,16,0.1986846923828125,False
595:colon:head:695:KV,noise,32,0.7308197021484375,False
595:colon:head:695:KV,noise,48,0.3910064697265625,False
595:colon:head:695:KV,noise,56,0.1170196533203125,False
595:colon:head:695:KV,noise,64,0.15521240234375,False
595:colon:head:695:KV,noise,82,0.62445068359375,False
595:colon:head:695:KV,noise,96,0.6986083984375,False
595:colon:head:695:KV,noise,98,0.5993118286132812,False
595:colon:head:695:KV,noise,102,1.081878662109375,False
595:colon:head:695:KV,noise,116,0.12225341796875,False
595:colon:head:695:KV,noise,130,0.448333740234375,False
595:colon:head:695:KV,noise,150,0.16912841796875,False
595:colon:head:695:KV,noise,154,0.15679931640625,False
595:colon:head:695:KV,noise,162,0.674072265625,False
595:colon:head:695:KV,noise,176,0.2744140625,False
595:colon:head:695:KV,noise,178,0.42183947563171387,False
595:colon:head:695:KV,noise,186,0.49859619140625,False
595:colon:head:695:KV,noise,192,0.34722900390625,False
595:colon:head:695:KV,noise,196,0.43603515625,False
595:colon:head:695:Q,noise,0,-0.018524169921875,False
595:colon:head:695:Q,noise,16,-0.0147705078125,False
595:colon:head:695:Q,noise,32,-0.0184783935546875,False
595:colon:head:695:Q,noise,48,-0.001953125,False
595:colon:head:695:Q,noise,56,-0.005706787109375,False
595:colon:head:695:Q,noise,64,-0.0086669921875,False
595:colon:head:695:Q,noise,82,0.011474609375,False
595:colon:head:695:Q,noise,96,-0.01767730712890625,False
595:colon:head:695:Q,noise,98,-0.018646240234375,False
595:colon:head:695:Q,noise,102,0.03278350830078125,False
595:colon:head:695:Q,noise,116,-0.00274658203125,False
595:colon:head:695:Q,noise,130,0.002655029296875,False
595:colon:head:695:Q,noise,150,0.00848388671875,False
595:colon:head:695:Q,noise,154,-0.02850341796875,False
595:colon:head:695:Q,noise,162,0.015869140625,False
595:colon:head:695:Q,noise,176,0.0035400390625,False
595:colon:head:695:Q,noise,178,0.002971649169921875,False
595:colon:head:695:Q,noise,186,0.011962890625,False
595:colon:head:695:Q,noise,192,-0.03753662109375,False
595:colon:head:695:Q,noise,196,0.01416015625,False
595:colon:head:709:KV,noise,0,0.000823974609375,False
595:colon:head:709:KV,noise,16,-0.001251220703125,False
595:colon:head:709:KV,noise,32,-0.0066986083984375,False
595:colon:head:709:KV,noise,48,-0.0015869140625,False
595:colon:head:709:KV,noise,56,-0.0032958984375,False
595:colon:head:709:KV,noise,64,0.00091552734375,False
595:colon:head:709:KV,noise,82,0.000732421875,False
595:colon:head:709:KV,noise,96,-0.0017547607421875,False
595:colon:head:709:KV,noise,98,-0.00079345703125,False
595:colon:head:709:KV,noise,102,-0.001983642578125,False
595:colon:head:709:KV,noise,116,-0.0111083984375,False
595:colon:head:709:KV,noise,130,-0.0052337646484375,False
595:colon:head:709:KV,noise,150,-0.001251220703125,False
595:colon:head:709:KV,noise,154,0.00140380859375,False
595:colon:head:709:KV,noise,162,0.0,False
595:colon:head:709:KV,noise,176,-0.00244140625,False
595:colon:head:709:KV,noise,178,-0.002841949462890625,False
595:colon:head:709:KV,noise,186,-0.00177001953125,False
595:colon:head:709:KV,noise,192,0.0,False
595:colon:head:709:KV,noise,196,0.0009765625,False
595:colon:head:709:Q,noise,0,0.034088134765625,False
595:colon:head:709:Q,noise,16,0.09246826171875,False
595:colon:head:709:Q,noise,32,0.06707763671875,False
595:colon:head:709:Q,noise,48,0.18896484375,False
595:colon:head:709:Q,noise,56,0.074371337890625,False
595:colon:head:709:Q,noise,64,0.03350830078125,False
595:colon:head:709:Q,noise,82,0.08831787109375,False
595:colon:head:709:Q,noise,96,0.27330970764160156,False
595:colon:head:709:Q,noise,98,0.05712890625,False
595:colon:head:709:Q,noise,102,0.1385498046875,False
595:colon:head:709:Q,noise,116,0.10748291015625,False
595:colon:head:709:Q,noise,130,0.123046875,False
595:colon:head:709:Q,noise,150,0.06524658203125,False
595:colon:head:709:Q,noise,154,0.20123291015625,False
595:colon:head:709:Q,noise,162,0.19091796875,False
595:colon:head:709:Q,noise,176,0.1439208984375,False
595:colon:head:709:Q,noise,178,0.2548713684082031,False
595:colon:head:709:Q,noise,186,0.14276123046875,False
595:colon:head:709:Q,noise,192,0.21112060546875,False
595:colon:head:709:Q,noise,196,0.18310546875,False
595:colon:head:751:KV,noise,0,0.002105712890625,False
595:colon:head:751:KV,noise,16,0.00201416015625,False
595:colon:head:751:KV,noise,32,0.001190185546875,False
595:colon:head:751:KV,noise,48,0.001617431640625,False
595:colon:head:751:KV,noise,56,-0.003173828125,False
595:colon:head:751:KV,noise,64,0.0013427734375,False
595:colon:head:751:KV,noise,82,0.0009765625,False
595:colon:head:751:KV,noise,96,0.00096893310546875,False
595:colon:head:751:KV,noise,98,-0.001434326171875,False
595:colon:head:751:KV,noise,102,0.0017242431640625,False
595:colon:head:751:KV,noise,116,-0.0010986328125,False
595:colon:head:751:KV,noise,130,-0.00054931640625,False
595:colon:head:751:KV,noise,150,0.002227783203125,False
595:colon:head:751:KV,noise,154,0.00091552734375,False
595:colon:head:751:KV,noise,162,0.000732421875,False
595:colon:head:751:KV,noise,176,0.0015869140625,False
595:colon:head:751:KV,noise,178,-0.0024566650390625,False
595:colon:head:751:KV,noise,186,-0.000732421875,False
595:colon:head:751:KV,noise,192,-0.001220703125,False
595:colon:head:751:KV,noise,196,-0.001953125,False
595:colon:head:751:Q,noise,0,-0.30516815185546875,False
595:colon:head:751:Q,noise,16,-0.07403564453125,False
595:colon:head:751:Q,noise,32,-0.3037872314453125,False
595:colon:head:751:Q,noise,48,-0.26487618684768677,False
595:colon:head:751:Q,noise,56,-0.1298980712890625,False
595:colon:head:751:Q,noise,64,-0.046142578125,False
595:colon:head:751:Q,noise,82,-0.1815185546875,False
595:colon:head:751:Q,noise,96,-0.32975006103515625,False
595:colon:head:751:Q,noise,98,-0.304534912109375,False
595:colon:head:751:Q,noise,102,-0.16849517822265625,False
595:colon:head:751:Q,noise,116,-0.2320556640625,False
595:colon:head:751:Q,noise,130,-0.2722015380859375,False
595:colon:head:751:Q,noise,150,-0.0982666015625,False
595:colon:head:751:Q,noise,154,-0.18096923828125,False
595:colon:head:751:Q,noise,162,-0.097412109375,False
595:colon:head:751:Q,noise,176,-0.072998046875,False
595:colon:head:751:Q,noise,178,-0.006671905517578125,False
595:colon:head:751:Q,noise,186,-0.2501220703125,False
595:colon:head:751:Q,noise,192,-0.16485595703125,False
595:colon:head:751:Q,noise,196,-0.02099609375,False
595:colon:head:787:KV,noise,0,-0.000244140625,False
595:colon:head:787:KV,noise,16,0.001220703125,False
595:colon:head:787:KV,noise,32,0.0005950927734375,False
595:colon:head:787:KV,noise,48,-0.0003509521484375,False
595:colon:head:787:KV,noise,56,-0.004302978515625,False
595:colon:head:787:KV,noise,64,-0.00213623046875,False
595:colon:head:787:KV,noise,82,-0.00335693359375,False
595:colon:head:787:KV,noise,96,-0.00341033935546875,False
595:colon:head:787:KV,noise,98,-0.0001220703125,False
595:colon:head:787:KV,noise,102,-0.00196075439453125,False
595:colon:head:787:KV,noise,116,-0.0052490234375,False
595:colon:head:787:KV,noise,130,-0.0047607421875,False
595:colon:head:787:KV,noise,150,0.003021240234375,False
595:colon:head:787:KV,noise,154,0.00274658203125,False
595:colon:head:787:KV,noise,162,-0.000244140625,False
595:colon:head:787:KV,noise,176,-0.0047607421875,False
595:colon:head:787:KV,noise,178,-0.002651214599609375,False
595:colon:head:787:KV,noise,186,-0.00250244140625,False
595:colon:head:787:KV,noise,192,-0.0045166015625,False
595:colon:head:787:KV,noise,196,0.0,False
595:colon:head:787:Q,noise,0,0.038726806640625,False
595:colon:head:787:Q,noise,16,0.0322113037109375,False
595:colon:head:787:Q,noise,32,0.0254669189453125,False
595:colon:head:787:Q,noise,48,0.0558624267578125,False
595:colon:head:787:Q,noise,56,0.0213165283203125,False
595:colon:head:787:Q,noise,64,-0.0010986328125,False
595:colon:head:787:Q,noise,82,0.03228759765625,False
595:colon:head:787:Q,noise,96,0.2164306640625,False
595:colon:head:787:Q,noise,98,0.0469970703125,False
595:colon:head:787:Q,noise,102,0.056304931640625,False
595:colon:head:787:Q,noise,116,0.02081298828125,False
595:colon:head:787:Q,noise,130,0.0129547119140625,False
595:colon:head:787:Q,noise,150,0.0283203125,False
595:colon:head:787:Q,noise,154,0.10052490234375,False
595:colon:head:787:Q,noise,162,0.06689453125,False
595:colon:head:787:Q,noise,176,0.0306396484375,False
595:colon:head:787:Q,noise,178,0.034008026123046875,False
595:colon:head:787:Q,noise,186,0.03900146484375,False
595:colon:head:787:Q,noise,192,0.02838134765625,False
595:colon:head:787:Q,noise,196,0.0537109375,False
595:colon:head:817:KV,noise,0,0.174407958984375,False
595:colon:head:817:KV,noise,16,0.1040496826171875,False
595:colon:head:817:KV,noise,32,0.4570465087890625,False
595:colon:head:817:KV,noise,48,0.307220458984375,False
595:colon:head:817:KV,noise,56,0.1949310302734375,False
595:colon:head:817:KV,noise,64,0.1761474609375,False
595:colon:head:817:KV,noise,82,0.506805419921875,False
595:colon:head:817:KV,noise,96,0.38945770263671875,False
595:colon:head:817:KV,noise,98,0.349700927734375,False
595:colon:head:817:KV,noise,102,0.5458297729492188,False
595:colon:head:817:KV,noise,116,0.714202880859375,False
595:colon:head:817:KV,noise,130,0.4403228759765625,False
595:colon:head:817:KV,noise,150,0.143341064453125,False
595:colon:head:817:KV,noise,154,0.22674560546875,False
595:colon:head:817:KV,noise,162,0.242919921875,False
595:colon:head:817:KV,noise,176,0.4444580078125,False
595:colon:head:817:KV,noise,178,0.3895225524902344,False
595:colon:head:817:KV,noise,186,0.27691650390625,False
595:colon:head:817:KV,noise,192,0.43988037109375,False
595:colon:head:817:KV,noise,196,0.20751953125,False
595:colon:head:817:Q,noise,0,-0.029754638671875,False
595:colon:head:817:Q,noise,16,-0.0129547119140625,False
595:colon:head:817:Q,noise,32,-6.103515625e-05,False
595:colon:head:817:Q,noise,48,0.014434814453125,False
595:colon:head:817:Q,noise,56,-0.03375244140625,False
595:colon:head:817:Q,noise,64,-0.01727294921875,False
595:colon:head:817:Q,noise,82,-0.00372314453125,False
595:colon:head:817:Q,noise,96,-0.06566619873046875,False
595:colon:head:817:Q,noise,98,-0.01739501953125,False
595:colon:head:817:Q,noise,102,-0.052254676818847656,False
595:colon:head:817:Q,noise,116,-0.0086669921875,False
595:colon:head:817:Q,noise,130,-0.011138916015625,False
595:colon:head:817:Q,noise,150,-0.03363037109375,False
595:colon:head:817:Q,noise,154,-0.0364990234375,False
595:colon:head:817:Q,noise,162,-0.019287109375,False
595:colon:head:817:Q,noise,176,-0.053955078125,False
595:colon:head:817:Q,noise,178,-0.020946502685546875,False
595:colon:head:817:Q,noise,186,-0.04150390625,False
595:colon:head:817:Q,noise,192,-0.00811767578125,False
595:colon:head:817:Q,noise,196,-0.0361328125,False
595:colon:head:855:KV,noise,0,-0.000457763671875,False
595:colon:head:855:KV,noise,16,-0.00067138671875,False
595:colon:head:855:KV,noise,32,0.0013427734375,False
595:colon:head:855:KV,noise,48,-0.00069427490234375,False
595:colon:head:855:KV,noise,56,-0.0027618408203125,False
595:colon:head:855:KV,noise,64,-0.00018310546875,False
595:colon:head:855:KV,noise,82,-0.00054931640625,False
595:colon:head:855:KV,noise,96,-0.002471923828125,False
595:colon:head:855:KV,noise,98,-0.001220703125,False
595:colon:head:855:KV,noise,102,-0.0021514892578125,False
595:colon:head:855:KV,noise,116,-0.00103759765625,False
595:colon:head:855:KV,noise,130,-0.0021820068359375,False
595:colon:head:855:KV,noise,150,0.00079345703125,False
595:colon:head:855:KV,noise,154,0.00140380859375,False
595:colon:head:855:KV,noise,162,-0.001220703125,False
595:colon:head:855:KV,noise,176,0.0006103515625,False
595:colon:head:855:KV,noise,178,0.0013427734375,False
595:colon:head:855:KV,noise,186,-0.0025634765625,False
595:colon:head:855:KV,noise,192,6.103515625e-05,False
595:colon:head:855:KV,noise,196,-0.00146484375,False
595:colon:head:855:Q,noise,0,-0.038421630859375,False
595:colon:head:855:Q,noise,16,-0.0040130615234375,False
595:colon:head:855:Q,noise,32,-0.12873077392578125,False
595:colon:head:855:Q,noise,48,-0.02164459228515625,False
595:colon:head:855:Q,noise,56,-0.0374298095703125,False
595:colon:head:855:Q,noise,64,-0.0072021484375,False
595:colon:head:855:Q,noise,82,-0.005859375,False
595:colon:head:855:Q,noise,96,-0.02529144287109375,False
595:colon:head:855:Q,noise,98,-0.00677490234375,False
595:colon:head:855:Q,noise,102,-0.10157012939453125,False
595:colon:head:855:Q,noise,116,-0.0037841796875,False
595:colon:head:855:Q,noise,130,-0.00927734375,False
595:colon:head:855:Q,noise,150,-0.02996826171875,False
595:colon:head:855:Q,noise,154,-0.05816650390625,False
595:colon:head:855:Q,noise,162,-0.0029296875,False
595:colon:head:855:Q,noise,176,-0.0037841796875,False
595:colon:head:855:Q,noise,178,-0.026226043701171875,False
595:colon:head:855:Q,noise,186,0.00140380859375,False
595:colon:head:855:Q,noise,192,-0.01116943359375,False
595:colon:head:855:Q,noise,196,-0.03369140625,False
595:colon:head:870:KV,noise,0,0.002227783203125,False
595:colon:head:870:KV,noise,16,-0.00115966796875,False
595:colon:head:870:KV,noise,32,-0.0030670166015625,False
595:colon:head:870:KV,noise,48,0.0010223388671875,False
595:colon:head:870:KV,noise,56,-0.0012054443359375,False
595:colon:head:870:KV,noise,64,-0.0013427734375,False
595:colon:head:870:KV,noise,82,0.00030517578125,False
595:colon:head:870:KV,noise,96,0.0013427734375,False
595:colon:head:870:KV,noise,98,-0.001129150390625,False
595:colon:head:870:KV,noise,102,-0.00128173828125,False
595:colon:head:870:KV,noise,116,-0.002197265625,False
595:colon:head:870:KV,noise,130,0.00042724609375,False
595:colon:head:870:KV,noise,150,0.0010986328125,False
595:colon:head:870:KV,noise,154,0.0013427734375,False
595:colon:head:870:KV,noise,162,-0.001708984375,False
595:colon:head:870:KV,noise,176,-0.0010986328125,False
595:colon:head:870:KV,noise,178,-0.001407623291015625,False
595:colon:head:870:KV,noise,186,-0.00115966796875,False
595:colon:head:870:KV,noise,192,-0.0003662109375,False
595:colon:head:870:KV,noise,196,-0.00048828125,False
595:colon:head:870:Q,noise,0,0.0203704833984375,False
595:colon:head:870:Q,noise,16,0.3108062744140625,False
595:colon:head:870:Q,noise,32,-0.025348663330078125,False
595:colon:head:870:Q,noise,48,1.0711669921875,False
595:colon:head:870:Q,noise,56,1.3134613037109375,False
595:colon:head:870:Q,noise,64,0.58892822265625,False
595:colon:head:870:Q,noise,82,0.65740966796875,False
595:colon:head:870:Q,noise,96,0.14818572998046875,False
595:colon:head:870:Q,noise,98,0.89471435546875,False
595:colon:head:870:Q,noise,102,0.3901824951171875,False
595:colon:head:870:Q,noise,116,1.5491943359375,False
595:colon:head:870:Q,noise,130,1.2517242431640625,False
595:colon:head:870:Q,noise,150,0.034423828125,False
595:colon:head:870:Q,noise,154,0.6002197265625,False
595:colon:head:870:Q,noise,162,0.677001953125,False
595:colon:head:870:Q,noise,176,0.86083984375,False
595:colon:head:870:Q,noise,178,1.2801628112792969,False
595:colon:head:870:Q,noise,186,1.01593017578125,False
595:colon:head:870:Q,noise,192,1.2400627136230469,False
595:colon:head:870:Q,noise,196,0.4619140625,False
595:colon:head:973:KV,noise,0,0.025848388671875,False
595:colon:head:973:KV,noise,16,0.0260009765625,False
595:colon:head:973:KV,noise,32,0.0152435302734375,False
595:colon:head:973:KV,noise,48,0.0672454833984375,False
595:colon:head:973:KV,noise,56,0.01043701171875,False
595:colon:head:973:KV,noise,64,0.03192138671875,False
595:colon:head:973:KV,noise,82,0.18548583984375,False
595:colon:head:973:KV,noise,96,0.0219879150390625,False
595:colon:head:973:KV,noise,98,0.023834228515625,False
595:colon:head:973:KV,noise,102,0.098052978515625,False
595:colon:head:973:KV,noise,116,0.09503173828125,False
595:colon:head:973:KV,noise,130,0.084747314453125,False
595:colon:head:973:KV,noise,150,0.021240234375,False
595:colon:head:973:KV,noise,154,0.03515625,False
595:colon:head:973:KV,noise,162,0.10205078125,False
595:colon:head:973:KV,noise,176,0.0443115234375,False
595:colon:head:973:KV,noise,178,0.0418243408203125,False
595:colon:head:973:KV,noise,186,0.018798828125,False
595:colon:head:973:KV,noise,192,0.03729248046875,False
595:colon:head:973:KV,noise,196,0.05126953125,False
595:colon:head:973:Q,noise,0,0.0042724609375,False
595:colon:head:973:Q,noise,16,0.0010833740234375,False
595:colon:head:973:Q,noise,32,0.0128021240234375,False
595:colon:head:973:Q,noise,48,-0.0045623779296875,False
595:colon:head:973:Q,noise,56,-0.0227203369140625,False
595:colon:head:973:Q,noise,64,-0.00799560546875,False
595:colon:head:973:Q,noise,82,0.0013427734375,False
595:colon:head:973:Q,noise,96,-0.0121002197265625,False
595:colon:head:973:Q,noise,98,0.0145263671875,False
595:colon:head:973:Q,noise,102,0.00244903564453125,False
595:colon:head:973:Q,noise,116,0.0096435546875,False
595:colon:head:973:Q,noise,130,-0.00738525390625,False
595:colon:head:973:Q,noise,150,-0.001861572265625,False
595:colon:head:973:Q,noise,154,0.0086669921875,False
595:colon:head:973:Q,noise,162,-0.00048828125,False
595:colon:head:973:Q,noise,176,-0.00439453125,False
595:colon:head:973:Q,noise,178,0.00508880615234375,False
595:colon:head:973:Q,noise,186,0.00225830078125,False
595:colon:head:973:Q,noise,192,-0.0059814453125,False
595:colon:head:973:Q,noise,196,-0.01220703125,False
595:colon:head:978:KV,noise,0,0.002471923828125,False
595:colon:head:978:KV,noise,16,-0.0002288818359375,False
595:colon:head:978:KV,noise,32,0.0012359619140625,False
595:colon:head:978:KV,noise,48,-0.000946044921875,False
595:colon:head:978:KV,noise,56,-0.00506591796875,False
595:colon:head:978:KV,noise,64,0.00048828125,False
595:colon:head:978:KV,noise,82,-0.0001220703125,False
595:colon:head:978:KV,noise,96,0.0007781982421875,False
595:colon:head:978:KV,noise,98,-0.0013427734375,False
595:colon:head:978:KV,noise,102,-0.00054931640625,False
595:colon:head:978:KV,noise,116,-0.00506591796875,False
595:colon:head:978:KV,noise,130,-0.0005340576171875,False
595:colon:head:978:KV,noise,150,0.001953125,False
595:colon:head:978:KV,noise,154,0.0008544921875,False
595:colon:head:978:KV,noise,162,-0.000244140625,False
595:colon:head:978:KV,noise,176,-0.0010986328125,False
595:colon:head:978:KV,noise,178,-0.002960205078125,False
595:colon:head:978:KV,noise,186,-0.001953125,False
595:colon:head:978:KV,noise,192,-0.00067138671875,False
595:colon:head:978:KV,noise,196,-0.0009765625,False
595:colon:head:978:Q,noise,0,0.0443115234375,False
595:colon:head:978:Q,noise,16,0.20623779296875,False
595:colon:head:978:Q,noise,32,0.0998992919921875,False
595:colon:head:978:Q,noise,48,0.6171188354492188,False
595:colon:head:978:Q,noise,56,0.2294464111328125,False
595:colon:head:978:Q,noise,64,0.02581787109375,False
595:colon:head:978:Q,noise,82,0.5535888671875,False
595:colon:head:978:Q,noise,96,0.06484222412109375,False
595:colon:head:978:Q,noise,98,0.1218109130859375,False
595:colon:head:978:Q,noise,102,1.0202102661132812,False
595:colon:head:978:Q,noise,116,0.334716796875,False
595:colon:head:978:Q,noise,130,0.3465576171875,False
595:colon:head:978:Q,noise,150,0.07318115234375,False
595:colon:head:978:Q,noise,154,0.287109375,False
595:colon:head:978:Q,noise,162,0.180908203125,False
595:colon:head:978:Q,noise,176,0.363525390625,False
595:colon:head:978:Q,noise,178,0.4849247932434082,False
595:colon:head:978:Q,noise,186,0.2156982421875,False
595:colon:head:978:Q,noise,192,0.331787109375,False
595:colon:head:978:Q,noise,196,0.33056640625,False
595:colon:mlp:18:,noise,0,0.04095458984375,False
595:colon:mlp:18:,noise,16,0.2194976806640625,False
595:colon:mlp:18:,noise,32,0.03986358642578125,False
595:colon:mlp:18:,noise,48,0.17996978759765625,False
595:colon:mlp:18:,noise,56,-0.016918182373046875,False
595:colon:mlp:18:,noise,64,-0.0120849609375,False
595:colon:mlp:18:,noise,82,0.1171875,False
595:colon:mlp:18:,noise,96,0.29253387451171875,False
595:colon:mlp:18:,noise,98,0.041545867919921875,False
595:colon:mlp:18:,noise,102,-0.1949291229248047,False
595:colon:mlp:18:,noise,116,0.12969970703125,False
595:colon:mlp:18:,noise,130,0.122833251953125,False
595:colon:mlp:18:,noise,150,0.064910888671875,False
595:colon:mlp:18:,noise,154,0.0933837890625,False
595:colon:mlp:18:,noise,162,0.11865234375,False
595:colon:mlp:18:,noise,176,0.12353515625,False
595:colon:mlp:18:,noise,178,0.3267326354980469,False
595:colon:mlp:18:,noise,186,0.086517333984375,False
595:colon:mlp:18:,noise,192,-0.00152587890625,False
595:colon:mlp:18:,noise,196,-0.0625,False
595:colon:mlp:19:,noise,0,0.15557861328125,False
595:colon:mlp:19:,noise,16,0.21576690673828125,False
595:colon:mlp:19:,noise,32,0.48549652099609375,False
595:colon:mlp:19:,noise,48,0.16058349609375,False
595:colon:mlp:19:,noise,56,0.4902801513671875,False
595:colon:mlp:19:,noise,64,0.50274658203125,False
595:colon:mlp:19:,noise,82,0.896148681640625,False
595:colon:mlp:19:,noise,96,0.7075824737548828,False
595:colon:mlp:19:,noise,98,0.41500091552734375,False
595:colon:mlp:19:,noise,102,1.1202011108398438,False
595:colon:mlp:19:,noise,116,0.97711181640625,False
595:colon:mlp:19:,noise,130,1.0359954833984375,False
595:colon:mlp:19:,noise,150,0.285308837890625,False
595:colon:mlp:19:,noise,154,0.32086181640625,False
595:colon:mlp:19:,noise,162,1.414794921875,False
595:colon:mlp:19:,noise,176,0.712158203125,False
595:colon:mlp:19:,noise,178,0.057521820068359375,False
595:colon:mlp:19:,noise,186,0.3529052734375,False
595:colon:mlp:19:,noise,192,1.177642822265625,False
595:colon:mlp:19:,noise,196,0.3427734375,False
624:colon:bypass:31:,noise,0,-0.12786865234375,False
624:colon:bypass:31:,noise,16,-0.06170845031738281,False
624:colon:bypass:31:,noise,32,-0.2391815185546875,False
624:colon:bypass:31:,noise,48,-0.20025634765625,False
624:colon:bypass:31:,noise,56,-0.0520782470703125,False
624:colon:bypass:31:,noise,64,-0.03204345703125,False
624:colon:bypass:31:,noise,82,-0.1737060546875,False
624:colon:bypass:31:,noise,96,-0.24720001220703125,False
624:colon:bypass:31:,noise,98,-0.091217041015625,False
624:colon:bypass:31:,noise,102,-0.19518280029296875,False
624:colon:bypass:31:,noise,116,-0.218994140625,False
624:colon:bypass:31:,noise,130,-0.2356719970703125,False
624:colon:bypass:31:,noise,150,-0.153045654296875,False
624:colon:bypass:31:,noise,154,-0.13519287109375,False
624:colon:bypass:31:,noise,162,-0.126953125,False
624:colon:bypass:31:,noise,176,-0.1331787109375,False
624:colon:bypass:31:,noise,178,-0.3110237121582031,False
624:colon:bypass:31:,noise,186,-0.121124267578125,False
624:colon:bypass:31:,noise,192,-0.09368896484375,False
624:colon:bypass:31:,noise,196,-0.0546875,False
624:colon:head:641:KV,noise,0,9.1552734375e-05,False
624:colon:head:641:KV,noise,16,-0.0011444091796875,False
624:colon:head:641:KV,noise,32,-0.002685546875,False
624:colon:head:641:KV,noise,48,0.00240325927734375,False
624:colon:head:641:KV,noise,56,-0.0047454833984375,False
624:colon:head:641:KV,noise,64,0.00201416015625,False
624:colon:head:641:KV,noise,82,-0.00018310546875,False
624:colon:head:641:KV,noise,96,-0.00231170654296875,False
624:colon:head:641:KV,noise,98,-0.0074462890625,False
624:colon:head:641:KV,noise,102,0.0036163330078125,False
624:colon:head:641:KV,noise,116,-0.00396728515625,False
624:colon:head:641:KV,noise,130,-0.0026702880859375,False
624:colon:head:641:KV,noise,150,0.00042724609375,False
624:colon:head:641:KV,noise,154,0.00469970703125,False
624:colon:head:641:KV,noise,162,-0.000732421875,False
624:colon:head:641:KV,noise,176,-0.000244140625,False
624:colon:head:641:KV,noise,178,-0.00604248046875,False
624:colon:head:641:KV,noise,186,-0.00225830078125,False
624:colon:head:641:KV,noise,192,-0.00201416015625,False
624:colon:head:641:KV,noise,196,-0.00244140625,False
624:colon:head:641:Q,noise,0,0.1058349609375,False
624:colon:head:641:Q,noise,16,0.0531463623046875,False
624:colon:head:641:Q,noise,32,0.0916900634765625,False
624:colon:head:641:Q,noise,48,0.12213897705078125,False
624:colon:head:641:Q,noise,56,0.0613861083984375,False
624:colon:head:641:Q,noise,64,0.01971435546875,False
624:colon:head:641:Q,noise,82,0.35052490234375,False
624:colon:head:641:Q,noise,96,0.5126190185546875,False
624:colon:head:641:Q,noise,98,0.115509033203125,False
624:colon:head:641:Q,noise,102,0.5140609741210938,False
624:colon:head:641:Q,noise,116,0.072265625,False
624:colon:head:641:Q,noise,130,0.2049407958984375,False
624:colon:head:641:Q,noise,150,0.0399169921875,False
624:colon:head:641:Q,noise,154,0.08056640625,False
624:colon:head:641:Q,noise,162,0.04931640625,False
624:colon:head:641:Q,noise,176,0.1378173828125,False
624:colon:head:641:Q,noise,178,0.18773269653320312,False
624:colon:head:641:Q,noise,186,0.04095458984375,False
624:colon:head:641:Q,noise,192,0.09466552734375,False
624:colon:head:641:Q,noise,196,0.0361328125,False
624:colon:head:678:KV,noise,0,0.003875732421875,False
624:colon:head:678:KV,noise,16,-0.0001373291015625,False
624:colon:head:678:KV,noise,32,0.001922607421875,False
624:colon:head:678:KV,noise,48,0.0023956298828125,False
624:colon:head:678:KV,noise,56,-0.0023956298828125,False
624:colon:head:678:KV,noise,64,-0.0009765625,False
624:colon:head:678:KV,noise,82,0.00091552734375,False
624:colon:head:678:KV,noise,96,-0.00167083740234375,False
624:colon:head:678:KV,noise,98,0.000823974609375,False
624:colon:head:678:KV,noise,102,0.002349853515625,False
624:colon:head:678:KV,noise,116,-0.00299072265625,False
624:colon:head:678:KV,noise,130,0.0018157958984375,False
624:colon:head:678:KV,noise,150,0.002838134765625,False
624:colon:head:678:KV,noise,154,0.00177001953125,False
624:colon:head:678:KV,noise,162,-0.0009765625,False
624:colon:head:678:KV,noise,176,-0.00146484375,False
624:colon:head:678:KV,noise,178,0.001163482666015625,False
624:colon:head:678:KV,noise,186,-0.00091552734375,False
624:colon:head:678:KV,noise,192,-0.00518798828125,False
624:colon:head:678:KV,noise,196,-0.00146484375,False
624:colon:head:678:Q,noise,0,-0.011138916015625,False
624:colon:head:678:Q,noise,16,-0.028564453125,False
624:colon:head:678:Q,noise,32,-0.014007568359375,False
624:colon:head:678:Q,noise,48,-0.04254150390625,False
624:colon:head:678:Q,noise,56,0.001556396484375,False
624:colon:head:678:Q,noise,64,-0.00909423828125,False
624:colon:head:678:Q,noise,82,-0.0692138671875,False
624:colon:head:678:Q,noise,96,-0.0535125732421875,False
624:colon:head:678:Q,noise,98,-0.0611572265625,False
624:colon:head:678:Q,noise,102,-0.0530548095703125,False
624:colon:head:678:Q,noise,116,-0.0147705078125,False
624:colon:head:678:Q,noise,130,-0.0016326904296875,False
624:colon:head:678:Q,noise,150,-0.012054443359375,False
624:colon:head:678:Q,noise,154,-0.00885009765625,False
624:colon:head:678:Q,noise,162,-0.013427734375,False
624:colon:head:678:Q,noise,176,-0.052978515625,False
624:colon:head:678:Q,noise,178,-0.06610488891601562,False
624:colon:head:678:Q,noise,186,-0.0218505859375,False
624:colon:head:678:Q,noise,192,-0.05291748046875,False
624:colon:head:678:Q,noise,196,-0.03857421875,False
624:colon:head:690:KV,noise,0,0.003753662109375,False
624:colon:head:690:KV,noise,16,0.00177001953125,False
624:colon:head:690:KV,noise,32,0.00146484375,False
624:colon:head:690:KV,noise,48,0.002288818359375,False
624:colon:head:690:KV,noise,56,-0.0018157958984375,False
624:colon:head:690:KV,noise,64,0.000732421875,False
624:colon:head:690:KV,noise,82,0.00018310546875,False
624:colon:head:690:KV,noise,96,-0.0009918212890625,False
624:colon:head:690:KV,noise,98,-0.0020751953125,False
624:colon:head:690:KV,noise,102,-0.00070953369140625,False
624:colon:head:690:KV,noise,116,-0.00341796875,False
624:colon:head:690:KV,noise,130,0.00030517578125,False
624:colon:head:690:KV,noise,150,0.00140380859375,False
624:colon:head:690:KV,noise,154,0.001220703125,False
624:colon:head:690:KV,noise,162,0.000732421875,False
624:colon:head:690:KV,noise,176,-0.0028076171875,False
624:colon:head:690:KV,noise,178,-0.003093719482421875,False
624:colon:head:690:KV,noise,186,0.00048828125,False
624:colon:head:690:KV,noise,192,-0.00469970703125,False
624:colon:head:690:KV,noise,196,0.0,False
624:colon:head:690:Q,noise,0,-0.0244140625,False
624:colon:head:690:Q,noise,16,-0.00811767578125,False
624:colon:head:690:Q,noise,32,-0.0068359375,False
624:colon:head:690:Q,noise,48,-0.02330780029296875,False
624:colon:head:690:Q,noise,56,-0.01849365234375,False
624:colon:head:690:Q,noise,64,-0.00830078125,False
624:colon:head:690:Q,noise,82,-0.02972412109375,False
624:colon:head:690:Q,noise,96,-0.00795745849609375,False
624:colon:head:690:Q,noise,98,-0.00433349609375,False
624:colon:head:690:Q,noise,102,-0.036457061767578125,False
624:colon:head:690:Q,noise,116,-0.03387451171875,False
624:colon:head:690:Q,noise,130,0.0302581787109375,False
624:colon:head:690:Q,noise,150,-0.0062255859375,False
624:colon:head:690:Q,noise,154,-0.0299072265625,False
624:colon:head:690:Q,noise,162,-0.01123046875,False
624:colon:head:690:Q,noise,176,-0.029052734375,False
624:colon:head:690:Q,noise,178,-0.05730438232421875,False
624:colon:head:690:Q,noise,186,-0.019775390625,False
624:colon:head:690:Q,noise,192,-0.01800537109375,False
624:colon:head:690:Q,noise,196,-0.0283203125,False
624:colon:head:695:KV,noise,0,-0.129241943359375,False
624:colon:head:695:KV,noise,16,-0.0399322509765625,False
624:colon:head:695:KV,noise,32,-0.216949462890625,False
624:colon:head:695:KV,noise,48,-0.1657567024230957,False
624:colon:head:695:KV,noise,56,-0.0218505859375,False
624:colon:head:695:KV,noise,64,-0.02685546875,False
624:colon:head:695:KV,noise,82,-0.1666259765625,False
624:colon:head:695:KV,noise,96,-0.251739501953125,False
624:colon:head:695:KV,noise,98,-0.24493408203125,False
624:colon:head:695:KV,noise,102,-0.44481658935546875,False
624:colon:head:695:KV,noise,116,-0.05029296875,False
624:colon:head:695:KV,noise,130,-0.1656646728515625,False
624:colon:head:695:KV,noise,150,-0.05694580078125,False
624:colon:head:695:KV,noise,154,-0.04345703125,False
624:colon:head:695:KV,noise,162,-0.136474609375,False
624:colon:head:695:KV,noise,176,-0.0579833984375,False
624:colon:head:695:KV,noise,178,-0.17007827758789062,False
624:colon:head:695:KV,noise,186,-0.1552734375,False
624:colon:head:695:KV,noise,192,-0.07318115234375,False
624:colon:head:695:KV,noise,196,-0.10009765625,False
624:colon:head:695:Q,noise,0,-0.00421142578125,False
624:colon:head:695:Q,noise,16,0.005645751953125,False
624:colon:head:695:Q,noise,32,0.0028839111328125,False
624:colon:head:695:Q,noise,48,-0.003753662109375,False
624:colon:head:695:Q,noise,56,-0.0079193115234375,False
624:colon:head:695:Q,noise,64,0.00152587890625,False
624:colon:head:695:Q,noise,82,0.0050048828125,False
624:colon:head:695:Q,noise,96,-0.01694488525390625,False
624:colon:head:695:Q,noise,98,0.03271484375,False
624:colon:head:695:Q,noise,102,-0.00677490234375,False
624:colon:head:695:Q,noise,116,-0.00396728515625,False
624:colon:head:695:Q,noise,130,0.00018310546875,False
624:colon:head:695:Q,noise,150,-0.006744384765625,False
624:colon:head:695:Q,noise,154,0.00067138671875,False
624:colon:head:695:Q,noise,162,-0.0107421875,False
624:colon:head:695:Q,noise,176,-0.00341796875,False
624:colon:head:695:Q,noise,178,-0.015567779541015625,False
624:colon:head:695:Q,noise,186,0.00225830078125,False
624:colon:head:695:Q,noise,192,0.00494384765625,False
624:colon:head:695:Q,noise,196,-0.0126953125,False
624:colon:head:709:KV,noise,0,0.00030517578125,False
624:colon:head:709:KV,noise,16,-0.000823974609375,False
624:colon:head:709:KV,noise,32,-0.0006561279296875,False
624:colon:head:709:KV,noise,48,0.0042266845703125,False
624:colon:head:709:KV,noise,56,-0.00079345703125,False
624:colon:head:709:KV,noise,64,0.0025634765625,False
624:colon:head:709:KV,noise,82,0.00244140625,False
624:colon:head:709:KV,noise,96,0.0015869140625,False
624:colon:head:709:KV,noise,98,-0.001953125,False
624:colon:head:709:KV,noise,102,0.0011138916015625,False
624:colon:head:709:KV,noise,116,0.0003662109375,False
624:colon:head:709:KV,noise,130,0.0027008056640625,False
624:colon:head:709:KV,noise,150,0.001678466796875,False
624:colon:head:709:KV,noise,154,0.0020751953125,False
624:colon:head:709:KV,noise,162,0.002685546875,False
624:colon:head:709:KV,noise,176,-0.000732421875,False
624:colon:head:709:KV,noise,178,-0.000385284423828125,False
624:colon:head:709:KV,noise,186,-0.00067138671875,False
624:colon:head:709:KV,noise,192,0.000732421875,False
624:colon:head:709:KV,noise,196,0.00048828125,False
624:colon:head:709:Q,noise,0,-0.009857177734375,False
624:colon:head:709:Q,noise,16,-0.0325927734375,False
624:colon:head:709:Q,noise,32,-0.0277252197265625,False
624:colon:head:709:Q,noise,48,-0.0695343017578125,False
624:colon:head:709:Q,noise,56,-0.003204345703125,False
624:colon:head:709:Q,noise,64,-0.01580810546875,False
624:colon:head:709:Q,noise,82,-0.0455322265625,False
624:colon:head:709:Q,noise,96,-0.16120147705078125,False
624:colon:head:709:Q,noise,98,-0.03546142578125,False
624:colon:head:709:Q,noise,102,-0.0825653076171875,False
624:colon:head:709:Q,noise,116,-0.0792236328125,False
624:colon:head:709:Q,noise,130,-0.0729522705078125,False
624:colon:head:709:Q,noise,150,-0.018463134765625,False
624:colon:head:709:Q,noise,154,-0.0699462890625,False
624:colon:head:709:Q,noise,162,-0.051513671875,False
624:colon:head:709:Q,noise,176,-0.05908203125,False
624:colon:head:709:Q,noise,178,-0.14558029174804688,False
624:colon:head:709:Q,noise,186,-0.0758056640625,False
624:colon:head:709:Q,noise,192,-0.04486083984375,False
624:colon:head:709:Q,noise,196,-0.05078125,False
624:colon:head:751:KV,noise,0,0.00115966796875,False
624:colon:head:751:KV,noise,16,0.0012359619140625,False
624:colon:head:751:KV,noise,32,0.000244140625,False
624:colon:head:751:KV,noise,48,0.0004425048828125,False
624:colon:head:751:KV,noise,56,-0.004791259765625,False
624:colon:head:751:KV,noise,64,-0.00164794921875,False
624:colon:head:751:KV,noise,82,0.0,False
624:colon:head:751:KV,noise,96,-0.00150299072265625,False
624:colon:head:751:KV,noise,98,-0.00128173828125,False
624:colon:head:751:KV,noise,102,0.0001678466796875,False
624:colon:head:751:KV,noise,116,-0.00146484375,False
624:colon:head:751:KV,noise,130,0.0008087158203125,False
624:colon:head:751:KV,noise,150,-0.00030517578125,False
624:colon:head:751:KV,noise,154,-0.000732421875,False
624:colon:head:751:KV,noise,162,0.000244140625,False
624:colon:head:751:KV,noise,176,-0.00146484375,False
624:colon:head:751:KV,noise,178,0.000713348388671875,False
624:colon:head:751:KV,noise,186,-0.00177001953125,False
624:colon:head:751:KV,noise,192,-0.00048828125,False
624:colon:head:751:KV,noise,196,0.0,False
624:colon:head:751:Q,noise,0,0.04705810546875,False
624:colon:head:751:Q,noise,16,0.0089263916015625,False
624:colon:head:751:Q,noise,32,0.06207275390625,False
624:colon:head:751:Q,noise,48,0.0478973388671875,False
624:colon:head:751:Q,noise,56,0.0091552734375,False
624:colon:head:751:Q,noise,64,0.009765625,False
624:colon:head:751:Q,noise,82,0.04620361328125,False
624:colon:head:751:Q,noise,96,0.07092666625976562,False
624:colon:head:751:Q,noise,98,0.066497802734375,False
624:colon:head:751:Q,noise,102,0.05249786376953125,False
624:colon:head:751:Q,noise,116,0.07763671875,False
624:colon:head:751:Q,noise,130,0.1067352294921875,False
624:colon:head:751:Q,noise,150,0.027374267578125,False
624:colon:head:751:Q,noise,154,0.04150390625,False
624:colon:head:751:Q,noise,162,0.022705078125,False
624:colon:head:751:Q,noise,176,0.0078125,False
624:colon:head:751:Q,noise,178,-0.031543731689453125,False
624:colon:head:751:Q,noise,186,0.07305908203125,False
624:colon:head:751:Q,noise,192,0.0159912109375,False
624:colon:head:751:Q,noise,196,0.0068359375,False
624:colon:head:787:KV,noise,0,0.003143310546875,False
624:colon:head:787:KV,noise,16,0.0008087158203125,False
624:colon:head:787:KV,noise,32,-0.0035247802734375,False
624:colon:head:787:KV,noise,48,0.00115966796875,False
624:colon:head:787:KV,noise,56,-0.0028533935546875,False
624:colon:head:787:KV,noise,64,-0.0015869140625,False
624:colon:head:787:KV,noise,82,0.00225830078125,False
624:colon:head:787:KV,noise,96,-0.00167083740234375,False
624:colon:head:787:KV,noise,98,-0.000244140625,False
624:colon:head:787:KV,noise,102,0.00072479248046875,False
624:colon:head:787:KV,noise,116,-0.00079345703125,False
624:colon:head:787:KV,noise,130,0.0004119873046875,False
624:colon:head:787:KV,noise,150,0.00079345703125,False
624:colon:head:787:KV,noise,154,0.000244140625,False
624:colon:head:787:KV,noise,162,0.00048828125,False
624:colon:head:787:KV,noise,176,-0.0010986328125,False
624:colon:head:787:KV,noise,178,-0.003620147705078125,False
624:colon:head:787:KV,noise,186,-0.001708984375,False
624:colon:head:787:KV,noise,192,0.00079345703125,False
624:colon:head:787:KV,noise,196,0.0009765625,False
624:colon:head:787:Q,noise,0,-0.02032470703125,False
624:colon:head:787:Q,noise,16,-0.0112457275390625,False
624:colon:head:787:Q,noise,32,-0.0148468017578125,False
624:colon:head:787:Q,noise,48,-0.03031158447265625,False
624:colon:head:787:Q,noise,56,-0.0045013427734375,False
624:colon:head:787:Q,noise,64,-0.00286865234375,False
624:colon:head:787:Q,noise,82,-0.013916015625,False
624:colon:head:787:Q,noise,96,-0.06755828857421875,False
624:colon:head:787:Q,noise,98,-0.024169921875,False
624:colon:head:787:Q,noise,102,-0.0181427001953125,False
624:colon:head:787:Q,noise,116,-0.02447509765625,False
624:colon:head:787:Q,noise,130,-0.020782470703125,False
624:colon:head:787:Q,noise,150,-0.009429931640625,False
624:colon:head:787:Q,noise,154,-0.04638671875,False
624:colon:head:787:Q,noise,162,-0.0126953125,False
624:colon:head:787:Q,noise,176,-0.0225830078125,False
624:colon:head:787:Q,noise,178,-0.022922515869140625,False
624:colon:head:787:Q,noise,186,-0.01751708984375,False
624:colon:head:787:Q,noise,192,-0.01202392578125,False
624:colon:head:787:Q,noise,196,-0.01953125,False
624:colon:head:817:KV,noise,0,-0.040618896484375,False
624:colon:head:817:KV,noise,16,-0.01024627685546875,False
624:colon:head:817:KV,noise,32,-0.12310791015625,False
624:colon:head:817:KV,noise,48,-0.09181976318359375,False
624:colon:head:817:KV,noise,56,-0.029815673828125,False
624:colon:head:817:KV,noise,64,-0.0146484375,False
624:colon:head:817:KV,noise,82,-0.1114501953125,False
624:colon:head:817:KV,noise,96,-0.10160064697265625,False
624:colon:head:817:KV,noise,98,-0.071563720703125,False
624:colon:head:817:KV,noise,102,-0.11673355102539062,False
624:colon:head:817:KV,noise,116,-0.1456298828125,False
624:colon:head:817:KV,noise,130,-0.1200408935546875,False
624:colon:head:817:KV,noise,150,-0.0321044921875,False
624:colon:head:817:KV,noise,154,-0.03704833984375,False
624:colon:head:817:KV,noise,162,-0.0341796875,False
624:colon:head:817:KV,noise,176,-0.06982421875,False
624:colon:head:817:KV,noise,178,-0.09617233276367188,False
624:colon:head:817:KV,noise,186,-0.04791259765625,False
624:colon:head:817:KV,noise,192,-0.04949951171875,False
624:colon:head:817:KV,noise,196,-0.02587890625,False
624:colon:head:817:Q,noise,0,0.009368896484375,False
624:colon:head:817:Q,noise,16,0.0066680908203125,False
624:colon:head:817:Q,noise,32,-0.0054168701171875,False
624:colon:head:817:Q,noise,48,0.00774383544921875,False
624:colon:head:817:Q,noise,56,-0.0069732666015625,False
624:colon:head:817:Q,noise,64,0.00146484375,False
624:colon:head:817:Q,noise,82,0.0045166015625,False
624:colon:head:817:Q,noise,96,0.02315521240234375,False
624:colon:head:817:Q,noise,98,0.004547119140625,False
624:colon:head:817:Q,noise,102,0.01389312744140625,False
624:colon:head:817:Q,noise,116,0.0057373046875,False
624:colon:head:817:Q,noise,130,0.0067901611328125,False
624:colon:head:817:Q,noise,150,0.00677490234375,False
624:colon:head:817:Q,noise,154,0.00555419921875,False
624:colon:head:817:Q,noise,162,0.000732421875,False
624:colon:head:817:Q,noise,176,0.0113525390625,False
624:colon:head:817:Q,noise,178,0.017669677734375,False
624:colon:head:817:Q,noise,186,0.01959228515625,False
624:colon:head:817:Q,noise,192,-0.00677490234375,False
624:colon:head:817:Q,noise,196,-0.0009765625,False
624:colon:head:855:KV,noise,0,0.000732421875,False
624:colon:head:855:KV,noise,16,0.0026702880859375,False
624:colon:head:855:KV,noise,32,0.0013275146484375,False
624:colon:head:855:KV,noise,48,0.00099945068359375,False
624:colon:head:855:KV,noise,56,-0.0019378662109375,False
624:colon:head:855:KV,noise,64,0.00018310546875,False
624:colon:head:855:KV,noise,82,-6.103515625e-05,False
624:colon:head:855:KV,noise,96,0.0001678466796875,False
624:colon:head:855:KV,noise,98,0.000640869140625,False
624:colon:head:855:KV,noise,102,-0.0019073486328125,False
624:colon:head:855:KV,noise,116,-0.0018310546875,False
624:colon:head:855:KV,noise,130,0.00238037109375,False
624:colon:head:855:KV,noise,150,0.00177001953125,False
624:colon:head:855:KV,noise,154,0.00140380859375,False
624:colon:head:855:KV,noise,162,-0.000244140625,False
624:colon:head:855:KV,noise,176,-0.0029296875,False
624:colon:head:855:KV,noise,178,0.0028533935546875,False
624:colon:head:855:KV,noise,186,0.000244140625,False
624:colon:head:855:KV,noise,192,-0.00018310546875,False
624:colon:head:855:KV,noise,196,0.00146484375,False
624:colon:head:855:Q,noise,0,0.0189208984375,False
624:colon:head:855:Q,noise,16,0.0035400390625,False
624:colon:head:855:Q,noise,32,0.0595855712890625,False
624:colon:head:855:Q,noise,48,0.0105438232421875,False
624:colon:head:855:Q,noise,56,-0.0016326904296875,False
624:colon:head:855:Q,noise,64,0.00421142578125,False
624:colon:head:855:Q,noise,82,0.00433349609375,False
624:colon:head:855:Q,noise,96,0.010498046875,False
624:colon:head:855:Q,noise,98,0.00323486328125,False
624:colon:head:855:Q,noise,102,0.02989959716796875,False
624:colon:head:855:Q,noise,116,0.00030517578125,False
624:colon:head:855:Q,noise,130,0.003387451171875,False
624:colon:head:855:Q,noise,150,0.012298583984375,False
624:colon:head:855:Q,noise,154,0.01007080078125,False
624:colon:head:855:Q,noise,162,0.0009765625,False
624:colon:head:855:Q,noise,176,0.0003662109375,False
624:colon:head:855:Q,noise,178,0.0113525390625,False
624:colon:head:855:Q,noise,186,0.0052490234375,False
624:colon:head:855:Q,noise,192,0.00201416015625,False
624:colon:head:855:Q,noise,196,0.00634765625,False
624:colon:head:870:KV,noise,0,0.001922607421875,False
624:colon:head:870:KV,noise,16,0.002105712890625,False
624:colon:head:870:KV,noise,32,0.001922607421875,False
624:colon:head:870:KV,noise,48,0.00115966796875,False
624:colon:head:870:KV,noise,56,-0.0034027099609375,False
624:colon:head:870:KV,noise,64,6.103515625e-05,False
624:colon:head:870:KV,noise,82,0.000732421875,False
624:colon:head:870:KV,noise,96,-0.00115966796875,False
624:colon:head:870:KV,noise,98,-0.000396728515625,False
624:colon:head:870:KV,noise,102,0.0013580322265625,False
624:colon:head:870:KV,noise,116,-0.00115966796875,False
624:colon:head:870:KV,noise,130,-0.0014495849609375,False
624:colon:head:870:KV,noise,150,0.000579833984375,False
624:colon:head:870:KV,noise,154,0.00152587890625,False
624:colon:head:870:KV,noise,162,-0.001708984375,False
624:colon:head:870:KV,noise,176,0.0,False
624:colon:head:870:KV,noise,178,-0.002178192138671875,False
624:colon:head:870:KV,noise,186,-0.00189208984375,False
624:colon:head:870:KV,noise,192,-0.001220703125,False
624:colon:head:870:KV,noise,196,0.00048828125,False
624:colon:head:870:Q,noise,0,0.0108642578125,False
624:colon:head:870:Q,noise,16,-0.06652069091796875,False
624:colon:head:870:Q,noise,32,0.0136260986328125,False
624:colon:head:870:Q,noise,48,-0.24260520935058594,False
624:colon:head:870:Q,noise,56,-0.10986328125,False
624:colon:head:870:Q,noise,64,-0.09002685546875,False
624:colon:head:870:Q,noise,82,-0.104248046875,False
624:colon:head:870:Q,noise,96,-0.02667999267578125,False
624:colon:head:870:Q,noise,98,-0.226776123046875,False
624:colon:head:870:Q,noise,102,-0.1098480224609375,False
624:colon:head:870:Q,noise,116,-0.267822265625,False
624:colon:head:870:Q,noise,130,-0.309234619140625,False
624:colon:head:870:Q,noise,150,-0.007232666015625,False
624:colon:head:870:Q,noise,154,-0.11370849609375,False
624:colon:head:870:Q,noise,162,-0.105224609375,False
624:colon:head:870:Q,noise,176,-0.11865234375,False
624:colon:head:870:Q,noise,178,-0.19339370727539062,False
624:colon:head:870:Q,noise,186,-0.19830322265625,False
624:colon:head:870:Q,noise,192,-0.16912841796875,False
624:colon:head:870:Q,noise,196,-0.06591796875,False
624:colon:head:973:KV,noise,0,-0.0072021484375,False
624:colon:head:973:KV,noise,16,-0.0033111572265625,False
624:colon:head:973:KV,noise,32,-0.0027008056640625,False
624:colon:head:973:KV,noise,48,-0.016632080078125,False
624:colon:head:973:KV,noise,56,0.0001678466796875,False
624:colon:head:973:KV,noise,64,-0.00274658203125,False
624:colon:head:973:KV,noise,82,-0.0462646484375,False
624:colon:head:973:KV,noise,96,-0.0062103271484375,False
624:colon:head:973:KV,noise,98,-0.006622314453125,False
624:colon:head:973:KV,noise,102,-0.02280426025390625,False
624:colon:head:973:KV,noise,116,-0.01800537109375,False
624:colon:head:973:KV,noise,130,-0.0192413330078125,False
624:colon:head:973:KV,noise,150,-0.006866455078125,False
624:colon:head:973:KV,noise,154,-0.00115966796875,False
624:colon:head:973:KV,noise,162,-0.0107421875,False
624:colon:head:973:KV,noise,176,-0.0054931640625,False
624:colon:head:973:KV,noise,178,-0.016132354736328125,False
624:colon:head:973:KV,noise,186,-0.00506591796875,False
624:colon:head:973:KV,noise,192,-0.00567626953125,False
624:colon:head:973:KV,noise,196,-0.009765625,False
624:colon:head:973:Q,noise,0,0.00286865234375,False
624:colon:head:973:Q,noise,16,0.00048828125,False
624:colon:head:973:Q,noise,32,-0.0081787109375,False
624:colon:head:973:Q,noise,48,0.0022430419921875,False
624:colon:head:973:Q,noise,56,-0.011566162109375,False
624:colon:head:973:Q,noise,64,0.00225830078125,False
624:colon:head:973:Q,noise,82,-0.00830078125,False
624:colon:head:973:Q,noise,96,-0.003143310546875,False
624:colon:head:973:Q,noise,98,-0.006683349609375,False
624:colon:head:973:Q,noise,102,0.000518798828125,False
624:colon:head:973:Q,noise,116,-0.006103515625,False
624:colon:head:973:Q,noise,130,0.01055908203125,False
624:colon:head:973:Q,noise,150,-0.002044677734375,False
624:colon:head:973:Q,noise,154,-0.0040283203125,False
624:colon:head:973:Q,noise,162,-0.00341796875,False
624:colon:head:973:Q,noise,176,0.0,False
624:colon:head:973:Q,noise,178,-0.002185821533203125,False
624:colon:head:973:Q,noise,186,-0.00067138671875,False
624:colon:head:973:Q,noise,192,-0.00543212890625,False
624:colon:head:973:Q,noise,196,-0.0009765625,False
624:colon:head:978:KV,noise,0,-0.000335693359375,False
624:colon:head:978:KV,noise,16,0.0001373291015625,False
624:colon:head:978:KV,noise,32,0.00140380859375,False
624:colon:head:978:KV,noise,48,3.814697265625e-05,False
624:colon:head:978:KV,noise,56,-0.003631591796875,False
624:colon:head:978:KV,noise,64,0.00091552734375,False
624:colon:head:978:KV,noise,82,0.00067138671875,False
624:colon:head:978:KV,noise,96,0.00063323974609375,False
624:colon:head:978:KV,noise,98,9.1552734375e-05,False
624:colon:head:978:KV,noise,102,0.00022125244140625,False
624:colon:head:978:KV,noise,116,0.00030517578125,False
624:colon:head:978:KV,noise,130,-0.0003662109375,False
624:colon:head:978:KV,noise,150,-9.1552734375e-05,False
624:colon:head:978:KV,noise,154,0.00042724609375,False
624:colon:head:978:KV,noise,162,-0.000244140625,False
624:colon:head:978:KV,noise,176,0.0,False
624:colon:head:978:KV,noise,178,0.000606536865234375,False
624:colon:head:978:KV,noise,186,-0.0018310546875,False
624:colon:head:978:KV,noise,192,-0.000732421875,False
624:colon:head:978:KV,noise,196,0.0,False
624:colon:head:978:Q,noise,0,-0.015167236328125,False
624:colon:head:978:Q,noise,16,-0.0245513916015625,False
624:colon:head:978:Q,noise,32,-0.033203125,False
624:colon:head:978:Q,noise,48,-0.2129058837890625,False
624:colon:head:978:Q,noise,56,-0.0889739990234375,False
624:colon:head:978:Q,noise,64,0.00701904296875,False
624:colon:head:978:Q,noise,82,-0.1217041015625,False
624:colon:head:978:Q,noise,96,-0.026153564453125,False
624:colon:head:978:Q,noise,98,-0.040496826171875,False
624:colon:head:978:Q,noise,102,-0.32161712646484375,False
624:colon:head:978:Q,noise,116,-0.10736083984375,False
624:colon:head:978:Q,noise,130,-0.2218475341796875,False
624:colon:head:978:Q,noise,150,-0.024383544921875,False
624:colon:head:978:Q,noise,154,-0.10626220703125,False
624:colon:head:978:Q,noise,162,-0.059326171875,False
624:colon:head:978:Q,noise,176,-0.0758056640625,False
624:colon:head:978:Q,noise,178,-0.20793533325195312,False
624:colon:head:978:Q,noise,186,-0.07568359375,False
624:colon:head:978:Q,noise,192,-0.05718994140625,False
624:colon:head:978:Q,noise,196,-0.09619140625,False
624:colon:mlp:19:,noise,0,-0.026214599609375,False
624:colon:mlp:19:,noise,16,-0.0181884765625,False
624:colon:mlp:19:,noise,32,-0.09478759765625,False
624:colon:mlp:19:,noise,48,-0.0146026611328125,False
624:colon:mlp:19:,noise,56,-0.086944580078125,False
624:colon:mlp:19:,noise,64,-0.0748291015625,False
624:colon:mlp:19:,noise,82,-0.118408203125,False
624:colon:mlp:19:,noise,96,-0.21527862548828125,False
624:colon:mlp:19:,noise,98,-0.143798828125,False
624:colon:mlp:19:,noise,102,-0.13985443115234375,False
624:colon:mlp:19:,noise,116,-0.0889892578125,False
624:colon:mlp:19:,noise,130,-0.1853485107421875,False
624:colon:mlp:19:,noise,150,-0.0469970703125,False
624:colon:mlp:19:,noise,154,-0.0570068359375,False
624:colon:mlp:19:,noise,162,-0.189453125,False
624:colon:mlp:19:,noise,176,-0.0543212890625,False
624:colon:mlp:19:,noise,178,-0.09573745727539062,False
624:colon:mlp:19:,noise,186,-0.0577392578125,False
624:colon:mlp:19:,noise,192,-0.11346435546875,False
624:colon:mlp:19:,noise,196,-0.07861328125,False
624:colon:mlp:20:,noise,0,0.003570556640625,False
624:colon:mlp:20:,noise,16,-5.340576171875e-05,False
624:colon:mlp:20:,noise,32,-0.0233917236328125,False
624:colon:mlp:20:,noise,48,-0.0185699462890625,False
624:colon:mlp:20:,noise,56,-0.04583740234375,False
624:colon:mlp:20:,noise,64,0.0001220703125,False
624:colon:mlp:20:,noise,82,-0.015869140625,False
624:colon:mlp:20:,noise,96,-0.04332733154296875,False
624:colon:mlp:20:,noise,98,-0.006561279296875,False
624:colon:mlp:20:,noise,102,-0.0341033935546875,False
624:colon:mlp:20:,noise,116,0.02392578125,False
624:colon:mlp:20:,noise,130,0.04010009765625,False
624:colon:mlp:20:,noise,150,-0.01873779296875,False
624:colon:mlp:20:,noise,154,0.00640869140625,False
624:colon:mlp:20:,noise,162,-0.031494140625,False
624:colon:mlp:20:,noise,176,-0.0244140625,False
624:colon:mlp:20:,noise,178,0.034015655517578125,False
624:colon:mlp:20:,noise,186,-0.00213623046875,False
624:colon:mlp:20:,noise,192,-0.02398681640625,False
624:colon:mlp:20:,noise,196,-0.017578125,False
641:colon:bypass:31:,noise,0,-0.31646728515625,False
641:colon:bypass:31:,noise,16,-0.0752105712890625,False
641:colon:bypass:31:,noise,32,-0.5423431396484375,False
641:colon:bypass:31:,noise,48,-0.2389678955078125,False
641:colon:bypass:31:,noise,56,-0.2757720947265625,False
641:colon:bypass:31:,noise,64,-0.1661376953125,False
641:colon:bypass:31:,noise,82,-0.4822998046875,False
641:colon:bypass:31:,noise,96,-0.6633377075195312,False
641:colon:bypass:31:,noise,98,-0.14892578125,False
641:colon:bypass:31:,noise,102,-0.7184219360351562,False
641:colon:bypass:31:,noise,116,-0.27294921875,False
641:colon:bypass:31:,noise,130,-0.4828643798828125,False
641:colon:bypass:31:,noise,150,-0.417266845703125,False
641:colon:bypass:31:,noise,154,-0.312652587890625,False
641:colon:bypass:31:,noise,162,-0.412353515625,False
641:colon:bypass:31:,noise,176,-0.44091796875,False
641:colon:bypass:31:,noise,178,-0.4108772277832031,False
641:colon:bypass:31:,noise,186,-0.2548675537109375,False
641:colon:bypass:31:,noise,192,-0.47601318359375,False
641:colon:bypass:31:,noise,196,-0.140625,False
641:colon:head:678:KV,noise,0,0.003387451171875,False
641:colon:head:678:KV,noise,16,-9.1552734375e-05,False
641:colon:head:678:KV,noise,32,-0.0019378662109375,False
641:colon:head:678:KV,noise,48,0.00176239013671875,False
641:colon:head:678:KV,noise,56,-0.002197265625,False
641:colon:head:678:KV,noise,64,0.00079345703125,False
641:colon:head:678:KV,noise,82,0.00079345703125,False
641:colon:head:678:KV,noise,96,0.0012359619140625,False
641:colon:head:678:KV,noise,98,-0.001922607421875,False
641:colon:head:678:KV,noise,102,0.0039825439453125,False
641:colon:head:678:KV,noise,116,-0.00372314453125,False
641:colon:head:678:KV,noise,130,0.001495361328125,False
641:colon:head:678:KV,noise,150,0.003570556640625,False
641:colon:head:678:KV,noise,154,0.00372314453125,False
641:colon:head:678:KV,noise,162,0.001708984375,False
641:colon:head:678:KV,noise,176,0.0009765625,False
641:colon:head:678:KV,noise,178,-0.003467559814453125,False
641:colon:head:678:KV,noise,186,-0.0013427734375,False
641:colon:head:678:KV,noise,192,-0.00030517578125,False
641:colon:head:678:KV,noise,196,0.00341796875,False
641:colon:head:678:Q,noise,0,-0.02496337890625,False
641:colon:head:678:Q,noise,16,-0.0210723876953125,False
641:colon:head:678:Q,noise,32,-0.0246734619140625,False
641:colon:head:678:Q,noise,48,-0.08648204803466797,False
641:colon:head:678:Q,noise,56,-0.011810302734375,False
641:colon:head:678:Q,noise,64,-0.02264404296875,False
641:colon:head:678:Q,noise,82,-0.142578125,False
641:colon:head:678:Q,noise,96,-0.06217193603515625,False
641:colon:head:678:Q,noise,98,-0.095550537109375,False
641:colon:head:678:Q,noise,102,-0.15390491485595703,False
641:colon:head:678:Q,noise,116,-0.01800537109375,False
641:colon:head:678:Q,noise,130,-0.0188751220703125,False
641:colon:head:678:Q,noise,150,-0.013458251953125,False
641:colon:head:678:Q,noise,154,-0.04718017578125,False
641:colon:head:678:Q,noise,162,-0.0322265625,False
641:colon:head:678:Q,noise,176,-0.07275390625,False
641:colon:head:678:Q,noise,178,-0.07567977905273438,False
641:colon:head:678:Q,noise,186,-0.01788330078125,False
641:colon:head:678:Q,noise,192,-0.15887451171875,False
641:colon:head:678:Q,noise,196,-0.04638671875,False
641:colon:head:690:KV,noise,0,0.00140380859375,False
641:colon:head:690:KV,noise,16,-0.0001983642578125,False
641:colon:head:690:KV,noise,32,-0.001312255859375,False
641:colon:head:690:KV,noise,48,0.0015716552734375,False
641:colon:head:690:KV,noise,56,-0.00299072265625,False
641:colon:head:690:KV,noise,64,-0.0006103515625,False
641:colon:head:690:KV,noise,82,0.0001220703125,False
641:colon:head:690:KV,noise,96,0.00217437744140625,False
641:colon:head:690:KV,noise,98,-0.0009765625,False
641:colon:head:690:KV,noise,102,0.00012969970703125,False
641:colon:head:690:KV,noise,116,-0.00250244140625,False
641:colon:head:690:KV,noise,130,0.0009765625,False
641:colon:head:690:KV,noise,150,3.0517578125e-05,False
641:colon:head:690:KV,noise,154,0.00091552734375,False
641:colon:head:690:KV,noise,162,-0.002197265625,False
641:colon:head:690:KV,noise,176,-0.0013427734375,False
641:colon:head:690:KV,noise,178,-0.00211334228515625,False
641:colon:head:690:KV,noise,186,0.000732421875,False
641:colon:head:690:KV,noise,192,-0.00311279296875,False
641:colon:head:690:KV,noise,196,-0.00048828125,False
641:colon:head:690:Q,noise,0,-0.044891357421875,False
641:colon:head:690:Q,noise,16,-0.0087890625,False
641:colon:head:690:Q,noise,32,-0.053375244140625,False
641:colon:head:690:Q,noise,48,-0.0360870361328125,False
641:colon:head:690:Q,noise,56,-0.02520751953125,False
641:colon:head:690:Q,noise,64,0.00225830078125,False
641:colon:head:690:Q,noise,82,-0.0262451171875,False
641:colon:head:690:Q,noise,96,-0.0071258544921875,False
641:colon:head:690:Q,noise,98,-0.02935791015625,False
641:colon:head:690:Q,noise,102,-0.017242431640625,False
641:colon:head:690:Q,noise,116,-0.04571533203125,False
641:colon:head:690:Q,noise,130,0.0229949951171875,False
641:colon:head:690:Q,noise,150,0.001678466796875,False
641:colon:head:690:Q,noise,154,-0.0550537109375,False
641:colon:head:690:Q,noise,162,-0.009521484375,False
641:colon:head:690:Q,noise,176,-0.0390625,False
641:colon:head:690:Q,noise,178,-0.040836334228515625,False
641:colon:head:690:Q,noise,186,-0.0274658203125,False
641:colon:head:690:Q,noise,192,-0.06585693359375,False
641:colon:head:690:Q,noise,196,-0.03125,False
641:colon:head:695:KV,noise,0,-0.20361328125,False
641:colon:head:695:KV,noise,16,-0.0661163330078125,False
641:colon:head:695:KV,noise,32,-0.312652587890625,False
641:colon:head:695:KV,noise,48,-0.286468505859375,False
641:colon:head:695:KV,noise,56,-0.02911376953125,False
641:colon:head:695:KV,noise,64,-0.060302734375,False
641:colon:head:695:KV,noise,82,-0.369140625,False
641:colon:head:695:KV,noise,96,-0.5488510131835938,False
641:colon:head:695:KV,noise,98,-0.34002685546875,False
641:colon:head:695:KV,noise,102,-1.0860595703125,False
641:colon:head:695:KV,noise,116,-0.06219482421875,False
641:colon:head:695:KV,noise,130,-0.2797088623046875,False
641:colon:head:695:KV,noise,150,-0.140899658203125,False
641:colon:head:695:KV,noise,154,-0.11505126953125,False
641:colon:head:695:KV,noise,162,-0.310302734375,False
641:colon:head:695:KV,noise,176,-0.10693359375,False
641:colon:head:695:KV,noise,178,-0.20032119750976562,False
641:colon:head:695:KV,noise,186,-0.24713134765625,False
641:colon:head:695:KV,noise,192,-0.25323486328125,False
641:colon:head:695:KV,noise,196,-0.15625,False
641:colon:head:695:Q,noise,0,-0.002532958984375,False
641:colon:head:695:Q,noise,16,-0.0042724609375,False
641:colon:head:695:Q,noise,32,0.0401458740234375,False
641:colon:head:695:Q,noise,48,0.0010833740234375,False
641:colon:head:695:Q,noise,56,-0.004150390625,False
641:colon:head:695:Q,noise,64,-0.001953125,False
641:colon:head:695:Q,noise,82,0.03668212890625,False
641:colon:head:695:Q,noise,96,0.0105133056640625,False
641:colon:head:695:Q,noise,98,-0.000213623046875,False
641:colon:head:695:Q,noise,102,-0.0674896240234375,False
641:colon:head:695:Q,noise,116,-0.00555419921875,False
641:colon:head:695:Q,noise,130,-0.0014190673828125,False
641:colon:head:695:Q,noise,150,-0.008148193359375,False
641:colon:head:695:Q,noise,154,0.0107421875,False
641:colon:head:695:Q,noise,162,-0.00634765625,False
641:colon:head:695:Q,noise,176,0.0,False
641:colon:head:695:Q,noise,178,-0.004421234130859375,False
641:colon:head:695:Q,noise,186,-0.001708984375,False
641:colon:head:695:Q,noise,192,-0.00921630859375,False
641:colon:head:695:Q,noise,196,-0.0166015625,False
641:colon:head:709:KV,noise,0,0.00152587890625,False
641:colon:head:709:KV,noise,16,0.0004119873046875,False
641:colon:head:709:KV,noise,32,-0.000396728515625,False
641:colon:head:709:KV,noise,48,0.0014495849609375,False
641:colon:head:709:KV,noise,56,-0.000335693359375,False
641:colon:head:709:KV,noise,64,-0.00115966796875,False
641:colon:head:709:KV,noise,82,0.001953125,False
641:colon:head:709:KV,noise,96,0.0022125244140625,False
641:colon:head:709:KV,noise,98,-0.000732421875,False
641:colon:head:709:KV,noise,102,-0.00032806396484375,False
641:colon:head:709:KV,noise,116,0.001220703125,False
641:colon:head:709:KV,noise,130,0.0009307861328125,False
641:colon:head:709:KV,noise,150,0.00042724609375,False
641:colon:head:709:KV,noise,154,0.0003662109375,False
641:colon:head:709:KV,noise,162,0.0,False
641:colon:head:709:KV,noise,176,-0.0001220703125,False
641:colon:head:709:KV,noise,178,-0.004627227783203125,False
641:colon:head:709:KV,noise,186,-0.00091552734375,False
641:colon:head:709:KV,noise,192,-0.00018310546875,False
641:colon:head:709:KV,noise,196,-0.0009765625,False
641:colon:head:709:Q,noise,0,-0.01824951171875,False
641:colon:head:709:Q,noise,16,-0.00848388671875,False
641:colon:head:709:Q,noise,32,-0.0125579833984375,False
641:colon:head:709:Q,noise,48,-0.06970596313476562,False
641:colon:head:709:Q,noise,56,-0.0096588134765625,False
641:colon:head:709:Q,noise,64,-0.00457763671875,False
641:colon:head:709:Q,noise,82,-0.0347900390625,False
641:colon:head:709:Q,noise,96,-0.12908172607421875,False
641:colon:head:709:Q,noise,98,-0.0308837890625,False
641:colon:head:709:Q,noise,102,-0.07340240478515625,False
641:colon:head:709:Q,noise,116,-0.071044921875,False
641:colon:head:709:Q,noise,130,-0.0542755126953125,False
641:colon:head:709:Q,noise,150,-0.011260986328125,False
641:colon:head:709:Q,noise,154,-0.05731201171875,False
641:colon:head:709:Q,noise,162,-0.055908203125,False
641:colon:head:709:Q,noise,176,-0.0655517578125,False
641:colon:head:709:Q,noise,178,-0.09680557250976562,False
641:colon:head:709:Q,noise,186,-0.0616455078125,False
641:colon:head:709:Q,noise,192,-0.09808349609375,False
641:colon:head:709:Q,noise,196,-0.04736328125,False
641:colon:head:751:KV,noise,0,0.0009765625,False
641:colon:head:751:KV,noise,16,0.0013427734375,False
641:colon:head:751:KV,noise,32,-0.0014190673828125,False
641:colon:head:751:KV,noise,48,0.0016021728515625,False
641:colon:head:751:KV,noise,56,-0.003570556640625,False
641:colon:head:751:KV,noise,64,0.0008544921875,False
641:colon:head:751:KV,noise,82,0.00103759765625,False
641:colon:head:751:KV,noise,96,-0.002349853515625,False
641:colon:head:751:KV,noise,98,-0.00152587890625,False
641:colon:head:751:KV,noise,102,-0.00110626220703125,False
641:colon:head:751:KV,noise,116,-0.0023193359375,False
641:colon:head:751:KV,noise,130,-0.00128173828125,False
641:colon:head:751:KV,noise,150,0.00140380859375,False
641:colon:head:751:KV,noise,154,6.103515625e-05,False
641:colon:head:751:KV,noise,162,0.002197265625,False
641:colon:head:751:KV,noise,176,-0.0008544921875,False
641:colon:head:751:KV,noise,178,-0.003299713134765625,False
641:colon:head:751:KV,noise,186,-0.002685546875,False
641:colon:head:751:KV,noise,192,-0.000244140625,False
641:colon:head:751:KV,noise,196,-0.00048828125,False
641:colon:head:751:Q,noise,0,0.05914306640625,False
641:colon:head:751:Q,noise,16,0.0185394287109375,False
641:colon:head:751:Q,noise,32,0.082855224609375,False
641:colon:head:751:Q,noise,48,0.0911102294921875,False
641:colon:head:751:Q,noise,56,0.02801513671875,False
641:colon:head:751:Q,noise,64,0.01629638671875,False
641:colon:head:751:Q,noise,82,0.09552001953125,False
641:colon:head:751:Q,noise,96,0.08242034912109375,False
641:colon:head:751:Q,noise,98,0.0899200439453125,False
641:colon:head:751:Q,noise,102,0.10088348388671875,False
641:colon:head:751:Q,noise,116,0.1063232421875,False
641:colon:head:751:Q,noise,130,0.15283966064453125,False
641:colon:head:751:Q,noise,150,0.04400634765625,False
641:colon:head:751:Q,noise,154,0.10675048828125,False
641:colon:head:751:Q,noise,162,0.024169921875,False
641:colon:head:751:Q,noise,176,0.011474609375,False
641:colon:head:751:Q,noise,178,-0.017581939697265625,False
641:colon:head:751:Q,noise,186,0.11456298828125,False
641:colon:head:751:Q,noise,192,0.05841064453125,False
641:colon:head:751:Q,noise,196,0.00732421875,False
641:colon:head:787:KV,noise,0,0.002532958984375,False
641:colon:head:787:KV,noise,16,0.0015869140625,False
641:colon:head:787:KV,noise,32,0.0017242431640625,False
641:colon:head:787:KV,noise,48,0.0015106201171875,False
641:colon:head:787:KV,noise,56,-0.0011749267578125,False
641:colon:head:787:KV,noise,64,-0.002197265625,False
641:colon:head:787:KV,noise,82,0.0025634765625,False
641:colon:head:787:KV,noise,96,-0.00214385986328125,False
641:colon:head:787:KV,noise,98,-9.1552734375e-05,False
641:colon:head:787:KV,noise,102,0.00211334228515625,False
641:colon:head:787:KV,noise,116,-0.0020751953125,False
641:colon:head:787:KV,noise,130,0.00201416015625,False
641:colon:head:787:KV,noise,150,0.001617431640625,False
641:colon:head:787:KV,noise,154,0.0003662109375,False
641:colon:head:787:KV,noise,162,0.000244140625,False
641:colon:head:787:KV,noise,176,-0.002197265625,False
641:colon:head:787:KV,noise,178,0.00115966796875,False
641:colon:head:787:KV,noise,186,-0.001708984375,False
641:colon:head:787:KV,noise,192,0.001220703125,False
641:colon:head:787:KV,noise,196,0.001953125,False
641:colon:head:787:Q,noise,0,-0.01397705078125,False
641:colon:head:787:Q,noise,16,-0.0067138671875,False
641:colon:head:787:Q,noise,32,-0.0031280517578125,False
641:colon:head:787:Q,noise,48,0.00030517578125,False
641:colon:head:787:Q,noise,56,-0.0072174072265625,False
641:colon:head:787:Q,noise,64,0.01007080078125,False
641:colon:head:787:Q,noise,82,0.00445556640625,False
641:colon:head:787:Q,noise,96,-0.07134246826171875,False
641:colon:head:787:Q,noise,98,-0.017242431640625,False
641:colon:head:787:Q,noise,102,0.019439697265625,False
641:colon:head:787:Q,noise,116,-0.01904296875,False
641:colon:head:787:Q,noise,130,-0.0125732421875,False
641:colon:head:787:Q,noise,150,0.01153564453125,False
641:colon:head:787:Q,noise,154,-0.03424072265625,False
641:colon:head:787:Q,noise,162,-0.009033203125,False
641:colon:head:787:Q,noise,176,-0.012939453125,False
641:colon:head:787:Q,noise,178,-0.01009368896484375,False
641:colon:head:787:Q,noise,186,-0.02020263671875,False
641:colon:head:787:Q,noise,192,-0.01202392578125,False
641:colon:head:787:Q,noise,196,-0.0078125,False
641:colon:head:817:KV,noise,0,-0.0704345703125,False
641:colon:head:817:KV,noise,16,-0.0506439208984375,False
641:colon:head:817:KV,noise,32,-0.205810546875,False
641:colon:head:817:KV,noise,48,-0.14743804931640625,False
641:colon:head:817:KV,noise,56,-0.0530853271484375,False
641:colon:head:817:KV,noise,64,-0.0517578125,False
641:colon:head:817:KV,noise,82,-0.31689453125,False
641:colon:head:817:KV,noise,96,-0.23892974853515625,False
641:colon:head:817:KV,noise,98,-0.1375732421875,False
641:colon:head:817:KV,noise,102,-0.3112678527832031,False
641:colon:head:817:KV,noise,116,-0.20294189453125,False
641:colon:head:817:KV,noise,130,-0.1966400146484375,False
641:colon:head:817:KV,noise,150,-0.083465576171875,False
641:colon:head:817:KV,noise,154,-0.1307373046875,False
641:colon:head:817:KV,noise,162,-0.10498046875,False
641:colon:head:817:KV,noise,176,-0.193359375,False
641:colon:head:817:KV,noise,178,-0.13499069213867188,False
641:colon:head:817:KV,noise,186,-0.0968017578125,False
641:colon:head:817:KV,noise,192,-0.21551513671875,False
641:colon:head:817:KV,noise,196,-0.04150390625,False
641:colon:head:817:Q,noise,0,0.014556884765625,False
641:colon:head:817:Q,noise,16,0.000152587890625,False
641:colon:head:817:Q,noise,32,0.0215301513671875,False
641:colon:head:817:Q,noise,48,-0.0046234130859375,False
641:colon:head:817:Q,noise,56,0.0181732177734375,False
641:colon:head:817:Q,noise,64,0.01275634765625,False
641:colon:head:817:Q,noise,82,0.005615234375,False
641:colon:head:817:Q,noise,96,0.05202484130859375,False
641:colon:head:817:Q,noise,98,0.0234375,False
641:colon:head:817:Q,noise,102,0.06864166259765625,False
641:colon:head:817:Q,noise,116,-0.00103759765625,False
641:colon:head:817:Q,noise,130,0.0067138671875,False
641:colon:head:817:Q,noise,150,0.0184326171875,False
641:colon:head:817:Q,noise,154,0.0284423828125,False
641:colon:head:817:Q,noise,162,0.0107421875,False
641:colon:head:817:Q,noise,176,0.033935546875,False
641:colon:head:817:Q,noise,178,0.026493072509765625,False
641:colon:head:817:Q,noise,186,0.0198974609375,False
641:colon:head:817:Q,noise,192,6.103515625e-05,False
641:colon:head:817:Q,noise,196,0.01611328125,False
641:colon:head:855:KV,noise,0,0.00115966796875,False
641:colon:head:855:KV,noise,16,0.0004730224609375,False
641:colon:head:855:KV,noise,32,0.0010528564453125,False
641:colon:head:855:KV,noise,48,0.0009613037109375,False
641:colon:head:855:KV,noise,56,-0.0024261474609375,False
641:colon:head:855:KV,noise,64,-0.00030517578125,False
641:colon:head:855:KV,noise,82,0.00262451171875,False
641:colon:head:855:KV,noise,96,-0.00225830078125,False
641:colon:head:855:KV,noise,98,0.000213623046875,False
641:colon:head:855:KV,noise,102,0.00228118896484375,False
641:colon:head:855:KV,noise,116,-0.00018310546875,False
641:colon:head:855:KV,noise,130,-0.0005340576171875,False
641:colon:head:855:KV,noise,150,6.103515625e-05,False
641:colon:head:855:KV,noise,154,0.00146484375,False
641:colon:head:855:KV,noise,162,-0.000244140625,False
641:colon:head:855:KV,noise,176,-0.001220703125,False
641:colon:head:855:KV,noise,178,0.001949310302734375,False
641:colon:head:855:KV,noise,186,-0.00128173828125,False
641:colon:head:855:KV,noise,192,0.00067138671875,False
641:colon:head:855:KV,noise,196,-0.00146484375,False
641:colon:head:855:Q,noise,0,0.016448974609375,False
641:colon:head:855:Q,noise,16,0.0014801025390625,False
641:colon:head:855:Q,noise,32,0.0722808837890625,False
641:colon:head:855:Q,noise,48,0.0119171142578125,False
641:colon:head:855:Q,noise,56,0.003662109375,False
641:colon:head:855:Q,noise,64,0.00921630859375,False
641:colon:head:855:Q,noise,82,0.00726318359375,False
641:colon:head:855:Q,noise,96,0.010406494140625,False
641:colon:head:855:Q,noise,98,0.010040283203125,False
641:colon:head:855:Q,noise,102,0.09456634521484375,False
641:colon:head:855:Q,noise,116,0.0028076171875,False
641:colon:head:855:Q,noise,130,0.001678466796875,False
641:colon:head:855:Q,noise,150,0.025665283203125,False
641:colon:head:855:Q,noise,154,0.03656005859375,False
641:colon:head:855:Q,noise,162,0.00390625,False
641:colon:head:855:Q,noise,176,-0.0030517578125,False
641:colon:head:855:Q,noise,178,0.012697219848632812,False
641:colon:head:855:Q,noise,186,0.005615234375,False
641:colon:head:855:Q,noise,192,-0.00439453125,False
641:colon:head:855:Q,noise,196,0.0068359375,False
641:colon:head:870:KV,noise,0,0.001983642578125,False
641:colon:head:870:KV,noise,16,-0.0005950927734375,False
641:colon:head:870:KV,noise,32,0.00213623046875,False
641:colon:head:870:KV,noise,48,-0.000640869140625,False
641:colon:head:870:KV,noise,56,-0.0003204345703125,False
641:colon:head:870:KV,noise,64,-0.0009765625,False
641:colon:head:870:KV,noise,82,0.0023193359375,False
641:colon:head:870:KV,noise,96,0.0011749267578125,False
641:colon:head:870:KV,noise,98,-0.0010986328125,False
641:colon:head:870:KV,noise,102,-0.00041961669921875,False
641:colon:head:870:KV,noise,116,-0.002197265625,False
641:colon:head:870:KV,noise,130,-0.000274658203125,False
641:colon:head:870:KV,noise,150,0.002685546875,False
641:colon:head:870:KV,noise,154,0.0023193359375,False
641:colon:head:870:KV,noise,162,-0.0009765625,False
641:colon:head:870:KV,noise,176,-0.0001220703125,False
641:colon:head:870:KV,noise,178,-0.00070953369140625,False
641:colon:head:870:KV,noise,186,-0.00146484375,False
641:colon:head:870:KV,noise,192,0.00018310546875,False
641:colon:head:870:KV,noise,196,0.0,False
641:colon:head:870:Q,noise,0,0.02288818359375,False
641:colon:head:870:Q,noise,16,-0.04766845703125,False
641:colon:head:870:Q,noise,32,0.0198822021484375,False
641:colon:head:870:Q,noise,48,-0.42670440673828125,False
641:colon:head:870:Q,noise,56,-0.2625846862792969,False
641:colon:head:870:Q,noise,64,-0.14666748046875,False
641:colon:head:870:Q,noise,82,-0.37158203125,False
641:colon:head:870:Q,noise,96,-0.03214263916015625,False
641:colon:head:870:Q,noise,98,-0.32183837890625,False
641:colon:head:870:Q,noise,102,-0.22272491455078125,False
641:colon:head:870:Q,noise,116,-0.32452392578125,False
641:colon:head:870:Q,noise,130,-0.379058837890625,False
641:colon:head:870:Q,noise,150,-0.009765625,False
641:colon:head:870:Q,noise,154,-0.1842041015625,False
641:colon:head:870:Q,noise,162,-0.20458984375,False
641:colon:head:870:Q,noise,176,-0.1995849609375,False
641:colon:head:870:Q,noise,178,-0.23450851440429688,False
641:colon:head:870:Q,noise,186,-0.2852783203125,False
641:colon:head:870:Q,noise,192,-0.49908447265625,False
641:colon:head:870:Q,noise,196,-0.08154296875,False
641:colon:head:973:KV,noise,0,-0.017364501953125,False
641:colon:head:973:KV,noise,16,-0.005157470703125,False
641:colon:head:973:KV,noise,32,-0.0145416259765625,False
641:colon:head:973:KV,noise,48,-0.027313232421875,False
641:colon:head:973:KV,noise,56,-0.0046234130859375,False
641:colon:head:973:KV,noise,64,-0.01800537109375,False
641:colon:head:973:KV,noise,82,-0.125244140625,False
641:colon:head:973:KV,noise,96,-0.027008056640625,False
641:colon:head:973:KV,noise,98,-0.01214599609375,False
641:colon:head:973:KV,noise,102,-0.095703125,False
641:colon:head:973:KV,noise,116,-0.03900146484375,False
641:colon:head:973:KV,noise,130,-0.0556182861328125,False
641:colon:head:973:KV,noise,150,-0.01312255859375,False
641:colon:head:973:KV,noise,154,-0.02081298828125,False
641:colon:head:973:KV,noise,162,-0.06103515625,False
641:colon:head:973:KV,noise,176,-0.0247802734375,False
641:colon:head:973:KV,noise,178,-0.0263519287109375,False
641:colon:head:973:KV,noise,186,-0.00927734375,False
641:colon:head:973:KV,noise,192,-0.0177001953125,False
641:colon:head:973:KV,noise,196,-0.0126953125,False
641:colon:head:973:Q,noise,0,0.000152587890625,False
641:colon:head:973:Q,noise,16,-0.0022735595703125,False
641:colon:head:973:Q,noise,32,-0.0033721923828125,False
641:colon:head:973:Q,noise,48,-0.000823974609375,False
641:colon:head:973:Q,noise,56,-0.0076904296875,False
641:colon:head:973:Q,noise,64,0.00042724609375,False
641:colon:head:973:Q,noise,82,0.0006103515625,False
641:colon:head:973:Q,noise,96,0.0004730224609375,False
641:colon:head:973:Q,noise,98,-0.003662109375,False
641:colon:head:973:Q,noise,102,-0.00101470947265625,False
641:colon:head:973:Q,noise,116,-0.0047607421875,False
641:colon:head:973:Q,noise,130,-0.001678466796875,False
641:colon:head:973:Q,noise,150,-0.001861572265625,False
641:colon:head:973:Q,noise,154,0.00140380859375,False
641:colon:head:973:Q,noise,162,0.001953125,False
641:colon:head:973:Q,noise,176,0.0028076171875,False
641:colon:head:973:Q,noise,178,-0.00295257568359375,False
641:colon:head:973:Q,noise,186,0.0001220703125,False
641:colon:head:973:Q,noise,192,0.00384521484375,False
641:colon:head:973:Q,noise,196,-0.005859375,False
641:colon:head:978:KV,noise,0,0.00103759765625,False
641:colon:head:978:KV,noise,16,-0.000274658203125,False
641:colon:head:978:KV,noise,32,-4.57763671875e-05,False
641:colon:head:978:KV,noise,48,0.0011138916015625,False
641:colon:head:978:KV,noise,56,-0.0012969970703125,False
641:colon:head:978:KV,noise,64,0.0003662109375,False
641:colon:head:978:KV,noise,82,0.00152587890625,False
641:colon:head:978:KV,noise,96,0.00023651123046875,False
641:colon:head:978:KV,noise,98,0.0001220703125,False
641:colon:head:978:KV,noise,102,-0.00018310546875,False
641:colon:head:978:KV,noise,116,-0.00030517578125,False
641:colon:head:978:KV,noise,130,-0.0010528564453125,False
641:colon:head:978:KV,noise,150,0.000640869140625,False
641:colon:head:978:KV,noise,154,0.0010986328125,False
641:colon:head:978:KV,noise,162,0.0,False
641:colon:head:978:KV,noise,176,-0.00048828125,False
641:colon:head:978:KV,noise,178,0.000606536865234375,False
641:colon:head:978:KV,noise,186,-0.00189208984375,False
641:colon:head:978:KV,noise,192,-0.00067138671875,False
641:colon:head:978:KV,noise,196,-0.00146484375,False
641:colon:head:978:Q,noise,0,-0.012969970703125,False
641:colon:head:978:Q,noise,16,-0.0594482421875,False
641:colon:head:978:Q,noise,32,-0.0262603759765625,False
641:colon:head:978:Q,noise,48,-0.1743316650390625,False
641:colon:head:978:Q,noise,56,-0.0806884765625,False
641:colon:head:978:Q,noise,64,0.0167236328125,False
641:colon:head:978:Q,noise,82,-0.3348388671875,False
641:colon:head:978:Q,noise,96,-0.03711700439453125,False
641:colon:head:978:Q,noise,98,-0.022857666015625,False
641:colon:head:978:Q,noise,102,-0.6804161071777344,False
641:colon:head:978:Q,noise,116,-0.089599609375,False
641:colon:head:978:Q,noise,130,-0.0965728759765625,False
641:colon:head:978:Q,noise,150,-0.043792724609375,False
641:colon:head:978:Q,noise,154,-0.094482421875,False
641:colon:head:978:Q,noise,162,-0.044921875,False
641:colon:head:978:Q,noise,176,-0.0885009765625,False
641:colon:head:978:Q,noise,178,-0.09984207153320312,False
641:colon:head:978:Q,noise,186,-0.0665283203125,False
641:colon:head:978:Q,noise,192,-0.08001708984375,False
641:colon:head:978:Q,noise,196,-0.0810546875,False
641:colon:mlp:20:,noise,0,-0.013702392578125,False
641:colon:mlp:20:,noise,16,-0.039398193359375,False
641:colon:mlp:20:,noise,32,0.0592803955078125,False
641:colon:mlp:20:,noise,48,0.0142669677734375,False
641:colon:mlp:20:,noise,56,0.0001373291015625,False
641:colon:mlp:20:,noise,64,-0.02886962890625,False
641:colon:mlp:20:,noise,82,0.0260009765625,False
641:colon:mlp:20:,noise,96,-0.1166534423828125,False
641:colon:mlp:20:,noise,98,0.019378662109375,False
641:colon:mlp:20:,noise,102,-0.09215545654296875,False
641:colon:mlp:20:,noise,116,-0.02880859375,False
641:colon:mlp:20:,noise,130,0.0102996826171875,False
641:colon:mlp:20:,noise,150,0.02301025390625,False
641:colon:mlp:20:,noise,154,-0.039306640625,False
641:colon:mlp:20:,noise,162,-0.053955078125,False
641:colon:mlp:20:,noise,176,-0.08251953125,False
641:colon:mlp:20:,noise,178,0.042362213134765625,False
641:colon:mlp:20:,noise,186,0.02581787109375,False
641:colon:mlp:20:,noise,192,-0.05108642578125,False
641:colon:mlp:20:,noise,196,-0.0107421875,False
641:colon:mlp:21:,noise,0,0.014739990234375,False
641:colon:mlp:21:,noise,16,0.0013427734375,False
641:colon:mlp:21:,noise,32,-0.07640838623046875,False
641:colon:mlp:21:,noise,48,-0.01230621337890625,False
641:colon:mlp:21:,noise,56,0.00518798828125,False
641:colon:mlp:21:,noise,64,0.00823974609375,False
641:colon:mlp:21:,noise,82,-0.0374755859375,False
641:colon:mlp:21:,noise,96,0.0265960693359375,False
641:colon:mlp:21:,noise,98,0.0025634765625,False
641:colon:mlp:21:,noise,102,-0.05719757080078125,False
641:colon:mlp:21:,noise,116,-0.00506591796875,False
641:colon:mlp:21:,noise,130,0.0144805908203125,False
641:colon:mlp:21:,noise,150,-0.0191650390625,False
641:colon:mlp:21:,noise,154,-0.0111083984375,False
641:colon:mlp:21:,noise,162,-0.010986328125,False
641:colon:mlp:21:,noise,176,0.0233154296875,False
641:colon:mlp:21:,noise,178,0.004802703857421875,False
641:colon:mlp:21:,noise,186,0.031982421875,False
641:colon:mlp:21:,noise,192,0.00335693359375,False
641:colon:mlp:21:,noise,196,-0.0166015625,False
751:colon:bypass:31:,noise,0,0.0440673828125,False
751:colon:bypass:31:,noise,16,-0.0920257568359375,False
751:colon:bypass:31:,noise,32,-0.1514129638671875,False
751:colon:bypass:31:,noise,48,-0.04909324645996094,False
751:colon:bypass:31:,noise,56,-0.0093841552734375,False
751:colon:bypass:31:,noise,64,-0.09429931640625,False
751:colon:bypass:31:,noise,82,-0.03045654296875,False
751:colon:bypass:31:,noise,96,0.10538482666015625,False
751:colon:bypass:31:,noise,98,0.06415176391601562,False
751:colon:bypass:31:,noise,102,-0.08531951904296875,False
751:colon:bypass:31:,noise,116,-0.14739990234375,False
751:colon:bypass:31:,noise,130,-0.1219024658203125,False
751:colon:bypass:31:,noise,150,-0.15533447265625,False
751:colon:bypass:31:,noise,154,-0.11907958984375,False
751:colon:bypass:31:,noise,162,-0.099609375,False
751:colon:bypass:31:,noise,176,-0.044677734375,False
751:colon:bypass:31:,noise,178,-0.16142654418945312,False
751:colon:bypass:31:,noise,186,-0.13671875,False
751:colon:bypass:31:,noise,192,-0.12200927734375,False
751:colon:bypass:31:,noise,196,-0.0224609375,False
751:colon:head:787:KV,noise,0,0.001617431640625,False
751:colon:head:787:KV,noise,16,-0.001190185546875,False
751:colon:head:787:KV,noise,32,-0.00152587890625,False
751:colon:head:787:KV,noise,48,0.00167083740234375,False
751:colon:head:787:KV,noise,56,-0.002166748046875,False
751:colon:head:787:KV,noise,64,-0.0025634765625,False
751:colon:head:787:KV,noise,82,0.0003662109375,False
751:colon:head:787:KV,noise,96,0.00150299072265625,False
751:colon:head:787:KV,noise,98,-0.000762939453125,False
751:colon:head:787:KV,noise,102,0.00018310546875,False
751:colon:head:787:KV,noise,116,-0.00244140625,False
751:colon:head:787:KV,noise,130,-0.0001373291015625,False
751:colon:head:787:KV,noise,150,0.001220703125,False
751:colon:head:787:KV,noise,154,0.000244140625,False
751:colon:head:787:KV,noise,162,-0.00048828125,False
751:colon:head:787:KV,noise,176,-0.0001220703125,False
751:colon:head:787:KV,noise,178,0.000995635986328125,False
751:colon:head:787:KV,noise,186,-0.00030517578125,False
751:colon:head:787:KV,noise,192,0.0013427734375,False
751:colon:head:787:KV,noise,196,0.00341796875,False
751:colon:head:787:Q,noise,0,-0.141204833984375,False
751:colon:head:787:Q,noise,16,-0.06280517578125,False
751:colon:head:787:Q,noise,32,-0.0655670166015625,False
751:colon:head:787:Q,noise,48,-0.0629425048828125,False
751:colon:head:787:Q,noise,56,-0.0188140869140625,False
751:colon:head:787:Q,noise,64,-0.0194091796875,False
751:colon:head:787:Q,noise,82,-0.00518798828125,False
751:colon:head:787:Q,noise,96,-0.22121429443359375,False
751:colon:head:787:Q,noise,98,-0.0484619140625,False
751:colon:head:787:Q,noise,102,-0.1012115478515625,False
751:colon:head:787:Q,noise,116,-0.0260009765625,False
751:colon:head:787:Q,noise,130,-0.016265869140625,False
751:colon:head:787:Q,noise,150,-0.068450927734375,False
751:colon:head:787:Q,noise,154,-0.1663818359375,False
751:colon:head:787:Q,noise,162,-0.040283203125,False
751:colon:head:787:Q,noise,176,-0.051025390625,False
751:colon:head:787:Q,noise,178,-0.051036834716796875,False
751:colon:head:787:Q,noise,186,-0.04058837890625,False
751:colon:head:787:Q,noise,192,-0.02972412109375,False
751:colon:head:787:Q,noise,196,-0.0908203125,False
751:colon:head:817:KV,noise,0,-0.0526123046875,False
751:colon:head:817:KV,noise,16,-0.0291748046875,False
751:colon:head:817:KV,noise,32,-0.09445953369140625,False
751:colon:head:817:KV,noise,48,-0.01634979248046875,False
751:colon:head:817:KV,noise,56,-0.0059967041015625,False
751:colon:head:817:KV,noise,64,-0.03936767578125,False
751:colon:head:817:KV,noise,82,-0.0306396484375,False
751:colon:head:817:KV,noise,96,-0.17725372314453125,False
751:colon:head:817:KV,noise,98,-0.071044921875,False
751:colon:head:817:KV,noise,102,-0.10338020324707031,False
751:colon:head:817:KV,noise,116,-0.10498046875,False
751:colon:head:817:KV,noise,130,-0.060760498046875,False
751:colon:head:817:KV,noise,150,-0.034759521484375,False
751:colon:head:817:KV,noise,154,-0.0380859375,False
751:colon:head:817:KV,noise,162,-0.030517578125,False
751:colon:head:817:KV,noise,176,-0.0533447265625,False
751:colon:head:817:KV,noise,178,-0.03569793701171875,False
751:colon:head:817:KV,noise,186,-0.0506591796875,False
751:colon:head:817:KV,noise,192,-0.04437255859375,False
751:colon:head:817:KV,noise,196,-0.04345703125,False
751:colon:head:817:Q,noise,0,-0.010772705078125,False
751:colon:head:817:Q,noise,16,0.0223388671875,False
751:colon:head:817:Q,noise,32,-0.0029754638671875,False
751:colon:head:817:Q,noise,48,0.00972747802734375,False
751:colon:head:817:Q,noise,56,0.0196533203125,False
751:colon:head:817:Q,noise,64,-0.00421142578125,False
751:colon:head:817:Q,noise,82,0.00030517578125,False
751:colon:head:817:Q,noise,96,-0.01966094970703125,False
751:colon:head:817:Q,noise,98,0.003631591796875,False
751:colon:head:817:Q,noise,102,-0.005950927734375,False
751:colon:head:817:Q,noise,116,0.0003662109375,False
751:colon:head:817:Q,noise,130,-0.00244140625,False
751:colon:head:817:Q,noise,150,-0.010345458984375,False
751:colon:head:817:Q,noise,154,0.0087890625,False
751:colon:head:817:Q,noise,162,0.001220703125,False
751:colon:head:817:Q,noise,176,0.0250244140625,False
751:colon:head:817:Q,noise,178,0.016332626342773438,False
751:colon:head:817:Q,noise,186,0.018310546875,False
751:colon:head:817:Q,noise,192,-0.005615234375,False
751:colon:head:817:Q,noise,196,0.01708984375,False
751:colon:head:855:KV,noise,0,0.002197265625,False
751:colon:head:855:KV,noise,16,-0.00146484375,False
751:colon:head:855:KV,noise,32,0.0003814697265625,False
751:colon:head:855:KV,noise,48,-0.0006103515625,False
751:colon:head:855:KV,noise,56,-0.0013580322265625,False
751:colon:head:855:KV,noise,64,0.0009765625,False
751:colon:head:855:KV,noise,82,6.103515625e-05,False
751:colon:head:855:KV,noise,96,0.00048065185546875,False
751:colon:head:855:KV,noise,98,0.001129150390625,False
751:colon:head:855:KV,noise,102,0.00043487548828125,False
751:colon:head:855:KV,noise,116,-0.001220703125,False
751:colon:head:855:KV,noise,130,0.0003204345703125,False
751:colon:head:855:KV,noise,150,0.002105712890625,False
751:colon:head:855:KV,noise,154,0.0029296875,False
751:colon:head:855:KV,noise,162,-0.001220703125,False
751:colon:head:855:KV,noise,176,-0.000244140625,False
751:colon:head:855:KV,noise,178,0.003082275390625,False
751:colon:head:855:KV,noise,186,0.001953125,False
751:colon:head:855:KV,noise,192,-0.0006103515625,False
751:colon:head:855:KV,noise,196,0.0,False
751:colon:head:855:Q,noise,0,-0.000335693359375,False
751:colon:head:855:Q,noise,16,0.00244140625,False
751:colon:head:855:Q,noise,32,0.0853729248046875,False
751:colon:head:855:Q,noise,48,-0.0041351318359375,False
751:colon:head:855:Q,noise,56,0.0026092529296875,False
751:colon:head:855:Q,noise,64,0.01068115234375,False
751:colon:head:855:Q,noise,82,-0.0098876953125,False
751:colon:head:855:Q,noise,96,0.013824462890625,False
751:colon:head:855:Q,noise,98,-0.003997802734375,False
751:colon:head:855:Q,noise,102,0.02263641357421875,False
751:colon:head:855:Q,noise,116,0.00189208984375,False
751:colon:head:855:Q,noise,130,0.001190185546875,False
751:colon:head:855:Q,noise,150,-0.0059967041015625,False
751:colon:head:855:Q,noise,154,-0.00146484375,False
751:colon:head:855:Q,noise,162,-0.004150390625,False
751:colon:head:855:Q,noise,176,0.0001220703125,False
751:colon:head:855:Q,noise,178,0.030843257904052734,False
751:colon:head:855:Q,noise,186,-0.01153564453125,False
751:colon:head:855:Q,noise,192,-0.00665283203125,False
751:colon:head:855:Q,noise,196,-0.00244140625,False
751:colon:head:870:KV,noise,0,-9.1552734375e-05,False
751:colon:head:870:KV,noise,16,0.001495361328125,False
751:colon:head:870:KV,noise,32,-0.001739501953125,False
751:colon:head:870:KV,noise,48,0.0003509521484375,False
751:colon:head:870:KV,noise,56,-0.0023345947265625,False
751:colon:head:870:KV,noise,64,-0.00054931640625,False
751:colon:head:870:KV,noise,82,0.00244140625,False
751:colon:head:870:KV,noise,96,0.001708984375,False
751:colon:head:870:KV,noise,98,-0.000518798828125,False
751:colon:head:870:KV,noise,102,-0.00063323974609375,False
751:colon:head:870:KV,noise,116,-0.001708984375,False
751:colon:head:870:KV,noise,130,-0.0001678466796875,False
751:colon:head:870:KV,noise,150,-0.00213623046875,False
751:colon:head:870:KV,noise,154,0.0009765625,False
751:colon:head:870:KV,noise,162,-0.001220703125,False
751:colon:head:870:KV,noise,176,0.0030517578125,False
751:colon:head:870:KV,noise,178,-0.00185394287109375,False
751:colon:head:870:KV,noise,186,-0.00067138671875,False
751:colon:head:870:KV,noise,192,-0.00103759765625,False
751:colon:head:870:KV,noise,196,-0.00146484375,False
751:colon:head:870:Q,noise,0,0.026123046875,False
751:colon:head:870:Q,noise,16,-0.12204837799072266,False
751:colon:head:870:Q,noise,32,0.0215606689453125,False
751:colon:head:870:Q,noise,48,-0.24994659423828125,False
751:colon:head:870:Q,noise,56,-0.376617431640625,False
751:colon:head:870:Q,noise,64,-0.256103515625,False
751:colon:head:870:Q,noise,82,-0.0408935546875,False
751:colon:head:870:Q,noise,96,-0.04746246337890625,False
751:colon:head:870:Q,noise,98,-0.441619873046875,False
751:colon:head:870:Q,noise,102,-0.126220703125,False
751:colon:head:870:Q,noise,116,-0.26190185546875,False
751:colon:head:870:Q,noise,130,-0.2786407470703125,False
751:colon:head:870:Q,noise,150,-0.026275634765625,False
751:colon:head:870:Q,noise,154,-0.2078857421875,False
751:colon:head:870:Q,noise,162,-0.177978515625,False
751:colon:head:870:Q,noise,176,-0.16845703125,False
751:colon:head:870:Q,noise,178,-0.21868515014648438,False
751:colon:head:870:Q,noise,186,-0.387115478515625,False
751:colon:head:870:Q,noise,192,-0.35430908203125,False
751:colon:head:870:Q,noise,196,-0.16064453125,False
751:colon:head:973:KV,noise,0,0.005523681640625,False
751:colon:head:973:KV,noise,16,0.0130767822265625,False
751:colon:head:973:KV,noise,32,-0.002227783203125,False
751:colon:head:973:KV,noise,48,0.0150299072265625,False
751:colon:head:973:KV,noise,56,0.0128173828125,False
751:colon:head:973:KV,noise,64,-0.0023193359375,False
751:colon:head:973:KV,noise,82,0.006103515625,False
751:colon:head:973:KV,noise,96,-0.007293701171875,False
751:colon:head:973:KV,noise,98,0.0052490234375,False
751:colon:head:973:KV,noise,102,0.01197052001953125,False
751:colon:head:973:KV,noise,116,0.00872802734375,False
751:colon:head:973:KV,noise,130,0.003814697265625,False
751:colon:head:973:KV,noise,150,-0.00299072265625,False
751:colon:head:973:KV,noise,154,0.00634765625,False
751:colon:head:973:KV,noise,162,-0.002685546875,False
751:colon:head:973:KV,noise,176,0.0074462890625,False
751:colon:head:973:KV,noise,178,0.004291534423828125,False
751:colon:head:973:KV,noise,186,0.005615234375,False
751:colon:head:973:KV,noise,192,0.00244140625,False
751:colon:head:973:KV,noise,196,-0.00927734375,False
751:colon:head:973:Q,noise,0,-0.004852294921875,False
751:colon:head:973:Q,noise,16,-0.0063323974609375,False
751:colon:head:973:Q,noise,32,-0.008331298828125,False
751:colon:head:973:Q,noise,48,-0.003143310546875,False
751:colon:head:973:Q,noise,56,-0.04229736328125,False
751:colon:head:973:Q,noise,64,-0.001953125,False
751:colon:head:973:Q,noise,82,0.00482177734375,False
751:colon:head:973:Q,noise,96,0.01950836181640625,False
751:colon:head:973:Q,noise,98,-0.003448486328125,False
751:colon:head:973:Q,noise,102,0.002155303955078125,False
751:colon:head:973:Q,noise,116,-0.0125732421875,False
751:colon:head:973:Q,noise,130,0.00128173828125,False
751:colon:head:973:Q,noise,150,-0.002197265625,False
751:colon:head:973:Q,noise,154,-0.0079345703125,False
751:colon:head:973:Q,noise,162,-0.002685546875,False
751:colon:head:973:Q,noise,176,-0.008544921875,False
751:colon:head:973:Q,noise,178,-0.024631500244140625,False
751:colon:head:973:Q,noise,186,0.00250244140625,False
751:colon:head:973:Q,noise,192,-0.0045166015625,False
751:colon:head:973:Q,noise,196,0.00927734375,False
751:colon:head:978:KV,noise,0,0.00067138671875,False
751:colon:head:978:KV,noise,16,-0.000762939453125,False
751:colon:head:978:KV,noise,32,0.001129150390625,False
751:colon:head:978:KV,noise,48,0.0016632080078125,False
751:colon:head:978:KV,noise,56,-0.00146484375,False
751:colon:head:978:KV,noise,64,0.0003662109375,False
751:colon:head:978:KV,noise,82,0.00244140625,False
751:colon:head:978:KV,noise,96,0.00035858154296875,False
751:colon:head:978:KV,noise,98,-0.00164794921875,False
751:colon:head:978:KV,noise,102,0.001251220703125,False
751:colon:head:978:KV,noise,116,0.000244140625,False
751:colon:head:978:KV,noise,130,-0.001617431640625,False
751:colon:head:978:KV,noise,150,0.001922607421875,False
751:colon:head:978:KV,noise,154,0.0006103515625,False
751:colon:head:978:KV,noise,162,-0.000732421875,False
751:colon:head:978:KV,noise,176,-0.0006103515625,False
751:colon:head:978:KV,noise,178,-0.002452850341796875,False
751:colon:head:978:KV,noise,186,-0.0023193359375,False
751:colon:head:978:KV,noise,192,-0.0008544921875,False
751:colon:head:978:KV,noise,196,-0.00048828125,False
751:colon:head:978:Q,noise,0,-0.043304443359375,False
751:colon:head:978:Q,noise,16,-0.207977294921875,False
751:colon:head:978:Q,noise,32,-0.0818328857421875,False
751:colon:head:978:Q,noise,48,-0.3115997314453125,False
751:colon:head:978:Q,noise,56,-0.2178802490234375,False
751:colon:head:978:Q,noise,64,-0.054443359375,False
751:colon:head:978:Q,noise,82,-0.2220458984375,False
751:colon:head:978:Q,noise,96,-0.0467376708984375,False
751:colon:head:978:Q,noise,98,-0.084136962890625,False
751:colon:head:978:Q,noise,102,-0.6471729278564453,False
751:colon:head:978:Q,noise,116,-0.17218017578125,False
751:colon:head:978:Q,noise,130,-0.2601470947265625,False
751:colon:head:978:Q,noise,150,-0.06719970703125,False
751:colon:head:978:Q,noise,154,-0.2052001953125,False
751:colon:head:978:Q,noise,162,-0.2451171875,False
751:colon:head:978:Q,noise,176,-0.2567138671875,False
751:colon:head:978:Q,noise,178,-0.3525810241699219,False
751:colon:head:978:Q,noise,186,-0.25128173828125,False
751:colon:head:978:Q,noise,192,-0.19171142578125,False
751:colon:head:978:Q,noise,196,-0.3818359375,False
751:colon:mlp:23:,noise,0,0.026641845703125,False
751:colon:mlp:23:,noise,16,0.01068115234375,False
751:colon:mlp:23:,noise,32,-0.0075225830078125,False
751:colon:mlp:23:,noise,48,-0.0023345947265625,False
751:colon:mlp:23:,noise,56,0.0210418701171875,False
751:colon:mlp:23:,noise,64,-0.0225830078125,False
751:colon:mlp:23:,noise,82,-0.0025634765625,False
751:colon:mlp:23:,noise,96,-0.08742523193359375,False
751:colon:mlp:23:,noise,98,-0.029510498046875,False
751:colon:mlp:23:,noise,102,-0.09059906005859375,False
751:colon:mlp:23:,noise,116,-0.00152587890625,False
751:colon:mlp:23:,noise,130,-0.0246429443359375,False
751:colon:mlp:23:,noise,150,0.02496337890625,False
751:colon:mlp:23:,noise,154,0.0096435546875,False
751:colon:mlp:23:,noise,162,-0.026123046875,False
751:colon:mlp:23:,noise,176,-0.025634765625,False
751:colon:mlp:23:,noise,178,-0.026165008544921875,False
751:colon:mlp:23:,noise,186,0.0072021484375,False
751:colon:mlp:23:,noise,192,-0.00189208984375,False
751:colon:mlp:23:,noise,196,0.02685546875,False
751:colon:mlp:24:,noise,0,-0.0418701171875,False
751:colon:mlp:24:,noise,16,0.01544189453125,False
751:colon:mlp:24:,noise,32,0.067291259765625,False
751:colon:mlp:24:,noise,48,0.03863525390625,False
751:colon:mlp:24:,noise,56,0.010101318359375,False
751:colon:mlp:24:,noise,64,-0.031494140625,False
751:colon:mlp:24:,noise,82,-0.00048828125,False
751:colon:mlp:24:,noise,96,0.0263824462890625,False
751:colon:mlp:24:,noise,98,0.000762939453125,False
751:colon:mlp:24:,noise,102,-0.023815155029296875,False
751:colon:mlp:24:,noise,116,-0.05169677734375,False
751:colon:mlp:24:,noise,130,-0.0025787353515625,False
751:colon:mlp:24:,noise,150,0.00360107421875,False
751:colon:mlp:24:,noise,154,-0.04498291015625,False
751:colon:mlp:24:,noise,162,-0.033203125,False
751:colon:mlp:24:,noise,176,0.02685546875,False
751:colon:mlp:24:,noise,178,-0.007708549499511719,False
751:colon:mlp:24:,noise,186,0.021728515625,False
751:colon:mlp:24:,noise,192,0.04449462890625,False
751:colon:mlp:24:,noise,196,0.01123046875,False
787:colon:bypass:31:,noise,0,0.00286865234375,False
787:colon:bypass:31:,noise,16,0.2713470458984375,False
787:colon:bypass:31:,noise,32,0.02471160888671875,False
787:colon:bypass:31:,noise,48,0.25225830078125,False
787:colon:bypass:31:,noise,56,0.12591552734375,False
787:colon:bypass:31:,noise,64,0.12939453125,False
787:colon:bypass:31:,noise,82,0.152191162109375,False
787:colon:bypass:31:,noise,96,0.20378875732421875,False
787:colon:bypass:31:,noise,98,0.26416015625,False
787:colon:bypass:31:,noise,102,0.27367401123046875,False
787:colon:bypass:31:,noise,116,0.0694580078125,False
787:colon:bypass:31:,noise,130,0.04599189758300781,False
787:colon:bypass:31:,noise,150,0.117919921875,False
787:colon:bypass:31:,noise,154,0.33203125,False
787:colon:bypass:31:,noise,162,0.273681640625,False
787:colon:bypass:31:,noise,176,0.378173828125,False
787:colon:bypass:31:,noise,178,0.10266876220703125,False
787:colon:bypass:31:,noise,186,0.1292724609375,False
787:colon:bypass:31:,noise,192,0.191619873046875,False
787:colon:bypass:31:,noise,196,0.37646484375,False
787:colon:head:817:KV,noise,0,0.00177001953125,False
787:colon:head:817:KV,noise,16,0.057861328125,False
787:colon:head:817:KV,noise,32,0.0235748291015625,False
787:colon:head:817:KV,noise,48,0.0613555908203125,False
787:colon:head:817:KV,noise,56,0.019683837890625,False
787:colon:head:817:KV,noise,64,0.058349609375,False
787:colon:head:817:KV,noise,82,0.08526611328125,False
787:colon:head:817:KV,noise,96,0.030609130859375,False
787:colon:head:817:KV,noise,98,0.074920654296875,False
787:colon:head:817:KV,noise,102,0.10140228271484375,False
787:colon:head:817:KV,noise,116,0.04534912109375,False
787:colon:head:817:KV,noise,130,0.0220489501953125,False
787:colon:head:817:KV,noise,150,0.03729248046875,False
787:colon:head:817:KV,noise,154,0.09649658203125,False
787:colon:head:817:KV,noise,162,0.078125,False
787:colon:head:817:KV,noise,176,0.10107421875,False
787:colon:head:817:KV,noise,178,0.09060287475585938,False
787:colon:head:817:KV,noise,186,0.05987548828125,False
787:colon:head:817:KV,noise,192,0.0692138671875,False
787:colon:head:817:KV,noise,196,0.078125,False
787:colon:head:817:Q,noise,0,0.000335693359375,False
787:colon:head:817:Q,noise,16,-0.0103759765625,False
787:colon:head:817:Q,noise,32,0.0009918212890625,False
787:colon:head:817:Q,noise,48,-0.00634002685546875,False
787:colon:head:817:Q,noise,56,-0.004638671875,False
787:colon:head:817:Q,noise,64,-0.00091552734375,False
787:colon:head:817:Q,noise,82,0.0,False
787:colon:head:817:Q,noise,96,-0.00189208984375,False
787:colon:head:817:Q,noise,98,-0.008056640625,False
787:colon:head:817:Q,noise,102,-0.00310516357421875,False
787:colon:head:817:Q,noise,116,-0.00225830078125,False
787:colon:head:817:Q,noise,130,-0.000885009765625,False
787:colon:head:817:Q,noise,150,-0.00030517578125,False
787:colon:head:817:Q,noise,154,-0.0194091796875,False
787:colon:head:817:Q,noise,162,-0.010498046875,False
787:colon:head:817:Q,noise,176,-0.0146484375,False
787:colon:head:817:Q,noise,178,-0.00452423095703125,False
787:colon:head:817:Q,noise,186,-0.005126953125,False
787:colon:head:817:Q,noise,192,-0.0023193359375,False
787:colon:head:817:Q,noise,196,-0.00830078125,False
787:colon:head:855:KV,noise,0,0.00103759765625,False
787:colon:head:855:KV,noise,16,-0.000152587890625,False
787:colon:head:855:KV,noise,32,0.0001373291015625,False
787:colon:head:855:KV,noise,48,-0.000457763671875,False
787:colon:head:855:KV,noise,56,0.0009613037109375,False
787:colon:head:855:KV,noise,64,0.00115966796875,False
787:colon:head:855:KV,noise,82,0.0013427734375,False
787:colon:head:855:KV,noise,96,0.0001373291015625,False
787:colon:head:855:KV,noise,98,0.00067138671875,False
787:colon:head:855:KV,noise,102,0.00022125244140625,False
787:colon:head:855:KV,noise,116,-0.001220703125,False
787:colon:head:855:KV,noise,130,-0.0001220703125,False
787:colon:head:855:KV,noise,150,0.001617431640625,False
787:colon:head:855:KV,noise,154,0.00238037109375,False
787:colon:head:855:KV,noise,162,-0.000732421875,False
787:colon:head:855:KV,noise,176,-0.0008544921875,False
787:colon:head:855:KV,noise,178,-0.001232147216796875,False
787:colon:head:855:KV,noise,186,0.00030517578125,False
787:colon:head:855:KV,noise,192,-0.00042724609375,False
787:colon:head:855:KV,noise,196,0.0009765625,False
787:colon:head:855:Q,noise,0,0.01654052734375,False
787:colon:head:855:Q,noise,16,-0.00970458984375,False
787:colon:head:855:Q,noise,32,0.0203094482421875,False
787:colon:head:855:Q,noise,48,-0.00406646728515625,False
787:colon:head:855:Q,noise,56,-0.019989013671875,False
787:colon:head:855:Q,noise,64,0.0,False
787:colon:head:855:Q,noise,82,0.0025634765625,False
787:colon:head:855:Q,noise,96,0.00334930419921875,False
787:colon:head:855:Q,noise,98,-0.00225830078125,False
787:colon:head:855:Q,noise,102,-0.04354095458984375,False
787:colon:head:855:Q,noise,116,-0.0009765625,False
787:colon:head:855:Q,noise,130,-0.001190185546875,False
787:colon:head:855:Q,noise,150,-0.014068603515625,False
787:colon:head:855:Q,noise,154,-0.058990478515625,False
787:colon:head:855:Q,noise,162,-0.010986328125,False
787:colon:head:855:Q,noise,176,-0.007080078125,False
787:colon:head:855:Q,noise,178,-0.044185638427734375,False
787:colon:head:855:Q,noise,186,-0.00091552734375,False
787:colon:head:855:Q,noise,192,-0.02374267578125,False
787:colon:head:855:Q,noise,196,-0.07177734375,False
787:colon:head:870:KV,noise,0,0.00042724609375,False
787:colon:head:870:KV,noise,16,0.000640869140625,False
787:colon:head:870:KV,noise,32,0.0005340576171875,False
787:colon:head:870:KV,noise,48,0.00046539306640625,False
787:colon:head:870:KV,noise,56,-0.00262451171875,False
787:colon:head:870:KV,noise,64,0.00091552734375,False
787:colon:head:870:KV,noise,82,6.103515625e-05,False
787:colon:head:870:KV,noise,96,0.00177001953125,False
787:colon:head:870:KV,noise,98,-0.00030517578125,False
787:colon:head:870:KV,noise,102,-3.814697265625e-05,False
787:colon:head:870:KV,noise,116,-0.0020751953125,False
787:colon:head:870:KV,noise,130,-0.0006103515625,False
787:colon:head:870:KV,noise,150,-0.0001220703125,False
787:colon:head:870:KV,noise,154,0.001708984375,False
787:colon:head:870:KV,noise,162,-0.001220703125,False
787:colon:head:870:KV,noise,176,-0.0010986328125,False
787:colon:head:870:KV,noise,178,0.00048828125,False
787:colon:head:870:KV,noise,186,-0.002685546875,False
787:colon:head:870:KV,noise,192,-0.00054931640625,False
787:colon:head:870:KV,noise,196,-0.0009765625,False
787:colon:head:870:Q,noise,0,-0.00152587890625,False
787:colon:head:870:Q,noise,16,0.0543060302734375,False
787:colon:head:870:Q,noise,32,-0.0022125244140625,False
787:colon:head:870:Q,noise,48,0.1267242431640625,False
787:colon:head:870:Q,noise,56,0.1028289794921875,False
787:colon:head:870:Q,noise,64,0.135498046875,False
787:colon:head:870:Q,noise,82,0.16985321044921875,False
787:colon:head:870:Q,noise,96,0.02313232421875,False
787:colon:head:870:Q,noise,98,0.113983154296875,False
787:colon:head:870:Q,noise,102,0.089202880859375,False
787:colon:head:870:Q,noise,116,0.099365234375,False
787:colon:head:870:Q,noise,130,0.046661376953125,False
787:colon:head:870:Q,noise,150,0.0028076171875,False
787:colon:head:870:Q,noise,154,0.1138916015625,False
787:colon:head:870:Q,noise,162,0.144287109375,False
787:colon:head:870:Q,noise,176,0.145263671875,False
787:colon:head:870:Q,noise,178,0.1353302001953125,False
787:colon:head:870:Q,noise,186,0.1199951171875,False
787:colon:head:870:Q,noise,192,0.111572265625,False
787:colon:head:870:Q,noise,196,0.12158203125,False
787:colon:head:973:KV,noise,0,0.00439453125,False
787:colon:head:973:KV,noise,16,0.0336151123046875,False
787:colon:head:973:KV,noise,32,0.0079345703125,False
787:colon:head:973:KV,noise,48,0.031951904296875,False
787:colon:head:973:KV,noise,56,0.0054473876953125,False
787:colon:head:973:KV,noise,64,0.02447509765625,False
787:colon:head:973:KV,noise,82,0.066162109375,False
787:colon:head:973:KV,noise,96,6.866455078125e-05,False
787:colon:head:973:KV,noise,98,0.020172119140625,False
787:colon:head:973:KV,noise,102,0.05066680908203125,False
787:colon:head:973:KV,noise,116,0.01373291015625,False
787:colon:head:973:KV,noise,130,0.0070037841796875,False
787:colon:head:973:KV,noise,150,0.006866455078125,False
787:colon:head:973:KV,noise,154,0.0347900390625,False
787:colon:head:973:KV,noise,162,0.05517578125,False
787:colon:head:973:KV,noise,176,0.01904296875,False
787:colon:head:973:KV,noise,178,0.015636444091796875,False
787:colon:head:973:KV,noise,186,0.0108642578125,False
787:colon:head:973:KV,noise,192,0.0113525390625,False
787:colon:head:973:KV,noise,196,0.0986328125,False
787:colon:head:973:Q,noise,0,0.001922607421875,False
787:colon:head:973:Q,noise,16,0.001434326171875,False
787:colon:head:973:Q,noise,32,0.007843017578125,False
787:colon:head:973:Q,noise,48,0.0030059814453125,False
787:colon:head:973:Q,noise,56,-0.003387451171875,False
787:colon:head:973:Q,noise,64,-0.001953125,False
787:colon:head:973:Q,noise,82,-0.000244140625,False
787:colon:head:973:Q,noise,96,0.00263214111328125,False
787:colon:head:973:Q,noise,98,0.003509521484375,False
787:colon:head:973:Q,noise,102,0.00035858154296875,False
787:colon:head:973:Q,noise,116,-0.001220703125,False
787:colon:head:973:Q,noise,130,0.0032501220703125,False
787:colon:head:973:Q,noise,150,0.00323486328125,False
787:colon:head:973:Q,noise,154,-0.004150390625,False
787:colon:head:973:Q,noise,162,-0.003662109375,False
787:colon:head:973:Q,noise,176,0.00341796875,False
787:colon:head:973:Q,noise,178,-0.00383758544921875,False
787:colon:head:973:Q,noise,186,-0.00115966796875,False
787:colon:head:973:Q,noise,192,-0.0006103515625,False
787:colon:head:973:Q,noise,196,-0.001953125,False
787:colon:head:978:KV,noise,0,0.000823974609375,False
787:colon:head:978:KV,noise,16,0.0003662109375,False
787:colon:head:978:KV,noise,32,0.0019378662109375,False
787:colon:head:978:KV,noise,48,0.00104522705078125,False
787:colon:head:978:KV,noise,56,-0.002532958984375,False
787:colon:head:978:KV,noise,64,0.0003662109375,False
787:colon:head:978:KV,noise,82,0.0003662109375,False
787:colon:head:978:KV,noise,96,0.00064849853515625,False
787:colon:head:978:KV,noise,98,-0.001373291015625,False
787:colon:head:978:KV,noise,102,0.00018310546875,False
787:colon:head:978:KV,noise,116,-0.00103759765625,False
787:colon:head:978:KV,noise,130,-0.00091552734375,False
787:colon:head:978:KV,noise,150,-0.00030517578125,False
787:colon:head:978:KV,noise,154,0.0001220703125,False
787:colon:head:978:KV,noise,162,0.000244140625,False
787:colon:head:978:KV,noise,176,-0.0001220703125,False
787:colon:head:978:KV,noise,178,0.0003204345703125,False
787:colon:head:978:KV,noise,186,-0.00018310546875,False
787:colon:head:978:KV,noise,192,-0.00140380859375,False
787:colon:head:978:KV,noise,196,0.0009765625,False
787:colon:head:978:Q,noise,0,-0.0008544921875,False
787:colon:head:978:Q,noise,16,0.018280029296875,False
787:colon:head:978:Q,noise,32,0.0036163330078125,False
787:colon:head:978:Q,noise,48,0.0115814208984375,False
787:colon:head:978:Q,noise,56,0.0011749267578125,False
787:colon:head:978:Q,noise,64,0.0245361328125,False
787:colon:head:978:Q,noise,82,0.0216064453125,False
787:colon:head:978:Q,noise,96,-0.00551605224609375,False
787:colon:head:978:Q,noise,98,-0.030548095703125,False
787:colon:head:978:Q,noise,102,0.0544891357421875,False
787:colon:head:978:Q,noise,116,-0.00543212890625,False
787:colon:head:978:Q,noise,130,-0.002044677734375,False
787:colon:head:978:Q,noise,150,0.00469970703125,False
787:colon:head:978:Q,noise,154,0.0198974609375,False
787:colon:head:978:Q,noise,162,0.054931640625,False
787:colon:head:978:Q,noise,176,-0.001220703125,False
787:colon:head:978:Q,noise,178,0.069122314453125,False
787:colon:head:978:Q,noise,186,0.01470947265625,False
787:colon:head:978:Q,noise,192,0.0147705078125,False
787:colon:head:978:Q,noise,196,-0.0009765625,False
787:colon:mlp:24:,noise,0,0.00885009765625,False
787:colon:mlp:24:,noise,16,-0.0131683349609375,False
787:colon:mlp:24:,noise,32,-0.011932373046875,False
787:colon:mlp:24:,noise,48,-0.0381317138671875,False
787:colon:mlp:24:,noise,56,0.0072174072265625,False
787:colon:mlp:24:,noise,64,-0.00030517578125,False
787:colon:mlp:24:,noise,82,-0.088134765625,False
787:colon:mlp:24:,noise,96,-0.09317779541015625,False
787:colon:mlp:24:,noise,98,-0.027984619140625,False
787:colon:mlp:24:,noise,102,-0.00807952880859375,False
787:colon:mlp:24:,noise,116,-0.017333984375,False
787:colon:mlp:24:,noise,130,0.014007568359375,False
787:colon:mlp:24:,noise,150,0.0096435546875,False
787:colon:mlp:24:,noise,154,-0.00634765625,False
787:colon:mlp:24:,noise,162,0.05029296875,False
787:colon:mlp:24:,noise,176,-0.078125,False
787:colon:mlp:24:,noise,178,-0.03496551513671875,False
787:colon:mlp:24:,noise,186,-0.00555419921875,False
787:colon:mlp:24:,noise,192,-0.08758544921875,False
787:colon:mlp:24:,noise,196,-0.00048828125,False
787:colon:mlp:25:,noise,0,-0.01861572265625,False
787:colon:mlp:25:,noise,16,-0.00360107421875,False
787:colon:mlp:25:,noise,32,0.0066070556640625,False
787:colon:mlp:25:,noise,48,-0.02037811279296875,False
787:colon:mlp:25:,noise,56,-0.0074005126953125,False
787:colon:mlp:25:,noise,64,-0.07781982421875,False
787:colon:mlp:25:,noise,82,0.00592041015625,False
787:colon:mlp:25:,noise,96,0.02065277099609375,False
787:colon:mlp:25:,noise,98,0.0189208984375,False
787:colon:mlp:25:,noise,102,0.01279449462890625,False
787:colon:mlp:25:,noise,116,-0.00531005859375,False
787:colon:mlp:25:,noise,130,0.0030975341796875,False
787:colon:mlp:25:,noise,150,0.003387451171875,False
787:colon:mlp:25:,noise,154,-0.05126953125,False
787:colon:mlp:25:,noise,162,-0.00390625,False
787:colon:mlp:25:,noise,176,-0.0098876953125,False
787:colon:mlp:25:,noise,178,0.009296417236328125,False
787:colon:mlp:25:,noise,186,0.0018310546875,False
787:colon:mlp:25:,noise,192,0.0113525390625,False
787:colon:mlp:25:,noise,196,0.0146484375,False
817:colon:bypass:31:,noise,0,0.19976806640625,False
817:colon:bypass:31:,noise,16,0.3072052001953125,False
817:colon:bypass:31:,noise,32,0.3100738525390625,False
817:colon:bypass:31:,noise,48,0.1810455322265625,False
817:colon:bypass:31:,noise,56,0.2026519775390625,False
817:colon:bypass:31:,noise,64,0.2772216796875,False
817:colon:bypass:31:,noise,82,0.06463623046875,False
817:colon:bypass:31:,noise,96,0.33950042724609375,False
817:colon:bypass:31:,noise,98,0.4219970703125,False
817:colon:bypass:31:,noise,102,0.18051910400390625,False
817:colon:bypass:31:,noise,116,0.204986572265625,False
817:colon:bypass:31:,noise,130,0.13784217834472656,False
817:colon:bypass:31:,noise,150,0.28887939453125,False
817:colon:bypass:31:,noise,154,0.2142333984375,False
817:colon:bypass:31:,noise,162,0.080078125,False
817:colon:bypass:31:,noise,176,0.29443359375,False
817:colon:bypass:31:,noise,178,0.2534904479980469,False
817:colon:bypass:31:,noise,186,0.20526123046875,False
817:colon:bypass:31:,noise,192,0.09246826171875,False
817:colon:bypass:31:,noise,196,0.216796875,False
817:colon:head:855:KV,noise,0,0.00115966796875,False
817:colon:head:855:KV,noise,16,0.00048828125,False
817:colon:head:855:KV,noise,32,-0.0009307861328125,False
817:colon:head:855:KV,noise,48,-0.0008087158203125,False
817:colon:head:855:KV,noise,56,0.0001068115234375,False
817:colon:head:855:KV,noise,64,0.00103759765625,False
817:colon:head:855:KV,noise,82,0.0001220703125,False
817:colon:head:855:KV,noise,96,-0.00217437744140625,False
817:colon:head:855:KV,noise,98,0.000885009765625,False
817:colon:head:855:KV,noise,102,-0.00157928466796875,False
817:colon:head:855:KV,noise,116,-0.0010986328125,False
817:colon:head:855:KV,noise,130,-0.0009307861328125,False
817:colon:head:855:KV,noise,150,0.0020751953125,False
817:colon:head:855:KV,noise,154,0.00274658203125,False
817:colon:head:855:KV,noise,162,-0.000732421875,False
817:colon:head:855:KV,noise,176,-0.0001220703125,False
817:colon:head:855:KV,noise,178,-0.003795623779296875,False
817:colon:head:855:KV,noise,186,-0.00018310546875,False
817:colon:head:855:KV,noise,192,-0.00079345703125,False
817:colon:head:855:KV,noise,196,-0.00048828125,False
817:colon:head:855:Q,noise,0,-0.0670166015625,False
817:colon:head:855:Q,noise,16,-0.009765625,False
817:colon:head:855:Q,noise,32,-0.103851318359375,False
817:colon:head:855:Q,noise,48,-0.0157928466796875,False
817:colon:head:855:Q,noise,56,-0.0398406982421875,False
817:colon:head:855:Q,noise,64,-0.00048828125,False
817:colon:head:855:Q,noise,82,-0.00213623046875,False
817:colon:head:855:Q,noise,96,-0.00910186767578125,False
817:colon:head:855:Q,noise,98,-0.009979248046875,False
817:colon:head:855:Q,noise,102,-0.07936859130859375,False
817:colon:head:855:Q,noise,116,-0.0113525390625,False
817:colon:head:855:Q,noise,130,-0.005157470703125,False
817:colon:head:855:Q,noise,150,-0.041351318359375,False
817:colon:head:855:Q,noise,154,-0.05511474609375,False
817:colon:head:855:Q,noise,162,0.002685546875,False
817:colon:head:855:Q,noise,176,-0.0089111328125,False
817:colon:head:855:Q,noise,178,-0.032379150390625,False
817:colon:head:855:Q,noise,186,-0.012939453125,False
817:colon:head:855:Q,noise,192,-0.01458740234375,False
817:colon:head:855:Q,noise,196,-0.0302734375,False
817:colon:head:870:KV,noise,0,0.003265380859375,False
817:colon:head:870:KV,noise,16,0.0009613037109375,False
817:colon:head:870:KV,noise,32,-0.002685546875,False
817:colon:head:870:KV,noise,48,-0.00018310546875,False
817:colon:head:870:KV,noise,56,-0.0014495849609375,False
817:colon:head:870:KV,noise,64,0.00067138671875,False
817:colon:head:870:KV,noise,82,0.00048828125,False
817:colon:head:870:KV,noise,96,0.0018768310546875,False
817:colon:head:870:KV,noise,98,3.0517578125e-05,False
817:colon:head:870:KV,noise,102,0.0009613037109375,False
817:colon:head:870:KV,noise,116,-0.0013427734375,False
817:colon:head:870:KV,noise,130,0.00115966796875,False
817:colon:head:870:KV,noise,150,-0.0013427734375,False
817:colon:head:870:KV,noise,154,0.0025634765625,False
817:colon:head:870:KV,noise,162,-0.00048828125,False
817:colon:head:870:KV,noise,176,-0.001953125,False
817:colon:head:870:KV,noise,178,0.00139617919921875,False
817:colon:head:870:KV,noise,186,-0.00067138671875,False
817:colon:head:870:KV,noise,192,-0.0003662109375,False
817:colon:head:870:KV,noise,196,0.0009765625,False
817:colon:head:870:Q,noise,0,-0.01519775390625,False
817:colon:head:870:Q,noise,16,0.1993255615234375,False
817:colon:head:870:Q,noise,32,-0.01141357421875,False
817:colon:head:870:Q,noise,48,0.34552001953125,False
817:colon:head:870:Q,noise,56,0.6713714599609375,False
817:colon:head:870:Q,noise,64,0.6849365234375,False
817:colon:head:870:Q,noise,82,0.1712646484375,False
817:colon:head:870:Q,noise,96,0.08986663818359375,False
817:colon:head:870:Q,noise,98,0.46381235122680664,False
817:colon:head:870:Q,noise,102,0.1460418701171875,False
817:colon:head:870:Q,noise,116,0.518463134765625,False
817:colon:head:870:Q,noise,130,0.2569122314453125,False
817:colon:head:870:Q,noise,150,0.02203369140625,False
817:colon:head:870:Q,noise,154,0.23455810546875,False
817:colon:head:870:Q,noise,162,0.336181640625,False
817:colon:head:870:Q,noise,176,0.4544677734375,False
817:colon:head:870:Q,noise,178,0.5299186706542969,False
817:colon:head:870:Q,noise,186,0.48931884765625,False
817:colon:head:870:Q,noise,192,0.4034423828125,False
817:colon:head:870:Q,noise,196,0.22998046875,False
817:colon:head:973:KV,noise,0,0.014404296875,False
817:colon:head:973:KV,noise,16,0.0526580810546875,False
817:colon:head:973:KV,noise,32,0.0090179443359375,False
817:colon:head:973:KV,noise,48,0.017120361328125,False
817:colon:head:973:KV,noise,56,0.0104217529296875,False
817:colon:head:973:KV,noise,64,0.04107666015625,False
817:colon:head:973:KV,noise,82,0.08184814453125,False
817:colon:head:973:KV,noise,96,0.01107025146484375,False
817:colon:head:973:KV,noise,98,0.035797119140625,False
817:colon:head:973:KV,noise,102,0.0546875,False
817:colon:head:973:KV,noise,116,0.04730224609375,False
817:colon:head:973:KV,noise,130,0.014007568359375,False
817:colon:head:973:KV,noise,150,0.013336181640625,False
817:colon:head:973:KV,noise,154,0.0394287109375,False
817:colon:head:973:KV,noise,162,0.02783203125,False
817:colon:head:973:KV,noise,176,0.0242919921875,False
817:colon:head:973:KV,noise,178,0.020664215087890625,False
817:colon:head:973:KV,noise,186,0.0166015625,False
817:colon:head:973:KV,noise,192,0.0087890625,False
817:colon:head:973:KV,noise,196,0.06591796875,False
817:colon:head:973:Q,noise,0,-0.00030517578125,False
817:colon:head:973:Q,noise,16,-0.0007476806640625,False
817:colon:head:973:Q,noise,32,0.008331298828125,False
817:colon:head:973:Q,noise,48,-0.00146484375,False
817:colon:head:973:Q,noise,56,-0.0075836181640625,False
817:colon:head:973:Q,noise,64,-0.00726318359375,False
817:colon:head:973:Q,noise,82,0.003662109375,False
817:colon:head:973:Q,noise,96,0.00164794921875,False
817:colon:head:973:Q,noise,98,0.0181884765625,False
817:colon:head:973:Q,noise,102,-0.00547027587890625,False
817:colon:head:973:Q,noise,116,0.01055908203125,False
817:colon:head:973:Q,noise,130,0.00152587890625,False
817:colon:head:973:Q,noise,150,0.001007080078125,False
817:colon:head:973:Q,noise,154,-0.0040283203125,False
817:colon:head:973:Q,noise,162,0.013671875,False
817:colon:head:973:Q,noise,176,-0.0032958984375,False
817:colon:head:973:Q,noise,178,0.0159149169921875,False
817:colon:head:973:Q,noise,186,-0.0018310546875,False
817:colon:head:973:Q,noise,192,-0.0028076171875,False
817:colon:head:973:Q,noise,196,0.0048828125,False
817:colon:head:978:KV,noise,0,-0.000213623046875,False
817:colon:head:978:KV,noise,16,9.1552734375e-05,False
817:colon:head:978:KV,noise,32,0.00128173828125,False
817:colon:head:978:KV,noise,48,-0.00079345703125,False
817:colon:head:978:KV,noise,56,-0.0055999755859375,False
817:colon:head:978:KV,noise,64,0.00048828125,False
817:colon:head:978:KV,noise,82,0.00018310546875,False
817:colon:head:978:KV,noise,96,-0.0035400390625,False
817:colon:head:978:KV,noise,98,-0.001617431640625,False
817:colon:head:978:KV,noise,102,0.0006256103515625,False
817:colon:head:978:KV,noise,116,-0.00592041015625,False
817:colon:head:978:KV,noise,130,-0.0018310546875,False
817:colon:head:978:KV,noise,150,0.00079345703125,False
817:colon:head:978:KV,noise,154,0.000244140625,False
817:colon:head:978:KV,noise,162,0.0,False
817:colon:head:978:KV,noise,176,0.0001220703125,False
817:colon:head:978:KV,noise,178,-0.003498077392578125,False
817:colon:head:978:KV,noise,186,-0.00244140625,False
817:colon:head:978:KV,noise,192,-0.0042724609375,False
817:colon:head:978:KV,noise,196,-0.001953125,False
817:colon:head:978:Q,noise,0,0.044677734375,False
817:colon:head:978:Q,noise,16,0.1107025146484375,False
817:colon:head:978:Q,noise,32,0.088531494140625,False
817:colon:head:978:Q,noise,48,0.215545654296875,False
817:colon:head:978:Q,noise,56,0.2003021240234375,False
817:colon:head:978:Q,noise,64,0.1998291015625,False
817:colon:head:978:Q,noise,82,0.32049560546875,False
817:colon:head:978:Q,noise,96,0.0471954345703125,False
817:colon:head:978:Q,noise,98,0.06463623046875,False
817:colon:head:978:Q,noise,102,0.5103073120117188,False
817:colon:head:978:Q,noise,116,0.295654296875,False
817:colon:head:978:Q,noise,130,0.1688079833984375,False
817:colon:head:978:Q,noise,150,0.06622314453125,False
817:colon:head:978:Q,noise,154,0.15380859375,False
817:colon:head:978:Q,noise,162,0.189453125,False
817:colon:head:978:Q,noise,176,0.531005859375,False
817:colon:head:978:Q,noise,178,0.31305694580078125,False
817:colon:head:978:Q,noise,186,0.26165771484375,False
817:colon:head:978:Q,noise,192,0.19720458984375,False
817:colon:head:978:Q,noise,196,0.4150390625,False
817:colon:mlp:25:,noise,0,-0.031646728515625,False
817:colon:mlp:25:,noise,16,0.0538330078125,False
817:colon:mlp:25:,noise,32,-0.011199951171875,False
817:colon:mlp:25:,noise,48,-0.0139312744140625,False
817:colon:mlp:25:,noise,56,-0.01007080078125,False
817:colon:mlp:25:,noise,64,-0.37567138671875,False
817:colon:mlp:25:,noise,82,0.009765625,False
817:colon:mlp:25:,noise,96,0.07205963134765625,False
817:colon:mlp:25:,noise,98,0.0460205078125,False
817:colon:mlp:25:,noise,102,0.047455787658691406,False
817:colon:mlp:25:,noise,116,-0.001220703125,False
817:colon:mlp:25:,noise,130,0.0028228759765625,False
817:colon:mlp:25:,noise,150,0.0052032470703125,False
817:colon:mlp:25:,noise,154,-0.07818603515625,False
817:colon:mlp:25:,noise,162,-0.0087890625,False
817:colon:mlp:25:,noise,176,0.06787109375,False
817:colon:mlp:25:,noise,178,0.0007128715515136719,False
817:colon:mlp:25:,noise,186,0.03759765625,False
817:colon:mlp:25:,noise,192,0.05413818359375,False
817:colon:mlp:25:,noise,196,0.00927734375,False
817:colon:mlp:26:,noise,0,0.105682373046875,False
817:colon:mlp:26:,noise,16,0.026073455810546875,False
817:colon:mlp:26:,noise,32,0.176055908203125,False
817:colon:mlp:26:,noise,48,0.0713043212890625,False
817:colon:mlp:26:,noise,56,0.03680419921875,False
817:colon:mlp:26:,noise,64,0.02178955078125,False
817:colon:mlp:26:,noise,82,0.12744140625,False
817:colon:mlp:26:,noise,96,-0.03296661376953125,False
817:colon:mlp:26:,noise,98,-0.058685302734375,False
817:colon:mlp:26:,noise,102,-0.005191802978515625,False
817:colon:mlp:26:,noise,116,0.00238037109375,False
817:colon:mlp:26:,noise,130,0.006988525390625,False
817:colon:mlp:26:,noise,150,0.011474609375,False
817:colon:mlp:26:,noise,154,0.0120849609375,False
817:colon:mlp:26:,noise,162,-0.00537109375,False
817:colon:mlp:26:,noise,176,0.038818359375,False
817:colon:mlp:26:,noise,178,-0.021411895751953125,False
817:colon:mlp:26:,noise,186,0.04510498046875,False
817:colon:mlp:26:,noise,192,-0.00762939453125,False
817:colon:mlp:26:,noise,196,-0.0146484375,False
