mean,mean_absolute,median,minimum,maximum,sign_fraction,above_tau_fraction,retained,classification,config_id,direction,families,no_prefix_mean,descriptive_ci_low,descriptive_ci_high,source_head,source_site,receiver_kind,receiver,channel,panel
-0.03371124267578125,0.0481048583984375,-0.02414703369140625,-0.15142822265625,0.065155029296875,0.85,0.15,False,below_rule,426:query_sentence:head:513:K,noise,20,-0.03371124267578125,-0.05817386627197265,-0.010065994262695332,L13H10,query_sentence,head,L16H1,K,P4
-0.18521366119384766,0.18521366119384766,-0.14463043212890625,-0.36297607421875,-0.03955078125,1.0,0.75,True,coherent,426:query_sentence:head:513:V,noise,20,-0.18521366119384766,-0.2300369644165039,-0.14142531394958496,L13H10,query_sentence,head,L16H1,V,P4
-0.04619922637939453,0.055192756652832034,-0.05085563659667969,-0.152618408203125,0.0425567626953125,0.8,0.1,False,below_rule,426:query_sentence:head:533:K,noise,20,-0.04619922637939453,-0.06835740566253663,-0.024546260833740247,L13H10,query_sentence,head,L16H21,K,P4
0.05701923370361328,0.05701923370361328,0.047210693359375,0.0115814208984375,0.14310836791992188,1.0,0.2,False,below_rule,426:query_sentence:head:533:V,noise,20,0.05701923370361328,0.041856002807617185,0.07385060787200921,L13H10,query_sentence,head,L16H21,V,P4
0.04071788787841797,0.04071788787841797,0.0360107421875,7.62939453125e-05,0.104888916015625,1.0,0.05,False,below_rule,426:query_sentence:head:547:K,noise,20,0.04071788787841797,0.027961645126342773,0.05421244621276855,L13H10,query_sentence,head,L17H3,K,P4
0.1462982177734375,0.1462982177734375,0.1455841064453125,0.0399932861328125,0.25897216796875,1.0,0.7,True,coherent,426:query_sentence:head:547:V,noise,20,0.1462982177734375,0.11910163879394531,0.17370564937591546,L13H10,query_sentence,head,L17H3,V,P4
-0.0007778167724609375,0.0023792266845703127,-0.00035858154296875,-0.00885009765625,0.0036163330078125,0.55,0.0,False,below_rule,426:query_sentence:head:561:K,noise,20,-0.0007778167724609375,-0.002162933349609375,0.0004982280731201146,L13H10,query_sentence,head,L17H17,K,P4
-0.05501546859741211,0.05501546859741211,-0.041290283203125,-0.1594696044921875,-0.01116943359375,1.0,0.15,False,below_rule,426:query_sentence:head:561:V,noise,20,-0.05501546859741211,-0.07211523056030274,-0.03994773864746094,L13H10,query_sentence,head,L17H17,V,P4
0.007208442687988282,0.00829486846923828,0.003509521484375,-0.0045928955078125,0.04669189453125,0.8,0.0,False,below_rule,426:query_sentence:head:568:K,noise,20,0.007208442687988282,0.002601518630981445,0.01303845405578613,L13H10,query_sentence,head,L17H24,K,P4
-0.05844888687133789,0.05844888687133789,-0.051395416259765625,-0.158447265625,-0.0030975341796875,1.0,0.05,False,below_rule,426:query_sentence:head:568:V,noise,20,-0.05844888687133789,-0.07465217590332032,-0.04404362201690678,L13H10,query_sentence,head,L17H24,V,P4
-0.12715425491333007,0.14065828323364257,-0.13231945037841797,-0.3594627380371094,0.05401611328125,0.8,0.6,True,coherent,426:query_sentence:head:594:K,noise,20,-0.12715425491333007,-0.18163666725158692,-0.07436748504638672,L13H10,query_sentence,head,L18H18,K,P4
0.0011920928955078125,0.009173965454101563,0.002208709716796875,-0.03662109375,0.0245361328125,0.55,0.0,False,below_rule,426:query_sentence:head:594:V,noise,20,0.0011920928955078125,-0.004538040161132812,0.006326026916503896,L13H10,query_sentence,head,L18H18,V,P4
-0.08397564888000489,0.10274548530578613,-0.067901611328125,-0.2542724609375,0.09552001953125,0.85,0.35,True,heterogeneous,426:query_sentence:head:595:K,noise,20,-0.08397564888000489,-0.12343163371086122,-0.04541986107826234,L13H10,query_sentence,head,L18H19,K,P4
-0.1119039535522461,0.1119039535522461,-0.10174560546875,-0.23956298828125,-0.01385498046875,1.0,0.5,True,coherent,426:query_sentence:head:595:V,noise,20,-0.1119039535522461,-0.13919922351837158,-0.085417070388794,L13H10,query_sentence,head,L18H19,V,P4
-0.03686075210571289,0.04113321304321289,-0.02315521240234375,-0.1802978515625,0.0252685546875,0.85,0.1,False,below_rule,426:query_sentence:head:600:K,noise,20,-0.03686075210571289,-0.059114208221435545,-0.01860591650009156,L13H10,query_sentence,head,L18H24,K,P4
0.03346576690673828,0.03346576690673828,0.032806396484375,0.0064697265625,0.06461715698242188,1.0,0.0,False,below_rule,426:query_sentence:head:600:V,noise,20,0.03346576690673828,0.025963973999023438,0.04143545627593993,L13H10,query_sentence,head,L18H24,V,P4
0.008608818054199219,0.01816692352294922,0.00457000732421875,-0.0391845703125,0.07257080078125,0.7,0.0,False,below_rule,426:query_sentence:head:624:K,noise,20,0.008608818054199219,-0.0016248750686645508,0.019254522323608397,L13H10,query_sentence,head,L19H16,K,P4
0.039017105102539064,0.039017105102539064,0.032562255859375,0.00293731689453125,0.0970611572265625,1.0,0.0,False,below_rule,426:query_sentence:head:624:V,noise,20,0.039017105102539064,0.02773387908935547,0.05101562499999999,L13H10,query_sentence,head,L19H16,V,P4
-0.001994609832763672,0.006717967987060547,-0.0024976730346679688,-0.0215301513671875,0.0146942138671875,0.55,0.0,False,below_rule,426:query_sentence:head:630:K,noise,20,-0.001994609832763672,-0.005609526634216309,0.0015308499336242666,L13H10,query_sentence,head,L19H22,K,P4
-0.0005034446716308594,0.0031823158264160157,-0.000957489013671875,-0.0078125,0.007080078125,0.55,0.0,False,below_rule,426:query_sentence:head:630:V,noise,20,-0.0005034446716308594,-0.002188901901245117,0.0012233829498291006,L13H10,query_sentence,head,L19H22,V,P4
0.011276435852050782,0.02064990997314453,0.00634765625,-0.0274658203125,0.08052825927734375,0.7,0.0,False,below_rule,426:query_sentence:head:641:K,noise,20,0.011276435852050782,0.00040947437286376954,0.02326245307922363,L13H10,query_sentence,head,L20H1,K,P4
0.035999298095703125,0.035999298095703125,0.0298004150390625,0.0045623779296875,0.0897216796875,1.0,0.0,False,below_rule,426:query_sentence:head:641:V,noise,20,0.035999298095703125,0.025981788635253907,0.04701160430908202,L13H10,query_sentence,head,L20H1,V,P4
-0.00330047607421875,0.014876556396484376,-0.000640869140625,-0.04541015625,0.030029296875,0.55,0.0,False,below_rule,426:query_sentence:head:678:K,noise,20,-0.00330047607421875,-0.012723169326782227,0.0053857135772704965,L13H10,query_sentence,head,L21H6,K,P4
0.00035190582275390625,0.0022714614868164064,0.00034332275390625,-0.00616455078125,0.00531005859375,0.5,0.0,False,below_rule,426:query_sentence:head:678:V,noise,20,0.00035190582275390625,-0.0008995246887207032,0.0015939712524414063,L13H10,query_sentence,head,L21H6,V,P4
-0.010156536102294922,0.03326749801635742,-0.006134033203125,-0.0712890625,0.0932769775390625,0.7,0.0,False,below_rule,426:query_sentence:head:690:K,noise,20,-0.010156536102294922,-0.028878197669982907,0.008778960704803466,L13H10,query_sentence,head,L21H18,K,P4
0.00015125274658203124,0.0033613204956054687,0.000579833984375,-0.0074462890625,0.00811767578125,0.5,0.0,False,below_rule,426:query_sentence:head:690:V,noise,20,0.00015125274658203124,-0.001660161018371582,0.0019798612594604465,L13H10,query_sentence,head,L21H18,V,P4
0.0018381118774414063,0.004041099548339843,0.00176239013671875,-0.00927734375,0.0139312744140625,0.65,0.0,False,below_rule,426:query_sentence:head:695:K,noise,20,0.0018381118774414063,-0.000353245735168457,0.004102010726928705,L13H10,query_sentence,head,L21H23,K,P4
-0.008403587341308593,0.008735466003417968,-0.00807952880859375,-0.022857666015625,0.00286102294921875,0.9,0.0,False,below_rule,426:query_sentence:head:695:V,noise,20,-0.008403587341308593,-0.0114622163772583,-0.0054774951934814485,L13H10,query_sentence,head,L21H23,V,P4
-0.025208091735839842,0.032111167907714844,-0.02081298828125,-0.09247970581054688,0.0306549072265625,0.85,0.0,False,below_rule,426:query_sentence:head:709:K,noise,20,-0.025208091735839842,-0.03963982582092285,-0.011487178802490236,L13H10,query_sentence,head,L22H5,K,P4
-0.005360984802246093,0.005711936950683593,-0.003875732421875,-0.022613525390625,0.00228118896484375,0.85,0.0,False,below_rule,426:query_sentence:head:709:V,noise,20,-0.005360984802246093,-0.008235411643981934,-0.002873601913452149,L13H10,query_sentence,head,L22H5,V,P4
0.003735923767089844,0.007995033264160156,-0.0005970001220703125,-0.011444091796875,0.0413818359375,0.45,0.0,False,below_rule,426:query_sentence:head:751:K,noise,20,0.003735923767089844,-0.0013391923904418944,0.009958624839782701,L13H10,query_sentence,head,L23H15,K,P4
0.018391799926757813,0.020085525512695313,0.015655517578125,-0.016937255859375,0.06378173828125,0.95,0.0,False,below_rule,426:query_sentence:head:751:V,noise,20,0.018391799926757813,0.01176605224609375,0.02548845291137694,L13H10,query_sentence,head,L23H15,V,P4
-0.0029592514038085938,0.011972618103027344,-0.002105712890625,-0.049102783203125,0.02520751953125,0.65,0.0,False,below_rule,426:query_sentence:head:787:K,noise,20,-0.0029592514038085938,-0.010390243530273437,0.0038256454467773373,L13H10,query_sentence,head,L24H19,K,P4
-7.51495361328125e-05,0.0012737274169921874,-7.62939453125e-06,-0.004150390625,0.0022735595703125,0.5,0.0,False,below_rule,426:query_sentence:head:787:V,noise,20,-7.51495361328125e-05,-0.0008041477203369141,0.0006027317047119132,L13H10,query_sentence,head,L24H19,V,P4
9.212493896484374e-05,0.0016595840454101563,0.000453948974609375,-0.004150390625,0.002716064453125,0.55,0.0,False,below_rule,426:query_sentence:head:817:K,noise,20,9.212493896484374e-05,-0.0007984161376953125,0.0009412813186645503,L13H10,query_sentence,head,L25H17,K,P4
-0.0006315231323242188,0.0015443801879882813,-0.00079345703125,-0.00384521484375,0.002227783203125,0.65,0.0,False,below_rule,426:query_sentence:head:817:V,noise,20,-0.0006315231323242188,-0.0013750123977661133,0.00011196613311767538,L13H10,query_sentence,head,L25H17,V,P4
5.702972412109375e-05,0.0016668319702148437,6.4849853515625e-05,-0.0051116943359375,0.003173828125,0.5,0.0,False,below_rule,426:query_sentence:head:855:K,noise,20,5.702972412109375e-05,-0.0008953189849853515,0.0009513950347900382,L13H10,query_sentence,head,L26H23,K,P4
0.002834129333496094,0.003467369079589844,0.002376556396484375,-0.0018310546875,0.013641357421875,0.75,0.0,False,below_rule,426:query_sentence:head:855:V,noise,20,0.002834129333496094,0.0012693166732788085,0.004643630981445312,L13H10,query_sentence,head,L26H23,V,P4
3.24249267578125e-06,0.02662487030029297,-0.00160980224609375,-0.100830078125,0.1419830322265625,0.45,0.1,False,below_rule,426:query_sentence:head:870:K,noise,20,3.24249267578125e-06,-0.018611321449279784,0.020190777778625407,L13H10,query_sentence,head,L27H6,K,P4
0.000128936767578125,0.002457427978515625,3.0517578125e-05,-0.010009765625,0.007537841796875,0.5,0.0,False,below_rule,426:query_sentence:head:870:V,noise,20,0.000128936767578125,-0.0015313529968261717,0.0017364692687988263,L13H10,query_sentence,head,L27H6,V,P4
7.89642333984375e-05,0.0013263702392578125,0.00046539306640625,-0.00730133056640625,0.003387451171875,0.6,0.0,False,below_rule,426:query_sentence:head:973:K,noise,20,7.89642333984375e-05,-0.0009288978576660156,0.0008812046051025382,L13H10,query_sentence,head,L30H13,K,P4
-3.16619873046875e-05,0.0009532928466796875,0.000244140625,-0.00377655029296875,0.001312255859375,0.45,0.0,False,below_rule,426:query_sentence:head:973:V,noise,20,-3.16619873046875e-05,-0.0006183624267578125,0.0004611968994140625,L13H10,query_sentence,head,L30H13,V,P4
-0.003022575378417969,0.004757499694824219,-0.000457763671875,-0.020782470703125,0.00537109375,0.75,0.0,False,below_rule,426:query_sentence:head:978:K,noise,20,-0.003022575378417969,-0.006065011024475098,-0.0003658199310302743,L13H10,query_sentence,head,L30H18,K,P4
-0.00036678314208984377,0.0010568618774414063,-0.0003662109375,-0.00335693359375,0.0019989013671875,0.6,0.0,False,below_rule,426:query_sentence:head:978:V,noise,20,-0.00036678314208984377,-0.0009389925003051758,0.0001934051513671875,L13H10,query_sentence,head,L30H18,V,P4
0.011935234069824219,0.06453609466552734,0.006053924560546875,-0.1422119140625,0.26422119140625,0.55,0.2,False,below_rule,426:query_sentence:mlp:13:,noise,20,0.011935234069824219,-0.024496240615844725,0.0521981430053709,L13H10,query_sentence,mlp,13,,P4
0.18135576248168944,0.18135576248168944,0.18863677978515625,0.03277587890625,0.43294525146484375,1.0,0.75,True,coherent,426:query_sentence:mlp:14:,noise,20,0.18135576248168944,0.13855589151382447,0.22891509294509885,L13H10,query_sentence,mlp,14,,P4
0.00102996826171875,0.002664947509765625,0.000911712646484375,-0.0054931640625,0.00927734375,0.6,0.0,False,below_rule,434:fact1_mother:head:513:K,noise,20,0.00102996826171875,-0.00040474891662597653,0.0025688457489013647,L13H18,fact1_mother,head,L16H1,K,coverage_route
0.001216888427734375,0.002115631103515625,0.000507354736328125,-0.002685546875,0.0074615478515625,0.55,0.0,False,below_rule,434:fact1_mother:head:513:V,noise,20,0.001216888427734375,0.00013541221618652345,0.002417383193969726,L13H18,fact1_mother,head,L16H1,V,coverage_route
-0.0009984970092773438,0.002353477478027344,-0.0011234283447265625,-0.00555419921875,0.00390625,0.7,0.0,False,below_rule,434:fact1_mother:head:533:K,noise,20,-0.0009984970092773438,-0.0021614122390747072,0.00018253803253173788,L13H18,fact1_mother,head,L16H21,K,coverage_route
-0.0003284454345703125,0.0021167755126953124,0.0,-0.00616455078125,0.00506591796875,0.5,0.0,False,below_rule,434:fact1_mother:head:533:V,noise,20,-0.0003284454345703125,-0.0014690399169921876,0.000835819244384764,L13H18,fact1_mother,head,L16H21,V,coverage_route
-0.009330654144287109,0.010107326507568359,-0.00582122802734375,-0.03515625,0.00518798828125,0.75,0.0,False,below_rule,434:fact1_mother:head:547:K,noise,20,-0.009330654144287109,-0.014377129077911376,-0.004773204326629649,L13H18,fact1_mother,head,L17H3,K,coverage_route
-0.011139678955078124,0.013919830322265625,-0.00994110107421875,-0.05126953125,0.01190185546875,0.7,0.0,False,below_rule,434:fact1_mother:head:547:V,noise,20,-0.011139678955078124,-0.018052692413330077,-0.0049239158630371175,L13H18,fact1_mother,head,L17H3,V,coverage_route
-0.000458526611328125,0.00214996337890625,-0.00040435791015625,-0.00637054443359375,0.00399017333984375,0.6,0.0,False,below_rule,434:fact1_mother:head:561:K,noise,20,-0.000458526611328125,-0.0016193485260009766,0.0006519412994384757,L13H18,fact1_mother,head,L17H17,K,coverage_route
0.003209495544433594,0.004434013366699218,0.003387451171875,-0.00335693359375,0.01465606689453125,0.65,0.0,False,below_rule,434:fact1_mother:head:561:V,noise,20,0.003209495544433594,0.001197800636291504,0.005422024726867675,L13H18,fact1_mother,head,L17H17,V,coverage_route
-0.00029621124267578127,0.002883720397949219,-0.0010986328125,-0.00830078125,0.0063629150390625,0.6,0.0,False,below_rule,434:fact1_mother:head:568:K,noise,20,-0.00029621124267578127,-0.0018716907501220702,0.0013015794754028317,L13H18,fact1_mother,head,L17H24,K,coverage_route
0.0011800765991210938,0.0029237747192382814,-1.1444091796875e-05,-0.0041961669921875,0.017578125,0.5,0.0,False,below_rule,434:fact1_mother:head:568:V,noise,20,0.0011800765991210938,-0.0005802345275878906,0.0034158945083618145,L13H18,fact1_mother,head,L17H24,V,coverage_route
0.022760391235351562,0.028088760375976563,0.02285003662109375,-0.0163116455078125,0.0634765625,0.8,0.0,False,below_rule,434:fact1_mother:head:594:K,noise,20,0.022760391235351562,0.011894569396972655,0.034073066711425765,L13H18,fact1_mother,head,L18H18,K,coverage_route
-0.004783439636230469,0.005450248718261719,-0.00489044189453125,-0.017650604248046875,0.00362396240234375,0.85,0.0,False,below_rule,434:fact1_mother:head:594:V,noise,20,-0.004783439636230469,-0.007209205627441406,-0.0025382804870605485,L13H18,fact1_mother,head,L18H18,V,coverage_route
0.010464286804199219,0.013963127136230468,0.0056610107421875,-0.0168304443359375,0.040958404541015625,0.8,0.0,False,below_rule,434:fact1_mother:head:595:K,noise,20,0.010464286804199219,0.0037385892868041994,0.01772181034088134,L13H18,fact1_mother,head,L18H19,K,coverage_route
0.006582069396972656,0.007362556457519531,0.00555419921875,-0.0047149658203125,0.025310516357421875,0.85,0.0,False,below_rule,434:fact1_mother:head:595:V,noise,20,0.006582069396972656,0.0037261772155761717,0.009856266975402829,L13H18,fact1_mother,head,L18H19,V,coverage_route
0.005214691162109375,0.010678863525390625,0.00469970703125,-0.0130615234375,0.03369140625,0.55,0.0,False,below_rule,434:fact1_mother:head:600:K,noise,20,0.005214691162109375,-0.00012138366699218743,0.011029090881347653,L13H18,fact1_mother,head,L18H24,K,coverage_route
-0.0013696670532226563,0.0036294937133789064,-0.00042724609375,-0.01416015625,0.00585174560546875,0.65,0.0,False,below_rule,434:fact1_mother:head:600:V,noise,20,-0.0013696670532226563,-0.0034771156311035156,0.0005834674835205069,L13H18,fact1_mother,head,L18H24,V,coverage_route
-0.000855255126953125,0.007970428466796875,-0.0010528564453125,-0.02130126953125,0.0242767333984375,0.6,0.0,False,below_rule,434:fact1_mother:head:624:K,noise,20,-0.000855255126953125,-0.005407752990722656,0.00377349853515625,L13H18,fact1_mother,head,L19H16,K,coverage_route
-0.007798385620117187,0.008043289184570312,-0.0059967041015625,-0.03882598876953125,0.00146484375,0.85,0.0,False,below_rule,434:fact1_mother:head:624:V,noise,20,-0.007798385620117187,-0.012174272537231445,-0.004393367767333986,L13H18,fact1_mother,head,L19H16,V,coverage_route
0.002690696716308594,0.005538368225097656,0.00339508056640625,-0.015842437744140625,0.01544952392578125,0.75,0.0,False,below_rule,434:fact1_mother:head:630:K,noise,20,0.002690696716308594,-0.0003200531005859375,0.0054935550689697256,L13H18,fact1_mother,head,L19H22,K,coverage_route
-4.8828125e-05,0.00185394287109375,-0.000263214111328125,-0.0047607421875,0.00444793701171875,0.55,0.0,False,below_rule,434:fact1_mother:head:630:V,noise,20,-4.8828125e-05,-0.0010959625244140625,0.0009830665588378888,L13H18,fact1_mother,head,L19H22,V,coverage_route
3.01361083984375e-05,0.0034450531005859376,0.000701904296875,-0.0152130126953125,0.00725555419921875,0.6,0.0,False,below_rule,434:fact1_mother:head:641:K,noise,20,3.01361083984375e-05,-0.002245349884033203,0.001961517333984375,L13H18,fact1_mother,head,L20H1,K,coverage_route
-0.004296684265136718,0.004620170593261719,-0.003814697265625,-0.014797210693359375,0.00164031982421875,0.85,0.0,False,below_rule,434:fact1_mother:head:641:V,noise,20,-0.004296684265136718,-0.006014828681945801,-0.002716975212097172,L13H18,fact1_mother,head,L20H1,V,coverage_route
0.0024494171142578126,0.008516311645507812,0.002685546875,-0.0150299072265625,0.0205078125,0.55,0.0,False,below_rule,434:fact1_mother:head:678:K,noise,20,0.0024494171142578126,-0.0019394683837890623,0.006912670135498042,L13H18,fact1_mother,head,L21H6,K,coverage_route
-0.0004718780517578125,0.0019763946533203126,-0.0009765625,-0.004150390625,0.0027008056640625,0.6,0.0,False,below_rule,434:fact1_mother:head:678:V,noise,20,-0.0004718780517578125,-0.0013912296295166015,0.0004829502105712882,L13H18,fact1_mother,head,L21H6,V,coverage_route
0.00405120849609375,0.02672882080078125,0.00403594970703125,-0.1070404052734375,0.07048797607421875,0.55,0.05,False,below_rule,434:fact1_mother:head:690:K,noise,20,0.00405120849609375,-0.01310908317565918,0.020249328613281204,L13H18,fact1_mother,head,L21H18,K,coverage_route
0.00035266876220703126,0.0022565841674804686,0.000244140625,-0.00537109375,0.00653076171875,0.6,0.0,False,below_rule,434:fact1_mother:head:690:V,noise,20,0.00035266876220703126,-0.0008804559707641602,0.0016023635864257813,L13H18,fact1_mother,head,L21H18,V,coverage_route
7.781982421875e-05,0.002315521240234375,-0.000152587890625,-0.00439453125,0.00504302978515625,0.45,0.0,False,below_rule,434:fact1_mother:head:695:K,noise,20,7.781982421875e-05,-0.0011013317108154296,0.001300811767578125,L13H18,fact1_mother,head,L21H23,K,coverage_route
0.0009145736694335938,0.002200889587402344,0.0019378662109375,-0.00274658203125,0.00439453125,0.65,0.0,False,below_rule,434:fact1_mother:head:695:V,noise,20,0.0009145736694335938,-7.536411285400388e-05,0.0018709182739257812,L13H18,fact1_mother,head,L21H23,V,coverage_route
0.017375087738037108,0.022998714447021486,0.013824462890625,-0.0185546875,0.05822563171386719,0.7,0.0,False,below_rule,434:fact1_mother:head:709:K,noise,20,0.017375087738037108,0.007419545650482178,0.027917308807373045,L13H18,fact1_mother,head,L22H5,K,coverage_route
0.0006541252136230469,0.002149677276611328,0.00030517578125,-0.00543975830078125,0.00555419921875,0.6,0.0,False,below_rule,434:fact1_mother:head:709:V,noise,20,0.0006541252136230469,-0.0005291008949279785,0.0018309712409973135,L13H18,fact1_mother,head,L22H5,V,coverage_route
-0.000164031982421875,0.004447174072265625,0.001251220703125,-0.0142822265625,0.011749267578125,0.35,0.0,False,below_rule,434:fact1_mother:head:751:K,noise,20,-0.000164031982421875,-0.0029073143005371093,0.0023975753784179652,L13H18,fact1_mother,head,L23H15,K,coverage_route
-0.006139373779296875,0.0073455810546875,-0.0069580078125,-0.01611328125,0.01004791259765625,0.9,0.0,False,below_rule,434:fact1_mother:head:751:V,noise,20,-0.006139373779296875,-0.008555994033813477,-0.0034579753875732464,L13H18,fact1_mother,head,L23H15,V,coverage_route
0.004845809936523437,0.010972213745117188,1.52587890625e-05,-0.0143585205078125,0.05716705322265625,0.5,0.0,False,below_rule,434:fact1_mother:head:787:K,noise,20,0.004845809936523437,-0.0014667987823486328,0.012450227737426739,L13H18,fact1_mother,head,L24H19,K,coverage_route
-8.068084716796874e-05,0.0012289047241210937,0.0002288818359375,-0.003353118896484375,0.0019378662109375,0.4,0.0,False,below_rule,434:fact1_mother:head:787:V,noise,20,-8.068084716796874e-05,-0.000752267837524414,0.00055084228515625,L13H18,fact1_mother,head,L24H19,V,coverage_route
6.999969482421876e-05,0.0014963150024414062,-0.000244140625,-0.00347900390625,0.004150390625,0.4,0.0,False,below_rule,434:fact1_mother:head:817:K,noise,20,6.999969482421876e-05,-0.0007175493240356445,0.0008979845046997066,L13H18,fact1_mother,head,L25H17,K,coverage_route
0.0003398895263671875,0.0009296417236328125,0.000396728515625,-0.00235748291015625,0.0030517578125,0.65,0.0,False,below_rule,434:fact1_mother:head:817:V,noise,20,0.0003398895263671875,-0.0001583099365234375,0.000841522216796875,L13H18,fact1_mother,head,L25H17,V,coverage_route
0.0003246307373046875,0.0012866973876953125,2.6702880859375e-05,-0.00220489501953125,0.00390625,0.5,0.0,False,below_rule,434:fact1_mother:head:855:K,noise,20,0.0003246307373046875,-0.000337982177734375,0.0010490512847900382,L13H18,fact1_mother,head,L26H23,K,coverage_route
-0.00104522705078125,0.00169525146484375,-0.000896453857421875,-0.0066986083984375,0.002288818359375,0.8,0.0,False,below_rule,434:fact1_mother:head:855:V,noise,20,-0.00104522705078125,-0.001953125,-0.00020750999450683675,L13H18,fact1_mother,head,L26H23,V,coverage_route
0.0024512290954589845,0.01901845932006836,0.0045166015625,-0.03334808349609375,0.0587158203125,0.65,0.0,False,below_rule,434:fact1_mother:head:870:K,noise,20,0.0024512290954589845,-0.007597341537475585,0.013193151950836179,L13H18,fact1_mother,head,L27H6,K,coverage_route
-0.000481414794921875,0.002227020263671875,4.57763671875e-05,-0.006591796875,0.0040283203125,0.5,0.0,False,below_rule,434:fact1_mother:head:870:V,noise,20,-0.000481414794921875,-0.0017398929595947266,0.00070648193359375,L13H18,fact1_mother,head,L27H6,V,coverage_route
-7.05718994140625e-06,0.0009649276733398437,0.00019073486328125,-0.0038604736328125,0.001953125,0.4,0.0,False,below_rule,434:fact1_mother:head:973:K,noise,20,-7.05718994140625e-06,-0.000614166259765625,0.0005285263061523438,L13H18,fact1_mother,head,L30H13,K,coverage_route
0.0001682281494140625,0.0007053375244140625,0.00019073486328125,-0.001617431640625,0.0018310546875,0.55,0.0,False,below_rule,434:fact1_mother:head:973:V,noise,20,0.0001682281494140625,-0.000223541259765625,0.00054931640625,L13H18,fact1_mother,head,L30H13,V,coverage_route
-0.0017332077026367188,0.015513038635253907,-0.0010528564453125,-0.04345703125,0.04520416259765625,0.55,0.0,False,below_rule,434:fact1_mother:head:978:K,noise,20,-0.0017332077026367188,-0.010669002532958985,0.007515950202941891,L13H18,fact1_mother,head,L30H18,K,coverage_route
-0.0001850128173828125,0.0008968353271484375,0.000102996826171875,-0.0034332275390625,0.0020751953125,0.4,0.0,False,below_rule,434:fact1_mother:head:978:V,noise,20,-0.0001850128173828125,-0.0007671451568603515,0.00033837318420410075,L13H18,fact1_mother,head,L30H18,V,coverage_route
-0.004339790344238282,0.013951301574707031,-0.00592041015625,-0.03125,0.02679443359375,0.7,0.0,False,below_rule,434:fact1_mother:mlp:13:,noise,20,-0.004339790344238282,-0.01102487564086914,0.002685546875,L13H18,fact1_mother,mlp,13,,coverage_route
-0.004147529602050781,0.02056293487548828,0.0023040771484375,-0.05107879638671875,0.05914306640625,0.45,0.0,False,below_rule,434:fact1_mother:mlp:14:,noise,20,-0.004147529602050781,-0.015400195121765138,0.007480330467224114,L13H18,fact1_mother,mlp,14,,coverage_route
0.0003597259521484375,0.0031368255615234373,0.00023651123046875,-0.0079345703125,0.0084228515625,0.5,0.0,False,below_rule,434:fact3_mother:head:513:K,noise,20,0.0003597259521484375,-0.0013611030578613282,0.0020473480224609377,L13H18,fact3_mother,head,L16H1,K,coverage_route
0.0011354446411132812,0.002380180358886719,0.0015869140625,-0.0029296875,0.0052490234375,0.6,0.0,False,below_rule,434:fact3_mother:head:513:V,noise,20,0.0011354446411132812,5.435466766357422e-05,0.0021972846984863264,L13H18,fact3_mother,head,L16H1,V,coverage_route
-0.0008279800415039063,0.002062416076660156,-0.0007476806640625,-0.00616455078125,0.004638671875,0.65,0.0,False,below_rule,434:fact3_mother:head:533:K,noise,20,-0.0008279800415039063,-0.0019084978103637697,0.0002525520324707015,L13H18,fact3_mother,head,L16H21,K,coverage_route
-0.001522064208984375,0.002434539794921875,-0.001739501953125,-0.006103515625,0.0042724609375,0.8,0.0,False,below_rule,434:fact3_mother:head:533:V,noise,20,-0.001522064208984375,-0.002567291259765625,-0.00036925315856933675,L13H18,fact3_mother,head,L16H21,V,coverage_route
-0.0018426895141601563,0.0038751602172851563,0.00028228759765625,-0.0107421875,0.005859375,0.5,0.0,False,below_rule,434:fact3_mother:head:547:K,noise,20,-0.0018426895141601563,-0.003950343132019043,0.00014061450958251578,L13H18,fact3_mother,head,L17H3,K,coverage_route
-0.007117843627929688,0.007545089721679688,-0.0054473876953125,-0.0245361328125,0.00421142578125,0.9,0.0,False,below_rule,434:fact3_mother:head:547:V,noise,20,-0.007117843627929688,-0.010875720977783204,-0.0037788295745849617,L13H18,fact3_mother,head,L17H3,V,coverage_route
-0.00022373199462890624,0.0023515701293945314,-0.0005626678466796875,-0.0054931640625,0.0103302001953125,0.55,0.0,False,below_rule,434:fact3_mother:head:561:K,noise,20,-0.00022373199462890624,-0.0015003299713134766,0.0012914943695068336,L13H18,fact3_mother,head,L17H17,K,coverage_route
0.004971694946289062,0.006201553344726563,0.00482940673828125,-0.0060577392578125,0.0225830078125,0.75,0.0,False,below_rule,434:fact3_mother:head:561:V,noise,20,0.004971694946289062,0.0022067737579345706,0.008076915740966792,L13H18,fact3_mother,head,L17H17,V,coverage_route
-0.0022218704223632814,0.004570198059082031,-0.00214385986328125,-0.0147705078125,0.0089569091796875,0.6,0.0,False,below_rule,434:fact3_mother:head:568:K,noise,20,-0.0022218704223632814,-0.004676847457885742,0.00012247085571288896,L13H18,fact3_mother,head,L17H24,K,coverage_route
0.006913185119628906,0.010834693908691406,0.00687408447265625,-0.0185546875,0.04315185546875,0.75,0.0,False,below_rule,434:fact3_mother:head:568:V,noise,20,0.006913185119628906,0.0017013168334960938,0.012681865692138663,L13H18,fact3_mother,head,L17H24,V,coverage_route
0.014282989501953124,0.021079254150390626,0.0181427001953125,-0.0240325927734375,0.05803680419921875,0.7,0.0,False,below_rule,434:fact3_mother:head:594:K,noise,20,0.014282989501953124,0.004803276062011719,0.02397161483764648,L13H18,fact3_mother,head,L18H18,K,coverage_route
-0.0020322799682617188,0.0026937484741210937,-0.001316070556640625,-0.01025390625,0.0015869140625,0.65,0.0,False,below_rule,434:fact3_mother:head:594:V,noise,20,-0.0020322799682617188,-0.0034977054595947267,-0.0007501316070556666,L13H18,fact3_mother,head,L18H18,V,coverage_route
0.011766433715820312,0.016442489624023438,0.01055145263671875,-0.0198974609375,0.07784271240234375,0.7,0.0,False,below_rule,434:fact3_mother:head:595:K,noise,20,0.011766433715820312,0.0036338520050048827,0.021435317993164015,L13H18,fact3_mother,head,L18H19,K,coverage_route
0.0037456512451171874,0.005218124389648438,0.003314971923828125,-0.004638671875,0.01519775390625,0.65,0.0,False,below_rule,434:fact3_mother:head:595:V,noise,20,0.0037456512451171874,0.0014613819122314454,0.006147394180297851,L13H18,fact3_mother,head,L18H19,V,coverage_route
0.0031404495239257812,0.010170936584472656,0.001308441162109375,-0.013671875,0.03485107421875,0.55,0.0,False,below_rule,434:fact3_mother:head:600:K,noise,20,0.0031404495239257812,-0.0022764492034912107,0.009067354202270506,L13H18,fact3_mother,head,L18H24,K,coverage_route
0.0004314422607421875,0.004074478149414062,0.000701904296875,-0.0079345703125,0.01123046875,0.55,0.0,False,below_rule,434:fact3_mother:head:600:V,noise,20,0.0004314422607421875,-0.001754779815673828,0.0026222515106201147,L13H18,fact3_mother,head,L18H24,V,coverage_route
-0.0021543502807617188,0.007684898376464844,0.001285552978515625,-0.0367431640625,0.0146636962890625,0.45,0.0,False,below_rule,434:fact3_mother:head:624:K,noise,20,-0.0021543502807617188,-0.0075927782058715825,0.002428464889526365,L13H18,fact3_mother,head,L19H16,K,coverage_route
-0.0051403045654296875,0.005326461791992187,-0.004425048828125,-0.02002716064453125,0.001007080078125,0.9,0.0,False,below_rule,434:fact3_mother:head:624:V,noise,20,-0.0051403045654296875,-0.007684717178344727,-0.002925472259521486,L13H18,fact3_mother,head,L19H16,V,coverage_route
0.00149688720703125,0.00325164794921875,0.00140380859375,-0.008270263671875,0.0097808837890625,0.75,0.0,False,below_rule,434:fact3_mother:head:630:K,noise,20,0.00149688720703125,-0.00033721923828125,0.003282928466796875,L13H18,fact3_mother,head,L19H22,K,coverage_route
-0.0004413604736328125,0.0019359588623046875,-0.0004730224609375,-0.005615234375,0.005035400390625,0.55,0.0,False,below_rule,434:fact3_mother:head:630:V,noise,20,-0.0004413604736328125,-0.001488494873046875,0.0006218051910400382,L13H18,fact3_mother,head,L19H22,V,coverage_route
-0.004598236083984375,0.009442901611328125,-0.00273895263671875,-0.03389739990234375,0.019775390625,0.65,0.0,False,below_rule,434:fact3_mother:head:641:K,noise,20,-0.004598236083984375,-0.010005950927734375,0.0005306625366210904,L13H18,fact3_mother,head,L20H1,K,coverage_route
-0.007554244995117187,0.007950973510742188,-0.004486083984375,-0.0316162109375,0.00390625,0.9,0.0,False,below_rule,434:fact3_mother:head:641:V,noise,20,-0.007554244995117187,-0.011620569229125976,-0.004040517807006837,L13H18,fact3_mother,head,L20H1,V,coverage_route
0.00079803466796875,0.007796478271484375,0.000335693359375,-0.02337646484375,0.0491943359375,0.55,0.0,False,below_rule,434:fact3_mother:head:678:K,noise,20,0.00079803466796875,-0.004548702239990234,0.007434940338134757,L13H18,fact3_mother,head,L21H6,K,coverage_route
-0.0008853912353515625,0.0018001556396484374,-0.00079345703125,-0.0037078857421875,0.0027923583984375,0.75,0.0,False,below_rule,434:fact3_mother:head:678:V,noise,20,-0.0008853912353515625,-0.001718158721923828,-6.103515625e-06,L13H18,fact3_mother,head,L21H6,V,coverage_route
0.0010663986206054688,0.022157859802246094,0.002410888671875,-0.093963623046875,0.044097900390625,0.5,0.0,False,below_rule,434:fact3_mother:head:690:K,noise,20,0.0010663986206054688,-0.013340797424316406,0.01389225482940673,L13H18,fact3_mother,head,L21H18,K,coverage_route
-0.00014896392822265624,0.0019247055053710938,7.62939453125e-06,-0.01025390625,0.0064697265625,0.5,0.0,False,below_rule,434:fact3_mother:head:690:V,noise,20,-0.00014896392822265624,-0.0015957117080688476,0.0011116075515747066,L13H18,fact3_mother,head,L21H18,V,coverage_route
0.00031681060791015624,0.0015913009643554687,0.0003509521484375,-0.0030517578125,0.00335693359375,0.55,0.0,False,below_rule,434:fact3_mother:head:695:K,noise,20,0.00031681060791015624,-0.0004644441604614258,0.0011043643951416007,L13H18,fact3_mother,head,L21H23,K,coverage_route
0.0008541107177734375,0.0022678375244140625,0.0010986328125,-0.003173828125,0.007568359375,0.65,0.0,False,below_rule,434:fact3_mother:head:695:V,noise,20,0.0008541107177734375,-0.00028458595275878903,0.002077875137329101,L13H18,fact3_mother,head,L21H23,V,coverage_route
0.01066741943359375,0.01585845947265625,0.00811767578125,-0.028076171875,0.04749298095703125,0.8,0.0,False,below_rule,434:fact3_mother:head:709:K,noise,20,0.01066741943359375,0.003008918762207031,0.01838117599487304,L13H18,fact3_mother,head,L22H5,K,coverage_route
-0.00045299530029296875,0.0019575119018554687,-3.0517578125e-05,-0.00506591796875,0.00319671630859375,0.5,0.0,False,below_rule,434:fact3_mother:head:709:V,noise,20,-0.00045299530029296875,-0.0014959335327148437,0.0005567598342895503,L13H18,fact3_mother,head,L22H5,V,coverage_route
-0.00139007568359375,0.0042755126953125,0.00042724609375,-0.028900146484375,0.0059051513671875,0.4,0.0,False,below_rule,434:fact3_mother:head:751:K,noise,20,-0.00139007568359375,-0.005052652359008789,0.0013073158264160138,L13H18,fact3_mother,head,L23H15,K,coverage_route
-0.004867172241210938,0.005393600463867188,-0.00395965576171875,-0.0167236328125,0.0026092529296875,0.85,0.0,False,below_rule,434:fact3_mother:head:751:V,noise,20,-0.004867172241210938,-0.0073440647125244144,-0.0026519775390625,L13H18,fact3_mother,head,L23H15,V,coverage_route
0.0033596038818359377,0.010594558715820313,0.00091552734375,-0.02734375,0.0565643310546875,0.55,0.0,False,below_rule,434:fact3_mother:head:787:K,noise,20,0.0033596038818359377,-0.003253583908081055,0.010992250442504865,L13H18,fact3_mother,head,L24H19,K,coverage_route
-1.392364501953125e-05,0.0016462326049804688,-0.000152587890625,-0.00439453125,0.004547119140625,0.5,0.0,False,below_rule,434:fact3_mother:head:787:V,noise,20,-1.392364501953125e-05,-0.0009136486053466797,0.0009426164627075191,L13H18,fact3_mother,head,L24H19,V,coverage_route
-0.00020904541015625,0.00133056640625,-0.00041961669921875,-0.003662109375,0.00262451171875,0.55,0.0,False,below_rule,434:fact3_mother:head:817:K,noise,20,-0.00020904541015625,-0.00090484619140625,0.000505828857421875,L13H18,fact3_mother,head,L25H17,K,coverage_route
-0.0002613067626953125,0.0017047882080078124,-0.00048828125,-0.0034027099609375,0.00360107421875,0.6,0.0,False,below_rule,434:fact3_mother:head:817:V,noise,20,-0.0002613067626953125,-0.0011035919189453125,0.0006259918212890625,L13H18,fact3_mother,head,L25H17,V,coverage_route
0.00025806427001953127,0.0015077590942382812,7.62939453125e-06,-0.0023193359375,0.00408935546875,0.5,0.0,False,below_rule,434:fact3_mother:head:855:K,noise,20,0.00025806427001953127,-0.00047436237335205076,0.0010578203201293942,L13H18,fact3_mother,head,L26H23,K,coverage_route
-0.0005582809448242187,0.0019468307495117188,-0.0006103515625,-0.005126953125,0.003448486328125,0.55,0.0,False,below_rule,434:fact3_mother:head:855:V,noise,20,-0.0005582809448242187,-0.0015535449981689453,0.000421142578125,L13H18,fact3_mother,head,L26H23,V,coverage_route
-0.0024652481079101562,0.015449333190917968,0.000858306884765625,-0.0477752685546875,0.060516357421875,0.45,0.0,False,below_rule,434:fact3_mother:head:870:K,noise,20,-0.0024652481079101562,-0.01234841823577881,0.007992911338806138,L13H18,fact3_mother,head,L27H6,K,coverage_route
-0.0009038925170898437,0.0019521713256835938,-0.00077056884765625,-0.00616455078125,0.00335693359375,0.75,0.0,False,below_rule,434:fact3_mother:head:870:V,noise,20,-0.0009038925170898437,-0.0019243288040161133,0.00012875080108642537,L13H18,fact3_mother,head,L27H6,V,coverage_route
-0.000176239013671875,0.00107421875,0.0,-0.00452423095703125,0.00128173828125,0.45,0.0,False,below_rule,434:fact3_mother:head:973:K,noise,20,-0.000176239013671875,-0.0008636760711669922,0.00041275978088378825,L13H18,fact3_mother,head,L30H13,K,coverage_route
-0.00041141510009765623,0.0009168624877929687,-0.00018310546875,-0.004608154296875,0.0021820068359375,0.6,0.0,False,below_rule,434:fact3_mother:head:973:V,noise,20,-0.00041141510009765623,-0.0010351324081420898,0.00014210224151611287,L13H18,fact3_mother,head,L30H13,V,coverage_route
0.004304122924804687,0.018072128295898438,-4.57763671875e-05,-0.036376953125,0.0587158203125,0.5,0.0,False,below_rule,434:fact3_mother:head:978:K,noise,20,0.004304122924804687,-0.005948753356933594,0.01544344902038574,L13H18,fact3_mother,head,L30H18,K,coverage_route
-0.0005205154418945312,0.0009405136108398438,-0.000476837158203125,-0.0047454833984375,0.0013580322265625,0.6,0.0,False,below_rule,434:fact3_mother:head:978:V,noise,20,-0.0005205154418945312,-0.0011240148544311524,-1.316070556640625e-05,L13H18,fact3_mother,head,L30H18,V,coverage_route
0.004368972778320312,0.010818099975585938,0.00048828125,-0.01702117919921875,0.037353515625,0.5,0.0,False,below_rule,434:fact3_mother:mlp:13:,noise,20,0.004368972778320312,-0.0015771007537841795,0.011096229553222654,L13H18,fact3_mother,mlp,13,,coverage_route
-0.008197021484375,0.01400909423828125,-0.00722503662109375,-0.08211517333984375,0.01708984375,0.7,0.0,False,below_rule,434:fact3_mother:mlp:14:,noise,20,-0.008197021484375,-0.018105897903442383,-0.00062103271484375,L13H18,fact3_mother,mlp,14,,coverage_route
0.0012212753295898437,0.002845573425292969,0.000732421875,-0.0044403076171875,0.01220703125,0.6,0.0,False,below_rule,434:fact3_template:head:513:K,noise,20,0.0012212753295898437,-0.000334172248840332,0.00300750732421875,L13H18,fact3_template,head,L16H1,K,coverage_route
0.0001495361328125,0.00248260498046875,0.001026153564453125,-0.0068359375,0.003570556640625,0.6,0.0,False,below_rule,434:fact3_template:head:513:V,noise,20,0.0001495361328125,-0.0011746025085449217,0.0014072418212890624,L13H18,fact3_template,head,L16H1,V,coverage_route
-0.0002980232238769531,0.001924610137939453,-0.0004425048828125,-0.00494384765625,0.00555419921875,0.65,0.0,False,below_rule,434:fact3_template:head:533:K,noise,20,-0.0002980232238769531,-0.0013669133186340332,0.000794219970703125,L13H18,fact3_template,head,L16H21,K,coverage_route
-0.0016435623168945313,0.0026262283325195314,-0.0008544921875,-0.0074462890625,0.0029296875,0.7,0.0,False,below_rule,434:fact3_template:head:533:V,noise,20,-0.0016435623168945313,-0.0029689884185791016,-0.00037152767181396695,L13H18,fact3_template,head,L16H21,V,coverage_route
-0.004323577880859375,0.005434417724609375,-0.00225830078125,-0.020782470703125,0.007568359375,0.8,0.0,False,below_rule,434:fact3_template:head:547:K,noise,20,-0.004323577880859375,-0.007127027511596679,-0.0017772674560546874,L13H18,fact3_template,head,L17H3,K,coverage_route
-0.009740638732910156,0.010325050354003907,-0.0086669921875,-0.03436279296875,0.0029296875,0.9,0.0,False,below_rule,434:fact3_template:head:547:V,noise,20,-0.009740638732910156,-0.013799514770507813,-0.006074700355529787,L13H18,fact3_template,head,L17H3,V,coverage_route
-0.0005390167236328125,0.0013843536376953124,-0.00048065185546875,-0.00315093994140625,0.00299072265625,0.6,0.0,False,below_rule,434:fact3_template:head:561:K,noise,20,-0.0005390167236328125,-0.001243610382080078,0.000179290771484375,L13H18,fact3_template,head,L17H17,K,coverage_route
-1.468658447265625e-05,0.0023645401000976563,0.00054931640625,-0.0061492919921875,0.0054931640625,0.4,0.0,False,below_rule,434:fact3_template:head:561:V,noise,20,-1.468658447265625e-05,-0.0013374423980712891,0.001285552978515625,L13H18,fact3_template,head,L17H17,V,coverage_route
-0.00027980804443359373,0.002019309997558594,-0.00052642822265625,-0.00555419921875,0.00626373291015625,0.6,0.0,False,below_rule,434:fact3_template:head:568:K,noise,20,-0.00027980804443359373,-0.001377873420715332,0.0008758640289306632,L13H18,fact3_template,head,L17H24,K,coverage_route
0.004178810119628906,0.005501747131347656,0.004119873046875,-0.0078125,0.0164642333984375,0.85,0.0,False,below_rule,434:fact3_template:head:568:V,noise,20,0.004178810119628906,0.001676325798034668,0.0067636823654174776,L13H18,fact3_template,head,L17H24,V,coverage_route
0.029929542541503908,0.03496341705322266,0.02001953125,-0.027587890625,0.099639892578125,0.75,0.0,False,below_rule,434:fact3_template:head:594:K,noise,20,0.029929542541503908,0.015593929290771484,0.045403661727905255,L13H18,fact3_template,head,L18H18,K,coverage_route
-0.001743316650390625,0.003271484375,-0.000457763671875,-0.00936126708984375,0.0041351318359375,0.6,0.0,False,below_rule,434:fact3_template:head:594:V,noise,20,-0.001743316650390625,-0.0034710025787353517,-8.810043334961105e-05,L13H18,fact3_template,head,L18H18,V,coverage_route
0.018595123291015626,0.025234222412109375,0.019775390625,-0.0170135498046875,0.0682373046875,0.75,0.0,False,below_rule,434:fact3_template:head:595:K,noise,20,0.018595123291015626,0.008015403747558594,0.029529685974121082,L13H18,fact3_template,head,L18H19,K,coverage_route
0.004562950134277344,0.006818962097167969,0.00453948974609375,-0.00732421875,0.01732635498046875,0.75,0.0,False,below_rule,434:fact3_template:head:595:V,noise,20,0.004562950134277344,0.0015632247924804688,0.007608056068420408,L13H18,fact3_template,head,L18H19,V,coverage_route
0.0022151947021484377,0.0065670013427734375,0.00079345703125,-0.0169677734375,0.02740478515625,0.55,0.0,False,below_rule,434:fact3_template:head:600:K,noise,20,0.0022151947021484377,-0.001786823272705078,0.006680717468261715,L13H18,fact3_template,head,L18H24,K,coverage_route
0.00038623809814453125,0.002666282653808594,3.814697265625e-05,-0.0037841796875,0.00537109375,0.5,0.0,False,below_rule,434:fact3_template:head:600:V,noise,20,0.00038623809814453125,-0.0009222078323364258,0.0017122411727905262,L13H18,fact3_template,head,L18H24,V,coverage_route
-0.0016366958618164063,0.0027040481567382813,-0.001708984375,-0.0067138671875,0.00372314453125,0.6,0.0,False,below_rule,434:fact3_template:head:624:K,noise,20,-0.0016366958618164063,-0.002891368865966797,-0.00037802219390869264,L13H18,fact3_template,head,L19H16,K,coverage_route
-0.00022373199462890624,0.0014078140258789063,-3.0517578125e-05,-0.00482177734375,0.002838134765625,0.5,0.0,False,below_rule,434:fact3_template:head:624:V,noise,20,-0.00022373199462890624,-0.0010622072219848633,0.000554656982421875,L13H18,fact3_template,head,L19H16,V,coverage_route
-0.0006122589111328125,0.0020893096923828127,-0.0008392333984375,-0.0059814453125,0.004638671875,0.65,0.0,False,below_rule,434:fact3_template:head:630:K,noise,20,-0.0006122589111328125,-0.0017635440826416016,0.0005603885650634757,L13H18,fact3_template,head,L19H22,K,coverage_route
-0.00019245147705078126,0.0017190933227539062,-0.0004730224609375,-0.0030517578125,0.003631591796875,0.65,0.0,False,below_rule,434:fact3_template:head:630:V,noise,20,-0.00019245147705078126,-0.0010557174682617188,0.0006984758377075191,L13H18,fact3_template,head,L19H22,V,coverage_route
-0.0020795822143554687,0.003089714050292969,-0.00197601318359375,-0.011646270751953125,0.004638671875,0.7,0.0,False,below_rule,434:fact3_template:head:641:K,noise,20,-0.0020795822143554687,-0.0036856031417846677,-0.0005893135070800832,L13H18,fact3_template,head,L20H1,K,coverage_route
-0.0017895698547363281,0.002851581573486328,-0.0020599365234375,-0.010057449340820312,0.00390625,0.7,0.0,False,below_rule,434:fact3_template:head:641:V,noise,20,-0.0017895698547363281,-0.003219900131225586,-0.0004016590118408228,L13H18,fact3_template,head,L20H1,V,coverage_route
-0.0005403518676757813,0.0018579483032226563,0.0001220703125,-0.004669189453125,0.00274658203125,0.45,0.0,False,below_rule,434:fact3_template:head:678:K,noise,20,-0.0005403518676757813,-0.001586165428161621,0.0004764604568481441,L13H18,fact3_template,head,L21H6,K,coverage_route
-3.223419189453125e-05,0.0016992568969726562,5.340576171875e-05,-0.003955841064453125,0.00311279296875,0.5,0.0,False,below_rule,434:fact3_template:head:678:V,noise,20,-3.223419189453125e-05,-0.0008903646469116211,0.000845155715942382,L13H18,fact3_template,head,L21H6,V,coverage_route
-0.0001705169677734375,0.0013378143310546875,-7.2479248046875e-05,-0.0026702880859375,0.00244140625,0.5,0.0,False,below_rule,434:fact3_template:head:690:K,noise,20,-0.0001705169677734375,-0.0008308506011962891,0.0005066013336181632,L13H18,fact3_template,head,L21H18,K,coverage_route
-0.0001789093017578125,0.0014316558837890625,-0.00035858154296875,-0.00299072265625,0.0029296875,0.6,0.0,False,below_rule,434:fact3_template:head:690:V,noise,20,-0.0001789093017578125,-0.0009166717529296875,0.0005794620513916007,L13H18,fact3_template,head,L21H18,V,coverage_route
0.00024852752685546877,0.0013719558715820312,0.000244140625,-0.004608154296875,0.00396728515625,0.5,0.0,False,below_rule,434:fact3_template:head:695:K,noise,20,0.00024852752685546877,-0.0005594253540039063,0.0010288286209106442,L13H18,fact3_template,head,L21H23,K,coverage_route
0.0007036209106445312,0.0014387130737304687,0.000579833984375,-0.001708984375,0.004486083984375,0.65,0.0,False,below_rule,434:fact3_template:head:695:V,noise,20,0.0007036209106445312,-1.583099365234375e-05,0.001451120376586913,L13H18,fact3_template,head,L21H23,V,coverage_route
0.002501106262207031,0.0034502029418945314,0.000354766845703125,-0.00341796875,0.01202392578125,0.55,0.0,False,below_rule,434:fact3_template:head:709:K,noise,20,0.002501106262207031,0.0007322263717651367,0.004439005851745603,L13H18,fact3_template,head,L22H5,K,coverage_route
-0.00025959014892578124,0.0017633438110351562,-0.000579833984375,-0.00341796875,0.003814697265625,0.6,0.0,False,below_rule,434:fact3_template:head:709:V,noise,20,-0.00025959014892578124,-0.001150326728820801,0.000676727294921875,L13H18,fact3_template,head,L22H5,V,coverage_route
0.00018901824951171874,0.0014070510864257813,0.00029754638671875,-0.0027313232421875,0.004150390625,0.55,0.0,False,below_rule,434:fact3_template:head:751:K,noise,20,0.00018901824951171874,-0.000579843521118164,0.00098649501800537,L13H18,fact3_template,head,L23H15,K,coverage_route
8.296966552734375e-05,0.0015161514282226562,0.0001373291015625,-0.003387451171875,0.00347900390625,0.55,0.0,False,below_rule,434:fact3_template:head:751:V,noise,20,8.296966552734375e-05,-0.0007280349731445312,0.000910210609436033,L13H18,fact3_template,head,L23H15,V,coverage_route
0.0004756927490234375,0.0014835357666015624,7.2479248046875e-05,-0.002838134765625,0.004150390625,0.5,0.0,False,below_rule,434:fact3_template:head:787:K,noise,20,0.0004756927490234375,-0.00031893730163574214,0.001311492919921875,L13H18,fact3_template,head,L24H19,K,coverage_route
-0.00032405853271484376,0.0016683578491210938,-0.0001220703125,-0.00372314453125,0.0030517578125,0.55,0.0,False,below_rule,434:fact3_template:head:787:V,noise,20,-0.00032405853271484376,-0.0011636972427368163,0.000530242919921875,L13H18,fact3_template,head,L24H19,V,coverage_route
-0.0005466461181640625,0.0012271881103515625,-0.00090789794921875,-0.00241851806640625,0.0020751953125,0.7,0.0,False,below_rule,434:fact3_template:head:817:K,noise,20,-0.0005466461181640625,-0.001069650650024414,9.918212890625e-06,L13H18,fact3_template,head,L25H17,K,coverage_route
-7.648468017578125e-05,0.0012277603149414063,-0.000324249267578125,-0.0029296875,0.0039825439453125,0.6,0.0,False,below_rule,434:fact3_template:head:817:V,noise,20,-7.648468017578125e-05,-0.0007211685180664063,0.0006324863433837882,L13H18,fact3_template,head,L25H17,V,coverage_route
0.0004833221435546875,0.0012561798095703125,0.00030517578125,-0.0025634765625,0.0035552978515625,0.65,0.0,False,below_rule,434:fact3_template:head:855:K,noise,20,0.0004833221435546875,-0.000194549560546875,0.0011722564697265625,L13H18,fact3_template,head,L26H23,K,coverage_route
-1.277923583984375e-05,0.0010263442993164063,0.0002288818359375,-0.0030364990234375,0.00244140625,0.45,0.0,False,below_rule,434:fact3_template:head:855:V,noise,20,-1.277923583984375e-05,-0.00059051513671875,0.0005447435379028316,L13H18,fact3_template,head,L26H23,V,coverage_route
0.0002777099609375,0.00102691650390625,0.0001220703125,-0.00250244140625,0.00323486328125,0.55,0.0,False,below_rule,434:fact3_template:head:870:K,noise,20,0.0002777099609375,-0.000299835205078125,0.0008743476867675764,L13H18,fact3_template,head,L27H6,K,coverage_route
0.00017642974853515625,0.0009893417358398438,-0.0002288818359375,-0.002410888671875,0.0031890869140625,0.4,0.0,False,below_rule,434:fact3_template:head:870:V,noise,20,0.00017642974853515625,-0.0003850984573364258,0.000791168212890625,L13H18,fact3_template,head,L27H6,V,coverage_route
-0.00029773712158203124,0.0013063430786132812,-0.000213623046875,-0.002567291259765625,0.00213623046875,0.5,0.0,False,below_rule,434:fact3_template:head:973:K,noise,20,-0.00029773712158203124,-0.0009603500366210938,0.00037078857421875,L13H18,fact3_template,head,L30H13,K,coverage_route
-0.00021533966064453126,0.0006639480590820313,0.0,-0.00189208984375,0.0015869140625,0.5,0.0,False,below_rule,434:fact3_template:head:973:V,noise,20,-0.00021533966064453126,-0.0006097936630249023,0.0001613664627075191,L13H18,fact3_template,head,L30H13,V,coverage_route
4.00543212890625e-05,0.0006954193115234375,3.814697265625e-05,-0.0016326904296875,0.0018463134765625,0.55,0.0,False,below_rule,434:fact3_template:head:978:K,noise,20,4.00543212890625e-05,-0.0003315067291259766,0.00042344093322753824,L13H18,fact3_template,head,L30H18,K,coverage_route
-0.00017490386962890626,0.0008596420288085937,-0.0002288818359375,-0.002716064453125,0.001708984375,0.6,0.0,False,below_rule,434:fact3_template:head:978:V,noise,20,-0.00017490386962890626,-0.0006425905227661132,0.0002780914306640625,L13H18,fact3_template,head,L30H18,V,coverage_route
0.0014699935913085938,0.009976768493652343,0.0003662109375,-0.0255889892578125,0.03568267822265625,0.55,0.0,False,below_rule,434:fact3_template:mlp:13:,noise,20,0.0014699935913085938,-0.004658856391906738,0.008157820701599114,L13H18,fact3_template,mlp,13,,coverage_route
-0.006406021118164062,0.011821365356445313,-0.004009246826171875,-0.033233642578125,0.0120849609375,0.55,0.0,False,below_rule,434:fact3_template:mlp:14:,noise,20,-0.006406021118164062,-0.012292537689208984,-0.0008177375793457148,L13H18,fact3_template,mlp,14,,coverage_route
0.020439720153808592,0.032657432556152347,0.0141143798828125,-0.03759765625,0.1031494140625,0.7,0.05,False,below_rule,474:query_sentence:head:513:K,noise,20,0.020439720153808592,0.004997982978820801,0.03669433116912837,L14H26,query_sentence,head,L16H1,K,P4
0.12451190948486328,0.12451190948486328,0.11585044860839844,0.0062408447265625,0.25689697265625,1.0,0.55,True,coherent,474:query_sentence:head:513:V,noise,20,0.12451190948486328,0.09706377983093262,0.15285085678100585,L14H26,query_sentence,head,L16H1,V,P4
0.005800437927246094,0.012070274353027344,0.0045623779296875,-0.0181121826171875,0.0419921875,0.65,0.0,False,below_rule,474:query_sentence:head:533:K,noise,20,0.005800437927246094,-0.0006870651245117187,0.01284867763519287,L14H26,query_sentence,head,L16H21,K,P4
0.029060554504394532,0.029060554504394532,0.0260162353515625,0.0042724609375,0.058837890625,1.0,0.0,False,below_rule,474:query_sentence:head:533:V,noise,20,0.029060554504394532,0.021577749252319336,0.036748633384704577,L14H26,query_sentence,head,L16H21,V,P4
-0.011669445037841796,0.012633800506591797,-0.00846099853515625,-0.040008544921875,0.0084228515625,0.9,0.0,False,below_rule,474:query_sentence:head:547:K,noise,20,-0.011669445037841796,-0.016782050132751462,-0.006844570636749272,L14H26,query_sentence,head,L17H3,K,P4
-0.0471710205078125,0.0471710205078125,-0.04555511474609375,-0.085205078125,-0.012725830078125,1.0,0.0,False,below_rule,474:query_sentence:head:547:V,noise,20,-0.0471710205078125,-0.05573163032531739,-0.03884234428405762,L14H26,query_sentence,head,L17H3,V,P4
-0.0005739212036132812,0.0018533706665039063,-0.00070953369140625,-0.003662109375,0.003936767578125,0.65,0.0,False,below_rule,474:query_sentence:head:561:K,noise,20,-0.0005739212036132812,-0.0014377784729003905,0.00034942626953125,L14H26,query_sentence,head,L17H17,K,P4
-0.005500602722167969,0.005775260925292969,-0.004638671875,-0.0199432373046875,0.00274658203125,0.95,0.0,False,below_rule,474:query_sentence:head:561:V,noise,20,-0.005500602722167969,-0.008037586212158204,-0.0032745218276977552,L14H26,query_sentence,head,L17H17,V,P4
-0.0015216827392578124,0.0024585723876953125,-0.00128173828125,-0.006591796875,0.0038299560546875,0.75,0.0,False,below_rule,474:query_sentence:head:568:K,noise,20,-0.0015216827392578124,-0.002603931427001953,-0.00038411140441894784,L14H26,query_sentence,head,L17H24,K,P4
0.019240379333496094,0.019240379333496094,0.0167236328125,0.00762939453125,0.042236328125,1.0,0.0,False,below_rule,474:query_sentence:head:568:V,noise,20,0.019240379333496094,0.015215840339660645,0.02369465827941894,L14H26,query_sentence,head,L17H24,V,P4
0.06476669311523438,0.06709671020507812,0.051544189453125,-0.0086669921875,0.1998291015625,0.8,0.3,False,below_rule,474:query_sentence:head:594:K,noise,20,0.06476669311523438,0.038437566757202155,0.09362296581268306,L14H26,query_sentence,head,L18H18,K,P4
0.06973285675048828,0.06973285675048828,0.05783843994140625,0.013946533203125,0.1648712158203125,1.0,0.25,False,below_rule,474:query_sentence:head:594:V,noise,20,0.06973285675048828,0.05339849948883057,0.08796286582946777,L14H26,query_sentence,head,L18H18,V,P4
0.05918178558349609,0.06096096038818359,0.053192138671875,-0.017791748046875,0.14774322509765625,0.95,0.15,False,below_rule,474:query_sentence:head:595:K,noise,20,0.05918178558349609,0.041809196472167964,0.07737087249755857,L14H26,query_sentence,head,L18H19,K,P4
0.0767909049987793,0.0767909049987793,0.057769775390625,0.02392578125,0.1561279296875,1.0,0.3,False,below_rule,474:query_sentence:head:595:V,noise,20,0.0767909049987793,0.05993646621704102,0.09493119239807125,L14H26,query_sentence,head,L18H19,V,P4
-0.00314178466796875,0.0117523193359375,-0.00418853759765625,-0.0308837890625,0.022705078125,0.6,0.0,False,below_rule,474:query_sentence:head:600:K,noise,20,-0.00314178466796875,-0.009494028091430665,0.003004531860351556,L14H26,query_sentence,head,L18H24,K,P4
-0.053110289573669436,0.053110289573669436,-0.0463104248046875,-0.136383056640625,-0.01385498046875,1.0,0.05,False,below_rule,474:query_sentence:head:600:V,noise,20,-0.053110289573669436,-0.06693514466285705,-0.04099082946777344,L14H26,query_sentence,head,L18H24,V,P4
-0.0038870811462402345,0.005737972259521484,-0.00235748291015625,-0.0181884765625,0.011962890625,0.75,0.0,False,below_rule,474:query_sentence:head:624:K,noise,20,-0.0038870811462402345,-0.006898832321166992,-0.0009688925743103063,L14H26,query_sentence,head,L19H16,K,P4
-0.01647319793701172,0.01647319793701172,-0.01464080810546875,-0.038394927978515625,-0.004486083984375,1.0,0.0,False,below_rule,474:query_sentence:head:624:V,noise,20,-0.01647319793701172,-0.02059826374053955,-0.012783660888671888,L14H26,query_sentence,head,L19H16,V,P4
0.0012559890747070312,0.0035696029663085938,0.00177001953125,-0.010623931884765625,0.0077972412109375,0.7,0.0,False,below_rule,474:query_sentence:head:630:K,noise,20,0.0012559890747070312,-0.0006965923309326171,0.003008270263671875,L14H26,query_sentence,head,L19H22,K,P4
-0.000677490234375,0.002581787109375,-0.0007171630859375,-0.00855255126953125,0.0052947998046875,0.65,0.0,False,below_rule,474:query_sentence:head:630:V,noise,20,-0.000677490234375,-0.0021350860595703127,0.0007446384429931631,L14H26,query_sentence,head,L19H22,V,P4
-0.004166412353515625,0.007970428466796875,-0.002292633056640625,-0.04413604736328125,0.0106201171875,0.6,0.0,False,below_rule,474:query_sentence:head:641:K,noise,20,-0.004166412353515625,-0.009619998931884767,0.00029536247253417056,L14H26,query_sentence,head,L20H1,K,P4
-0.021079254150390626,0.021079254150390626,-0.018238067626953125,-0.04280853271484375,-0.004669189453125,1.0,0.0,False,below_rule,474:query_sentence:head:641:V,noise,20,-0.021079254150390626,-0.025996818542480468,-0.016334800720214857,L14H26,query_sentence,head,L20H1,V,P4
0.0011102676391601563,0.003364372253417969,0.001373291015625,-0.010009765625,0.009765625,0.6,0.0,False,below_rule,474:query_sentence:head:678:K,noise,20,0.0011102676391601563,-0.0008165597915649414,0.0030090379714965815,L14H26,query_sentence,head,L21H6,K,P4
0.0001331329345703125,0.0012813568115234374,2.288818359375e-05,-0.0025634765625,0.003173828125,0.5,0.0,False,below_rule,474:query_sentence:head:678:V,noise,20,0.0001331329345703125,-0.0005809974670410157,0.0008705425262451146,L14H26,query_sentence,head,L21H6,V,P4
0.0012775421142578124,0.0021472930908203124,0.001369476318359375,-0.00286865234375,0.006561279296875,0.7,0.0,False,below_rule,474:query_sentence:head:690:K,noise,20,0.0012775421142578124,0.00025137901306152347,0.0023472023010253887,L14H26,query_sentence,head,L21H18,K,P4
-0.000206756591796875,0.00180206298828125,1.9073486328125e-05,-0.0062255859375,0.00341796875,0.5,0.0,False,below_rule,474:query_sentence:head:690:V,noise,20,-0.000206756591796875,-0.001267251968383789,0.0007873630523681632,L14H26,query_sentence,head,L21H18,V,P4
-0.00012874603271484375,0.0014062881469726562,-0.000152587890625,-0.00384521484375,0.0028533935546875,0.55,0.0,False,below_rule,474:query_sentence:head:695:K,noise,20,-0.00012874603271484375,-0.0008896064758300781,0.0006261873245239254,L14H26,query_sentence,head,L21H23,K,P4
-0.001409149169921875,0.002274322509765625,-0.00115966796875,-0.006805419921875,0.0032958984375,0.75,0.0,False,below_rule,474:query_sentence:head:695:V,noise,20,-0.001409149169921875,-0.002466583251953125,-0.0003448486328125,L14H26,query_sentence,head,L21H23,V,P4
0.007832717895507813,0.009425735473632813,0.0061187744140625,-0.01483154296875,0.0371856689453125,0.8,0.0,False,below_rule,474:query_sentence:head:709:K,noise,20,0.007832717895507813,0.003334789276123047,0.012730922698974599,L14H26,query_sentence,head,L22H5,K,P4
0.0063571929931640625,0.006531906127929687,0.005603790283203125,-0.00174713134765625,0.02353668212890625,0.95,0.0,False,below_rule,474:query_sentence:head:709:V,noise,20,0.0063571929931640625,0.004094305038452148,0.008962631225585938,L14H26,query_sentence,head,L22H5,V,P4
-0.000775909423828125,0.00183868408203125,-9.1552734375e-05,-0.00531005859375,0.002655029296875,0.5,0.0,False,below_rule,474:query_sentence:head:751:K,noise,20,-0.000775909423828125,-0.0017452335357666016,0.0001598358154296875,L14H26,query_sentence,head,L23H15,K,P4
-0.003551673889160156,0.0038965225219726564,-0.003753662109375,-0.0084228515625,0.001251220703125,0.85,0.0,False,below_rule,474:query_sentence:head:751:V,noise,20,-0.003551673889160156,-0.004801392555236816,-0.0022848033905029305,L14H26,query_sentence,head,L23H15,V,P4
0.0015514373779296875,0.0025066375732421876,0.00189208984375,-0.0029296875,0.00830078125,0.7,0.0,False,below_rule,474:query_sentence:head:787:K,noise,20,0.0015514373779296875,0.000405120849609375,0.0027755832672119135,L14H26,query_sentence,head,L24H19,K,P4
0.0005605697631835937,0.0018815994262695312,0.000804901123046875,-0.00299072265625,0.00372314453125,0.6,0.0,False,below_rule,474:query_sentence:head:787:V,noise,20,0.0005605697631835937,-0.0003267383575439453,0.0014369964599609375,L14H26,query_sentence,head,L24H19,V,P4
-0.00013828277587890625,0.0015001296997070312,-3.0517578125e-05,-0.003997802734375,0.00244140625,0.5,0.0,False,below_rule,474:query_sentence:head:817:K,noise,20,-0.00013828277587890625,-0.0009170675277709961,0.0006466197967529272,L14H26,query_sentence,head,L25H17,K,P4
-0.0005258560180664062,0.0011491775512695312,-0.000762939453125,-0.002197265625,0.00176239013671875,0.65,0.0,False,below_rule,474:query_sentence:head:817:V,noise,20,-0.0005258560180664062,-0.0010372209548950195,2.289772033691323e-05,L14H26,query_sentence,head,L25H17,V,P4
0.0003452301025390625,0.0015750885009765624,0.0006561279296875,-0.002685546875,0.00433349609375,0.6,0.0,False,below_rule,474:query_sentence:head:855:K,noise,20,0.0003452301025390625,-0.000450897216796875,0.0011608219146728507,L14H26,query_sentence,head,L26H23,K,P4
-0.0007028579711914062,0.0015207290649414062,-0.00092315673828125,-0.00396728515625,0.00274658203125,0.7,0.0,False,below_rule,474:query_sentence:head:855:V,noise,20,-0.0007028579711914062,-0.0014312744140625,6.046772003173786e-05,L14H26,query_sentence,head,L26H23,V,P4
0.0022159576416015624,0.004093551635742187,0.0027923583984375,-0.0054931640625,0.0140380859375,0.6,0.0,False,below_rule,474:query_sentence:head:870:K,noise,20,0.0022159576416015624,0.00024566650390625,0.004311370849609375,L14H26,query_sentence,head,L27H6,K,P4
0.0008762359619140625,0.0020839691162109373,0.000583648681640625,-0.0050048828125,0.0045166015625,0.6,0.0,False,below_rule,474:query_sentence:head:870:V,noise,20,0.0008762359619140625,-0.00023041725158691405,0.0019329166412353506,L14H26,query_sentence,head,L27H6,V,P4
-0.00042247772216796875,0.0008489608764648438,-0.000518798828125,-0.0032958984375,0.0009765625,0.55,0.0,False,below_rule,474:query_sentence:head:973:K,noise,20,-0.00042247772216796875,-0.000879673957824707,-7.996559143067656e-06,L14H26,query_sentence,head,L30H13,K,P4
-9.288787841796876e-05,0.0010820388793945312,0.00018310546875,-0.001983642578125,0.002471923828125,0.45,0.0,False,below_rule,474:query_sentence:head:973:V,noise,20,-9.288787841796876e-05,-0.0006475543975830078,0.0004705476760864253,L14H26,query_sentence,head,L30H13,V,P4
0.00034236907958984375,0.0015813827514648438,0.00067138671875,-0.0047607421875,0.003692626953125,0.65,0.0,False,below_rule,474:query_sentence:head:978:K,noise,20,0.00034236907958984375,-0.0005311965942382812,0.0011449813842773437,L14H26,query_sentence,head,L30H18,K,P4
0.00025806427001953127,0.0008436203002929688,9.1552734375e-05,-0.00189208984375,0.00323486328125,0.5,0.0,False,below_rule,474:query_sentence:head:978:V,noise,20,0.00025806427001953127,-0.00022030353546142578,0.0007702159881591772,L14H26,query_sentence,head,L30H18,V,P4
-0.039408540725708006,0.04614987373352051,-0.0182647705078125,-0.1494140625,0.01776123046875,0.75,0.15,False,below_rule,474:query_sentence:mlp:14:,noise,20,-0.039408540725708006,-0.062437925338745114,-0.018431044816970832,L14H26,query_sentence,mlp,14,,P4
-0.03284873962402344,0.03513679504394531,-0.02355194091796875,-0.113128662109375,0.01032257080078125,0.85,0.05,False,below_rule,474:query_sentence:mlp:15:,noise,20,-0.03284873962402344,-0.04823990821838379,-0.018761930465698264,L14H26,query_sentence,mlp,15,,P4
0.04070491790771484,0.05373592376708984,0.01747894287109375,-0.09423828125,0.19537353515625,0.85,0.2,False,below_rule,505:query_child_last:head:513:K,noise,20,0.04070491790771484,0.010427241325378419,0.07336503505706787,L15H25,query_child_last,head,L16H1,K,P2
0.18114891052246093,0.18114891052246093,0.13443565368652344,0.0217742919921875,0.38417816162109375,1.0,0.8,True,coherent,505:query_child_last:head:513:V,noise,20,0.18114891052246093,0.13634712219238282,0.22947716712951655,L15H25,query_child_last,head,L16H1,V,P2
-0.005288505554199218,0.028047752380371094,-0.0026397705078125,-0.154052734375,0.0623779296875,0.55,0.05,False,below_rule,505:query_child_last:head:533:K,noise,20,-0.005288505554199218,-0.026801309585571288,0.012490015029907198,L15H25,query_child_last,head,L16H21,K,P2
0.19176244735717773,0.19176244735717773,0.14557266235351562,0.01971435546875,0.45465087890625,1.0,0.7,True,coherent,505:query_child_last:head:533:V,noise,20,0.19176244735717773,0.1383662509918213,0.24952462434768674,L15H25,query_child_last,head,L16H21,V,P2
-0.0055755615234375,0.00693359375,-0.0030517578125,-0.0234375,0.00438690185546875,0.8,0.0,False,below_rule,505:query_child_last:head:547:K,noise,20,-0.0055755615234375,-0.009074802398681641,-0.0022762298583984377,L15H25,query_child_last,head,L17H3,K,P2
-0.028020668029785156,0.028020668029785156,-0.027776718139648438,-0.06219482421875,-0.005126953125,1.0,0.0,False,below_rule,505:query_child_last:head:547:V,noise,20,-0.028020668029785156,-0.034654459953308105,-0.02167317867279053,L15H25,query_child_last,head,L17H3,V,P2
-9.746551513671875e-05,0.0025045394897460936,0.0006103515625,-0.00531005859375,0.005462646484375,0.4,0.0,False,below_rule,505:query_child_last:head:561:K,noise,20,-9.746551513671875e-05,-0.001447300910949707,0.0012386369705200192,L15H25,query_child_last,head,L17H17,K,P2
0.024543952941894532,0.024543952941894532,0.022705078125,0.003143310546875,0.07907867431640625,1.0,0.0,False,below_rule,505:query_child_last:head:561:V,noise,20,0.024543952941894532,0.017225279808044433,0.03308343887329101,L15H25,query_child_last,head,L17H17,V,P2
3.08990478515625e-05,0.0016864776611328126,8.392333984375e-05,-0.004150390625,0.004638671875,0.55,0.0,False,below_rule,505:query_child_last:head:568:K,noise,20,3.08990478515625e-05,-0.0009181976318359375,0.0009838104248046874,L15H25,query_child_last,head,L17H24,K,P2
-0.0006349563598632812,0.002163124084472656,-0.0004119873046875,-0.00634765625,0.0037689208984375,0.55,0.0,False,below_rule,505:query_child_last:head:568:V,noise,20,-0.0006349563598632812,-0.001822671890258789,0.0004688262939453125,L15H25,query_child_last,head,L17H24,V,P2
0.0005279541015625,0.00224151611328125,0.000186920166015625,-0.0039825439453125,0.01123046875,0.55,0.0,False,below_rule,505:query_child_last:head:594:K,noise,20,0.0005279541015625,-0.0007999897003173827,0.0020729160308837883,L15H25,query_child_last,head,L18H18,K,P2
0.0024995803833007812,0.003706550598144531,0.003078460693359375,-0.0045166015625,0.00836181640625,0.8,0.0,False,below_rule,505:query_child_last:head:594:V,noise,20,0.0024995803833007812,0.0009366750717163087,0.004015355110168456,L15H25,query_child_last,head,L18H18,V,P2
-0.0003475189208984375,0.004520797729492187,-0.001552581787109375,-0.00933837890625,0.014892578125,0.65,0.0,False,below_rule,505:query_child_last:head:595:K,noise,20,-0.0003475189208984375,-0.002710771560668945,0.002273197174072264,L15H25,query_child_last,head,L18H19,K,P2
0.0005756378173828125,0.0024662017822265625,0.00031280517578125,-0.00408935546875,0.0065460205078125,0.55,0.0,False,below_rule,505:query_child_last:head:595:V,noise,20,0.0005756378173828125,-0.0007012081146240234,0.001897068023681639,L15H25,query_child_last,head,L18H19,V,P2
-0.00107421875,0.004404449462890625,-0.000164031982421875,-0.0150146484375,0.006744384765625,0.5,0.0,False,below_rule,505:query_child_last:head:600:K,noise,20,-0.00107421875,-0.003514108657836914,0.0012031841278076147,L15H25,query_child_last,head,L18H24,K,P2
-0.005770111083984375,0.006349945068359375,-0.006927490234375,-0.0152587890625,0.002410888671875,0.85,0.0,False,below_rule,505:query_child_last:head:600:V,noise,20,-0.005770111083984375,-0.007904891967773437,-0.0036449146270751977,L15H25,query_child_last,head,L18H24,V,P2
-0.0005735397338867187,0.0017606735229492188,-0.00055694580078125,-0.00537109375,0.0040283203125,0.55,0.0,False,below_rule,505:query_child_last:head:624:K,noise,20,-0.0005735397338867187,-0.0014928960800170898,0.00036793231964111285,L15H25,query_child_last,head,L19H16,K,P2
-0.00010700225830078125,0.0014299392700195313,-0.000125885009765625,-0.002593994140625,0.00421142578125,0.5,0.0,False,below_rule,505:query_child_last:head:624:V,noise,20,-0.00010700225830078125,-0.0008537340164184571,0.0006967687606811512,L15H25,query_child_last,head,L19H16,V,P2
-0.0004922866821289063,0.0015405654907226563,-0.0005950927734375,-0.006103515625,0.0027923583984375,0.65,0.0,False,below_rule,505:query_child_last:head:630:K,noise,20,-0.0004922866821289063,-0.0013689041137695313,0.0003387498855590816,L15H25,query_child_last,head,L19H22,K,P2
-0.0006464004516601562,0.0015153884887695312,-0.0004119873046875,-0.004302978515625,0.0037841796875,0.6,0.0,False,below_rule,505:query_child_last:head:630:V,noise,20,-0.0006464004516601562,-0.0014612293243408203,0.00020277500152587682,L15H25,query_child_last,head,L19H22,V,P2
0.0007200241088867188,0.0012178421020507812,0.00030517578125,-0.001674652099609375,0.00390625,0.65,0.0,False,below_rule,505:query_child_last:head:641:K,noise,20,0.0007200241088867188,8.831024169921874e-05,0.0014156436920166008,L15H25,query_child_last,head,L20H1,K,P2
7.104873657226562e-05,0.0018210411071777344,-0.0002593994140625,-0.0038909912109375,0.0047607421875,0.45,0.0,False,below_rule,505:query_child_last:head:641:V,noise,20,7.104873657226562e-05,-0.0008649849891662598,0.0010490441322326659,L15H25,query_child_last,head,L20H1,V,P2
-0.000249481201171875,0.000988006591796875,0.0002899169921875,-0.0047607421875,0.00152587890625,0.35,0.0,False,below_rule,505:query_child_last:head:678:K,noise,20,-0.000249481201171875,-0.000970458984375,0.00034181594848632646,L15H25,query_child_last,head,L21H6,K,P2
-0.00019359588623046875,0.0010480880737304688,2.288818359375e-05,-0.002960205078125,0.002197265625,0.45,0.0,False,below_rule,505:query_child_last:head:678:V,noise,20,-0.00019359588623046875,-0.0007930755615234375,0.00040665149688720657,L15H25,query_child_last,head,L21H6,V,P2
-8.9263916015625e-05,0.0005828857421875,0.0,-0.00237274169921875,0.00201416015625,0.45,0.0,False,below_rule,505:query_child_last:head:690:K,noise,20,-8.9263916015625e-05,-0.0004650115966796875,0.0002845859527587882,L15H25,query_child_last,head,L21H18,K,P2
0.0002044677734375,0.00098114013671875,9.918212890625e-05,-0.0042724609375,0.00299072265625,0.5,0.0,False,below_rule,505:query_child_last:head:690:V,noise,20,0.0002044677734375,-0.0005005073547363281,0.00082855224609375,L15H25,query_child_last,head,L21H18,V,P2
-2.288818359375e-05,0.001629638671875,-0.0004119873046875,-0.002655029296875,0.0041351318359375,0.55,0.0,False,below_rule,505:query_child_last:head:695:K,noise,20,-2.288818359375e-05,-0.0008415412902832031,0.00087127685546875,L15H25,query_child_last,head,L21H23,K,P2
0.0005191802978515625,0.0015636444091796874,0.00049591064453125,-0.00244140625,0.0035400390625,0.65,0.0,False,below_rule,505:query_child_last:head:695:V,noise,20,0.0005191802978515625,-0.00025635719299316406,0.0012989139556884757,L15H25,query_child_last,head,L21H23,V,P2
7.572174072265626e-05,0.002017784118652344,0.00067901611328125,-0.0045166015625,0.003448486328125,0.6,0.0,False,below_rule,505:query_child_last:head:709:K,noise,20,7.572174072265626e-05,-0.0009802103042602537,0.0010772991180419897,L15H25,query_child_last,head,L22H5,K,P2
-0.000251007080078125,0.001491546630859375,-0.000274658203125,-0.003631591796875,0.00372314453125,0.55,0.0,False,below_rule,505:query_child_last:head:709:V,noise,20,-0.000251007080078125,-0.001077299118041992,0.000601959228515625,L15H25,query_child_last,head,L22H5,V,P2
2.6702880859375e-06,0.0010692596435546875,0.0,-0.0030364990234375,0.003143310546875,0.45,0.0,False,below_rule,505:query_child_last:head:751:K,noise,20,2.6702880859375e-06,-0.0006343841552734375,0.0006469821929931632,L15H25,query_child_last,head,L23H15,K,P2
-0.00019931793212890625,0.0012582778930664063,-6.103515625e-05,-0.0029296875,0.002960205078125,0.5,0.0,False,below_rule,505:query_child_last:head:751:V,noise,20,-0.00019931793212890625,-0.000871281623840332,0.000478363037109375,L15H25,query_child_last,head,L23H15,V,P2
0.00043792724609375,0.001715087890625,0.00032806396484375,-0.00323486328125,0.005584716796875,0.55,0.0,False,below_rule,505:query_child_last:head:787:K,noise,20,0.00043792724609375,-0.0004516887664794922,0.0013797855377197256,L15H25,query_child_last,head,L24H19,K,P2
-4.53948974609375e-05,0.0016788482666015626,-0.000213623046875,-0.00439453125,0.00331878662109375,0.5,0.0,False,below_rule,505:query_child_last:head:787:V,noise,20,-4.53948974609375e-05,-0.0008937931060791016,0.0008079624176025382,L15H25,query_child_last,head,L24H19,V,P2
-0.00010585784912109375,0.0009191513061523437,-0.00014495849609375,-0.003173828125,0.00384521484375,0.55,0.0,False,below_rule,505:query_child_last:head:817:K,noise,20,-0.00010585784912109375,-0.0006803560256958008,0.00051727294921875,L15H25,query_child_last,head,L25H17,K,P2
-0.0005475997924804688,0.0013822555541992188,-0.000579833984375,-0.00319671630859375,0.002532958984375,0.65,0.0,False,below_rule,505:query_child_last:head:817:V,noise,20,-0.0005475997924804688,-0.0012327289581298827,0.00014993667602538894,L15H25,query_child_last,head,L25H17,V,P2
-0.00021343231201171876,0.0012025833129882812,-0.00016021728515625,-0.00323486328125,0.00244903564453125,0.55,0.0,False,below_rule,505:query_child_last:head:855:K,noise,20,-0.00021343231201171876,-0.0008829164505004882,0.00045928955078125,L15H25,query_child_last,head,L26H23,K,P2
0.00014820098876953126,0.0012586593627929687,-0.00048065185546875,-0.002475738525390625,0.004180908203125,0.3,0.0,False,below_rule,505:query_child_last:head:855:V,noise,20,0.00014820098876953126,-0.000521092414855957,0.000887684822082519,L15H25,query_child_last,head,L26H23,V,P2
-0.0002429962158203125,0.0007419586181640625,0.0,-0.0030517578125,0.002166748046875,0.45,0.0,False,below_rule,505:query_child_last:head:870:K,noise,20,-0.0002429962158203125,-0.0007824039459228515,0.000252532958984375,L15H25,query_child_last,head,L27H6,K,P2
-0.000164794921875,0.000800323486328125,0.0,-0.0041046142578125,0.001953125,0.3,0.0,False,below_rule,505:query_child_last:head:870:V,noise,20,-0.000164794921875,-0.000800323486328125,0.0003780364990234375,L15H25,query_child_last,head,L27H6,V,P2
-2.613067626953125e-05,0.0006883621215820312,0.0,-0.00189208984375,0.0015411376953125,0.45,0.0,False,below_rule,505:query_child_last:head:973:K,noise,20,-2.613067626953125e-05,-0.0004314422607421875,0.00037156105041503826,L15H25,query_child_last,head,L30H13,K,P2
0.00020999908447265624,0.0007410049438476562,3.62396240234375e-05,-0.0020751953125,0.002716064453125,0.55,0.0,False,below_rule,505:query_child_last:head:973:V,noise,20,0.00020999908447265624,-0.0002361297607421875,0.0006761598587036128,L15H25,query_child_last,head,L30H13,V,P2
-0.0001087188720703125,0.0007076263427734375,-0.0002288818359375,-0.002288818359375,0.001953125,0.65,0.0,False,below_rule,505:query_child_last:head:978:K,noise,20,-0.0001087188720703125,-0.0005180549621582032,0.0003154754638671875,L15H25,query_child_last,head,L30H18,K,P2
0.000275421142578125,0.00083770751953125,0.0,-0.0029449462890625,0.00244140625,0.45,0.0,False,below_rule,505:query_child_last:head:978:V,noise,20,0.000275421142578125,-0.0002490997314453125,0.0007637119293212881,L15H25,query_child_last,head,L30H18,V,P2
-0.013077163696289062,0.04980812072753906,0.0099334716796875,-0.19232177734375,0.10211181640625,0.35,0.25,False,below_rule,505:query_child_last:mlp:15:,noise,20,-0.013077163696289062,-0.04713919639587402,0.016567659378051755,L15H25,query_child_last,mlp,15,,P2
-0.00078582763671875,0.003443145751953125,-0.00091552734375,-0.0120086669921875,0.0081787109375,0.6,0.0,False,below_rule,505:query_child_last:mlp:16:,noise,20,-0.00078582763671875,-0.002800378799438477,0.001144809722900389,L15H25,query_child_last,mlp,16,,P2
0.007737159729003906,0.013677597045898438,0.00733184814453125,-0.01446533203125,0.034820556640625,0.7,0.0,False,below_rule,513:colon:bypass:31:,noise,20,0.007737159729003906,0.001440424919128418,0.014290843009948727,L16H1,colon,bypass,31,,P3
-0.04577713012695313,0.04577713012695313,-0.03912353515625,-0.1021728515625,-0.0072021484375,1.0,0.05,False,below_rule,513:colon:head:547:KV,noise,20,-0.04577713012695313,-0.0590318489074707,-0.03320951461791993,L16H1,colon,head,L17H3,KV,P3
-0.1484710693359375,0.14869384765625,-0.17918968200683594,-0.2974853515625,0.002227783203125,0.95,0.6,True,coherent,513:colon:head:547:Q,noise,20,-0.1484710693359375,-0.1893351650238037,-0.10688391208648686,L16H1,colon,head,L17H3,Q,P3
0.20383071899414062,0.20383071899414062,0.18072128295898438,0.043701171875,0.49505615234375,1.0,0.75,True,coherent,513:colon:head:561:KV,noise,20,0.20383071899414062,0.14930084228515625,0.2627108860015869,L16H1,colon,head,L17H17,KV,P3
-0.005627059936523437,0.013393783569335937,-0.00677490234375,-0.029144287109375,0.023651123046875,0.6,0.0,False,below_rule,513:colon:head:561:Q,noise,20,-0.005627059936523437,-0.01200305938720703,0.0007771301269531183,L16H1,colon,head,L17H17,Q,P3
0.0015321731567382812,0.002296257019042969,0.00102996826171875,-0.0028076171875,0.0073394775390625,0.8,0.0,False,below_rule,513:colon:head:568:KV,noise,20,0.0015321731567382812,0.00043523788452148437,0.0026781415939331026,L16H1,colon,head,L17H24,KV,P3
0.0024169921875,0.00548858642578125,0.0015716552734375,-0.0078125,0.0152130126953125,0.6,0.0,False,below_rule,513:colon:head:568:Q,noise,20,0.0024169921875,-0.00035858154296875,0.00533905029296875,L16H1,colon,head,L17H24,Q,P3
-0.0006643295288085938,0.0015546798706054688,-0.00043487548828125,-0.004711151123046875,0.00225067138671875,0.6,0.0,False,below_rule,513:colon:head:594:KV,noise,20,-0.0006643295288085938,-0.0015169143676757812,0.00014039039611816323,L16H1,colon,head,L18H18,KV,P3
0.38652992248535156,0.38652992248535156,0.3491973876953125,0.12579345703125,0.83349609375,1.0,1.0,True,coherent,513:colon:head:594:Q,noise,20,0.38652992248535156,0.30933828353881837,0.46729557514190667,L16H1,colon,head,L18H18,Q,P3
-0.0007358551025390625,0.0020298004150390626,-0.00043487548828125,-0.00677490234375,0.005157470703125,0.65,0.0,False,below_rule,513:colon:head:595:KV,noise,20,-0.0007358551025390625,-0.0018901824951171875,0.0003978729248046875,L16H1,colon,head,L18H19,KV,P3
0.2834638595581055,0.2834638595581055,0.254669189453125,0.04327392578125,0.556640625,1.0,0.95,True,coherent,513:colon:head:595:Q,noise,20,0.2834638595581055,0.22207272052764893,0.3456420183181762,L16H1,colon,head,L18H19,Q,P3
-0.00038051605224609375,0.0015371322631835937,-0.00054931640625,-0.0054931640625,0.00347900390625,0.65,0.0,False,below_rule,513:colon:head:600:KV,noise,20,-0.00038051605224609375,-0.001245131492614746,0.00047150135040283157,L16H1,colon,head,L18H24,KV,P3
-0.08304500579833984,0.08545589447021484,-0.0731964111328125,-0.243896484375,0.02410888671875,0.95,0.3,False,below_rule,513:colon:head:600:Q,noise,20,-0.08304500579833984,-0.11188346385955811,-0.05620358943939211,L16H1,colon,head,L18H24,Q,P3
-0.000988006591796875,0.002043914794921875,-0.00096893310546875,-0.00611114501953125,0.00439453125,0.6,0.0,False,below_rule,513:colon:head:624:KV,noise,20,-0.000988006591796875,-0.002059192657470703,9.3841552734375e-05,L16H1,colon,head,L19H16,KV,P3
-0.04493932723999024,0.04493932723999024,-0.039459228515625,-0.0955963134765625,-0.008575439453125,1.0,0.0,False,below_rule,513:colon:head:624:Q,noise,20,-0.04493932723999024,-0.05704875469207764,-0.03329619407653808,L16H1,colon,head,L19H16,Q,P3
-0.0005624771118164062,0.0013002395629882813,-0.00042724609375,-0.003673553466796875,0.002166748046875,0.55,0.0,False,below_rule,513:colon:head:630:KV,noise,20,-0.0005624771118164062,-0.0012159442901611328,7.172584533691323e-05,L16H1,colon,head,L19H22,KV,P3
0.0086212158203125,0.010102081298828124,0.00677490234375,-0.0072021484375,0.04053497314453125,0.8,0.0,False,below_rule,513:colon:head:630:Q,noise,20,0.0086212158203125,0.004188108444213867,0.013740558624267577,L16H1,colon,head,L19H22,Q,P3
-0.00154571533203125,0.0022796630859375,-0.00164794921875,-0.00469970703125,0.00164794921875,0.65,0.0,False,below_rule,513:colon:head:641:KV,noise,20,-0.00154571533203125,-0.002507781982421875,-0.000583610534667972,L16H1,colon,head,L20H1,KV,P3
-0.040509796142578124,0.044452667236328125,-0.03495025634765625,-0.14269256591796875,0.0394287109375,0.95,0.05,False,below_rule,513:colon:head:641:Q,noise,20,-0.040509796142578124,-0.05649991035461426,-0.025996284484863293,L16H1,colon,head,L20H1,Q,P3
-0.000522613525390625,0.001642608642578125,8.392333984375e-05,-0.00537109375,0.00341796875,0.45,0.0,False,below_rule,513:colon:head:678:KV,noise,20,-0.000522613525390625,-0.001432056427001953,0.000383758544921875,L16H1,colon,head,L21H6,KV,P3
0.015738487243652344,0.017015647888183594,0.013589859008789062,-0.0061798095703125,0.064605712890625,0.8,0.0,False,below_rule,513:colon:head:678:Q,noise,20,0.015738487243652344,0.008912396430969237,0.023353672027587882,L16H1,colon,head,L21H6,Q,P3
0.00024261474609375,0.001560211181640625,0.0,-0.004150390625,0.00347900390625,0.45,0.0,False,below_rule,513:colon:head:690:KV,noise,20,0.00024261474609375,-0.000592803955078125,0.0010711765289306632,L16H1,colon,head,L21H18,KV,P3
0.028960990905761718,0.03110637664794922,0.0279541015625,-0.021453857421875,0.0670166015625,0.95,0.0,False,below_rule,513:colon:head:690:Q,noise,20,0.028960990905761718,0.01891860485076904,0.03894071102142333,L16H1,colon,head,L21H18,Q,P3
0.04390087127685547,0.04390087127685547,0.05082511901855469,0.0079345703125,0.1058349609375,1.0,0.05,False,below_rule,513:colon:head:695:KV,noise,20,0.04390087127685547,0.03286548137664795,0.055851221084594706,L16H1,colon,head,L21H23,KV,P3
0.0038026809692382813,0.01011066436767578,0.004913330078125,-0.02862548828125,0.02715301513671875,0.7,0.0,False,below_rule,513:colon:head:695:Q,noise,20,0.0038026809692382813,-0.0019335365295410157,0.009162049293518057,L16H1,colon,head,L21H23,Q,P3
1.964569091796875e-05,0.0016489028930664062,0.00011444091796875,-0.0047607421875,0.0040435791015625,0.55,0.0,False,below_rule,513:colon:head:709:KV,noise,20,1.964569091796875e-05,-0.0009003162384033203,0.0009170627593994132,L16H1,colon,head,L22H5,KV,P3
0.08495817184448243,0.08495817184448243,0.08264923095703125,0.00091552734375,0.1722412109375,1.0,0.4,False,below_rule,513:colon:head:709:Q,noise,20,0.08495817184448243,0.06517755270004272,0.10450279712676999,L16H1,colon,head,L22H5,Q,P3
-0.00016231536865234374,0.0013586044311523437,0.00028228759765625,-0.00445556640625,0.002410888671875,0.45,0.0,False,below_rule,513:colon:head:751:KV,noise,20,-0.00016231536865234374,-0.0009515857696533203,0.0005647659301757813,L16H1,colon,head,L23H15,KV,P3
-0.010543441772460938,0.011060714721679688,-0.010585784912109375,-0.02587890625,0.0046844482421875,0.9,0.0,False,below_rule,513:colon:head:751:Q,noise,20,-0.010543441772460938,-0.013740615844726562,-0.007329530715942386,L16H1,colon,head,L23H15,Q,P3
0.00019092559814453124,0.0013074874877929688,0.00019073486328125,-0.0036773681640625,0.00323486328125,0.55,0.0,False,below_rule,513:colon:head:787:KV,noise,20,0.00019092559814453124,-0.0005504751205444336,0.0009233474731445313,L16H1,colon,head,L24H19,KV,P3
0.027101516723632812,0.027101516723632812,0.020355224609375,0.0075531005859375,0.0670166015625,1.0,0.0,False,below_rule,513:colon:head:787:Q,noise,20,0.027101516723632812,0.020071754455566405,0.03475585937499999,L16H1,colon,head,L24H19,Q,P3
0.006164932250976562,0.0063877105712890625,0.00612640380859375,-0.00146484375,0.01312255859375,0.9,0.0,False,below_rule,513:colon:head:817:KV,noise,20,0.006164932250976562,0.004290380477905273,0.008007068634033202,L16H1,colon,head,L25H17,KV,P3
-0.0006231307983398437,0.0021600723266601562,-3.0517578125e-05,-0.005767822265625,0.00335693359375,0.5,0.0,False,below_rule,513:colon:head:817:Q,noise,20,-0.0006231307983398437,-0.001822671890258789,0.0005210971832275382,L16H1,colon,head,L25H17,Q,P3
-0.00045070648193359377,0.0012350082397460938,-0.0004119873046875,-0.003753662109375,0.001953125,0.65,0.0,False,below_rule,513:colon:head:855:KV,noise,20,-0.00045070648193359377,-0.0011043643951416016,0.00018616676330566323,L16H1,colon,head,L26H23,KV,P3
-0.0021045684814453127,0.0028736114501953123,-0.002685546875,-0.0079803466796875,0.00238037109375,0.7,0.0,False,below_rule,513:colon:head:855:Q,noise,20,-0.0021045684814453127,-0.0033100223541259765,-0.000888824462890625,L16H1,colon,head,L26H23,Q,P3
0.000257110595703125,0.001074981689453125,0.00054931640625,-0.00262451171875,0.002410888671875,0.6,0.0,False,below_rule,513:colon:head:870:KV,noise,20,0.000257110595703125,-0.000333404541015625,0.00082550048828125,L16H1,colon,head,L27H6,KV,P3
0.049241065979003906,0.04962482452392578,0.04135322570800781,-0.00246429443359375,0.1354827880859375,0.9,0.1,False,below_rule,513:colon:head:870:Q,noise,20,0.049241065979003906,0.03182186126708984,0.06789910793304442,L16H1,colon,head,L27H6,Q,P3
0.0018218994140625,0.0026397705078125,0.00121307373046875,-0.003631591796875,0.008056640625,0.7,0.0,False,below_rule,513:colon:head:973:KV,noise,20,0.0018218994140625,0.0005222225189208985,0.0032002353668212813,L16H1,colon,head,L30H13,KV,P3
0.0025983810424804687,0.0038816452026367186,0.0029697418212890625,-0.0053863525390625,0.00830078125,0.75,0.0,False,below_rule,513:colon:head:973:Q,noise,20,0.0025983810424804687,0.0009628105163574219,0.004099664688110351,L16H1,colon,head,L30H13,Q,P3
0.00012359619140625,0.000750732421875,0.00018310546875,-0.0023040771484375,0.0024566650390625,0.55,0.0,False,below_rule,513:colon:head:978:KV,noise,20,0.00012359619140625,-0.0003017425537109375,0.0005466461181640625,L16H1,colon,head,L30H18,KV,P3
0.02956676483154297,0.03001232147216797,0.0266571044921875,-0.00262451171875,0.07152175903320312,0.85,0.0,False,below_rule,513:colon:head:978:Q,noise,20,0.02956676483154297,0.020398626327514647,0.0392106199264526,L16H1,colon,head,L30H18,Q,P3
-0.08009252548217774,0.08150548934936523,-0.0972747802734375,-0.18368148803710938,0.014129638671875,0.95,0.4,False,below_rule,513:colon:mlp:16:,noise,20,-0.08009252548217774,-0.10482708692550659,-0.05567576885223391,L16H1,colon,mlp,16,,P3
-0.03590679168701172,0.03937206268310547,-0.0243072509765625,-0.186126708984375,0.0252685546875,0.85,0.05,False,below_rule,513:colon:mlp:17:,noise,20,-0.03590679168701172,-0.05664417266845703,-0.01935035705566407,L16H1,colon,mlp,17,,P3
0.016930866241455077,0.021863269805908202,0.014129638671875,-0.04438018798828125,0.054931640625,0.85,0.0,False,below_rule,533:colon:bypass:31:,noise,20,0.016930866241455077,0.007410871982574462,0.02586493968963621,L16H21,colon,bypass,31,,P3
-0.04051265716552734,0.040555381774902345,-0.03196907043457031,-0.10001373291015625,0.00042724609375,0.95,0.05,False,below_rule,533:colon:head:547:KV,noise,20,-0.04051265716552734,-0.05374504566192627,-0.027794561386108405,L16H21,colon,head,L17H3,KV,P3
-0.11646232604980469,0.11674308776855469,-0.08318328857421875,-0.240966796875,0.0028076171875,0.95,0.45,True,coherent,533:colon:head:547:Q,noise,20,-0.11646232604980469,-0.15271915674209594,-0.08079822301864625,L16H21,colon,head,L17H3,Q,P3
0.16437344551086425,0.16494107246398926,0.15154647827148438,-0.00567626953125,0.454345703125,0.95,0.6,True,coherent,533:colon:head:561:KV,noise,20,0.16437344551086425,0.11402730345726013,0.21842034220695478,L16H21,colon,head,L17H17,KV,P3
-0.0019757747650146484,0.018640661239624025,0.00135040283203125,-0.04104900360107422,0.03997802734375,0.5,0.0,False,below_rule,533:colon:head:561:Q,noise,20,-0.0019757747650146484,-0.012106670141220093,0.007925478219985956,L16H21,colon,head,L17H17,Q,P3
3.986358642578125e-05,0.0022096633911132812,-0.000152587890625,-0.0050048828125,0.005462646484375,0.5,0.0,False,below_rule,533:colon:head:568:KV,noise,20,3.986358642578125e-05,-0.0011539554595947266,0.0012107992172241198,L16H21,colon,head,L17H24,KV,P3
0.0024688720703125,0.005654144287109375,0.002227783203125,-0.00916290283203125,0.02024078369140625,0.6,0.0,False,below_rule,533:colon:head:568:Q,noise,20,0.0024688720703125,-0.00044861793518066403,0.005528297424316403,L16H21,colon,head,L17H24,Q,P3
7.36236572265625e-05,0.0017818450927734376,0.000457763671875,-0.00494384765625,0.0031585693359375,0.6,0.0,False,below_rule,533:colon:head:594:KV,noise,20,7.36236572265625e-05,-0.0009243202209472657,0.0009998321533203126,L16H21,colon,head,L18H18,KV,P3
0.3539587020874023,0.3539587020874023,0.38942527770996094,0.02313232421875,0.74822998046875,1.0,0.9,True,coherent,533:colon:head:594:Q,noise,20,0.3539587020874023,0.26993757247924804,0.4379651021957395,L16H21,colon,head,L18H18,Q,P3
7.62939453125e-06,0.002135467529296875,0.000152587890625,-0.0063629150390625,0.00437164306640625,0.55,0.0,False,below_rule,533:colon:head:595:KV,noise,20,7.62939453125e-06,-0.0012409210205078125,0.0011566352844238263,L16H21,colon,head,L18H19,KV,P3
0.21640758514404296,0.22172985076904297,0.209991455078125,-0.05322265625,0.4876708984375,0.95,0.7,True,coherent,533:colon:head:595:Q,noise,20,0.21640758514404296,0.15722373485565186,0.27625118732452375,L16H21,colon,head,L18H19,Q,P3
-0.0014371871948242188,0.002837944030761719,-0.001605987548828125,-0.009708404541015625,0.004150390625,0.65,0.0,False,below_rule,533:colon:head:600:KV,noise,20,-0.0014371871948242188,-0.002903189659118652,-5.6643486022949635e-05,L16H21,colon,head,L18H24,KV,P3
-0.08355960845947266,0.08630084991455078,-0.06293869018554688,-0.24383163452148438,0.0150146484375,0.85,0.35,False,below_rule,533:colon:head:600:Q,noise,20,-0.08355960845947266,-0.1146180009841919,-0.05506970882415772,L16H21,colon,head,L18H24,Q,P3
8.27789306640625e-05,0.0017810821533203124,7.62939453125e-05,-0.00494384765625,0.00372314453125,0.55,0.0,False,below_rule,533:colon:head:624:KV,noise,20,8.27789306640625e-05,-0.0008995151519775391,0.0010684967041015626,L16H21,colon,head,L19H16,KV,P3
-0.03796710968017578,0.03862628936767578,-0.03836822509765625,-0.11107254028320312,0.006591796875,0.95,0.05,False,below_rule,533:colon:head:624:Q,noise,20,-0.03796710968017578,-0.049109697341918945,-0.027692570686340335,L16H21,colon,head,L19H16,Q,P3
-0.00043735504150390627,0.0013650894165039063,-0.000457763671875,-0.00457763671875,0.0026702880859375,0.5,0.0,False,below_rule,533:colon:head:630:KV,noise,20,-0.00043735504150390627,-0.0011760759353637697,0.00026988983154296875,L16H21,colon,head,L19H22,KV,P3
0.005887413024902343,0.011363410949707031,0.0064544677734375,-0.029628753662109375,0.03365325927734375,0.75,0.0,False,below_rule,533:colon:head:630:Q,noise,20,0.005887413024902343,-5.621433258056628e-05,0.011521186828613278,L16H21,colon,head,L19H22,Q,P3
-0.00076751708984375,0.002140045166015625,-0.00115966796875,-0.00677490234375,0.00433349609375,0.55,0.0,False,below_rule,533:colon:head:641:KV,noise,20,-0.00076751708984375,-0.0018676853179931641,0.00035403251647948966,L16H21,colon,head,L20H1,KV,P3
-0.028782081604003907,0.03132305145263672,-0.024505615234375,-0.12958526611328125,0.011020660400390625,0.8,0.05,False,below_rule,533:colon:head:641:Q,noise,20,-0.028782081604003907,-0.04390824794769287,-0.015924911499023447,L16H21,colon,head,L20H1,Q,P3
0.00026493072509765626,0.0014005661010742187,0.00045013427734375,-0.00225830078125,0.00286865234375,0.6,0.0,False,below_rule,533:colon:head:678:KV,noise,20,0.00026493072509765626,-0.00041867733001708983,0.0009620761871337881,L16H21,colon,head,L21H6,KV,P3
0.014731407165527344,0.015762901306152342,0.01508331298828125,-0.0074920654296875,0.070770263671875,0.85,0.0,False,below_rule,533:colon:head:678:Q,noise,20,0.014731407165527344,0.007935638427734376,0.022845463752746584,L16H21,colon,head,L21H6,Q,P3
0.00041332244873046873,0.0016324996948242187,0.000885009765625,-0.0030975341796875,0.00333404541015625,0.65,0.0,False,below_rule,533:colon:head:690:KV,noise,20,0.00041332244873046873,-0.000402836799621582,0.001205272674560545,L16H21,colon,head,L21H18,KV,P3
0.02861442565917969,0.030024337768554687,0.02178955078125,-0.01239013671875,0.07952880859375,0.9,0.0,False,below_rule,533:colon:head:690:Q,noise,20,0.02861442565917969,0.01781169891357422,0.04038129806518555,L16H21,colon,head,L21H18,Q,P3
0.036617088317871097,0.038326072692871097,0.0323638916015625,-0.01708984375,0.094482421875,0.95,0.0,False,below_rule,533:colon:head:695:KV,noise,20,0.036617088317871097,0.02521737575531006,0.04820098876953125,L16H21,colon,head,L21H23,KV,P3
0.014678573608398438,0.016746139526367186,0.005748748779296875,-0.00701904296875,0.05699920654296875,0.8,0.0,False,below_rule,533:colon:head:695:Q,noise,20,0.014678573608398438,0.0067160892486572265,0.023443651199340818,L16H21,colon,head,L21H23,Q,P3
-0.0005979537963867188,0.0016786575317382813,-0.000492095947265625,-0.00408935546875,0.00457763671875,0.6,0.0,False,below_rule,533:colon:head:709:KV,noise,20,-0.0005979537963867188,-0.0014927148818969726,0.000350770950317382,L16H21,colon,head,L22H5,KV,P3
0.09151058197021485,0.09151058197021485,0.077972412109375,0.0045166015625,0.24041366577148438,1.0,0.35,False,below_rule,533:colon:head:709:Q,noise,20,0.09151058197021485,0.0697553300857544,0.11523406982421874,L16H21,colon,head,L22H5,Q,P3
-9.04083251953125e-05,0.0011737823486328125,0.000244140625,-0.0029296875,0.001953125,0.45,0.0,False,below_rule,533:colon:head:751:KV,noise,20,-9.04083251953125e-05,-0.0007183074951171875,0.0005146026611328125,L16H21,colon,head,L23H15,KV,P3
-0.009438228607177735,0.010476779937744141,-0.00939178466796875,-0.02693939208984375,0.007913589477539062,0.85,0.0,False,below_rule,533:colon:head:751:Q,noise,20,-0.009438228607177735,-0.012957019805908203,-0.00584389925003052,L16H21,colon,head,L23H15,Q,P3
2.307891845703125e-05,0.0017423629760742188,-0.0002899169921875,-0.002971649169921875,0.005950927734375,0.45,0.0,False,below_rule,533:colon:head:787:KV,noise,20,2.307891845703125e-05,-0.0008840608596801758,0.0010070848464965817,L16H21,colon,head,L24H19,KV,P3
0.026984786987304686,0.027076339721679686,0.02613067626953125,-0.00091552734375,0.059356689453125,0.95,0.0,False,below_rule,533:colon:head:787:Q,noise,20,0.026984786987304686,0.02044175148010254,0.03400275230407714,L16H21,colon,head,L24H19,Q,P3
0.008953475952148437,0.009232711791992188,0.008449554443359375,-0.0027923583984375,0.0265350341796875,0.95,0.0,False,below_rule,533:colon:head:817:KV,noise,20,0.008953475952148437,0.006204204559326172,0.011911773681640625,L16H21,colon,head,L25H17,KV,P3
-0.0007715225219726562,0.0031732559204101563,-0.00042724609375,-0.007015228271484375,0.0069732666015625,0.55,0.0,False,below_rule,533:colon:head:817:Q,noise,20,-0.0007715225219726562,-0.0025112199783325195,0.000911712646484375,L16H21,colon,head,L25H17,Q,P3
0.00014286041259765626,0.0011098861694335937,0.0001983642578125,-0.0020751953125,0.00244140625,0.55,0.0,False,below_rule,533:colon:head:855:KV,noise,20,0.00014286041259765626,-0.0004314422607421875,0.000728607177734375,L16H21,colon,head,L26H23,KV,P3
-0.002710914611816406,0.003698921203613281,-0.00238037109375,-0.01216888427734375,0.00302886962890625,0.75,0.0,False,below_rule,533:colon:head:855:Q,noise,20,-0.002710914611816406,-0.004530162811279297,-0.0010082149505615244,L16H21,colon,head,L26H23,Q,P3
-0.00037860870361328125,0.0012464523315429688,-0.000518798828125,-0.004180908203125,0.0020751953125,0.65,0.0,False,below_rule,533:colon:head:870:KV,noise,20,-0.00037860870361328125,-0.0010378217697143554,0.00027294158935546874,L16H21,colon,head,L27H6,KV,P3
0.04828553199768067,0.049944162368774414,0.04256439208984375,-0.01123046875,0.1805877685546875,0.8,0.15,False,below_rule,533:colon:head:870:Q,noise,20,0.04828553199768067,0.02844057559967041,0.07014393329620358,L16H21,colon,head,L27H6,Q,P3
0.002057647705078125,0.0025604248046875,0.00067138671875,-0.00244140625,0.0186767578125,0.7,0.0,False,below_rule,533:colon:head:973:KV,noise,20,0.002057647705078125,0.0004997062683105469,0.004196939468383789,L16H21,colon,head,L30H13,KV,P3
0.0025226593017578123,0.006019210815429688,0.001129150390625,-0.01251220703125,0.0257568359375,0.6,0.0,False,below_rule,533:colon:head:973:Q,noise,20,0.0025226593017578123,-0.0008117771148681641,0.006177625656127921,L16H21,colon,head,L30H13,Q,P3
4.92095947265625e-05,0.0008655548095703125,0.0,-0.00140380859375,0.0029144287109375,0.45,0.0,False,below_rule,533:colon:head:978:KV,noise,20,4.92095947265625e-05,-0.00041351318359375,0.0005512237548828125,L16H21,colon,head,L30H18,KV,P3
0.049248886108398435,0.050933456420898436,0.05162811279296875,-0.01544189453125,0.154327392578125,0.9,0.15,False,below_rule,533:colon:head:978:Q,noise,20,0.049248886108398435,0.031026782989501952,0.06870690345764159,L16H21,colon,head,L30H18,Q,P3
-0.06862096786499024,0.09048833847045898,-0.071533203125,-0.23227691650390625,0.091064453125,0.8,0.35,False,below_rule,533:colon:mlp:16:,noise,20,-0.06862096786499024,-0.10659320831298827,-0.030793056488037197,L16H21,colon,mlp,16,,P3
-0.0348480224609375,0.0386993408203125,-0.02783203125,-0.168426513671875,0.0150146484375,0.85,0.05,False,below_rule,533:colon:mlp:17:,noise,20,-0.0348480224609375,-0.053919191360473635,-0.019120025634765624,L16H21,colon,mlp,17,,P3
-0.022143125534057617,0.04376406669616699,-0.019989013671875,-0.11236572265625,0.11305999755859375,0.7,0.15,False,below_rule,545:query_is_token:head:594:K,noise,20,-0.022143125534057617,-0.045116416215896606,0.0012346363067626486,L17H1,query_is_token,head,L18H18,K,P1
0.9597070217132568,0.9597070217132568,0.9688987731933594,0.407012939453125,1.6919403076171875,1.0,1.0,True,coherent,545:query_is_token:head:594:V,noise,20,0.9597070217132568,0.7982305324077607,1.131925821304321,L17H1,query_is_token,head,L18H18,V,P1
-0.014477348327636719,0.03408184051513672,-0.005474090576171875,-0.12176513671875,0.0485992431640625,0.65,0.05,False,below_rule,545:query_is_token:head:595:K,noise,20,-0.014477348327636719,-0.034420504570007324,0.003809566497802716,L17H1,query_is_token,head,L18H19,K,P1
0.914797019958496,0.914797019958496,0.8745193481445312,0.267974853515625,1.92529296875,1.0,1.0,True,coherent,545:query_is_token:head:595:V,noise,20,0.914797019958496,0.7502008295059205,1.094982233047485,L17H1,query_is_token,head,L18H19,V,P1
-0.007920360565185547,0.025805187225341798,-0.00504302978515625,-0.06939697265625,0.06158447265625,0.5,0.0,False,below_rule,545:query_is_token:head:600:K,noise,20,-0.007920360565185547,-0.022102208137512205,0.006287140846252438,L17H1,query_is_token,head,L18H24,K,P1
-0.3251034736633301,0.3251034736633301,-0.29653167724609375,-0.58868408203125,-0.15355682373046875,1.0,1.0,True,coherent,545:query_is_token:head:600:V,noise,20,-0.3251034736633301,-0.3728991031646729,-0.28208211660385135,L17H1,query_is_token,head,L18H24,V,P1
-0.006370353698730469,0.007723808288574219,-0.0072021484375,-0.016021728515625,0.0123443603515625,0.85,0.0,False,below_rule,545:query_is_token:head:624:K,noise,20,-0.006370353698730469,-0.009342403411865235,-0.0032327270507812537,L17H1,query_is_token,head,L19H16,K,P1
-0.06785945892333985,0.06785945892333985,-0.053253173828125,-0.1695098876953125,-0.03021240234375,1.0,0.2,False,below_rule,545:query_is_token:head:624:V,noise,20,-0.06785945892333985,-0.08550010681152344,-0.05245447158813479,L17H1,query_is_token,head,L19H16,V,P1
-0.0009815216064453125,0.004473495483398438,0.00018310546875,-0.016204833984375,0.0058441162109375,0.5,0.0,False,below_rule,545:query_is_token:head:630:K,noise,20,-0.0009815216064453125,-0.003519916534423828,0.0013687324523925764,L17H1,query_is_token,head,L19H22,K,P1
-0.0013507843017578126,0.004146194458007813,-0.0004425048828125,-0.02103424072265625,0.0061798095703125,0.55,0.0,False,below_rule,545:query_is_token:head:630:V,noise,20,-0.0013507843017578126,-0.004296159744262696,0.001092529296875,L17H1,query_is_token,head,L19H22,V,P1
-0.01565237045288086,0.01807546615600586,-0.011234283447265625,-0.06689262390136719,0.01263427734375,0.85,0.0,False,below_rule,545:query_is_token:head:641:K,noise,20,-0.01565237045288086,-0.024782853126525877,-0.007538166046142583,L17H1,query_is_token,head,L20H1,K,P1
-0.13228912353515626,0.13228912353515626,-0.1068267822265625,-0.3063507080078125,-0.0393829345703125,1.0,0.55,True,coherent,545:query_is_token:head:641:V,noise,20,-0.13228912353515626,-0.16641284465789793,-0.10149812698364259,L17H1,query_is_token,head,L20H1,V,P1
-0.0009481430053710938,0.0018674850463867188,-0.001007080078125,-0.0045166015625,0.002685546875,0.65,0.0,False,below_rule,545:query_is_token:head:678:K,noise,20,-0.0009481430053710938,-0.001795210838317871,-6.976127624512135e-05,L17H1,query_is_token,head,L21H6,K,P1
-0.003448486328125,0.00375518798828125,-0.0037384033203125,-0.0076904296875,0.0015106201171875,0.8,0.0,False,below_rule,545:query_is_token:head:678:V,noise,20,-0.003448486328125,-0.00462188720703125,-0.0022266387939453127,L17H1,query_is_token,head,L21H6,V,P1
0.00048656463623046874,0.0011690139770507812,0.00028228759765625,-0.002506256103515625,0.00445556640625,0.6,0.0,False,below_rule,545:query_is_token:head:690:K,noise,20,0.00048656463623046874,-0.00016422271728515624,0.0011673116683959949,L17H1,query_is_token,head,L21H18,K,P1
-0.0007535934448242188,0.0017873764038085938,-0.000152587890625,-0.0069580078125,0.002899169921875,0.5,0.0,False,below_rule,545:query_is_token:head:690:V,noise,20,-0.0007535934448242188,-0.001786050796508789,0.00018845081329345661,L17H1,query_is_token,head,L21H18,V,P1
-0.00014438629150390626,0.0015962600708007812,-0.0003662109375,-0.00348663330078125,0.00396728515625,0.6,0.0,False,below_rule,545:query_is_token:head:695:K,noise,20,-0.00014438629150390626,-0.0009769535064697266,0.0007086038589477518,L17H1,query_is_token,head,L21H23,K,P1
-0.006305122375488281,0.006305122375488281,-0.0069580078125,-0.011730194091796875,-0.00079345703125,1.0,0.0,False,below_rule,545:query_is_token:head:695:V,noise,20,-0.006305122375488281,-0.007500472068786622,-0.005058279037475587,L17H1,query_is_token,head,L21H23,V,P1
-0.007627105712890625,0.0093902587890625,-0.0029144287109375,-0.04665374755859375,0.0086669921875,0.75,0.0,False,below_rule,545:query_is_token:head:709:K,noise,20,-0.007627105712890625,-0.014331846237182618,-0.0022028255462646627,L17H1,query_is_token,head,L22H5,K,P1
0.12531394958496095,0.12531394958496095,0.11273956298828125,0.04876708984375,0.2635955810546875,1.0,0.6,True,coherent,545:query_is_token:head:709:V,noise,20,0.12531394958496095,0.10129727363586426,0.15246170997619626,L17H1,query_is_token,head,L22H5,V,P1
-0.00023441314697265626,0.0018384933471679687,-3.4332275390625e-05,-0.0045318603515625,0.003662109375,0.5,0.0,False,below_rule,545:query_is_token:head:751:K,noise,20,-0.00023441314697265626,-0.001260380744934082,0.00077667236328125,L17H1,query_is_token,head,L23H15,K,P1
-0.000406646728515625,0.00099334716796875,-2.6702880859375e-05,-0.0035400390625,0.001678466796875,0.5,0.0,False,below_rule,545:query_is_token:head:751:V,noise,20,-0.000406646728515625,-0.0010097503662109375,0.0001469039916992154,L17H1,query_is_token,head,L23H15,V,P1
0.0008657455444335937,0.0015295028686523437,0.000690460205078125,-0.004180908203125,0.0058746337890625,0.75,0.0,False,below_rule,545:query_is_token:head:787:K,noise,20,0.0008657455444335937,3.452301025390625e-05,0.0017122459411621077,L17H1,query_is_token,head,L24H19,K,P1
0.004334831237792968,0.004433250427246094,0.0037078857421875,-0.00098419189453125,0.012359619140625,0.95,0.0,False,below_rule,545:query_is_token:head:787:V,noise,20,0.004334831237792968,0.003023529052734375,0.005777444839477531,L17H1,query_is_token,head,L24H19,V,P1
-0.00022106170654296876,0.0011526107788085937,-0.000244140625,-0.00250244140625,0.00201416015625,0.55,0.0,False,below_rule,545:query_is_token:head:817:K,noise,20,-0.00022106170654296876,-0.000793461799621582,0.0003604936599731441,L17H1,query_is_token,head,L25H17,K,P1
0.00018138885498046874,0.0011426925659179688,0.00043487548828125,-0.0025177001953125,0.00201416015625,0.55,0.0,False,below_rule,545:query_is_token:head:817:V,noise,20,0.00018138885498046874,-0.00037327289581298826,0.0007259416580200191,L17H1,query_is_token,head,L25H17,V,P1
0.00031719207763671877,0.0012907028198242188,0.00048828125,-0.001953125,0.0040740966796875,0.6,0.0,False,below_rule,545:query_is_token:head:855:K,noise,20,0.00031719207763671877,-0.00033588409423828124,0.0010084152221679688,L17H1,query_is_token,head,L26H23,K,P1
-0.0004283905029296875,0.0012134552001953126,-0.0003509521484375,-0.0029449462890625,0.0028076171875,0.65,0.0,False,below_rule,545:query_is_token:head:855:V,noise,20,-0.0004283905029296875,-0.001034555435180664,0.00020142555236816323,L17H1,query_is_token,head,L26H23,V,P1
-0.0002765655517578125,0.0011920928955078125,0.000102996826171875,-0.0045318603515625,0.001556396484375,0.5,0.0,False,below_rule,545:query_is_token:head:870:K,noise,20,-0.0002765655517578125,-0.001012430191040039,0.00037841796875,L17H1,query_is_token,head,L27H6,K,P1
0.0011859893798828124,0.0014980316162109375,0.00098419189453125,-0.00140380859375,0.00506591796875,0.8,0.0,False,below_rule,545:query_is_token:head:870:V,noise,20,0.0011859893798828124,0.000508880615234375,0.0019290924072265625,L17H1,query_is_token,head,L27H6,V,P1
-6.656646728515625e-05,0.0007627487182617187,-0.000213623046875,-0.00342559814453125,0.002899169921875,0.55,0.0,False,below_rule,545:query_is_token:head:973:K,noise,20,-6.656646728515625e-05,-0.0005947208404541016,0.0004558610916137691,L17H1,query_is_token,head,L30H13,K,P1
0.00039615631103515623,0.0008417129516601563,0.0004138946533203125,-0.001983642578125,0.001708984375,0.65,0.0,False,below_rule,545:query_is_token:head:973:V,noise,20,0.00039615631103515623,-2.9568672180175777e-05,0.0007860183715820313,L17H1,query_is_token,head,L30H13,V,P1
-0.0031427383422851563,0.0032052993774414062,-0.00250244140625,-0.00732421875,0.0005950927734375,0.9,0.0,False,below_rule,545:query_is_token:head:978:K,noise,20,-0.0031427383422851563,-0.004253039360046387,-0.002064681053161623,L17H1,query_is_token,head,L30H18,K,P1
0.004789543151855469,0.004789543151855469,0.0053558349609375,0.00054168701171875,0.0108642578125,1.0,0.0,False,below_rule,545:query_is_token:head:978:V,noise,20,0.004789543151855469,0.003742012977600098,0.005852141380310057,L17H1,query_is_token,head,L30H18,V,P1
-0.009718704223632812,0.029256057739257813,-0.019573211669921875,-0.07781982421875,0.0568695068359375,0.55,0.0,False,below_rule,545:query_is_token:mlp:17:,noise,20,-0.009718704223632812,-0.024437103271484375,0.005023269653320272,L17H1,query_is_token,mlp,17,,P1
0.0031280517578125,0.00995635986328125,-0.001678466796875,-0.009765625,0.040252685546875,0.5,0.0,False,below_rule,545:query_is_token:mlp:18:,noise,20,0.0031280517578125,-0.0021904373168945314,0.009199581146240228,L17H1,query_is_token,mlp,18,,P1
-0.040303802490234374,0.05317001342773438,-0.0292510986328125,-0.14727783203125,0.0501251220703125,0.8,0.2,False,below_rule,545:query_mother:head:594:K,noise,20,-0.040303802490234374,-0.06468344688415528,-0.016929368972778344,L17H1,query_mother,head,L18H18,K,P1
1.210488986968994,1.210488986968994,1.2040786743164062,0.45513916015625,2.1844100952148438,1.0,1.0,True,coherent,545:query_mother:head:594:V,noise,20,1.210488986968994,0.9988496899604797,1.4284006285667419,L17H1,query_mother,head,L18H18,V,P1
-0.018424034118652344,0.026828575134277343,-0.00563812255859375,-0.1044921875,0.04840087890625,0.7,0.05,False,below_rule,545:query_mother:head:595:K,noise,20,-0.018424034118652344,-0.034190373420715334,-0.0038312005996704182,L17H1,query_mother,head,L18H19,K,P1
0.7144511222839356,0.7144511222839356,0.5558967590332031,0.24040985107421875,1.7077865600585938,1.0,1.0,True,coherent,545:query_mother:head:595:V,noise,20,0.7144511222839356,0.5449210906028747,0.9003423953056335,L17H1,query_mother,head,L18H19,V,P1
-0.015105104446411133,0.038354921340942386,-0.0052337646484375,-0.175323486328125,0.0823974609375,0.6,0.05,False,below_rule,545:query_mother:head:600:K,noise,20,-0.015105104446411133,-0.04000604510307312,0.006847789287567136,L17H1,query_mother,head,L18H24,K,P1
-0.5480789184570313,0.5480789184570313,-0.54852294921875,-1.167327880859375,-0.287506103515625,1.0,1.0,True,coherent,545:query_mother:head:600:V,noise,20,-0.5480789184570313,-0.640654296875,-0.4674694013595582,L17H1,query_mother,head,L18H24,V,P1
-0.027822256088256836,0.030408620834350586,-0.01863861083984375,-0.12717723846435547,0.0148773193359375,0.85,0.05,False,below_rule,545:query_mother:head:624:K,noise,20,-0.027822256088256836,-0.042709219455719,-0.015066642761230492,L17H1,query_mother,head,L19H16,K,P1
-0.1732484817504883,0.1732484817504883,-0.122406005859375,-0.4700775146484375,-0.05926513671875,1.0,0.6,True,coherent,545:query_mother:head:624:V,noise,20,-0.1732484817504883,-0.2241155195236206,-0.1273348951339722,L17H1,query_mother,head,L19H16,V,P1
0.032357978820800784,0.061041831970214844,0.03912353515625,-0.18544387817382812,0.2027130126953125,0.8,0.2,False,below_rule,545:query_mother:head:630:K,noise,20,0.032357978820800784,-0.0022169494628906244,0.06611291885375976,L17H1,query_mother,head,L19H22,K,P1
0.00284423828125,0.02191925048828125,0.005157470703125,-0.07550048828125,0.0679473876953125,0.55,0.0,False,below_rule,545:query_mother:head:630:V,noise,20,0.00284423828125,-0.010668201446533203,0.015994453430175765,L17H1,query_mother,head,L19H22,V,P1
-0.06484699249267578,0.07993793487548828,-0.0369873046875,-0.39669036865234375,0.07354736328125,0.85,0.2,False,below_rule,545:query_mother:head:641:K,noise,20,-0.06484699249267578,-0.11799432754516602,-0.021206130981445342,L17H1,query_mother,head,L20H1,K,P1
-0.4563274383544922,0.4563274383544922,-0.372955322265625,-1.09014892578125,-0.0604248046875,1.0,0.9,True,coherent,545:query_mother:head:641:V,noise,20,-0.4563274383544922,-0.5966378498077393,-0.32208098411560077,L17H1,query_mother,head,L20H1,V,P1
0.0046329498291015625,0.010025405883789062,0.0052642822265625,-0.019195556640625,0.04388427734375,0.7,0.0,False,below_rule,545:query_mother:head:678:K,noise,20,0.0046329498291015625,-0.0007864475250244138,0.010717945098876937,L17H1,query_mother,head,L21H6,K,P1
-0.015594291687011718,0.015594291687011718,-0.012765884399414062,-0.05059814453125,-0.0009765625,1.0,0.0,False,below_rule,545:query_mother:head:678:V,noise,20,-0.015594291687011718,-0.021221508979797365,-0.010706424713134774,L17H1,query_mother,head,L21H6,V,P1
0.005530834197998047,0.010389232635498047,0.0028829574584960938,-0.0157470703125,0.04351806640625,0.6,0.0,False,below_rule,545:query_mother:head:690:K,noise,20,0.005530834197998047,-2.9079914093017497e-05,0.011729004383087155,L17H1,query_mother,head,L21H18,K,P1
-0.02733325958251953,0.02733325958251953,-0.02716827392578125,-0.0461578369140625,-0.00421142578125,1.0,0.0,False,below_rule,545:query_mother:head:690:V,noise,20,-0.02733325958251953,-0.032270255088806155,-0.022203049659729003,L17H1,query_mother,head,L21H18,V,P1
0.00019588470458984376,0.0016473770141601563,-0.0006561279296875,-0.002750396728515625,0.0048828125,0.4,0.0,False,below_rule,545:query_mother:head:695:K,noise,20,0.00019588470458984376,-0.0006534671783447266,0.001139068603515625,L17H1,query_mother,head,L21H23,K,P1
-0.03223476409912109,0.03223476409912109,-0.0285186767578125,-0.09748077392578125,-0.010986328125,1.0,0.0,False,below_rule,545:query_mother:head:695:V,noise,20,-0.03223476409912109,-0.041526083946228025,-0.024650187492370603,L17H1,query_mother,head,L21H23,V,P1
-0.02732982635498047,0.03336467742919922,-0.01849365234375,-0.12461090087890625,0.01953125,0.75,0.05,False,below_rule,545:query_mother:head:709:K,noise,20,-0.02732982635498047,-0.0436608362197876,-0.012836794853210452,L17H1,query_mother,head,L22H5,K,P1
0.8186240673065186,0.8186240673065186,0.7260093688964844,0.38134765625,1.7086524963378906,1.0,1.0,True,coherent,545:query_mother:head:709:V,noise,20,0.8186240673065186,0.6835200011730195,0.9770084297657012,L17H1,query_mother,head,L22H5,V,P1
-0.0022184371948242186,0.008926582336425782,-0.0015869140625,-0.026580810546875,0.01953125,0.6,0.0,False,below_rule,545:query_mother:head:751:K,noise,20,-0.0022184371948242186,-0.007204089164733887,0.0027694749832153317,L17H1,query_mother,head,L23H15,K,P1
-0.05372805595397949,0.05372805595397949,-0.054840087890625,-0.090087890625,-0.014404296875,1.0,0.0,False,below_rule,545:query_mother:head:751:V,noise,20,-0.05372805595397949,-0.0620472240447998,-0.04516589999198914,L17H1,query_mother,head,L23H15,V,P1
-0.009498977661132812,0.012422561645507812,-0.00585174560546875,-0.0467529296875,0.014404296875,0.75,0.0,False,below_rule,545:query_mother:head:787:K,noise,20,-0.009498977661132812,-0.015833301544189455,-0.0035865402221679724,L17H1,query_mother,head,L24H19,K,P1
0.06712379455566406,0.06712379455566406,0.05561065673828125,0.0231781005859375,0.201416015625,1.0,0.15,False,below_rule,545:query_mother:head:787:V,noise,20,0.06712379455566406,0.050987930297851564,0.0865703201293945,L17H1,query_mother,head,L24H19,V,P1
0.0001750946044921875,0.0015377044677734376,0.0003509521484375,-0.003173828125,0.003662109375,0.55,0.0,False,below_rule,545:query_mother:head:817:K,noise,20,0.0001750946044921875,-0.0006191444396972657,0.0009945011138916006,L17H1,query_mother,head,L25H17,K,P1
0.00013427734375,0.0010772705078125,0.0001220703125,-0.0025787353515625,0.00261688232421875,0.5,0.0,False,below_rule,545:query_mother:head:817:V,noise,20,0.00013427734375,-0.0004535770416259766,0.0007286167144775382,L17H1,query_mother,head,L25H17,V,P1
0.0001316070556640625,0.0025234222412109375,6.103515625e-05,-0.0084228515625,0.00927734375,0.5,0.0,False,below_rule,545:query_mother:head:855:K,noise,20,0.0001316070556640625,-0.0014419841766357422,0.0017765140533447256,L17H1,query_mother,head,L26H23,K,P1
-0.028203201293945313,0.028203201293945313,-0.01914215087890625,-0.102752685546875,-0.001861572265625,1.0,0.05,False,below_rule,545:query_mother:head:855:V,noise,20,-0.028203201293945313,-0.03962711334228516,-0.018507366180419926,L17H1,query_mother,head,L26H23,V,P1
0.05179786682128906,0.06515235900878906,0.0511474609375,-0.07110595703125,0.17138671875,0.75,0.15,False,below_rule,545:query_mother:head:870:K,noise,20,0.05179786682128906,0.02444758415222168,0.07947928905487057,L17H1,query_mother,head,L27H6,K,P1
0.33190217018127444,0.3822324275970459,0.37181854248046875,-0.24087905883789062,1.1468505859375,0.75,0.8,True,coherent,545:query_mother:head:870:V,noise,20,0.33190217018127444,0.18327214837074282,0.48562293767929066,L17H1,query_mother,head,L27H6,V,P1
-0.00028934478759765623,0.0009172439575195312,-0.000579833984375,-0.0020751953125,0.001708984375,0.6,0.0,False,below_rule,545:query_mother:head:973:K,noise,20,-0.00028934478759765623,-0.000722503662109375,0.00016193389892578126,L17H1,query_mother,head,L30H13,K,P1
0.0009748458862304688,0.0012006759643554688,0.00079345703125,-0.00067138671875,0.0037841796875,0.65,0.0,False,below_rule,545:query_mother:head:973:V,noise,20,0.0009748458862304688,0.000447845458984375,0.001546478271484375,L17H1,query_mother,head,L30H13,V,P1
-0.022803306579589844,0.022885704040527345,-0.020233154296875,-0.070556640625,0.000823974609375,0.95,0.0,False,below_rule,545:query_mother:head:978:K,noise,20,-0.022803306579589844,-0.0317930555343628,-0.01509396076202393,L17H1,query_mother,head,L30H18,K,P1
0.04680690765380859,0.04680690765380859,0.042449951171875,0.004150390625,0.115478515625,1.0,0.1,False,below_rule,545:query_mother:head:978:V,noise,20,0.04680690765380859,0.032972307205200196,0.061449637413024887,L17H1,query_mother,head,L30H18,V,P1
0.08091697692871094,0.14321861267089844,0.025346755981445312,-0.1443328857421875,0.5282363891601562,0.6,0.4,True,heterogeneous,545:query_mother:mlp:17:,noise,20,0.08091697692871094,0.004191737174987793,0.16742098331451402,L17H1,query_mother,mlp,17,,P1
7.572174072265626e-05,0.03799304962158203,-0.001373291015625,-0.0966949462890625,0.07305908203125,0.5,0.0,False,below_rule,545:query_mother:mlp:18:,noise,20,7.572174072265626e-05,-0.020034904479980468,0.019476027488708487,L17H1,query_mother,mlp,18,,P1
-0.02252788543701172,0.03909587860107422,-0.01782989501953125,-0.102264404296875,0.060516357421875,0.65,0.05,False,below_rule,545:query_period:head:594:K,noise,20,-0.02252788543701172,-0.04171700954437256,-0.003405041694641126,L17H1,query_period,head,L18H18,K,P1
1.204773187637329,1.204773187637329,1.0780792236328125,0.42340087890625,2.6599960327148438,1.0,1.0,True,coherent,545:query_period:head:594:V,noise,20,1.204773187637329,0.9939115238189696,1.4384503841400145,L17H1,query_period,head,L18H18,V,P1
-0.004507637023925782,0.007156562805175781,-0.00119781494140625,-0.045654296875,0.0071868896484375,0.6,0.0,False,below_rule,545:query_period:head:595:K,noise,20,-0.004507637023925782,-0.010254874229431152,-4.987239837647359e-05,L17H1,query_period,head,L18H19,K,P1
0.4122958183288574,0.4122958183288574,0.33111572265625,0.125030517578125,0.9569320678710938,1.0,1.0,True,coherent,545:query_period:head:595:V,noise,20,0.4122958183288574,0.32093697786331177,0.5146271252632141,L17H1,query_period,head,L18H19,V,P1
-0.00377349853515625,0.018048095703125,-0.00421142578125,-0.06524658203125,0.028656005859375,0.6,0.0,False,below_rule,545:query_period:head:600:K,noise,20,-0.00377349853515625,-0.01427766799926758,0.0058624267578125,L17H1,query_period,head,L18H24,K,P1
-0.2577315330505371,0.2577315330505371,-0.25018310546875,-0.45365333557128906,-0.132843017578125,1.0,1.0,True,coherent,545:query_period:head:600:V,noise,20,-0.2577315330505371,-0.2958939290046692,-0.22165738105773936,L17H1,query_period,head,L18H24,V,P1
-0.005549049377441407,0.005671119689941407,-0.0050048828125,-0.01300048828125,0.001220703125,0.95,0.0,False,below_rule,545:query_period:head:624:K,noise,20,-0.005549049377441407,-0.007187857627868653,-0.003960609436035156,L17H1,query_period,head,L19H16,K,P1
-0.01636028289794922,0.01636028289794922,-0.014074325561523438,-0.0425872802734375,-0.00518798828125,1.0,0.0,False,below_rule,545:query_period:head:624:V,noise,20,-0.01636028289794922,-0.020728340148925783,-0.012513537406921387,L17H1,query_period,head,L19H16,V,P1
-0.0026347160339355467,0.004593372344970703,-0.00310516357421875,-0.009735107421875,0.013681411743164062,0.8,0.0,False,below_rule,545:query_period:head:630:K,noise,20,-0.0026347160339355467,-0.004754936695098876,-0.0001732754707336432,L17H1,query_period,head,L19H22,K,P1
-0.00029125213623046873,0.0020959854125976564,0.0001888275146484375,-0.008575439453125,0.0048828125,0.45,0.0,False,below_rule,545:query_period:head:630:V,noise,20,-0.00029125213623046873,-0.0016064071655273438,0.000863285064697264,L17H1,query_period,head,L19H22,V,P1
-0.005739974975585938,0.006595993041992187,-0.005229949951171875,-0.0206146240234375,0.003662109375,0.85,0.0,False,below_rule,545:query_period:head:641:K,noise,20,-0.005739974975585938,-0.008353853225708007,-0.0031806850433349614,L17H1,query_period,head,L20H1,K,P1
-0.047711753845214845,0.047711753845214845,-0.04889678955078125,-0.10012054443359375,-0.0105743408203125,1.0,0.05,False,below_rule,545:query_period:head:641:V,noise,20,-0.047711753845214845,-0.05734158039093017,-0.03882270812988282,L17H1,query_period,head,L20H1,V,P1
7.36236572265625e-05,0.0025714874267578126,0.000301361083984375,-0.0079193115234375,0.00466156005859375,0.5,0.0,False,below_rule,545:query_period:head:678:K,noise,20,7.36236572265625e-05,-0.001260385513305664,0.0013835906982421875,L17H1,query_period,head,L21H6,K,P1
-0.0016460418701171875,0.0023067474365234377,-0.00140380859375,-0.00653076171875,0.002685546875,0.65,0.0,False,below_rule,545:query_period:head:678:V,noise,20,-0.0016460418701171875,-0.002730588912963867,-0.0005706596374511735,L17H1,query_period,head,L21H6,V,P1
3.566741943359375e-05,0.0021524429321289062,-3.814697265625e-05,-0.00445556640625,0.00315093994140625,0.5,0.0,False,below_rule,545:query_period:head:690:K,noise,20,3.566741943359375e-05,-0.0010271453857421875,0.0010841512680053698,L17H1,query_period,head,L21H18,K,P1
-0.0012969970703125,0.00166473388671875,-0.00107574462890625,-0.00592041015625,0.001617431640625,0.75,0.0,False,below_rule,545:query_period:head:690:V,noise,20,-0.0012969970703125,-0.0021514987945556643,-0.0005088710784912118,L17H1,query_period,head,L21H18,V,P1
-0.0006361007690429688,0.002099418640136719,-0.00028228759765625,-0.00653076171875,0.0053558349609375,0.6,0.0,False,below_rule,545:query_period:head:695:K,noise,20,-0.0006361007690429688,-0.001781473159790039,0.0005353975296020503,L17H1,query_period,head,L21H23,K,P1
-0.007072830200195312,0.007210159301757812,-0.0056915283203125,-0.02434539794921875,0.001373291015625,0.95,0.0,False,below_rule,545:query_period:head:695:V,noise,20,-0.007072830200195312,-0.009868316650390625,-0.004730205535888673,L17H1,query_period,head,L21H23,V,P1
-0.0005708694458007813,0.0010271072387695312,-0.00045013427734375,-0.00348663330078125,0.001708984375,0.8,0.0,False,below_rule,545:query_period:head:709:K,noise,20,-0.0005708694458007813,-0.0011226701736450197,-3.107070922851729e-05,L17H1,query_period,head,L22H5,K,P1
0.009976577758789063,0.009976577758789063,0.007965087890625,0.003662109375,0.0321807861328125,1.0,0.0,False,below_rule,545:query_period:head:709:V,noise,20,0.009976577758789063,0.007576732635498047,0.012981100082397456,L17H1,query_period,head,L22H5,V,P1
-0.0005157470703125,0.001543426513671875,-0.00040435791015625,-0.00543212890625,0.0025634765625,0.65,0.0,False,below_rule,545:query_period:head:751:K,noise,20,-0.0005157470703125,-0.00136566162109375,0.0002956390380859375,L17H1,query_period,head,L23H15,K,P1
0.0004938125610351562,0.0014539718627929687,0.0006866455078125,-0.002277374267578125,0.0040740966796875,0.6,0.0,False,below_rule,545:query_period:head:751:V,noise,20,0.0004938125610351562,-0.00021688461303710936,0.0012222576141357397,L17H1,query_period,head,L23H15,V,P1
-0.0001766204833984375,0.0014308929443359376,-0.000152587890625,-0.0039520263671875,0.003662109375,0.55,0.0,False,below_rule,545:query_period:head:787:K,noise,20,-0.0001766204833984375,-0.000942239761352539,0.0005981540679931632,L17H1,query_period,head,L24H19,K,P1
0.0017232894897460938,0.0021177291870117187,0.001708984375,-0.00232696533203125,0.00534820556640625,0.8,0.0,False,below_rule,545:query_period:head:787:V,noise,20,0.0017232894897460938,0.0009099864959716797,0.002530670166015625,L17H1,query_period,head,L24H19,V,P1
0.00020198822021484376,0.0015584945678710938,0.0001678466796875,-0.0037689208984375,0.00360107421875,0.5,0.0,False,below_rule,545:query_period:head:817:K,noise,20,0.00020198822021484376,-0.00058135986328125,0.0010032796859741199,L17H1,query_period,head,L25H17,K,P1
-0.00034637451171875,0.00137939453125,-0.0004119873046875,-0.0032501220703125,0.00299072265625,0.6,0.0,False,below_rule,545:query_period:head:817:V,noise,20,-0.00034637451171875,-0.0010547637939453125,0.0003841400146484375,L17H1,query_period,head,L25H17,V,P1
0.0006496429443359375,0.0010456085205078126,0.000457763671875,-0.002349853515625,0.00286865234375,0.6,0.0,False,below_rule,545:query_period:head:855:K,noise,20,0.0006496429443359375,8.887290954589845e-05,0.001214599609375,L17H1,query_period,head,L26H23,K,P1
0.0002796173095703125,0.0011539459228515625,0.000141143798828125,-0.001800537109375,0.0028533935546875,0.55,0.0,False,below_rule,545:query_period:head:855:V,noise,20,0.0002796173095703125,-0.0002826690673828125,0.000872802734375,L17H1,query_period,head,L26H23,V,P1
-0.0004665374755859375,0.0010829925537109374,-0.000308990478515625,-0.0028076171875,0.001953125,0.6,0.0,False,below_rule,545:query_period:head:870:K,noise,20,-0.0004665374755859375,-0.0010120487213134766,8.0108642578125e-05,L17H1,query_period,head,L27H6,K,P1
0.000337982177734375,0.00132598876953125,0.0002593994140625,-0.001708984375,0.00299072265625,0.5,0.0,False,below_rule,545:query_period:head:870:V,noise,20,0.000337982177734375,-0.0003078460693359375,0.001001739501953125,L17H1,query_period,head,L27H6,V,P1
2.422332763671875e-05,0.0010683059692382813,9.1552734375e-05,-0.0032806396484375,0.00311279296875,0.5,0.0,False,below_rule,545:query_period:head:973:K,noise,20,2.422332763671875e-05,-0.0006290483474731445,0.0006717729568481441,L17H1,query_period,head,L30H13,K,P1
0.0009860992431640625,0.0014034271240234374,0.000701904296875,-0.00128173828125,0.00341796875,0.7,0.0,False,below_rule,545:query_period:head:973:V,noise,20,0.0009860992431640625,0.000370025634765625,0.0016124820709228506,L17H1,query_period,head,L30H13,V,P1
-0.0010120391845703125,0.0014217376708984375,-0.0009765625,-0.00370025634765625,0.00177001953125,0.65,0.0,False,below_rule,545:query_period:head:978:K,noise,20,-0.0010120391845703125,-0.0016613101959228516,-0.00038565635681152424,L17H1,query_period,head,L30H18,K,P1
0.0016223907470703125,0.0018146514892578125,0.001506805419921875,-0.0007171630859375,0.00494384765625,0.85,0.0,False,below_rule,545:query_period:head:978:V,noise,20,0.0016223907470703125,0.0009830379486083984,0.0023010349273681636,L17H1,query_period,head,L30H18,V,P1
-0.061255455017089844,0.061255455017089844,-0.05866241455078125,-0.1236572265625,-0.012298583984375,1.0,0.15,False,below_rule,545:query_period:mlp:17:,noise,20,-0.061255455017089844,-0.07477545738220215,-0.04815286636352543,L17H1,query_period,mlp,17,,P1
0.007973480224609374,0.00933074951171875,0.008159637451171875,-0.01030731201171875,0.0230865478515625,0.9,0.0,False,below_rule,545:query_period:mlp:18:,noise,20,0.007973480224609374,0.004728298187255859,0.011114177703857416,L17H1,query_period,mlp,18,,P1
-0.0071746826171875,0.0089111328125,-0.005161285400390625,-0.02490234375,0.01447296142578125,0.8,0.0,False,below_rule,547:colon:bypass:31:,noise,20,-0.0071746826171875,-0.011348342895507813,-0.0031180763244628954,L17H3,colon,bypass,31,,P3
-0.00017757415771484374,0.001964378356933594,-3.814697265625e-05,-0.005001068115234375,0.00347900390625,0.5,0.0,False,below_rule,547:colon:head:594:KV,noise,20,-0.00017757415771484374,-0.0011938381195068359,0.0008226537704467762,L17H3,colon,head,L18H18,KV,P3
-0.1694700002670288,0.1694700002670288,-0.1708984375,-0.3403205871582031,-0.043212890625,1.0,0.75,True,coherent,547:colon:head:594:Q,noise,20,-0.1694700002670288,-0.20424173891544342,-0.13589122712612153,L17H3,colon,head,L18H18,Q,P3
7.2479248046875e-06,0.0024845123291015623,-0.0010986328125,-0.00524139404296875,0.0056610107421875,0.45,0.0,False,below_rule,547:colon:head:595:KV,noise,20,7.2479248046875e-06,-0.001219949722290039,0.0012981414794921875,L17H3,colon,head,L18H19,KV,P3
-0.10722370147705078,0.10722370147705078,-0.10229301452636719,-0.2122802734375,-0.0108184814453125,1.0,0.55,True,coherent,547:colon:head:595:Q,noise,20,-0.10722370147705078,-0.13338330268859863,-0.08159048557281498,L17H3,colon,head,L18H19,Q,P3
0.001207733154296875,0.00218963623046875,0.00103759765625,-0.00445556640625,0.0068359375,0.8,0.0,False,below_rule,547:colon:head:600:KV,noise,20,0.001207733154296875,7.51495361328125e-05,0.0023437595367431633,L17H3,colon,head,L18H24,KV,P3
0.04580535888671875,0.047930908203125,0.0366058349609375,-0.0212554931640625,0.11602783203125,0.95,0.05,False,below_rule,547:colon:head:600:Q,noise,20,0.04580535888671875,0.03164595603942871,0.06038670539855955,L17H3,colon,head,L18H24,Q,P3
0.0003688812255859375,0.0019626617431640625,0.0001220703125,-0.00293731689453125,0.004364013671875,0.5,0.0,False,below_rule,547:colon:head:624:KV,noise,20,0.0003688812255859375,-0.000598917007446289,0.001378641128540038,L17H3,colon,head,L19H16,KV,P3
0.022300338745117186,0.022300338745117186,0.02276611328125,0.004547119140625,0.0520477294921875,1.0,0.0,False,below_rule,547:colon:head:624:Q,noise,20,0.022300338745117186,0.017086715698242185,0.027783613204956054,L17H3,colon,head,L19H16,Q,P3
0.0004474639892578125,0.0013622283935546876,0.00020599365234375,-0.0023956298828125,0.0047454833984375,0.55,0.0,False,below_rule,547:colon:head:630:KV,noise,20,0.0004474639892578125,-0.0002605438232421875,0.0012214756011962881,L17H3,colon,head,L19H22,KV,P3
-0.003791618347167969,0.004885673522949219,-0.0022182464599609375,-0.0125732421875,0.00390625,0.7,0.0,False,below_rule,547:colon:head:630:Q,noise,20,-0.003791618347167969,-0.005987567901611328,-0.0016314888000488331,L17H3,colon,head,L19H22,Q,P3
0.0009649276733398437,0.002103233337402344,0.00130462646484375,-0.005218505859375,0.0052490234375,0.6,0.0,False,below_rule,547:colon:head:641:KV,noise,20,0.0009649276733398437,-0.00011979579925537108,0.0019809722900390623,L17H3,colon,head,L20H1,KV,P3
0.0170501708984375,0.022983551025390625,0.0144500732421875,-0.03833770751953125,0.07817840576171875,0.9,0.0,False,below_rule,547:colon:head:641:Q,noise,20,0.0170501708984375,0.00646005630493164,0.02783174514770507,L17H3,colon,head,L20H1,Q,P3
-0.0001338958740234375,0.0012981414794921875,-2.288818359375e-05,-0.0032806396484375,0.00311279296875,0.5,0.0,False,below_rule,547:colon:head:678:KV,noise,20,-0.0001338958740234375,-0.000844573974609375,0.0005989170074462882,L17H3,colon,head,L21H6,KV,P3
-0.008996963500976562,0.010850906372070312,-0.008785247802734375,-0.05523681640625,0.009674072265625,0.75,0.0,False,below_rule,547:colon:head:678:Q,noise,20,-0.008996963500976562,-0.01537252426147461,-0.003924942016601563,L17H3,colon,head,L21H6,Q,P3
0.0006572723388671875,0.0014331817626953125,6.103515625e-05,-0.00177001953125,0.0034027099609375,0.5,0.0,False,below_rule,547:colon:head:690:KV,noise,20,0.0006572723388671875,-6.561279296875e-05,0.0014122104644775381,L17H3,colon,head,L21H18,KV,P3
-0.011574745178222656,0.016118812561035156,-0.01476287841796875,-0.047092437744140625,0.02392578125,0.85,0.0,False,below_rule,547:colon:head:690:Q,noise,20,-0.011574745178222656,-0.018105397224426268,-0.004919795989990236,L17H3,colon,head,L21H18,Q,P3
-0.021717071533203125,0.021717071533203125,-0.0174102783203125,-0.04743194580078125,-0.0010986328125,1.0,0.0,False,below_rule,547:colon:head:695:KV,noise,20,-0.021717071533203125,-0.027845792770385742,-0.015874013900756843,L17H3,colon,head,L21H23,KV,P3
-0.005888748168945313,0.009848403930664062,-0.00510406494140625,-0.03094482421875,0.01483154296875,0.7,0.0,False,below_rule,547:colon:head:695:Q,noise,20,-0.005888748168945313,-0.011258716583251954,-0.0008448791503906317,L17H3,colon,head,L21H23,Q,P3
-0.00042972564697265627,0.0013933181762695312,-0.0001983642578125,-0.0038299560546875,0.0020751953125,0.6,0.0,False,below_rule,547:colon:head:709:KV,noise,20,-0.00042972564697265627,-0.0011596727371215821,0.00029048919677734377,L17H3,colon,head,L22H5,KV,P3
-0.044583892822265624,0.044583892822265624,-0.03973388671875,-0.109130859375,-0.009735107421875,1.0,0.05,False,below_rule,547:colon:head:709:Q,noise,20,-0.044583892822265624,-0.056341433525085444,-0.03346689224243164,L17H3,colon,head,L22H5,Q,P3
-6.21795654296875e-05,0.0012325286865234376,-0.000396728515625,-0.00250244140625,0.003448486328125,0.6,0.0,False,below_rule,547:colon:head:751:KV,noise,20,-6.21795654296875e-05,-0.0006977176666259766,0.000641269683837889,L17H3,colon,head,L23H15,KV,P3
0.004126167297363282,0.004787254333496094,0.003173828125,-0.005756378173828125,0.011871337890625,0.85,0.0,False,below_rule,547:colon:head:751:Q,noise,20,0.004126167297363282,0.002108173370361328,0.006127557754516601,L17H3,colon,head,L23H15,Q,P3
2.0599365234375e-05,0.001552581787109375,0.000244140625,-0.0033721923828125,0.00390625,0.55,0.0,False,below_rule,547:colon:head:787:KV,noise,20,2.0599365234375e-05,-0.0007538032531738281,0.000824737548828125,L17H3,colon,head,L24H19,KV,P3
-0.012743759155273437,0.012743759155273437,-0.01209259033203125,-0.03063201904296875,-0.0014190673828125,1.0,0.0,False,below_rule,547:colon:head:787:Q,noise,20,-0.012743759155273437,-0.01634368896484375,-0.0093662166595459,L17H3,colon,head,L24H19,Q,P3
-0.002173900604248047,0.003189373016357422,-0.001495361328125,-0.0113983154296875,0.00444793701171875,0.7,0.0,False,below_rule,547:colon:head:817:KV,noise,20,-0.002173900604248047,-0.0037987232208251953,-0.0006465911865234375,L17H3,colon,head,L25H17,KV,P3
0.002136039733886719,0.002999687194824219,0.00205230712890625,-0.0058441162109375,0.0078277587890625,0.75,0.0,False,below_rule,547:colon:head:817:Q,noise,20,0.002136039733886719,0.0007846641540527343,0.0034763336181640623,L17H3,colon,head,L25H17,Q,P3
-0.000222015380859375,0.0009185791015625,-0.00040435791015625,-0.00177001953125,0.003448486328125,0.7,0.0,False,below_rule,547:colon:head:855:KV,noise,20,-0.000222015380859375,-0.000698089599609375,0.0003437137603759757,L17H3,colon,head,L26H23,KV,P3
0.0011743545532226563,0.0019247055053710938,0.00139617919921875,-0.0027313232421875,0.004180908203125,0.7,0.0,False,below_rule,547:colon:head:855:Q,noise,20,0.0011743545532226563,0.00032518386840820314,0.002031707763671875,L17H3,colon,head,L26H23,Q,P3
-0.0004405975341796875,0.0013889312744140626,0.000308990478515625,-0.00494384765625,0.0018310546875,0.4,0.0,False,below_rule,547:colon:head:870:KV,noise,20,-0.0004405975341796875,-0.0012764072418212891,0.0003154754638671875,L17H3,colon,head,L27H6,KV,P3
-0.023179244995117188,0.024171829223632812,-0.022832870483398438,-0.060546875,0.00677490234375,0.8,0.0,False,below_rule,547:colon:head:870:Q,noise,20,-0.023179244995117188,-0.03202870845794678,-0.014578742980957038,L17H3,colon,head,L27H6,Q,P3
-0.0016477584838867187,0.0022497177124023438,-0.0014495849609375,-0.00640869140625,0.00189208984375,0.7,0.0,False,below_rule,547:colon:head:973:KV,noise,20,-0.0016477584838867187,-0.002653532028198242,-0.0006944513320922864,L17H3,colon,head,L30H13,KV,P3
-0.0017368316650390625,0.0030620574951171877,-0.00102996826171875,-0.00848388671875,0.003082275390625,0.55,0.0,False,below_rule,547:colon:head:973:Q,noise,20,-0.0017368316650390625,-0.00322723388671875,-0.00030936241149902424,L17H3,colon,head,L30H13,Q,P3
9.57489013671875e-05,0.0007991790771484375,-9.1552734375e-05,-0.0020599365234375,0.00360107421875,0.45,0.0,False,below_rule,547:colon:head:978:KV,noise,20,9.57489013671875e-05,-0.00037690162658691404,0.0006275272369384757,L17H3,colon,head,L30H18,KV,P3
-0.017594623565673827,0.01793642044067383,-0.01251220703125,-0.0403900146484375,0.00177001953125,0.85,0.0,False,below_rule,547:colon:head:978:Q,noise,20,-0.017594623565673827,-0.023741378784179687,-0.011569938659667971,L17H3,colon,head,L30H18,Q,P3
0.022673511505126955,0.028407764434814454,0.022129058837890625,-0.02264404296875,0.103515625,0.65,0.05,False,below_rule,547:colon:mlp:17:,noise,20,0.022673511505126955,0.009991471767425536,0.03633405447006225,L17H3,colon,mlp,17,,P3
-0.023752975463867187,0.028577804565429688,-0.0219573974609375,-0.06591796875,0.026580810546875,0.75,0.0,False,below_rule,547:colon:mlp:18:,noise,20,-0.023752975463867187,-0.03603831291198731,-0.011421585083007812,L17H3,colon,mlp,18,,P3
-0.03079500198364258,0.040265369415283206,-0.01889801025390625,-0.12143707275390625,0.045013427734375,0.8,0.1,False,below_rule,547:earlier_remaining:head:594:K,noise,20,-0.03079500198364258,-0.0500641131401062,-0.012531437873840336,L17H3,earlier_remaining,head,L18H18,K,P4
-0.005176353454589844,0.005324363708496094,-0.0037994384765625,-0.024993896484375,0.00067138671875,0.85,0.0,False,below_rule,547:earlier_remaining:head:594:V,noise,20,-0.005176353454589844,-0.007909030914306642,-0.0030306768417358485,L17H3,earlier_remaining,head,L18H18,V,P4
-0.0147186279296875,0.0217681884765625,-0.01267242431640625,-0.06207275390625,0.051483154296875,0.75,0.0,False,below_rule,547:earlier_remaining:head:595:K,noise,20,-0.0147186279296875,-0.025210304260253908,-0.003493413925170906,L17H3,earlier_remaining,head,L18H19,K,P4
-0.020500755310058592,0.021172142028808592,-0.02166748046875,-0.062744140625,0.00341796875,0.85,0.0,False,below_rule,547:earlier_remaining:head:595:V,noise,20,-0.020500755310058592,-0.028349132537841798,-0.013153629302978517,L17H3,earlier_remaining,head,L18H19,V,P4
0.0018606185913085938,0.015938377380371092,0.00133514404296875,-0.0577392578125,0.0338134765625,0.55,0.0,False,below_rule,547:earlier_remaining:head:600:K,noise,20,0.0018606185913085938,-0.00789377212524414,0.01077519416809082,L17H3,earlier_remaining,head,L18H24,K,P4
0.009003639221191406,0.011251258850097656,0.007938385009765625,-0.0123291015625,0.040283203125,0.8,0.0,False,below_rule,547:earlier_remaining:head:600:V,noise,20,0.009003639221191406,0.00438971996307373,0.01402639865875243,L17H3,earlier_remaining,head,L18H24,V,P4
0.0025438308715820313,0.005682563781738282,0.0039081573486328125,-0.0079803466796875,0.0106658935546875,0.7,0.0,False,below_rule,547:earlier_remaining:head:624:K,noise,20,0.0025438308715820313,-8.08906555175781e-05,0.0050317859649658195,L17H3,earlier_remaining,head,L19H16,K,P4
0.0044422149658203125,0.004582595825195312,0.0037689208984375,-0.00140380859375,0.0102691650390625,0.95,0.0,False,below_rule,547:earlier_remaining:head:624:V,noise,20,0.0044422149658203125,0.0031661891937255857,0.005764017105102538,L17H3,earlier_remaining,head,L19H16,V,P4
-0.0007456779479980469,0.0042553901672363285,-0.00090789794921875,-0.011810302734375,0.00872802734375,0.55,0.0,False,below_rule,547:earlier_remaining:head:630:K,noise,20,-0.0007456779479980469,-0.002975482940673828,0.0014407587051391564,L17H3,earlier_remaining,head,L19H22,K,P4
1.56402587890625e-05,0.0016635894775390626,0.0001983642578125,-0.005523681640625,0.0030059814453125,0.5,0.0,False,below_rule,547:earlier_remaining:head:630:V,noise,20,1.56402587890625e-05,-0.0009113407135009766,0.0008754730224609375,L17H3,earlier_remaining,head,L19H22,V,P4
0.0016500473022460938,0.009213829040527343,0.0021610260009765625,-0.0214691162109375,0.03681182861328125,0.6,0.0,False,below_rule,547:earlier_remaining:head:641:K,noise,20,0.0016500473022460938,-0.003580136299133301,0.007247962951660153,L17H3,earlier_remaining,head,L20H1,K,P4
0.00783843994140625,0.00861358642578125,0.0077362060546875,-0.0030517578125,0.021484375,0.85,0.0,False,below_rule,547:earlier_remaining:head:641:V,noise,20,0.00783843994140625,0.005184898376464844,0.010518693923950191,L17H3,earlier_remaining,head,L20H1,V,P4
1.02996826171875e-05,0.006843948364257812,-0.002033233642578125,-0.01171875,0.037841796875,0.4,0.0,False,below_rule,547:earlier_remaining:head:678:K,noise,20,1.02996826171875e-05,-0.003974628448486329,0.005102567672729489,L17H3,earlier_remaining,head,L21H6,K,P4
0.00047454833984375,0.002010345458984375,0.00030517578125,-0.0041961669921875,0.00567626953125,0.6,0.0,False,below_rule,547:earlier_remaining:head:678:V,noise,20,0.00047454833984375,-0.0005832672119140625,0.00156402587890625,L17H3,earlier_remaining,head,L21H6,V,P4
-0.000859832763671875,0.014921188354492188,-0.001300811767578125,-0.044921875,0.030914306640625,0.5,0.0,False,below_rule,547:earlier_remaining:head:690:K,noise,20,-0.000859832763671875,-0.009125146865844726,0.007014288902282713,L17H3,earlier_remaining,head,L21H18,K,P4
0.00052337646484375,0.00259857177734375,0.0012359619140625,-0.00506591796875,0.0046844482421875,0.7,0.0,False,below_rule,547:earlier_remaining:head:690:V,noise,20,0.00052337646484375,-0.000786600112915039,0.0017750072479248023,L17H3,earlier_remaining,head,L21H18,V,P4
0.000830841064453125,0.002394866943359375,0.001125335693359375,-0.003814697265625,0.0060882568359375,0.65,0.0,False,below_rule,547:earlier_remaining:head:695:K,noise,20,0.000830841064453125,-0.0003532600402832031,0.0020191383361816387,L17H3,earlier_remaining,head,L21H23,K,P4
-0.007454299926757812,0.008385848999023438,-0.005859375,-0.024200439453125,0.009033203125,0.9,0.0,False,below_rule,547:earlier_remaining:head:695:V,noise,20,-0.007454299926757812,-0.010789508819580079,-0.004161815643310548,L17H3,earlier_remaining,head,L21H23,V,P4
-0.006200218200683593,0.010170936584472656,-0.00531005859375,-0.0298919677734375,0.0174407958984375,0.6,0.0,False,below_rule,547:earlier_remaining:head:709:K,noise,20,-0.006200218200683593,-0.01146165370941162,-0.001065883636474621,L17H3,earlier_remaining,head,L22H5,K,P4
-0.0033138275146484377,0.0036983489990234375,-0.0023651123046875,-0.0101318359375,0.00189208984375,0.8,0.0,False,below_rule,547:earlier_remaining:head:709:V,noise,20,-0.0033138275146484377,-0.004769535064697266,-0.001898183822631837,L17H3,earlier_remaining,head,L22H5,V,P4
-5.588531494140625e-05,0.005207252502441406,-0.000244140625,-0.013641357421875,0.01251220703125,0.5,0.0,False,below_rule,547:earlier_remaining:head:751:K,noise,20,-5.588531494140625e-05,-0.002839512825012207,0.002855315208435057,L17H3,earlier_remaining,head,L23H15,K,P4
0.008900642395019531,0.009662055969238281,0.0093536376953125,-0.0056610107421875,0.018829345703125,0.9,0.0,False,below_rule,547:earlier_remaining:head:751:V,noise,20,0.008900642395019531,0.005932040214538574,0.011721243858337402,L17H3,earlier_remaining,head,L23H15,V,P4
-0.0010213851928710938,0.0036283493041992187,-0.0011348724365234375,-0.01190948486328125,0.00567626953125,0.6,0.0,False,below_rule,547:earlier_remaining:head:787:K,noise,20,-0.0010213851928710938,-0.00292170524597168,0.000830464363098144,L17H3,earlier_remaining,head,L24H19,K,P4
0.0004329681396484375,0.0018451690673828125,0.001068115234375,-0.0040283203125,0.0030670166015625,0.55,0.0,False,below_rule,547:earlier_remaining:head:787:V,noise,20,0.0004329681396484375,-0.0004734230041503906,0.0013149452209472638,L17H3,earlier_remaining,head,L24H19,V,P4
-0.0003047943115234375,0.0012554168701171876,0.0,-0.0041351318359375,0.00299072265625,0.45,0.0,False,below_rule,547:earlier_remaining:head:817:K,noise,20,-0.0003047943115234375,-0.001036834716796875,0.000395603179931639,L17H3,earlier_remaining,head,L25H17,K,P4
-0.00035953521728515625,0.0012693405151367188,-6.866455078125e-05,-0.003692626953125,0.001953125,0.5,0.0,False,below_rule,547:earlier_remaining:head:817:V,noise,20,-0.00035953521728515625,-0.0010547685623168946,0.00032749176025390623,L17H3,earlier_remaining,head,L25H17,V,P4
-0.000208282470703125,0.0016448974609375,-0.000186920166015625,-0.00531005859375,0.003692626953125,0.55,0.0,False,below_rule,547:earlier_remaining:head:855:K,noise,20,-0.000208282470703125,-0.001170358657836914,0.0007026767730712881,L17H3,earlier_remaining,head,L26H23,K,P4
0.000995635986328125,0.0020263671875,0.001068115234375,-0.0046844482421875,0.006011962890625,0.65,0.0,False,below_rule,547:earlier_remaining:head:855:V,noise,20,0.000995635986328125,-4.884719848632811e-05,0.0020385837554931633,L17H3,earlier_remaining,head,L26H23,V,P4
-0.00225982666015625,0.01486358642578125,-0.0043182373046875,-0.0282745361328125,0.0787506103515625,0.75,0.0,False,below_rule,547:earlier_remaining:head:870:K,noise,20,-0.00225982666015625,-0.010736160278320313,0.008525581359863272,L17H3,earlier_remaining,head,L27H6,K,P4
0.001531982421875,0.00263519287109375,0.00142669677734375,-0.0030517578125,0.0126800537109375,0.6,0.0,False,below_rule,547:earlier_remaining:head:870:V,noise,20,0.001531982421875,0.000193023681640625,0.003119678497314451,L17H3,earlier_remaining,head,L27H6,V,P4
-0.0003963470458984375,0.0013523101806640625,0.000152587890625,-0.0047149658203125,0.00213623046875,0.4,0.0,False,below_rule,547:earlier_remaining:head:973:K,noise,20,-0.0003963470458984375,-0.001212310791015625,0.000348663330078125,L17H3,earlier_remaining,head,L30H13,K,P4
-0.0005542755126953125,0.0013233184814453124,-0.00023651123046875,-0.0052032470703125,0.002655029296875,0.6,0.0,False,below_rule,547:earlier_remaining:head:973:V,noise,20,-0.0005542755126953125,-0.0014072513580322265,0.0002288818359375,L17H3,earlier_remaining,head,L30H13,V,P4
-0.0006002426147460937,0.0019727706909179687,-0.0005035400390625,-0.004791259765625,0.004913330078125,0.6,0.0,False,below_rule,547:earlier_remaining:head:978:K,noise,20,-0.0006002426147460937,-0.0016641712188720703,0.000473785400390625,L17H3,earlier_remaining,head,L30H18,K,P4
-0.00025482177734375,0.00128326416015625,-0.00048828125,-0.002593994140625,0.00335693359375,0.6,0.0,False,below_rule,547:earlier_remaining:head:978:V,noise,20,-0.00025482177734375,-0.0008926582336425781,0.0004135322570800765,L17H3,earlier_remaining,head,L30H18,V,P4
-0.0007823944091796875,0.015205764770507812,0.004291534423828125,-0.04974365234375,0.0274505615234375,0.35,0.0,False,below_rule,547:earlier_remaining:mlp:17:,noise,20,-0.0007823944091796875,-0.009715662002563477,0.007277145385742167,L17H3,earlier_remaining,mlp,17,,P4
0.0025606155395507812,0.003624153137207031,0.002410888671875,-0.004638671875,0.00732421875,0.8,0.0,False,below_rule,547:earlier_remaining:mlp:18:,noise,20,0.0025606155395507812,0.0010797071456909182,0.003962712287902831,L17H3,earlier_remaining,mlp,18,,P4
-0.004874038696289063,0.007857131958007812,-0.00469970703125,-0.01861572265625,0.0113677978515625,0.65,0.0,False,below_rule,547:nonquery_mother:head:594:K,noise,20,-0.004874038696289063,-0.008522415161132812,-0.00122222900390625,L17H3,nonquery_mother,head,L18H18,K,P4
-8.23974609375e-05,0.002069854736328125,-0.000274658203125,-0.0055084228515625,0.007080078125,0.6,0.0,False,below_rule,547:nonquery_mother:head:594:V,noise,20,-8.23974609375e-05,-0.001244354248046875,0.0011512851715087882,L17H3,nonquery_mother,head,L18H18,V,P4
-0.002695465087890625,0.004923248291015625,-0.0029449462890625,-0.0145263671875,0.010528564453125,0.65,0.0,False,below_rule,547:nonquery_mother:head:595:K,noise,20,-0.002695465087890625,-0.005164356231689453,-0.00024027824401855885,L17H3,nonquery_mother,head,L18H19,K,P4
-0.0007555007934570313,0.002131080627441406,-0.00089263916015625,-0.005584716796875,0.0048828125,0.7,0.0,False,below_rule,547:nonquery_mother:head:595:V,noise,20,-0.0007555007934570313,-0.0018816232681274415,0.00041561603546142535,L17H3,nonquery_mother,head,L18H19,V,P4
0.006315803527832032,0.013179206848144531,0.0076446533203125,-0.0423583984375,0.03594970703125,0.7,0.0,False,below_rule,547:nonquery_mother:head:600:K,noise,20,0.006315803527832032,-0.0010159587860107421,0.012914681434631346,L17H3,nonquery_mother,head,L18H24,K,P4
-0.002606964111328125,0.00402069091796875,-0.0023345947265625,-0.01171875,0.006591796875,0.75,0.0,False,below_rule,547:nonquery_mother:head:600:V,noise,20,-0.002606964111328125,-0.004461708068847656,-0.0007232666015625,L17H3,nonquery_mother,head,L18H24,V,P4
0.0005800247192382813,0.0034620285034179686,0.001617431640625,-0.008514404296875,0.0064697265625,0.6,0.0,False,below_rule,547:nonquery_mother:head:624:K,noise,20,0.0005800247192382813,-0.0012941408157348634,0.002332696914672851,L17H3,nonquery_mother,head,L19H16,K,P4
8.220672607421875e-05,0.0015611648559570312,0.000152587890625,-0.004024505615234375,0.0041046142578125,0.55,0.0,False,below_rule,547:nonquery_mother:head:624:V,noise,20,8.220672607421875e-05,-0.000782785415649414,0.0009424257278442379,L17H3,nonquery_mother,head,L19H16,V,P4
-0.0014795303344726563,0.002803993225097656,-0.00106048583984375,-0.01186370849609375,0.005950927734375,0.6,0.0,False,below_rule,547:nonquery_mother:head:630:K,noise,20,-0.0014795303344726563,-0.003119659423828125,3.760814666747755e-05,L17H3,nonquery_mother,head,L19H22,K,P4
0.0009174346923828125,0.0014400482177734375,0.000579833984375,-0.00177001953125,0.004547119140625,0.65,0.0,False,below_rule,547:nonquery_mother:head:630:V,noise,20,0.0009174346923828125,0.000203704833984375,0.001677703857421875,L17H3,nonquery_mother,head,L19H22,V,P4
0.0,0.004389190673828125,0.0005035400390625,-0.022735595703125,0.013671875,0.0,0.0,False,below_rule,547:nonquery_mother:head:641:K,noise,20,0.0,-0.0032055187225341797,0.002732124328613278,L17H3,nonquery_mother,head,L20H1,K,P4
-9.8419189453125e-05,0.0014312744140625,3.0517578125e-05,-0.004730224609375,0.00384521484375,0.45,0.0,False,below_rule,547:nonquery_mother:head:641:V,noise,20,-9.8419189453125e-05,-0.0009243202209472657,0.0007335662841796875,L17H3,nonquery_mother,head,L20H1,V,P4
-0.0014148712158203124,0.004195022583007813,-0.0008697509765625,-0.015106201171875,0.01068115234375,0.6,0.0,False,below_rule,547:nonquery_mother:head:678:K,noise,20,-0.0014148712158203124,-0.0038624095916748044,0.000880470275878903,L17H3,nonquery_mother,head,L21H6,K,P4
-0.00035152435302734377,0.0015462875366210938,-0.000579833984375,-0.003887176513671875,0.004791259765625,0.65,0.0,False,below_rule,547:nonquery_mother:head:678:V,noise,20,-0.00035152435302734377,-0.0011669206619262695,0.000533294677734375,L17H3,nonquery_mother,head,L21H6,V,P4
-0.0014635086059570312,0.008835029602050782,-0.00445556640625,-0.01837158203125,0.0311737060546875,0.75,0.0,False,below_rule,547:nonquery_mother:head:690:K,noise,20,-0.0014635086059570312,-0.006251583099365235,0.004119300842285156,L17H3,nonquery_mother,head,L21H18,K,P4
-0.0005239486694335937,0.0017171859741210937,-0.00030517578125,-0.0033111572265625,0.0035247802734375,0.6,0.0,False,below_rule,547:nonquery_mother:head:690:V,noise,20,-0.0005239486694335937,-0.00139312744140625,0.000348663330078125,L17H3,nonquery_mother,head,L21H18,V,P4
0.00013828277587890625,0.0021314620971679688,0.00023651123046875,-0.004383087158203125,0.0051422119140625,0.55,0.0,False,below_rule,547:nonquery_mother:head:695:K,noise,20,0.00013828277587890625,-0.00101318359375,0.0013484954833984375,L17H3,nonquery_mother,head,L21H23,K,P4
0.0019182205200195313,0.0022157669067382813,0.001708984375,-0.001953125,0.00872802734375,0.9,0.0,False,below_rule,547:nonquery_mother:head:695:V,noise,20,0.0019182205200195313,0.001104726791381836,0.0028740024566650383,L17H3,nonquery_mother,head,L21H23,V,P4
-0.005405044555664063,0.008740615844726563,-0.00347137451171875,-0.0235595703125,0.0137939453125,0.7,0.0,False,below_rule,547:nonquery_mother:head:709:K,noise,20,-0.005405044555664063,-0.009616518020629882,-0.0012458515167236353,L17H3,nonquery_mother,head,L22H5,K,P4
0.000872039794921875,0.00182342529296875,0.00078582763671875,-0.003509521484375,0.00482177734375,0.75,0.0,False,below_rule,547:nonquery_mother:head:709:V,noise,20,0.000872039794921875,-6.256103515625e-05,0.0018413734436035138,L17H3,nonquery_mother,head,L22H5,V,P4
-0.0002552032470703125,0.0027278900146484376,4.1961669921875e-05,-0.00616455078125,0.00439453125,0.5,0.0,False,below_rule,547:nonquery_mother:head:751:K,noise,20,-0.0002552032470703125,-0.001610584259033203,0.0011139011383056632,L17H3,nonquery_mother,head,L23H15,K,P4
-0.0005884170532226562,0.0017175674438476562,9.918212890625e-05,-0.004852294921875,0.002197265625,0.45,0.0,False,below_rule,547:nonquery_mother:head:751:V,noise,20,-0.0005884170532226562,-0.0015516281127929688,0.0002979373931884757,L17H3,nonquery_mother,head,L23H15,V,P4
-0.003388786315917969,0.006107139587402344,-0.001129150390625,-0.03536224365234375,0.007568359375,0.55,0.0,False,below_rule,547:nonquery_mother:head:787:K,noise,20,-0.003388786315917969,-0.007660765647888184,7.936000823974485e-05,L17H3,nonquery_mother,head,L24H19,K,P4
-0.00024166107177734376,0.0014589309692382812,-0.0003204345703125,-0.00319671630859375,0.00445556640625,0.55,0.0,False,below_rule,547:nonquery_mother:head:787:V,noise,20,-0.00024166107177734376,-0.0010235023498535157,0.0005922460556030261,L17H3,nonquery_mother,head,L24H19,V,P4
0.000220489501953125,0.00132904052734375,0.000110626220703125,-0.0025177001953125,0.002593994140625,0.5,0.0,False,below_rule,547:nonquery_mother:head:817:K,noise,20,0.000220489501953125,-0.0004364013671875,0.0008953189849853506,L17H3,nonquery_mother,head,L25H17,K,P4
0.0003215789794921875,0.0013973236083984375,0.000530242919921875,-0.00244140625,0.00286865234375,0.6,0.0,False,below_rule,547:nonquery_mother:head:817:V,noise,20,0.0003215789794921875,-0.0003566932678222656,0.0010055637359619133,L17H3,nonquery_mother,head,L25H17,V,P4
-0.0006633758544921875,0.0019451141357421874,-0.000640869140625,-0.007598876953125,0.004058837890625,0.65,0.0,False,below_rule,547:nonquery_mother:head:855:K,noise,20,-0.0006633758544921875,-0.0018032264709472656,0.00042266845703125,L17H3,nonquery_mother,head,L26H23,K,P4
-6.14166259765625e-05,0.0012325286865234376,0.0003204345703125,-0.0059356689453125,0.00211334228515625,0.45,0.0,False,below_rule,547:nonquery_mother:head:855:V,noise,20,-6.14166259765625e-05,-0.0008972549438476562,0.000628662109375,L17H3,nonquery_mother,head,L26H23,V,P4
-0.004226112365722656,0.011195564270019531,-0.003662109375,-0.03192138671875,0.025848388671875,0.6,0.0,False,below_rule,547:nonquery_mother:head:870:K,noise,20,-0.004226112365722656,-0.010241384506225585,0.001753034591674789,L17H3,nonquery_mother,head,L27H6,K,P4
-7.66754150390625e-05,0.0012355804443359374,0.000164031982421875,-0.0028076171875,0.002349853515625,0.45,0.0,False,below_rule,547:nonquery_mother:head:870:V,noise,20,-7.66754150390625e-05,-0.0007175445556640625,0.0005527591705322257,L17H3,nonquery_mother,head,L27H6,V,P4
3.47137451171875e-05,0.0011981964111328126,-3.0517578125e-05,-0.00353240966796875,0.0023651123046875,0.5,0.0,False,below_rule,547:nonquery_mother:head:973:K,noise,20,3.47137451171875e-05,-0.0006328678131103516,0.000665683746337889,L17H3,nonquery_mother,head,L30H13,K,P4
0.00021915435791015626,0.0007272720336914063,-3.0517578125e-05,-0.001678466796875,0.00189208984375,0.5,0.0,False,below_rule,547:nonquery_mother:head:973:V,noise,20,0.00021915435791015626,-0.00016976356506347655,0.000616841316223144,L17H3,nonquery_mother,head,L30H13,V,P4
-0.0030437469482421874,0.013908004760742188,-0.0039825439453125,-0.035400390625,0.0321197509765625,0.6,0.0,False,below_rule,547:nonquery_mother:head:978:K,noise,20,-0.0030437469482421874,-0.010541191101074219,0.004603605270385739,L17H3,nonquery_mother,head,L30H18,K,P4
0.0002666473388671875,0.0011547088623046875,0.000148773193359375,-0.003814697265625,0.0040435791015625,0.55,0.0,False,below_rule,547:nonquery_mother:head:978:V,noise,20,0.0002666473388671875,-0.000433349609375,0.0009571075439453125,L17H3,nonquery_mother,head,L30H18,V,P4
-0.009960746765136719,0.014247703552246093,-0.0123291015625,-0.0355224609375,0.0151519775390625,0.7,0.0,False,below_rule,547:nonquery_mother:mlp:17:,noise,20,-0.009960746765136719,-0.016066627502441408,-0.0037629556655883836,L17H3,nonquery_mother,mlp,17,,P4
0.003879356384277344,0.006887245178222656,0.0018463134765625,-0.00946044921875,0.02239990234375,0.6,0.0,False,below_rule,547:nonquery_mother:mlp:18:,noise,20,0.003879356384277344,0.00042685508728027347,0.00748730182647705,L17H3,nonquery_mother,mlp,18,,P4
0.13492274284362793,0.13492274284362793,0.1290283203125,0.0990142822265625,0.21875,1.0,0.95,True,coherent,568:colon:bypass:31:,noise,20,0.13492274284362793,0.12203700065612792,0.14918218970298766,L17H24,colon,bypass,31,,P3
-0.000655364990234375,0.001929473876953125,-0.0003509521484375,-0.00426483154296875,0.00286865234375,0.55,0.0,False,below_rule,568:colon:head:594:KV,noise,20,-0.000655364990234375,-0.0015865325927734374,0.00027009963989257647,L17H24,colon,head,L18H18,KV,P3
0.05370635986328125,0.05370635986328125,0.049774169921875,0.011871337890625,0.1529541015625,1.0,0.1,False,below_rule,568:colon:head:594:Q,noise,20,0.05370635986328125,0.03980287551879883,0.07026885032653807,L17H24,colon,head,L18H18,Q,P3
-0.00040340423583984375,0.0018564224243164062,-0.0001678466796875,-0.0047607421875,0.003173828125,0.55,0.0,False,below_rule,568:colon:head:595:KV,noise,20,-0.00040340423583984375,-0.0014087724685668947,0.0005905342102050765,L17H24,colon,head,L18H19,KV,P3
0.029369163513183593,0.029723167419433594,0.0254974365234375,-0.0035400390625,0.096221923828125,0.95,0.0,False,below_rule,568:colon:head:595:Q,noise,20,0.029369163513183593,0.01949725151062012,0.04111941814422607,L17H24,colon,head,L18H19,Q,P3
0.0007326126098632813,0.0021181106567382812,0.0011119842529296875,-0.0042724609375,0.005615234375,0.65,0.0,False,below_rule,568:colon:head:600:KV,noise,20,0.0007326126098632813,-0.000357060432434082,0.001815228462219238,L17H24,colon,head,L18H24,KV,P3
-0.0207000732421875,0.021710205078125,-0.01572418212890625,-0.1156005859375,0.008453369140625,0.9,0.05,False,below_rule,568:colon:head:600:Q,noise,20,-0.0207000732421875,-0.03316351890563965,-0.011594181060791034,L17H24,colon,head,L18H24,Q,P3
0.0004884719848632813,0.0015821456909179688,0.000732421875,-0.0029296875,0.003021240234375,0.6,0.0,False,below_rule,568:colon:head:624:KV,noise,20,0.0004884719848632813,-0.00030652999877929684,0.001253714561462401,L17H24,colon,head,L19H16,KV,P3
-0.031778717041015626,0.031778717041015626,-0.0305938720703125,-0.0671844482421875,-0.0078125,1.0,0.0,False,below_rule,568:colon:head:624:Q,noise,20,-0.031778717041015626,-0.039220123291015624,-0.024740934371948246,L17H24,colon,head,L19H16,Q,P3
4.1961669921875e-05,0.00214691162109375,-0.0006866455078125,-0.004302978515625,0.0062255859375,0.45,0.0,False,below_rule,568:colon:head:630:KV,noise,20,4.1961669921875e-05,-0.0010410499572753905,0.00117950439453125,L17H24,colon,head,L19H22,KV,P3
0.005547714233398437,0.007205581665039063,0.00421142578125,-0.00553131103515625,0.0216064453125,0.75,0.0,False,below_rule,568:colon:head:630:Q,noise,20,0.005547714233398437,0.0023410606384277346,0.008948535919189453,L17H24,colon,head,L19H22,Q,P3
0.0012451171875,0.001978302001953125,0.0008697509765625,-0.0021820068359375,0.00555419921875,0.65,0.0,False,below_rule,568:colon:head:641:KV,noise,20,0.0012451171875,0.0002971649169921875,0.0022457122802734377,L17H24,colon,head,L20H1,KV,P3
-0.07397975921630859,0.07397975921630859,-0.05751800537109375,-0.18047714233398438,-0.0158843994140625,1.0,0.3,False,below_rule,568:colon:head:641:Q,noise,20,-0.07397975921630859,-0.09585436344146728,-0.05449845314025881,L17H24,colon,head,L20H1,Q,P3
0.00027446746826171876,0.0016172409057617187,3.0517578125e-05,-0.00323486328125,0.00445556640625,0.5,0.0,False,below_rule,568:colon:head:678:KV,noise,20,0.00027446746826171876,-0.0006057882308959961,0.0011962890625,L17H24,colon,head,L21H6,KV,P3
0.023452568054199218,0.023452568054199218,0.01601409912109375,0.0019683837890625,0.07952880859375,1.0,0.0,False,below_rule,568:colon:head:678:Q,noise,20,0.023452568054199218,0.0152754545211792,0.032822833061218255,L17H24,colon,head,L21H6,Q,P3
-3.47137451171875e-05,0.0011417388916015625,0.00048828125,-0.00244140625,0.00238037109375,0.4,0.0,False,below_rule,568:colon:head:690:KV,noise,20,-3.47137451171875e-05,-0.0006275177001953125,0.0005436038970947257,L17H24,colon,head,L21H18,KV,P3
0.012816619873046876,0.012816619873046876,0.010425567626953125,0.0016021728515625,0.05120849609375,1.0,0.0,False,below_rule,568:colon:head:690:Q,noise,20,0.012816619873046876,0.00858112335205078,0.018301458358764643,L17H24,colon,head,L21H18,Q,P3
0.1008829116821289,0.1008829116821289,0.07659912109375,0.01788330078125,0.3023681640625,1.0,0.35,True,coherent,568:colon:head:695:KV,noise,20,0.1008829116821289,0.07582354545593262,0.13097146511077878,L17H24,colon,head,L21H23,KV,P3
-2.2125244140625e-05,0.003145599365234375,-0.001163482666015625,-0.0067138671875,0.007568359375,0.6,0.0,False,below_rule,568:colon:head:695:Q,noise,20,-2.2125244140625e-05,-0.0016704559326171874,0.0017071151733398405,L17H24,colon,head,L21H23,Q,P3
-0.0005552291870117188,0.002084159851074219,-9.1552734375e-05,-0.0060882568359375,0.0028076171875,0.5,0.0,False,below_rule,568:colon:head:709:KV,noise,20,-0.0005552291870117188,-0.001618986129760742,0.00047533512115478305,L17H24,colon,head,L22H5,KV,P3
0.02238941192626953,0.02238941192626953,0.018829345703125,0.0019989013671875,0.064453125,1.0,0.0,False,below_rule,568:colon:head:709:Q,noise,20,0.02238941192626953,0.016213321685791017,0.029401073455810542,L17H24,colon,head,L22H5,Q,P3
-0.00037841796875,0.000958251953125,-9.918212890625e-05,-0.0029296875,0.00146484375,0.55,0.0,False,below_rule,568:colon:head:751:KV,noise,20,-0.00037841796875,-0.0009246826171875,0.0001373291015625,L17H24,colon,head,L23H15,KV,P3
-0.01970977783203125,0.01970977783203125,-0.01824951171875,-0.05810546875,-0.003662109375,1.0,0.0,False,below_rule,568:colon:head:751:Q,noise,20,-0.01970977783203125,-0.026201629638671876,-0.014137229919433596,L17H24,colon,head,L23H15,Q,P3
-0.00028209686279296876,0.0015096664428710938,-7.2479248046875e-05,-0.0042724609375,0.00322723388671875,0.55,0.0,False,below_rule,568:colon:head:787:KV,noise,20,-0.00028209686279296876,-0.0011163806915283202,0.0005601930618286128,L17H24,colon,head,L24H19,KV,P3
0.006825828552246093,0.007422447204589844,0.0048980712890625,-0.00390625,0.0362548828125,0.8,0.0,False,below_rule,568:colon:head:787:Q,noise,20,0.006825828552246093,0.0033187055587768554,0.011113576889038083,L17H24,colon,head,L24H19,Q,P3
0.055096435546875,0.055096435546875,0.0561676025390625,0.0207977294921875,0.109161376953125,1.0,0.05,False,below_rule,568:colon:head:817:KV,noise,20,0.055096435546875,0.04547346115112305,0.06530056953430173,L17H24,colon,head,L25H17,KV,P3
-0.003181266784667969,0.0035230636596679686,-0.0028533935546875,-0.0145263671875,0.00341796875,0.95,0.0,False,below_rule,568:colon:head:817:Q,noise,20,-0.003181266784667969,-0.004774513244628906,-0.001844778060913087,L17H24,colon,head,L25H17,Q,P3
-7.038116455078125e-05,0.0008302688598632813,-0.00018310546875,-0.00244140625,0.002105712890625,0.55,0.0,False,below_rule,568:colon:head:855:KV,noise,20,-7.038116455078125e-05,-0.0005205392837524413,0.00037078857421875,L17H24,colon,head,L26H23,KV,P3
-0.0030500411987304686,0.003358268737792969,-0.00257110595703125,-0.01055908203125,0.002532958984375,0.85,0.0,False,below_rule,568:colon:head:855:Q,noise,20,-0.0030500411987304686,-0.004421453475952148,-0.0017581844329833992,L17H24,colon,head,L26H23,Q,P3
-0.0002872467041015625,0.0013164520263671876,-0.0003662109375,-0.00543212890625,0.002410888671875,0.55,0.0,False,below_rule,568:colon:head:870:KV,noise,20,-0.0002872467041015625,-0.0010646820068359376,0.0004180908203125,L17H24,colon,head,L27H6,KV,P3
0.07940187454223632,0.0810765266418457,0.079864501953125,-0.008575439453125,0.220703125,0.85,0.25,False,below_rule,568:colon:head:870:Q,noise,20,0.07940187454223632,0.054129209518432614,0.10552064180374143,L17H24,colon,head,L27H6,Q,P3
0.013477706909179687,0.013477706909179687,0.0116729736328125,0.0002899169921875,0.0439453125,1.0,0.0,False,below_rule,568:colon:head:973:KV,noise,20,0.013477706909179687,0.009325017929077148,0.01834156036376952,L17H24,colon,head,L30H13,KV,P3
0.0009922027587890626,0.0021274566650390627,0.00081634521484375,-0.002471923828125,0.009918212890625,0.65,0.0,False,below_rule,568:colon:head:973:Q,noise,20,0.0009922027587890626,-0.00011296272277832027,0.0022903823852539027,L17H24,colon,head,L30H13,Q,P3
-0.0003078460693359375,0.0006557464599609375,-0.0004119873046875,-0.0021820068359375,0.0011138916015625,0.6,0.0,False,below_rule,568:colon:head:978:KV,noise,20,-0.0003078460693359375,-0.00065765380859375,2.899169921875e-05,L17H24,colon,head,L30H18,KV,P3
0.018051910400390624,0.018051910400390624,0.0163726806640625,0.002349853515625,0.0556640625,1.0,0.0,False,below_rule,568:colon:head:978:Q,noise,20,0.018051910400390624,0.01287297248840332,0.024009399414062493,L17H24,colon,head,L30H18,Q,P3
-0.11868391036987305,0.11868391036987305,-0.1085357666015625,-0.231201171875,-0.04351806640625,1.0,0.6,True,coherent,568:colon:mlp:17:,noise,20,-0.11868391036987305,-0.14176466226577758,-0.09751582145690921,L17H24,colon,mlp,17,,P3
0.026128387451171874,0.030263519287109374,0.028656005859375,-0.02294921875,0.09126663208007812,0.8,0.0,False,below_rule,568:colon:mlp:18:,noise,20,0.026128387451171874,0.0142732572555542,0.03836874961853026,L17H24,colon,mlp,18,,P3
0.5525907516479492,0.5525907516479492,0.5881004333496094,0.29848480224609375,0.742767333984375,1.0,1.0,True,coherent,594:colon:bypass:31:,noise,20,0.5525907516479492,0.4926182365417481,0.6092437171936035,L18H18,colon,bypass,31,,P3
0.0027521133422851564,0.0033063888549804688,0.002635955810546875,-0.004871368408203125,0.0072479248046875,0.9,0.0,False,below_rule,594:colon:head:624:KV,noise,20,0.0027521133422851564,0.001412959098815918,0.004010405540466307,L18H18,colon,head,L19H16,KV,P3
-0.2025303363800049,0.2025303363800049,-0.206939697265625,-0.3508758544921875,-0.06512451171875,1.0,0.9,True,coherent,594:colon:head:624:Q,noise,20,-0.2025303363800049,-0.23719241023063659,-0.16789357304573063,L18H18,colon,head,L19H16,Q,P3
-0.00020275115966796874,0.0016119003295898438,0.000148773193359375,-0.00384521484375,0.0029144287109375,0.5,0.0,False,below_rule,594:colon:head:630:KV,noise,20,-0.00020275115966796874,-0.001054210662841797,0.0006290483474731441,L18H18,colon,head,L19H22,KV,P3
0.04141101837158203,0.053557395935058594,0.0276336669921875,-0.06789016723632812,0.22325897216796875,0.8,0.15,False,below_rule,594:colon:head:630:Q,noise,20,0.04141101837158203,0.015556578636169433,0.07070747375488273,L18H18,colon,head,L19H22,Q,P3
0.006051254272460937,0.006051254272460937,0.006305694580078125,0.00103759765625,0.0113525390625,1.0,0.0,False,below_rule,594:colon:head:641:KV,noise,20,0.006051254272460937,0.004772930145263672,0.007347879409790039,L18H18,colon,head,L20H1,KV,P3
-0.2948720693588257,0.2948720693588257,-0.21829605102539062,-0.8047714233398438,-0.06586074829101562,1.0,0.9,True,coherent,594:colon:head:641:Q,noise,20,-0.2948720693588257,-0.38946487903594973,-0.21156735002994542,L18H18,colon,head,L20H1,Q,P3
-8.85009765625e-05,0.001438140869140625,0.000301361083984375,-0.004150390625,0.00262451171875,0.4,0.0,False,below_rule,594:colon:head:678:KV,noise,20,-8.85009765625e-05,-0.000894927978515625,0.0006732940673828125,L18H18,colon,head,L21H6,KV,P3
0.08496952056884766,0.08496952056884766,0.07754898071289062,0.0208740234375,0.312286376953125,1.0,0.3,False,below_rule,594:colon:head:678:Q,noise,20,0.08496952056884766,0.06044429302215576,0.11603666782379149,L18H18,colon,head,L21H6,Q,P3
-0.000510406494140625,0.001178741455078125,-0.00054931640625,-0.00225830078125,0.001708984375,0.6,0.0,False,below_rule,594:colon:head:690:KV,noise,20,-0.000510406494140625,-0.001050577163696289,4.769325256347573e-05,L18H18,colon,head,L21H18,KV,P3
0.07230772972106933,0.07230772972106933,0.06660985946655273,0.02154541015625,0.19232177734375,1.0,0.15,False,below_rule,594:colon:head:690:Q,noise,20,0.07230772972106933,0.05796573996543884,0.08963235855102535,L18H18,colon,head,L21H18,Q,P3
0.3243546724319458,0.3243546724319458,0.22491455078125,0.06683349609375,0.7186050415039062,1.0,0.9,True,coherent,594:colon:head:695:KV,noise,20,0.3243546724319458,0.23422942578792574,0.42378006279468533,L18H18,colon,head,L21H23,KV,P3
-0.0027301788330078127,0.011212539672851563,0.001705169677734375,-0.0250244140625,0.02783203125,0.45,0.0,False,below_rule,594:colon:head:695:Q,noise,20,-0.0027301788330078127,-0.008550653457641602,0.0034206962585449172,L18H18,colon,head,L21H23,Q,P3
-0.0029153823852539062,0.0029153823852539062,-0.001911163330078125,-0.01153564453125,0.0,0.95,0.0,False,below_rule,594:colon:head:709:KV,noise,20,-0.0029153823852539062,-0.004204754829406738,-0.001837339401245118,L18H18,colon,head,L22H5,KV,P3
0.1070220947265625,0.1084686279296875,0.1092529296875,-0.01446533203125,0.22985458374023438,0.95,0.6,True,coherent,594:colon:head:709:Q,noise,20,0.1070220947265625,0.08199519157409667,0.13206604003906247,L18H18,colon,head,L22H5,Q,P3
-0.0003688812255859375,0.0009983062744140625,-0.00048828125,-0.0035400390625,0.00225830078125,0.7,0.0,False,below_rule,594:colon:head:751:KV,noise,20,-0.0003688812255859375,-0.0009037017822265625,0.00016937255859375,L18H18,colon,head,L23H15,KV,P3
-0.15796260833740233,0.16076374053955078,-0.1540374755859375,-0.34552764892578125,0.028011322021484375,0.95,0.65,True,coherent,594:colon:head:751:Q,noise,20,-0.15796260833740233,-0.2032620620727539,-0.11337760925292971,L18H18,colon,head,L23H15,Q,P3
-0.0012540817260742188,0.0017400741577148437,-0.0011749267578125,-0.00628662109375,0.00201416015625,0.75,0.0,False,below_rule,594:colon:head:787:KV,noise,20,-0.0012540817260742188,-0.002126331329345703,-0.00044154644012451216,L18H18,colon,head,L24H19,KV,P3
0.04425029754638672,0.04425029754638672,0.0289154052734375,0.0044097900390625,0.19962310791015625,1.0,0.1,False,below_rule,594:colon:head:787:Q,noise,20,0.04425029754638672,0.026697525978088377,0.06684170246124269,L18H18,colon,head,L24H19,Q,P3
0.26458187103271485,0.26458187103271485,0.23822021484375,0.109283447265625,0.49755859375,1.0,1.0,True,coherent,594:colon:head:817:KV,noise,20,0.26458187103271485,0.21831188678741456,0.3116577863693237,L18H18,colon,head,L25H17,KV,P3
-0.023835229873657226,0.024833154678344727,-0.019805908203125,-0.064453125,0.0083770751953125,0.9,0.0,False,below_rule,594:colon:head:817:Q,noise,20,-0.023835229873657226,-0.03262253403663635,-0.015529613494873048,L18H18,colon,head,L25H17,Q,P3
-2.13623046875e-05,0.001534271240234375,2.288818359375e-05,-0.003173828125,0.0037078857421875,0.45,0.0,False,below_rule,594:colon:head:855:KV,noise,20,-2.13623046875e-05,-0.0008453655242919921,0.0008159732818603507,L18H18,colon,head,L26H23,KV,P3
-0.02319622039794922,0.02400798797607422,-0.0084991455078125,-0.11931610107421875,0.005615234375,0.9,0.05,False,below_rule,594:colon:head:855:Q,noise,20,-0.02319622039794922,-0.037633323669433595,-0.011303806304931649,L18H18,colon,head,L26H23,Q,P3
-0.0004238128662109375,0.0011463165283203125,-0.00030517578125,-0.0028076171875,0.0023193359375,0.6,0.0,False,below_rule,594:colon:head:870:KV,noise,20,-0.0004238128662109375,-0.00101470947265625,0.00016481399536132647,L18H18,colon,head,L27H6,KV,P3
0.6225450515747071,0.6225450515747071,0.607086181640625,0.005096435546875,1.4327850341796875,1.0,0.9,True,coherent,594:colon:head:870:Q,noise,20,0.6225450515747071,0.4493891286849976,0.7983806228637694,L18H18,colon,head,L27H6,Q,P3
0.031777381896972656,0.031777381896972656,0.022064208984375,0.0065460205078125,0.1075439453125,1.0,0.05,False,below_rule,594:colon:head:973:KV,noise,20,0.031777381896972656,0.022230143547058104,0.043354663848876936,L18H18,colon,head,L30H13,KV,P3
0.0007290840148925781,0.006518840789794922,0.000946044921875,-0.0137939453125,0.013519287109375,0.55,0.0,False,below_rule,594:colon:head:973:Q,noise,20,0.0007290840148925781,-0.0026514577865600583,0.00408346891403198,L18H18,colon,head,L30H13,Q,P3
-0.0011203765869140625,0.0013339996337890625,-0.00054931640625,-0.00518798828125,0.001007080078125,0.8,0.0,False,below_rule,594:colon:head:978:KV,noise,20,-0.0011203765869140625,-0.0018146705627441406,-0.000481414794921875,L18H18,colon,head,L30H18,KV,P3
0.33051338195800783,0.33051338195800783,0.32501220703125,0.0384521484375,1.0327224731445312,1.0,0.8,True,coherent,594:colon:head:978:Q,noise,20,0.33051338195800783,0.24330984115600587,0.4336025619506836,L18H18,colon,head,L30H18,Q,P3
0.07706942558288574,0.1012535572052002,0.092376708984375,-0.07241058349609375,0.29967498779296875,0.7,0.5,True,heterogeneous,594:colon:mlp:18:,noise,20,0.07706942558288574,0.03468019843101501,0.12241499662399291,L18H18,colon,mlp,18,,P3
0.470072603225708,0.4704491138458252,0.41470909118652344,-0.003765106201171875,1.099609375,0.95,0.9,True,coherent,594:colon:mlp:19:,noise,20,0.470072603225708,0.35259122848510743,0.5916683208942413,L18H18,colon,mlp,19,,P3
0.7755182266235352,0.7755182266235352,0.7437667846679688,0.4365997314453125,1.0593376159667969,1.0,1.0,True,coherent,595:colon:bypass:31:,noise,20,0.7755182266235352,0.6878886079788208,0.8624964332580565,L18H19,colon,bypass,31,,P3
0.0023073196411132813,0.002728843688964844,0.00225067138671875,-0.001922607421875,0.0063323974609375,0.85,0.0,False,below_rule,595:colon:head:624:KV,noise,20,0.0023073196411132813,0.0012617063522338866,0.0033550262451171875,L18H19,colon,head,L19H16,KV,P3
-0.2614904403686523,0.2614904403686523,-0.24267578125,-0.5116004943847656,-0.04058837890625,1.0,0.85,True,coherent,595:colon:head:624:Q,noise,20,-0.2614904403686523,-0.31649505615234375,-0.2073526477813721,L18H19,colon,head,L19H16,Q,P3
0.0007322311401367187,0.0015565872192382813,0.00042724609375,-0.002475738525390625,0.0033111572265625,0.6,0.0,False,below_rule,595:colon:head:630:KV,noise,20,0.0007322311401367187,-2.86102294921875e-05,0.001485443115234375,L18H19,colon,head,L19H22,KV,P3
0.04727191925048828,0.061786460876464847,0.03293609619140625,-0.07541275024414062,0.2539825439453125,0.7,0.2,False,below_rule,595:colon:head:630:Q,noise,20,0.04727191925048828,0.016640591621398925,0.08209192752838129,L18H19,colon,head,L19H22,Q,P3
0.004655647277832031,0.004655647277832031,0.004791259765625,6.103515625e-05,0.00936126708984375,1.0,0.0,False,below_rule,595:colon:head:641:KV,noise,20,0.004655647277832031,0.0037746381759643554,0.005538563728332519,L18H19,colon,head,L20H1,KV,P3
-0.39383583068847655,0.39383583068847655,-0.3100128173828125,-1.0945358276367188,-0.05450439453125,1.0,0.95,True,coherent,595:colon:head:641:Q,noise,20,-0.39383583068847655,-0.5237453746795655,-0.2822755813598634,L18H19,colon,head,L20H1,Q,P3
0.00015583038330078126,0.0012403488159179687,0.0,-0.001800537109375,0.00274658203125,0.45,0.0,False,below_rule,595:colon:head:678:KV,noise,20,0.00015583038330078126,-0.0004932498931884766,0.000859093666076658,L18H19,colon,head,L21H6,KV,P3
0.10471042394638061,0.10471042394638061,0.08218038082122803,0.0282440185546875,0.295654296875,1.0,0.4,True,coherent,595:colon:head:678:Q,noise,20,0.10471042394638061,0.07480328947305678,0.13981821060180663,L18H19,colon,head,L21H6,Q,P3
-0.000482177734375,0.001263427734375,-0.0003662109375,-0.00299072265625,0.0020751953125,0.6,0.0,False,below_rule,595:colon:head:690:KV,noise,20,-0.000482177734375,-0.0011135196685791015,0.00015679359436035075,L18H19,colon,head,L21H18,KV,P3
0.07307538986206055,0.07307538986206055,0.06000518798828125,0.00457763671875,0.14575958251953125,1.0,0.3,False,below_rule,595:colon:head:690:Q,noise,20,0.07307538986206055,0.056215260028839115,0.09068073749542234,L18H19,colon,head,L21H18,Q,P3
0.42652143239974977,0.42652143239974977,0.4064229726791382,0.1170196533203125,1.081878662109375,1.0,1.0,True,coherent,595:colon:head:695:KV,noise,20,0.42652143239974977,0.3244529661536217,0.5405695661902427,L18H19,colon,head,L21H23,KV,P3
-0.0034654617309570314,0.013855552673339844,-0.002349853515625,-0.03753662109375,0.03278350830078125,0.55,0.0,False,below_rule,595:colon:head:695:Q,noise,20,-0.0034654617309570314,-0.01076672077178955,0.0038978862762451146,L18H19,colon,head,L21H23,Q,P3
-0.0018579483032226563,0.0023431777954101562,-0.0014190673828125,-0.0111083984375,0.00140380859375,0.65,0.0,False,below_rule,595:colon:head:709:KV,noise,20,-0.0018579483032226563,-0.003229761123657226,-0.0006866264343261735,L18H19,colon,head,L22H5,KV,P3
0.13357458114624024,0.13357458114624024,0.13079833984375,0.03350830078125,0.27330970764160156,1.0,0.6,True,coherent,595:colon:head:709:Q,noise,20,0.13357458114624024,0.10369922161102295,0.16446833372116085,L18H19,colon,head,L22H5,Q,P3
0.0002391815185546875,0.0015010833740234375,0.000942230224609375,-0.003173828125,0.002227783203125,0.6,0.0,False,below_rule,595:colon:head:751:KV,noise,20,0.0002391815185546875,-0.00047760009765625,0.0009220123291015625,L18H19,colon,head,L23H15,KV,P3
-0.17523778975009918,0.17523778975009918,-0.17473220825195312,-0.32975006103515625,-0.006671905517578125,1.0,0.65,True,coherent,595:colon:head:751:Q,noise,20,-0.17523778975009918,-0.21891690313816073,-0.1304345041513444,L18H19,colon,head,L23H15,Q,P3
-0.0016492843627929688,0.0024076461791992187,-0.002048492431640625,-0.0052490234375,0.003021240234375,0.75,0.0,False,below_rule,595:colon:head:787:KV,noise,20,-0.0016492843627929688,-0.002697381973266602,-0.0005540657043457048,L18H19,colon,head,L24H19,KV,P3
0.046987724304199216,0.04709758758544922,0.03314781188964844,-0.0010986328125,0.2164306640625,0.95,0.1,False,below_rule,595:colon:head:787:Q,noise,20,0.046987724304199216,0.03115267276763916,0.06919846534729004,L18H19,colon,head,L24H19,Q,P3
0.33657131195068357,0.33657131195068357,0.328460693359375,0.1040496826171875,0.714202880859375,1.0,1.0,True,coherent,595:colon:head:817:KV,noise,20,0.33657131195068357,0.2708806657791138,0.40519251823425284,L18H19,colon,head,L25H17,KV,P3
-0.024413919448852538,0.02585740089416504,-0.020116806030273438,-0.06566619873046875,0.014434814453125,0.95,0.0,False,below_rule,595:colon:head:817:Q,noise,20,-0.024413919448852538,-0.03307060480117798,-0.015948125123977662,L18H19,colon,head,L25H17,Q,P3
-0.0007038116455078125,0.0012592315673828126,-0.000682830810546875,-0.0027618408203125,0.00140380859375,0.7,0.0,False,below_rule,595:colon:head:855:KV,noise,20,-0.0007038116455078125,-0.00127105712890625,-0.00013006210327148605,L18H19,colon,head,L26H23,KV,P3
-0.02772655487060547,0.027866935729980467,-0.016407012939453125,-0.12873077392578125,0.00140380859375,0.95,0.1,False,below_rule,595:colon:head:855:Q,noise,20,-0.02772655487060547,-0.0435106086730957,-0.014863948822021486,L18H19,colon,head,L26H23,Q,P3
-0.0004922866821289063,0.0012689590454101562,-0.0011138916015625,-0.0030670166015625,0.002227783203125,0.65,0.0,False,below_rule,595:colon:head:870:KV,noise,20,-0.0004922866821289063,-0.001065073013305664,0.00011369228363036985,L18H19,colon,head,L27H6,KV,P3
0.7170675277709961,0.719602394104004,0.667205810546875,-0.025348663330078125,1.5491943359375,0.95,0.85,True,coherent,595:colon:head:870:Q,noise,20,0.7170675277709961,0.5123861169815064,0.9172724819183349,L18H19,colon,head,L27H6,Q,P3
0.0518890380859375,0.0518890380859375,0.036224365234375,0.01043701171875,0.18548583984375,1.0,0.1,False,below_rule,595:colon:head:973:KV,noise,20,0.0518890380859375,0.03541545867919922,0.07168521881103514,L18H19,colon,head,L30H13,KV,P3
-0.000878143310546875,0.007091522216796875,0.00029754638671875,-0.0227203369140625,0.0145263671875,0.5,0.0,False,below_rule,595:colon:head:973:Q,noise,20,-0.000878143310546875,-0.004870986938476563,0.002991113662719726,L18H19,colon,head,L30H13,Q,P3
-0.0006988525390625,0.00147705078125,-0.00054168701171875,-0.00506591796875,0.002471923828125,0.7,0.0,False,below_rule,595:colon:head:978:KV,noise,20,-0.0006988525390625,-0.001556396484375,9.614944458007645e-05,L18H19,colon,head,L30H18,KV,P3
0.29661295413970945,0.29661295413970945,0.25827789306640625,0.02581787109375,1.0202102661132812,1.0,0.75,True,coherent,595:colon:head:978:Q,noise,20,0.29661295413970945,0.20330752372741698,0.40869512498378735,L18H19,colon,head,L30H18,Q,P3
0.08549299240112304,0.1142888069152832,0.0899505615234375,-0.1949291229248047,0.3267326354980469,0.75,0.5,True,heterogeneous,595:colon:mlp:18:,noise,20,0.08549299240112304,0.03505085229873657,0.136472430229187,L18H19,colon,mlp,18,,P3
0.5913229942321777,0.5913229942321777,0.4878883361816406,0.057521820068359375,1.414794921875,1.0,0.95,True,coherent,595:colon:mlp:19:,noise,20,0.5913229942321777,0.427842161655426,0.7647919225692742,L18H19,colon,mlp,19,,P3
-0.15020017623901366,0.15020017623901366,-0.134185791015625,-0.3110237121582031,-0.03204345703125,1.0,0.7,True,coherent,624:colon:bypass:31:,noise,20,-0.15020017623901366,-0.18298166275024413,-0.11811463356018069,L19H16,colon,bypass,31,,P3
-0.00128173828125,0.002606964111328125,-0.00157928466796875,-0.0074462890625,0.00469970703125,0.7,0.0,False,below_rule,624:colon:head:641:KV,noise,20,-0.00128173828125,-0.0025726318359375,4.92095947265625e-05,L19H16,colon,head,L20H1,KV,P3
0.1445466995239258,0.1445466995239258,0.09317779541015625,0.01971435546875,0.5140609741210938,1.0,0.45,True,coherent,624:colon:head:641:Q,noise,20,0.1445466995239258,0.08828965187072753,0.21319412708282456,L19H16,colon,head,L20H1,Q,P3
8.449554443359374e-05,0.0019025802612304688,0.00034332275390625,-0.00518798828125,0.003875732421875,0.5,0.0,False,below_rule,624:colon:head:678:KV,noise,20,8.449554443359374e-05,-0.0009105730056762695,0.0010425710678100574,L19H16,colon,head,L21H6,KV,P3
-0.031194496154785156,0.031350135803222656,-0.02520751953125,-0.0692138671875,0.001556396484375,0.95,0.0,False,below_rule,624:colon:head:678:Q,noise,20,-0.031194496154785156,-0.04121423721313476,-0.0216064453125,L19H16,colon,head,L21H6,Q,P3
-0.00026340484619140624,0.0016977310180664063,0.000244140625,-0.00469970703125,0.003753662109375,0.4,0.0,False,below_rule,624:colon:head:690:KV,noise,20,-0.00026340484619140624,-0.001194000244140625,0.0006282997131347639,L19H16,colon,head,L21H18,KV,P3
-0.018568992614746094,0.021594810485839843,-0.019134521484375,-0.05730438232421875,0.0302581787109375,0.95,0.0,False,below_rule,624:colon:head:690:Q,noise,20,-0.018568992614746094,-0.025896511077880862,-0.010867667198181155,L19H16,colon,head,L21H18,Q,P3
-0.13590757846832274,0.13590757846832274,-0.1328582763671875,-0.44481658935546875,-0.0218505859375,1.0,0.6,True,coherent,624:colon:head:695:KV,noise,20,-0.13590757846832274,-0.18314206659793855,-0.09596290469169617,L19H16,colon,head,L21H23,KV,P3
-0.0018453598022460938,0.007428550720214843,-0.0035858154296875,-0.01694488525390625,0.03271484375,0.55,0.0,False,below_rule,624:colon:head:695:Q,noise,20,-0.0018453598022460938,-0.005924043655395508,0.003038873672485344,L19H16,colon,head,L21H23,Q,P3
0.0008474349975585938,0.0014490127563476563,0.0006103515625,-0.001953125,0.0042266845703125,0.65,0.0,False,below_rule,624:colon:head:709:KV,noise,20,0.0008474349975585938,0.0001644134521484375,0.0015401840209960938,L19H16,colon,head,L22H5,KV,P3
-0.05758457183837891,0.05758457183837891,-0.0511474609375,-0.16120147705078125,-0.003204345703125,1.0,0.1,False,below_rule,624:colon:head:709:Q,noise,20,-0.05758457183837891,-0.07579397678375245,-0.04131042003631596,L19H16,colon,head,L22H5,Q,P3
-0.0005216598510742188,0.0010232925415039062,-0.000152587890625,-0.004791259765625,0.0012359619140625,0.5,0.0,False,below_rule,624:colon:head:751:KV,noise,20,-0.0005216598510742188,-0.001146512031555176,3.528594970703125e-05,L19H16,colon,head,L23H15,KV,P3
0.03845558166503906,0.04160995483398437,0.043853759765625,-0.031543731689453125,0.1067352294921875,0.95,0.05,False,below_rule,624:colon:head:751:Q,noise,20,0.03845558166503906,0.024372658729553222,0.05270590305328367,L19H16,colon,head,L23H15,Q,P3
-0.00026493072509765626,0.0014451980590820313,0.00032806396484375,-0.003620147705078125,0.003143310546875,0.45,0.0,False,below_rule,624:colon:head:787:KV,noise,20,-0.00026493072509765626,-0.001032261848449707,0.0005054473876953125,L19H16,colon,head,L24H19,KV,P3
-0.02081165313720703,0.02081165313720703,-0.01883697509765625,-0.06755828857421875,-0.00286865234375,1.0,0.0,False,below_rule,624:colon:head:787:Q,noise,20,-0.02081165313720703,-0.027673377990722656,-0.015323405265808108,L19H16,colon,head,L24H19,Q,P3
-0.06849479675292969,0.06849479675292969,-0.059661865234375,-0.1456298828125,-0.01024627685546875,1.0,0.3,False,below_rule,624:colon:head:817:KV,noise,20,-0.06849479675292969,-0.08636831760406495,-0.05093497276306154,L19H16,colon,head,L25H17,KV,P3
0.006270980834960938,0.008285140991210938,0.00620269775390625,-0.0069732666015625,0.02315521240234375,0.8,0.0,False,below_rule,624:colon:head:817:Q,noise,20,0.006270980834960938,0.002832365036010742,0.009825143814086912,L19H16,colon,head,L25H17,Q,P3
0.0003871917724609375,0.0012966156005859374,0.0004425048828125,-0.0029296875,0.0028533935546875,0.65,0.0,False,below_rule,624:colon:head:855:KV,noise,20,0.0003871917724609375,-0.000310516357421875,0.0010589599609375,L19H16,colon,head,L26H23,KV,P3
0.009775161743164062,0.009938430786132813,0.004791259765625,-0.0016326904296875,0.0595855712890625,0.95,0.0,False,below_rule,624:colon:head:855:Q,noise,20,0.009775161743164062,0.004848852157592773,0.016455869674682617,L19H16,colon,head,L26H23,Q,P3
-0.00013561248779296874,0.0013212203979492188,3.0517578125e-05,-0.0034027099609375,0.002105712890625,0.45,0.0,False,below_rule,624:colon:head:870:KV,noise,20,-0.00013561248779296874,-0.0008106279373168945,0.0005266189575195313,L19H16,colon,head,L27H6,KV,P3
-0.12503480911254883,0.12748384475708008,-0.10985565185546875,-0.309234619140625,0.0136260986328125,0.9,0.65,True,coherent,624:colon:head:870:Q,noise,20,-0.12503480911254883,-0.16509171247482302,-0.0859263348579407,L19H16,colon,head,L27H6,Q,P3
-0.010623741149902343,0.010640525817871093,-0.006744384765625,-0.0462646484375,0.0001678466796875,0.95,0.0,False,below_rule,624:colon:head:973:KV,noise,20,-0.010623741149902343,-0.015644521713256837,-0.006614470481872561,L19H16,colon,head,L30H13,KV,P3
-0.002189826965332031,0.004083442687988281,-0.0021152496337890625,-0.011566162109375,0.01055908203125,0.65,0.0,False,below_rule,624:colon:head:973:Q,noise,20,-0.002189826965332031,-0.004223451614379883,-3.31258773803765e-05,L19H16,colon,head,L30H13,Q,P3
-8.907318115234376e-05,0.0006341934204101562,6.4849853515625e-05,-0.003631591796875,0.00140380859375,0.35,0.0,False,below_rule,624:colon:head:978:KV,noise,20,-8.907318115234376e-05,-0.0005783224105834961,0.000311098098754882,L19H16,colon,head,L30H18,KV,P3
-0.09548702239990234,0.09618892669677734,-0.07574462890625,-0.32161712646484375,0.00701904296875,0.95,0.35,False,below_rule,624:colon:head:978:Q,noise,20,-0.09548702239990234,-0.1343685531616211,-0.061609311103820834,L19H16,colon,head,L30H18,Q,P3
-0.09502887725830078,0.09502887725830078,-0.0879669189453125,-0.21527862548828125,-0.0146026611328125,1.0,0.35,False,below_rule,624:colon:mlp:19:,noise,20,-0.09502887725830078,-0.12007684230804443,-0.07160447597503664,L19H16,colon,mlp,19,,P3
-0.009895896911621094,0.020710182189941407,-0.0167236328125,-0.04583740234375,0.04010009765625,0.7,0.0,False,below_rule,624:colon:mlp:20:,noise,20,-0.009895896911621094,-0.019796795845031738,0.000593047142028804,L19H16,colon,mlp,20,,P3
-0.36246356964111326,0.36246356964111326,-0.36367225646972656,-0.7184219360351562,-0.0752105712890625,1.0,0.95,True,coherent,641:colon:bypass:31:,noise,20,-0.36246356964111326,-0.4374645757675171,-0.28960217952728273,L20H1,colon,bypass,31,,P3
0.0005929946899414062,0.002091789245605469,0.000885009765625,-0.00372314453125,0.0039825439453125,0.6,0.0,False,below_rule,641:colon:head:678:KV,noise,20,0.0005929946899414062,-0.0004304981231689453,0.0016090679168701148,L20H1,colon,head,L21H6,KV,P3
-0.057358741760253906,0.057358741760253906,-0.039306640625,-0.15887451171875,-0.011810302734375,1.0,0.15,False,below_rule,641:colon:head:678:Q,noise,20,-0.057358741760253906,-0.07896170616149903,-0.03836547851562502,L20H1,colon,head,L21H6,Q,P3
-0.0004894256591796875,0.0012950897216796875,-0.00034332275390625,-0.00311279296875,0.00217437744140625,0.55,0.0,False,below_rule,641:colon:head:690:KV,noise,20,-0.0004894256591796875,-0.0011532020568847657,0.000177764892578125,L20H1,colon,head,L21H18,KV,P3
-0.026807594299316406,0.029500770568847656,-0.028411865234375,-0.06585693359375,0.0229949951171875,0.85,0.0,False,below_rule,641:colon:head:690:Q,noise,20,-0.026807594299316406,-0.03604078769683838,-0.01723927021026612,L20H1,colon,head,L21H18,Q,P3
-0.25871868133544923,0.25871868133544923,-0.225372314453125,-1.0860595703125,-0.02911376953125,1.0,0.8,True,coherent,641:colon:head:695:KV,noise,20,-0.25871868133544923,-0.3706876468658447,-0.17370849609375,L20H1,colon,head,L21H23,KV,P3
-0.0017431259155273437,0.011659812927246094,-0.0022430419921875,-0.0674896240234375,0.0401458740234375,0.7,0.0,False,below_rule,641:colon:head:695:Q,noise,20,-0.0017431259155273437,-0.011156373023986817,0.006585345268249509,L20H1,colon,head,L21H23,Q,P3
3.604888916015625e-05,0.0010137557983398438,-6.103515625e-05,-0.004627227783203125,0.0022125244140625,0.45,0.0,False,below_rule,641:colon:head:709:KV,noise,20,3.604888916015625e-05,-0.0006448745727539063,0.000621795654296875,L20H1,colon,head,L22H5,KV,P3
-0.05053215026855469,0.05053215026855469,-0.05509185791015625,-0.12908172607421875,-0.00457763671875,1.0,0.05,False,below_rule,641:colon:head:709:Q,noise,20,-0.05053215026855469,-0.0656349754333496,-0.036233577728271515,L20H1,colon,head,L22H5,Q,P3
-0.0005834579467773437,0.0015310287475585938,-0.00067138671875,-0.003570556640625,0.002197265625,0.6,0.0,False,below_rule,641:colon:head:751:KV,noise,20,-0.0005834579467773437,-0.001329045295715332,0.00015812397003173788,L20H1,colon,head,L23H15,KV,P3
0.06364917755126953,0.0654073715209961,0.07078170776367188,-0.017581939697265625,0.15283966064453125,0.95,0.25,False,below_rule,641:colon:head:751:Q,noise,20,0.06364917755126953,0.044155735969543454,0.08312981128692624,L20H1,colon,head,L23H15,Q,P3
0.000450897216796875,0.00160980224609375,0.001190185546875,-0.002197265625,0.0025634765625,0.65,0.0,False,below_rule,641:colon:head:787:KV,noise,20,0.000450897216796875,-0.0002902984619140625,0.0011737918853759756,L20H1,colon,head,L24H19,KV,P3
-0.010588836669921876,0.015169525146484375,-0.009563446044921875,-0.07134246826171875,0.019439697265625,0.75,0.0,False,below_rule,641:colon:head:787:Q,noise,20,-0.010588836669921876,-0.019303550720214845,-0.003358383178710944,L20H1,colon,head,L24H19,Q,P3
-0.14923858642578125,0.14923858642578125,-0.13628196716308594,-0.31689453125,-0.04150390625,1.0,0.65,True,coherent,641:colon:head:817:KV,noise,20,-0.14923858642578125,-0.18604960441589355,-0.11432096004486085,L20H1,colon,head,L25H17,KV,P3
0.018602943420410155,0.019169044494628907,0.01714324951171875,-0.0046234130859375,0.06864166259765625,0.9,0.0,False,below_rule,641:colon:head:817:Q,noise,20,0.018602943420410155,0.011499056816101074,0.02682591438293457,L20H1,colon,head,L25H17,Q,P3
0.00014972686767578125,0.0011415481567382812,0.0001373291015625,-0.0024261474609375,0.00262451171875,0.55,0.0,False,below_rule,641:colon:head:855:KV,noise,20,0.00014972686767578125,-0.00045319557189941404,0.00075836181640625,L20H1,colon,head,L26H23,KV,P3
0.016280078887939455,0.017024707794189454,0.00823974609375,-0.00439453125,0.09456634521484375,0.9,0.0,False,below_rule,641:colon:head:855:Q,noise,20,0.016280078887939455,0.00687875509262085,0.028193571567535384,L20H1,colon,head,L26H23,Q,P3
0.000150299072265625,0.001129913330078125,-0.00029754638671875,-0.002197265625,0.002685546875,0.35,0.0,False,below_rule,641:colon:head:870:KV,noise,20,0.000150299072265625,-0.00043795585632324215,0.00078277587890625,L20H1,colon,head,L27H6,KV,P3
-0.209564208984375,0.21384124755859374,-0.21365737915039062,-0.49908447265625,0.02288818359375,0.9,0.7,True,coherent,641:colon:head:870:Q,noise,20,-0.209564208984375,-0.2755570316314697,-0.14423777103424082,L20H1,colon,head,L27H6,Q,P3
-0.0313751220703125,0.0313751220703125,-0.0194091796875,-0.125244140625,-0.0046234130859375,1.0,0.05,False,below_rule,641:colon:head:973:KV,noise,20,-0.0313751220703125,-0.04607627868652344,-0.0196296501159668,L20H1,colon,head,L30H13,KV,P3
-0.001207733154296875,0.002387237548828125,-0.000919342041015625,-0.0076904296875,0.00384521484375,0.55,0.0,False,below_rule,641:colon:head:973:Q,noise,20,-0.001207733154296875,-0.0024700164794921875,2.2516250610350732e-05,L20H1,colon,head,L30H13,Q,P3
-4.634857177734375e-05,0.0007211685180664063,-2.288818359375e-05,-0.00189208984375,0.00152587890625,0.5,0.0,False,below_rule,641:colon:head:978:KV,noise,20,-4.634857177734375e-05,-0.0004434633255004883,0.00033989429473876907,L20H1,colon,head,L30H18,KV,P3
-0.10987586975097656,0.11154823303222657,-0.080352783203125,-0.6804161071777344,0.0167236328125,0.95,0.15,True,coherent,641:colon:head:978:Q,noise,20,-0.10987586975097656,-0.18599149227142334,-0.05788433074951174,L20H1,colon,head,L30H18,Q,P3
-0.01683216094970703,0.03888759613037109,-0.0122222900390625,-0.1166534423828125,0.0592803955078125,0.55,0.05,False,below_rule,641:colon:mlp:20:,noise,20,-0.01683216094970703,-0.03699404716491699,0.0025321435928344605,L20H1,colon,mlp,20,,P3
-0.005485343933105469,0.019146156311035157,0.001953125,-0.07640838623046875,0.031982421875,0.45,0.0,False,below_rule,641:colon:mlp:21:,noise,20,-0.005485343933105469,-0.017589621543884278,0.005349578857421871,L20H1,colon,mlp,21,,P3
-0.0714503288269043,0.09281072616577149,-0.09316253662109375,-0.16142654418945312,0.10538482666015625,0.85,0.45,False,below_rule,751:colon:bypass:31:,noise,20,-0.0714503288269043,-0.10313022136688232,-0.03656306028366091,L23H15,colon,bypass,31,,P3
4.291534423828125e-05,0.0012132644653320313,3.0517578125e-05,-0.0025634765625,0.00341796875,0.5,0.0,False,below_rule,751:colon:head:787:KV,noise,20,4.291534423828125e-05,-0.0006057834625244141,0.0007068681716918941,L23H15,colon,head,L24H19,KV,P3
-0.06636981964111328,0.06636981964111328,-0.05103111267089844,-0.22121429443359375,-0.00518798828125,1.0,0.2,False,below_rule,751:colon:head:787:Q,noise,20,-0.06636981964111328,-0.09162396907806397,-0.044967064857482926,L23H15,colon,head,L24H19,Q,P3
-0.05584573745727539,0.05584573745727539,-0.043914794921875,-0.17725372314453125,-0.0059967041015625,1.0,0.15,False,below_rule,751:colon:head:817:KV,noise,20,-0.05584573745727539,-0.07364971160888673,-0.04063525438308716,L23H15,colon,head,L25H17,KV,P3
0.004040813446044922,0.010238170623779297,0.00079345703125,-0.01966094970703125,0.0250244140625,0.6,0.0,False,below_rule,751:colon:head:817:Q,noise,20,0.004040813446044922,-0.0012542748451232911,0.009444494247436519,L23H15,colon,head,L25H17,Q,P3
0.000466156005859375,0.001139068603515625,0.0003509521484375,-0.00146484375,0.003082275390625,0.6,0.0,False,below_rule,751:colon:head:855:KV,noise,20,0.000466156005859375,-0.00011521339416503905,0.0010875988006591774,L23H15,colon,head,L26H23,KV,P3
0.006050753593444824,0.011110568046569824,-0.0001068115234375,-0.01153564453125,0.0853729248046875,0.5,0.0,False,below_rule,751:colon:head:855:Q,noise,20,0.006050753593444824,-0.0013572883605957032,0.016342902183532706,L23H15,colon,head,L26H23,Q,P3
-0.00030517578125,0.00130767822265625,-0.000591278076171875,-0.0023345947265625,0.0030517578125,0.7,0.0,False,below_rule,751:colon:head:870:KV,noise,20,-0.00030517578125,-0.0009372806549072265,0.0003814697265625,L23H15,colon,head,L27H6,KV,P3
-0.19275612831115724,0.1975244998931885,-0.19293212890625,-0.441619873046875,0.026123046875,0.9,0.75,True,coherent,751:colon:head:870:Q,noise,20,-0.19275612831115724,-0.25078342199325565,-0.13419037222862246,L23H15,colon,head,L27H6,Q,P3
0.004083061218261718,0.006762504577636719,0.0053863525390625,-0.00927734375,0.0150299072265625,0.7,0.0,False,below_rule,751:colon:head:973:KV,noise,20,0.004083061218261718,0.001143646240234375,0.006933603286743163,L23H15,colon,head,L30H13,KV,P3
-0.004694747924804688,0.008649444580078125,-0.0032958984375,-0.04229736328125,0.01950836181640625,0.7,0.0,False,below_rule,751:colon:head:973:Q,noise,20,-0.004694747924804688,-0.01028132438659668,0.0003252506256103474,L23H15,colon,head,L30H13,Q,P3
-0.00011463165283203125,0.0011804580688476562,-0.0001220703125,-0.002452850341796875,0.00244140625,0.5,0.0,False,below_rule,751:colon:head:978:KV,noise,20,-0.00011463165283203125,-0.0007192611694335938,0.00048523902893066325,L23H15,colon,head,L30H18,KV,P3
-0.21505498886108398,0.21505498886108398,-0.21292877197265625,-0.6471729278564453,-0.043304443359375,1.0,0.7,True,coherent,751:colon:head:978:Q,noise,20,-0.21505498886108398,-0.28184080123901367,-0.158118817806244,L23H15,colon,head,L30H18,Q,P3
-0.011074638366699219,0.023777580261230467,-0.00244903564453125,-0.09059906005859375,0.02685546875,0.65,0.0,False,below_rule,751:colon:mlp:23:,noise,20,-0.011074638366699219,-0.02577864646911621,0.0020771265029907206,L23H15,colon,mlp,23,,P3
0.0014343738555908203,0.02521815299987793,0.0021820068359375,-0.05169677734375,0.067291259765625,0.55,0.0,False,below_rule,751:colon:mlp:24:,noise,20,0.0014343738555908203,-0.012220183610916136,0.015233880281448325,L23H15,colon,mlp,24,,P3
0.18587961196899414,0.18587961196899414,0.171905517578125,0.00286865234375,0.378173828125,1.0,0.8,True,coherent,787:colon:bypass:31:,noise,20,0.18587961196899414,0.13766951084136964,0.23437493324279782,L24H19,colon,bypass,31,,coverage_route
0.05964984893798828,0.05964984893798828,0.06061553955078125,0.00177001953125,0.10140228271484375,1.0,0.1,False,below_rule,787:colon:head:817:KV,noise,20,0.05964984893798828,0.04696271896362305,0.07198229789733886,L24H19,colon,head,L25H17,KV,coverage_route
-0.0051136016845703125,0.005246353149414062,-0.003814697265625,-0.0194091796875,0.0009918212890625,0.85,0.0,False,below_rule,787:colon:head:817:Q,noise,20,-0.0051136016845703125,-0.007565345764160156,-0.002941503524780274,L24H19,colon,head,L25H17,Q,coverage_route
0.00028743743896484373,0.0008073806762695313,0.000179290771484375,-0.001232147216796875,0.00238037109375,0.6,0.0,False,below_rule,787:colon:head:855:KV,noise,20,0.00028743743896484373,-0.00011844635009765625,0.0007106781005859375,L24H19,colon,head,L26H23,KV,coverage_route
-0.013535499572753906,0.01781177520751953,-0.005573272705078125,-0.07177734375,0.0203094482421875,0.75,0.0,False,below_rule,787:colon:head:855:Q,noise,20,-0.013535499572753906,-0.024561548233032224,-0.003820352554321295,L24H19,colon,head,L26H23,Q,coverage_route
-0.000264739990234375,0.00096588134765625,-8.0108642578125e-05,-0.002685546875,0.00177001953125,0.55,0.0,False,below_rule,787:colon:head:870:KV,noise,20,-0.000264739990234375,-0.0008052921295166015,0.00025559425354003824,L24H19,colon,head,L27H6,KV,coverage_route
0.09262733459472657,0.09300117492675782,0.11273193359375,-0.0022125244140625,0.16985321044921875,0.9,0.6,False,below_rule,787:colon:head:870:Q,noise,20,0.09262733459472657,0.06958917617797852,0.1140892505645752,L24H19,colon,head,L27H6,Q,coverage_route
0.025899314880371095,0.025899314880371095,0.017339706420898438,6.866455078125e-05,0.0986328125,1.0,0.0,False,below_rule,787:colon:head:973:KV,noise,20,0.025899314880371095,0.016062517166137696,0.03759721755981444,L24H19,colon,head,L30H13,KV,coverage_route
0.0004215240478515625,0.0026393890380859374,5.7220458984375e-05,-0.004150390625,0.007843017578125,0.5,0.0,False,below_rule,787:colon:head:973:Q,noise,20,0.0004215240478515625,-0.00090179443359375,0.001796722412109375,L24H19,colon,head,L30H13,Q,coverage_route
-2.3651123046875e-05,0.000763702392578125,0.000213623046875,-0.002532958984375,0.0019378662109375,0.4,0.0,False,below_rule,787:colon:head:978:KV,noise,20,-2.3651123046875e-05,-0.0004619789123535156,0.000397491455078125,L24H19,colon,head,L30H18,KV,coverage_route
0.013341140747070313,0.018000411987304687,0.00814056396484375,-0.030548095703125,0.069122314453125,0.65,0.0,False,below_rule,787:colon:head:978:Q,noise,20,0.013341140747070313,0.0036894893646240235,0.02405715942382811,L24H19,colon,head,L30H18,Q,coverage_route
-0.021065139770507814,0.030066299438476562,-0.010005950927734375,-0.09317779541015625,0.05029296875,0.75,0.0,False,below_rule,787:colon:mlp:24:,noise,20,-0.021065139770507814,-0.03834770202636719,-0.005101184844970721,L24H19,colon,mlp,24,,coverage_route
-0.004483985900878906,0.015334892272949218,0.00246429443359375,-0.07781982421875,0.02065277099609375,0.45,0.0,False,below_rule,787:colon:mlp:25:,noise,20,-0.004483985900878906,-0.015493574142456055,0.004630680084228515,L24H19,colon,mlp,25,,coverage_route
0.22365446090698243,0.22365446090698243,0.209747314453125,0.06463623046875,0.4219970703125,1.0,0.85,True,coherent,817:colon:bypass:31:,noise,20,0.22365446090698243,0.1850801467895508,0.2622219133377075,L25H17,colon,bypass,31,,P3
-0.00025081634521484375,0.0011129379272460938,-0.000335693359375,-0.003795623779296875,0.00274658203125,0.6,0.0,False,below_rule,817:colon:head:855:KV,noise,20,-0.00025081634521484375,-0.0008789157867431641,0.0003665924072265625,L25H17,colon,head,L26H23,KV,P3
-0.02733612060546875,0.02760467529296875,-0.013763427734375,-0.103851318359375,0.002685546875,0.95,0.05,False,below_rule,817:colon:head:855:Q,noise,20,-0.02733612060546875,-0.040505599975585935,-0.01589240074157715,L25H17,colon,head,L26H23,Q,P3
0.0001934051513671875,0.0012416839599609375,0.0002593994140625,-0.002685546875,0.003265380859375,0.55,0.0,False,below_rule,817:colon:head:870:KV,noise,20,0.0001934051513671875,-0.0004532051086425781,0.0008548831939697257,L25H17,colon,head,L27H6,KV,P3
0.3110402345657349,0.31370136737823484,0.29654693603515625,-0.01519775390625,0.6849365234375,0.9,0.8,True,coherent,817:colon:head:870:Q,noise,20,0.3110402345657349,0.2218186104297638,0.39977442562580073,L25H17,colon,head,L27H6,Q,P3
0.030313682556152344,0.030313682556152344,0.022478103637695312,0.0087890625,0.08184814453125,1.0,0.0,False,below_rule,817:colon:head:973:KV,noise,20,0.030313682556152344,0.02176090717315674,0.039793519973754875,L25H17,colon,head,L30H13,KV,P3
0.0022296905517578125,0.005709457397460938,0.0003509521484375,-0.0075836181640625,0.0181884765625,0.5,0.0,False,below_rule,817:colon:head:973:Q,noise,20,0.0022296905517578125,-0.0008735847473144531,0.005532484054565427,L25H17,colon,head,L30H13,Q,P3
-0.0013925552368164063,0.0017755508422851562,-0.0005035400390625,-0.00592041015625,0.00128173828125,0.55,0.0,False,below_rule,817:colon:head:978:KV,noise,20,-0.0013925552368164063,-0.002349095344543457,-0.0005058240890502934,L25H17,colon,head,L30H18,KV,P3
0.21970672607421876,0.21970672607421876,0.198516845703125,0.044677734375,0.531005859375,1.0,0.75,True,coherent,817:colon:head:978:Q,noise,20,0.21970672607421876,0.16160711288452148,0.2842797660827637,L25H17,colon,head,L30H18,Q,P3
-0.006197905540466309,0.04687368869781494,0.0040130615234375,-0.37567138671875,0.07205963134765625,0.4,0.05,False,below_rule,817:colon:mlp:25:,noise,20,-0.006197905540466309,-0.05225946843624115,0.02549498379230499,L25H17,colon,mlp,25,,P3
0.02680492401123047,0.041395378112792966,0.01177978515625,-0.058685302734375,0.176055908203125,0.65,0.15,False,below_rule,817:colon:mlp:26:,noise,20,0.02680492401123047,0.004175066947937012,0.0522048950195312,L25H17,colon,mlp,26,,P3
