layer,head,fact_block,position,distance,evals,qk_passes,scored,families,frequency,strength_first,strength_last
0,0,demo,answer_prediction,distance_ge_2,8544,0,0,0,0.0,,
0,0,demo,demo,distance_ge_2,1000158,0,0,0,0.0,,
0,0,demo,demo,previous,8544,0,0,0,0.0,,
0,0,demo,demo,self,8544,0,0,0,0.0,,
0,0,demo,test_other,distance_ge_2,451008,0,0,0,0.0,,
0,0,test,answer_prediction,distance_ge_2,2136,0,0,0,0.0,,
0,0,test,test_other,distance_ge_2,57551,0,0,0,0.0,,
0,0,test,test_other,previous,2136,0,0,0,0.0,,
0,0,test,test_other,self,2136,0,0,0,0.0,,
0,1,demo,answer_prediction,distance_ge_2,8544,0,0,0,0.0,,
0,1,demo,demo,distance_ge_2,1000158,0,0,0,0.0,,
0,1,demo,demo,previous,8544,0,0,0,0.0,,
0,1,demo,demo,self,8544,0,0,0,0.0,,
0,1,demo,test_other,distance_ge_2,451008,0,0,0,0.0,,
0,1,test,answer_prediction,distance_ge_2,2136,0,0,0,0.0,,
0,1,test,test_other,distance_ge_2,57551,0,0,0,0.0,,
0,1,test,test_other,previous,2136,0,0,0,0.0,,
0,1,test,test_other,self,2136,0,0,0,0.0,,
0,2,demo,answer_prediction,distance_ge_2,8544,0,0,0,0.0,,
0,2,demo,demo,distance_ge_2,1000158,0,0,0,0.0,,
0,2,demo,demo,previous,8544,1662,1662,84,0.19452247191011235,0.04547508141162069,0.03401580952202047
0,2,demo,demo,self,8544,0,0,0,0.0,,
0,2,demo,test_other,distance_ge_2,451008,0,0,0,0.0,,
0,2,test,answer_prediction,distance_ge_2,2136,0,0,0,0.0,,
0,2,test,test_other,distance_ge_2,57551,0,0,0,0.0,,
0,2,test,test_other,previous,2136,234,234,35,0.10955056179775281,0.002470664792812557,0.012210637780750154
0,2,test,test_other,self,2136,0,0,0,0.0,,
0,3,demo,answer_prediction,distance_ge_2,8544,0,0,0,0.0,,
0,3,demo,demo,distance_ge_2,1000158,0,0,0,0.0,,
0,3,demo,demo,previous,8544,0,0,0,0.0,,
0,3,demo,demo,self,8544,0,0,0,0.0,,
0,3,demo,test_other,distance_ge_2,451008,0,0,0,0.0,,
0,3,test,answer_prediction,distance_ge_2,2136,0,0,0,0.0,,
0,3,test,test_other,distance_ge_2,57551,0,0,0,0.0,,
0,3,test,test_other,previous,2136,0,0,0,0.0,,
0,3,test,test_other,self,2136,0,0,0,0.0,,
0,4,demo,answer_prediction,distance_ge_2,8544,0,0,0,0.0,,
0,4,demo,demo,distance_ge_2,1000158,0,0,0,0.0,,
0,4,demo,demo,previous,8544,0,0,0,0.0,,
0,4,demo,demo,self,8544,0,0,0,0.0,,
0,4,demo,test_other,distance_ge_2,451008,0,0,0,0.0,,
0,4,test,answer_prediction,distance_ge_2,2136,0,0,0,0.0,,
0,4,test,test_other,distance_ge_2,57551,0,0,0,0.0,,
0,4,test,test_other,previous,2136,0,0,0,0.0,,
0,4,test,test_other,self,2136,0,0,0,0.0,,
0,5,demo,answer_prediction,distance_ge_2,8544,0,0,0,0.0,,
0,5,demo,demo,distance_ge_2,1000158,0,0,0,0.0,,
0,5,demo,demo,previous,8544,0,0,0,0.0,,
0,5,demo,demo,self,8544,0,0,0,0.0,,
0,5,demo,test_other,distance_ge_2,451008,0,0,0,0.0,,
0,5,test,answer_prediction,distance_ge_2,2136,0,0,0,0.0,,
0,5,test,test_other,distance_ge_2,57551,0,0,0,0.0,,
0,5,test,test_other,previous,2136,0,0,0,0.0,,
0,5,test,test_other,self,2136,0,0,0,0.0,,
0,6,demo,answer_prediction,distance_ge_2,8544,0,0,0,0.0,,
0,6,demo,demo,distance_ge_2,1000158,0,0,0,0.0,,
0,6,demo,demo,previous,8544,0,0,0,0.0,,
0,6,demo,demo,self,8544,0,0,0,0.0,,
0,6,demo,test_other,distance_ge_2,451008,0,0,0,0.0,,
0,6,test,answer_prediction,distance_ge_2,2136,0,0,0,0.0,,
0,6,test,test_other,distance_ge_2,57551,0,0,0,0.0,,
0,6,test,test_other,previous,2136,0,0,0,0.0,,
0,6,test,test_other,self,2136,0,0,0,0.0,,
0,7,demo,answer_prediction,distance_ge_2,8544,0,0,0,0.0,,
0,7,demo,demo,distance_ge_2,1000158,0,0,0,0.0,,
0,7,demo,demo,previous,8544,0,0,0,0.0,,
0,7,demo,demo,self,8544,498,498,58,0.05828651685393258,0.0009271663596786289,0.006545413751155138
0,7,demo,test_other,distance_ge_2,451008,0,0,0,0.0,,
0,7,test,answer_prediction,distance_ge_2,2136,0,0,0,0.0,,
0,7,test,test_other,distance_ge_2,57551,0,0,0,0.0,,
0,7,test,test_other,previous,2136,0,0,0,0.0,,
0,7,test,test_other,self,2136,156,156,19,0.07303370786516854,0.008041349047860608,0.013918686646203965
0,8,demo,answer_prediction,distance_ge_2,8544,0,0,0,0.0,,
0,8,demo,demo,distance_ge_2,1000158,0,0,0,0.0,,
0,8,demo,demo,previous,8544,0,0,0,0.0,,
0,8,demo,demo,self,8544,0,0,0,0.0,,
0,8,demo,test_other,distance_ge_2,451008,0,0,0,0.0,,
0,8,test,answer_prediction,distance_ge_2,2136,0,0,0,0.0,,
0,8,test,test_other,distance_ge_2,57551,0,0,0,0.0,,
0,8,test,test_other,previous,2136,0,0,0,0.0,,
0,8,test,test_other,self,2136,0,0,0,0.0,,
0,9,demo,answer_prediction,distance_ge_2,8544,0,0,0,0.0,,
0,9,demo,demo,distance_ge_2,1000158,0,0,0,0.0,,
0,9,demo,demo,previous,8544,0,0,0,0.0,,
0,9,demo,demo,self,8544,0,0,0,0.0,,
0,9,demo,test_other,distance_ge_2,451008,0,0,0,0.0,,
0,9,test,answer_prediction,distance_ge_2,2136,0,0,0,0.0,,
0,9,test,test_other,distance_ge_2,57551,0,0,0,0.0,,
0,9,test,test_other,previous,2136,0,0,0,0.0,,
0,9,test,test_other,self,2136,0,0,0,0.0,,
0,10,demo,answer_prediction,distance_ge_2,8544,0,0,0,0.0,,
0,10,demo,demo,distance_ge_2,1000158,0,0,0,0.0,,
0,10,demo,demo,previous,8544,0,0,0,0.0,,
0,10,demo,demo,self,8544,0,0,0,0.0,,
0,10,demo,test_other,distance_ge_2,451008,0,0,0,0.0,,
0,10,test,answer_prediction,distance_ge_2,2136,0,0,0,0.0,,
0,10,test,test_other,distance_ge_2,57551,0,0,0,0.0,,
0,10,test,test_other,previous,2136,0,0,0,0.0,,
0,10,test,test_other,self,2136,0,0,0,0.0,,
0,11,demo,answer_prediction,distance_ge_2,8544,0,0,0,0.0,,
0,11,demo,demo,distance_ge_2,1000158,0,0,0,0.0,,
0,11,demo,demo,previous,8544,0,0,0,0.0,,
0,11,demo,demo,self,8544,0,0,0,0.0,,
0,11,demo,test_other,distance_ge_2,451008,0,0,0,0.0,,
0,11,test,answer_prediction,distance_ge_2,2136,0,0,0,0.0,,
0,11,test,test_other,distance_ge_2,57551,0,0,0,0.0,,
0,11,test,test_other,previous,2136,0,0,0,0.0,,
0,11,test,test_other,self,2136,0,0,0,0.0,,
0,12,demo,answer_prediction,distance_ge_2,8544,0,0,0,0.0,,
0,12,demo,demo,distance_ge_2,1000158,0,0,0,0.0,,
0,12,demo,demo,previous,8544,0,0,0,0.0,,
0,12,demo,demo,self,8544,0,0,0,0.0,,
0,12,demo,test_other,distance_ge_2,451008,0,0,0,0.0,,
0,12,test,answer_prediction,distance_ge_2,2136,0,0,0,0.0,,
0,12,test,test_other,distance_ge_2,57551,0,0,0,0.0,,
0,12,test,test_other,previous,2136,0,0,0,0.0,,
0,12,test,test_other,self,2136,0,0,0,0.0,,
0,13,demo,answer_prediction,distance_ge_2,8544,0,0,0,0.0,,
0,13,demo,demo,distance_ge_2,1000158,0,0,0,0.0,,
0,13,demo,demo,previous,8544,0,0,0,0.0,,
0,13,demo,demo,self,8544,0,0,0,0.0,,
0,13,demo,test_other,distance_ge_2,451008,0,0,0,0.0,,
0,13,test,answer_prediction,distance_ge_2,2136,0,0,0,0.0,,
0,13,test,test_other,distance_ge_2,57551,0,0,0,0.0,,
0,13,test,test_other,previous,2136,0,0,0,0.0,,
0,13,test,test_other,self,2136,0,0,0,0.0,,
0,14,demo,answer_prediction,distance_ge_2,8544,0,0,0,0.0,,
0,14,demo,demo,distance_ge_2,1000158,0,0,0,0.0,,
0,14,demo,demo,previous,8544,0,0,0,0.0,,
0,14,demo,demo,self,8544,0,0,0,0.0,,
0,14,demo,test_other,distance_ge_2,451008,0,0,0,0.0,,
0,14,test,answer_prediction,distance_ge_2,2136,0,0,0,0.0,,
0,14,test,test_other,distance_ge_2,57551,0,0,0,0.0,,
0,14,test,test_other,previous,2136,0,0,0,0.0,,
0,14,test,test_other,self,2136,24,24,4,0.011235955056179775,0.018131997358674806,0.028844559759212036
0,15,demo,answer_prediction,distance_ge_2,8544,0,0,0,0.0,,
0,15,demo,demo,distance_ge_2,1000158,0,0,0,0.0,,
0,15,demo,demo,previous,8544,0,0,0,0.0,,
0,15,demo,demo,self,8544,0,0,0,0.0,,
0,15,demo,test_other,distance_ge_2,451008,0,0,0,0.0,,
0,15,test,answer_prediction,distance_ge_2,2136,0,0,0,0.0,,
0,15,test,test_other,distance_ge_2,57551,0,0,0,0.0,,
0,15,test,test_other,previous,2136,0,0,0,0.0,,
0,15,test,test_other,self,2136,0,0,0,0.0,,
0,16,demo,answer_prediction,distance_ge_2,8544,0,0,0,0.0,,
0,16,demo,demo,distance_ge_2,1000158,0,0,0,0.0,,
0,16,demo,demo,previous,8544,0,0,0,0.0,,
0,16,demo,demo,self,8544,0,0,0,0.0,,
0,16,demo,test_other,distance_ge_2,451008,0,0,0,0.0,,
0,16,test,answer_prediction,distance_ge_2,2136,0,0,0,0.0,,
0,16,test,test_other,distance_ge_2,57551,6,6,3,0.0001042553561189206,0.007237084462152173,0.0025125330624481044
0,16,test,test_other,previous,2136,0,0,0,0.0,,
0,16,test,test_other,self,2136,0,0,0,0.0,,
0,17,demo,answer_prediction,distance_ge_2,8544,0,0,0,0.0,,
0,17,demo,demo,distance_ge_2,1000158,0,0,0,0.0,,
0,17,demo,demo,previous,8544,0,0,0,0.0,,
0,17,demo,demo,self,8544,0,0,0,0.0,,
0,17,demo,test_other,distance_ge_2,451008,0,0,0,0.0,,
0,17,test,answer_prediction,distance_ge_2,2136,0,0,0,0.0,,
0,17,test,test_other,distance_ge_2,57551,0,0,0,0.0,,
0,17,test,test_other,previous,2136,0,0,0,0.0,,
0,17,test,test_other,self,2136,0,0,0,0.0,,
0,18,demo,answer_prediction,distance_ge_2,8544,0,0,0,0.0,,
0,18,demo,demo,distance_ge_2,1000158,0,0,0,0.0,,
0,18,demo,demo,previous,8544,0,0,0,0.0,,
0,18,demo,demo,self,8544,0,0,0,0.0,,
0,18,demo,test_other,distance_ge_2,451008,0,0,0,0.0,,
0,18,test,answer_prediction,distance_ge_2,2136,0,0,0,0.0,,
0,18,test,test_other,distance_ge_2,57551,0,0,0,0.0,,
0,18,test,test_other,previous,2136,0,0,0,0.0,,
0,18,test,test_other,self,2136,0,0,0,0.0,,
0,19,demo,answer_prediction,distance_ge_2,8544,0,0,0,0.0,,
0,19,demo,demo,distance_ge_2,1000158,0,0,0,0.0,,
0,19,demo,demo,previous,8544,0,0,0,0.0,,
0,19,demo,demo,self,8544,0,0,0,0.0,,
0,19,demo,test_other,distance_ge_2,451008,0,0,0,0.0,,
0,19,test,answer_prediction,distance_ge_2,2136,0,0,0,0.0,,
0,19,test,test_other,distance_ge_2,57551,0,0,0,0.0,,
0,19,test,test_other,previous,2136,0,0,0,0.0,,
0,19,test,test_other,self,2136,0,0,0,0.0,,
0,20,demo,answer_prediction,distance_ge_2,8544,0,0,0,0.0,,
0,20,demo,demo,distance_ge_2,1000158,0,0,0,0.0,,
0,20,demo,demo,previous,8544,0,0,0,0.0,,
0,20,demo,demo,self,8544,0,0,0,0.0,,
0,20,demo,test_other,distance_ge_2,451008,0,0,0,0.0,,
0,20,test,answer_prediction,distance_ge_2,2136,0,0,0,0.0,,
0,20,test,test_other,distance_ge_2,57551,0,0,0,0.0,,
0,20,test,test_other,previous,2136,0,0,0,0.0,,
0,20,test,test_other,self,2136,0,0,0,0.0,,
0,21,demo,answer_prediction,distance_ge_2,8544,0,0,0,0.0,,
0,21,demo,demo,distance_ge_2,1000158,0,0,0,0.0,,
0,21,demo,demo,previous,8544,0,0,0,0.0,,
0,21,demo,demo,self,8544,0,0,0,0.0,,
0,21,demo,test_other,distance_ge_2,451008,0,0,0,0.0,,
0,21,test,answer_prediction,distance_ge_2,2136,0,0,0,0.0,,
0,21,test,test_other,distance_ge_2,57551,0,0,0,0.0,,
0,21,test,test_other,previous,2136,0,0,0,0.0,,
0,21,test,test_other,self,2136,0,0,0,0.0,,
0,22,demo,answer_prediction,distance_ge_2,8544,0,0,0,0.0,,
0,22,demo,demo,distance_ge_2,1000158,0,0,0,0.0,,
0,22,demo,demo,previous,8544,0,0,0,0.0,,
0,22,demo,demo,self,8544,0,0,0,0.0,,
0,22,demo,test_other,distance_ge_2,451008,0,0,0,0.0,,
0,22,test,answer_prediction,distance_ge_2,2136,0,0,0,0.0,,
0,22,test,test_other,distance_ge_2,57551,0,0,0,0.0,,
0,22,test,test_other,previous,2136,0,0,0,0.0,,
0,22,test,test_other,self,2136,0,0,0,0.0,,
0,23,demo,answer_prediction,distance_ge_2,8544,0,0,0,0.0,,
0,23,demo,demo,distance_ge_2,1000158,0,0,0,0.0,,
0,23,demo,demo,previous,8544,0,0,0,0.0,,
0,23,demo,demo,self,8544,0,0,0,0.0,,
0,23,demo,test_other,distance_ge_2,451008,0,0,0,0.0,,
0,23,test,answer_prediction,distance_ge_2,2136,0,0,0,0.0,,
0,23,test,test_other,distance_ge_2,57551,0,0,0,0.0,,
0,23,test,test_other,previous,2136,0,0,0,0.0,,
0,23,test,test_other,self,2136,0,0,0,0.0,,
0,24,demo,answer_prediction,distance_ge_2,8544,0,0,0,0.0,,
0,24,demo,demo,distance_ge_2,1000158,0,0,0,0.0,,
0,24,demo,demo,previous,8544,0,0,0,0.0,,
0,24,demo,demo,self,8544,3036,3036,89,0.3553370786516854,0.014110671093983285,0.011852492041344729
0,24,demo,test_other,distance_ge_2,451008,0,0,0,0.0,,
0,24,test,answer_prediction,distance_ge_2,2136,0,0,0,0.0,,
0,24,test,test_other,distance_ge_2,57551,0,0,0,0.0,,
0,24,test,test_other,previous,2136,0,0,0,0.0,,
0,24,test,test_other,self,2136,721,721,71,0.33754681647940077,0.009457023007829607,0.008060419607314396
0,25,demo,answer_prediction,distance_ge_2,8544,0,0,0,0.0,,
0,25,demo,demo,distance_ge_2,1000158,0,0,0,0.0,,
0,25,demo,demo,previous,8544,0,0,0,0.0,,
0,25,demo,demo,self,8544,0,0,0,0.0,,
0,25,demo,test_other,distance_ge_2,451008,0,0,0,0.0,,
0,25,test,answer_prediction,distance_ge_2,2136,0,0,0,0.0,,
0,25,test,test_other,distance_ge_2,57551,0,0,0,0.0,,
0,25,test,test_other,previous,2136,0,0,0,0.0,,
0,25,test,test_other,self,2136,0,0,0,0.0,,
0,26,demo,answer_prediction,distance_ge_2,8544,0,0,0,0.0,,
0,26,demo,demo,distance_ge_2,1000158,756,756,70,0.0007558805708698026,0.003078702379882868,0.02225962847381308
0,26,demo,demo,previous,8544,0,0,0,0.0,,
0,26,demo,demo,self,8544,450,450,62,0.05266853932584269,0.0022117811472465595,0.034588993920220266
0,26,demo,test_other,distance_ge_2,451008,159,159,26,0.0003525436355896126,0.003576968701368889,0.003238264106670922
0,26,test,answer_prediction,distance_ge_2,2136,0,0,0,0.0,,
0,26,test,test_other,distance_ge_2,57551,98,98,41,0.0017028374832757033,0.006568897337645615,0.006878498930374769
0,26,test,test_other,previous,2136,0,0,0,0.0,,
0,26,test,test_other,self,2136,26,26,9,0.012172284644194757,0.0034882955459089805,0.023483006104540367
0,27,demo,answer_prediction,distance_ge_2,8544,0,0,0,0.0,,
0,27,demo,demo,distance_ge_2,1000158,108,108,14,0.00010798293869568608,0.14125602043889188,0.05084527021756879
0,27,demo,demo,previous,8544,0,0,0,0.0,,
0,27,demo,demo,self,8544,0,0,0,0.0,,
0,27,demo,test_other,distance_ge_2,451008,16,16,3,3.547608911593586e-05,0.002719655102282559,0.0009769607422640547
0,27,test,answer_prediction,distance_ge_2,2136,0,0,0,0.0,,
0,27,test,test_other,distance_ge_2,57551,11,11,4,0.00019113481955135446,0.0029833945869044824,0.022016236389225178
0,27,test,test_other,previous,2136,0,0,0,0.0,,
0,27,test,test_other,self,2136,0,0,0,0.0,,
0,28,demo,answer_prediction,distance_ge_2,8544,0,0,0,0.0,,
0,28,demo,demo,distance_ge_2,1000158,0,0,0,0.0,,
0,28,demo,demo,previous,8544,0,0,0,0.0,,
0,28,demo,demo,self,8544,0,0,0,0.0,,
0,28,demo,test_other,distance_ge_2,451008,0,0,0,0.0,,
0,28,test,answer_prediction,distance_ge_2,2136,0,0,0,0.0,,
0,28,test,test_other,distance_ge_2,57551,0,0,0,0.0,,
0,28,test,test_other,previous,2136,0,0,0,0.0,,
0,28,test,test_other,self,2136,0,0,0,0.0,,
0,29,demo,answer_prediction,distance_ge_2,8544,0,0,0,0.0,,
0,29,demo,demo,distance_ge_2,1000158,0,0,0,0.0,,
0,29,demo,demo,previous,8544,0,0,0,0.0,,
0,29,demo,demo,self,8544,0,0,0,0.0,,
0,29,demo,test_other,distance_ge_2,451008,0,0,0,0.0,,
0,29,test,answer_prediction,distance_ge_2,2136,0,0,0,0.0,,
0,29,test,test_other,distance_ge_2,57551,0,0,0,0.0,,
0,29,test,test_other,previous,2136,0,0,0,0.0,,
0,29,test,test_other,self,2136,0,0,0,0.0,,
0,30,demo,answer_prediction,distance_ge_2,8544,0,0,0,0.0,,
0,30,demo,demo,distance_ge_2,1000158,0,0,0,0.0,,
0,30,demo,demo,previous,8544,0,0,0,0.0,,
0,30,demo,demo,self,8544,0,0,0,0.0,,
0,30,demo,test_other,distance_ge_2,451008,0,0,0,0.0,,
0,30,test,answer_prediction,distance_ge_2,2136,0,0,0,0.0,,
0,30,test,test_other,distance_ge_2,57551,0,0,0,0.0,,
0,30,test,test_other,previous,2136,0,0,0,0.0,,
0,30,test,test_other,self,2136,0,0,0,0.0,,
0,31,demo,answer_prediction,distance_ge_2,8544,0,0,0,0.0,,
0,31,demo,demo,distance_ge_2,1000158,0,0,0,0.0,,
0,31,demo,demo,previous,8544,0,0,0,0.0,,
0,31,demo,demo,self,8544,0,0,0,0.0,,
0,31,demo,test_other,distance_ge_2,451008,0,0,0,0.0,,
0,31,test,answer_prediction,distance_ge_2,2136,0,0,0,0.0,,
0,31,test,test_other,distance_ge_2,57551,0,0,0,0.0,,
0,31,test,test_other,previous,2136,0,0,0,0.0,,
0,31,test,test_other,self,2136,0,0,0,0.0,,
1,0,demo,answer_prediction,distance_ge_2,8544,0,0,0,0.0,,
1,0,demo,demo,distance_ge_2,1000158,0,0,0,0.0,,
1,0,demo,demo,previous,8544,0,0,0,0.0,,
1,0,demo,demo,self,8544,0,0,0,0.0,,
1,0,demo,test_other,distance_ge_2,451008,0,0,0,0.0,,
1,0,test,answer_prediction,distance_ge_2,2136,0,0,0,0.0,,
1,0,test,test_other,distance_ge_2,57551,0,0,0,0.0,,
1,0,test,test_other,previous,2136,0,0,0,0.0,,
1,0,test,test_other,self,2136,0,0,0,0.0,,
1,1,demo,answer_prediction,distance_ge_2,8544,0,0,0,0.0,,
1,1,demo,demo,distance_ge_2,1000158,0,0,0,0.0,,
1,1,demo,demo,previous,8544,0,0,0,0.0,,
1,1,demo,demo,self,8544,600,600,73,0.0702247191011236,0.007609978541731835,0.05535861603915691
1,1,demo,test_other,distance_ge_2,451008,0,0,0,0.0,,
1,1,test,answer_prediction,distance_ge_2,2136,0,0,0,0.0,,
1,1,test,test_other,distance_ge_2,57551,0,0,0,0.0,,
1,1,test,test_other,previous,2136,0,0,0,0.0,,
1,1,test,test_other,self,2136,72,72,10,0.033707865168539325,0.005571047422967644,0.011043748391481737
1,2,demo,answer_prediction,distance_ge_2,8544,0,0,0,0.0,,
1,2,demo,demo,distance_ge_2,1000158,0,0,0,0.0,,
1,2,demo,demo,previous,8544,0,0,0,0.0,,
1,2,demo,demo,self,8544,0,0,0,0.0,,
1,2,demo,test_other,distance_ge_2,451008,0,0,0,0.0,,
1,2,test,answer_prediction,distance_ge_2,2136,0,0,0,0.0,,
1,2,test,test_other,distance_ge_2,57551,0,0,0,0.0,,
1,2,test,test_other,previous,2136,0,0,0,0.0,,
1,2,test,test_other,self,2136,0,0,0,0.0,,
1,3,demo,answer_prediction,distance_ge_2,8544,0,0,0,0.0,,
1,3,demo,demo,distance_ge_2,1000158,0,0,0,0.0,,
1,3,demo,demo,previous,8544,0,0,0,0.0,,
1,3,demo,demo,self,8544,0,0,0,0.0,,
1,3,demo,test_other,distance_ge_2,451008,0,0,0,0.0,,
1,3,test,answer_prediction,distance_ge_2,2136,0,0,0,0.0,,
1,3,test,test_other,distance_ge_2,57551,0,0,0,0.0,,
1,3,test,test_other,previous,2136,0,0,0,0.0,,
1,3,test,test_other,self,2136,0,0,0,0.0,,
1,4,demo,answer_prediction,distance_ge_2,8544,0,0,0,0.0,,
1,4,demo,demo,distance_ge_2,1000158,0,0,0,0.0,,
1,4,demo,demo,previous,8544,0,0,0,0.0,,
1,4,demo,demo,self,8544,0,0,0,0.0,,
1,4,demo,test_other,distance_ge_2,451008,0,0,0,0.0,,
1,4,test,answer_prediction,distance_ge_2,2136,0,0,0,0.0,,
1,4,test,test_other,distance_ge_2,57551,0,0,0,0.0,,
1,4,test,test_other,previous,2136,0,0,0,0.0,,
1,4,test,test_other,self,2136,0,0,0,0.0,,
1,5,demo,answer_prediction,distance_ge_2,8544,0,0,0,0.0,,
1,5,demo,demo,distance_ge_2,1000158,0,0,0,0.0,,
1,5,demo,demo,previous,8544,0,0,0,0.0,,
1,5,demo,demo,self,8544,0,0,0,0.0,,
1,5,demo,test_other,distance_ge_2,451008,0,0,0,0.0,,
1,5,test,answer_prediction,distance_ge_2,2136,0,0,0,0.0,,
1,5,test,test_other,distance_ge_2,57551,0,0,0,0.0,,
1,5,test,test_other,previous,2136,0,0,0,0.0,,
1,5,test,test_other,self,2136,0,0,0,0.0,,
1,6,demo,answer_prediction,distance_ge_2,8544,0,0,0,0.0,,
1,6,demo,demo,distance_ge_2,1000158,0,0,0,0.0,,
1,6,demo,demo,previous,8544,0,0,0,0.0,,
1,6,demo,demo,self,8544,0,0,0,0.0,,
1,6,demo,test_other,distance_ge_2,451008,0,0,0,0.0,,
1,6,test,answer_prediction,distance_ge_2,2136,0,0,0,0.0,,
1,6,test,test_other,distance_ge_2,57551,0,0,0,0.0,,
1,6,test,test_other,previous,2136,0,0,0,0.0,,
1,6,test,test_other,self,2136,0,0,0,0.0,,
1,7,demo,answer_prediction,distance_ge_2,8544,0,0,0,0.0,,
1,7,demo,demo,distance_ge_2,1000158,0,0,0,0.0,,
1,7,demo,demo,previous,8544,0,0,0,0.0,,
1,7,demo,demo,self,8544,0,0,0,0.0,,
1,7,demo,test_other,distance_ge_2,451008,0,0,0,0.0,,
1,7,test,answer_prediction,distance_ge_2,2136,0,0,0,0.0,,
1,7,test,test_other,distance_ge_2,57551,0,0,0,0.0,,
1,7,test,test_other,previous,2136,0,0,0,0.0,,
1,7,test,test_other,self,2136,0,0,0,0.0,,
1,8,demo,answer_prediction,distance_ge_2,8544,0,0,0,0.0,,
1,8,demo,demo,distance_ge_2,1000158,0,0,0,0.0,,
1,8,demo,demo,previous,8544,0,0,0,0.0,,
1,8,demo,demo,self,8544,0,0,0,0.0,,
1,8,demo,test_other,distance_ge_2,451008,0,0,0,0.0,,
1,8,test,answer_prediction,distance_ge_2,2136,0,0,0,0.0,,
1,8,test,test_other,distance_ge_2,57551,0,0,0,0.0,,
1,8,test,test_other,previous,2136,0,0,0,0.0,,
1,8,test,test_other,self,2136,0,0,0,0.0,,
1,9,demo,answer_prediction,distance_ge_2,8544,0,0,0,0.0,,
1,9,demo,demo,distance_ge_2,1000158,192,192,30,0.00019196966879233082,0.08712118555558845,0.005991992773488164
1,9,demo,demo,previous,8544,0,0,0,0.0,,
1,9,demo,demo,self,8544,0,0,0,0.0,,
1,9,demo,test_other,distance_ge_2,451008,0,0,0,0.0,,
1,9,test,answer_prediction,distance_ge_2,2136,0,0,0,0.0,,
1,9,test,test_other,distance_ge_2,57551,14,14,6,0.00024326249761081475,0.007603663818112442,0.008132996169609084
1,9,test,test_other,previous,2136,0,0,0,0.0,,
1,9,test,test_other,self,2136,2,2,1,0.0009363295880149813,0.0,0.0
1,10,demo,answer_prediction,distance_ge_2,8544,0,0,0,0.0,,
1,10,demo,demo,distance_ge_2,1000158,0,0,0,0.0,,
1,10,demo,demo,previous,8544,0,0,0,0.0,,
1,10,demo,demo,self,8544,0,0,0,0.0,,
1,10,demo,test_other,distance_ge_2,451008,0,0,0,0.0,,
1,10,test,answer_prediction,distance_ge_2,2136,0,0,0,0.0,,
1,10,test,test_other,distance_ge_2,57551,0,0,0,0.0,,
1,10,test,test_other,previous,2136,0,0,0,0.0,,
1,10,test,test_other,self,2136,0,0,0,0.0,,
1,11,demo,answer_prediction,distance_ge_2,8544,0,0,0,0.0,,
1,11,demo,demo,distance_ge_2,1000158,0,0,0,0.0,,
1,11,demo,demo,previous,8544,0,0,0,0.0,,
1,11,demo,demo,self,8544,0,0,0,0.0,,
1,11,demo,test_other,distance_ge_2,451008,0,0,0,0.0,,
1,11,test,answer_prediction,distance_ge_2,2136,0,0,0,0.0,,
1,11,test,test_other,distance_ge_2,57551,0,0,0,0.0,,
1,11,test,test_other,previous,2136,0,0,0,0.0,,
1,11,test,test_other,self,2136,0,0,0,0.0,,
1,12,demo,answer_prediction,distance_ge_2,8544,0,0,0,0.0,,
1,12,demo,demo,distance_ge_2,1000158,144,144,24,0.00014397725159424811,0.0095680190740192,0.0
1,12,demo,demo,previous,8544,0,0,0,0.0,,
1,12,demo,demo,self,8544,0,0,0,0.0,,
1,12,demo,test_other,distance_ge_2,451008,0,0,0,0.0,,
1,12,test,answer_prediction,distance_ge_2,2136,0,0,0,0.0,,
1,12,test,test_other,distance_ge_2,57551,2,2,1,3.475178537297354e-05,0.0,0.008492519147694111
1,12,test,test_other,previous,2136,0,0,0,0.0,,
1,12,test,test_other,self,2136,0,0,0,0.0,,
1,13,demo,answer_prediction,distance_ge_2,8544,0,0,0,0.0,,
1,13,demo,demo,distance_ge_2,1000158,0,0,0,0.0,,
1,13,demo,demo,previous,8544,0,0,0,0.0,,
1,13,demo,demo,self,8544,0,0,0,0.0,,
1,13,demo,test_other,distance_ge_2,451008,0,0,0,0.0,,
1,13,test,answer_prediction,distance_ge_2,2136,0,0,0,0.0,,
1,13,test,test_other,distance_ge_2,57551,0,0,0,0.0,,
1,13,test,test_other,previous,2136,0,0,0,0.0,,
1,13,test,test_other,self,2136,12,12,2,0.0056179775280898875,0.017542044787357252,0.006773271132260561
1,14,demo,answer_prediction,distance_ge_2,8544,0,0,0,0.0,,
1,14,demo,demo,distance_ge_2,1000158,0,0,0,0.0,,
1,14,demo,demo,previous,8544,0,0,0,0.0,,
1,14,demo,demo,self,8544,0,0,0,0.0,,
1,14,demo,test_other,distance_ge_2,451008,0,0,0,0.0,,
1,14,test,answer_prediction,distance_ge_2,2136,0,0,0,0.0,,
1,14,test,test_other,distance_ge_2,57551,0,0,0,0.0,,
1,14,test,test_other,previous,2136,0,0,0,0.0,,
1,14,test,test_other,self,2136,0,0,0,0.0,,
1,15,demo,answer_prediction,distance_ge_2,8544,0,0,0,0.0,,
1,15,demo,demo,distance_ge_2,1000158,0,0,0,0.0,,
1,15,demo,demo,previous,8544,0,0,0,0.0,,
1,15,demo,demo,self,8544,0,0,0,0.0,,
1,15,demo,test_other,distance_ge_2,451008,0,0,0,0.0,,
1,15,test,answer_prediction,distance_ge_2,2136,0,0,0,0.0,,
1,15,test,test_other,distance_ge_2,57551,0,0,0,0.0,,
1,15,test,test_other,previous,2136,0,0,0,0.0,,
1,15,test,test_other,self,2136,0,0,0,0.0,,
1,16,demo,answer_prediction,distance_ge_2,8544,0,0,0,0.0,,
1,16,demo,demo,distance_ge_2,1000158,0,0,0,0.0,,
1,16,demo,demo,previous,8544,0,0,0,0.0,,
1,16,demo,demo,self,8544,0,0,0,0.0,,
1,16,demo,test_other,distance_ge_2,451008,0,0,0,0.0,,
1,16,test,answer_prediction,distance_ge_2,2136,0,0,0,0.0,,
1,16,test,test_other,distance_ge_2,57551,14,14,4,0.00024326249761081475,0.011797412165573664,0.014256900261638552
1,16,test,test_other,previous,2136,0,0,0,0.0,,
1,16,test,test_other,self,2136,0,0,0,0.0,,
1,17,demo,answer_prediction,distance_ge_2,8544,0,0,0,0.0,,
1,17,demo,demo,distance_ge_2,1000158,1152,1152,56,0.001151818012753985,0.003421775103359121,0.0012616438210291865
1,17,demo,demo,previous,8544,0,0,0,0.0,,
1,17,demo,demo,self,8544,6,6,1,0.0007022471910112359,0.08651109039783478,0.0
1,17,demo,test_other,distance_ge_2,451008,285,285,34,0.0006319178373776075,0.009095467667378997,0.0029653007864110627
1,17,test,answer_prediction,distance_ge_2,2136,0,0,0,0.0,,
1,17,test,test_other,distance_ge_2,57551,26,26,17,0.00045177320984865596,0.011738625444615116,0.0014086531905027537
1,17,test,test_other,previous,2136,0,0,0,0.0,,
1,17,test,test_other,self,2136,53,53,16,0.024812734082397005,0.006337249282536641,0.003466148004111535
1,18,demo,answer_prediction,distance_ge_2,8544,0,0,0,0.0,,
1,18,demo,demo,distance_ge_2,1000158,0,0,0,0.0,,
1,18,demo,demo,previous,8544,0,0,0,0.0,,
1,18,demo,demo,self,8544,0,0,0,0.0,,
1,18,demo,test_other,distance_ge_2,451008,0,0,0,0.0,,
1,18,test,answer_prediction,distance_ge_2,2136,0,0,0,0.0,,
1,18,test,test_other,distance_ge_2,57551,0,0,0,0.0,,
1,18,test,test_other,previous,2136,0,0,0,0.0,,
1,18,test,test_other,self,2136,0,0,0,0.0,,
1,19,demo,answer_prediction,distance_ge_2,8544,0,0,0,0.0,,
1,19,demo,demo,distance_ge_2,1000158,0,0,0,0.0,,
1,19,demo,demo,previous,8544,0,0,0,0.0,,
1,19,demo,demo,self,8544,0,0,0,0.0,,
1,19,demo,test_other,distance_ge_2,451008,0,0,0,0.0,,
1,19,test,answer_prediction,distance_ge_2,2136,0,0,0,0.0,,
1,19,test,test_other,distance_ge_2,57551,0,0,0,0.0,,
1,19,test,test_other,previous,2136,0,0,0,0.0,,
1,19,test,test_other,self,2136,0,0,0,0.0,,
1,20,demo,answer_prediction,distance_ge_2,8544,0,0,0,0.0,,
1,20,demo,demo,distance_ge_2,1000158,0,0,0,0.0,,
1,20,demo,demo,previous,8544,0,0,0,0.0,,
1,20,demo,demo,self,8544,0,0,0,0.0,,
1,20,demo,test_other,distance_ge_2,451008,0,0,0,0.0,,
1,20,test,answer_prediction,distance_ge_2,2136,0,0,0,0.0,,
1,20,test,test_other,distance_ge_2,57551,1,1,1,1.737589268648677e-05,0.0,0.04531503841280937
1,20,test,test_other,previous,2136,0,0,0,0.0,,
1,20,test,test_other,self,2136,0,0,0,0.0,,
1,21,demo,answer_prediction,distance_ge_2,8544,0,0,0,0.0,,
1,21,demo,demo,distance_ge_2,1000158,354,354,33,0.0003539440768358599,0.010383703524909787,0.012493047500187057
1,21,demo,demo,previous,8544,0,0,0,0.0,,
1,21,demo,demo,self,8544,0,0,0,0.0,,
1,21,demo,test_other,distance_ge_2,451008,0,0,0,0.0,,
1,21,test,answer_prediction,distance_ge_2,2136,0,0,0,0.0,,
1,21,test,test_other,distance_ge_2,57551,476,476,85,0.008270924918767701,0.00589390949636338,0.006018296724719489
1,21,test,test_other,previous,2136,0,0,0,0.0,,
1,21,test,test_other,self,2136,0,0,0,0.0,,
1,22,demo,answer_prediction,distance_ge_2,8544,0,0,0,0.0,,
1,22,demo,demo,distance_ge_2,1000158,0,0,0,0.0,,
1,22,demo,demo,previous,8544,0,0,0,0.0,,
1,22,demo,demo,self,8544,0,0,0,0.0,,
1,22,demo,test_other,distance_ge_2,451008,0,0,0,0.0,,
1,22,test,answer_prediction,distance_ge_2,2136,0,0,0,0.0,,
1,22,test,test_other,distance_ge_2,57551,0,0,0,0.0,,
1,22,test,test_other,previous,2136,0,0,0,0.0,,
1,22,test,test_other,self,2136,0,0,0,0.0,,
1,23,demo,answer_prediction,distance_ge_2,8544,0,0,0,0.0,,
1,23,demo,demo,distance_ge_2,1000158,0,0,0,0.0,,
1,23,demo,demo,previous,8544,0,0,0,0.0,,
1,23,demo,demo,self,8544,0,0,0,0.0,,
1,23,demo,test_other,distance_ge_2,451008,0,0,0,0.0,,
1,23,test,answer_prediction,distance_ge_2,2136,0,0,0,0.0,,
1,23,test,test_other,distance_ge_2,57551,0,0,0,0.0,,
1,23,test,test_other,previous,2136,0,0,0,0.0,,
1,23,test,test_other,self,2136,0,0,0,0.0,,
1,24,demo,answer_prediction,distance_ge_2,8544,0,0,0,0.0,,
1,24,demo,demo,distance_ge_2,1000158,0,0,0,0.0,,
1,24,demo,demo,previous,8544,0,0,0,0.0,,
1,24,demo,demo,self,8544,0,0,0,0.0,,
1,24,demo,test_other,distance_ge_2,451008,0,0,0,0.0,,
1,24,test,answer_prediction,distance_ge_2,2136,0,0,0,0.0,,
1,24,test,test_other,distance_ge_2,57551,0,0,0,0.0,,
1,24,test,test_other,previous,2136,0,0,0,0.0,,
1,24,test,test_other,self,2136,0,0,0,0.0,,
1,25,demo,answer_prediction,distance_ge_2,8544,0,0,0,0.0,,
1,25,demo,demo,distance_ge_2,1000158,0,0,0,0.0,,
1,25,demo,demo,previous,8544,0,0,0,0.0,,
1,25,demo,demo,self,8544,0,0,0,0.0,,
1,25,demo,test_other,distance_ge_2,451008,0,0,0,0.0,,
1,25,test,answer_prediction,distance_ge_2,2136,0,0,0,0.0,,
1,25,test,test_other,distance_ge_2,57551,0,0,0,0.0,,
1,25,test,test_other,previous,2136,0,0,0,0.0,,
1,25,test,test_other,self,2136,0,0,0,0.0,,
1,26,demo,answer_prediction,distance_ge_2,8544,0,0,0,0.0,,
1,26,demo,demo,distance_ge_2,1000158,0,0,0,0.0,,
1,26,demo,demo,previous,8544,0,0,0,0.0,,
1,26,demo,demo,self,8544,0,0,0,0.0,,
1,26,demo,test_other,distance_ge_2,451008,0,0,0,0.0,,
1,26,test,answer_prediction,distance_ge_2,2136,0,0,0,0.0,,
1,26,test,test_other,distance_ge_2,57551,13,13,4,0.00022588660492432798,0.003275687304826883,0.04146887347675287
1,26,test,test_other,previous,2136,0,0,0,0.0,,
1,26,test,test_other,self,2136,0,0,0,0.0,,
1,27,demo,answer_prediction,distance_ge_2,8544,0,0,0,0.0,,
1,27,demo,demo,distance_ge_2,1000158,1632,1632,88,0.001631742184734812,0.08696392233233542,0.017099234359550027
1,27,demo,demo,previous,8544,0,0,0,0.0,,
1,27,demo,demo,self,8544,0,0,0,0.0,,
1,27,demo,test_other,distance_ge_2,451008,3,3,1,6.651766709237974e-06,0.0,0.0
1,27,test,answer_prediction,distance_ge_2,2136,0,0,0,0.0,,
1,27,test,test_other,distance_ge_2,57551,411,411,84,0.007141491894146062,0.03167260778582314,0.008514717064269336
1,27,test,test_other,previous,2136,0,0,0,0.0,,
1,27,test,test_other,self,2136,0,0,0,0.0,,
1,28,demo,answer_prediction,distance_ge_2,8544,0,0,0,0.0,,
1,28,demo,demo,distance_ge_2,1000158,0,0,0,0.0,,
1,28,demo,demo,previous,8544,0,0,0,0.0,,
1,28,demo,demo,self,8544,0,0,0,0.0,,
1,28,demo,test_other,distance_ge_2,451008,0,0,0,0.0,,
1,28,test,answer_prediction,distance_ge_2,2136,0,0,0,0.0,,
1,28,test,test_other,distance_ge_2,57551,0,0,0,0.0,,
1,28,test,test_other,previous,2136,0,0,0,0.0,,
1,28,test,test_other,self,2136,0,0,0,0.0,,
1,29,demo,answer_prediction,distance_ge_2,8544,0,0,0,0.0,,
1,29,demo,demo,distance_ge_2,1000158,0,0,0,0.0,,
1,29,demo,demo,previous,8544,0,0,0,0.0,,
1,29,demo,demo,self,8544,0,0,0,0.0,,
1,29,demo,test_other,distance_ge_2,451008,0,0,0,0.0,,
1,29,test,answer_prediction,distance_ge_2,2136,0,0,0,0.0,,
1,29,test,test_other,distance_ge_2,57551,0,0,0,0.0,,
1,29,test,test_other,previous,2136,0,0,0,0.0,,
1,29,test,test_other,self,2136,0,0,0,0.0,,
1,30,demo,answer_prediction,distance_ge_2,8544,0,0,0,0.0,,
1,30,demo,demo,distance_ge_2,1000158,0,0,0,0.0,,
1,30,demo,demo,previous,8544,0,0,0,0.0,,
1,30,demo,demo,self,8544,0,0,0,0.0,,
1,30,demo,test_other,distance_ge_2,451008,0,0,0,0.0,,
1,30,test,answer_prediction,distance_ge_2,2136,0,0,0,0.0,,
1,30,test,test_other,distance_ge_2,57551,0,0,0,0.0,,
1,30,test,test_other,previous,2136,17,17,2,0.007958801498127341,0.02189986626891529,0.01309084563570864
1,30,test,test_other,self,2136,0,0,0,0.0,,
1,31,demo,answer_prediction,distance_ge_2,8544,0,0,0,0.0,,
1,31,demo,demo,distance_ge_2,1000158,0,0,0,0.0,,
1,31,demo,demo,previous,8544,0,0,0,0.0,,
1,31,demo,demo,self,8544,0,0,0,0.0,,
1,31,demo,test_other,distance_ge_2,451008,0,0,0,0.0,,
1,31,test,answer_prediction,distance_ge_2,2136,0,0,0,0.0,,
1,31,test,test_other,distance_ge_2,57551,0,0,0,0.0,,
1,31,test,test_other,previous,2136,0,0,0,0.0,,
1,31,test,test_other,self,2136,0,0,0,0.0,,
2,0,demo,answer_prediction,distance_ge_2,8544,0,0,0,0.0,,
2,0,demo,demo,distance_ge_2,1000158,30,30,5,2.999526074880169e-05,0.01560360174626112,0.01134062260389328
2,0,demo,demo,previous,8544,0,0,0,0.0,,
2,0,demo,demo,self,8544,0,0,0,0.0,,
2,0,demo,test_other,distance_ge_2,451008,0,0,0,0.0,,
2,0,test,answer_prediction,distance_ge_2,2136,0,0,0,0.0,,
2,0,test,test_other,distance_ge_2,57551,78,78,17,0.0013553196295459679,0.004503391202981733,0.014386728716393312
2,0,test,test_other,previous,2136,0,0,0,0.0,,
2,0,test,test_other,self,2136,35,35,11,0.01638576779026217,0.01092406910777624,0.02065386213362217
2,1,demo,answer_prediction,distance_ge_2,8544,0,0,0,0.0,,
2,1,demo,demo,distance_ge_2,1000158,0,0,0,0.0,,
2,1,demo,demo,previous,8544,0,0,0,0.0,,
2,1,demo,demo,self,8544,0,0,0,0.0,,
2,1,demo,test_other,distance_ge_2,451008,0,0,0,0.0,,
2,1,test,answer_prediction,distance_ge_2,2136,0,0,0,0.0,,
2,1,test,test_other,distance_ge_2,57551,0,0,0,0.0,,
2,1,test,test_other,previous,2136,0,0,0,0.0,,
2,1,test,test_other,self,2136,0,0,0,0.0,,
2,2,demo,answer_prediction,distance_ge_2,8544,0,0,0,0.0,,
2,2,demo,demo,distance_ge_2,1000158,0,0,0,0.0,,
2,2,demo,demo,previous,8544,0,0,0,0.0,,
2,2,demo,demo,self,8544,0,0,0,0.0,,
2,2,demo,test_other,distance_ge_2,451008,0,0,0,0.0,,
2,2,test,answer_prediction,distance_ge_2,2136,0,0,0,0.0,,
2,2,test,test_other,distance_ge_2,57551,0,0,0,0.0,,
2,2,test,test_other,previous,2136,0,0,0,0.0,,
2,2,test,test_other,self,2136,0,0,0,0.0,,
2,3,demo,answer_prediction,distance_ge_2,8544,0,0,0,0.0,,
2,3,demo,demo,distance_ge_2,1000158,0,0,0,0.0,,
2,3,demo,demo,previous,8544,0,0,0,0.0,,
2,3,demo,demo,self,8544,168,168,27,0.019662921348314606,0.0123622848158924,0.0
2,3,demo,test_other,distance_ge_2,451008,0,0,0,0.0,,
2,3,test,answer_prediction,distance_ge_2,2136,0,0,0,0.0,,
2,3,test,test_other,distance_ge_2,57551,0,0,0,0.0,,
2,3,test,test_other,previous,2136,0,0,0,0.0,,
2,3,test,test_other,self,2136,57,57,10,0.026685393258426966,0.009302443173191134,0.013091651902517728
2,4,demo,answer_prediction,distance_ge_2,8544,0,0,0,0.0,,
2,4,demo,demo,distance_ge_2,1000158,0,0,0,0.0,,
2,4,demo,demo,previous,8544,0,0,0,0.0,,
2,4,demo,demo,self,8544,0,0,0,0.0,,
2,4,demo,test_other,distance_ge_2,451008,0,0,0,0.0,,
2,4,test,answer_prediction,distance_ge_2,2136,0,0,0,0.0,,
2,4,test,test_other,distance_ge_2,57551,0,0,0,0.0,,
2,4,test,test_other,previous,2136,0,0,0,0.0,,
2,4,test,test_other,self,2136,0,0,0,0.0,,
2,5,demo,answer_prediction,distance_ge_2,8544,0,0,0,0.0,,
2,5,demo,demo,distance_ge_2,1000158,0,0,0,0.0,,
2,5,demo,demo,previous,8544,0,0,0,0.0,,
2,5,demo,demo,self,8544,0,0,0,0.0,,
2,5,demo,test_other,distance_ge_2,451008,0,0,0,0.0,,
2,5,test,answer_prediction,distance_ge_2,2136,0,0,0,0.0,,
2,5,test,test_other,distance_ge_2,57551,0,0,0,0.0,,
2,5,test,test_other,previous,2136,0,0,0,0.0,,
2,5,test,test_other,self,2136,0,0,0,0.0,,
2,6,demo,answer_prediction,distance_ge_2,8544,0,0,0,0.0,,
2,6,demo,demo,distance_ge_2,1000158,0,0,0,0.0,,
2,6,demo,demo,previous,8544,0,0,0,0.0,,
2,6,demo,demo,self,8544,0,0,0,0.0,,
2,6,demo,test_other,distance_ge_2,451008,0,0,0,0.0,,
2,6,test,answer_prediction,distance_ge_2,2136,0,0,0,0.0,,
2,6,test,test_other,distance_ge_2,57551,0,0,0,0.0,,
2,6,test,test_other,previous,2136,0,0,0,0.0,,
2,6,test,test_other,self,2136,0,0,0,0.0,,
2,7,demo,answer_prediction,distance_ge_2,8544,0,0,0,0.0,,
2,7,demo,demo,distance_ge_2,1000158,0,0,0,0.0,,
2,7,demo,demo,previous,8544,0,0,0,0.0,,
2,7,demo,demo,self,8544,0,0,0,0.0,,
2,7,demo,test_other,distance_ge_2,451008,0,0,0,0.0,,
2,7,test,answer_prediction,distance_ge_2,2136,0,0,0,0.0,,
2,7,test,test_other,distance_ge_2,57551,0,0,0,0.0,,
2,7,test,test_other,previous,2136,0,0,0,0.0,,
2,7,test,test_other,self,2136,18,18,4,0.008426966292134831,0.005651375020129813,0.0317506254133251
2,8,demo,answer_prediction,distance_ge_2,8544,0,0,0,0.0,,
2,8,demo,demo,distance_ge_2,1000158,0,0,0,0.0,,
2,8,demo,demo,previous,8544,0,0,0,0.0,,
2,8,demo,demo,self,8544,0,0,0,0.0,,
2,8,demo,test_other,distance_ge_2,451008,0,0,0,0.0,,
2,8,test,answer_prediction,distance_ge_2,2136,0,0,0,0.0,,
2,8,test,test_other,distance_ge_2,57551,0,0,0,0.0,,
2,8,test,test_other,previous,2136,0,0,0,0.0,,
2,8,test,test_other,self,2136,6,6,1,0.0028089887640449437,0.0,0.0
2,9,demo,answer_prediction,distance_ge_2,8544,0,0,0,0.0,,
2,9,demo,demo,distance_ge_2,1000158,0,0,0,0.0,,
2,9,demo,demo,previous,8544,0,0,0,0.0,,
2,9,demo,demo,self,8544,0,0,0,0.0,,
2,9,demo,test_other,distance_ge_2,451008,0,0,0,0.0,,
2,9,test,answer_prediction,distance_ge_2,2136,0,0,0,0.0,,
2,9,test,test_other,distance_ge_2,57551,0,0,0,0.0,,
2,9,test,test_other,previous,2136,0,0,0,0.0,,
2,9,test,test_other,self,2136,0,0,0,0.0,,
2,10,demo,answer_prediction,distance_ge_2,8544,0,0,0,0.0,,
2,10,demo,demo,distance_ge_2,1000158,0,0,0,0.0,,
2,10,demo,demo,previous,8544,0,0,0,0.0,,
2,10,demo,demo,self,8544,0,0,0,0.0,,
2,10,demo,test_other,distance_ge_2,451008,0,0,0,0.0,,
2,10,test,answer_prediction,distance_ge_2,2136,0,0,0,0.0,,
2,10,test,test_other,distance_ge_2,57551,0,0,0,0.0,,
2,10,test,test_other,previous,2136,0,0,0,0.0,,
2,10,test,test_other,self,2136,0,0,0,0.0,,
2,11,demo,answer_prediction,distance_ge_2,8544,0,0,0,0.0,,
2,11,demo,demo,distance_ge_2,1000158,0,0,0,0.0,,
2,11,demo,demo,previous,8544,0,0,0,0.0,,
2,11,demo,demo,self,8544,0,0,0,0.0,,
2,11,demo,test_other,distance_ge_2,451008,0,0,0,0.0,,
2,11,test,answer_prediction,distance_ge_2,2136,0,0,0,0.0,,
2,11,test,test_other,distance_ge_2,57551,0,0,0,0.0,,
2,11,test,test_other,previous,2136,0,0,0,0.0,,
2,11,test,test_other,self,2136,0,0,0,0.0,,
2,12,demo,answer_prediction,distance_ge_2,8544,0,0,0,0.0,,
2,12,demo,demo,distance_ge_2,1000158,0,0,0,0.0,,
2,12,demo,demo,previous,8544,0,0,0,0.0,,
2,12,demo,demo,self,8544,0,0,0,0.0,,
2,12,demo,test_other,distance_ge_2,451008,0,0,0,0.0,,
2,12,test,answer_prediction,distance_ge_2,2136,0,0,0,0.0,,
2,12,test,test_other,distance_ge_2,57551,0,0,0,0.0,,
2,12,test,test_other,previous,2136,0,0,0,0.0,,
2,12,test,test_other,self,2136,0,0,0,0.0,,
2,13,demo,answer_prediction,distance_ge_2,8544,0,0,0,0.0,,
2,13,demo,demo,distance_ge_2,1000158,0,0,0,0.0,,
2,13,demo,demo,previous,8544,0,0,0,0.0,,
2,13,demo,demo,self,8544,0,0,0,0.0,,
2,13,demo,test_other,distance_ge_2,451008,0,0,0,0.0,,
2,13,test,answer_prediction,distance_ge_2,2136,0,0,0,0.0,,
2,13,test,test_other,distance_ge_2,57551,0,0,0,0.0,,
2,13,test,test_other,previous,2136,0,0,0,0.0,,
2,13,test,test_other,self,2136,0,0,0,0.0,,
2,14,demo,answer_prediction,distance_ge_2,8544,0,0,0,0.0,,
2,14,demo,demo,distance_ge_2,1000158,0,0,0,0.0,,
2,14,demo,demo,previous,8544,0,0,0,0.0,,
2,14,demo,demo,self,8544,0,0,0,0.0,,
2,14,demo,test_other,distance_ge_2,451008,0,0,0,0.0,,
2,14,test,answer_prediction,distance_ge_2,2136,0,0,0,0.0,,
2,14,test,test_other,distance_ge_2,57551,0,0,0,0.0,,
2,14,test,test_other,previous,2136,0,0,0,0.0,,
2,14,test,test_other,self,2136,0,0,0,0.0,,
2,15,demo,answer_prediction,distance_ge_2,8544,0,0,0,0.0,,
2,15,demo,demo,distance_ge_2,1000158,0,0,0,0.0,,
2,15,demo,demo,previous,8544,0,0,0,0.0,,
2,15,demo,demo,self,8544,0,0,0,0.0,,
2,15,demo,test_other,distance_ge_2,451008,0,0,0,0.0,,
2,15,test,answer_prediction,distance_ge_2,2136,0,0,0,0.0,,
2,15,test,test_other,distance_ge_2,57551,0,0,0,0.0,,
2,15,test,test_other,previous,2136,0,0,0,0.0,,
2,15,test,test_other,self,2136,0,0,0,0.0,,
2,16,demo,answer_prediction,distance_ge_2,8544,0,0,0,0.0,,
2,16,demo,demo,distance_ge_2,1000158,0,0,0,0.0,,
2,16,demo,demo,previous,8544,0,0,0,0.0,,
2,16,demo,demo,self,8544,0,0,0,0.0,,
2,16,demo,test_other,distance_ge_2,451008,0,0,0,0.0,,
2,16,test,answer_prediction,distance_ge_2,2136,0,0,0,0.0,,
2,16,test,test_other,distance_ge_2,57551,0,0,0,0.0,,
2,16,test,test_other,previous,2136,0,0,0,0.0,,
2,16,test,test_other,self,2136,18,18,3,0.008426966292134831,0.0028447067856581677,0.04869522671732637
2,17,demo,answer_prediction,distance_ge_2,8544,0,0,0,0.0,,
2,17,demo,demo,distance_ge_2,1000158,0,0,0,0.0,,
2,17,demo,demo,previous,8544,0,0,0,0.0,,
2,17,demo,demo,self,8544,0,0,0,0.0,,
2,17,demo,test_other,distance_ge_2,451008,0,0,0,0.0,,
2,17,test,answer_prediction,distance_ge_2,2136,0,0,0,0.0,,
2,17,test,test_other,distance_ge_2,57551,0,0,0,0.0,,
2,17,test,test_other,previous,2136,0,0,0,0.0,,
2,17,test,test_other,self,2136,0,0,0,0.0,,
2,18,demo,answer_prediction,distance_ge_2,8544,0,0,0,0.0,,
2,18,demo,demo,distance_ge_2,1000158,0,0,0,0.0,,
2,18,demo,demo,previous,8544,0,0,0,0.0,,
2,18,demo,demo,self,8544,132,132,22,0.01544943820224719,0.0,0.013974117344001901
2,18,demo,test_other,distance_ge_2,451008,0,0,0,0.0,,
2,18,test,answer_prediction,distance_ge_2,2136,0,0,0,0.0,,
2,18,test,test_other,distance_ge_2,57551,0,0,0,0.0,,
2,18,test,test_other,previous,2136,0,0,0,0.0,,
2,18,test,test_other,self,2136,12,12,2,0.0056179775280898875,0.0,0.0190839888479483
2,19,demo,answer_prediction,distance_ge_2,8544,0,0,0,0.0,,
2,19,demo,demo,distance_ge_2,1000158,0,0,0,0.0,,
2,19,demo,demo,previous,8544,0,0,0,0.0,,
2,19,demo,demo,self,8544,0,0,0,0.0,,
2,19,demo,test_other,distance_ge_2,451008,0,0,0,0.0,,
2,19,test,answer_prediction,distance_ge_2,2136,0,0,0,0.0,,
2,19,test,test_other,distance_ge_2,57551,0,0,0,0.0,,
2,19,test,test_other,previous,2136,0,0,0,0.0,,
2,19,test,test_other,self,2136,0,0,0,0.0,,
2,20,demo,answer_prediction,distance_ge_2,8544,0,0,0,0.0,,
2,20,demo,demo,distance_ge_2,1000158,18,18,3,1.7997156449281014e-05,0.0040533815044909716,0.005131315362329285
2,20,demo,demo,previous,8544,0,0,0,0.0,,
2,20,demo,demo,self,8544,0,0,0,0.0,,
2,20,demo,test_other,distance_ge_2,451008,0,0,0,0.0,,
2,20,test,answer_prediction,distance_ge_2,2136,0,0,0,0.0,,
2,20,test,test_other,distance_ge_2,57551,1,1,1,1.737589268648677e-05,0.0,0.016885222867131233
2,20,test,test_other,previous,2136,0,0,0,0.0,,
2,20,test,test_other,self,2136,0,0,0,0.0,,
2,21,demo,answer_prediction,distance_ge_2,8544,0,0,0,0.0,,
2,21,demo,demo,distance_ge_2,1000158,0,0,0,0.0,,
2,21,demo,demo,previous,8544,0,0,0,0.0,,
2,21,demo,demo,self,8544,276,276,43,0.032303370786516857,0.002827162304353239,0.0
2,21,demo,test_other,distance_ge_2,451008,0,0,0,0.0,,
2,21,test,answer_prediction,distance_ge_2,2136,0,0,0,0.0,,
2,21,test,test_other,distance_ge_2,57551,60,60,16,0.001042553561189206,0.004705216996565772,0.007313599076587707
2,21,test,test_other,previous,2136,3,3,1,0.0014044943820224719,0.0017215321616580088,0.0
2,21,test,test_other,self,2136,30,30,7,0.014044943820224719,0.01047617569565773,0.04538688287138939
2,22,demo,answer_prediction,distance_ge_2,8544,0,0,0,0.0,,
2,22,demo,demo,distance_ge_2,1000158,24,24,4,2.3996208599041352e-05,0.022891621648644406,0.0
2,22,demo,demo,previous,8544,0,0,0,0.0,,
2,22,demo,demo,self,8544,0,0,0,0.0,,
2,22,demo,test_other,distance_ge_2,451008,0,0,0,0.0,,
2,22,test,answer_prediction,distance_ge_2,2136,0,0,0,0.0,,
2,22,test,test_other,distance_ge_2,57551,38,38,15,0.0006602839220864972,0.010827091457414147,0.02031199492844998
2,22,test,test_other,previous,2136,0,0,0,0.0,,
2,22,test,test_other,self,2136,0,0,0,0.0,,
2,23,demo,answer_prediction,distance_ge_2,8544,0,0,0,0.0,,
2,23,demo,demo,distance_ge_2,1000158,222,222,35,0.0002219649295411325,0.0014869965096885288,0.04542196857499647
2,23,demo,demo,previous,8544,0,0,0,0.0,,
2,23,demo,demo,self,8544,0,0,0,0.0,,
2,23,demo,test_other,distance_ge_2,451008,3,3,2,6.651766709237974e-06,0.005772305652499199,0.003132591024041176
2,23,test,answer_prediction,distance_ge_2,2136,0,0,0,0.0,,
2,23,test,test_other,distance_ge_2,57551,67,67,25,0.0011641848099946134,0.01842767187157896,0.016040534696193348
2,23,test,test_other,previous,2136,0,0,0,0.0,,
2,23,test,test_other,self,2136,0,0,0,0.0,,
2,24,demo,answer_prediction,distance_ge_2,8544,0,0,0,0.0,,
2,24,demo,demo,distance_ge_2,1000158,0,0,0,0.0,,
2,24,demo,demo,previous,8544,0,0,0,0.0,,
2,24,demo,demo,self,8544,0,0,0,0.0,,
2,24,demo,test_other,distance_ge_2,451008,0,0,0,0.0,,
2,24,test,answer_prediction,distance_ge_2,2136,0,0,0,0.0,,
2,24,test,test_other,distance_ge_2,57551,0,0,0,0.0,,
2,24,test,test_other,previous,2136,0,0,0,0.0,,
2,24,test,test_other,self,2136,19,19,4,0.008895131086142321,0.005122856335028222,0.019732960058670295
2,25,demo,answer_prediction,distance_ge_2,8544,0,0,0,0.0,,
2,25,demo,demo,distance_ge_2,1000158,0,0,0,0.0,,
2,25,demo,demo,previous,8544,0,0,0,0.0,,
2,25,demo,demo,self,8544,0,0,0,0.0,,
2,25,demo,test_other,distance_ge_2,451008,0,0,0,0.0,,
2,25,test,answer_prediction,distance_ge_2,2136,0,0,0,0.0,,
2,25,test,test_other,distance_ge_2,57551,1,1,1,1.737589268648677e-05,0.05765555053949356,0.0
2,25,test,test_other,previous,2136,0,0,0,0.0,,
2,25,test,test_other,self,2136,0,0,0,0.0,,
2,26,demo,answer_prediction,distance_ge_2,8544,0,0,0,0.0,,
2,26,demo,demo,distance_ge_2,1000158,0,0,0,0.0,,
2,26,demo,demo,previous,8544,0,0,0,0.0,,
2,26,demo,demo,self,8544,0,0,0,0.0,,
2,26,demo,test_other,distance_ge_2,451008,0,0,0,0.0,,
2,26,test,answer_prediction,distance_ge_2,2136,0,0,0,0.0,,
2,26,test,test_other,distance_ge_2,57551,0,0,0,0.0,,
2,26,test,test_other,previous,2136,0,0,0,0.0,,
2,26,test,test_other,self,2136,0,0,0,0.0,,
2,27,demo,answer_prediction,distance_ge_2,8544,0,0,0,0.0,,
2,27,demo,demo,distance_ge_2,1000158,0,0,0,0.0,,
2,27,demo,demo,previous,8544,0,0,0,0.0,,
2,27,demo,demo,self,8544,0,0,0,0.0,,
2,27,demo,test_other,distance_ge_2,451008,0,0,0,0.0,,
2,27,test,answer_prediction,distance_ge_2,2136,0,0,0,0.0,,
2,27,test,test_other,distance_ge_2,57551,0,0,0,0.0,,
2,27,test,test_other,previous,2136,0,0,0,0.0,,
2,27,test,test_other,self,2136,0,0,0,0.0,,
2,28,demo,answer_prediction,distance_ge_2,8544,0,0,0,0.0,,
2,28,demo,demo,distance_ge_2,1000158,0,0,0,0.0,,
2,28,demo,demo,previous,8544,0,0,0,0.0,,
2,28,demo,demo,self,8544,0,0,0,0.0,,
2,28,demo,test_other,distance_ge_2,451008,0,0,0,0.0,,
2,28,test,answer_prediction,distance_ge_2,2136,0,0,0,0.0,,
2,28,test,test_other,distance_ge_2,57551,0,0,0,0.0,,
2,28,test,test_other,previous,2136,0,0,0,0.0,,
2,28,test,test_other,self,2136,0,0,0,0.0,,
2,29,demo,answer_prediction,distance_ge_2,8544,0,0,0,0.0,,
2,29,demo,demo,distance_ge_2,1000158,0,0,0,0.0,,
2,29,demo,demo,previous,8544,0,0,0,0.0,,
2,29,demo,demo,self,8544,0,0,0,0.0,,
2,29,demo,test_other,distance_ge_2,451008,0,0,0,0.0,,
2,29,test,answer_prediction,distance_ge_2,2136,0,0,0,0.0,,
2,29,test,test_other,distance_ge_2,57551,0,0,0,0.0,,
2,29,test,test_other,previous,2136,2,2,1,0.0009363295880149813,0.009540791623294353,0.0
2,29,test,test_other,self,2136,0,0,0,0.0,,
2,30,demo,answer_prediction,distance_ge_2,8544,0,0,0,0.0,,
2,30,demo,demo,distance_ge_2,1000158,0,0,0,0.0,,
2,30,demo,demo,previous,8544,0,0,0,0.0,,
2,30,demo,demo,self,8544,0,0,0,0.0,,
2,30,demo,test_other,distance_ge_2,451008,0,0,0,0.0,,
2,30,test,answer_prediction,distance_ge_2,2136,0,0,0,0.0,,
2,30,test,test_other,distance_ge_2,57551,0,0,0,0.0,,
2,30,test,test_other,previous,2136,0,0,0,0.0,,
2,30,test,test_other,self,2136,0,0,0,0.0,,
2,31,demo,answer_prediction,distance_ge_2,8544,0,0,0,0.0,,
2,31,demo,demo,distance_ge_2,1000158,0,0,0,0.0,,
2,31,demo,demo,previous,8544,0,0,0,0.0,,
2,31,demo,demo,self,8544,0,0,0,0.0,,
2,31,demo,test_other,distance_ge_2,451008,0,0,0,0.0,,
2,31,test,answer_prediction,distance_ge_2,2136,0,0,0,0.0,,
2,31,test,test_other,distance_ge_2,57551,0,0,0,0.0,,
2,31,test,test_other,previous,2136,0,0,0,0.0,,
2,31,test,test_other,self,2136,0,0,0,0.0,,
3,0,demo,answer_prediction,distance_ge_2,8544,0,0,0,0.0,,
3,0,demo,demo,distance_ge_2,1000158,0,0,0,0.0,,
3,0,demo,demo,previous,8544,0,0,0,0.0,,
3,0,demo,demo,self,8544,0,0,0,0.0,,
3,0,demo,test_other,distance_ge_2,451008,0,0,0,0.0,,
3,0,test,answer_prediction,distance_ge_2,2136,0,0,0,0.0,,
3,0,test,test_other,distance_ge_2,57551,0,0,0,0.0,,
3,0,test,test_other,previous,2136,0,0,0,0.0,,
3,0,test,test_other,self,2136,0,0,0,0.0,,
3,1,demo,answer_prediction,distance_ge_2,8544,0,0,0,0.0,,
3,1,demo,demo,distance_ge_2,1000158,0,0,0,0.0,,
3,1,demo,demo,previous,8544,0,0,0,0.0,,
3,1,demo,demo,self,8544,0,0,0,0.0,,
3,1,demo,test_other,distance_ge_2,451008,0,0,0,0.0,,
3,1,test,answer_prediction,distance_ge_2,2136,0,0,0,0.0,,
3,1,test,test_other,distance_ge_2,57551,0,0,0,0.0,,
3,1,test,test_other,previous,2136,0,0,0,0.0,,
3,1,test,test_other,self,2136,0,0,0,0.0,,
3,2,demo,answer_prediction,distance_ge_2,8544,0,0,0,0.0,,
3,2,demo,demo,distance_ge_2,1000158,0,0,0,0.0,,
3,2,demo,demo,previous,8544,0,0,0,0.0,,
3,2,demo,demo,self,8544,0,0,0,0.0,,
3,2,demo,test_other,distance_ge_2,451008,0,0,0,0.0,,
3,2,test,answer_prediction,distance_ge_2,2136,0,0,0,0.0,,
3,2,test,test_other,distance_ge_2,57551,0,0,0,0.0,,
3,2,test,test_other,previous,2136,0,0,0,0.0,,
3,2,test,test_other,self,2136,0,0,0,0.0,,
3,3,demo,answer_prediction,distance_ge_2,8544,0,0,0,0.0,,
3,3,demo,demo,distance_ge_2,1000158,0,0,0,0.0,,
3,3,demo,demo,previous,8544,0,0,0,0.0,,
3,3,demo,demo,self,8544,0,0,0,0.0,,
3,3,demo,test_other,distance_ge_2,451008,0,0,0,0.0,,
3,3,test,answer_prediction,distance_ge_2,2136,0,0,0,0.0,,
3,3,test,test_other,distance_ge_2,57551,0,0,0,0.0,,
3,3,test,test_other,previous,2136,0,0,0,0.0,,
3,3,test,test_other,self,2136,0,0,0,0.0,,
3,4,demo,answer_prediction,distance_ge_2,8544,0,0,0,0.0,,
3,4,demo,demo,distance_ge_2,1000158,0,0,0,0.0,,
3,4,demo,demo,previous,8544,0,0,0,0.0,,
3,4,demo,demo,self,8544,0,0,0,0.0,,
3,4,demo,test_other,distance_ge_2,451008,0,0,0,0.0,,
3,4,test,answer_prediction,distance_ge_2,2136,0,0,0,0.0,,
3,4,test,test_other,distance_ge_2,57551,0,0,0,0.0,,
3,4,test,test_other,previous,2136,0,0,0,0.0,,
3,4,test,test_other,self,2136,8,8,2,0.003745318352059925,0.0,0.011796000762842596
3,5,demo,answer_prediction,distance_ge_2,8544,0,0,0,0.0,,
3,5,demo,demo,distance_ge_2,1000158,0,0,0,0.0,,
3,5,demo,demo,previous,8544,0,0,0,0.0,,
3,5,demo,demo,self,8544,0,0,0,0.0,,
3,5,demo,test_other,distance_ge_2,451008,0,0,0,0.0,,
3,5,test,answer_prediction,distance_ge_2,2136,0,0,0,0.0,,
3,5,test,test_other,distance_ge_2,57551,0,0,0,0.0,,
3,5,test,test_other,previous,2136,0,0,0,0.0,,
3,5,test,test_other,self,2136,0,0,0,0.0,,
3,6,demo,answer_prediction,distance_ge_2,8544,0,0,0,0.0,,
3,6,demo,demo,distance_ge_2,1000158,0,0,0,0.0,,
3,6,demo,demo,previous,8544,0,0,0,0.0,,
3,6,demo,demo,self,8544,0,0,0,0.0,,
3,6,demo,test_other,distance_ge_2,451008,0,0,0,0.0,,
3,6,test,answer_prediction,distance_ge_2,2136,0,0,0,0.0,,
3,6,test,test_other,distance_ge_2,57551,0,0,0,0.0,,
3,6,test,test_other,previous,2136,0,0,0,0.0,,
3,6,test,test_other,self,2136,0,0,0,0.0,,
3,7,demo,answer_prediction,distance_ge_2,8544,0,0,0,0.0,,
3,7,demo,demo,distance_ge_2,1000158,0,0,0,0.0,,
3,7,demo,demo,previous,8544,0,0,0,0.0,,
3,7,demo,demo,self,8544,0,0,0,0.0,,
3,7,demo,test_other,distance_ge_2,451008,0,0,0,0.0,,
3,7,test,answer_prediction,distance_ge_2,2136,0,0,0,0.0,,
3,7,test,test_other,distance_ge_2,57551,0,0,0,0.0,,
3,7,test,test_other,previous,2136,0,0,0,0.0,,
3,7,test,test_other,self,2136,0,0,0,0.0,,
3,8,demo,answer_prediction,distance_ge_2,8544,0,0,0,0.0,,
3,8,demo,demo,distance_ge_2,1000158,0,0,0,0.0,,
3,8,demo,demo,previous,8544,0,0,0,0.0,,
3,8,demo,demo,self,8544,0,0,0,0.0,,
3,8,demo,test_other,distance_ge_2,451008,0,0,0,0.0,,
3,8,test,answer_prediction,distance_ge_2,2136,0,0,0,0.0,,
3,8,test,test_other,distance_ge_2,57551,0,0,0,0.0,,
3,8,test,test_other,previous,2136,0,0,0,0.0,,
3,8,test,test_other,self,2136,0,0,0,0.0,,
3,9,demo,answer_prediction,distance_ge_2,8544,0,0,0,0.0,,
3,9,demo,demo,distance_ge_2,1000158,0,0,0,0.0,,
3,9,demo,demo,previous,8544,0,0,0,0.0,,
3,9,demo,demo,self,8544,30,30,5,0.0035112359550561797,0.0350680207212766,0.008055312186479568
3,9,demo,test_other,distance_ge_2,451008,0,0,0,0.0,,
3,9,test,answer_prediction,distance_ge_2,2136,0,0,0,0.0,,
3,9,test,test_other,distance_ge_2,57551,0,0,0,0.0,,
3,9,test,test_other,previous,2136,0,0,0,0.0,,
3,9,test,test_other,self,2136,48,48,11,0.02247191011235955,0.007722182654712621,0.0234651940021043
3,10,demo,answer_prediction,distance_ge_2,8544,0,0,0,0.0,,
3,10,demo,demo,distance_ge_2,1000158,0,0,0,0.0,,
3,10,demo,demo,previous,8544,0,0,0,0.0,,
3,10,demo,demo,self,8544,0,0,0,0.0,,
3,10,demo,test_other,distance_ge_2,451008,0,0,0,0.0,,
3,10,test,answer_prediction,distance_ge_2,2136,0,0,0,0.0,,
3,10,test,test_other,distance_ge_2,57551,0,0,0,0.0,,
3,10,test,test_other,previous,2136,0,0,0,0.0,,
3,10,test,test_other,self,2136,0,0,0,0.0,,
3,11,demo,answer_prediction,distance_ge_2,8544,0,0,0,0.0,,
3,11,demo,demo,distance_ge_2,1000158,0,0,0,0.0,,
3,11,demo,demo,previous,8544,144,144,16,0.016853932584269662,0.2501728869974613,0.058629428346951805
3,11,demo,demo,self,8544,0,0,0,0.0,,
3,11,demo,test_other,distance_ge_2,451008,0,0,0,0.0,,
3,11,test,answer_prediction,distance_ge_2,2136,0,0,0,0.0,,
3,11,test,test_other,distance_ge_2,57551,0,0,0,0.0,,
3,11,test,test_other,previous,2136,5,5,1,0.0023408239700374533,0.03842850774526596,0.0
3,11,test,test_other,self,2136,0,0,0,0.0,,
3,12,demo,answer_prediction,distance_ge_2,8544,0,0,0,0.0,,
3,12,demo,demo,distance_ge_2,1000158,0,0,0,0.0,,
3,12,demo,demo,previous,8544,0,0,0,0.0,,
3,12,demo,demo,self,8544,0,0,0,0.0,,
3,12,demo,test_other,distance_ge_2,451008,0,0,0,0.0,,
3,12,test,answer_prediction,distance_ge_2,2136,0,0,0,0.0,,
3,12,test,test_other,distance_ge_2,57551,6,6,3,0.0001042553561189206,0.02477858153482278,0.003689535272618135
3,12,test,test_other,previous,2136,0,0,0,0.0,,
3,12,test,test_other,self,2136,0,0,0,0.0,,
3,13,demo,answer_prediction,distance_ge_2,8544,0,0,0,0.0,,
3,13,demo,demo,distance_ge_2,1000158,0,0,0,0.0,,
3,13,demo,demo,previous,8544,0,0,0,0.0,,
3,13,demo,demo,self,8544,0,0,0,0.0,,
3,13,demo,test_other,distance_ge_2,451008,0,0,0,0.0,,
3,13,test,answer_prediction,distance_ge_2,2136,0,0,0,0.0,,
3,13,test,test_other,distance_ge_2,57551,4,4,2,6.950357074594707e-05,0.0,0.008829073747619987
3,13,test,test_other,previous,2136,0,0,0,0.0,,
3,13,test,test_other,self,2136,0,0,0,0.0,,
3,14,demo,answer_prediction,distance_ge_2,8544,0,0,0,0.0,,
3,14,demo,demo,distance_ge_2,1000158,0,0,0,0.0,,
3,14,demo,demo,previous,8544,0,0,0,0.0,,
3,14,demo,demo,self,8544,0,0,0,0.0,,
3,14,demo,test_other,distance_ge_2,451008,0,0,0,0.0,,
3,14,test,answer_prediction,distance_ge_2,2136,0,0,0,0.0,,
3,14,test,test_other,distance_ge_2,57551,0,0,0,0.0,,
3,14,test,test_other,previous,2136,0,0,0,0.0,,
3,14,test,test_other,self,2136,0,0,0,0.0,,
3,15,demo,answer_prediction,distance_ge_2,8544,0,0,0,0.0,,
3,15,demo,demo,distance_ge_2,1000158,0,0,0,0.0,,
3,15,demo,demo,previous,8544,0,0,0,0.0,,
3,15,demo,demo,self,8544,0,0,0,0.0,,
3,15,demo,test_other,distance_ge_2,451008,0,0,0,0.0,,
3,15,test,answer_prediction,distance_ge_2,2136,0,0,0,0.0,,
3,15,test,test_other,distance_ge_2,57551,0,0,0,0.0,,
3,15,test,test_other,previous,2136,0,0,0,0.0,,
3,15,test,test_other,self,2136,0,0,0,0.0,,
3,16,demo,answer_prediction,distance_ge_2,8544,0,0,0,0.0,,
3,16,demo,demo,distance_ge_2,1000158,2082,2082,81,0.002081671095966837,0.02577358149207894,0.02792499751927218
3,16,demo,demo,previous,8544,0,0,0,0.0,,
3,16,demo,demo,self,8544,648,648,68,0.07584269662921349,0.022839749098631817,0.024329564600240116
3,16,demo,test_other,distance_ge_2,451008,60,60,20,0.00013303533418475947,0.015719888638705014,0.009382566227577627
3,16,test,answer_prediction,distance_ge_2,2136,0,0,0,0.0,,
3,16,test,test_other,distance_ge_2,57551,605,605,80,0.010512415075324496,0.009144600046811094,0.01868620792743923
3,16,test,test_other,previous,2136,0,0,0,0.0,,
3,16,test,test_other,self,2136,165,165,40,0.07724719101123595,0.010722331358754838,0.01713391679804772
3,17,demo,answer_prediction,distance_ge_2,8544,0,0,0,0.0,,
3,17,demo,demo,distance_ge_2,1000158,0,0,0,0.0,,
3,17,demo,demo,previous,8544,0,0,0,0.0,,
3,17,demo,demo,self,8544,0,0,0,0.0,,
3,17,demo,test_other,distance_ge_2,451008,0,0,0,0.0,,
3,17,test,answer_prediction,distance_ge_2,2136,0,0,0,0.0,,
3,17,test,test_other,distance_ge_2,57551,0,0,0,0.0,,
3,17,test,test_other,previous,2136,0,0,0,0.0,,
3,17,test,test_other,self,2136,0,0,0,0.0,,
3,18,demo,answer_prediction,distance_ge_2,8544,0,0,0,0.0,,
3,18,demo,demo,distance_ge_2,1000158,0,0,0,0.0,,
3,18,demo,demo,previous,8544,0,0,0,0.0,,
3,18,demo,demo,self,8544,0,0,0,0.0,,
3,18,demo,test_other,distance_ge_2,451008,0,0,0,0.0,,
3,18,test,answer_prediction,distance_ge_2,2136,0,0,0,0.0,,
3,18,test,test_other,distance_ge_2,57551,0,0,0,0.0,,
3,18,test,test_other,previous,2136,0,0,0,0.0,,
3,18,test,test_other,self,2136,0,0,0,0.0,,
3,19,demo,answer_prediction,distance_ge_2,8544,0,0,0,0.0,,
3,19,demo,demo,distance_ge_2,1000158,0,0,0,0.0,,
3,19,demo,demo,previous,8544,0,0,0,0.0,,
3,19,demo,demo,self,8544,0,0,0,0.0,,
3,19,demo,test_other,distance_ge_2,451008,0,0,0,0.0,,
3,19,test,answer_prediction,distance_ge_2,2136,0,0,0,0.0,,
3,19,test,test_other,distance_ge_2,57551,0,0,0,0.0,,
3,19,test,test_other,previous,2136,0,0,0,0.0,,
3,19,test,test_other,self,2136,0,0,0,0.0,,
3,20,demo,answer_prediction,distance_ge_2,8544,0,0,0,0.0,,
3,20,demo,demo,distance_ge_2,1000158,0,0,0,0.0,,
3,20,demo,demo,previous,8544,0,0,0,0.0,,
3,20,demo,demo,self,8544,54,54,9,0.006320224719101123,0.03701073303818703,0.26576441526412964
3,20,demo,test_other,distance_ge_2,451008,0,0,0,0.0,,
3,20,test,answer_prediction,distance_ge_2,2136,0,0,0,0.0,,
3,20,test,test_other,distance_ge_2,57551,0,0,0,0.0,,
3,20,test,test_other,previous,2136,0,0,0,0.0,,
3,20,test,test_other,self,2136,0,0,0,0.0,,
3,21,demo,answer_prediction,distance_ge_2,8544,0,0,0,0.0,,
3,21,demo,demo,distance_ge_2,1000158,0,0,0,0.0,,
3,21,demo,demo,previous,8544,0,0,0,0.0,,
3,21,demo,demo,self,8544,0,0,0,0.0,,
3,21,demo,test_other,distance_ge_2,451008,0,0,0,0.0,,
3,21,test,answer_prediction,distance_ge_2,2136,0,0,0,0.0,,
3,21,test,test_other,distance_ge_2,57551,0,0,0,0.0,,
3,21,test,test_other,previous,2136,0,0,0,0.0,,
3,21,test,test_other,self,2136,0,0,0,0.0,,
3,22,demo,answer_prediction,distance_ge_2,8544,0,0,0,0.0,,
3,22,demo,demo,distance_ge_2,1000158,0,0,0,0.0,,
3,22,demo,demo,previous,8544,0,0,0,0.0,,
3,22,demo,demo,self,8544,0,0,0,0.0,,
3,22,demo,test_other,distance_ge_2,451008,0,0,0,0.0,,
3,22,test,answer_prediction,distance_ge_2,2136,0,0,0,0.0,,
3,22,test,test_other,distance_ge_2,57551,0,0,0,0.0,,
3,22,test,test_other,previous,2136,0,0,0,0.0,,
3,22,test,test_other,self,2136,0,0,0,0.0,,
3,23,demo,answer_prediction,distance_ge_2,8544,0,0,0,0.0,,
3,23,demo,demo,distance_ge_2,1000158,0,0,0,0.0,,
3,23,demo,demo,previous,8544,0,0,0,0.0,,
3,23,demo,demo,self,8544,0,0,0,0.0,,
3,23,demo,test_other,distance_ge_2,451008,0,0,0,0.0,,
3,23,test,answer_prediction,distance_ge_2,2136,0,0,0,0.0,,
3,23,test,test_other,distance_ge_2,57551,0,0,0,0.0,,
3,23,test,test_other,previous,2136,0,0,0,0.0,,
3,23,test,test_other,self,2136,0,0,0,0.0,,
3,24,demo,answer_prediction,distance_ge_2,8544,0,0,0,0.0,,
3,24,demo,demo,distance_ge_2,1000158,0,0,0,0.0,,
3,24,demo,demo,previous,8544,0,0,0,0.0,,
3,24,demo,demo,self,8544,0,0,0,0.0,,
3,24,demo,test_other,distance_ge_2,451008,0,0,0,0.0,,
3,24,test,answer_prediction,distance_ge_2,2136,0,0,0,0.0,,
3,24,test,test_other,distance_ge_2,57551,0,0,0,0.0,,
3,24,test,test_other,previous,2136,0,0,0,0.0,,
3,24,test,test_other,self,2136,0,0,0,0.0,,
3,25,demo,answer_prediction,distance_ge_2,8544,0,0,0,0.0,,
3,25,demo,demo,distance_ge_2,1000158,0,0,0,0.0,,
3,25,demo,demo,previous,8544,0,0,0,0.0,,
3,25,demo,demo,self,8544,0,0,0,0.0,,
3,25,demo,test_other,distance_ge_2,451008,0,0,0,0.0,,
3,25,test,answer_prediction,distance_ge_2,2136,0,0,0,0.0,,
3,25,test,test_other,distance_ge_2,57551,0,0,0,0.0,,
3,25,test,test_other,previous,2136,0,0,0,0.0,,
3,25,test,test_other,self,2136,0,0,0,0.0,,
3,26,demo,answer_prediction,distance_ge_2,8544,0,0,0,0.0,,
3,26,demo,demo,distance_ge_2,1000158,0,0,0,0.0,,
3,26,demo,demo,previous,8544,0,0,0,0.0,,
3,26,demo,demo,self,8544,0,0,0,0.0,,
3,26,demo,test_other,distance_ge_2,451008,0,0,0,0.0,,
3,26,test,answer_prediction,distance_ge_2,2136,0,0,0,0.0,,
3,26,test,test_other,distance_ge_2,57551,0,0,0,0.0,,
3,26,test,test_other,previous,2136,0,0,0,0.0,,
3,26,test,test_other,self,2136,0,0,0,0.0,,
3,27,demo,answer_prediction,distance_ge_2,8544,0,0,0,0.0,,
3,27,demo,demo,distance_ge_2,1000158,0,0,0,0.0,,
3,27,demo,demo,previous,8544,0,0,0,0.0,,
3,27,demo,demo,self,8544,0,0,0,0.0,,
3,27,demo,test_other,distance_ge_2,451008,0,0,0,0.0,,
3,27,test,answer_prediction,distance_ge_2,2136,0,0,0,0.0,,
3,27,test,test_other,distance_ge_2,57551,0,0,0,0.0,,
3,27,test,test_other,previous,2136,0,0,0,0.0,,
3,27,test,test_other,self,2136,0,0,0,0.0,,
3,28,demo,answer_prediction,distance_ge_2,8544,0,0,0,0.0,,
3,28,demo,demo,distance_ge_2,1000158,0,0,0,0.0,,
3,28,demo,demo,previous,8544,0,0,0,0.0,,
3,28,demo,demo,self,8544,54,54,9,0.006320224719101123,0.0,0.0
3,28,demo,test_other,distance_ge_2,451008,0,0,0,0.0,,
3,28,test,answer_prediction,distance_ge_2,2136,0,0,0,0.0,,
3,28,test,test_other,distance_ge_2,57551,0,0,0,0.0,,
3,28,test,test_other,previous,2136,0,0,0,0.0,,
3,28,test,test_other,self,2136,0,0,0,0.0,,
3,29,demo,answer_prediction,distance_ge_2,8544,0,0,0,0.0,,
3,29,demo,demo,distance_ge_2,1000158,0,0,0,0.0,,
3,29,demo,demo,previous,8544,0,0,0,0.0,,
3,29,demo,demo,self,8544,0,0,0,0.0,,
3,29,demo,test_other,distance_ge_2,451008,0,0,0,0.0,,
3,29,test,answer_prediction,distance_ge_2,2136,0,0,0,0.0,,
3,29,test,test_other,distance_ge_2,57551,0,0,0,0.0,,
3,29,test,test_other,previous,2136,0,0,0,0.0,,
3,29,test,test_other,self,2136,0,0,0,0.0,,
3,30,demo,answer_prediction,distance_ge_2,8544,0,0,0,0.0,,
3,30,demo,demo,distance_ge_2,1000158,0,0,0,0.0,,
3,30,demo,demo,previous,8544,0,0,0,0.0,,
3,30,demo,demo,self,8544,246,246,36,0.028792134831460675,0.04059927356315822,0.07549433607789802
3,30,demo,test_other,distance_ge_2,451008,0,0,0,0.0,,
3,30,test,answer_prediction,distance_ge_2,2136,0,0,0,0.0,,
3,30,test,test_other,distance_ge_2,57551,9,9,5,0.00015638303417838092,0.019599221439825162,0.0076775904680188335
3,30,test,test_other,previous,2136,0,0,0,0.0,,
3,30,test,test_other,self,2136,75,75,15,0.0351123595505618,0.00899116504995618,0.013139905460799734
3,31,demo,answer_prediction,distance_ge_2,8544,0,0,0,0.0,,
3,31,demo,demo,distance_ge_2,1000158,0,0,0,0.0,,
3,31,demo,demo,previous,8544,0,0,0,0.0,,
3,31,demo,demo,self,8544,0,0,0,0.0,,
3,31,demo,test_other,distance_ge_2,451008,0,0,0,0.0,,
3,31,test,answer_prediction,distance_ge_2,2136,0,0,0,0.0,,
3,31,test,test_other,distance_ge_2,57551,0,0,0,0.0,,
3,31,test,test_other,previous,2136,0,0,0,0.0,,
3,31,test,test_other,self,2136,0,0,0,0.0,,
4,0,demo,answer_prediction,distance_ge_2,8544,0,0,0,0.0,,
4,0,demo,demo,distance_ge_2,1000158,0,0,0,0.0,,
4,0,demo,demo,previous,8544,0,0,0,0.0,,
4,0,demo,demo,self,8544,636,636,71,0.07443820224719101,0.06361564006304966,0.04287635778375673
4,0,demo,test_other,distance_ge_2,451008,0,0,0,0.0,,
4,0,test,answer_prediction,distance_ge_2,2136,0,0,0,0.0,,
4,0,test,test_other,distance_ge_2,57551,0,0,0,0.0,,
4,0,test,test_other,previous,2136,0,0,0,0.0,,
4,0,test,test_other,self,2136,171,171,27,0.0800561797752809,0.00887848617888889,0.017780714383762743
4,1,demo,answer_prediction,distance_ge_2,8544,0,0,0,0.0,,
4,1,demo,demo,distance_ge_2,1000158,0,0,0,0.0,,
4,1,demo,demo,previous,8544,0,0,0,0.0,,
4,1,demo,demo,self,8544,0,0,0,0.0,,
4,1,demo,test_other,distance_ge_2,451008,0,0,0,0.0,,
4,1,test,answer_prediction,distance_ge_2,2136,0,0,0,0.0,,
4,1,test,test_other,distance_ge_2,57551,0,0,0,0.0,,
4,1,test,test_other,previous,2136,0,0,0,0.0,,
4,1,test,test_other,self,2136,0,0,0,0.0,,
4,2,demo,answer_prediction,distance_ge_2,8544,0,0,0,0.0,,
4,2,demo,demo,distance_ge_2,1000158,0,0,0,0.0,,
4,2,demo,demo,previous,8544,0,0,0,0.0,,
4,2,demo,demo,self,8544,0,0,0,0.0,,
4,2,demo,test_other,distance_ge_2,451008,0,0,0,0.0,,
4,2,test,answer_prediction,distance_ge_2,2136,0,0,0,0.0,,
4,2,test,test_other,distance_ge_2,57551,1,1,1,1.737589268648677e-05,0.0,0.06361401081085205
4,2,test,test_other,previous,2136,0,0,0,0.0,,
4,2,test,test_other,self,2136,6,6,1,0.0028089887640449437,0.0,0.0
4,3,demo,answer_prediction,distance_ge_2,8544,0,0,0,0.0,,
4,3,demo,demo,distance_ge_2,1000158,0,0,0,0.0,,
4,3,demo,demo,previous,8544,0,0,0,0.0,,
4,3,demo,demo,self,8544,0,0,0,0.0,,
4,3,demo,test_other,distance_ge_2,451008,0,0,0,0.0,,
4,3,test,answer_prediction,distance_ge_2,2136,0,0,0,0.0,,
4,3,test,test_other,distance_ge_2,57551,0,0,0,0.0,,
4,3,test,test_other,previous,2136,0,0,0,0.0,,
4,3,test,test_other,self,2136,0,0,0,0.0,,
4,4,demo,answer_prediction,distance_ge_2,8544,0,0,0,0.0,,
4,4,demo,demo,distance_ge_2,1000158,0,0,0,0.0,,
4,4,demo,demo,previous,8544,0,0,0,0.0,,
4,4,demo,demo,self,8544,0,0,0,0.0,,
4,4,demo,test_other,distance_ge_2,451008,0,0,0,0.0,,
4,4,test,answer_prediction,distance_ge_2,2136,0,0,0,0.0,,
4,4,test,test_other,distance_ge_2,57551,0,0,0,0.0,,
4,4,test,test_other,previous,2136,0,0,0,0.0,,
4,4,test,test_other,self,2136,16,16,4,0.00749063670411985,0.001087854034267366,0.012860080227255821
4,5,demo,answer_prediction,distance_ge_2,8544,0,0,0,0.0,,
4,5,demo,demo,distance_ge_2,1000158,0,0,0,0.0,,
4,5,demo,demo,previous,8544,0,0,0,0.0,,
4,5,demo,demo,self,8544,0,0,0,0.0,,
4,5,demo,test_other,distance_ge_2,451008,0,0,0,0.0,,
4,5,test,answer_prediction,distance_ge_2,2136,0,0,0,0.0,,
4,5,test,test_other,distance_ge_2,57551,0,0,0,0.0,,
4,5,test,test_other,previous,2136,0,0,0,0.0,,
4,5,test,test_other,self,2136,0,0,0,0.0,,
4,6,demo,answer_prediction,distance_ge_2,8544,0,0,0,0.0,,
4,6,demo,demo,distance_ge_2,1000158,0,0,0,0.0,,
4,6,demo,demo,previous,8544,0,0,0,0.0,,
4,6,demo,demo,self,8544,0,0,0,0.0,,
4,6,demo,test_other,distance_ge_2,451008,0,0,0,0.0,,
4,6,test,answer_prediction,distance_ge_2,2136,0,0,0,0.0,,
4,6,test,test_other,distance_ge_2,57551,0,0,0,0.0,,
4,6,test,test_other,previous,2136,0,0,0,0.0,,
4,6,test,test_other,self,2136,0,0,0,0.0,,
4,7,demo,answer_prediction,distance_ge_2,8544,0,0,0,0.0,,
4,7,demo,demo,distance_ge_2,1000158,0,0,0,0.0,,
4,7,demo,demo,previous,8544,0,0,0,0.0,,
4,7,demo,demo,self,8544,0,0,0,0.0,,
4,7,demo,test_other,distance_ge_2,451008,0,0,0,0.0,,
4,7,test,answer_prediction,distance_ge_2,2136,0,0,0,0.0,,
4,7,test,test_other,distance_ge_2,57551,0,0,0,0.0,,
4,7,test,test_other,previous,2136,0,0,0,0.0,,
4,7,test,test_other,self,2136,0,0,0,0.0,,
4,8,demo,answer_prediction,distance_ge_2,8544,0,0,0,0.0,,
4,8,demo,demo,distance_ge_2,1000158,0,0,0,0.0,,
4,8,demo,demo,previous,8544,0,0,0,0.0,,
4,8,demo,demo,self,8544,0,0,0,0.0,,
4,8,demo,test_other,distance_ge_2,451008,0,0,0,0.0,,
4,8,test,answer_prediction,distance_ge_2,2136,0,0,0,0.0,,
4,8,test,test_other,distance_ge_2,57551,0,0,0,0.0,,
4,8,test,test_other,previous,2136,0,0,0,0.0,,
4,8,test,test_other,self,2136,0,0,0,0.0,,
4,9,demo,answer_prediction,distance_ge_2,8544,0,0,0,0.0,,
4,9,demo,demo,distance_ge_2,1000158,0,0,0,0.0,,
4,9,demo,demo,previous,8544,0,0,0,0.0,,
4,9,demo,demo,self,8544,0,0,0,0.0,,
4,9,demo,test_other,distance_ge_2,451008,0,0,0,0.0,,
4,9,test,answer_prediction,distance_ge_2,2136,0,0,0,0.0,,
4,9,test,test_other,distance_ge_2,57551,0,0,0,0.0,,
4,9,test,test_other,previous,2136,0,0,0,0.0,,
4,9,test,test_other,self,2136,0,0,0,0.0,,
4,10,demo,answer_prediction,distance_ge_2,8544,0,0,0,0.0,,
4,10,demo,demo,distance_ge_2,1000158,1020,1020,87,0.0010198388654592573,0.0170628468038014,0.051119819659438424
4,10,demo,demo,previous,8544,0,0,0,0.0,,
4,10,demo,demo,self,8544,0,0,0,0.0,,
4,10,demo,test_other,distance_ge_2,451008,0,0,0,0.0,,
4,10,test,answer_prediction,distance_ge_2,2136,0,0,0,0.0,,
4,10,test,test_other,distance_ge_2,57551,366,366,88,0.0063595767232541576,0.011997568078976522,0.020564292540480804
4,10,test,test_other,previous,2136,0,0,0,0.0,,
4,10,test,test_other,self,2136,0,0,0,0.0,,
4,11,demo,answer_prediction,distance_ge_2,8544,0,0,0,0.0,,
4,11,demo,demo,distance_ge_2,1000158,0,0,0,0.0,,
4,11,demo,demo,previous,8544,0,0,0,0.0,,
4,11,demo,demo,self,8544,0,0,0,0.0,,
4,11,demo,test_other,distance_ge_2,451008,0,0,0,0.0,,
4,11,test,answer_prediction,distance_ge_2,2136,0,0,0,0.0,,
4,11,test,test_other,distance_ge_2,57551,0,0,0,0.0,,
4,11,test,test_other,previous,2136,0,0,0,0.0,,
4,11,test,test_other,self,2136,0,0,0,0.0,,
4,12,demo,answer_prediction,distance_ge_2,8544,0,0,0,0.0,,
4,12,demo,demo,distance_ge_2,1000158,0,0,0,0.0,,
4,12,demo,demo,previous,8544,0,0,0,0.0,,
4,12,demo,demo,self,8544,0,0,0,0.0,,
4,12,demo,test_other,distance_ge_2,451008,0,0,0,0.0,,
4,12,test,answer_prediction,distance_ge_2,2136,0,0,0,0.0,,
4,12,test,test_other,distance_ge_2,57551,0,0,0,0.0,,
4,12,test,test_other,previous,2136,0,0,0,0.0,,
4,12,test,test_other,self,2136,0,0,0,0.0,,
4,13,demo,answer_prediction,distance_ge_2,8544,0,0,0,0.0,,
4,13,demo,demo,distance_ge_2,1000158,0,0,0,0.0,,
4,13,demo,demo,previous,8544,198,198,33,0.023174157303370788,0.10255371756625897,0.0604529624635523
4,13,demo,demo,self,8544,0,0,0,0.0,,
4,13,demo,test_other,distance_ge_2,451008,0,0,0,0.0,,
4,13,test,answer_prediction,distance_ge_2,2136,0,0,0,0.0,,
4,13,test,test_other,distance_ge_2,57551,0,0,0,0.0,,
4,13,test,test_other,previous,2136,0,0,0,0.0,,
4,13,test,test_other,self,2136,0,0,0,0.0,,
4,14,demo,answer_prediction,distance_ge_2,8544,0,0,0,0.0,,
4,14,demo,demo,distance_ge_2,1000158,510,510,49,0.0005099194327296287,0.01296216519207091,0.00644001625752186
4,14,demo,demo,previous,8544,0,0,0,0.0,,
4,14,demo,demo,self,8544,0,0,0,0.0,,
4,14,demo,test_other,distance_ge_2,451008,68,68,17,0.0001507733787427274,0.012046482441399027,0.013029252954498482
4,14,test,answer_prediction,distance_ge_2,2136,0,0,0,0.0,,
4,14,test,test_other,distance_ge_2,57551,227,227,79,0.003944327639832496,0.01443353094202097,0.014675874991284987
4,14,test,test_other,previous,2136,0,0,0,0.0,,
4,14,test,test_other,self,2136,5,5,2,0.0023408239700374533,0.005408227071166038,0.016397599875926972
4,15,demo,answer_prediction,distance_ge_2,8544,0,0,0,0.0,,
4,15,demo,demo,distance_ge_2,1000158,42,42,7,4.199336504832236e-05,0.1837681233882904,0.024089767287174862
4,15,demo,demo,previous,8544,0,0,0,0.0,,
4,15,demo,demo,self,8544,0,0,0,0.0,,
4,15,demo,test_other,distance_ge_2,451008,2,2,1,4.4345111394919825e-06,0.0,0.03461330756545067
4,15,test,answer_prediction,distance_ge_2,2136,0,0,0,0.0,,
4,15,test,test_other,distance_ge_2,57551,29,29,11,0.0005039008879081163,0.006399551101414294,0.010058430200121525
4,15,test,test_other,previous,2136,0,0,0,0.0,,
4,15,test,test_other,self,2136,0,0,0,0.0,,
4,16,demo,answer_prediction,distance_ge_2,8544,0,0,0,0.0,,
4,16,demo,demo,distance_ge_2,1000158,0,0,0,0.0,,
4,16,demo,demo,previous,8544,0,0,0,0.0,,
4,16,demo,demo,self,8544,0,0,0,0.0,,
4,16,demo,test_other,distance_ge_2,451008,0,0,0,0.0,,
4,16,test,answer_prediction,distance_ge_2,2136,0,0,0,0.0,,
4,16,test,test_other,distance_ge_2,57551,0,0,0,0.0,,
4,16,test,test_other,previous,2136,0,0,0,0.0,,
4,16,test,test_other,self,2136,0,0,0,0.0,,
4,17,demo,answer_prediction,distance_ge_2,8544,0,0,0,0.0,,
4,17,demo,demo,distance_ge_2,1000158,0,0,0,0.0,,
4,17,demo,demo,previous,8544,0,0,0,0.0,,
4,17,demo,demo,self,8544,0,0,0,0.0,,
4,17,demo,test_other,distance_ge_2,451008,0,0,0,0.0,,
4,17,test,answer_prediction,distance_ge_2,2136,0,0,0,0.0,,
4,17,test,test_other,distance_ge_2,57551,0,0,0,0.0,,
4,17,test,test_other,previous,2136,0,0,0,0.0,,
4,17,test,test_other,self,2136,0,0,0,0.0,,
4,18,demo,answer_prediction,distance_ge_2,8544,0,0,0,0.0,,
4,18,demo,demo,distance_ge_2,1000158,0,0,0,0.0,,
4,18,demo,demo,previous,8544,0,0,0,0.0,,
4,18,demo,demo,self,8544,0,0,0,0.0,,
4,18,demo,test_other,distance_ge_2,451008,0,0,0,0.0,,
4,18,test,answer_prediction,distance_ge_2,2136,0,0,0,0.0,,
4,18,test,test_other,distance_ge_2,57551,0,0,0,0.0,,
4,18,test,test_other,previous,2136,0,0,0,0.0,,
4,18,test,test_other,self,2136,0,0,0,0.0,,
4,19,demo,answer_prediction,distance_ge_2,8544,0,0,0,0.0,,
4,19,demo,demo,distance_ge_2,1000158,0,0,0,0.0,,
4,19,demo,demo,previous,8544,0,0,0,0.0,,
4,19,demo,demo,self,8544,0,0,0,0.0,,
4,19,demo,test_other,distance_ge_2,451008,0,0,0,0.0,,
4,19,test,answer_prediction,distance_ge_2,2136,0,0,0,0.0,,
4,19,test,test_other,distance_ge_2,57551,0,0,0,0.0,,
4,19,test,test_other,previous,2136,0,0,0,0.0,,
4,19,test,test_other,self,2136,0,0,0,0.0,,
4,20,demo,answer_prediction,distance_ge_2,8544,0,0,0,0.0,,
4,20,demo,demo,distance_ge_2,1000158,0,0,0,0.0,,
4,20,demo,demo,previous,8544,0,0,0,0.0,,
4,20,demo,demo,self,8544,0,0,0,0.0,,
4,20,demo,test_other,distance_ge_2,451008,0,0,0,0.0,,
4,20,test,answer_prediction,distance_ge_2,2136,0,0,0,0.0,,
4,20,test,test_other,distance_ge_2,57551,0,0,0,0.0,,
4,20,test,test_other,previous,2136,0,0,0,0.0,,
4,20,test,test_other,self,2136,0,0,0,0.0,,
4,21,demo,answer_prediction,distance_ge_2,8544,0,0,0,0.0,,
4,21,demo,demo,distance_ge_2,1000158,0,0,0,0.0,,
4,21,demo,demo,previous,8544,0,0,0,0.0,,
4,21,demo,demo,self,8544,0,0,0,0.0,,
4,21,demo,test_other,distance_ge_2,451008,0,0,0,0.0,,
4,21,test,answer_prediction,distance_ge_2,2136,0,0,0,0.0,,
4,21,test,test_other,distance_ge_2,57551,0,0,0,0.0,,
4,21,test,test_other,previous,2136,0,0,0,0.0,,
4,21,test,test_other,self,2136,0,0,0,0.0,,
4,22,demo,answer_prediction,distance_ge_2,8544,0,0,0,0.0,,
4,22,demo,demo,distance_ge_2,1000158,0,0,0,0.0,,
4,22,demo,demo,previous,8544,0,0,0,0.0,,
4,22,demo,demo,self,8544,0,0,0,0.0,,
4,22,demo,test_other,distance_ge_2,451008,0,0,0,0.0,,
4,22,test,answer_prediction,distance_ge_2,2136,0,0,0,0.0,,
4,22,test,test_other,distance_ge_2,57551,0,0,0,0.0,,
4,22,test,test_other,previous,2136,0,0,0,0.0,,
4,22,test,test_other,self,2136,0,0,0,0.0,,
4,23,demo,answer_prediction,distance_ge_2,8544,0,0,0,0.0,,
4,23,demo,demo,distance_ge_2,1000158,0,0,0,0.0,,
4,23,demo,demo,previous,8544,0,0,0,0.0,,
4,23,demo,demo,self,8544,0,0,0,0.0,,
4,23,demo,test_other,distance_ge_2,451008,0,0,0,0.0,,
4,23,test,answer_prediction,distance_ge_2,2136,0,0,0,0.0,,
4,23,test,test_other,distance_ge_2,57551,0,0,0,0.0,,
4,23,test,test_other,previous,2136,0,0,0,0.0,,
4,23,test,test_other,self,2136,6,6,1,0.0028089887640449437,0.013510814130616685,0.025761854679634173
4,24,demo,answer_prediction,distance_ge_2,8544,0,0,0,0.0,,
4,24,demo,demo,distance_ge_2,1000158,0,0,0,0.0,,
4,24,demo,demo,previous,8544,0,0,0,0.0,,
4,24,demo,demo,self,8544,0,0,0,0.0,,
4,24,demo,test_other,distance_ge_2,451008,0,0,0,0.0,,
4,24,test,answer_prediction,distance_ge_2,2136,0,0,0,0.0,,
4,24,test,test_other,distance_ge_2,57551,0,0,0,0.0,,
4,24,test,test_other,previous,2136,0,0,0,0.0,,
4,24,test,test_other,self,2136,0,0,0,0.0,,
4,25,demo,answer_prediction,distance_ge_2,8544,0,0,0,0.0,,
4,25,demo,demo,distance_ge_2,1000158,0,0,0,0.0,,
4,25,demo,demo,previous,8544,0,0,0,0.0,,
4,25,demo,demo,self,8544,0,0,0,0.0,,
4,25,demo,test_other,distance_ge_2,451008,0,0,0,0.0,,
4,25,test,answer_prediction,distance_ge_2,2136,0,0,0,0.0,,
4,25,test,test_other,distance_ge_2,57551,0,0,0,0.0,,
4,25,test,test_other,previous,2136,0,0,0,0.0,,
4,25,test,test_other,self,2136,0,0,0,0.0,,
4,26,demo,answer_prediction,distance_ge_2,8544,0,0,0,0.0,,
4,26,demo,demo,distance_ge_2,1000158,0,0,0,0.0,,
4,26,demo,demo,previous,8544,0,0,0,0.0,,
4,26,demo,demo,self,8544,0,0,0,0.0,,
4,26,demo,test_other,distance_ge_2,451008,0,0,0,0.0,,
4,26,test,answer_prediction,distance_ge_2,2136,0,0,0,0.0,,
4,26,test,test_other,distance_ge_2,57551,0,0,0,0.0,,
4,26,test,test_other,previous,2136,0,0,0,0.0,,
4,26,test,test_other,self,2136,0,0,0,0.0,,
4,27,demo,answer_prediction,distance_ge_2,8544,0,0,0,0.0,,
4,27,demo,demo,distance_ge_2,1000158,0,0,0,0.0,,
4,27,demo,demo,previous,8544,0,0,0,0.0,,
4,27,demo,demo,self,8544,0,0,0,0.0,,
4,27,demo,test_other,distance_ge_2,451008,0,0,0,0.0,,
4,27,test,answer_prediction,distance_ge_2,2136,0,0,0,0.0,,
4,27,test,test_other,distance_ge_2,57551,0,0,0,0.0,,
4,27,test,test_other,previous,2136,0,0,0,0.0,,
4,27,test,test_other,self,2136,0,0,0,0.0,,
4,28,demo,answer_prediction,distance_ge_2,8544,0,0,0,0.0,,
4,28,demo,demo,distance_ge_2,1000158,0,0,0,0.0,,
4,28,demo,demo,previous,8544,1188,1188,82,0.13904494382022473,0.06506770666020763,0.03201826602088833
4,28,demo,demo,self,8544,0,0,0,0.0,,
4,28,demo,test_other,distance_ge_2,451008,0,0,0,0.0,,
4,28,test,answer_prediction,distance_ge_2,2136,0,0,0,0.0,,
4,28,test,test_other,distance_ge_2,57551,0,0,0,0.0,,
4,28,test,test_other,previous,2136,455,455,77,0.21301498127340823,0.00756978324915418,0.011799188781079354
4,28,test,test_other,self,2136,0,0,0,0.0,,
4,29,demo,answer_prediction,distance_ge_2,8544,0,0,0,0.0,,
4,29,demo,demo,distance_ge_2,1000158,0,0,0,0.0,,
4,29,demo,demo,previous,8544,0,0,0,0.0,,
4,29,demo,demo,self,8544,0,0,0,0.0,,
4,29,demo,test_other,distance_ge_2,451008,0,0,0,0.0,,
4,29,test,answer_prediction,distance_ge_2,2136,0,0,0,0.0,,
4,29,test,test_other,distance_ge_2,57551,1,1,1,1.737589268648677e-05,0.0045455885119736195,0.0
4,29,test,test_other,previous,2136,0,0,0,0.0,,
4,29,test,test_other,self,2136,0,0,0,0.0,,
4,30,demo,answer_prediction,distance_ge_2,8544,0,0,0,0.0,,
4,30,demo,demo,distance_ge_2,1000158,0,0,0,0.0,,
4,30,demo,demo,previous,8544,0,0,0,0.0,,
4,30,demo,demo,self,8544,0,0,0,0.0,,
4,30,demo,test_other,distance_ge_2,451008,0,0,0,0.0,,
4,30,test,answer_prediction,distance_ge_2,2136,0,0,0,0.0,,
4,30,test,test_other,distance_ge_2,57551,0,0,0,0.0,,
4,30,test,test_other,previous,2136,0,0,0,0.0,,
4,30,test,test_other,self,2136,0,0,0,0.0,,
4,31,demo,answer_prediction,distance_ge_2,8544,0,0,0,0.0,,
4,31,demo,demo,distance_ge_2,1000158,0,0,0,0.0,,
4,31,demo,demo,previous,8544,0,0,0,0.0,,
4,31,demo,demo,self,8544,0,0,0,0.0,,
4,31,demo,test_other,distance_ge_2,451008,0,0,0,0.0,,
4,31,test,answer_prediction,distance_ge_2,2136,0,0,0,0.0,,
4,31,test,test_other,distance_ge_2,57551,0,0,0,0.0,,
4,31,test,test_other,previous,2136,0,0,0,0.0,,
4,31,test,test_other,self,2136,0,0,0,0.0,,
5,0,demo,answer_prediction,distance_ge_2,8544,0,0,0,0.0,,
5,0,demo,demo,distance_ge_2,1000158,0,0,0,0.0,,
5,0,demo,demo,previous,8544,0,0,0,0.0,,
5,0,demo,demo,self,8544,0,0,0,0.0,,
5,0,demo,test_other,distance_ge_2,451008,0,0,0,0.0,,
5,0,test,answer_prediction,distance_ge_2,2136,0,0,0,0.0,,
5,0,test,test_other,distance_ge_2,57551,0,0,0,0.0,,
5,0,test,test_other,previous,2136,0,0,0,0.0,,
5,0,test,test_other,self,2136,0,0,0,0.0,,
5,1,demo,answer_prediction,distance_ge_2,8544,0,0,0,0.0,,
5,1,demo,demo,distance_ge_2,1000158,0,0,0,0.0,,
5,1,demo,demo,previous,8544,0,0,0,0.0,,
5,1,demo,demo,self,8544,0,0,0,0.0,,
5,1,demo,test_other,distance_ge_2,451008,0,0,0,0.0,,
5,1,test,answer_prediction,distance_ge_2,2136,0,0,0,0.0,,
5,1,test,test_other,distance_ge_2,57551,0,0,0,0.0,,
5,1,test,test_other,previous,2136,0,0,0,0.0,,
5,1,test,test_other,self,2136,0,0,0,0.0,,
5,2,demo,answer_prediction,distance_ge_2,8544,0,0,0,0.0,,
5,2,demo,demo,distance_ge_2,1000158,0,0,0,0.0,,
5,2,demo,demo,previous,8544,0,0,0,0.0,,
5,2,demo,demo,self,8544,0,0,0,0.0,,
5,2,demo,test_other,distance_ge_2,451008,0,0,0,0.0,,
5,2,test,answer_prediction,distance_ge_2,2136,0,0,0,0.0,,
5,2,test,test_other,distance_ge_2,57551,0,0,0,0.0,,
5,2,test,test_other,previous,2136,0,0,0,0.0,,
5,2,test,test_other,self,2136,0,0,0,0.0,,
5,3,demo,answer_prediction,distance_ge_2,8544,0,0,0,0.0,,
5,3,demo,demo,distance_ge_2,1000158,0,0,0,0.0,,
5,3,demo,demo,previous,8544,0,0,0,0.0,,
5,3,demo,demo,self,8544,0,0,0,0.0,,
5,3,demo,test_other,distance_ge_2,451008,0,0,0,0.0,,
5,3,test,answer_prediction,distance_ge_2,2136,0,0,0,0.0,,
5,3,test,test_other,distance_ge_2,57551,0,0,0,0.0,,
5,3,test,test_other,previous,2136,0,0,0,0.0,,
5,3,test,test_other,self,2136,0,0,0,0.0,,
5,4,demo,answer_prediction,distance_ge_2,8544,0,0,0,0.0,,
5,4,demo,demo,distance_ge_2,1000158,0,0,0,0.0,,
5,4,demo,demo,previous,8544,0,0,0,0.0,,
5,4,demo,demo,self,8544,0,0,0,0.0,,
5,4,demo,test_other,distance_ge_2,451008,0,0,0,0.0,,
5,4,test,answer_prediction,distance_ge_2,2136,0,0,0,0.0,,
5,4,test,test_other,distance_ge_2,57551,0,0,0,0.0,,
5,4,test,test_other,previous,2136,0,0,0,0.0,,
5,4,test,test_other,self,2136,0,0,0,0.0,,
5,5,demo,answer_prediction,distance_ge_2,8544,0,0,0,0.0,,
5,5,demo,demo,distance_ge_2,1000158,0,0,0,0.0,,
5,5,demo,demo,previous,8544,0,0,0,0.0,,
5,5,demo,demo,self,8544,0,0,0,0.0,,
5,5,demo,test_other,distance_ge_2,451008,0,0,0,0.0,,
5,5,test,answer_prediction,distance_ge_2,2136,0,0,0,0.0,,
5,5,test,test_other,distance_ge_2,57551,0,0,0,0.0,,
5,5,test,test_other,previous,2136,0,0,0,0.0,,
5,5,test,test_other,self,2136,0,0,0,0.0,,
5,6,demo,answer_prediction,distance_ge_2,8544,0,0,0,0.0,,
5,6,demo,demo,distance_ge_2,1000158,12,12,2,1.1998104299520676e-05,0.05866207741200924,0.06863013282418251
5,6,demo,demo,previous,8544,0,0,0,0.0,,
5,6,demo,demo,self,8544,54,54,9,0.006320224719101123,0.0,0.12534733364979425
5,6,demo,test_other,distance_ge_2,451008,0,0,0,0.0,,
5,6,test,answer_prediction,distance_ge_2,2136,0,0,0,0.0,,
5,6,test,test_other,distance_ge_2,57551,2,2,2,3.475178537297354e-05,0.022712026722729206,0.0035758239682763815
5,6,test,test_other,previous,2136,0,0,0,0.0,,
5,6,test,test_other,self,2136,6,6,1,0.0028089887640449437,0.013978051797797283,0.0
5,7,demo,answer_prediction,distance_ge_2,8544,0,0,0,0.0,,
5,7,demo,demo,distance_ge_2,1000158,0,0,0,0.0,,
5,7,demo,demo,previous,8544,0,0,0,0.0,,
5,7,demo,demo,self,8544,0,0,0,0.0,,
5,7,demo,test_other,distance_ge_2,451008,0,0,0,0.0,,
5,7,test,answer_prediction,distance_ge_2,2136,0,0,0,0.0,,
5,7,test,test_other,distance_ge_2,57551,0,0,0,0.0,,
5,7,test,test_other,previous,2136,0,0,0,0.0,,
5,7,test,test_other,self,2136,0,0,0,0.0,,
5,8,demo,answer_prediction,distance_ge_2,8544,0,0,0,0.0,,
5,8,demo,demo,distance_ge_2,1000158,0,0,0,0.0,,
5,8,demo,demo,previous,8544,0,0,0,0.0,,
5,8,demo,demo,self,8544,0,0,0,0.0,,
5,8,demo,test_other,distance_ge_2,451008,0,0,0,0.0,,
5,8,test,answer_prediction,distance_ge_2,2136,0,0,0,0.0,,
5,8,test,test_other,distance_ge_2,57551,3,3,3,5.21276780594603e-05,0.004587196900198857,0.0
5,8,test,test_other,previous,2136,0,0,0,0.0,,
5,8,test,test_other,self,2136,39,39,7,0.018258426966292134,0.017295879831251044,0.005624181262623423
5,9,demo,answer_prediction,distance_ge_2,8544,0,0,0,0.0,,
5,9,demo,demo,distance_ge_2,1000158,0,0,0,0.0,,
5,9,demo,demo,previous,8544,0,0,0,0.0,,
5,9,demo,demo,self,8544,0,0,0,0.0,,
5,9,demo,test_other,distance_ge_2,451008,0,0,0,0.0,,
5,9,test,answer_prediction,distance_ge_2,2136,0,0,0,0.0,,
5,9,test,test_other,distance_ge_2,57551,0,0,0,0.0,,
5,9,test,test_other,previous,2136,0,0,0,0.0,,
5,9,test,test_other,self,2136,0,0,0,0.0,,
5,10,demo,answer_prediction,distance_ge_2,8544,0,0,0,0.0,,
5,10,demo,demo,distance_ge_2,1000158,216,216,30,0.00021596587739137216,0.13203964387584063,0.039153836495070544
5,10,demo,demo,previous,8544,0,0,0,0.0,,
5,10,demo,demo,self,8544,828,828,70,0.09691011235955056,0.006507652795959066,0.003665723246837188
5,10,demo,test_other,distance_ge_2,451008,0,0,0,0.0,,
5,10,test,answer_prediction,distance_ge_2,2136,0,0,0,0.0,,
5,10,test,test_other,distance_ge_2,57551,32,32,15,0.0005560285659675766,0.01692141272360459,0.011174175044288859
5,10,test,test_other,previous,2136,0,0,0,0.0,,
5,10,test,test_other,self,2136,428,428,63,0.20037453183520598,0.011554533653907129,0.00945742337981866
5,11,demo,answer_prediction,distance_ge_2,8544,0,0,0,0.0,,
5,11,demo,demo,distance_ge_2,1000158,0,0,0,0.0,,
5,11,demo,demo,previous,8544,0,0,0,0.0,,
5,11,demo,demo,self,8544,0,0,0,0.0,,
5,11,demo,test_other,distance_ge_2,451008,0,0,0,0.0,,
5,11,test,answer_prediction,distance_ge_2,2136,0,0,0,0.0,,
5,11,test,test_other,distance_ge_2,57551,0,0,0,0.0,,
5,11,test,test_other,previous,2136,0,0,0,0.0,,
5,11,test,test_other,self,2136,0,0,0,0.0,,
5,12,demo,answer_prediction,distance_ge_2,8544,0,0,0,0.0,,
5,12,demo,demo,distance_ge_2,1000158,0,0,0,0.0,,
5,12,demo,demo,previous,8544,0,0,0,0.0,,
5,12,demo,demo,self,8544,0,0,0,0.0,,
5,12,demo,test_other,distance_ge_2,451008,0,0,0,0.0,,
5,12,test,answer_prediction,distance_ge_2,2136,0,0,0,0.0,,
5,12,test,test_other,distance_ge_2,57551,0,0,0,0.0,,
5,12,test,test_other,previous,2136,0,0,0,0.0,,
5,12,test,test_other,self,2136,0,0,0,0.0,,
5,13,demo,answer_prediction,distance_ge_2,8544,0,0,0,0.0,,
5,13,demo,demo,distance_ge_2,1000158,0,0,0,0.0,,
5,13,demo,demo,previous,8544,0,0,0,0.0,,
5,13,demo,demo,self,8544,0,0,0,0.0,,
5,13,demo,test_other,distance_ge_2,451008,0,0,0,0.0,,
5,13,test,answer_prediction,distance_ge_2,2136,0,0,0,0.0,,
5,13,test,test_other,distance_ge_2,57551,0,0,0,0.0,,
5,13,test,test_other,previous,2136,0,0,0,0.0,,
5,13,test,test_other,self,2136,0,0,0,0.0,,
5,14,demo,answer_prediction,distance_ge_2,8544,0,0,0,0.0,,
5,14,demo,demo,distance_ge_2,1000158,0,0,0,0.0,,
5,14,demo,demo,previous,8544,0,0,0,0.0,,
5,14,demo,demo,self,8544,0,0,0,0.0,,
5,14,demo,test_other,distance_ge_2,451008,0,0,0,0.0,,
5,14,test,answer_prediction,distance_ge_2,2136,0,0,0,0.0,,
5,14,test,test_other,distance_ge_2,57551,0,0,0,0.0,,
5,14,test,test_other,previous,2136,0,0,0,0.0,,
5,14,test,test_other,self,2136,0,0,0,0.0,,
5,15,demo,answer_prediction,distance_ge_2,8544,0,0,0,0.0,,
5,15,demo,demo,distance_ge_2,1000158,0,0,0,0.0,,
5,15,demo,demo,previous,8544,0,0,0,0.0,,
5,15,demo,demo,self,8544,0,0,0,0.0,,
5,15,demo,test_other,distance_ge_2,451008,0,0,0,0.0,,
5,15,test,answer_prediction,distance_ge_2,2136,0,0,0,0.0,,
5,15,test,test_other,distance_ge_2,57551,0,0,0,0.0,,
5,15,test,test_other,previous,2136,0,0,0,0.0,,
5,15,test,test_other,self,2136,0,0,0,0.0,,
5,16,demo,answer_prediction,distance_ge_2,8544,0,0,0,0.0,,
5,16,demo,demo,distance_ge_2,1000158,180,180,21,0.00017997156449281012,0.007220626033570928,0.06149946556478325
5,16,demo,demo,previous,8544,0,0,0,0.0,,
5,16,demo,demo,self,8544,0,0,0,0.0,,
5,16,demo,test_other,distance_ge_2,451008,25,25,5,5.543138924364978e-05,0.012376418788917362,0.009107064362615347
5,16,test,answer_prediction,distance_ge_2,2136,0,0,0,0.0,,
5,16,test,test_other,distance_ge_2,57551,45,45,17,0.0007819151708919046,0.009999524567845381,0.012841291311714385
5,16,test,test_other,previous,2136,0,0,0,0.0,,
5,16,test,test_other,self,2136,0,0,0,0.0,,
5,17,demo,answer_prediction,distance_ge_2,8544,0,0,0,0.0,,
5,17,demo,demo,distance_ge_2,1000158,0,0,0,0.0,,
5,17,demo,demo,previous,8544,0,0,0,0.0,,
5,17,demo,demo,self,8544,0,0,0,0.0,,
5,17,demo,test_other,distance_ge_2,451008,0,0,0,0.0,,
5,17,test,answer_prediction,distance_ge_2,2136,0,0,0,0.0,,
5,17,test,test_other,distance_ge_2,57551,0,0,0,0.0,,
5,17,test,test_other,previous,2136,0,0,0,0.0,,
5,17,test,test_other,self,2136,0,0,0,0.0,,
5,18,demo,answer_prediction,distance_ge_2,8544,0,0,0,0.0,,
5,18,demo,demo,distance_ge_2,1000158,1980,1980,89,0.0019796872094209115,0.03968498266855904,0.03898495511061305
5,18,demo,demo,previous,8544,60,60,10,0.007022471910112359,0.03431387630601724,0.315579554438591
5,18,demo,demo,self,8544,594,594,67,0.06952247191011236,0.06483990946778344,0.03061084375287146
5,18,demo,test_other,distance_ge_2,451008,16,16,10,3.547608911593586e-05,0.003079598769545555,0.003624790522735566
5,18,test,answer_prediction,distance_ge_2,2136,0,0,0,0.0,,
5,18,test,test_other,distance_ge_2,57551,409,409,76,0.007106740108773088,0.01166056678374241,0.01695151847950439
5,18,test,test_other,previous,2136,0,0,0,0.0,,
5,18,test,test_other,self,2136,124,124,32,0.05805243445692884,0.010987079548349063,0.006985197386388938
5,19,demo,answer_prediction,distance_ge_2,8544,0,0,0,0.0,,
5,19,demo,demo,distance_ge_2,1000158,390,390,42,0.000389938389734422,0.015003017737315251,0.026016440806098474
5,19,demo,demo,previous,8544,0,0,0,0.0,,
5,19,demo,demo,self,8544,0,0,0,0.0,,
5,19,demo,test_other,distance_ge_2,451008,22,22,5,4.8779622534411806e-05,0.01810840703547001,0.017102334952638062
5,19,test,answer_prediction,distance_ge_2,2136,0,0,0,0.0,,
5,19,test,test_other,distance_ge_2,57551,333,333,82,0.005786172264600094,0.009580833288874512,0.020113569189474132
5,19,test,test_other,previous,2136,0,0,0,0.0,,
5,19,test,test_other,self,2136,0,0,0,0.0,,
5,20,demo,answer_prediction,distance_ge_2,8544,0,0,0,0.0,,
5,20,demo,demo,distance_ge_2,1000158,0,0,0,0.0,,
5,20,demo,demo,previous,8544,0,0,0,0.0,,
5,20,demo,demo,self,8544,0,0,0,0.0,,
5,20,demo,test_other,distance_ge_2,451008,0,0,0,0.0,,
5,20,test,answer_prediction,distance_ge_2,2136,0,0,0,0.0,,
5,20,test,test_other,distance_ge_2,57551,0,0,0,0.0,,
5,20,test,test_other,previous,2136,0,0,0,0.0,,
5,20,test,test_other,self,2136,0,0,0,0.0,,
5,21,demo,answer_prediction,distance_ge_2,8544,0,0,0,0.0,,
5,21,demo,demo,distance_ge_2,1000158,0,0,0,0.0,,
5,21,demo,demo,previous,8544,0,0,0,0.0,,
5,21,demo,demo,self,8544,0,0,0,0.0,,
5,21,demo,test_other,distance_ge_2,451008,0,0,0,0.0,,
5,21,test,answer_prediction,distance_ge_2,2136,0,0,0,0.0,,
5,21,test,test_other,distance_ge_2,57551,0,0,0,0.0,,
5,21,test,test_other,previous,2136,0,0,0,0.0,,
5,21,test,test_other,self,2136,0,0,0,0.0,,
5,22,demo,answer_prediction,distance_ge_2,8544,0,0,0,0.0,,
5,22,demo,demo,distance_ge_2,1000158,0,0,0,0.0,,
5,22,demo,demo,previous,8544,0,0,0,0.0,,
5,22,demo,demo,self,8544,0,0,0,0.0,,
5,22,demo,test_other,distance_ge_2,451008,0,0,0,0.0,,
5,22,test,answer_prediction,distance_ge_2,2136,0,0,0,0.0,,
5,22,test,test_other,distance_ge_2,57551,0,0,0,0.0,,
5,22,test,test_other,previous,2136,0,0,0,0.0,,
5,22,test,test_other,self,2136,0,0,0,0.0,,
5,23,demo,answer_prediction,distance_ge_2,8544,0,0,0,0.0,,
5,23,demo,demo,distance_ge_2,1000158,0,0,0,0.0,,
5,23,demo,demo,previous,8544,0,0,0,0.0,,
5,23,demo,demo,self,8544,0,0,0,0.0,,
5,23,demo,test_other,distance_ge_2,451008,0,0,0,0.0,,
5,23,test,answer_prediction,distance_ge_2,2136,0,0,0,0.0,,
5,23,test,test_other,distance_ge_2,57551,0,0,0,0.0,,
5,23,test,test_other,previous,2136,0,0,0,0.0,,
5,23,test,test_other,self,2136,0,0,0,0.0,,
5,24,demo,answer_prediction,distance_ge_2,8544,0,0,0,0.0,,
5,24,demo,demo,distance_ge_2,1000158,0,0,0,0.0,,
5,24,demo,demo,previous,8544,0,0,0,0.0,,
5,24,demo,demo,self,8544,0,0,0,0.0,,
5,24,demo,test_other,distance_ge_2,451008,0,0,0,0.0,,
5,24,test,answer_prediction,distance_ge_2,2136,0,0,0,0.0,,
5,24,test,test_other,distance_ge_2,57551,0,0,0,0.0,,
5,24,test,test_other,previous,2136,0,0,0,0.0,,
5,24,test,test_other,self,2136,4,4,2,0.0018726591760299626,0.004366984590888023,0.06537053734064102
5,25,demo,answer_prediction,distance_ge_2,8544,0,0,0,0.0,,
5,25,demo,demo,distance_ge_2,1000158,0,0,0,0.0,,
5,25,demo,demo,previous,8544,0,0,0,0.0,,
5,25,demo,demo,self,8544,0,0,0,0.0,,
5,25,demo,test_other,distance_ge_2,451008,0,0,0,0.0,,
5,25,test,answer_prediction,distance_ge_2,2136,0,0,0,0.0,,
5,25,test,test_other,distance_ge_2,57551,0,0,0,0.0,,
5,25,test,test_other,previous,2136,0,0,0,0.0,,
5,25,test,test_other,self,2136,0,0,0,0.0,,
5,26,demo,answer_prediction,distance_ge_2,8544,0,0,0,0.0,,
5,26,demo,demo,distance_ge_2,1000158,0,0,0,0.0,,
5,26,demo,demo,previous,8544,0,0,0,0.0,,
5,26,demo,demo,self,8544,0,0,0,0.0,,
5,26,demo,test_other,distance_ge_2,451008,0,0,0,0.0,,
5,26,test,answer_prediction,distance_ge_2,2136,0,0,0,0.0,,
5,26,test,test_other,distance_ge_2,57551,0,0,0,0.0,,
5,26,test,test_other,previous,2136,0,0,0,0.0,,
5,26,test,test_other,self,2136,0,0,0,0.0,,
5,27,demo,answer_prediction,distance_ge_2,8544,0,0,0,0.0,,
5,27,demo,demo,distance_ge_2,1000158,0,0,0,0.0,,
5,27,demo,demo,previous,8544,0,0,0,0.0,,
5,27,demo,demo,self,8544,0,0,0,0.0,,
5,27,demo,test_other,distance_ge_2,451008,0,0,0,0.0,,
5,27,test,answer_prediction,distance_ge_2,2136,0,0,0,0.0,,
5,27,test,test_other,distance_ge_2,57551,0,0,0,0.0,,
5,27,test,test_other,previous,2136,0,0,0,0.0,,
5,27,test,test_other,self,2136,0,0,0,0.0,,
5,28,demo,answer_prediction,distance_ge_2,8544,0,0,0,0.0,,
5,28,demo,demo,distance_ge_2,1000158,0,0,0,0.0,,
5,28,demo,demo,previous,8544,0,0,0,0.0,,
5,28,demo,demo,self,8544,0,0,0,0.0,,
5,28,demo,test_other,distance_ge_2,451008,0,0,0,0.0,,
5,28,test,answer_prediction,distance_ge_2,2136,0,0,0,0.0,,
5,28,test,test_other,distance_ge_2,57551,0,0,0,0.0,,
5,28,test,test_other,previous,2136,0,0,0,0.0,,
5,28,test,test_other,self,2136,0,0,0,0.0,,
5,29,demo,answer_prediction,distance_ge_2,8544,0,0,0,0.0,,
5,29,demo,demo,distance_ge_2,1000158,0,0,0,0.0,,
5,29,demo,demo,previous,8544,6,6,1,0.0007022471910112359,0.011577981524169445,0.0
5,29,demo,demo,self,8544,0,0,0,0.0,,
5,29,demo,test_other,distance_ge_2,451008,0,0,0,0.0,,
5,29,test,answer_prediction,distance_ge_2,2136,0,0,0,0.0,,
5,29,test,test_other,distance_ge_2,57551,0,0,0,0.0,,
5,29,test,test_other,previous,2136,0,0,0,0.0,,
5,29,test,test_other,self,2136,0,0,0,0.0,,
5,30,demo,answer_prediction,distance_ge_2,8544,0,0,0,0.0,,
5,30,demo,demo,distance_ge_2,1000158,0,0,0,0.0,,
5,30,demo,demo,previous,8544,0,0,0,0.0,,
5,30,demo,demo,self,8544,0,0,0,0.0,,
5,30,demo,test_other,distance_ge_2,451008,0,0,0,0.0,,
5,30,test,answer_prediction,distance_ge_2,2136,0,0,0,0.0,,
5,30,test,test_other,distance_ge_2,57551,0,0,0,0.0,,
5,30,test,test_other,previous,2136,0,0,0,0.0,,
5,30,test,test_other,self,2136,0,0,0,0.0,,
5,31,demo,answer_prediction,distance_ge_2,8544,0,0,0,0.0,,
5,31,demo,demo,distance_ge_2,1000158,0,0,0,0.0,,
5,31,demo,demo,previous,8544,0,0,0,0.0,,
5,31,demo,demo,self,8544,0,0,0,0.0,,
5,31,demo,test_other,distance_ge_2,451008,0,0,0,0.0,,
5,31,test,answer_prediction,distance_ge_2,2136,0,0,0,0.0,,
5,31,test,test_other,distance_ge_2,57551,0,0,0,0.0,,
5,31,test,test_other,previous,2136,0,0,0,0.0,,
5,31,test,test_other,self,2136,11,11,3,0.005149812734082397,0.010427216829901392,0.0138004831969738
6,0,demo,answer_prediction,distance_ge_2,8544,0,0,0,0.0,,
6,0,demo,demo,distance_ge_2,1000158,0,0,0,0.0,,
6,0,demo,demo,previous,8544,0,0,0,0.0,,
6,0,demo,demo,self,8544,0,0,0,0.0,,
6,0,demo,test_other,distance_ge_2,451008,0,0,0,0.0,,
6,0,test,answer_prediction,distance_ge_2,2136,0,0,0,0.0,,
6,0,test,test_other,distance_ge_2,57551,0,0,0,0.0,,
6,0,test,test_other,previous,2136,0,0,0,0.0,,
6,0,test,test_other,self,2136,0,0,0,0.0,,
6,1,demo,answer_prediction,distance_ge_2,8544,0,0,0,0.0,,
6,1,demo,demo,distance_ge_2,1000158,0,0,0,0.0,,
6,1,demo,demo,previous,8544,0,0,0,0.0,,
6,1,demo,demo,self,8544,0,0,0,0.0,,
6,1,demo,test_other,distance_ge_2,451008,0,0,0,0.0,,
6,1,test,answer_prediction,distance_ge_2,2136,0,0,0,0.0,,
6,1,test,test_other,distance_ge_2,57551,0,0,0,0.0,,
6,1,test,test_other,previous,2136,0,0,0,0.0,,
6,1,test,test_other,self,2136,0,0,0,0.0,,
6,2,demo,answer_prediction,distance_ge_2,8544,0,0,0,0.0,,
6,2,demo,demo,distance_ge_2,1000158,0,0,0,0.0,,
6,2,demo,demo,previous,8544,0,0,0,0.0,,
6,2,demo,demo,self,8544,4074,4074,89,0.4768258426966292,0.013400885896635172,0.014116514507861527
6,2,demo,test_other,distance_ge_2,451008,0,0,0,0.0,,
6,2,test,answer_prediction,distance_ge_2,2136,0,0,0,0.0,,
6,2,test,test_other,distance_ge_2,57551,0,0,0,0.0,,
6,2,test,test_other,previous,2136,0,0,0,0.0,,
6,2,test,test_other,self,2136,984,984,89,0.4606741573033708,0.0068789355484069545,0.013150680693827344
6,3,demo,answer_prediction,distance_ge_2,8544,0,0,0,0.0,,
6,3,demo,demo,distance_ge_2,1000158,6,6,1,5.999052149760338e-06,0.009856077842414379,0.06614714860916138
6,3,demo,demo,previous,8544,0,0,0,0.0,,
6,3,demo,demo,self,8544,684,684,71,0.0800561797752809,0.06844719878890775,0.03703422599937767
6,3,demo,test_other,distance_ge_2,451008,1,1,1,2.2172555697459912e-06,0.0,0.0
6,3,test,answer_prediction,distance_ge_2,2136,0,0,0,0.0,,
6,3,test,test_other,distance_ge_2,57551,8,8,5,0.00013900714149189415,0.007174515922088176,0.01076643739361316
6,3,test,test_other,previous,2136,0,0,0,0.0,,
6,3,test,test_other,self,2136,179,179,43,0.08380149812734082,0.020407838454932124,0.005507846689372006
6,4,demo,answer_prediction,distance_ge_2,8544,0,0,0,0.0,,
6,4,demo,demo,distance_ge_2,1000158,0,0,0,0.0,,
6,4,demo,demo,previous,8544,0,0,0,0.0,,
6,4,demo,demo,self,8544,0,0,0,0.0,,
6,4,demo,test_other,distance_ge_2,451008,0,0,0,0.0,,
6,4,test,answer_prediction,distance_ge_2,2136,0,0,0,0.0,,
6,4,test,test_other,distance_ge_2,57551,0,0,0,0.0,,
6,4,test,test_other,previous,2136,0,0,0,0.0,,
6,4,test,test_other,self,2136,0,0,0,0.0,,
6,5,demo,answer_prediction,distance_ge_2,8544,0,0,0,0.0,,
6,5,demo,demo,distance_ge_2,1000158,0,0,0,0.0,,
6,5,demo,demo,previous,8544,0,0,0,0.0,,
6,5,demo,demo,self,8544,0,0,0,0.0,,
6,5,demo,test_other,distance_ge_2,451008,0,0,0,0.0,,
6,5,test,answer_prediction,distance_ge_2,2136,0,0,0,0.0,,
6,5,test,test_other,distance_ge_2,57551,0,0,0,0.0,,
6,5,test,test_other,previous,2136,0,0,0,0.0,,
6,5,test,test_other,self,2136,0,0,0,0.0,,
6,6,demo,answer_prediction,distance_ge_2,8544,0,0,0,0.0,,
6,6,demo,demo,distance_ge_2,1000158,0,0,0,0.0,,
6,6,demo,demo,previous,8544,0,0,0,0.0,,
6,6,demo,demo,self,8544,0,0,0,0.0,,
6,6,demo,test_other,distance_ge_2,451008,0,0,0,0.0,,
6,6,test,answer_prediction,distance_ge_2,2136,0,0,0,0.0,,
6,6,test,test_other,distance_ge_2,57551,0,0,0,0.0,,
6,6,test,test_other,previous,2136,0,0,0,0.0,,
6,6,test,test_other,self,2136,0,0,0,0.0,,
6,7,demo,answer_prediction,distance_ge_2,8544,0,0,0,0.0,,
6,7,demo,demo,distance_ge_2,1000158,0,0,0,0.0,,
6,7,demo,demo,previous,8544,0,0,0,0.0,,
6,7,demo,demo,self,8544,0,0,0,0.0,,
6,7,demo,test_other,distance_ge_2,451008,0,0,0,0.0,,
6,7,test,answer_prediction,distance_ge_2,2136,0,0,0,0.0,,
6,7,test,test_other,distance_ge_2,57551,0,0,0,0.0,,
6,7,test,test_other,previous,2136,0,0,0,0.0,,
6,7,test,test_other,self,2136,27,27,5,0.012640449438202247,0.006591976430543043,0.01016406328589828
6,8,demo,answer_prediction,distance_ge_2,8544,0,0,0,0.0,,
6,8,demo,demo,distance_ge_2,1000158,0,0,0,0.0,,
6,8,demo,demo,previous,8544,0,0,0,0.0,,
6,8,demo,demo,self,8544,0,0,0,0.0,,
6,8,demo,test_other,distance_ge_2,451008,0,0,0,0.0,,
6,8,test,answer_prediction,distance_ge_2,2136,0,0,0,0.0,,
6,8,test,test_other,distance_ge_2,57551,0,0,0,0.0,,
6,8,test,test_other,previous,2136,0,0,0,0.0,,
6,8,test,test_other,self,2136,0,0,0,0.0,,
6,9,demo,answer_prediction,distance_ge_2,8544,0,0,0,0.0,,
6,9,demo,demo,distance_ge_2,1000158,0,0,0,0.0,,
6,9,demo,demo,previous,8544,0,0,0,0.0,,
6,9,demo,demo,self,8544,0,0,0,0.0,,
6,9,demo,test_other,distance_ge_2,451008,0,0,0,0.0,,
6,9,test,answer_prediction,distance_ge_2,2136,0,0,0,0.0,,
6,9,test,test_other,distance_ge_2,57551,0,0,0,0.0,,
6,9,test,test_other,previous,2136,0,0,0,0.0,,
6,9,test,test_other,self,2136,0,0,0,0.0,,
6,10,demo,answer_prediction,distance_ge_2,8544,0,0,0,0.0,,
6,10,demo,demo,distance_ge_2,1000158,0,0,0,0.0,,
6,10,demo,demo,previous,8544,0,0,0,0.0,,
6,10,demo,demo,self,8544,0,0,0,0.0,,
6,10,demo,test_other,distance_ge_2,451008,0,0,0,0.0,,
6,10,test,answer_prediction,distance_ge_2,2136,0,0,0,0.0,,
6,10,test,test_other,distance_ge_2,57551,0,0,0,0.0,,
6,10,test,test_other,previous,2136,0,0,0,0.0,,
6,10,test,test_other,self,2136,0,0,0,0.0,,
6,11,demo,answer_prediction,distance_ge_2,8544,0,0,0,0.0,,
6,11,demo,demo,distance_ge_2,1000158,642,642,46,0.0006418985800243561,0.04659675024565878,0.0642296391542177
6,11,demo,demo,previous,8544,174,174,29,0.020365168539325844,0.07726724908269685,0.1301803306258958
6,11,demo,demo,self,8544,648,648,73,0.07584269662921349,0.016260261478529162,0.13056983037587302
6,11,demo,test_other,distance_ge_2,451008,1,1,1,2.2172555697459912e-06,0.0,0.0420851968228817
6,11,test,answer_prediction,distance_ge_2,2136,0,0,0,0.0,,
6,11,test,test_other,distance_ge_2,57551,30,30,14,0.000521276780594603,0.0053118443737427395,0.012859588675200938
6,11,test,test_other,previous,2136,0,0,0,0.0,,
6,11,test,test_other,self,2136,105,105,23,0.04915730337078652,0.014605777539933721,0.007476244629721069
6,12,demo,answer_prediction,distance_ge_2,8544,0,0,0,0.0,,
6,12,demo,demo,distance_ge_2,1000158,0,0,0,0.0,,
6,12,demo,demo,previous,8544,0,0,0,0.0,,
6,12,demo,demo,self,8544,0,0,0,0.0,,
6,12,demo,test_other,distance_ge_2,451008,0,0,0,0.0,,
6,12,test,answer_prediction,distance_ge_2,2136,0,0,0,0.0,,
6,12,test,test_other,distance_ge_2,57551,0,0,0,0.0,,
6,12,test,test_other,previous,2136,0,0,0,0.0,,
6,12,test,test_other,self,2136,0,0,0,0.0,,
6,13,demo,answer_prediction,distance_ge_2,8544,0,0,0,0.0,,
6,13,demo,demo,distance_ge_2,1000158,0,0,0,0.0,,
6,13,demo,demo,previous,8544,0,0,0,0.0,,
6,13,demo,demo,self,8544,0,0,0,0.0,,
6,13,demo,test_other,distance_ge_2,451008,0,0,0,0.0,,
6,13,test,answer_prediction,distance_ge_2,2136,0,0,0,0.0,,
6,13,test,test_other,distance_ge_2,57551,0,0,0,0.0,,
6,13,test,test_other,previous,2136,0,0,0,0.0,,
6,13,test,test_other,self,2136,0,0,0,0.0,,
6,14,demo,answer_prediction,distance_ge_2,8544,0,0,0,0.0,,
6,14,demo,demo,distance_ge_2,1000158,18,18,2,1.7997156449281014e-05,0.0,0.1306050792336464
6,14,demo,demo,previous,8544,0,0,0,0.0,,
6,14,demo,demo,self,8544,126,126,20,0.014747191011235955,0.012133236752734297,0.07199535110876673
6,14,demo,test_other,distance_ge_2,451008,0,0,0,0.0,,
6,14,test,answer_prediction,distance_ge_2,2136,0,0,0,0.0,,
6,14,test,test_other,distance_ge_2,57551,4,4,3,6.950357074594707e-05,0.03864441532641649,0.005819187965244055
6,14,test,test_other,previous,2136,0,0,0,0.0,,
6,14,test,test_other,self,2136,9,9,3,0.004213483146067416,0.01894534130891164,0.0
6,15,demo,answer_prediction,distance_ge_2,8544,0,0,0,0.0,,
6,15,demo,demo,distance_ge_2,1000158,0,0,0,0.0,,
6,15,demo,demo,previous,8544,0,0,0,0.0,,
6,15,demo,demo,self,8544,0,0,0,0.0,,
6,15,demo,test_other,distance_ge_2,451008,0,0,0,0.0,,
6,15,test,answer_prediction,distance_ge_2,2136,0,0,0,0.0,,
6,15,test,test_other,distance_ge_2,57551,0,0,0,0.0,,
6,15,test,test_other,previous,2136,0,0,0,0.0,,
6,15,test,test_other,self,2136,0,0,0,0.0,,
6,16,demo,answer_prediction,distance_ge_2,8544,0,0,0,0.0,,
6,16,demo,demo,distance_ge_2,1000158,0,0,0,0.0,,
6,16,demo,demo,previous,8544,0,0,0,0.0,,
6,16,demo,demo,self,8544,0,0,0,0.0,,
6,16,demo,test_other,distance_ge_2,451008,0,0,0,0.0,,
6,16,test,answer_prediction,distance_ge_2,2136,0,0,0,0.0,,
6,16,test,test_other,distance_ge_2,57551,0,0,0,0.0,,
6,16,test,test_other,previous,2136,0,0,0,0.0,,
6,16,test,test_other,self,2136,9,9,2,0.004213483146067416,0.0014518780323366325,0.014041175858842002
6,17,demo,answer_prediction,distance_ge_2,8544,0,0,0,0.0,,
6,17,demo,demo,distance_ge_2,1000158,0,0,0,0.0,,
6,17,demo,demo,previous,8544,0,0,0,0.0,,
6,17,demo,demo,self,8544,0,0,0,0.0,,
6,17,demo,test_other,distance_ge_2,451008,0,0,0,0.0,,
6,17,test,answer_prediction,distance_ge_2,2136,0,0,0,0.0,,
6,17,test,test_other,distance_ge_2,57551,0,0,0,0.0,,
6,17,test,test_other,previous,2136,0,0,0,0.0,,
6,17,test,test_other,self,2136,0,0,0,0.0,,
6,18,demo,answer_prediction,distance_ge_2,8544,0,0,0,0.0,,
6,18,demo,demo,distance_ge_2,1000158,0,0,0,0.0,,
6,18,demo,demo,previous,8544,54,54,9,0.006320224719101123,0.05570332333445549,0.05988859012722969
6,18,demo,demo,self,8544,0,0,0,0.0,,
6,18,demo,test_other,distance_ge_2,451008,0,0,0,0.0,,
6,18,test,answer_prediction,distance_ge_2,2136,0,0,0,0.0,,
6,18,test,test_other,distance_ge_2,57551,0,0,0,0.0,,
6,18,test,test_other,previous,2136,4,4,3,0.0018726591760299626,0.00573339220136404,0.005898889619857073
6,18,test,test_other,self,2136,0,0,0,0.0,,
6,19,demo,answer_prediction,distance_ge_2,8544,0,0,0,0.0,,
6,19,demo,demo,distance_ge_2,1000158,1116,1116,69,0.001115823699855423,0.043526356592507344,0.04564513761492417
6,19,demo,demo,previous,8544,0,0,0,0.0,,
6,19,demo,demo,self,8544,0,0,0,0.0,,
6,19,demo,test_other,distance_ge_2,451008,130,130,24,0.0002882432240669789,0.015277887984680442,0.030606035819017472
6,19,test,answer_prediction,distance_ge_2,2136,0,0,0,0.0,,
6,19,test,test_other,distance_ge_2,57551,360,360,85,0.006255321367135237,0.008588183470096232,0.015470577575059805
6,19,test,test_other,previous,2136,0,0,0,0.0,,
6,19,test,test_other,self,2136,0,0,0,0.0,,
6,20,demo,answer_prediction,distance_ge_2,8544,0,0,0,0.0,,
6,20,demo,demo,distance_ge_2,1000158,0,0,0,0.0,,
6,20,demo,demo,previous,8544,0,0,0,0.0,,
6,20,demo,demo,self,8544,0,0,0,0.0,,
6,20,demo,test_other,distance_ge_2,451008,0,0,0,0.0,,
6,20,test,answer_prediction,distance_ge_2,2136,0,0,0,0.0,,
6,20,test,test_other,distance_ge_2,57551,0,0,0,0.0,,
6,20,test,test_other,previous,2136,0,0,0,0.0,,
6,20,test,test_other,self,2136,0,0,0,0.0,,
6,21,demo,answer_prediction,distance_ge_2,8544,0,0,0,0.0,,
6,21,demo,demo,distance_ge_2,1000158,18,18,3,1.7997156449281014e-05,0.12147444486618042,0.0
6,21,demo,demo,previous,8544,0,0,0,0.0,,
6,21,demo,demo,self,8544,186,186,30,0.021769662921348316,0.03552308295082341,0.12200025108552748
6,21,demo,test_other,distance_ge_2,451008,0,0,0,0.0,,
6,21,test,answer_prediction,distance_ge_2,2136,0,0,0,0.0,,
6,21,test,test_other,distance_ge_2,57551,2,2,2,3.475178537297354e-05,0.023041117936372757,0.03081430308520794
6,21,test,test_other,previous,2136,0,0,0,0.0,,
6,21,test,test_other,self,2136,12,12,6,0.0056179775280898875,0.010980421677231789,0.012711113008360067
6,22,demo,answer_prediction,distance_ge_2,8544,0,0,0,0.0,,
6,22,demo,demo,distance_ge_2,1000158,0,0,0,0.0,,
6,22,demo,demo,previous,8544,0,0,0,0.0,,
6,22,demo,demo,self,8544,84,84,14,0.009831460674157303,0.0,0.011278443154878914
6,22,demo,test_other,distance_ge_2,451008,0,0,0,0.0,,
6,22,test,answer_prediction,distance_ge_2,2136,0,0,0,0.0,,
6,22,test,test_other,distance_ge_2,57551,0,0,0,0.0,,
6,22,test,test_other,previous,2136,0,0,0,0.0,,
6,22,test,test_other,self,2136,2,2,1,0.0009363295880149813,0.018138602375984192,0.0
6,23,demo,answer_prediction,distance_ge_2,8544,0,0,0,0.0,,
6,23,demo,demo,distance_ge_2,1000158,0,0,0,0.0,,
6,23,demo,demo,previous,8544,0,0,0,0.0,,
6,23,demo,demo,self,8544,0,0,0,0.0,,
6,23,demo,test_other,distance_ge_2,451008,0,0,0,0.0,,
6,23,test,answer_prediction,distance_ge_2,2136,0,0,0,0.0,,
6,23,test,test_other,distance_ge_2,57551,0,0,0,0.0,,
6,23,test,test_other,previous,2136,0,0,0,0.0,,
6,23,test,test_other,self,2136,0,0,0,0.0,,
6,24,demo,answer_prediction,distance_ge_2,8544,0,0,0,0.0,,
6,24,demo,demo,distance_ge_2,1000158,1248,1248,81,0.0012478028471501503,0.008184503996278344,0.03706715148832583
6,24,demo,demo,previous,8544,0,0,0,0.0,,
6,24,demo,demo,self,8544,0,0,0,0.0,,
6,24,demo,test_other,distance_ge_2,451008,256,256,49,0.0005676174258549738,0.0059884399133807165,0.018674760222438636
6,24,test,answer_prediction,distance_ge_2,2136,0,0,0,0.0,,
6,24,test,test_other,distance_ge_2,57551,370,370,86,0.006429080294000104,0.009273582849833916,0.022659211941956185
6,24,test,test_other,previous,2136,0,0,0,0.0,,
6,24,test,test_other,self,2136,0,0,0,0.0,,
6,25,demo,answer_prediction,distance_ge_2,8544,0,0,0,0.0,,
6,25,demo,demo,distance_ge_2,1000158,0,0,0,0.0,,
6,25,demo,demo,previous,8544,0,0,0,0.0,,
6,25,demo,demo,self,8544,0,0,0,0.0,,
6,25,demo,test_other,distance_ge_2,451008,0,0,0,0.0,,
6,25,test,answer_prediction,distance_ge_2,2136,0,0,0,0.0,,
6,25,test,test_other,distance_ge_2,57551,0,0,0,0.0,,
6,25,test,test_other,previous,2136,0,0,0,0.0,,
6,25,test,test_other,self,2136,0,0,0,0.0,,
6,26,demo,answer_prediction,distance_ge_2,8544,0,0,0,0.0,,
6,26,demo,demo,distance_ge_2,1000158,0,0,0,0.0,,
6,26,demo,demo,previous,8544,0,0,0,0.0,,
6,26,demo,demo,self,8544,0,0,0,0.0,,
6,26,demo,test_other,distance_ge_2,451008,0,0,0,0.0,,
6,26,test,answer_prediction,distance_ge_2,2136,0,0,0,0.0,,
6,26,test,test_other,distance_ge_2,57551,0,0,0,0.0,,
6,26,test,test_other,previous,2136,0,0,0,0.0,,
6,26,test,test_other,self,2136,0,0,0,0.0,,
6,27,demo,answer_prediction,distance_ge_2,8544,0,0,0,0.0,,
6,27,demo,demo,distance_ge_2,1000158,0,0,0,0.0,,
6,27,demo,demo,previous,8544,0,0,0,0.0,,
6,27,demo,demo,self,8544,0,0,0,0.0,,
6,27,demo,test_other,distance_ge_2,451008,0,0,0,0.0,,
6,27,test,answer_prediction,distance_ge_2,2136,0,0,0,0.0,,
6,27,test,test_other,distance_ge_2,57551,0,0,0,0.0,,
6,27,test,test_other,previous,2136,0,0,0,0.0,,
6,27,test,test_other,self,2136,0,0,0,0.0,,
6,28,demo,answer_prediction,distance_ge_2,8544,0,0,0,0.0,,
6,28,demo,demo,distance_ge_2,1000158,0,0,0,0.0,,
6,28,demo,demo,previous,8544,0,0,0,0.0,,
6,28,demo,demo,self,8544,0,0,0,0.0,,
6,28,demo,test_other,distance_ge_2,451008,0,0,0,0.0,,
6,28,test,answer_prediction,distance_ge_2,2136,0,0,0,0.0,,
6,28,test,test_other,distance_ge_2,57551,0,0,0,0.0,,
6,28,test,test_other,previous,2136,0,0,0,0.0,,
6,28,test,test_other,self,2136,0,0,0,0.0,,
6,29,demo,answer_prediction,distance_ge_2,8544,0,0,0,0.0,,
6,29,demo,demo,distance_ge_2,1000158,0,0,0,0.0,,
6,29,demo,demo,previous,8544,0,0,0,0.0,,
6,29,demo,demo,self,8544,0,0,0,0.0,,
6,29,demo,test_other,distance_ge_2,451008,0,0,0,0.0,,
6,29,test,answer_prediction,distance_ge_2,2136,0,0,0,0.0,,
6,29,test,test_other,distance_ge_2,57551,0,0,0,0.0,,
6,29,test,test_other,previous,2136,0,0,0,0.0,,
6,29,test,test_other,self,2136,0,0,0,0.0,,
6,30,demo,answer_prediction,distance_ge_2,8544,0,0,0,0.0,,
6,30,demo,demo,distance_ge_2,1000158,120,120,19,0.00011998104299520676,0.005770731996744871,0.030414178657035034
6,30,demo,demo,previous,8544,0,0,0,0.0,,
6,30,demo,demo,self,8544,0,0,0,0.0,,
6,30,demo,test_other,distance_ge_2,451008,0,0,0,0.0,,
6,30,test,answer_prediction,distance_ge_2,2136,0,0,0,0.0,,
6,30,test,test_other,distance_ge_2,57551,18,18,9,0.00031276606835676184,0.010200107573635049,0.017468743750618562
6,30,test,test_other,previous,2136,0,0,0,0.0,,
6,30,test,test_other,self,2136,0,0,0,0.0,,
6,31,demo,answer_prediction,distance_ge_2,8544,0,0,0,0.0,,
6,31,demo,demo,distance_ge_2,1000158,0,0,0,0.0,,
6,31,demo,demo,previous,8544,0,0,0,0.0,,
6,31,demo,demo,self,8544,0,0,0,0.0,,
6,31,demo,test_other,distance_ge_2,451008,0,0,0,0.0,,
6,31,test,answer_prediction,distance_ge_2,2136,0,0,0,0.0,,
6,31,test,test_other,distance_ge_2,57551,0,0,0,0.0,,
6,31,test,test_other,previous,2136,0,0,0,0.0,,
6,31,test,test_other,self,2136,0,0,0,0.0,,
7,0,demo,answer_prediction,distance_ge_2,8544,0,0,0,0.0,,
7,0,demo,demo,distance_ge_2,1000158,246,246,32,0.00024596113814017383,0.04093021676095763,0.0013238232719098649
7,0,demo,demo,previous,8544,0,0,0,0.0,,
7,0,demo,demo,self,8544,0,0,0,0.0,,
7,0,demo,test_other,distance_ge_2,451008,16,16,5,3.547608911593586e-05,0.005278483615256846,0.015854634752031416
7,0,test,answer_prediction,distance_ge_2,2136,0,0,0,0.0,,
7,0,test,test_other,distance_ge_2,57551,36,36,14,0.0006255321367135237,0.020053379962013826,0.014878596683653692
7,0,test,test_other,previous,2136,0,0,0,0.0,,
7,0,test,test_other,self,2136,12,12,2,0.0056179775280898875,0.03633315768092871,0.025931522405395906
7,1,demo,answer_prediction,distance_ge_2,8544,0,0,0,0.0,,
7,1,demo,demo,distance_ge_2,1000158,0,0,0,0.0,,
7,1,demo,demo,previous,8544,1356,1356,87,0.15870786516853932,0.0739299588610767,0.034023198981848024
7,1,demo,demo,self,8544,18,18,3,0.002106741573033708,0.0,0.0
7,1,demo,test_other,distance_ge_2,451008,0,0,0,0.0,,
7,1,test,answer_prediction,distance_ge_2,2136,0,0,0,0.0,,
7,1,test,test_other,distance_ge_2,57551,3,3,3,5.21276780594603e-05,0.015289300587028265,0.0003032179083675146
7,1,test,test_other,previous,2136,239,239,63,0.11189138576779026,0.009787238755353013,0.010286486417822423
7,1,test,test_other,self,2136,40,40,9,0.018726591760299626,0.015136300353333354,0.009822336374782026
7,2,demo,answer_prediction,distance_ge_2,8544,0,0,0,0.0,,
7,2,demo,demo,distance_ge_2,1000158,0,0,0,0.0,,
7,2,demo,demo,previous,8544,0,0,0,0.0,,
7,2,demo,demo,self,8544,0,0,0,0.0,,
7,2,demo,test_other,distance_ge_2,451008,0,0,0,0.0,,
7,2,test,answer_prediction,distance_ge_2,2136,0,0,0,0.0,,
7,2,test,test_other,distance_ge_2,57551,0,0,0,0.0,,
7,2,test,test_other,previous,2136,0,0,0,0.0,,
7,2,test,test_other,self,2136,0,0,0,0.0,,
7,3,demo,answer_prediction,distance_ge_2,8544,0,0,0,0.0,,
7,3,demo,demo,distance_ge_2,1000158,0,0,0,0.0,,
7,3,demo,demo,previous,8544,0,0,0,0.0,,
7,3,demo,demo,self,8544,0,0,0,0.0,,
7,3,demo,test_other,distance_ge_2,451008,0,0,0,0.0,,
7,3,test,answer_prediction,distance_ge_2,2136,0,0,0,0.0,,
7,3,test,test_other,distance_ge_2,57551,0,0,0,0.0,,
7,3,test,test_other,previous,2136,0,0,0,0.0,,
7,3,test,test_other,self,2136,0,0,0,0.0,,
7,4,demo,answer_prediction,distance_ge_2,8544,0,0,0,0.0,,
7,4,demo,demo,distance_ge_2,1000158,48,48,4,4.7992417198082705e-05,0.0,0.247874416410923
7,4,demo,demo,previous,8544,0,0,0,0.0,,
7,4,demo,demo,self,8544,0,0,0,0.0,,
7,4,demo,test_other,distance_ge_2,451008,0,0,0,0.0,,
7,4,test,answer_prediction,distance_ge_2,2136,0,0,0,0.0,,
7,4,test,test_other,distance_ge_2,57551,0,0,0,0.0,,
7,4,test,test_other,previous,2136,0,0,0,0.0,,
7,4,test,test_other,self,2136,0,0,0,0.0,,
7,5,demo,answer_prediction,distance_ge_2,8544,0,0,0,0.0,,
7,5,demo,demo,distance_ge_2,1000158,0,0,0,0.0,,
7,5,demo,demo,previous,8544,0,0,0,0.0,,
7,5,demo,demo,self,8544,0,0,0,0.0,,
7,5,demo,test_other,distance_ge_2,451008,0,0,0,0.0,,
7,5,test,answer_prediction,distance_ge_2,2136,0,0,0,0.0,,
7,5,test,test_other,distance_ge_2,57551,0,0,0,0.0,,
7,5,test,test_other,previous,2136,0,0,0,0.0,,
7,5,test,test_other,self,2136,0,0,0,0.0,,
7,6,demo,answer_prediction,distance_ge_2,8544,0,0,0,0.0,,
7,6,demo,demo,distance_ge_2,1000158,0,0,0,0.0,,
7,6,demo,demo,previous,8544,0,0,0,0.0,,
7,6,demo,demo,self,8544,0,0,0,0.0,,
7,6,demo,test_other,distance_ge_2,451008,0,0,0,0.0,,
7,6,test,answer_prediction,distance_ge_2,2136,0,0,0,0.0,,
7,6,test,test_other,distance_ge_2,57551,0,0,0,0.0,,
7,6,test,test_other,previous,2136,0,0,0,0.0,,
7,6,test,test_other,self,2136,0,0,0,0.0,,
7,7,demo,answer_prediction,distance_ge_2,8544,0,0,0,0.0,,
7,7,demo,demo,distance_ge_2,1000158,0,0,0,0.0,,
7,7,demo,demo,previous,8544,0,0,0,0.0,,
7,7,demo,demo,self,8544,54,54,9,0.006320224719101123,0.0,0.0
7,7,demo,test_other,distance_ge_2,451008,0,0,0,0.0,,
7,7,test,answer_prediction,distance_ge_2,2136,0,0,0,0.0,,
7,7,test,test_other,distance_ge_2,57551,0,0,0,0.0,,
7,7,test,test_other,previous,2136,0,0,0,0.0,,
7,7,test,test_other,self,2136,0,0,0,0.0,,
7,8,demo,answer_prediction,distance_ge_2,8544,0,0,0,0.0,,
7,8,demo,demo,distance_ge_2,1000158,0,0,0,0.0,,
7,8,demo,demo,previous,8544,576,576,56,0.06741573033707865,0.041461518548506625,0.02380746920486369
7,8,demo,demo,self,8544,0,0,0,0.0,,
7,8,demo,test_other,distance_ge_2,451008,0,0,0,0.0,,
7,8,test,answer_prediction,distance_ge_2,2136,0,0,0,0.0,,
7,8,test,test_other,distance_ge_2,57551,0,0,0,0.0,,
7,8,test,test_other,previous,2136,175,175,51,0.08192883895131087,0.00681029937196789,0.0052099779743834266
7,8,test,test_other,self,2136,0,0,0,0.0,,
7,9,demo,answer_prediction,distance_ge_2,8544,0,0,0,0.0,,
7,9,demo,demo,distance_ge_2,1000158,0,0,0,0.0,,
7,9,demo,demo,previous,8544,0,0,0,0.0,,
7,9,demo,demo,self,8544,0,0,0,0.0,,
7,9,demo,test_other,distance_ge_2,451008,0,0,0,0.0,,
7,9,test,answer_prediction,distance_ge_2,2136,0,0,0,0.0,,
7,9,test,test_other,distance_ge_2,57551,0,0,0,0.0,,
7,9,test,test_other,previous,2136,0,0,0,0.0,,
7,9,test,test_other,self,2136,0,0,0,0.0,,
7,10,demo,answer_prediction,distance_ge_2,8544,0,0,0,0.0,,
7,10,demo,demo,distance_ge_2,1000158,0,0,0,0.0,,
7,10,demo,demo,previous,8544,0,0,0,0.0,,
7,10,demo,demo,self,8544,0,0,0,0.0,,
7,10,demo,test_other,distance_ge_2,451008,0,0,0,0.0,,
7,10,test,answer_prediction,distance_ge_2,2136,0,0,0,0.0,,
7,10,test,test_other,distance_ge_2,57551,0,0,0,0.0,,
7,10,test,test_other,previous,2136,0,0,0,0.0,,
7,10,test,test_other,self,2136,0,0,0,0.0,,
7,11,demo,answer_prediction,distance_ge_2,8544,0,0,0,0.0,,
7,11,demo,demo,distance_ge_2,1000158,12,12,2,1.1998104299520676e-05,0.014511499553918839,0.0
7,11,demo,demo,previous,8544,0,0,0,0.0,,
7,11,demo,demo,self,8544,0,0,0,0.0,,
7,11,demo,test_other,distance_ge_2,451008,0,0,0,0.0,,
7,11,test,answer_prediction,distance_ge_2,2136,0,0,0,0.0,,
7,11,test,test_other,distance_ge_2,57551,4,4,1,6.950357074594707e-05,0.04057563282549381,0.017669704277068377
7,11,test,test_other,previous,2136,0,0,0,0.0,,
7,11,test,test_other,self,2136,0,0,0,0.0,,
7,12,demo,answer_prediction,distance_ge_2,8544,0,0,0,0.0,,
7,12,demo,demo,distance_ge_2,1000158,0,0,0,0.0,,
7,12,demo,demo,previous,8544,0,0,0,0.0,,
7,12,demo,demo,self,8544,0,0,0,0.0,,
7,12,demo,test_other,distance_ge_2,451008,0,0,0,0.0,,
7,12,test,answer_prediction,distance_ge_2,2136,0,0,0,0.0,,
7,12,test,test_other,distance_ge_2,57551,1,1,1,1.737589268648677e-05,0.0,0.039006900042295456
7,12,test,test_other,previous,2136,0,0,0,0.0,,
7,12,test,test_other,self,2136,0,0,0,0.0,,
7,13,demo,answer_prediction,distance_ge_2,8544,0,0,0,0.0,,
7,13,demo,demo,distance_ge_2,1000158,0,0,0,0.0,,
7,13,demo,demo,previous,8544,0,0,0,0.0,,
7,13,demo,demo,self,8544,0,0,0,0.0,,
7,13,demo,test_other,distance_ge_2,451008,0,0,0,0.0,,
7,13,test,answer_prediction,distance_ge_2,2136,0,0,0,0.0,,
7,13,test,test_other,distance_ge_2,57551,0,0,0,0.0,,
7,13,test,test_other,previous,2136,0,0,0,0.0,,
7,13,test,test_other,self,2136,0,0,0,0.0,,
7,14,demo,answer_prediction,distance_ge_2,8544,0,0,0,0.0,,
7,14,demo,demo,distance_ge_2,1000158,0,0,0,0.0,,
7,14,demo,demo,previous,8544,0,0,0,0.0,,
7,14,demo,demo,self,8544,0,0,0,0.0,,
7,14,demo,test_other,distance_ge_2,451008,0,0,0,0.0,,
7,14,test,answer_prediction,distance_ge_2,2136,0,0,0,0.0,,
7,14,test,test_other,distance_ge_2,57551,0,0,0,0.0,,
7,14,test,test_other,previous,2136,0,0,0,0.0,,
7,14,test,test_other,self,2136,0,0,0,0.0,,
7,15,demo,answer_prediction,distance_ge_2,8544,0,0,0,0.0,,
7,15,demo,demo,distance_ge_2,1000158,0,0,0,0.0,,
7,15,demo,demo,previous,8544,0,0,0,0.0,,
7,15,demo,demo,self,8544,24,24,4,0.0028089887640449437,0.0,0.010868162848055363
7,15,demo,test_other,distance_ge_2,451008,0,0,0,0.0,,
7,15,test,answer_prediction,distance_ge_2,2136,0,0,0,0.0,,
7,15,test,test_other,distance_ge_2,57551,1,1,1,1.737589268648677e-05,0.0,0.010119450278580189
7,15,test,test_other,previous,2136,0,0,0,0.0,,
7,15,test,test_other,self,2136,10,10,4,0.0046816479400749065,0.03150784634053707,0.022072006203234195
7,16,demo,answer_prediction,distance_ge_2,8544,0,0,0,0.0,,
7,16,demo,demo,distance_ge_2,1000158,0,0,0,0.0,,
7,16,demo,demo,previous,8544,0,0,0,0.0,,
7,16,demo,demo,self,8544,0,0,0,0.0,,
7,16,demo,test_other,distance_ge_2,451008,0,0,0,0.0,,
7,16,test,answer_prediction,distance_ge_2,2136,0,0,0,0.0,,
7,16,test,test_other,distance_ge_2,57551,0,0,0,0.0,,
7,16,test,test_other,previous,2136,0,0,0,0.0,,
7,16,test,test_other,self,2136,0,0,0,0.0,,
7,17,demo,answer_prediction,distance_ge_2,8544,0,0,0,0.0,,
7,17,demo,demo,distance_ge_2,1000158,0,0,0,0.0,,
7,17,demo,demo,previous,8544,0,0,0,0.0,,
7,17,demo,demo,self,8544,0,0,0,0.0,,
7,17,demo,test_other,distance_ge_2,451008,0,0,0,0.0,,
7,17,test,answer_prediction,distance_ge_2,2136,0,0,0,0.0,,
7,17,test,test_other,distance_ge_2,57551,0,0,0,0.0,,
7,17,test,test_other,previous,2136,0,0,0,0.0,,
7,17,test,test_other,self,2136,0,0,0,0.0,,
7,18,demo,answer_prediction,distance_ge_2,8544,0,0,0,0.0,,
7,18,demo,demo,distance_ge_2,1000158,1674,1674,87,0.0016737355497831344,0.018924132580578904,0.025761130935175337
7,18,demo,demo,previous,8544,0,0,0,0.0,,
7,18,demo,demo,self,8544,0,0,0,0.0,,
7,18,demo,test_other,distance_ge_2,451008,9,9,3,1.9955300127713922e-05,0.0,0.02945610259970029
7,18,test,answer_prediction,distance_ge_2,2136,0,0,0,0.0,,
7,18,test,test_other,distance_ge_2,57551,528,528,88,0.009174471338465013,0.008836296575778264,0.02281397616510124
7,18,test,test_other,previous,2136,0,0,0,0.0,,
7,18,test,test_other,self,2136,0,0,0,0.0,,
7,19,demo,answer_prediction,distance_ge_2,8544,0,0,0,0.0,,
7,19,demo,demo,distance_ge_2,1000158,0,0,0,0.0,,
7,19,demo,demo,previous,8544,0,0,0,0.0,,
7,19,demo,demo,self,8544,0,0,0,0.0,,
7,19,demo,test_other,distance_ge_2,451008,0,0,0,0.0,,
7,19,test,answer_prediction,distance_ge_2,2136,0,0,0,0.0,,
7,19,test,test_other,distance_ge_2,57551,0,0,0,0.0,,
7,19,test,test_other,previous,2136,0,0,0,0.0,,
7,19,test,test_other,self,2136,0,0,0,0.0,,
7,20,demo,answer_prediction,distance_ge_2,8544,0,0,0,0.0,,
7,20,demo,demo,distance_ge_2,1000158,0,0,0,0.0,,
7,20,demo,demo,previous,8544,0,0,0,0.0,,
7,20,demo,demo,self,8544,0,0,0,0.0,,
7,20,demo,test_other,distance_ge_2,451008,0,0,0,0.0,,
7,20,test,answer_prediction,distance_ge_2,2136,0,0,0,0.0,,
7,20,test,test_other,distance_ge_2,57551,1,1,1,1.737589268648677e-05,0.0,0.028968360275030136
7,20,test,test_other,previous,2136,0,0,0,0.0,,
7,20,test,test_other,self,2136,0,0,0,0.0,,
7,21,demo,answer_prediction,distance_ge_2,8544,0,0,0,0.0,,
7,21,demo,demo,distance_ge_2,1000158,0,0,0,0.0,,
7,21,demo,demo,previous,8544,0,0,0,0.0,,
7,21,demo,demo,self,8544,0,0,0,0.0,,
7,21,demo,test_other,distance_ge_2,451008,0,0,0,0.0,,
7,21,test,answer_prediction,distance_ge_2,2136,0,0,0,0.0,,
7,21,test,test_other,distance_ge_2,57551,0,0,0,0.0,,
7,21,test,test_other,previous,2136,0,0,0,0.0,,
7,21,test,test_other,self,2136,0,0,0,0.0,,
7,22,demo,answer_prediction,distance_ge_2,8544,0,0,0,0.0,,
7,22,demo,demo,distance_ge_2,1000158,24,24,4,2.3996208599041352e-05,0.09009137749671936,0.0
7,22,demo,demo,previous,8544,12,12,2,0.0014044943820224719,0.1616094410419464,0.4412883520126343
7,22,demo,demo,self,8544,0,0,0,0.0,,
7,22,demo,test_other,distance_ge_2,451008,0,0,0,0.0,,
7,22,test,answer_prediction,distance_ge_2,2136,0,0,0,0.0,,
7,22,test,test_other,distance_ge_2,57551,4,4,1,6.950357074594707e-05,0.0,0.0
7,22,test,test_other,previous,2136,0,0,0,0.0,,
7,22,test,test_other,self,2136,0,0,0,0.0,,
7,23,demo,answer_prediction,distance_ge_2,8544,0,0,0,0.0,,
7,23,demo,demo,distance_ge_2,1000158,0,0,0,0.0,,
7,23,demo,demo,previous,8544,0,0,0,0.0,,
7,23,demo,demo,self,8544,0,0,0,0.0,,
7,23,demo,test_other,distance_ge_2,451008,0,0,0,0.0,,
7,23,test,answer_prediction,distance_ge_2,2136,0,0,0,0.0,,
7,23,test,test_other,distance_ge_2,57551,0,0,0,0.0,,
7,23,test,test_other,previous,2136,0,0,0,0.0,,
7,23,test,test_other,self,2136,0,0,0,0.0,,
7,24,demo,answer_prediction,distance_ge_2,8544,0,0,0,0.0,,
7,24,demo,demo,distance_ge_2,1000158,0,0,0,0.0,,
7,24,demo,demo,previous,8544,0,0,0,0.0,,
7,24,demo,demo,self,8544,0,0,0,0.0,,
7,24,demo,test_other,distance_ge_2,451008,0,0,0,0.0,,
7,24,test,answer_prediction,distance_ge_2,2136,0,0,0,0.0,,
7,24,test,test_other,distance_ge_2,57551,0,0,0,0.0,,
7,24,test,test_other,previous,2136,0,0,0,0.0,,
7,24,test,test_other,self,2136,0,0,0,0.0,,
7,25,demo,answer_prediction,distance_ge_2,8544,0,0,0,0.0,,
7,25,demo,demo,distance_ge_2,1000158,0,0,0,0.0,,
7,25,demo,demo,previous,8544,0,0,0,0.0,,
7,25,demo,demo,self,8544,0,0,0,0.0,,
7,25,demo,test_other,distance_ge_2,451008,0,0,0,0.0,,
7,25,test,answer_prediction,distance_ge_2,2136,0,0,0,0.0,,
7,25,test,test_other,distance_ge_2,57551,73,73,36,0.0012684401661135342,0.014039044216999223,0.015566023732439857
7,25,test,test_other,previous,2136,0,0,0,0.0,,
7,25,test,test_other,self,2136,0,0,0,0.0,,
7,26,demo,answer_prediction,distance_ge_2,8544,0,0,0,0.0,,
7,26,demo,demo,distance_ge_2,1000158,0,0,0,0.0,,
7,26,demo,demo,previous,8544,0,0,0,0.0,,
7,26,demo,demo,self,8544,0,0,0,0.0,,
7,26,demo,test_other,distance_ge_2,451008,0,0,0,0.0,,
7,26,test,answer_prediction,distance_ge_2,2136,0,0,0,0.0,,
7,26,test,test_other,distance_ge_2,57551,0,0,0,0.0,,
7,26,test,test_other,previous,2136,0,0,0,0.0,,
7,26,test,test_other,self,2136,0,0,0,0.0,,
7,27,demo,answer_prediction,distance_ge_2,8544,0,0,0,0.0,,
7,27,demo,demo,distance_ge_2,1000158,48,48,8,4.7992417198082705e-05,0.1760745644569397,0.3339526951313019
7,27,demo,demo,previous,8544,84,84,14,0.009831460674157303,0.0,0.17886821712766374
7,27,demo,demo,self,8544,0,0,0,0.0,,
7,27,demo,test_other,distance_ge_2,451008,0,0,0,0.0,,
7,27,test,answer_prediction,distance_ge_2,2136,0,0,0,0.0,,
7,27,test,test_other,distance_ge_2,57551,0,0,0,0.0,,
7,27,test,test_other,previous,2136,11,11,4,0.005149812734082397,0.001950426831502806,0.013128234920176592
7,27,test,test_other,self,2136,0,0,0,0.0,,
7,28,demo,answer_prediction,distance_ge_2,8544,0,0,0,0.0,,
7,28,demo,demo,distance_ge_2,1000158,0,0,0,0.0,,
7,28,demo,demo,previous,8544,0,0,0,0.0,,
7,28,demo,demo,self,8544,0,0,0,0.0,,
7,28,demo,test_other,distance_ge_2,451008,0,0,0,0.0,,
7,28,test,answer_prediction,distance_ge_2,2136,0,0,0,0.0,,
7,28,test,test_other,distance_ge_2,57551,0,0,0,0.0,,
7,28,test,test_other,previous,2136,0,0,0,0.0,,
7,28,test,test_other,self,2136,0,0,0,0.0,,
7,29,demo,answer_prediction,distance_ge_2,8544,0,0,0,0.0,,
7,29,demo,demo,distance_ge_2,1000158,0,0,0,0.0,,
7,29,demo,demo,previous,8544,0,0,0,0.0,,
7,29,demo,demo,self,8544,0,0,0,0.0,,
7,29,demo,test_other,distance_ge_2,451008,0,0,0,0.0,,
7,29,test,answer_prediction,distance_ge_2,2136,0,0,0,0.0,,
7,29,test,test_other,distance_ge_2,57551,3,3,1,5.21276780594603e-05,0.0,0.03006932884454727
7,29,test,test_other,previous,2136,0,0,0,0.0,,
7,29,test,test_other,self,2136,0,0,0,0.0,,
7,30,demo,answer_prediction,distance_ge_2,8544,0,0,0,0.0,,
7,30,demo,demo,distance_ge_2,1000158,0,0,0,0.0,,
7,30,demo,demo,previous,8544,0,0,0,0.0,,
7,30,demo,demo,self,8544,0,0,0,0.0,,
7,30,demo,test_other,distance_ge_2,451008,0,0,0,0.0,,
7,30,test,answer_prediction,distance_ge_2,2136,0,0,0,0.0,,
7,30,test,test_other,distance_ge_2,57551,0,0,0,0.0,,
7,30,test,test_other,previous,2136,0,0,0,0.0,,
7,30,test,test_other,self,2136,6,6,1,0.0028089887640449437,0.01872155877451102,0.006537037280698617
7,31,demo,answer_prediction,distance_ge_2,8544,0,0,0,0.0,,
7,31,demo,demo,distance_ge_2,1000158,24,24,4,2.3996208599041352e-05,0.0,0.0
7,31,demo,demo,previous,8544,0,0,0,0.0,,
7,31,demo,demo,self,8544,0,0,0,0.0,,
7,31,demo,test_other,distance_ge_2,451008,0,0,0,0.0,,
7,31,test,answer_prediction,distance_ge_2,2136,0,0,0,0.0,,
7,31,test,test_other,distance_ge_2,57551,0,0,0,0.0,,
7,31,test,test_other,previous,2136,0,0,0,0.0,,
7,31,test,test_other,self,2136,0,0,0,0.0,,
8,0,demo,answer_prediction,distance_ge_2,8544,0,0,0,0.0,,
8,0,demo,demo,distance_ge_2,1000158,72,72,4,7.198862579712406e-05,0.11140083521604538,0.0
8,0,demo,demo,previous,8544,72,72,12,0.008426966292134831,0.08736184239387512,0.022780413428942364
8,0,demo,demo,self,8544,0,0,0,0.0,,
8,0,demo,test_other,distance_ge_2,451008,0,0,0,0.0,,
8,0,test,answer_prediction,distance_ge_2,2136,0,0,0,0.0,,
8,0,test,test_other,distance_ge_2,57551,0,0,0,0.0,,
8,0,test,test_other,previous,2136,0,0,0,0.0,,
8,0,test,test_other,self,2136,0,0,0,0.0,,
8,1,demo,answer_prediction,distance_ge_2,8544,0,0,0,0.0,,
8,1,demo,demo,distance_ge_2,1000158,0,0,0,0.0,,
8,1,demo,demo,previous,8544,0,0,0,0.0,,
8,1,demo,demo,self,8544,0,0,0,0.0,,
8,1,demo,test_other,distance_ge_2,451008,0,0,0,0.0,,
8,1,test,answer_prediction,distance_ge_2,2136,0,0,0,0.0,,
8,1,test,test_other,distance_ge_2,57551,0,0,0,0.0,,
8,1,test,test_other,previous,2136,0,0,0,0.0,,
8,1,test,test_other,self,2136,0,0,0,0.0,,
8,2,demo,answer_prediction,distance_ge_2,8544,0,0,0,0.0,,
8,2,demo,demo,distance_ge_2,1000158,0,0,0,0.0,,
8,2,demo,demo,previous,8544,0,0,0,0.0,,
8,2,demo,demo,self,8544,0,0,0,0.0,,
8,2,demo,test_other,distance_ge_2,451008,0,0,0,0.0,,
8,2,test,answer_prediction,distance_ge_2,2136,0,0,0,0.0,,
8,2,test,test_other,distance_ge_2,57551,0,0,0,0.0,,
8,2,test,test_other,previous,2136,0,0,0,0.0,,
8,2,test,test_other,self,2136,0,0,0,0.0,,
8,3,demo,answer_prediction,distance_ge_2,8544,0,0,0,0.0,,
8,3,demo,demo,distance_ge_2,1000158,0,0,0,0.0,,
8,3,demo,demo,previous,8544,0,0,0,0.0,,
8,3,demo,demo,self,8544,0,0,0,0.0,,
8,3,demo,test_other,distance_ge_2,451008,0,0,0,0.0,,
8,3,test,answer_prediction,distance_ge_2,2136,0,0,0,0.0,,
8,3,test,test_other,distance_ge_2,57551,0,0,0,0.0,,
8,3,test,test_other,previous,2136,0,0,0,0.0,,
8,3,test,test_other,self,2136,6,6,2,0.0028089887640449437,0.0,0.025766346293191116
8,4,demo,answer_prediction,distance_ge_2,8544,0,0,0,0.0,,
8,4,demo,demo,distance_ge_2,1000158,2022,2022,89,0.002021680574469234,0.018498108862808508,0.049542396536938406
8,4,demo,demo,previous,8544,0,0,0,0.0,,
8,4,demo,demo,self,8544,0,0,0,0.0,,
8,4,demo,test_other,distance_ge_2,451008,65,65,22,0.00014412161203348944,0.027623413761074727,0.024300807757446398
8,4,test,answer_prediction,distance_ge_2,2136,0,0,0,0.0,,
8,4,test,test_other,distance_ge_2,57551,594,594,89,0.010321280255773141,0.007970125377157123,0.020572873819957246
8,4,test,test_other,previous,2136,0,0,0,0.0,,
8,4,test,test_other,self,2136,0,0,0,0.0,,
8,5,demo,answer_prediction,distance_ge_2,8544,0,0,0,0.0,,
8,5,demo,demo,distance_ge_2,1000158,60,60,10,5.999052149760338e-05,0.014855933375656605,0.10102788358926773
8,5,demo,demo,previous,8544,0,0,0,0.0,,
8,5,demo,demo,self,8544,0,0,0,0.0,,
8,5,demo,test_other,distance_ge_2,451008,0,0,0,0.0,,
8,5,test,answer_prediction,distance_ge_2,2136,0,0,0,0.0,,
8,5,test,test_other,distance_ge_2,57551,0,0,0,0.0,,
8,5,test,test_other,previous,2136,0,0,0,0.0,,
8,5,test,test_other,self,2136,0,0,0,0.0,,
8,6,demo,answer_prediction,distance_ge_2,8544,0,0,0,0.0,,
8,6,demo,demo,distance_ge_2,1000158,0,0,0,0.0,,
8,6,demo,demo,previous,8544,0,0,0,0.0,,
8,6,demo,demo,self,8544,0,0,0,0.0,,
8,6,demo,test_other,distance_ge_2,451008,0,0,0,0.0,,
8,6,test,answer_prediction,distance_ge_2,2136,0,0,0,0.0,,
8,6,test,test_other,distance_ge_2,57551,1,1,1,1.737589268648677e-05,0.020563945174217224,0.0
8,6,test,test_other,previous,2136,0,0,0,0.0,,
8,6,test,test_other,self,2136,0,0,0,0.0,,
8,7,demo,answer_prediction,distance_ge_2,8544,0,0,0,0.0,,
8,7,demo,demo,distance_ge_2,1000158,0,0,0,0.0,,
8,7,demo,demo,previous,8544,0,0,0,0.0,,
8,7,demo,demo,self,8544,0,0,0,0.0,,
8,7,demo,test_other,distance_ge_2,451008,0,0,0,0.0,,
8,7,test,answer_prediction,distance_ge_2,2136,0,0,0,0.0,,
8,7,test,test_other,distance_ge_2,57551,0,0,0,0.0,,
8,7,test,test_other,previous,2136,0,0,0,0.0,,
8,7,test,test_other,self,2136,0,0,0,0.0,,
8,8,demo,answer_prediction,distance_ge_2,8544,0,0,0,0.0,,
8,8,demo,demo,distance_ge_2,1000158,0,0,0,0.0,,
8,8,demo,demo,previous,8544,0,0,0,0.0,,
8,8,demo,demo,self,8544,102,102,16,0.011938202247191011,0.004185811452129308,0.0
8,8,demo,test_other,distance_ge_2,451008,0,0,0,0.0,,
8,8,test,answer_prediction,distance_ge_2,2136,0,0,0,0.0,,
8,8,test,test_other,distance_ge_2,57551,0,0,0,0.0,,
8,8,test,test_other,previous,2136,0,0,0,0.0,,
8,8,test,test_other,self,2136,49,49,16,0.02294007490636704,0.012904126144831583,0.022541561852950528
8,9,demo,answer_prediction,distance_ge_2,8544,0,0,0,0.0,,
8,9,demo,demo,distance_ge_2,1000158,0,0,0,0.0,,
8,9,demo,demo,previous,8544,0,0,0,0.0,,
8,9,demo,demo,self,8544,0,0,0,0.0,,
8,9,demo,test_other,distance_ge_2,451008,0,0,0,0.0,,
8,9,test,answer_prediction,distance_ge_2,2136,0,0,0,0.0,,
8,9,test,test_other,distance_ge_2,57551,0,0,0,0.0,,
8,9,test,test_other,previous,2136,0,0,0,0.0,,
8,9,test,test_other,self,2136,0,0,0,0.0,,
8,10,demo,answer_prediction,distance_ge_2,8544,0,0,0,0.0,,
8,10,demo,demo,distance_ge_2,1000158,0,0,0,0.0,,
8,10,demo,demo,previous,8544,0,0,0,0.0,,
8,10,demo,demo,self,8544,0,0,0,0.0,,
8,10,demo,test_other,distance_ge_2,451008,0,0,0,0.0,,
8,10,test,answer_prediction,distance_ge_2,2136,0,0,0,0.0,,
8,10,test,test_other,distance_ge_2,57551,0,0,0,0.0,,
8,10,test,test_other,previous,2136,0,0,0,0.0,,
8,10,test,test_other,self,2136,0,0,0,0.0,,
8,11,demo,answer_prediction,distance_ge_2,8544,0,0,0,0.0,,
8,11,demo,demo,distance_ge_2,1000158,0,0,0,0.0,,
8,11,demo,demo,previous,8544,0,0,0,0.0,,
8,11,demo,demo,self,8544,0,0,0,0.0,,
8,11,demo,test_other,distance_ge_2,451008,0,0,0,0.0,,
8,11,test,answer_prediction,distance_ge_2,2136,0,0,0,0.0,,
8,11,test,test_other,distance_ge_2,57551,0,0,0,0.0,,
8,11,test,test_other,previous,2136,0,0,0,0.0,,
8,11,test,test_other,self,2136,0,0,0,0.0,,
8,12,demo,answer_prediction,distance_ge_2,8544,0,0,0,0.0,,
8,12,demo,demo,distance_ge_2,1000158,0,0,0,0.0,,
8,12,demo,demo,previous,8544,0,0,0,0.0,,
8,12,demo,demo,self,8544,0,0,0,0.0,,
8,12,demo,test_other,distance_ge_2,451008,0,0,0,0.0,,
8,12,test,answer_prediction,distance_ge_2,2136,0,0,0,0.0,,
8,12,test,test_other,distance_ge_2,57551,0,0,0,0.0,,
8,12,test,test_other,previous,2136,0,0,0,0.0,,
8,12,test,test_other,self,2136,0,0,0,0.0,,
8,13,demo,answer_prediction,distance_ge_2,8544,0,0,0,0.0,,
8,13,demo,demo,distance_ge_2,1000158,0,0,0,0.0,,
8,13,demo,demo,previous,8544,0,0,0,0.0,,
8,13,demo,demo,self,8544,0,0,0,0.0,,
8,13,demo,test_other,distance_ge_2,451008,0,0,0,0.0,,
8,13,test,answer_prediction,distance_ge_2,2136,0,0,0,0.0,,
8,13,test,test_other,distance_ge_2,57551,13,13,9,0.00022588660492432798,0.0065210520361478515,0.01586905150459363
8,13,test,test_other,previous,2136,0,0,0,0.0,,
8,13,test,test_other,self,2136,0,0,0,0.0,,
8,14,demo,answer_prediction,distance_ge_2,8544,0,0,0,0.0,,
8,14,demo,demo,distance_ge_2,1000158,0,0,0,0.0,,
8,14,demo,demo,previous,8544,0,0,0,0.0,,
8,14,demo,demo,self,8544,660,660,76,0.07724719101123595,0.022889067452739584,0.17411676106805152
8,14,demo,test_other,distance_ge_2,451008,0,0,0,0.0,,
8,14,test,answer_prediction,distance_ge_2,2136,0,0,0,0.0,,
8,14,test,test_other,distance_ge_2,57551,0,0,0,0.0,,
8,14,test,test_other,previous,2136,0,0,0,0.0,,
8,14,test,test_other,self,2136,0,0,0,0.0,,
8,15,demo,answer_prediction,distance_ge_2,8544,0,0,0,0.0,,
8,15,demo,demo,distance_ge_2,1000158,0,0,0,0.0,,
8,15,demo,demo,previous,8544,1278,1278,85,0.14957865168539325,0.07097779970954235,0.028391704216697115
8,15,demo,demo,self,8544,6,6,1,0.0007022471910112359,0.0,0.015657583251595497
8,15,demo,test_other,distance_ge_2,451008,0,0,0,0.0,,
8,15,test,answer_prediction,distance_ge_2,2136,0,0,0,0.0,,
8,15,test,test_other,distance_ge_2,57551,0,0,0,0.0,,
8,15,test,test_other,previous,2136,441,441,81,0.20646067415730338,0.016673379488206994,0.013192590099002338
8,15,test,test_other,self,2136,7,7,3,0.0032771535580524347,0.005133951415440866,0.03254906380815165
8,16,demo,answer_prediction,distance_ge_2,8544,0,0,0,0.0,,
8,16,demo,demo,distance_ge_2,1000158,414,414,42,0.0004139345983334633,0.04672640095974413,0.022450125645756144
8,16,demo,demo,previous,8544,0,0,0,0.0,,
8,16,demo,demo,self,8544,0,0,0,0.0,,
8,16,demo,test_other,distance_ge_2,451008,16,16,4,3.547608911593586e-05,0.004373408271931112,0.003098513698205352
8,16,test,answer_prediction,distance_ge_2,2136,0,0,0,0.0,,
8,16,test,test_other,distance_ge_2,57551,329,329,77,0.005716668693854147,0.011396871839203598,0.01394309424663845
8,16,test,test_other,previous,2136,0,0,0,0.0,,
8,16,test,test_other,self,2136,0,0,0,0.0,,
8,17,demo,answer_prediction,distance_ge_2,8544,0,0,0,0.0,,
8,17,demo,demo,distance_ge_2,1000158,0,0,0,0.0,,
8,17,demo,demo,previous,8544,0,0,0,0.0,,
8,17,demo,demo,self,8544,0,0,0,0.0,,
8,17,demo,test_other,distance_ge_2,451008,0,0,0,0.0,,
8,17,test,answer_prediction,distance_ge_2,2136,0,0,0,0.0,,
8,17,test,test_other,distance_ge_2,57551,0,0,0,0.0,,
8,17,test,test_other,previous,2136,0,0,0,0.0,,
8,17,test,test_other,self,2136,0,0,0,0.0,,
8,18,demo,answer_prediction,distance_ge_2,8544,0,0,0,0.0,,
8,18,demo,demo,distance_ge_2,1000158,0,0,0,0.0,,
8,18,demo,demo,previous,8544,0,0,0,0.0,,
8,18,demo,demo,self,8544,0,0,0,0.0,,
8,18,demo,test_other,distance_ge_2,451008,0,0,0,0.0,,
8,18,test,answer_prediction,distance_ge_2,2136,0,0,0,0.0,,
8,18,test,test_other,distance_ge_2,57551,0,0,0,0.0,,
8,18,test,test_other,previous,2136,0,0,0,0.0,,
8,18,test,test_other,self,2136,0,0,0,0.0,,
8,19,demo,answer_prediction,distance_ge_2,8544,0,0,0,0.0,,
8,19,demo,demo,distance_ge_2,1000158,1128,1128,74,0.0011278218041549436,0.024377450851413112,0.04246955887511115
8,19,demo,demo,previous,8544,0,0,0,0.0,,
8,19,demo,demo,self,8544,0,0,0,0.0,,
8,19,demo,test_other,distance_ge_2,451008,271,271,54,0.0006008762594011636,0.02654954873196738,0.011590134413606604
8,19,test,answer_prediction,distance_ge_2,2136,0,0,0,0.0,,
8,19,test,test_other,distance_ge_2,57551,107,107,37,0.0018592205174540841,0.011754260435439298,0.01019803616522907
8,19,test,test_other,previous,2136,0,0,0,0.0,,
8,19,test,test_other,self,2136,0,0,0,0.0,,
8,20,demo,answer_prediction,distance_ge_2,8544,0,0,0,0.0,,
8,20,demo,demo,distance_ge_2,1000158,0,0,0,0.0,,
8,20,demo,demo,previous,8544,0,0,0,0.0,,
8,20,demo,demo,self,8544,0,0,0,0.0,,
8,20,demo,test_other,distance_ge_2,451008,0,0,0,0.0,,
8,20,test,answer_prediction,distance_ge_2,2136,0,0,0,0.0,,
8,20,test,test_other,distance_ge_2,57551,0,0,0,0.0,,
8,20,test,test_other,previous,2136,0,0,0,0.0,,
8,20,test,test_other,self,2136,9,9,2,0.004213483146067416,0.0004622172240892218,0.031597295155127846
8,21,demo,answer_prediction,distance_ge_2,8544,0,0,0,0.0,,
8,21,demo,demo,distance_ge_2,1000158,0,0,0,0.0,,
8,21,demo,demo,previous,8544,0,0,0,0.0,,
8,21,demo,demo,self,8544,0,0,0,0.0,,
8,21,demo,test_other,distance_ge_2,451008,0,0,0,0.0,,
8,21,test,answer_prediction,distance_ge_2,2136,0,0,0,0.0,,
8,21,test,test_other,distance_ge_2,57551,0,0,0,0.0,,
8,21,test,test_other,previous,2136,0,0,0,0.0,,
8,21,test,test_other,self,2136,0,0,0,0.0,,
8,22,demo,answer_prediction,distance_ge_2,8544,0,0,0,0.0,,
8,22,demo,demo,distance_ge_2,1000158,0,0,0,0.0,,
8,22,demo,demo,previous,8544,0,0,0,0.0,,
8,22,demo,demo,self,8544,0,0,0,0.0,,
8,22,demo,test_other,distance_ge_2,451008,0,0,0,0.0,,
8,22,test,answer_prediction,distance_ge_2,2136,0,0,0,0.0,,
8,22,test,test_other,distance_ge_2,57551,0,0,0,0.0,,
8,22,test,test_other,previous,2136,0,0,0,0.0,,
8,22,test,test_other,self,2136,0,0,0,0.0,,
8,23,demo,answer_prediction,distance_ge_2,8544,0,0,0,0.0,,
8,23,demo,demo,distance_ge_2,1000158,0,0,0,0.0,,
8,23,demo,demo,previous,8544,0,0,0,0.0,,
8,23,demo,demo,self,8544,0,0,0,0.0,,
8,23,demo,test_other,distance_ge_2,451008,0,0,0,0.0,,
8,23,test,answer_prediction,distance_ge_2,2136,0,0,0,0.0,,
8,23,test,test_other,distance_ge_2,57551,2,2,2,3.475178537297354e-05,0.01322968676686287,0.0
8,23,test,test_other,previous,2136,0,0,0,0.0,,
8,23,test,test_other,self,2136,0,0,0,0.0,,
8,24,demo,answer_prediction,distance_ge_2,8544,0,0,0,0.0,,
8,24,demo,demo,distance_ge_2,1000158,0,0,0,0.0,,
8,24,demo,demo,previous,8544,0,0,0,0.0,,
8,24,demo,demo,self,8544,0,0,0,0.0,,
8,24,demo,test_other,distance_ge_2,451008,0,0,0,0.0,,
8,24,test,answer_prediction,distance_ge_2,2136,0,0,0,0.0,,
8,24,test,test_other,distance_ge_2,57551,0,0,0,0.0,,
8,24,test,test_other,previous,2136,0,0,0,0.0,,
8,24,test,test_other,self,2136,0,0,0,0.0,,
8,25,demo,answer_prediction,distance_ge_2,8544,0,0,0,0.0,,
8,25,demo,demo,distance_ge_2,1000158,0,0,0,0.0,,
8,25,demo,demo,previous,8544,0,0,0,0.0,,
8,25,demo,demo,self,8544,0,0,0,0.0,,
8,25,demo,test_other,distance_ge_2,451008,0,0,0,0.0,,
8,25,test,answer_prediction,distance_ge_2,2136,0,0,0,0.0,,
8,25,test,test_other,distance_ge_2,57551,0,0,0,0.0,,
8,25,test,test_other,previous,2136,0,0,0,0.0,,
8,25,test,test_other,self,2136,0,0,0,0.0,,
8,26,demo,answer_prediction,distance_ge_2,8544,0,0,0,0.0,,
8,26,demo,demo,distance_ge_2,1000158,0,0,0,0.0,,
8,26,demo,demo,previous,8544,0,0,0,0.0,,
8,26,demo,demo,self,8544,0,0,0,0.0,,
8,26,demo,test_other,distance_ge_2,451008,0,0,0,0.0,,
8,26,test,answer_prediction,distance_ge_2,2136,0,0,0,0.0,,
8,26,test,test_other,distance_ge_2,57551,0,0,0,0.0,,
8,26,test,test_other,previous,2136,0,0,0,0.0,,
8,26,test,test_other,self,2136,0,0,0,0.0,,
8,27,demo,answer_prediction,distance_ge_2,8544,0,0,0,0.0,,
8,27,demo,demo,distance_ge_2,1000158,0,0,0,0.0,,
8,27,demo,demo,previous,8544,0,0,0,0.0,,
8,27,demo,demo,self,8544,0,0,0,0.0,,
8,27,demo,test_other,distance_ge_2,451008,0,0,0,0.0,,
8,27,test,answer_prediction,distance_ge_2,2136,0,0,0,0.0,,
8,27,test,test_other,distance_ge_2,57551,0,0,0,0.0,,
8,27,test,test_other,previous,2136,0,0,0,0.0,,
8,27,test,test_other,self,2136,0,0,0,0.0,,
8,28,demo,answer_prediction,distance_ge_2,8544,0,0,0,0.0,,
8,28,demo,demo,distance_ge_2,1000158,0,0,0,0.0,,
8,28,demo,demo,previous,8544,0,0,0,0.0,,
8,28,demo,demo,self,8544,0,0,0,0.0,,
8,28,demo,test_other,distance_ge_2,451008,0,0,0,0.0,,
8,28,test,answer_prediction,distance_ge_2,2136,0,0,0,0.0,,
8,28,test,test_other,distance_ge_2,57551,0,0,0,0.0,,
8,28,test,test_other,previous,2136,0,0,0,0.0,,
8,28,test,test_other,self,2136,0,0,0,0.0,,
8,29,demo,answer_prediction,distance_ge_2,8544,0,0,0,0.0,,
8,29,demo,demo,distance_ge_2,1000158,0,0,0,0.0,,
8,29,demo,demo,previous,8544,0,0,0,0.0,,
8,29,demo,demo,self,8544,0,0,0,0.0,,
8,29,demo,test_other,distance_ge_2,451008,0,0,0,0.0,,
8,29,test,answer_prediction,distance_ge_2,2136,0,0,0,0.0,,
8,29,test,test_other,distance_ge_2,57551,0,0,0,0.0,,
8,29,test,test_other,previous,2136,0,0,0,0.0,,
8,29,test,test_other,self,2136,0,0,0,0.0,,
8,30,demo,answer_prediction,distance_ge_2,8544,0,0,0,0.0,,
8,30,demo,demo,distance_ge_2,1000158,0,0,0,0.0,,
8,30,demo,demo,previous,8544,0,0,0,0.0,,
8,30,demo,demo,self,8544,0,0,0,0.0,,
8,30,demo,test_other,distance_ge_2,451008,0,0,0,0.0,,
8,30,test,answer_prediction,distance_ge_2,2136,0,0,0,0.0,,
8,30,test,test_other,distance_ge_2,57551,0,0,0,0.0,,
8,30,test,test_other,previous,2136,0,0,0,0.0,,
8,30,test,test_other,self,2136,0,0,0,0.0,,
8,31,demo,answer_prediction,distance_ge_2,8544,0,0,0,0.0,,
8,31,demo,demo,distance_ge_2,1000158,0,0,0,0.0,,
8,31,demo,demo,previous,8544,0,0,0,0.0,,
8,31,demo,demo,self,8544,0,0,0,0.0,,
8,31,demo,test_other,distance_ge_2,451008,0,0,0,0.0,,
8,31,test,answer_prediction,distance_ge_2,2136,0,0,0,0.0,,
8,31,test,test_other,distance_ge_2,57551,0,0,0,0.0,,
8,31,test,test_other,previous,2136,0,0,0,0.0,,
8,31,test,test_other,self,2136,0,0,0,0.0,,
9,0,demo,answer_prediction,distance_ge_2,8544,0,0,0,0.0,,
9,0,demo,demo,distance_ge_2,1000158,0,0,0,0.0,,
9,0,demo,demo,previous,8544,0,0,0,0.0,,
9,0,demo,demo,self,8544,0,0,0,0.0,,
9,0,demo,test_other,distance_ge_2,451008,0,0,0,0.0,,
9,0,test,answer_prediction,distance_ge_2,2136,0,0,0,0.0,,
9,0,test,test_other,distance_ge_2,57551,0,0,0,0.0,,
9,0,test,test_other,previous,2136,0,0,0,0.0,,
9,0,test,test_other,self,2136,0,0,0,0.0,,
9,1,demo,answer_prediction,distance_ge_2,8544,0,0,0,0.0,,
9,1,demo,demo,distance_ge_2,1000158,18,18,3,1.7997156449281014e-05,0.052257345161504216,0.0
9,1,demo,demo,previous,8544,0,0,0,0.0,,
9,1,demo,demo,self,8544,0,0,0,0.0,,
9,1,demo,test_other,distance_ge_2,451008,0,0,0,0.0,,
9,1,test,answer_prediction,distance_ge_2,2136,0,0,0,0.0,,
9,1,test,test_other,distance_ge_2,57551,24,24,10,0.0004170214244756824,0.008011181979478957,0.018026975565589964
9,1,test,test_other,previous,2136,0,0,0,0.0,,
9,1,test,test_other,self,2136,0,0,0,0.0,,
9,2,demo,answer_prediction,distance_ge_2,8544,0,0,0,0.0,,
9,2,demo,demo,distance_ge_2,1000158,1482,1482,88,0.0014817658809908034,0.02697662738517787,0.027825073661131367
9,2,demo,demo,previous,8544,0,0,0,0.0,,
9,2,demo,demo,self,8544,0,0,0,0.0,,
9,2,demo,test_other,distance_ge_2,451008,167,167,36,0.00037028168014758054,0.012481376288938308,0.01884000643970679
9,2,test,answer_prediction,distance_ge_2,2136,0,0,0,0.0,,
9,2,test,test_other,distance_ge_2,57551,333,333,85,0.005786172264600094,0.015029690625892768,0.01630969677473451
9,2,test,test_other,previous,2136,0,0,0,0.0,,
9,2,test,test_other,self,2136,0,0,0,0.0,,
9,3,demo,answer_prediction,distance_ge_2,8544,0,0,0,0.0,,
9,3,demo,demo,distance_ge_2,1000158,0,0,0,0.0,,
9,3,demo,demo,previous,8544,60,60,10,0.007022471910112359,0.12314011752605439,0.0
9,3,demo,demo,self,8544,528,528,57,0.06179775280898876,0.054906878024198566,0.09516552589114079
9,3,demo,test_other,distance_ge_2,451008,0,0,0,0.0,,
9,3,test,answer_prediction,distance_ge_2,2136,0,0,0,0.0,,
9,3,test,test_other,distance_ge_2,57551,0,0,0,0.0,,
9,3,test,test_other,previous,2136,1,1,1,0.00046816479400749064,0.0,0.0
9,3,test,test_other,self,2136,68,68,22,0.031835205992509365,0.008923396172844256,0.01690444968699012
9,4,demo,answer_prediction,distance_ge_2,8544,0,0,0,0.0,,
9,4,demo,demo,distance_ge_2,1000158,0,0,0,0.0,,
9,4,demo,demo,previous,8544,0,0,0,0.0,,
9,4,demo,demo,self,8544,0,0,0,0.0,,
9,4,demo,test_other,distance_ge_2,451008,0,0,0,0.0,,
9,4,test,answer_prediction,distance_ge_2,2136,0,0,0,0.0,,
9,4,test,test_other,distance_ge_2,57551,0,0,0,0.0,,
9,4,test,test_other,previous,2136,0,0,0,0.0,,
9,4,test,test_other,self,2136,0,0,0,0.0,,
9,5,demo,answer_prediction,distance_ge_2,8544,0,0,0,0.0,,
9,5,demo,demo,distance_ge_2,1000158,0,0,0,0.0,,
9,5,demo,demo,previous,8544,0,0,0,0.0,,
9,5,demo,demo,self,8544,0,0,0,0.0,,
9,5,demo,test_other,distance_ge_2,451008,0,0,0,0.0,,
9,5,test,answer_prediction,distance_ge_2,2136,0,0,0,0.0,,
9,5,test,test_other,distance_ge_2,57551,0,0,0,0.0,,
9,5,test,test_other,previous,2136,0,0,0,0.0,,
9,5,test,test_other,self,2136,0,0,0,0.0,,
9,6,demo,answer_prediction,distance_ge_2,8544,0,0,0,0.0,,
9,6,demo,demo,distance_ge_2,1000158,0,0,0,0.0,,
9,6,demo,demo,previous,8544,1212,1212,84,0.14185393258426968,0.12045622905163039,0.11317919684103736
9,6,demo,demo,self,8544,0,0,0,0.0,,
9,6,demo,test_other,distance_ge_2,451008,0,0,0,0.0,,
9,6,test,answer_prediction,distance_ge_2,2136,0,0,0,0.0,,
9,6,test,test_other,distance_ge_2,57551,0,0,0,0.0,,
9,6,test,test_other,previous,2136,72,72,22,0.033707865168539325,0.021581077398473605,0.018821654931849077
9,6,test,test_other,self,2136,0,0,0,0.0,,
9,7,demo,answer_prediction,distance_ge_2,8544,0,0,0,0.0,,
9,7,demo,demo,distance_ge_2,1000158,6,6,1,5.999052149760338e-06,0.0,0.0
9,7,demo,demo,previous,8544,0,0,0,0.0,,
9,7,demo,demo,self,8544,0,0,0,0.0,,
9,7,demo,test_other,distance_ge_2,451008,0,0,0,0.0,,
9,7,test,answer_prediction,distance_ge_2,2136,0,0,0,0.0,,
9,7,test,test_other,distance_ge_2,57551,39,39,16,0.0006776598147729839,0.005248490828447617,0.005998720826867681
9,7,test,test_other,previous,2136,0,0,0,0.0,,
9,7,test,test_other,self,2136,0,0,0,0.0,,
9,8,demo,answer_prediction,distance_ge_2,8544,0,0,0,0.0,,
9,8,demo,demo,distance_ge_2,1000158,0,0,0,0.0,,
9,8,demo,demo,previous,8544,0,0,0,0.0,,
9,8,demo,demo,self,8544,0,0,0,0.0,,
9,8,demo,test_other,distance_ge_2,451008,0,0,0,0.0,,
9,8,test,answer_prediction,distance_ge_2,2136,0,0,0,0.0,,
9,8,test,test_other,distance_ge_2,57551,0,0,0,0.0,,
9,8,test,test_other,previous,2136,0,0,0,0.0,,
9,8,test,test_other,self,2136,0,0,0,0.0,,
9,9,demo,answer_prediction,distance_ge_2,8544,0,0,0,0.0,,
9,9,demo,demo,distance_ge_2,1000158,24,24,4,2.3996208599041352e-05,0.0,0.0
9,9,demo,demo,previous,8544,0,0,0,0.0,,
9,9,demo,demo,self,8544,0,0,0,0.0,,
9,9,demo,test_other,distance_ge_2,451008,0,0,0,0.0,,
9,9,test,answer_prediction,distance_ge_2,2136,0,0,0,0.0,,
9,9,test,test_other,distance_ge_2,57551,0,0,0,0.0,,
9,9,test,test_other,previous,2136,0,0,0,0.0,,
9,9,test,test_other,self,2136,0,0,0,0.0,,
9,10,demo,answer_prediction,distance_ge_2,8544,0,0,0,0.0,,
9,10,demo,demo,distance_ge_2,1000158,0,0,0,0.0,,
9,10,demo,demo,previous,8544,0,0,0,0.0,,
9,10,demo,demo,self,8544,0,0,0,0.0,,
9,10,demo,test_other,distance_ge_2,451008,0,0,0,0.0,,
9,10,test,answer_prediction,distance_ge_2,2136,0,0,0,0.0,,
9,10,test,test_other,distance_ge_2,57551,0,0,0,0.0,,
9,10,test,test_other,previous,2136,0,0,0,0.0,,
9,10,test,test_other,self,2136,0,0,0,0.0,,
9,11,demo,answer_prediction,distance_ge_2,8544,0,0,0,0.0,,
9,11,demo,demo,distance_ge_2,1000158,0,0,0,0.0,,
9,11,demo,demo,previous,8544,0,0,0,0.0,,
9,11,demo,demo,self,8544,4362,4362,89,0.5105337078651685,0.02027791549083559,0.012780977474348466
9,11,demo,test_other,distance_ge_2,451008,0,0,0,0.0,,
9,11,test,answer_prediction,distance_ge_2,2136,0,0,0,0.0,,
9,11,test,test_other,distance_ge_2,57551,0,0,0,0.0,,
9,11,test,test_other,previous,2136,0,0,0,0.0,,
9,11,test,test_other,self,2136,975,975,89,0.45646067415730335,0.011906296010950031,0.005898395447233596
9,12,demo,answer_prediction,distance_ge_2,8544,0,0,0,0.0,,
9,12,demo,demo,distance_ge_2,1000158,0,0,0,0.0,,
9,12,demo,demo,previous,8544,0,0,0,0.0,,
9,12,demo,demo,self,8544,0,0,0,0.0,,
9,12,demo,test_other,distance_ge_2,451008,0,0,0,0.0,,
9,12,test,answer_prediction,distance_ge_2,2136,0,0,0,0.0,,
9,12,test,test_other,distance_ge_2,57551,0,0,0,0.0,,
9,12,test,test_other,previous,2136,0,0,0,0.0,,
9,12,test,test_other,self,2136,0,0,0,0.0,,
9,13,demo,answer_prediction,distance_ge_2,8544,0,0,0,0.0,,
9,13,demo,demo,distance_ge_2,1000158,0,0,0,0.0,,
9,13,demo,demo,previous,8544,0,0,0,0.0,,
9,13,demo,demo,self,8544,0,0,0,0.0,,
9,13,demo,test_other,distance_ge_2,451008,0,0,0,0.0,,
9,13,test,answer_prediction,distance_ge_2,2136,0,0,0,0.0,,
9,13,test,test_other,distance_ge_2,57551,0,0,0,0.0,,
9,13,test,test_other,previous,2136,0,0,0,0.0,,
9,13,test,test_other,self,2136,0,0,0,0.0,,
9,14,demo,answer_prediction,distance_ge_2,8544,0,0,0,0.0,,
9,14,demo,demo,distance_ge_2,1000158,354,354,19,0.0003539440768358599,0.06271924952960621,0.11833973939656832
9,14,demo,demo,previous,8544,0,0,0,0.0,,
9,14,demo,demo,self,8544,408,408,47,0.047752808988764044,0.08901559345095474,0.1577797743637918
9,14,demo,test_other,distance_ge_2,451008,60,60,10,0.00013303533418475947,0.012232071727824707,0.017574788288523754
9,14,test,answer_prediction,distance_ge_2,2136,0,0,0,0.0,,
9,14,test,test_other,distance_ge_2,57551,17,17,5,0.00029539017567027507,0.015941872672342202,0.009376126122387016
9,14,test,test_other,previous,2136,0,0,0,0.0,,
9,14,test,test_other,self,2136,11,11,4,0.005149812734082397,0.014072898267344995,0.002547215839678591
9,15,demo,answer_prediction,distance_ge_2,8544,0,0,0,0.0,,
9,15,demo,demo,distance_ge_2,1000158,0,0,0,0.0,,
9,15,demo,demo,previous,8544,0,0,0,0.0,,
9,15,demo,demo,self,8544,0,0,0,0.0,,
9,15,demo,test_other,distance_ge_2,451008,0,0,0,0.0,,
9,15,test,answer_prediction,distance_ge_2,2136,0,0,0,0.0,,
9,15,test,test_other,distance_ge_2,57551,0,0,0,0.0,,
9,15,test,test_other,previous,2136,0,0,0,0.0,,
9,15,test,test_other,self,2136,0,0,0,0.0,,
9,16,demo,answer_prediction,distance_ge_2,8544,0,0,0,0.0,,
9,16,demo,demo,distance_ge_2,1000158,948,948,81,0.0009478502396621334,0.02164214398147772,0.0415435102719122
9,16,demo,demo,previous,8544,0,0,0,0.0,,
9,16,demo,demo,self,8544,0,0,0,0.0,,
9,16,demo,test_other,distance_ge_2,451008,176,176,37,0.00039023698027529445,0.0083282233919652,0.010737234765904512
9,16,test,answer_prediction,distance_ge_2,2136,0,0,0,0.0,,
9,16,test,test_other,distance_ge_2,57551,344,344,87,0.005977307084151448,0.007928396255597681,0.021357362517043184
9,16,test,test_other,previous,2136,0,0,0,0.0,,
9,16,test,test_other,self,2136,0,0,0,0.0,,
9,17,demo,answer_prediction,distance_ge_2,8544,0,0,0,0.0,,
9,17,demo,demo,distance_ge_2,1000158,18,18,3,1.7997156449281014e-05,0.03765270196729236,0.04197756718430254
9,17,demo,demo,previous,8544,48,48,8,0.0056179775280898875,0.31888509541749954,0.3819531512757142
9,17,demo,demo,self,8544,0,0,0,0.0,,
9,17,demo,test_other,distance_ge_2,451008,0,0,0,0.0,,
9,17,test,answer_prediction,distance_ge_2,2136,0,0,0,0.0,,
9,17,test,test_other,distance_ge_2,57551,33,33,19,0.0005734044586540633,0.008960201179213596,0.01868443286300383
9,17,test,test_other,previous,2136,4,4,3,0.0018726591760299626,0.0,0.011521130800247192
9,17,test,test_other,self,2136,2,2,2,0.0009363295880149813,0.024907830636948347,0.015277889557182789
9,18,demo,answer_prediction,distance_ge_2,8544,0,0,0,0.0,,
9,18,demo,demo,distance_ge_2,1000158,144,144,22,0.00014397725159424811,0.006954201483394071,0.022316116192895506
9,18,demo,demo,previous,8544,0,0,0,0.0,,
9,18,demo,demo,self,8544,0,0,0,0.0,,
9,18,demo,test_other,distance_ge_2,451008,19,19,5,4.2127855825173836e-05,0.0034459509004495644,0.008771227415356981
9,18,test,answer_prediction,distance_ge_2,2136,0,0,0,0.0,,
9,18,test,test_other,distance_ge_2,57551,211,211,59,0.003666313356848708,0.013813741425696708,0.01448496313262466
9,18,test,test_other,previous,2136,0,0,0,0.0,,
9,18,test,test_other,self,2136,0,0,0,0.0,,
9,19,demo,answer_prediction,distance_ge_2,8544,0,0,0,0.0,,
9,19,demo,demo,distance_ge_2,1000158,0,0,0,0.0,,
9,19,demo,demo,previous,8544,0,0,0,0.0,,
9,19,demo,demo,self,8544,0,0,0,0.0,,
9,19,demo,test_other,distance_ge_2,451008,0,0,0,0.0,,
9,19,test,answer_prediction,distance_ge_2,2136,0,0,0,0.0,,
9,19,test,test_other,distance_ge_2,57551,0,0,0,0.0,,
9,19,test,test_other,previous,2136,0,0,0,0.0,,
9,19,test,test_other,self,2136,0,0,0,0.0,,
9,20,demo,answer_prediction,distance_ge_2,8544,0,0,0,0.0,,
9,20,demo,demo,distance_ge_2,1000158,0,0,0,0.0,,
9,20,demo,demo,previous,8544,0,0,0,0.0,,
9,20,demo,demo,self,8544,0,0,0,0.0,,
9,20,demo,test_other,distance_ge_2,451008,0,0,0,0.0,,
9,20,test,answer_prediction,distance_ge_2,2136,0,0,0,0.0,,
9,20,test,test_other,distance_ge_2,57551,0,0,0,0.0,,
9,20,test,test_other,previous,2136,0,0,0,0.0,,
9,20,test,test_other,self,2136,0,0,0,0.0,,
9,21,demo,answer_prediction,distance_ge_2,8544,0,0,0,0.0,,
9,21,demo,demo,distance_ge_2,1000158,0,0,0,0.0,,
9,21,demo,demo,previous,8544,0,0,0,0.0,,
9,21,demo,demo,self,8544,0,0,0,0.0,,
9,21,demo,test_other,distance_ge_2,451008,0,0,0,0.0,,
9,21,test,answer_prediction,distance_ge_2,2136,0,0,0,0.0,,
9,21,test,test_other,distance_ge_2,57551,0,0,0,0.0,,
9,21,test,test_other,previous,2136,0,0,0,0.0,,
9,21,test,test_other,self,2136,0,0,0,0.0,,
9,22,demo,answer_prediction,distance_ge_2,8544,0,0,0,0.0,,
9,22,demo,demo,distance_ge_2,1000158,0,0,0,0.0,,
9,22,demo,demo,previous,8544,0,0,0,0.0,,
9,22,demo,demo,self,8544,72,72,12,0.008426966292134831,0.44531235098838806,0.37020287869705093
9,22,demo,test_other,distance_ge_2,451008,0,0,0,0.0,,
9,22,test,answer_prediction,distance_ge_2,2136,0,0,0,0.0,,
9,22,test,test_other,distance_ge_2,57551,0,0,0,0.0,,
9,22,test,test_other,previous,2136,0,0,0,0.0,,
9,22,test,test_other,self,2136,14,14,4,0.006554307116104869,0.006743912851171834,0.012156781208302294
9,23,demo,answer_prediction,distance_ge_2,8544,0,0,0,0.0,,
9,23,demo,demo,distance_ge_2,1000158,0,0,0,0.0,,
9,23,demo,demo,previous,8544,0,0,0,0.0,,
9,23,demo,demo,self,8544,0,0,0,0.0,,
9,23,demo,test_other,distance_ge_2,451008,0,0,0,0.0,,
9,23,test,answer_prediction,distance_ge_2,2136,0,0,0,0.0,,
9,23,test,test_other,distance_ge_2,57551,0,0,0,0.0,,
9,23,test,test_other,previous,2136,0,0,0,0.0,,
9,23,test,test_other,self,2136,0,0,0,0.0,,
9,24,demo,answer_prediction,distance_ge_2,8544,0,0,0,0.0,,
9,24,demo,demo,distance_ge_2,1000158,630,630,67,0.0006299004757248355,0.01096380063081308,0.05894968725153289
9,24,demo,demo,previous,8544,0,0,0,0.0,,
9,24,demo,demo,self,8544,0,0,0,0.0,,
9,24,demo,test_other,distance_ge_2,451008,93,93,31,0.0002062047679863772,0.009901638192835675,0.015373124243357964
9,24,test,answer_prediction,distance_ge_2,2136,0,0,0,0.0,,
9,24,test,test_other,distance_ge_2,57551,148,148,45,0.0025716321176000416,0.013569772466104729,0.01879117800342863
9,24,test,test_other,previous,2136,0,0,0,0.0,,
9,24,test,test_other,self,2136,7,7,2,0.0032771535580524347,0.0,0.013057816574083907
9,25,demo,answer_prediction,distance_ge_2,8544,0,0,0,0.0,,
9,25,demo,demo,distance_ge_2,1000158,1314,1314,82,0.001313792420797514,0.023638556845155877,0.03173315301083902
9,25,demo,demo,previous,8544,0,0,0,0.0,,
9,25,demo,demo,self,8544,0,0,0,0.0,,
9,25,demo,test_other,distance_ge_2,451008,112,112,41,0.000248332623811551,0.0061811505563257796,0.030135420995065942
9,25,test,answer_prediction,distance_ge_2,2136,0,0,0,0.0,,
9,25,test,test_other,distance_ge_2,57551,222,222,67,0.0038574481764000624,0.007972410671320651,0.016765633971338068
9,25,test,test_other,previous,2136,0,0,0,0.0,,
9,25,test,test_other,self,2136,0,0,0,0.0,,
9,26,demo,answer_prediction,distance_ge_2,8544,0,0,0,0.0,,
9,26,demo,demo,distance_ge_2,1000158,0,0,0,0.0,,
9,26,demo,demo,previous,8544,0,0,0,0.0,,
9,26,demo,demo,self,8544,0,0,0,0.0,,
9,26,demo,test_other,distance_ge_2,451008,0,0,0,0.0,,
9,26,test,answer_prediction,distance_ge_2,2136,0,0,0,0.0,,
9,26,test,test_other,distance_ge_2,57551,0,0,0,0.0,,
9,26,test,test_other,previous,2136,0,0,0,0.0,,
9,26,test,test_other,self,2136,0,0,0,0.0,,
9,27,demo,answer_prediction,distance_ge_2,8544,0,0,0,0.0,,
9,27,demo,demo,distance_ge_2,1000158,0,0,0,0.0,,
9,27,demo,demo,previous,8544,0,0,0,0.0,,
9,27,demo,demo,self,8544,0,0,0,0.0,,
9,27,demo,test_other,distance_ge_2,451008,0,0,0,0.0,,
9,27,test,answer_prediction,distance_ge_2,2136,0,0,0,0.0,,
9,27,test,test_other,distance_ge_2,57551,0,0,0,0.0,,
9,27,test,test_other,previous,2136,0,0,0,0.0,,
9,27,test,test_other,self,2136,0,0,0,0.0,,
9,28,demo,answer_prediction,distance_ge_2,8544,0,0,0,0.0,,
9,28,demo,demo,distance_ge_2,1000158,0,0,0,0.0,,
9,28,demo,demo,previous,8544,0,0,0,0.0,,
9,28,demo,demo,self,8544,0,0,0,0.0,,
9,28,demo,test_other,distance_ge_2,451008,0,0,0,0.0,,
9,28,test,answer_prediction,distance_ge_2,2136,0,0,0,0.0,,
9,28,test,test_other,distance_ge_2,57551,0,0,0,0.0,,
9,28,test,test_other,previous,2136,0,0,0,0.0,,
9,28,test,test_other,self,2136,0,0,0,0.0,,
9,29,demo,answer_prediction,distance_ge_2,8544,0,0,0,0.0,,
9,29,demo,demo,distance_ge_2,1000158,0,0,0,0.0,,
9,29,demo,demo,previous,8544,0,0,0,0.0,,
9,29,demo,demo,self,8544,0,0,0,0.0,,
9,29,demo,test_other,distance_ge_2,451008,0,0,0,0.0,,
9,29,test,answer_prediction,distance_ge_2,2136,0,0,0,0.0,,
9,29,test,test_other,distance_ge_2,57551,0,0,0,0.0,,
9,29,test,test_other,previous,2136,0,0,0,0.0,,
9,29,test,test_other,self,2136,0,0,0,0.0,,
9,30,demo,answer_prediction,distance_ge_2,8544,0,0,0,0.0,,
9,30,demo,demo,distance_ge_2,1000158,0,0,0,0.0,,
9,30,demo,demo,previous,8544,0,0,0,0.0,,
9,30,demo,demo,self,8544,0,0,0,0.0,,
9,30,demo,test_other,distance_ge_2,451008,0,0,0,0.0,,
9,30,test,answer_prediction,distance_ge_2,2136,0,0,0,0.0,,
9,30,test,test_other,distance_ge_2,57551,0,0,0,0.0,,
9,30,test,test_other,previous,2136,0,0,0,0.0,,
9,30,test,test_other,self,2136,0,0,0,0.0,,
9,31,demo,answer_prediction,distance_ge_2,8544,0,0,0,0.0,,
9,31,demo,demo,distance_ge_2,1000158,0,0,0,0.0,,
9,31,demo,demo,previous,8544,0,0,0,0.0,,
9,31,demo,demo,self,8544,0,0,0,0.0,,
9,31,demo,test_other,distance_ge_2,451008,0,0,0,0.0,,
9,31,test,answer_prediction,distance_ge_2,2136,0,0,0,0.0,,
9,31,test,test_other,distance_ge_2,57551,0,0,0,0.0,,
9,31,test,test_other,previous,2136,0,0,0,0.0,,
9,31,test,test_other,self,2136,0,0,0,0.0,,
10,0,demo,answer_prediction,distance_ge_2,8544,0,0,0,0.0,,
10,0,demo,demo,distance_ge_2,1000158,24,24,4,2.3996208599041352e-05,0.0,0.0
10,0,demo,demo,previous,8544,0,0,0,0.0,,
10,0,demo,demo,self,8544,0,0,0,0.0,,
10,0,demo,test_other,distance_ge_2,451008,0,0,0,0.0,,
10,0,test,answer_prediction,distance_ge_2,2136,0,0,0,0.0,,
10,0,test,test_other,distance_ge_2,57551,3,3,1,5.21276780594603e-05,0.007260504489143689,0.01817348040640354
10,0,test,test_other,previous,2136,0,0,0,0.0,,
10,0,test,test_other,self,2136,0,0,0,0.0,,
10,1,demo,answer_prediction,distance_ge_2,8544,0,0,0,0.0,,
10,1,demo,demo,distance_ge_2,1000158,0,0,0,0.0,,
10,1,demo,demo,previous,8544,0,0,0,0.0,,
10,1,demo,demo,self,8544,24,24,4,0.0028089887640449437,0.0,0.11641555279493332
10,1,demo,test_other,distance_ge_2,451008,0,0,0,0.0,,
10,1,test,answer_prediction,distance_ge_2,2136,0,0,0,0.0,,
10,1,test,test_other,distance_ge_2,57551,0,0,0,0.0,,
10,1,test,test_other,previous,2136,0,0,0,0.0,,
10,1,test,test_other,self,2136,1,1,1,0.00046816479400749064,0.022783366963267326,0.0
10,2,demo,answer_prediction,distance_ge_2,8544,0,0,0,0.0,,
10,2,demo,demo,distance_ge_2,1000158,0,0,0,0.0,,
10,2,demo,demo,previous,8544,0,0,0,0.0,,
10,2,demo,demo,self,8544,0,0,0,0.0,,
10,2,demo,test_other,distance_ge_2,451008,0,0,0,0.0,,
10,2,test,answer_prediction,distance_ge_2,2136,0,0,0,0.0,,
10,2,test,test_other,distance_ge_2,57551,0,0,0,0.0,,
10,2,test,test_other,previous,2136,0,0,0,0.0,,
10,2,test,test_other,self,2136,0,0,0,0.0,,
10,3,demo,answer_prediction,distance_ge_2,8544,0,0,0,0.0,,
10,3,demo,demo,distance_ge_2,1000158,0,0,0,0.0,,
10,3,demo,demo,previous,8544,0,0,0,0.0,,
10,3,demo,demo,self,8544,0,0,0,0.0,,
10,3,demo,test_other,distance_ge_2,451008,0,0,0,0.0,,
10,3,test,answer_prediction,distance_ge_2,2136,0,0,0,0.0,,
10,3,test,test_other,distance_ge_2,57551,0,0,0,0.0,,
10,3,test,test_other,previous,2136,0,0,0,0.0,,
10,3,test,test_other,self,2136,0,0,0,0.0,,
10,4,demo,answer_prediction,distance_ge_2,8544,0,0,0,0.0,,
10,4,demo,demo,distance_ge_2,1000158,0,0,0,0.0,,
10,4,demo,demo,previous,8544,0,0,0,0.0,,
10,4,demo,demo,self,8544,0,0,0,0.0,,
10,4,demo,test_other,distance_ge_2,451008,0,0,0,0.0,,
10,4,test,answer_prediction,distance_ge_2,2136,0,0,0,0.0,,
10,4,test,test_other,distance_ge_2,57551,0,0,0,0.0,,
10,4,test,test_other,previous,2136,0,0,0,0.0,,
10,4,test,test_other,self,2136,0,0,0,0.0,,
10,5,demo,answer_prediction,distance_ge_2,8544,0,0,0,0.0,,
10,5,demo,demo,distance_ge_2,1000158,0,0,0,0.0,,
10,5,demo,demo,previous,8544,0,0,0,0.0,,
10,5,demo,demo,self,8544,0,0,0,0.0,,
10,5,demo,test_other,distance_ge_2,451008,0,0,0,0.0,,
10,5,test,answer_prediction,distance_ge_2,2136,0,0,0,0.0,,
10,5,test,test_other,distance_ge_2,57551,0,0,0,0.0,,
10,5,test,test_other,previous,2136,0,0,0,0.0,,
10,5,test,test_other,self,2136,0,0,0,0.0,,
10,6,demo,answer_prediction,distance_ge_2,8544,0,0,0,0.0,,
10,6,demo,demo,distance_ge_2,1000158,0,0,0,0.0,,
10,6,demo,demo,previous,8544,0,0,0,0.0,,
10,6,demo,demo,self,8544,0,0,0,0.0,,
10,6,demo,test_other,distance_ge_2,451008,0,0,0,0.0,,
10,6,test,answer_prediction,distance_ge_2,2136,0,0,0,0.0,,
10,6,test,test_other,distance_ge_2,57551,0,0,0,0.0,,
10,6,test,test_other,previous,2136,0,0,0,0.0,,
10,6,test,test_other,self,2136,0,0,0,0.0,,
10,7,demo,answer_prediction,distance_ge_2,8544,0,0,0,0.0,,
10,7,demo,demo,distance_ge_2,1000158,0,0,0,0.0,,
10,7,demo,demo,previous,8544,0,0,0,0.0,,
10,7,demo,demo,self,8544,0,0,0,0.0,,
10,7,demo,test_other,distance_ge_2,451008,0,0,0,0.0,,
10,7,test,answer_prediction,distance_ge_2,2136,0,0,0,0.0,,
10,7,test,test_other,distance_ge_2,57551,0,0,0,0.0,,
10,7,test,test_other,previous,2136,0,0,0,0.0,,
10,7,test,test_other,self,2136,0,0,0,0.0,,
10,8,demo,answer_prediction,distance_ge_2,8544,0,0,0,0.0,,
10,8,demo,demo,distance_ge_2,1000158,6,6,1,5.999052149760338e-06,0.0,0.0
10,8,demo,demo,previous,8544,0,0,0,0.0,,
10,8,demo,demo,self,8544,0,0,0,0.0,,
10,8,demo,test_other,distance_ge_2,451008,0,0,0,0.0,,
10,8,test,answer_prediction,distance_ge_2,2136,0,0,0,0.0,,
10,8,test,test_other,distance_ge_2,57551,0,0,0,0.0,,
10,8,test,test_other,previous,2136,0,0,0,0.0,,
10,8,test,test_other,self,2136,0,0,0,0.0,,
10,9,demo,answer_prediction,distance_ge_2,8544,0,0,0,0.0,,
10,9,demo,demo,distance_ge_2,1000158,0,0,0,0.0,,
10,9,demo,demo,previous,8544,0,0,0,0.0,,
10,9,demo,demo,self,8544,0,0,0,0.0,,
10,9,demo,test_other,distance_ge_2,451008,0,0,0,0.0,,
10,9,test,answer_prediction,distance_ge_2,2136,0,0,0,0.0,,
10,9,test,test_other,distance_ge_2,57551,1,1,1,1.737589268648677e-05,0.0,0.03599544242024422
10,9,test,test_other,previous,2136,0,0,0,0.0,,
10,9,test,test_other,self,2136,0,0,0,0.0,,
10,10,demo,answer_prediction,distance_ge_2,8544,0,0,0,0.0,,
10,10,demo,demo,distance_ge_2,1000158,0,0,0,0.0,,
10,10,demo,demo,previous,8544,0,0,0,0.0,,
10,10,demo,demo,self,8544,0,0,0,0.0,,
10,10,demo,test_other,distance_ge_2,451008,0,0,0,0.0,,
10,10,test,answer_prediction,distance_ge_2,2136,0,0,0,0.0,,
10,10,test,test_other,distance_ge_2,57551,0,0,0,0.0,,
10,10,test,test_other,previous,2136,0,0,0,0.0,,
10,10,test,test_other,self,2136,0,0,0,0.0,,
10,11,demo,answer_prediction,distance_ge_2,8544,0,0,0,0.0,,
10,11,demo,demo,distance_ge_2,1000158,0,0,0,0.0,,
10,11,demo,demo,previous,8544,0,0,0,0.0,,
10,11,demo,demo,self,8544,0,0,0,0.0,,
10,11,demo,test_other,distance_ge_2,451008,0,0,0,0.0,,
10,11,test,answer_prediction,distance_ge_2,2136,0,0,0,0.0,,
10,11,test,test_other,distance_ge_2,57551,0,0,0,0.0,,
10,11,test,test_other,previous,2136,0,0,0,0.0,,
10,11,test,test_other,self,2136,0,0,0,0.0,,
10,12,demo,answer_prediction,distance_ge_2,8544,0,0,0,0.0,,
10,12,demo,demo,distance_ge_2,1000158,1818,1818,84,0.0018177128013773824,0.05101098282323132,0.041262366040933154
10,12,demo,demo,previous,8544,0,0,0,0.0,,
10,12,demo,demo,self,8544,0,0,0,0.0,,
10,12,demo,test_other,distance_ge_2,451008,226,226,51,0.0005010997587625941,0.02074711736182443,0.0193431651185857
10,12,test,answer_prediction,distance_ge_2,2136,0,0,0,0.0,,
10,12,test,test_other,distance_ge_2,57551,34,34,17,0.0005907803513405501,0.01686755904023919,0.012928557102842367
10,12,test,test_other,previous,2136,0,0,0,0.0,,
10,12,test,test_other,self,2136,0,0,0,0.0,,
10,13,demo,answer_prediction,distance_ge_2,8544,0,0,0,0.0,,
10,13,demo,demo,distance_ge_2,1000158,0,0,0,0.0,,
10,13,demo,demo,previous,8544,0,0,0,0.0,,
10,13,demo,demo,self,8544,0,0,0,0.0,,
10,13,demo,test_other,distance_ge_2,451008,0,0,0,0.0,,
10,13,test,answer_prediction,distance_ge_2,2136,0,0,0,0.0,,
10,13,test,test_other,distance_ge_2,57551,2,2,1,3.475178537297354e-05,0.0,0.01894969493150711
10,13,test,test_other,previous,2136,0,0,0,0.0,,
10,13,test,test_other,self,2136,0,0,0,0.0,,
10,14,demo,answer_prediction,distance_ge_2,8544,0,0,0,0.0,,
10,14,demo,demo,distance_ge_2,1000158,0,0,0,0.0,,
10,14,demo,demo,previous,8544,0,0,0,0.0,,
10,14,demo,demo,self,8544,0,0,0,0.0,,
10,14,demo,test_other,distance_ge_2,451008,0,0,0,0.0,,
10,14,test,answer_prediction,distance_ge_2,2136,0,0,0,0.0,,
10,14,test,test_other,distance_ge_2,57551,0,0,0,0.0,,
10,14,test,test_other,previous,2136,0,0,0,0.0,,
10,14,test,test_other,self,2136,0,0,0,0.0,,
10,15,demo,answer_prediction,distance_ge_2,8544,0,0,0,0.0,,
10,15,demo,demo,distance_ge_2,1000158,3816,3816,89,0.003815397167247575,0.019536112821150094,0.029840557597064075
10,15,demo,demo,previous,8544,0,0,0,0.0,,
10,15,demo,demo,self,8544,0,0,0,0.0,,
10,15,demo,test_other,distance_ge_2,451008,482,482,81,0.0010687171846175678,0.010689357288899838,0.014719124412861134
10,15,test,answer_prediction,distance_ge_2,2136,0,0,0,0.0,,
10,15,test,test_other,distance_ge_2,57551,373,373,77,0.006481207972059565,0.010454808923384004,0.01568528004488458
10,15,test,test_other,previous,2136,0,0,0,0.0,,
10,15,test,test_other,self,2136,0,0,0,0.0,,
10,16,demo,answer_prediction,distance_ge_2,8544,0,0,0,0.0,,
10,16,demo,demo,distance_ge_2,1000158,60,60,10,5.999052149760338e-05,0.014534118430068096,0.0
10,16,demo,demo,previous,8544,0,0,0,0.0,,
10,16,demo,demo,self,8544,18,18,3,0.002106741573033708,0.0,0.0008269359564615621
10,16,demo,test_other,distance_ge_2,451008,0,0,0,0.0,,
10,16,test,answer_prediction,distance_ge_2,2136,0,0,0,0.0,,
10,16,test,test_other,distance_ge_2,57551,6,6,5,0.0001042553561189206,0.016990193476279575,0.006292507362862428
10,16,test,test_other,previous,2136,0,0,0,0.0,,
10,16,test,test_other,self,2136,86,86,39,0.040262172284644196,0.01718387726002622,0.009326972383437245
10,17,demo,answer_prediction,distance_ge_2,8544,0,0,0,0.0,,
10,17,demo,demo,distance_ge_2,1000158,0,0,0,0.0,,
10,17,demo,demo,previous,8544,0,0,0,0.0,,
10,17,demo,demo,self,8544,0,0,0,0.0,,
10,17,demo,test_other,distance_ge_2,451008,0,0,0,0.0,,
10,17,test,answer_prediction,distance_ge_2,2136,0,0,0,0.0,,
10,17,test,test_other,distance_ge_2,57551,0,0,0,0.0,,
10,17,test,test_other,previous,2136,0,0,0,0.0,,
10,17,test,test_other,self,2136,0,0,0,0.0,,
10,18,demo,answer_prediction,distance_ge_2,8544,0,0,0,0.0,,
10,18,demo,demo,distance_ge_2,1000158,42,42,5,4.199336504832236e-05,0.000997003267652222,0.025243456342390606
10,18,demo,demo,previous,8544,0,0,0,0.0,,
10,18,demo,demo,self,8544,0,0,0,0.0,,
10,18,demo,test_other,distance_ge_2,451008,0,0,0,0.0,,
10,18,test,answer_prediction,distance_ge_2,2136,0,0,0,0.0,,
10,18,test,test_other,distance_ge_2,57551,0,0,0,0.0,,
10,18,test,test_other,previous,2136,0,0,0,0.0,,
10,18,test,test_other,self,2136,0,0,0,0.0,,
10,19,demo,answer_prediction,distance_ge_2,8544,0,0,0,0.0,,
10,19,demo,demo,distance_ge_2,1000158,1500,1500,56,0.0014997630374400845,0.03362291192783353,0.036105698965101816
10,19,demo,demo,previous,8544,0,0,0,0.0,,
10,19,demo,demo,self,8544,0,0,0,0.0,,
10,19,demo,test_other,distance_ge_2,451008,519,519,59,0.0011507556406981695,0.014533283885426282,0.02098027372446543
10,19,test,answer_prediction,distance_ge_2,2136,0,0,0,0.0,,
10,19,test,test_other,distance_ge_2,57551,18,18,11,0.00031276606835676184,0.009493369712597795,0.013969075141681565
10,19,test,test_other,previous,2136,0,0,0,0.0,,
10,19,test,test_other,self,2136,1,1,1,0.00046816479400749064,0.0,0.0
10,20,demo,answer_prediction,distance_ge_2,8544,0,0,0,0.0,,
10,20,demo,demo,distance_ge_2,1000158,0,0,0,0.0,,
10,20,demo,demo,previous,8544,0,0,0,0.0,,
10,20,demo,demo,self,8544,0,0,0,0.0,,
10,20,demo,test_other,distance_ge_2,451008,0,0,0,0.0,,
10,20,test,answer_prediction,distance_ge_2,2136,0,0,0,0.0,,
10,20,test,test_other,distance_ge_2,57551,0,0,0,0.0,,
10,20,test,test_other,previous,2136,0,0,0,0.0,,
10,20,test,test_other,self,2136,0,0,0,0.0,,
10,21,demo,answer_prediction,distance_ge_2,8544,0,0,0,0.0,,
10,21,demo,demo,distance_ge_2,1000158,852,852,75,0.000851865405265968,0.017160524258350716,0.030243303448600177
10,21,demo,demo,previous,8544,0,0,0,0.0,,
10,21,demo,demo,self,8544,0,0,0,0.0,,
10,21,demo,test_other,distance_ge_2,451008,191,191,50,0.0004234958138214843,0.01562230852088179,0.016334939668813223
10,21,test,answer_prediction,distance_ge_2,2136,0,0,0,0.0,,
10,21,test,test_other,distance_ge_2,57551,341,341,84,0.005925179406091988,0.011023544619679488,0.01447000202112051
10,21,test,test_other,previous,2136,0,0,0,0.0,,
10,21,test,test_other,self,2136,0,0,0,0.0,,
10,22,demo,answer_prediction,distance_ge_2,8544,0,0,0,0.0,,
10,22,demo,demo,distance_ge_2,1000158,786,786,64,0.0007858758316186043,0.009716768074560313,0.018079752403104225
10,22,demo,demo,previous,8544,564,564,64,0.06601123595505617,0.0413166666956334,0.03666174126432297
10,22,demo,demo,self,8544,0,0,0,0.0,,
10,22,demo,test_other,distance_ge_2,451008,50,50,22,0.00011086277848729956,0.027555091357789933,0.013316071873996407
10,22,test,answer_prediction,distance_ge_2,2136,0,0,0,0.0,,
10,22,test,test_other,distance_ge_2,57551,31,31,18,0.0005386526732810898,0.012948014623215121,0.01250223046348941
10,22,test,test_other,previous,2136,175,175,66,0.08192883895131087,0.0069431402547966824,0.012392484216086035
10,22,test,test_other,self,2136,0,0,0,0.0,,
10,23,demo,answer_prediction,distance_ge_2,8544,0,0,0,0.0,,
10,23,demo,demo,distance_ge_2,1000158,0,0,0,0.0,,
10,23,demo,demo,previous,8544,0,0,0,0.0,,
10,23,demo,demo,self,8544,0,0,0,0.0,,
10,23,demo,test_other,distance_ge_2,451008,0,0,0,0.0,,
10,23,test,answer_prediction,distance_ge_2,2136,0,0,0,0.0,,
10,23,test,test_other,distance_ge_2,57551,0,0,0,0.0,,
10,23,test,test_other,previous,2136,0,0,0,0.0,,
10,23,test,test_other,self,2136,0,0,0,0.0,,
10,24,demo,answer_prediction,distance_ge_2,8544,0,0,0,0.0,,
10,24,demo,demo,distance_ge_2,1000158,6,6,1,5.999052149760338e-06,0.028014346957206726,0.008149794302880764
10,24,demo,demo,previous,8544,0,0,0,0.0,,
10,24,demo,demo,self,8544,18,18,3,0.002106741573033708,0.0660959929227829,0.0
10,24,demo,test_other,distance_ge_2,451008,0,0,0,0.0,,
10,24,test,answer_prediction,distance_ge_2,2136,0,0,0,0.0,,
10,24,test,test_other,distance_ge_2,57551,5,5,3,8.687946343243385e-05,0.007794630713760853,0.008182771084830166
10,24,test,test_other,previous,2136,0,0,0,0.0,,
10,24,test,test_other,self,2136,0,0,0,0.0,,
10,25,demo,answer_prediction,distance_ge_2,8544,0,0,0,0.0,,
10,25,demo,demo,distance_ge_2,1000158,1362,1362,85,0.0013617848379955967,0.018225947500046438,0.02272654305160146
10,25,demo,demo,previous,8544,0,0,0,0.0,,
10,25,demo,demo,self,8544,0,0,0,0.0,,
10,25,demo,test_other,distance_ge_2,451008,207,207,37,0.00045897190293742017,0.00588754008816283,0.012931163928916922
10,25,test,answer_prediction,distance_ge_2,2136,0,0,0,0.0,,
10,25,test,test_other,distance_ge_2,57551,478,478,87,0.008305676704140676,0.01128138658001171,0.017314095906665473
10,25,test,test_other,previous,2136,0,0,0,0.0,,
10,25,test,test_other,self,2136,0,0,0,0.0,,
10,26,demo,answer_prediction,distance_ge_2,8544,0,0,0,0.0,,
10,26,demo,demo,distance_ge_2,1000158,2286,2286,89,0.0022856388690586887,0.014291031751597098,0.024511001189952277
10,26,demo,demo,previous,8544,0,0,0,0.0,,
10,26,demo,demo,self,8544,0,0,0,0.0,,
10,26,demo,test_other,distance_ge_2,451008,11,11,6,2.4389811267205903e-05,0.019657772627066483,0.012733977457339113
10,26,test,answer_prediction,distance_ge_2,2136,0,0,0,0.0,,
10,26,test,test_other,distance_ge_2,57551,227,227,68,0.003944327639832496,0.01510576044295459,0.013357120465296465
10,26,test,test_other,previous,2136,0,0,0,0.0,,
10,26,test,test_other,self,2136,0,0,0,0.0,,
10,27,demo,answer_prediction,distance_ge_2,8544,0,0,0,0.0,,
10,27,demo,demo,distance_ge_2,1000158,3030,3030,89,0.0030295213356289707,0.026456940453576397,0.02237938234026209
10,27,demo,demo,previous,8544,0,0,0,0.0,,
10,27,demo,demo,self,8544,0,0,0,0.0,,
10,27,demo,test_other,distance_ge_2,451008,215,215,52,0.0004767099474953881,0.010929529968687051,0.0097409923939944
10,27,test,answer_prediction,distance_ge_2,2136,0,0,0,0.0,,
10,27,test,test_other,distance_ge_2,57551,351,351,82,0.006098938332956856,0.008113739692881813,0.016261160018140094
10,27,test,test_other,previous,2136,0,0,0,0.0,,
10,27,test,test_other,self,2136,1,1,1,0.00046816479400749064,0.0,0.06549251079559326
10,28,demo,answer_prediction,distance_ge_2,8544,0,0,0,0.0,,
10,28,demo,demo,distance_ge_2,1000158,0,0,0,0.0,,
10,28,demo,demo,previous,8544,0,0,0,0.0,,
10,28,demo,demo,self,8544,0,0,0,0.0,,
10,28,demo,test_other,distance_ge_2,451008,0,0,0,0.0,,
10,28,test,answer_prediction,distance_ge_2,2136,0,0,0,0.0,,
10,28,test,test_other,distance_ge_2,57551,0,0,0,0.0,,
10,28,test,test_other,previous,2136,0,0,0,0.0,,
10,28,test,test_other,self,2136,0,0,0,0.0,,
10,29,demo,answer_prediction,distance_ge_2,8544,0,0,0,0.0,,
10,29,demo,demo,distance_ge_2,1000158,0,0,0,0.0,,
10,29,demo,demo,previous,8544,0,0,0,0.0,,
10,29,demo,demo,self,8544,0,0,0,0.0,,
10,29,demo,test_other,distance_ge_2,451008,1,1,1,2.2172555697459912e-06,0.0,0.0
10,29,test,answer_prediction,distance_ge_2,2136,0,0,0,0.0,,
10,29,test,test_other,distance_ge_2,57551,4,4,3,6.950357074594707e-05,0.0,0.0008403352403547615
10,29,test,test_other,previous,2136,0,0,0,0.0,,
10,29,test,test_other,self,2136,0,0,0,0.0,,
10,30,demo,answer_prediction,distance_ge_2,8544,0,0,0,0.0,,
10,30,demo,demo,distance_ge_2,1000158,0,0,0,0.0,,
10,30,demo,demo,previous,8544,0,0,0,0.0,,
10,30,demo,demo,self,8544,0,0,0,0.0,,
10,30,demo,test_other,distance_ge_2,451008,0,0,0,0.0,,
10,30,test,answer_prediction,distance_ge_2,2136,0,0,0,0.0,,
10,30,test,test_other,distance_ge_2,57551,0,0,0,0.0,,
10,30,test,test_other,previous,2136,0,0,0,0.0,,
10,30,test,test_other,self,2136,0,0,0,0.0,,
10,31,demo,answer_prediction,distance_ge_2,8544,0,0,0,0.0,,
10,31,demo,demo,distance_ge_2,1000158,24,24,4,2.3996208599041352e-05,0.005332801025360823,0.03556329570710659
10,31,demo,demo,previous,8544,2562,2562,89,0.29985955056179775,0.023273382897993126,0.019458176612431054
10,31,demo,demo,self,8544,210,210,31,0.02457865168539326,0.007772386372588309,0.020811427766013715
10,31,demo,test_other,distance_ge_2,451008,0,0,0,0.0,,
10,31,test,answer_prediction,distance_ge_2,2136,0,0,0,0.0,,
10,31,test,test_other,distance_ge_2,57551,8,8,4,0.00013900714149189415,0.0,0.00551536213606596
10,31,test,test_other,previous,2136,486,486,88,0.22752808988764045,0.008147698375095212,0.009967329325244849
10,31,test,test_other,self,2136,49,49,18,0.02294007490636704,0.006549580773452715,0.020545436430494397
11,0,demo,answer_prediction,distance_ge_2,8544,0,0,0,0.0,,
11,0,demo,demo,distance_ge_2,1000158,168,168,15,0.00016797346019328945,0.01419775481224947,0.036027125595691836
11,0,demo,demo,previous,8544,0,0,0,0.0,,
11,0,demo,demo,self,8544,60,60,10,0.007022471910112359,0.0,0.118398192897439
11,0,demo,test_other,distance_ge_2,451008,13,13,7,2.8824322406697887e-05,0.00236671045422554,0.0030247272135546575
11,0,test,answer_prediction,distance_ge_2,2136,0,0,0,0.0,,
11,0,test,test_other,distance_ge_2,57551,14,14,7,0.00024326249761081475,0.010312899015843868,0.005504965715642486
11,0,test,test_other,previous,2136,0,0,0,0.0,,
11,0,test,test_other,self,2136,4,4,2,0.0018726591760299626,0.0033937861444428563,0.004896773141808808
11,1,demo,answer_prediction,distance_ge_2,8544,0,0,0,0.0,,
11,1,demo,demo,distance_ge_2,1000158,0,0,0,0.0,,
11,1,demo,demo,previous,8544,0,0,0,0.0,,
11,1,demo,demo,self,8544,0,0,0,0.0,,
11,1,demo,test_other,distance_ge_2,451008,0,0,0,0.0,,
11,1,test,answer_prediction,distance_ge_2,2136,0,0,0,0.0,,
11,1,test,test_other,distance_ge_2,57551,0,0,0,0.0,,
11,1,test,test_other,previous,2136,0,0,0,0.0,,
11,1,test,test_other,self,2136,0,0,0,0.0,,
11,2,demo,answer_prediction,distance_ge_2,8544,0,0,0,0.0,,
11,2,demo,demo,distance_ge_2,1000158,282,282,33,0.0002819554510387359,0.04846819172549748,0.028301269719245056
11,2,demo,demo,previous,8544,0,0,0,0.0,,
11,2,demo,demo,self,8544,0,0,0,0.0,,
11,2,demo,test_other,distance_ge_2,451008,2,2,2,4.4345111394919825e-06,0.010160976089537144,0.020381807815283537
11,2,test,answer_prediction,distance_ge_2,2136,0,0,0,0.0,,
11,2,test,test_other,distance_ge_2,57551,26,26,21,0.00045177320984865596,0.006019492159024454,0.010772469489333721
11,2,test,test_other,previous,2136,0,0,0,0.0,,
11,2,test,test_other,self,2136,0,0,0,0.0,,
11,3,demo,answer_prediction,distance_ge_2,8544,0,0,0,0.0,,
11,3,demo,demo,distance_ge_2,1000158,522,522,46,0.0005219175370291494,0.0106383945999874,0.005869177127278399
11,3,demo,demo,previous,8544,732,732,70,0.08567415730337079,0.0025551481308578386,0.017073339561275283
11,3,demo,demo,self,8544,0,0,0,0.0,,
11,3,demo,test_other,distance_ge_2,451008,14,14,5,3.1041577976443876e-05,0.003894649525006701,0.006652404720495854
11,3,test,answer_prediction,distance_ge_2,2136,28,28,20,0.013108614232209739,0.003789397848387515,0.011860393469500454
11,3,test,test_other,distance_ge_2,57551,161,161,55,0.00279751872252437,0.008603073435116803,0.007270523603291176
11,3,test,test_other,previous,2136,108,108,46,0.05056179775280899,0.005055766638920263,0.008343478022180972
11,3,test,test_other,self,2136,4,4,4,0.0018726591760299626,0.012600271729752421,0.013616185635328293
11,4,demo,answer_prediction,distance_ge_2,8544,0,0,0,0.0,,
11,4,demo,demo,distance_ge_2,1000158,96,96,15,9.598483439616541e-05,0.05800100835040212,0.004337487930570205
11,4,demo,demo,previous,8544,0,0,0,0.0,,
11,4,demo,demo,self,8544,54,54,8,0.006320224719101123,0.00911006797105074,0.0009754965096901826
11,4,demo,test_other,distance_ge_2,451008,0,0,0,0.0,,
11,4,test,answer_prediction,distance_ge_2,2136,0,0,0,0.0,,
11,4,test,test_other,distance_ge_2,57551,78,78,38,0.0013553196295459679,0.01640911830905586,0.010585560279790886
11,4,test,test_other,previous,2136,0,0,0,0.0,,
11,4,test,test_other,self,2136,16,16,12,0.00749063670411985,0.007911653141491115,0.016239473596215248
11,5,demo,answer_prediction,distance_ge_2,8544,0,0,0,0.0,,
11,5,demo,demo,distance_ge_2,1000158,168,168,19,0.00016797346019328945,0.03593899682164192,0.027511235885737863
11,5,demo,demo,previous,8544,48,48,8,0.0056179775280898875,0.03255426092073321,0.0686344369314611
11,5,demo,demo,self,8544,0,0,0,0.0,,
11,5,demo,test_other,distance_ge_2,451008,8,8,6,1.773804455796793e-05,0.009597013238817453,0.0037502754712477326
11,5,test,answer_prediction,distance_ge_2,2136,0,0,0,0.0,,
11,5,test,test_other,distance_ge_2,57551,15,15,7,0.0002606383902973015,0.025097650413711866,0.004877358178297679
11,5,test,test_other,previous,2136,0,0,0,0.0,,
11,5,test,test_other,self,2136,0,0,0,0.0,,
11,6,demo,answer_prediction,distance_ge_2,8544,0,0,0,0.0,,
11,6,demo,demo,distance_ge_2,1000158,24,24,4,2.3996208599041352e-05,0.015736576169729233,0.0
11,6,demo,demo,previous,8544,0,0,0,0.0,,
11,6,demo,demo,self,8544,0,0,0,0.0,,
11,6,demo,test_other,distance_ge_2,451008,0,0,0,0.0,,
11,6,test,answer_prediction,distance_ge_2,2136,0,0,0,0.0,,
11,6,test,test_other,distance_ge_2,57551,9,9,4,0.00015638303417838092,0.0,0.03886412498023775
11,6,test,test_other,previous,2136,0,0,0,0.0,,
11,6,test,test_other,self,2136,0,0,0,0.0,,
11,7,demo,answer_prediction,distance_ge_2,8544,0,0,0,0.0,,
11,7,demo,demo,distance_ge_2,1000158,0,0,0,0.0,,
11,7,demo,demo,previous,8544,2304,2304,89,0.2696629213483146,0.04448557628859362,0.03721585881404129
11,7,demo,demo,self,8544,0,0,0,0.0,,
11,7,demo,test_other,distance_ge_2,451008,0,0,0,0.0,,
11,7,test,answer_prediction,distance_ge_2,2136,0,0,0,0.0,,
11,7,test,test_other,distance_ge_2,57551,0,0,0,0.0,,
11,7,test,test_other,previous,2136,1378,1378,89,0.6451310861423221,0.022486645494251823,0.014301132626520531
11,7,test,test_other,self,2136,0,0,0,0.0,,
11,8,demo,answer_prediction,distance_ge_2,8544,0,0,0,0.0,,
11,8,demo,demo,distance_ge_2,1000158,12,12,2,1.1998104299520676e-05,0.0013077807379886508,0.014520440250635147
11,8,demo,demo,previous,8544,0,0,0,0.0,,
11,8,demo,demo,self,8544,0,0,0,0.0,,
11,8,demo,test_other,distance_ge_2,451008,0,0,0,0.0,,
11,8,test,answer_prediction,distance_ge_2,2136,0,0,0,0.0,,
11,8,test,test_other,distance_ge_2,57551,5,5,5,8.687946343243385e-05,0.0,0.0
11,8,test,test_other,previous,2136,0,0,0,0.0,,
11,8,test,test_other,self,2136,0,0,0,0.0,,
11,9,demo,answer_prediction,distance_ge_2,8544,0,0,0,0.0,,
11,9,demo,demo,distance_ge_2,1000158,0,0,0,0.0,,
11,9,demo,demo,previous,8544,0,0,0,0.0,,
11,9,demo,demo,self,8544,0,0,0,0.0,,
11,9,demo,test_other,distance_ge_2,451008,0,0,0,0.0,,
11,9,test,answer_prediction,distance_ge_2,2136,0,0,0,0.0,,
11,9,test,test_other,distance_ge_2,57551,0,0,0,0.0,,
11,9,test,test_other,previous,2136,0,0,0,0.0,,
11,9,test,test_other,self,2136,0,0,0,0.0,,
11,10,demo,answer_prediction,distance_ge_2,8544,0,0,0,0.0,,
11,10,demo,demo,distance_ge_2,1000158,0,0,0,0.0,,
11,10,demo,demo,previous,8544,0,0,0,0.0,,
11,10,demo,demo,self,8544,0,0,0,0.0,,
11,10,demo,test_other,distance_ge_2,451008,0,0,0,0.0,,
11,10,test,answer_prediction,distance_ge_2,2136,0,0,0,0.0,,
11,10,test,test_other,distance_ge_2,57551,0,0,0,0.0,,
11,10,test,test_other,previous,2136,0,0,0,0.0,,
11,10,test,test_other,self,2136,0,0,0,0.0,,
11,11,demo,answer_prediction,distance_ge_2,8544,0,0,0,0.0,,
11,11,demo,demo,distance_ge_2,1000158,0,0,0,0.0,,
11,11,demo,demo,previous,8544,0,0,0,0.0,,
11,11,demo,demo,self,8544,0,0,0,0.0,,
11,11,demo,test_other,distance_ge_2,451008,0,0,0,0.0,,
11,11,test,answer_prediction,distance_ge_2,2136,0,0,0,0.0,,
11,11,test,test_other,distance_ge_2,57551,0,0,0,0.0,,
11,11,test,test_other,previous,2136,0,0,0,0.0,,
11,11,test,test_other,self,2136,0,0,0,0.0,,
11,12,demo,answer_prediction,distance_ge_2,8544,0,0,0,0.0,,
11,12,demo,demo,distance_ge_2,1000158,0,0,0,0.0,,
11,12,demo,demo,previous,8544,0,0,0,0.0,,
11,12,demo,demo,self,8544,0,0,0,0.0,,
11,12,demo,test_other,distance_ge_2,451008,0,0,0,0.0,,
11,12,test,answer_prediction,distance_ge_2,2136,0,0,0,0.0,,
11,12,test,test_other,distance_ge_2,57551,0,0,0,0.0,,
11,12,test,test_other,previous,2136,0,0,0,0.0,,
11,12,test,test_other,self,2136,0,0,0,0.0,,
11,13,demo,answer_prediction,distance_ge_2,8544,0,0,0,0.0,,
11,13,demo,demo,distance_ge_2,1000158,0,0,0,0.0,,
11,13,demo,demo,previous,8544,0,0,0,0.0,,
11,13,demo,demo,self,8544,0,0,0,0.0,,
11,13,demo,test_other,distance_ge_2,451008,0,0,0,0.0,,
11,13,test,answer_prediction,distance_ge_2,2136,0,0,0,0.0,,
11,13,test,test_other,distance_ge_2,57551,0,0,0,0.0,,
11,13,test,test_other,previous,2136,0,0,0,0.0,,
11,13,test,test_other,self,2136,0,0,0,0.0,,
11,14,demo,answer_prediction,distance_ge_2,8544,0,0,0,0.0,,
11,14,demo,demo,distance_ge_2,1000158,5076,5076,89,0.005075198118697246,0.02413230522820266,0.048791688821973246
11,14,demo,demo,previous,8544,60,60,10,0.007022471910112359,0.006725192070007324,0.0
11,14,demo,demo,self,8544,12,12,2,0.0014044943820224719,0.02453421615064144,0.0037869203370064497
11,14,demo,test_other,distance_ge_2,451008,383,383,74,0.0008492088832127146,0.008349888281657801,0.020047958389574457
11,14,test,answer_prediction,distance_ge_2,2136,3,3,1,0.0014044943820224719,0.023455459003647167,0.0
11,14,test,test_other,distance_ge_2,57551,619,619,85,0.01075567757293531,0.008529270638885526,0.014804472652595319
11,14,test,test_other,previous,2136,4,4,2,0.0018726591760299626,0.0013828491792082787,0.040025883819907904
11,14,test,test_other,self,2136,5,5,2,0.0023408239700374533,0.0012811060063540936,0.0
11,15,demo,answer_prediction,distance_ge_2,8544,0,0,0,0.0,,
11,15,demo,demo,distance_ge_2,1000158,0,0,0,0.0,,
11,15,demo,demo,previous,8544,0,0,0,0.0,,
11,15,demo,demo,self,8544,3330,3330,89,0.38974719101123595,0.02435136573874586,0.036007688892201184
11,15,demo,test_other,distance_ge_2,451008,0,0,0,0.0,,
11,15,test,answer_prediction,distance_ge_2,2136,0,0,0,0.0,,
11,15,test,test_other,distance_ge_2,57551,0,0,0,0.0,,
11,15,test,test_other,previous,2136,0,0,0,0.0,,
11,15,test,test_other,self,2136,1069,1069,89,0.5004681647940075,0.013246907913758495,0.017768867611777088
11,16,demo,answer_prediction,distance_ge_2,8544,0,0,0,0.0,,
11,16,demo,demo,distance_ge_2,1000158,0,0,0,0.0,,
11,16,demo,demo,previous,8544,0,0,0,0.0,,
11,16,demo,demo,self,8544,0,0,0,0.0,,
11,16,demo,test_other,distance_ge_2,451008,0,0,0,0.0,,
11,16,test,answer_prediction,distance_ge_2,2136,0,0,0,0.0,,
11,16,test,test_other,distance_ge_2,57551,0,0,0,0.0,,
11,16,test,test_other,previous,2136,0,0,0,0.0,,
11,16,test,test_other,self,2136,0,0,0,0.0,,
11,17,demo,answer_prediction,distance_ge_2,8544,0,0,0,0.0,,
11,17,demo,demo,distance_ge_2,1000158,0,0,0,0.0,,
11,17,demo,demo,previous,8544,0,0,0,0.0,,
11,17,demo,demo,self,8544,0,0,0,0.0,,
11,17,demo,test_other,distance_ge_2,451008,0,0,0,0.0,,
11,17,test,answer_prediction,distance_ge_2,2136,0,0,0,0.0,,
11,17,test,test_other,distance_ge_2,57551,0,0,0,0.0,,
11,17,test,test_other,previous,2136,0,0,0,0.0,,
11,17,test,test_other,self,2136,0,0,0,0.0,,
11,18,demo,answer_prediction,distance_ge_2,8544,0,0,0,0.0,,
11,18,demo,demo,distance_ge_2,1000158,0,0,0,0.0,,
11,18,demo,demo,previous,8544,0,0,0,0.0,,
11,18,demo,demo,self,8544,0,0,0,0.0,,
11,18,demo,test_other,distance_ge_2,451008,0,0,0,0.0,,
11,18,test,answer_prediction,distance_ge_2,2136,0,0,0,0.0,,
11,18,test,test_other,distance_ge_2,57551,0,0,0,0.0,,
11,18,test,test_other,previous,2136,0,0,0,0.0,,
11,18,test,test_other,self,2136,0,0,0,0.0,,
11,19,demo,answer_prediction,distance_ge_2,8544,0,0,0,0.0,,
11,19,demo,demo,distance_ge_2,1000158,0,0,0,0.0,,
11,19,demo,demo,previous,8544,0,0,0,0.0,,
11,19,demo,demo,self,8544,6,6,1,0.0007022471910112359,0.0,0.0
11,19,demo,test_other,distance_ge_2,451008,0,0,0,0.0,,
11,19,test,answer_prediction,distance_ge_2,2136,0,0,0,0.0,,
11,19,test,test_other,distance_ge_2,57551,0,0,0,0.0,,
11,19,test,test_other,previous,2136,4,4,2,0.0018726591760299626,0.0,0.012354670092463493
11,19,test,test_other,self,2136,1,1,1,0.00046816479400749064,0.02208992838859558,0.0
11,20,demo,answer_prediction,distance_ge_2,8544,0,0,0,0.0,,
11,20,demo,demo,distance_ge_2,1000158,0,0,0,0.0,,
11,20,demo,demo,previous,8544,0,0,0,0.0,,
11,20,demo,demo,self,8544,0,0,0,0.0,,
11,20,demo,test_other,distance_ge_2,451008,0,0,0,0.0,,
11,20,test,answer_prediction,distance_ge_2,2136,0,0,0,0.0,,
11,20,test,test_other,distance_ge_2,57551,0,0,0,0.0,,
11,20,test,test_other,previous,2136,0,0,0,0.0,,
11,20,test,test_other,self,2136,0,0,0,0.0,,
11,21,demo,answer_prediction,distance_ge_2,8544,0,0,0,0.0,,
11,21,demo,demo,distance_ge_2,1000158,690,690,45,0.0006898909972224388,0.01802588331878381,0.05687779847505516
11,21,demo,demo,previous,8544,0,0,0,0.0,,
11,21,demo,demo,self,8544,144,144,21,0.016853932584269662,0.007813538191840053,0.10327661702305907
11,21,demo,test_other,distance_ge_2,451008,94,94,10,0.00020842202355612316,0.0076115845923363555,0.011463958725452106
11,21,test,answer_prediction,distance_ge_2,2136,0,0,0,0.0,,
11,21,test,test_other,distance_ge_2,57551,13,13,7,0.00022588660492432798,0.011062107514590025,0.01407773090669742
11,21,test,test_other,previous,2136,0,0,0,0.0,,
11,21,test,test_other,self,2136,0,0,0,0.0,,
11,22,demo,answer_prediction,distance_ge_2,8544,0,0,0,0.0,,
11,22,demo,demo,distance_ge_2,1000158,78,78,7,7.798767794688439e-05,0.0,0.08756308391308174
11,22,demo,demo,previous,8544,0,0,0,0.0,,
11,22,demo,demo,self,8544,0,0,0,0.0,,
11,22,demo,test_other,distance_ge_2,451008,55,55,13,0.00012194905633602952,0.003335233202034777,0.06182206584648652
11,22,test,answer_prediction,distance_ge_2,2136,0,0,0,0.0,,
11,22,test,test_other,distance_ge_2,57551,7,7,2,0.00012163124880540738,0.0039260112680494785,0.020992207640249814
11,22,test,test_other,previous,2136,0,0,0,0.0,,
11,22,test,test_other,self,2136,0,0,0,0.0,,
11,23,demo,answer_prediction,distance_ge_2,8544,0,0,0,0.0,,
11,23,demo,demo,distance_ge_2,1000158,0,0,0,0.0,,
11,23,demo,demo,previous,8544,0,0,0,0.0,,
11,23,demo,demo,self,8544,0,0,0,0.0,,
11,23,demo,test_other,distance_ge_2,451008,0,0,0,0.0,,
11,23,test,answer_prediction,distance_ge_2,2136,0,0,0,0.0,,
11,23,test,test_other,distance_ge_2,57551,1,1,1,1.737589268648677e-05,0.0,0.03736264258623123
11,23,test,test_other,previous,2136,0,0,0,0.0,,
11,23,test,test_other,self,2136,0,0,0,0.0,,
11,24,demo,answer_prediction,distance_ge_2,8544,0,0,0,0.0,,
11,24,demo,demo,distance_ge_2,1000158,96,96,5,9.598483439616541e-05,0.001281546545214951,0.040115055395290256
11,24,demo,demo,previous,8544,0,0,0,0.0,,
11,24,demo,demo,self,8544,0,0,0,0.0,,
11,24,demo,test_other,distance_ge_2,451008,23,23,4,5.09968781041578e-05,0.0,0.02524570497157781
11,24,test,answer_prediction,distance_ge_2,2136,0,0,0,0.0,,
11,24,test,test_other,distance_ge_2,57551,7,7,4,0.00012163124880540738,0.019414877252919332,0.007234004991395133
11,24,test,test_other,previous,2136,0,0,0,0.0,,
11,24,test,test_other,self,2136,0,0,0,0.0,,
11,25,demo,answer_prediction,distance_ge_2,8544,0,0,0,0.0,,
11,25,demo,demo,distance_ge_2,1000158,0,0,0,0.0,,
11,25,demo,demo,previous,8544,0,0,0,0.0,,
11,25,demo,demo,self,8544,0,0,0,0.0,,
11,25,demo,test_other,distance_ge_2,451008,0,0,0,0.0,,
11,25,test,answer_prediction,distance_ge_2,2136,0,0,0,0.0,,
11,25,test,test_other,distance_ge_2,57551,0,0,0,0.0,,
11,25,test,test_other,previous,2136,0,0,0,0.0,,
11,25,test,test_other,self,2136,0,0,0,0.0,,
11,26,demo,answer_prediction,distance_ge_2,8544,0,0,0,0.0,,
11,26,demo,demo,distance_ge_2,1000158,162,162,20,0.00016197440804352912,0.008537330572711832,0.06834021814880364
11,26,demo,demo,previous,8544,0,0,0,0.0,,
11,26,demo,demo,self,8544,0,0,0,0.0,,
11,26,demo,test_other,distance_ge_2,451008,9,9,4,1.9955300127713922e-05,0.017572710911432903,0.02258194408689936
11,26,test,answer_prediction,distance_ge_2,2136,0,0,0,0.0,,
11,26,test,test_other,distance_ge_2,57551,44,44,18,0.0007645392782054179,0.0052050802656925625,0.010025652003770863
11,26,test,test_other,previous,2136,0,0,0,0.0,,
11,26,test,test_other,self,2136,0,0,0,0.0,,
11,27,demo,answer_prediction,distance_ge_2,8544,0,0,0,0.0,,
11,27,demo,demo,distance_ge_2,1000158,684,684,70,0.0006838919450726785,0.016197967650069263,0.013619709374112138
11,27,demo,demo,previous,8544,0,0,0,0.0,,
11,27,demo,demo,self,8544,0,0,0,0.0,,
11,27,demo,test_other,distance_ge_2,451008,0,0,0,0.0,,
11,27,test,answer_prediction,distance_ge_2,2136,0,0,0,0.0,,
11,27,test,test_other,distance_ge_2,57551,421,421,82,0.007315250821010929,0.010255755361124918,0.013645384878165148
11,27,test,test_other,previous,2136,0,0,0,0.0,,
11,27,test,test_other,self,2136,0,0,0,0.0,,
11,28,demo,answer_prediction,distance_ge_2,8544,0,0,0,0.0,,
11,28,demo,demo,distance_ge_2,1000158,12,12,2,1.1998104299520676e-05,0.0,0.0
11,28,demo,demo,previous,8544,0,0,0,0.0,,
11,28,demo,demo,self,8544,0,0,0,0.0,,
11,28,demo,test_other,distance_ge_2,451008,0,0,0,0.0,,
11,28,test,answer_prediction,distance_ge_2,2136,0,0,0,0.0,,
11,28,test,test_other,distance_ge_2,57551,6,6,5,0.0001042553561189206,0.0,0.016359790150697034
11,28,test,test_other,previous,2136,0,0,0,0.0,,
11,28,test,test_other,self,2136,0,0,0,0.0,,
11,29,demo,answer_prediction,distance_ge_2,8544,0,0,0,0.0,,
11,29,demo,demo,distance_ge_2,1000158,1176,1176,81,0.0011758142213530263,0.025327006363528002,0.03661423466139834
11,29,demo,demo,previous,8544,0,0,0,0.0,,
11,29,demo,demo,self,8544,60,60,10,0.007022471910112359,0.007880097348242998,0.006748668275152644
11,29,demo,test_other,distance_ge_2,451008,142,142,37,0.00031485029090393076,0.008948684210928393,0.006103686065536852
11,29,test,answer_prediction,distance_ge_2,2136,0,0,0,0.0,,
11,29,test,test_other,distance_ge_2,57551,367,367,85,0.006376952615940644,0.007914305827207674,0.01832163456450083
11,29,test,test_other,previous,2136,0,0,0,0.0,,
11,29,test,test_other,self,2136,39,39,18,0.018258426966292134,0.006549813214522333,0.019395086490429748
11,30,demo,answer_prediction,distance_ge_2,8544,0,0,0,0.0,,
11,30,demo,demo,distance_ge_2,1000158,0,0,0,0.0,,
11,30,demo,demo,previous,8544,0,0,0,0.0,,
11,30,demo,demo,self,8544,0,0,0,0.0,,
11,30,demo,test_other,distance_ge_2,451008,1,1,1,2.2172555697459912e-06,0.004791739862412214,0.0
11,30,test,answer_prediction,distance_ge_2,2136,0,0,0,0.0,,
11,30,test,test_other,distance_ge_2,57551,2,2,1,3.475178537297354e-05,0.022721227258443832,0.032774969935417175
11,30,test,test_other,previous,2136,0,0,0,0.0,,
11,30,test,test_other,self,2136,0,0,0,0.0,,
11,31,demo,answer_prediction,distance_ge_2,8544,0,0,0,0.0,,
11,31,demo,demo,distance_ge_2,1000158,90,90,7,8.998578224640506e-05,0.01497201741569572,0.06132465600967407
11,31,demo,demo,previous,8544,0,0,0,0.0,,
11,31,demo,demo,self,8544,0,0,0,0.0,,
11,31,demo,test_other,distance_ge_2,451008,13,13,5,2.8824322406697887e-05,0.004924055457545014,0.0
11,31,test,answer_prediction,distance_ge_2,2136,0,0,0,0.0,,
11,31,test,test_other,distance_ge_2,57551,1,1,1,1.737589268648677e-05,0.0,0.0
11,31,test,test_other,previous,2136,5,5,4,0.0023408239700374533,0.004999222047626972,0.013121705502271652
11,31,test,test_other,self,2136,0,0,0,0.0,,
12,0,demo,answer_prediction,distance_ge_2,8544,0,0,0,0.0,,
12,0,demo,demo,distance_ge_2,1000158,0,0,0,0.0,,
12,0,demo,demo,previous,8544,0,0,0,0.0,,
12,0,demo,demo,self,8544,0,0,0,0.0,,
12,0,demo,test_other,distance_ge_2,451008,0,0,0,0.0,,
12,0,test,answer_prediction,distance_ge_2,2136,0,0,0,0.0,,
12,0,test,test_other,distance_ge_2,57551,0,0,0,0.0,,
12,0,test,test_other,previous,2136,0,0,0,0.0,,
12,0,test,test_other,self,2136,0,0,0,0.0,,
12,1,demo,answer_prediction,distance_ge_2,8544,0,0,0,0.0,,
12,1,demo,demo,distance_ge_2,1000158,0,0,0,0.0,,
12,1,demo,demo,previous,8544,0,0,0,0.0,,
12,1,demo,demo,self,8544,0,0,0,0.0,,
12,1,demo,test_other,distance_ge_2,451008,0,0,0,0.0,,
12,1,test,answer_prediction,distance_ge_2,2136,0,0,0,0.0,,
12,1,test,test_other,distance_ge_2,57551,0,0,0,0.0,,
12,1,test,test_other,previous,2136,0,0,0,0.0,,
12,1,test,test_other,self,2136,0,0,0,0.0,,
12,2,demo,answer_prediction,distance_ge_2,8544,0,0,0,0.0,,
12,2,demo,demo,distance_ge_2,1000158,126,126,21,0.00012598009514496708,0.05860138303112416,0.10626370738637411
12,2,demo,demo,previous,8544,0,0,0,0.0,,
12,2,demo,demo,self,8544,0,0,0,0.0,,
12,2,demo,test_other,distance_ge_2,451008,0,0,0,0.0,,
12,2,test,answer_prediction,distance_ge_2,2136,0,0,0,0.0,,
12,2,test,test_other,distance_ge_2,57551,52,52,32,0.0009035464196973119,0.01830184359390002,0.015048354752742363
12,2,test,test_other,previous,2136,0,0,0,0.0,,
12,2,test,test_other,self,2136,0,0,0,0.0,,
12,3,demo,answer_prediction,distance_ge_2,8544,0,0,0,0.0,,
12,3,demo,demo,distance_ge_2,1000158,0,0,0,0.0,,
12,3,demo,demo,previous,8544,0,0,0,0.0,,
12,3,demo,demo,self,8544,0,0,0,0.0,,
12,3,demo,test_other,distance_ge_2,451008,0,0,0,0.0,,
12,3,test,answer_prediction,distance_ge_2,2136,0,0,0,0.0,,
12,3,test,test_other,distance_ge_2,57551,0,0,0,0.0,,
12,3,test,test_other,previous,2136,0,0,0,0.0,,
12,3,test,test_other,self,2136,1,1,1,0.00046816479400749064,0.020801763981580734,0.04190318286418915
12,4,demo,answer_prediction,distance_ge_2,8544,0,0,0,0.0,,
12,4,demo,demo,distance_ge_2,1000158,0,0,0,0.0,,
12,4,demo,demo,previous,8544,0,0,0,0.0,,
12,4,demo,demo,self,8544,0,0,0,0.0,,
12,4,demo,test_other,distance_ge_2,451008,0,0,0,0.0,,
12,4,test,answer_prediction,distance_ge_2,2136,0,0,0,0.0,,
12,4,test,test_other,distance_ge_2,57551,0,0,0,0.0,,
12,4,test,test_other,previous,2136,0,0,0,0.0,,
12,4,test,test_other,self,2136,0,0,0,0.0,,
12,5,demo,answer_prediction,distance_ge_2,8544,0,0,0,0.0,,
12,5,demo,demo,distance_ge_2,1000158,0,0,0,0.0,,
12,5,demo,demo,previous,8544,0,0,0,0.0,,
12,5,demo,demo,self,8544,0,0,0,0.0,,
12,5,demo,test_other,distance_ge_2,451008,0,0,0,0.0,,
12,5,test,answer_prediction,distance_ge_2,2136,0,0,0,0.0,,
12,5,test,test_other,distance_ge_2,57551,0,0,0,0.0,,
12,5,test,test_other,previous,2136,0,0,0,0.0,,
12,5,test,test_other,self,2136,0,0,0,0.0,,
12,6,demo,answer_prediction,distance_ge_2,8544,0,0,0,0.0,,
12,6,demo,demo,distance_ge_2,1000158,18,18,3,1.7997156449281014e-05,0.0,0.07570383946100871
12,6,demo,demo,previous,8544,0,0,0,0.0,,
12,6,demo,demo,self,8544,0,0,0,0.0,,
12,6,demo,test_other,distance_ge_2,451008,1,1,1,2.2172555697459912e-06,0.0,0.03665334731340408
12,6,test,answer_prediction,distance_ge_2,2136,0,0,0,0.0,,
12,6,test,test_other,distance_ge_2,57551,1,1,1,1.737589268648677e-05,0.0,0.06120648235082626
12,6,test,test_other,previous,2136,0,0,0,0.0,,
12,6,test,test_other,self,2136,0,0,0,0.0,,
12,7,demo,answer_prediction,distance_ge_2,8544,0,0,0,0.0,,
12,7,demo,demo,distance_ge_2,1000158,630,630,68,0.0006299004757248355,0.018990623305499967,0.017868007127092116
12,7,demo,demo,previous,8544,0,0,0,0.0,,
12,7,demo,demo,self,8544,6,6,1,0.0007022471910112359,0.0,0.0
12,7,demo,test_other,distance_ge_2,451008,161,161,52,0.0003569781467291046,0.012641152286734316,0.00748130866262761
12,7,test,answer_prediction,distance_ge_2,2136,0,0,0,0.0,,
12,7,test,test_other,distance_ge_2,57551,92,92,40,0.0015985821271567826,0.008850839077596269,0.005908968800213188
12,7,test,test_other,previous,2136,0,0,0,0.0,,
12,7,test,test_other,self,2136,53,53,29,0.024812734082397005,0.006419383223335487,0.007074646871396393
12,8,demo,answer_prediction,distance_ge_2,8544,0,0,0,0.0,,
12,8,demo,demo,distance_ge_2,1000158,0,0,0,0.0,,
12,8,demo,demo,previous,8544,0,0,0,0.0,,
12,8,demo,demo,self,8544,0,0,0,0.0,,
12,8,demo,test_other,distance_ge_2,451008,0,0,0,0.0,,
12,8,test,answer_prediction,distance_ge_2,2136,0,0,0,0.0,,
12,8,test,test_other,distance_ge_2,57551,0,0,0,0.0,,
12,8,test,test_other,previous,2136,0,0,0,0.0,,
12,8,test,test_other,self,2136,0,0,0,0.0,,
12,9,demo,answer_prediction,distance_ge_2,8544,0,0,0,0.0,,
12,9,demo,demo,distance_ge_2,1000158,282,282,35,0.0002819554510387359,0.04332209122697459,0.01230376456857573
12,9,demo,demo,previous,8544,0,0,0,0.0,,
12,9,demo,demo,self,8544,0,0,0,0.0,,
12,9,demo,test_other,distance_ge_2,451008,44,44,14,9.755924506882361e-05,0.021601483625338667,0.016455042302947153
12,9,test,answer_prediction,distance_ge_2,2136,0,0,0,0.0,,
12,9,test,test_other,distance_ge_2,57551,49,49,24,0.0008514187416378517,0.01882715130519426,0.011599638580097531
12,9,test,test_other,previous,2136,0,0,0,0.0,,
12,9,test,test_other,self,2136,0,0,0,0.0,,
12,10,demo,answer_prediction,distance_ge_2,8544,0,0,0,0.0,,
12,10,demo,demo,distance_ge_2,1000158,0,0,0,0.0,,
12,10,demo,demo,previous,8544,66,66,11,0.007724719101123595,0.05327941612763838,0.06681664965369484
12,10,demo,demo,self,8544,0,0,0,0.0,,
12,10,demo,test_other,distance_ge_2,451008,0,0,0,0.0,,
12,10,test,answer_prediction,distance_ge_2,2136,0,0,0,0.0,,
12,10,test,test_other,distance_ge_2,57551,0,0,0,0.0,,
12,10,test,test_other,previous,2136,0,0,0,0.0,,
12,10,test,test_other,self,2136,0,0,0,0.0,,
12,11,demo,answer_prediction,distance_ge_2,8544,0,0,0,0.0,,
12,11,demo,demo,distance_ge_2,1000158,0,0,0,0.0,,
12,11,demo,demo,previous,8544,0,0,0,0.0,,
12,11,demo,demo,self,8544,84,84,14,0.009831460674157303,0.0052608346477860495,0.008661685123418769
12,11,demo,test_other,distance_ge_2,451008,4,4,1,8.869022278983965e-06,0.023042408749461174,0.0
12,11,test,answer_prediction,distance_ge_2,2136,0,0,0,0.0,,
12,11,test,test_other,distance_ge_2,57551,2,2,1,3.475178537297354e-05,0.0,0.0
12,11,test,test_other,previous,2136,0,0,0,0.0,,
12,11,test,test_other,self,2136,36,36,20,0.016853932584269662,0.010241655212464847,0.012419819510973361
12,12,demo,answer_prediction,distance_ge_2,8544,0,0,0,0.0,,
12,12,demo,demo,distance_ge_2,1000158,0,0,0,0.0,,
12,12,demo,demo,previous,8544,0,0,0,0.0,,
12,12,demo,demo,self,8544,0,0,0,0.0,,
12,12,demo,test_other,distance_ge_2,451008,0,0,0,0.0,,
12,12,test,answer_prediction,distance_ge_2,2136,0,0,0,0.0,,
12,12,test,test_other,distance_ge_2,57551,18,18,5,0.00031276606835676184,0.007169818971306086,0.01004776425866617
12,12,test,test_other,previous,2136,0,0,0,0.0,,
12,12,test,test_other,self,2136,0,0,0,0.0,,
12,13,demo,answer_prediction,distance_ge_2,8544,0,0,0,0.0,,
12,13,demo,demo,distance_ge_2,1000158,0,0,0,0.0,,
12,13,demo,demo,previous,8544,0,0,0,0.0,,
12,13,demo,demo,self,8544,0,0,0,0.0,,
12,13,demo,test_other,distance_ge_2,451008,0,0,0,0.0,,
12,13,test,answer_prediction,distance_ge_2,2136,0,0,0,0.0,,
12,13,test,test_other,distance_ge_2,57551,0,0,0,0.0,,
12,13,test,test_other,previous,2136,0,0,0,0.0,,
12,13,test,test_other,self,2136,0,0,0,0.0,,
12,14,demo,answer_prediction,distance_ge_2,8544,0,0,0,0.0,,
12,14,demo,demo,distance_ge_2,1000158,0,0,0,0.0,,
12,14,demo,demo,previous,8544,0,0,0,0.0,,
12,14,demo,demo,self,8544,0,0,0,0.0,,
12,14,demo,test_other,distance_ge_2,451008,0,0,0,0.0,,
12,14,test,answer_prediction,distance_ge_2,2136,0,0,0,0.0,,
12,14,test,test_other,distance_ge_2,57551,0,0,0,0.0,,
12,14,test,test_other,previous,2136,0,0,0,0.0,,
12,14,test,test_other,self,2136,0,0,0,0.0,,
12,15,demo,answer_prediction,distance_ge_2,8544,0,0,0,0.0,,
12,15,demo,demo,distance_ge_2,1000158,0,0,0,0.0,,
12,15,demo,demo,previous,8544,0,0,0,0.0,,
12,15,demo,demo,self,8544,0,0,0,0.0,,
12,15,demo,test_other,distance_ge_2,451008,0,0,0,0.0,,
12,15,test,answer_prediction,distance_ge_2,2136,0,0,0,0.0,,
12,15,test,test_other,distance_ge_2,57551,0,0,0,0.0,,
12,15,test,test_other,previous,2136,0,0,0,0.0,,
12,15,test,test_other,self,2136,0,0,0,0.0,,
12,16,demo,answer_prediction,distance_ge_2,8544,0,0,0,0.0,,
12,16,demo,demo,distance_ge_2,1000158,0,0,0,0.0,,
12,16,demo,demo,previous,8544,0,0,0,0.0,,
12,16,demo,demo,self,8544,0,0,0,0.0,,
12,16,demo,test_other,distance_ge_2,451008,0,0,0,0.0,,
12,16,test,answer_prediction,distance_ge_2,2136,0,0,0,0.0,,
12,16,test,test_other,distance_ge_2,57551,1,1,1,1.737589268648677e-05,0.04198538139462471,0.002786473836749792
12,16,test,test_other,previous,2136,0,0,0,0.0,,
12,16,test,test_other,self,2136,0,0,0,0.0,,
12,17,demo,answer_prediction,distance_ge_2,8544,0,0,0,0.0,,
12,17,demo,demo,distance_ge_2,1000158,60,60,9,5.999052149760338e-05,0.02865456473082304,0.03303494569748485
12,17,demo,demo,previous,8544,696,696,75,0.08146067415730338,0.06245296051419319,0.14407621929689643
12,17,demo,demo,self,8544,0,0,0,0.0,,
12,17,demo,test_other,distance_ge_2,451008,0,0,0,0.0,,
12,17,test,answer_prediction,distance_ge_2,2136,0,0,0,0.0,,
12,17,test,test_other,distance_ge_2,57551,57,57,26,0.0009904258831297458,0.016268136724216963,0.0070578958839178085
12,17,test,test_other,previous,2136,13,13,10,0.006086142322097378,0.01070486711194882,0.011027058586478233
12,17,test,test_other,self,2136,0,0,0,0.0,,
12,18,demo,answer_prediction,distance_ge_2,8544,0,0,0,0.0,,
12,18,demo,demo,distance_ge_2,1000158,0,0,0,0.0,,
12,18,demo,demo,previous,8544,0,0,0,0.0,,
12,18,demo,demo,self,8544,0,0,0,0.0,,
12,18,demo,test_other,distance_ge_2,451008,0,0,0,0.0,,
12,18,test,answer_prediction,distance_ge_2,2136,0,0,0,0.0,,
12,18,test,test_other,distance_ge_2,57551,0,0,0,0.0,,
12,18,test,test_other,previous,2136,0,0,0,0.0,,
12,18,test,test_other,self,2136,0,0,0,0.0,,
12,19,demo,answer_prediction,distance_ge_2,8544,0,0,0,0.0,,
12,19,demo,demo,distance_ge_2,1000158,0,0,0,0.0,,
12,19,demo,demo,previous,8544,0,0,0,0.0,,
12,19,demo,demo,self,8544,0,0,0,0.0,,
12,19,demo,test_other,distance_ge_2,451008,0,0,0,0.0,,
12,19,test,answer_prediction,distance_ge_2,2136,0,0,0,0.0,,
12,19,test,test_other,distance_ge_2,57551,0,0,0,0.0,,
12,19,test,test_other,previous,2136,0,0,0,0.0,,
12,19,test,test_other,self,2136,0,0,0,0.0,,
12,20,demo,answer_prediction,distance_ge_2,8544,0,0,0,0.0,,
12,20,demo,demo,distance_ge_2,1000158,0,0,0,0.0,,
12,20,demo,demo,previous,8544,0,0,0,0.0,,
12,20,demo,demo,self,8544,0,0,0,0.0,,
12,20,demo,test_other,distance_ge_2,451008,0,0,0,0.0,,
12,20,test,answer_prediction,distance_ge_2,2136,0,0,0,0.0,,
12,20,test,test_other,distance_ge_2,57551,0,0,0,0.0,,
12,20,test,test_other,previous,2136,0,0,0,0.0,,
12,20,test,test_other,self,2136,0,0,0,0.0,,
12,21,demo,answer_prediction,distance_ge_2,8544,0,0,0,0.0,,
12,21,demo,demo,distance_ge_2,1000158,2334,2334,89,0.0023336312862567714,0.0396051581041789,0.05755530418850076
12,21,demo,demo,previous,8544,0,0,0,0.0,,
12,21,demo,demo,self,8544,0,0,0,0.0,,
12,21,demo,test_other,distance_ge_2,451008,65,65,22,0.00014412161203348944,0.02320332974732782,0.022499355129324473
12,21,test,answer_prediction,distance_ge_2,2136,0,0,0,0.0,,
12,21,test,test_other,distance_ge_2,57551,391,391,84,0.006793974040416326,0.011763505638687803,0.012041317510253053
12,21,test,test_other,previous,2136,0,0,0,0.0,,
12,21,test,test_other,self,2136,0,0,0,0.0,,
12,22,demo,answer_prediction,distance_ge_2,8544,0,0,0,0.0,,
12,22,demo,demo,distance_ge_2,1000158,0,0,0,0.0,,
12,22,demo,demo,previous,8544,0,0,0,0.0,,
12,22,demo,demo,self,8544,0,0,0,0.0,,
12,22,demo,test_other,distance_ge_2,451008,0,0,0,0.0,,
12,22,test,answer_prediction,distance_ge_2,2136,0,0,0,0.0,,
12,22,test,test_other,distance_ge_2,57551,0,0,0,0.0,,
12,22,test,test_other,previous,2136,0,0,0,0.0,,
12,22,test,test_other,self,2136,0,0,0,0.0,,
12,23,demo,answer_prediction,distance_ge_2,8544,0,0,0,0.0,,
12,23,demo,demo,distance_ge_2,1000158,0,0,0,0.0,,
12,23,demo,demo,previous,8544,0,0,0,0.0,,
12,23,demo,demo,self,8544,0,0,0,0.0,,
12,23,demo,test_other,distance_ge_2,451008,0,0,0,0.0,,
12,23,test,answer_prediction,distance_ge_2,2136,0,0,0,0.0,,
12,23,test,test_other,distance_ge_2,57551,0,0,0,0.0,,
12,23,test,test_other,previous,2136,0,0,0,0.0,,
12,23,test,test_other,self,2136,0,0,0,0.0,,
12,24,demo,answer_prediction,distance_ge_2,8544,0,0,0,0.0,,
12,24,demo,demo,distance_ge_2,1000158,1242,1242,82,0.00124180379500039,0.021007034045118455,0.026894112707960424
12,24,demo,demo,previous,8544,0,0,0,0.0,,
12,24,demo,demo,self,8544,0,0,0,0.0,,
12,24,demo,test_other,distance_ge_2,451008,348,348,69,0.0007716049382716049,0.007970908119779945,0.016344731699461393
12,24,test,answer_prediction,distance_ge_2,2136,0,0,0,0.0,,
12,24,test,test_other,distance_ge_2,57551,45,45,32,0.0007819151708919046,0.012630576586040358,0.01584339788597491
12,24,test,test_other,previous,2136,0,0,0,0.0,,
12,24,test,test_other,self,2136,0,0,0,0.0,,
12,25,demo,answer_prediction,distance_ge_2,8544,0,0,0,0.0,,
12,25,demo,demo,distance_ge_2,1000158,510,510,40,0.0005099194327296287,0.029567852958708125,0.035195470098679994
12,25,demo,demo,previous,8544,0,0,0,0.0,,
12,25,demo,demo,self,8544,36,36,6,0.004213483146067416,0.08927328243023819,0.06262367425693406
12,25,demo,test_other,distance_ge_2,451008,19,19,3,4.2127855825173836e-05,0.014061470368975088,0.0077698340051268276
12,25,test,answer_prediction,distance_ge_2,2136,0,0,0,0.0,,
12,25,test,test_other,distance_ge_2,57551,1,1,1,1.737589268648677e-05,0.03467661887407303,0.0
12,25,test,test_other,previous,2136,0,0,0,0.0,,
12,25,test,test_other,self,2136,0,0,0,0.0,,
12,26,demo,answer_prediction,distance_ge_2,8544,0,0,0,0.0,,
12,26,demo,demo,distance_ge_2,1000158,1752,1752,88,0.0017517232277300186,0.015987483776407276,0.025839476773930507
12,26,demo,demo,previous,8544,0,0,0,0.0,,
12,26,demo,demo,self,8544,0,0,0,0.0,,
12,26,demo,test_other,distance_ge_2,451008,175,175,40,0.0003880197247055485,0.012797298646182753,0.016070403181282538
12,26,test,answer_prediction,distance_ge_2,2136,0,0,0,0.0,,
12,26,test,test_other,distance_ge_2,57551,199,199,70,0.0034578026446108667,0.01076804170405917,0.011120783755071367
12,26,test,test_other,previous,2136,0,0,0,0.0,,
12,26,test,test_other,self,2136,0,0,0,0.0,,
12,27,demo,answer_prediction,distance_ge_2,8544,0,0,0,0.0,,
12,27,demo,demo,distance_ge_2,1000158,0,0,0,0.0,,
12,27,demo,demo,previous,8544,0,0,0,0.0,,
12,27,demo,demo,self,8544,0,0,0,0.0,,
12,27,demo,test_other,distance_ge_2,451008,0,0,0,0.0,,
12,27,test,answer_prediction,distance_ge_2,2136,0,0,0,0.0,,
12,27,test,test_other,distance_ge_2,57551,0,0,0,0.0,,
12,27,test,test_other,previous,2136,0,0,0,0.0,,
12,27,test,test_other,self,2136,0,0,0,0.0,,
12,28,demo,answer_prediction,distance_ge_2,8544,0,0,0,0.0,,
12,28,demo,demo,distance_ge_2,1000158,0,0,0,0.0,,
12,28,demo,demo,previous,8544,0,0,0,0.0,,
12,28,demo,demo,self,8544,0,0,0,0.0,,
12,28,demo,test_other,distance_ge_2,451008,0,0,0,0.0,,
12,28,test,answer_prediction,distance_ge_2,2136,0,0,0,0.0,,
12,28,test,test_other,distance_ge_2,57551,0,0,0,0.0,,
12,28,test,test_other,previous,2136,0,0,0,0.0,,
12,28,test,test_other,self,2136,0,0,0,0.0,,
12,29,demo,answer_prediction,distance_ge_2,8544,0,0,0,0.0,,
12,29,demo,demo,distance_ge_2,1000158,24,24,4,2.3996208599041352e-05,0.0,0.011675664922222495
12,29,demo,demo,previous,8544,0,0,0,0.0,,
12,29,demo,demo,self,8544,0,0,0,0.0,,
12,29,demo,test_other,distance_ge_2,451008,0,0,0,0.0,,
12,29,test,answer_prediction,distance_ge_2,2136,0,0,0,0.0,,
12,29,test,test_other,distance_ge_2,57551,0,0,0,0.0,,
12,29,test,test_other,previous,2136,0,0,0,0.0,,
12,29,test,test_other,self,2136,1,1,1,0.00046816479400749064,0.07093439251184464,0.0
12,30,demo,answer_prediction,distance_ge_2,8544,0,0,0,0.0,,
12,30,demo,demo,distance_ge_2,1000158,90,90,12,8.998578224640506e-05,0.03281704419189029,0.014753082922349373
12,30,demo,demo,previous,8544,0,0,0,0.0,,
12,30,demo,demo,self,8544,0,0,0,0.0,,
12,30,demo,test_other,distance_ge_2,451008,33,33,8,7.31694338016177e-05,0.014594203086965012,0.01832403066201192
12,30,test,answer_prediction,distance_ge_2,2136,0,0,0,0.0,,
12,30,test,test_other,distance_ge_2,57551,9,9,3,0.00015638303417838092,0.003466993298692008,0.00010085062563626302
12,30,test,test_other,previous,2136,0,0,0,0.0,,
12,30,test,test_other,self,2136,0,0,0,0.0,,
12,31,demo,answer_prediction,distance_ge_2,8544,0,0,0,0.0,,
12,31,demo,demo,distance_ge_2,1000158,3276,3276,89,0.0032754824737691443,0.02443256328118682,0.02925357204308984
12,31,demo,demo,previous,8544,0,0,0,0.0,,
12,31,demo,demo,self,8544,0,0,0,0.0,,
12,31,demo,test_other,distance_ge_2,451008,477,477,80,0.001057630906768838,0.013079703709260744,0.015371193877771298
12,31,test,answer_prediction,distance_ge_2,2136,0,0,0,0.0,,
12,31,test,test_other,distance_ge_2,57551,364,364,81,0.006324824937881184,0.010090852846418044,0.014699661928946395
12,31,test,test_other,previous,2136,0,0,0,0.0,,
12,31,test,test_other,self,2136,0,0,0,0.0,,
13,0,demo,answer_prediction,distance_ge_2,8544,0,0,0,0.0,,
13,0,demo,demo,distance_ge_2,1000158,0,0,0,0.0,,
13,0,demo,demo,previous,8544,0,0,0,0.0,,
13,0,demo,demo,self,8544,0,0,0,0.0,,
13,0,demo,test_other,distance_ge_2,451008,0,0,0,0.0,,
13,0,test,answer_prediction,distance_ge_2,2136,0,0,0,0.0,,
13,0,test,test_other,distance_ge_2,57551,0,0,0,0.0,,
13,0,test,test_other,previous,2136,0,0,0,0.0,,
13,0,test,test_other,self,2136,0,0,0,0.0,,
13,1,demo,answer_prediction,distance_ge_2,8544,0,0,0,0.0,,
13,1,demo,demo,distance_ge_2,1000158,984,984,63,0.0009838445525606953,0.03124071416089915,0.02047806146660653
13,1,demo,demo,previous,8544,6,6,1,0.0007022471910112359,0.045321300625801086,0.03295445069670677
13,1,demo,demo,self,8544,0,0,0,0.0,,
13,1,demo,test_other,distance_ge_2,451008,5,5,1,1.1086277848729955e-05,0.03475383669137955,0.0
13,1,test,answer_prediction,distance_ge_2,2136,0,0,0,0.0,,
13,1,test,test_other,distance_ge_2,57551,37,37,11,0.0006429080294000104,0.021795936558093573,0.008205079523896848
13,1,test,test_other,previous,2136,0,0,0,0.0,,
13,1,test,test_other,self,2136,0,0,0,0.0,,
13,2,demo,answer_prediction,distance_ge_2,8544,0,0,0,0.0,,
13,2,demo,demo,distance_ge_2,1000158,426,426,48,0.000425932702632984,0.019374990097942277,0.08152413958062728
13,2,demo,demo,previous,8544,90,90,15,0.010533707865168539,0.19977430005868277,0.4463016663988431
13,2,demo,demo,self,8544,0,0,0,0.0,,
13,2,demo,test_other,distance_ge_2,451008,37,37,11,8.203845608060167e-05,0.0,0.011460690608097089
13,2,test,answer_prediction,distance_ge_2,2136,0,0,0,0.0,,
13,2,test,test_other,distance_ge_2,57551,11,11,10,0.00019113481955135446,0.0009877765921621838,0.008833348751068115
13,2,test,test_other,previous,2136,1,1,1,0.00046816479400749064,0.0,0.07616416364908218
13,2,test,test_other,self,2136,0,0,0,0.0,,
13,3,demo,answer_prediction,distance_ge_2,8544,0,0,0,0.0,,
13,3,demo,demo,distance_ge_2,1000158,36,36,6,3.599431289856203e-05,0.03160995536018163,0.0
13,3,demo,demo,previous,8544,0,0,0,0.0,,
13,3,demo,demo,self,8544,0,0,0,0.0,,
13,3,demo,test_other,distance_ge_2,451008,0,0,0,0.0,,
13,3,test,answer_prediction,distance_ge_2,2136,0,0,0,0.0,,
13,3,test,test_other,distance_ge_2,57551,50,50,29,0.0008687946343243384,0.007532273397082463,0.021238324986770748
13,3,test,test_other,previous,2136,0,0,0,0.0,,
13,3,test,test_other,self,2136,0,0,0,0.0,,
13,4,demo,answer_prediction,distance_ge_2,8544,0,0,0,0.0,,
13,4,demo,demo,distance_ge_2,1000158,0,0,0,0.0,,
13,4,demo,demo,previous,8544,0,0,0,0.0,,
13,4,demo,demo,self,8544,0,0,0,0.0,,
13,4,demo,test_other,distance_ge_2,451008,0,0,0,0.0,,
13,4,test,answer_prediction,distance_ge_2,2136,0,0,0,0.0,,
13,4,test,test_other,distance_ge_2,57551,0,0,0,0.0,,
13,4,test,test_other,previous,2136,0,0,0,0.0,,
13,4,test,test_other,self,2136,0,0,0,0.0,,
13,5,demo,answer_prediction,distance_ge_2,8544,0,0,0,0.0,,
13,5,demo,demo,distance_ge_2,1000158,48,48,6,4.7992417198082705e-05,0.0032524067210033536,0.023011965056260426
13,5,demo,demo,previous,8544,0,0,0,0.0,,
13,5,demo,demo,self,8544,0,0,0,0.0,,
13,5,demo,test_other,distance_ge_2,451008,0,0,0,0.0,,
13,5,test,answer_prediction,distance_ge_2,2136,0,0,0,0.0,,
13,5,test,test_other,distance_ge_2,57551,15,15,10,0.0002606383902973015,0.010129501013094948,0.013418584875762463
13,5,test,test_other,previous,2136,1,1,1,0.00046816479400749064,0.0,0.0
13,5,test,test_other,self,2136,9,9,5,0.004213483146067416,0.00553852588766151,0.007837130791611142
13,6,demo,answer_prediction,distance_ge_2,8544,0,0,0,0.0,,
13,6,demo,demo,distance_ge_2,1000158,0,0,0,0.0,,
13,6,demo,demo,previous,8544,0,0,0,0.0,,
13,6,demo,demo,self,8544,0,0,0,0.0,,
13,6,demo,test_other,distance_ge_2,451008,0,0,0,0.0,,
13,6,test,answer_prediction,distance_ge_2,2136,0,0,0,0.0,,
13,6,test,test_other,distance_ge_2,57551,0,0,0,0.0,,
13,6,test,test_other,previous,2136,0,0,0,0.0,,
13,6,test,test_other,self,2136,0,0,0,0.0,,
13,7,demo,answer_prediction,distance_ge_2,8544,0,0,0,0.0,,
13,7,demo,demo,distance_ge_2,1000158,12,12,2,1.1998104299520676e-05,0.007314558140933514,0.0
13,7,demo,demo,previous,8544,0,0,0,0.0,,
13,7,demo,demo,self,8544,0,0,0,0.0,,
13,7,demo,test_other,distance_ge_2,451008,0,0,0,0.0,,
13,7,test,answer_prediction,distance_ge_2,2136,0,0,0,0.0,,
13,7,test,test_other,distance_ge_2,57551,6,6,5,0.0001042553561189206,0.007744661532342434,0.022415386241239805
13,7,test,test_other,previous,2136,0,0,0,0.0,,
13,7,test,test_other,self,2136,0,0,0,0.0,,
13,8,demo,answer_prediction,distance_ge_2,8544,0,0,0,0.0,,
13,8,demo,demo,distance_ge_2,1000158,3432,3432,88,0.003431457829662913,0.015555040172890026,0.013477341316067527
13,8,demo,demo,previous,8544,1998,1998,89,0.23384831460674158,0.01869530313353982,0.03638398430658154
13,8,demo,demo,self,8544,0,0,0,0.0,,
13,8,demo,test_other,distance_ge_2,451008,0,0,0,0.0,,
13,8,test,answer_prediction,distance_ge_2,2136,0,0,0,0.0,,
13,8,test,test_other,distance_ge_2,57551,1406,1406,88,0.024430505117200397,0.010655169663981437,0.012155821078239095
13,8,test,test_other,previous,2136,900,900,89,0.42134831460674155,0.007117313516262382,0.015242350179135732
13,8,test,test_other,self,2136,0,0,0,0.0,,
13,9,demo,answer_prediction,distance_ge_2,8544,0,0,0,0.0,,
13,9,demo,demo,distance_ge_2,1000158,0,0,0,0.0,,
13,9,demo,demo,previous,8544,0,0,0,0.0,,
13,9,demo,demo,self,8544,0,0,0,0.0,,
13,9,demo,test_other,distance_ge_2,451008,0,0,0,0.0,,
13,9,test,answer_prediction,distance_ge_2,2136,0,0,0,0.0,,
13,9,test,test_other,distance_ge_2,57551,0,0,0,0.0,,
13,9,test,test_other,previous,2136,0,0,0,0.0,,
13,9,test,test_other,self,2136,0,0,0,0.0,,
13,10,demo,answer_prediction,distance_ge_2,8544,0,0,0,0.0,,
13,10,demo,demo,distance_ge_2,1000158,12,12,2,1.1998104299520676e-05,0.027682149782776833,0.0
13,10,demo,demo,previous,8544,0,0,0,0.0,,
13,10,demo,demo,self,8544,0,0,0,0.0,,
13,10,demo,test_other,distance_ge_2,451008,0,0,0,0.0,,
13,10,test,answer_prediction,distance_ge_2,2136,0,0,0,0.0,,
13,10,test,test_other,distance_ge_2,57551,9,9,6,0.00015638303417838092,0.00568849862449699,0.010127106681466103
13,10,test,test_other,previous,2136,0,0,0,0.0,,
13,10,test,test_other,self,2136,43,43,20,0.020131086142322098,0.02387451937118935,0.006608007827687056
13,11,demo,answer_prediction,distance_ge_2,8544,0,0,0,0.0,,
13,11,demo,demo,distance_ge_2,1000158,0,0,0,0.0,,
13,11,demo,demo,previous,8544,0,0,0,0.0,,
13,11,demo,demo,self,8544,0,0,0,0.0,,
13,11,demo,test_other,distance_ge_2,451008,0,0,0,0.0,,
13,11,test,answer_prediction,distance_ge_2,2136,0,0,0,0.0,,
13,11,test,test_other,distance_ge_2,57551,0,0,0,0.0,,
13,11,test,test_other,previous,2136,1,1,1,0.00046816479400749064,0.01225108653306961,0.039906758815050125
13,11,test,test_other,self,2136,0,0,0,0.0,,
13,12,demo,answer_prediction,distance_ge_2,8544,0,0,0,0.0,,
13,12,demo,demo,distance_ge_2,1000158,0,0,0,0.0,,
13,12,demo,demo,previous,8544,0,0,0,0.0,,
13,12,demo,demo,self,8544,0,0,0,0.0,,
13,12,demo,test_other,distance_ge_2,451008,0,0,0,0.0,,
13,12,test,answer_prediction,distance_ge_2,2136,0,0,0,0.0,,
13,12,test,test_other,distance_ge_2,57551,0,0,0,0.0,,
13,12,test,test_other,previous,2136,0,0,0,0.0,,
13,12,test,test_other,self,2136,0,0,0,0.0,,
13,13,demo,answer_prediction,distance_ge_2,8544,0,0,0,0.0,,
13,13,demo,demo,distance_ge_2,1000158,0,0,0,0.0,,
13,13,demo,demo,previous,8544,0,0,0,0.0,,
13,13,demo,demo,self,8544,1476,1476,89,0.17275280898876405,0.025120399775402178,0.01680486150471453
13,13,demo,test_other,distance_ge_2,451008,0,0,0,0.0,,
13,13,test,answer_prediction,distance_ge_2,2136,0,0,0,0.0,,
13,13,test,test_other,distance_ge_2,57551,0,0,0,0.0,,
13,13,test,test_other,previous,2136,0,0,0,0.0,,
13,13,test,test_other,self,2136,390,390,82,0.18258426966292135,0.013324127275887011,0.008314374196971841
13,14,demo,answer_prediction,distance_ge_2,8544,0,0,0,0.0,,
13,14,demo,demo,distance_ge_2,1000158,0,0,0,0.0,,
13,14,demo,demo,previous,8544,0,0,0,0.0,,
13,14,demo,demo,self,8544,0,0,0,0.0,,
13,14,demo,test_other,distance_ge_2,451008,0,0,0,0.0,,
13,14,test,answer_prediction,distance_ge_2,2136,2,2,2,0.0009363295880149813,0.00042820128146559,0.0
13,14,test,test_other,distance_ge_2,57551,1,1,1,1.737589268648677e-05,0.0,0.0
13,14,test,test_other,previous,2136,2,2,1,0.0009363295880149813,0.00014580466086044908,0.0038692180532962084
13,14,test,test_other,self,2136,0,0,0,0.0,,
13,15,demo,answer_prediction,distance_ge_2,8544,0,0,0,0.0,,
13,15,demo,demo,distance_ge_2,1000158,0,0,0,0.0,,
13,15,demo,demo,previous,8544,0,0,0,0.0,,
13,15,demo,demo,self,8544,0,0,0,0.0,,
13,15,demo,test_other,distance_ge_2,451008,0,0,0,0.0,,
13,15,test,answer_prediction,distance_ge_2,2136,0,0,0,0.0,,
13,15,test,test_other,distance_ge_2,57551,9,9,9,0.00015638303417838092,0.02379934383659727,0.014583149097032018
13,15,test,test_other,previous,2136,0,0,0,0.0,,
13,15,test,test_other,self,2136,0,0,0,0.0,,
13,16,demo,answer_prediction,distance_ge_2,8544,0,0,0,0.0,,
13,16,demo,demo,distance_ge_2,1000158,0,0,0,0.0,,
13,16,demo,demo,previous,8544,0,0,0,0.0,,
13,16,demo,demo,self,8544,0,0,0,0.0,,
13,16,demo,test_other,distance_ge_2,451008,0,0,0,0.0,,
13,16,test,answer_prediction,distance_ge_2,2136,0,0,0,0.0,,
13,16,test,test_other,distance_ge_2,57551,6,6,5,0.0001042553561189206,0.016022035852074623,0.02971301363625874
13,16,test,test_other,previous,2136,0,0,0,0.0,,
13,16,test,test_other,self,2136,0,0,0,0.0,,
13,17,demo,answer_prediction,distance_ge_2,8544,0,0,0,0.0,,
13,17,demo,demo,distance_ge_2,1000158,0,0,0,0.0,,
13,17,demo,demo,previous,8544,0,0,0,0.0,,
13,17,demo,demo,self,8544,0,0,0,0.0,,
13,17,demo,test_other,distance_ge_2,451008,0,0,0,0.0,,
13,17,test,answer_prediction,distance_ge_2,2136,0,0,0,0.0,,
13,17,test,test_other,distance_ge_2,57551,0,0,0,0.0,,
13,17,test,test_other,previous,2136,0,0,0,0.0,,
13,17,test,test_other,self,2136,0,0,0,0.0,,
13,18,demo,answer_prediction,distance_ge_2,8544,0,0,0,0.0,,
13,18,demo,demo,distance_ge_2,1000158,990,990,77,0.0009898436047104558,0.028386794741740544,0.041153006409921075
13,18,demo,demo,previous,8544,0,0,0,0.0,,
13,18,demo,demo,self,8544,90,90,15,0.010533707865168539,0.014147726472260223,0.042150201415643095
13,18,demo,test_other,distance_ge_2,451008,84,84,25,0.00018624946785866325,0.017306607779617133,0.016671954017337634
13,18,test,answer_prediction,distance_ge_2,2136,0,0,0,0.0,,
13,18,test,test_other,distance_ge_2,57551,390,390,81,0.00677659814772984,0.010355113645514044,0.017460664121272902
13,18,test,test_other,previous,2136,0,0,0,0.0,,
13,18,test,test_other,self,2136,58,58,22,0.027153558052434457,0.029116887907328984,0.025739327619044947
13,19,demo,answer_prediction,distance_ge_2,8544,0,0,0,0.0,,
13,19,demo,demo,distance_ge_2,1000158,0,0,0,0.0,,
13,19,demo,demo,previous,8544,0,0,0,0.0,,
13,19,demo,demo,self,8544,0,0,0,0.0,,
13,19,demo,test_other,distance_ge_2,451008,0,0,0,0.0,,
13,19,test,answer_prediction,distance_ge_2,2136,1,1,1,0.00046816479400749064,0.0,0.03054732270538807
13,19,test,test_other,distance_ge_2,57551,0,0,0,0.0,,
13,19,test,test_other,previous,2136,0,0,0,0.0,,
13,19,test,test_other,self,2136,0,0,0,0.0,,
13,20,demo,answer_prediction,distance_ge_2,8544,0,0,0,0.0,,
13,20,demo,demo,distance_ge_2,1000158,0,0,0,0.0,,
13,20,demo,demo,previous,8544,0,0,0,0.0,,
13,20,demo,demo,self,8544,0,0,0,0.0,,
13,20,demo,test_other,distance_ge_2,451008,0,0,0,0.0,,
13,20,test,answer_prediction,distance_ge_2,2136,0,0,0,0.0,,
13,20,test,test_other,distance_ge_2,57551,0,0,0,0.0,,
13,20,test,test_other,previous,2136,0,0,0,0.0,,
13,20,test,test_other,self,2136,0,0,0,0.0,,
13,21,demo,answer_prediction,distance_ge_2,8544,0,0,0,0.0,,
13,21,demo,demo,distance_ge_2,1000158,0,0,0,0.0,,
13,21,demo,demo,previous,8544,0,0,0,0.0,,
13,21,demo,demo,self,8544,0,0,0,0.0,,
13,21,demo,test_other,distance_ge_2,451008,0,0,0,0.0,,
13,21,test,answer_prediction,distance_ge_2,2136,0,0,0,0.0,,
13,21,test,test_other,distance_ge_2,57551,0,0,0,0.0,,
13,21,test,test_other,previous,2136,0,0,0,0.0,,
13,21,test,test_other,self,2136,0,0,0,0.0,,
13,22,demo,answer_prediction,distance_ge_2,8544,0,0,0,0.0,,
13,22,demo,demo,distance_ge_2,1000158,432,432,48,0.0004319317547827443,0.01920801000057879,0.10507914620770693
13,22,demo,demo,previous,8544,402,402,58,0.047050561797752806,0.0005987694125566909,0.018863746043832147
13,22,demo,demo,self,8544,0,0,0,0.0,,
13,22,demo,test_other,distance_ge_2,451008,0,0,0,0.0,,
13,22,test,answer_prediction,distance_ge_2,2136,0,0,0,0.0,,
13,22,test,test_other,distance_ge_2,57551,40,40,25,0.0006950357074594708,0.00601701169507578,0.021283351036254318
13,22,test,test_other,previous,2136,114,114,49,0.05337078651685393,0.0017748785576897493,0.015187692003357307
13,22,test,test_other,self,2136,0,0,0,0.0,,
13,23,demo,answer_prediction,distance_ge_2,8544,0,0,0,0.0,,
13,23,demo,demo,distance_ge_2,1000158,0,0,0,0.0,,
13,23,demo,demo,previous,8544,0,0,0,0.0,,
13,23,demo,demo,self,8544,0,0,0,0.0,,
13,23,demo,test_other,distance_ge_2,451008,0,0,0,0.0,,
13,23,test,answer_prediction,distance_ge_2,2136,0,0,0,0.0,,
13,23,test,test_other,distance_ge_2,57551,3,3,2,5.21276780594603e-05,0.024267245394488175,0.011708139131466547
13,23,test,test_other,previous,2136,9,9,7,0.004213483146067416,0.01047564962775343,0.00655189197924402
13,23,test,test_other,self,2136,4,4,4,0.0018726591760299626,0.002314738230779767,0.02321059675887227
13,24,demo,answer_prediction,distance_ge_2,8544,0,0,0,0.0,,
13,24,demo,demo,distance_ge_2,1000158,0,0,0,0.0,,
13,24,demo,demo,previous,8544,0,0,0,0.0,,
13,24,demo,demo,self,8544,0,0,0,0.0,,
13,24,demo,test_other,distance_ge_2,451008,0,0,0,0.0,,
13,24,test,answer_prediction,distance_ge_2,2136,0,0,0,0.0,,
13,24,test,test_other,distance_ge_2,57551,1,1,1,1.737589268648677e-05,0.007115761283785105,0.0
13,24,test,test_other,previous,2136,0,0,0,0.0,,
13,24,test,test_other,self,2136,2,2,2,0.0009363295880149813,0.00920825731009245,0.0
13,25,demo,answer_prediction,distance_ge_2,8544,0,0,0,0.0,,
13,25,demo,demo,distance_ge_2,1000158,0,0,0,0.0,,
13,25,demo,demo,previous,8544,0,0,0,0.0,,
13,25,demo,demo,self,8544,0,0,0,0.0,,
13,25,demo,test_other,distance_ge_2,451008,0,0,0,0.0,,
13,25,test,answer_prediction,distance_ge_2,2136,0,0,0,0.0,,
13,25,test,test_other,distance_ge_2,57551,0,0,0,0.0,,
13,25,test,test_other,previous,2136,0,0,0,0.0,,
13,25,test,test_other,self,2136,0,0,0,0.0,,
13,26,demo,answer_prediction,distance_ge_2,8544,0,0,0,0.0,,
13,26,demo,demo,distance_ge_2,1000158,30,30,5,2.999526074880169e-05,0.03354040586079161,0.010838476568460464
13,26,demo,demo,previous,8544,0,0,0,0.0,,
13,26,demo,demo,self,8544,0,0,0,0.0,,
13,26,demo,test_other,distance_ge_2,451008,0,0,0,0.0,,
13,26,test,answer_prediction,distance_ge_2,2136,0,0,0,0.0,,
13,26,test,test_other,distance_ge_2,57551,5,5,5,8.687946343243385e-05,0.0,0.0280946945771575
13,26,test,test_other,previous,2136,0,0,0,0.0,,
13,26,test,test_other,self,2136,2,2,1,0.0009363295880149813,0.03837359696626663,0.0
13,27,demo,answer_prediction,distance_ge_2,8544,0,0,0,0.0,,
13,27,demo,demo,distance_ge_2,1000158,0,0,0,0.0,,
13,27,demo,demo,previous,8544,0,0,0,0.0,,
13,27,demo,demo,self,8544,0,0,0,0.0,,
13,27,demo,test_other,distance_ge_2,451008,0,0,0,0.0,,
13,27,test,answer_prediction,distance_ge_2,2136,0,0,0,0.0,,
13,27,test,test_other,distance_ge_2,57551,0,0,0,0.0,,
13,27,test,test_other,previous,2136,0,0,0,0.0,,
13,27,test,test_other,self,2136,0,0,0,0.0,,
13,28,demo,answer_prediction,distance_ge_2,8544,0,0,0,0.0,,
13,28,demo,demo,distance_ge_2,1000158,48,48,7,4.7992417198082705e-05,0.0057654938427731395,0.021047211116335045
13,28,demo,demo,previous,8544,0,0,0,0.0,,
13,28,demo,demo,self,8544,0,0,0,0.0,,
13,28,demo,test_other,distance_ge_2,451008,25,25,8,5.543138924364978e-05,0.012854477763175965,0.011647715209983289
13,28,test,answer_prediction,distance_ge_2,2136,0,0,0,0.0,,
13,28,test,test_other,distance_ge_2,57551,0,0,0,0.0,,
13,28,test,test_other,previous,2136,0,0,0,0.0,,
13,28,test,test_other,self,2136,0,0,0,0.0,,
13,29,demo,answer_prediction,distance_ge_2,8544,0,0,0,0.0,,
13,29,demo,demo,distance_ge_2,1000158,0,0,0,0.0,,
13,29,demo,demo,previous,8544,0,0,0,0.0,,
13,29,demo,demo,self,8544,0,0,0,0.0,,
13,29,demo,test_other,distance_ge_2,451008,0,0,0,0.0,,
13,29,test,answer_prediction,distance_ge_2,2136,0,0,0,0.0,,
13,29,test,test_other,distance_ge_2,57551,0,0,0,0.0,,
13,29,test,test_other,previous,2136,0,0,0,0.0,,
13,29,test,test_other,self,2136,0,0,0,0.0,,
13,30,demo,answer_prediction,distance_ge_2,8544,0,0,0,0.0,,
13,30,demo,demo,distance_ge_2,1000158,0,0,0,0.0,,
13,30,demo,demo,previous,8544,0,0,0,0.0,,
13,30,demo,demo,self,8544,78,78,13,0.009129213483146067,0.009580435088047614,0.0
13,30,demo,test_other,distance_ge_2,451008,0,0,0,0.0,,
13,30,test,answer_prediction,distance_ge_2,2136,0,0,0,0.0,,
13,30,test,test_other,distance_ge_2,57551,0,0,0,0.0,,
13,30,test,test_other,previous,2136,0,0,0,0.0,,
13,30,test,test_other,self,2136,0,0,0,0.0,,
13,31,demo,answer_prediction,distance_ge_2,8544,0,0,0,0.0,,
13,31,demo,demo,distance_ge_2,1000158,0,0,0,0.0,,
13,31,demo,demo,previous,8544,0,0,0,0.0,,
13,31,demo,demo,self,8544,0,0,0,0.0,,
13,31,demo,test_other,distance_ge_2,451008,0,0,0,0.0,,
13,31,test,answer_prediction,distance_ge_2,2136,0,0,0,0.0,,
13,31,test,test_other,distance_ge_2,57551,0,0,0,0.0,,
13,31,test,test_other,previous,2136,0,0,0,0.0,,
13,31,test,test_other,self,2136,0,0,0,0.0,,
14,0,demo,answer_prediction,distance_ge_2,8544,0,0,0,0.0,,
14,0,demo,demo,distance_ge_2,1000158,36,36,2,3.599431289856203e-05,0.00019826511076341072,0.00573427090421319
14,0,demo,demo,previous,8544,0,0,0,0.0,,
14,0,demo,demo,self,8544,0,0,0,0.0,,
14,0,demo,test_other,distance_ge_2,451008,12,12,1,2.6607066836951895e-05,6.896406800175707e-05,0.015224117902107537
14,0,test,answer_prediction,distance_ge_2,2136,0,0,0,0.0,,
14,0,test,test_other,distance_ge_2,57551,1,1,1,1.737589268648677e-05,0.0,0.009152712300419807
14,0,test,test_other,previous,2136,0,0,0,0.0,,
14,0,test,test_other,self,2136,0,0,0,0.0,,
14,1,demo,answer_prediction,distance_ge_2,8544,0,0,0,0.0,,
14,1,demo,demo,distance_ge_2,1000158,0,0,0,0.0,,
14,1,demo,demo,previous,8544,0,0,0,0.0,,
14,1,demo,demo,self,8544,0,0,0,0.0,,
14,1,demo,test_other,distance_ge_2,451008,0,0,0,0.0,,
14,1,test,answer_prediction,distance_ge_2,2136,0,0,0,0.0,,
14,1,test,test_other,distance_ge_2,57551,0,0,0,0.0,,
14,1,test,test_other,previous,2136,0,0,0,0.0,,
14,1,test,test_other,self,2136,0,0,0,0.0,,
14,2,demo,answer_prediction,distance_ge_2,8544,0,0,0,0.0,,
14,2,demo,demo,distance_ge_2,1000158,0,0,0,0.0,,
14,2,demo,demo,previous,8544,0,0,0,0.0,,
14,2,demo,demo,self,8544,0,0,0,0.0,,
14,2,demo,test_other,distance_ge_2,451008,0,0,0,0.0,,
14,2,test,answer_prediction,distance_ge_2,2136,0,0,0,0.0,,
14,2,test,test_other,distance_ge_2,57551,0,0,0,0.0,,
14,2,test,test_other,previous,2136,0,0,0,0.0,,
14,2,test,test_other,self,2136,0,0,0,0.0,,
14,3,demo,answer_prediction,distance_ge_2,8544,0,0,0,0.0,,
14,3,demo,demo,distance_ge_2,1000158,6,6,1,5.999052149760338e-06,0.0,0.0
14,3,demo,demo,previous,8544,0,0,0,0.0,,
14,3,demo,demo,self,8544,0,0,0,0.0,,
14,3,demo,test_other,distance_ge_2,451008,0,0,0,0.0,,
14,3,test,answer_prediction,distance_ge_2,2136,0,0,0,0.0,,
14,3,test,test_other,distance_ge_2,57551,0,0,0,0.0,,
14,3,test,test_other,previous,2136,0,0,0,0.0,,
14,3,test,test_other,self,2136,1,1,1,0.00046816479400749064,0.018258091062307358,0.015399372205138206
14,4,demo,answer_prediction,distance_ge_2,8544,0,0,0,0.0,,
14,4,demo,demo,distance_ge_2,1000158,6,6,1,5.999052149760338e-06,0.0,0.0
14,4,demo,demo,previous,8544,0,0,0,0.0,,
14,4,demo,demo,self,8544,0,0,0,0.0,,
14,4,demo,test_other,distance_ge_2,451008,0,0,0,0.0,,
14,4,test,answer_prediction,distance_ge_2,2136,0,0,0,0.0,,
14,4,test,test_other,distance_ge_2,57551,0,0,0,0.0,,
14,4,test,test_other,previous,2136,0,0,0,0.0,,
14,4,test,test_other,self,2136,0,0,0,0.0,,
14,5,demo,answer_prediction,distance_ge_2,8544,0,0,0,0.0,,
14,5,demo,demo,distance_ge_2,1000158,24,24,4,2.3996208599041352e-05,0.0,0.006110144779086113
14,5,demo,demo,previous,8544,12,12,2,0.0014044943820224719,0.0,0.0
14,5,demo,demo,self,8544,0,0,0,0.0,,
14,5,demo,test_other,distance_ge_2,451008,0,0,0,0.0,,
14,5,test,answer_prediction,distance_ge_2,2136,0,0,0,0.0,,
14,5,test,test_other,distance_ge_2,57551,18,18,12,0.00031276606835676184,0.018997202106725633,0.01653347280807793
14,5,test,test_other,previous,2136,1,1,1,0.00046816479400749064,0.021033378317952156,0.0
14,5,test,test_other,self,2136,0,0,0,0.0,,
14,6,demo,answer_prediction,distance_ge_2,8544,0,0,0,0.0,,
14,6,demo,demo,distance_ge_2,1000158,0,0,0,0.0,,
14,6,demo,demo,previous,8544,0,0,0,0.0,,
14,6,demo,demo,self,8544,0,0,0,0.0,,
14,6,demo,test_other,distance_ge_2,451008,0,0,0,0.0,,
14,6,test,answer_prediction,distance_ge_2,2136,0,0,0,0.0,,
14,6,test,test_other,distance_ge_2,57551,1,1,1,1.737589268648677e-05,0.03131667897105217,0.009076729416847229
14,6,test,test_other,previous,2136,0,0,0,0.0,,
14,6,test,test_other,self,2136,0,0,0,0.0,,
14,7,demo,answer_prediction,distance_ge_2,8544,0,0,0,0.0,,
14,7,demo,demo,distance_ge_2,1000158,0,0,0,0.0,,
14,7,demo,demo,previous,8544,0,0,0,0.0,,
14,7,demo,demo,self,8544,0,0,0,0.0,,
14,7,demo,test_other,distance_ge_2,451008,0,0,0,0.0,,
14,7,test,answer_prediction,distance_ge_2,2136,2,2,1,0.0009363295880149813,0.0,0.0
14,7,test,test_other,distance_ge_2,57551,0,0,0,0.0,,
14,7,test,test_other,previous,2136,0,0,0,0.0,,
14,7,test,test_other,self,2136,0,0,0,0.0,,
14,8,demo,answer_prediction,distance_ge_2,8544,0,0,0,0.0,,
14,8,demo,demo,distance_ge_2,1000158,0,0,0,0.0,,
14,8,demo,demo,previous,8544,0,0,0,0.0,,
14,8,demo,demo,self,8544,0,0,0,0.0,,
14,8,demo,test_other,distance_ge_2,451008,0,0,0,0.0,,
14,8,test,answer_prediction,distance_ge_2,2136,0,0,0,0.0,,
14,8,test,test_other,distance_ge_2,57551,0,0,0,0.0,,
14,8,test,test_other,previous,2136,0,0,0,0.0,,
14,8,test,test_other,self,2136,0,0,0,0.0,,
14,9,demo,answer_prediction,distance_ge_2,8544,0,0,0,0.0,,
14,9,demo,demo,distance_ge_2,1000158,0,0,0,0.0,,
14,9,demo,demo,previous,8544,0,0,0,0.0,,
14,9,demo,demo,self,8544,0,0,0,0.0,,
14,9,demo,test_other,distance_ge_2,451008,0,0,0,0.0,,
14,9,test,answer_prediction,distance_ge_2,2136,0,0,0,0.0,,
14,9,test,test_other,distance_ge_2,57551,0,0,0,0.0,,
14,9,test,test_other,previous,2136,0,0,0,0.0,,
14,9,test,test_other,self,2136,0,0,0,0.0,,
14,10,demo,answer_prediction,distance_ge_2,8544,0,0,0,0.0,,
14,10,demo,demo,distance_ge_2,1000158,0,0,0,0.0,,
14,10,demo,demo,previous,8544,1536,1536,85,0.1797752808988764,0.02598973556511434,0.04650134806790618
14,10,demo,demo,self,8544,0,0,0,0.0,,
14,10,demo,test_other,distance_ge_2,451008,0,0,0,0.0,,
14,10,test,answer_prediction,distance_ge_2,2136,0,0,0,0.0,,
14,10,test,test_other,distance_ge_2,57551,0,0,0,0.0,,
14,10,test,test_other,previous,2136,323,323,78,0.15121722846441948,0.008822209159584121,0.013742711885065503
14,10,test,test_other,self,2136,5,5,4,0.0023408239700374533,0.012472247984260321,0.0315896576968953
14,11,demo,answer_prediction,distance_ge_2,8544,0,0,0,0.0,,
14,11,demo,demo,distance_ge_2,1000158,0,0,0,0.0,,
14,11,demo,demo,previous,8544,0,0,0,0.0,,
14,11,demo,demo,self,8544,0,0,0,0.0,,
14,11,demo,test_other,distance_ge_2,451008,0,0,0,0.0,,
14,11,test,answer_prediction,distance_ge_2,2136,0,0,0,0.0,,
14,11,test,test_other,distance_ge_2,57551,0,0,0,0.0,,
14,11,test,test_other,previous,2136,0,0,0,0.0,,
14,11,test,test_other,self,2136,0,0,0,0.0,,
14,12,demo,answer_prediction,distance_ge_2,8544,0,0,0,0.0,,
14,12,demo,demo,distance_ge_2,1000158,0,0,0,0.0,,
14,12,demo,demo,previous,8544,0,0,0,0.0,,
14,12,demo,demo,self,8544,0,0,0,0.0,,
14,12,demo,test_other,distance_ge_2,451008,0,0,0,0.0,,
14,12,test,answer_prediction,distance_ge_2,2136,0,0,0,0.0,,
14,12,test,test_other,distance_ge_2,57551,0,0,0,0.0,,
14,12,test,test_other,previous,2136,0,0,0,0.0,,
14,12,test,test_other,self,2136,0,0,0,0.0,,
14,13,demo,answer_prediction,distance_ge_2,8544,0,0,0,0.0,,
14,13,demo,demo,distance_ge_2,1000158,0,0,0,0.0,,
14,13,demo,demo,previous,8544,0,0,0,0.0,,
14,13,demo,demo,self,8544,0,0,0,0.0,,
14,13,demo,test_other,distance_ge_2,451008,0,0,0,0.0,,
14,13,test,answer_prediction,distance_ge_2,2136,0,0,0,0.0,,
14,13,test,test_other,distance_ge_2,57551,0,0,0,0.0,,
14,13,test,test_other,previous,2136,0,0,0,0.0,,
14,13,test,test_other,self,2136,0,0,0,0.0,,
14,14,demo,answer_prediction,distance_ge_2,8544,0,0,0,0.0,,
14,14,demo,demo,distance_ge_2,1000158,66,66,11,6.598957364736372e-05,0.00231847350457401,0.0
14,14,demo,demo,previous,8544,0,0,0,0.0,,
14,14,demo,demo,self,8544,0,0,0,0.0,,
14,14,demo,test_other,distance_ge_2,451008,0,0,0,0.0,,
14,14,test,answer_prediction,distance_ge_2,2136,0,0,0,0.0,,
14,14,test,test_other,distance_ge_2,57551,79,79,41,0.0013726955222324547,0.016011334161784005,0.008385675714669538
14,14,test,test_other,previous,2136,0,0,0,0.0,,
14,14,test,test_other,self,2136,0,0,0,0.0,,
14,15,demo,answer_prediction,distance_ge_2,8544,0,0,0,0.0,,
14,15,demo,demo,distance_ge_2,1000158,0,0,0,0.0,,
14,15,demo,demo,previous,8544,0,0,0,0.0,,
14,15,demo,demo,self,8544,0,0,0,0.0,,
14,15,demo,test_other,distance_ge_2,451008,0,0,0,0.0,,
14,15,test,answer_prediction,distance_ge_2,2136,0,0,0,0.0,,
14,15,test,test_other,distance_ge_2,57551,0,0,0,0.0,,
14,15,test,test_other,previous,2136,0,0,0,0.0,,
14,15,test,test_other,self,2136,0,0,0,0.0,,
14,16,demo,answer_prediction,distance_ge_2,8544,0,0,0,0.0,,
14,16,demo,demo,distance_ge_2,1000158,2706,2706,88,0.0027055725195419124,0.018186945763054522,0.03463670212411682
14,16,demo,demo,previous,8544,0,0,0,0.0,,
14,16,demo,demo,self,8544,24,24,4,0.0028089887640449437,0.0,0.03830846888013184
14,16,demo,test_other,distance_ge_2,451008,240,240,63,0.0005321413367390379,0.010162341485071617,0.013104747125180439
14,16,test,answer_prediction,distance_ge_2,2136,0,0,0,0.0,,
14,16,test,test_other,distance_ge_2,57551,547,547,89,0.009504613299508262,0.008481814292951409,0.014505702293081247
14,16,test,test_other,previous,2136,0,0,0,0.0,,
14,16,test,test_other,self,2136,5,5,4,0.0023408239700374533,0.012499435991048812,0.028544810973107813
14,17,demo,answer_prediction,distance_ge_2,8544,0,0,0,0.0,,
14,17,demo,demo,distance_ge_2,1000158,6,6,1,5.999052149760338e-06,0.04198738932609558,0.0561177060008049
14,17,demo,demo,previous,8544,6,6,1,0.0007022471910112359,0.02815365418791771,0.0
14,17,demo,demo,self,8544,18,18,3,0.002106741573033708,0.1622919738292694,0.7270517945289612
14,17,demo,test_other,distance_ge_2,451008,0,0,0,0.0,,
14,17,test,answer_prediction,distance_ge_2,2136,0,0,0,0.0,,
14,17,test,test_other,distance_ge_2,57551,1,1,1,1.737589268648677e-05,0.014781150966882706,0.060485370457172394
14,17,test,test_other,previous,2136,0,0,0,0.0,,
14,17,test,test_other,self,2136,0,0,0,0.0,,
14,18,demo,answer_prediction,distance_ge_2,8544,0,0,0,0.0,,
14,18,demo,demo,distance_ge_2,1000158,30,30,5,2.999526074880169e-05,0.007440837472677231,0.05926625952124596
14,18,demo,demo,previous,8544,0,0,0,0.0,,
14,18,demo,demo,self,8544,18,18,3,0.002106741573033708,0.0,0.0
14,18,demo,test_other,distance_ge_2,451008,0,0,0,0.0,,
14,18,test,answer_prediction,distance_ge_2,2136,0,0,0,0.0,,
14,18,test,test_other,distance_ge_2,57551,31,31,18,0.0005386526732810898,0.01167426130644256,0.00908581882474884
14,18,test,test_other,previous,2136,2,2,1,0.0009363295880149813,0.04068939760327339,0.0
14,18,test,test_other,self,2136,1,1,1,0.00046816479400749064,0.026906361803412437,0.0
14,19,demo,answer_prediction,distance_ge_2,8544,0,0,0,0.0,,
14,19,demo,demo,distance_ge_2,1000158,0,0,0,0.0,,
14,19,demo,demo,previous,8544,0,0,0,0.0,,
14,19,demo,demo,self,8544,0,0,0,0.0,,
14,19,demo,test_other,distance_ge_2,451008,0,0,0,0.0,,
14,19,test,answer_prediction,distance_ge_2,2136,0,0,0,0.0,,
14,19,test,test_other,distance_ge_2,57551,0,0,0,0.0,,
14,19,test,test_other,previous,2136,0,0,0,0.0,,
14,19,test,test_other,self,2136,0,0,0,0.0,,
14,20,demo,answer_prediction,distance_ge_2,8544,0,0,0,0.0,,
14,20,demo,demo,distance_ge_2,1000158,12,12,2,1.1998104299520676e-05,0.0,0.0
14,20,demo,demo,previous,8544,0,0,0,0.0,,
14,20,demo,demo,self,8544,0,0,0,0.0,,
14,20,demo,test_other,distance_ge_2,451008,0,0,0,0.0,,
14,20,test,answer_prediction,distance_ge_2,2136,0,0,0,0.0,,
14,20,test,test_other,distance_ge_2,57551,1,1,1,1.737589268648677e-05,0.0,0.0
14,20,test,test_other,previous,2136,0,0,0,0.0,,
14,20,test,test_other,self,2136,0,0,0,0.0,,
14,21,demo,answer_prediction,distance_ge_2,8544,0,0,0,0.0,,
14,21,demo,demo,distance_ge_2,1000158,0,0,0,0.0,,
14,21,demo,demo,previous,8544,0,0,0,0.0,,
14,21,demo,demo,self,8544,0,0,0,0.0,,
14,21,demo,test_other,distance_ge_2,451008,0,0,0,0.0,,
14,21,test,answer_prediction,distance_ge_2,2136,0,0,0,0.0,,
14,21,test,test_other,distance_ge_2,57551,0,0,0,0.0,,
14,21,test,test_other,previous,2136,0,0,0,0.0,,
14,21,test,test_other,self,2136,0,0,0,0.0,,
14,22,demo,answer_prediction,distance_ge_2,8544,0,0,0,0.0,,
14,22,demo,demo,distance_ge_2,1000158,0,0,0,0.0,,
14,22,demo,demo,previous,8544,0,0,0,0.0,,
14,22,demo,demo,self,8544,7224,7224,89,0.8455056179775281,0.02296241424413417,0.025874836230792356
14,22,demo,test_other,distance_ge_2,451008,0,0,0,0.0,,
14,22,test,answer_prediction,distance_ge_2,2136,0,0,0,0.0,,
14,22,test,test_other,distance_ge_2,57551,0,0,0,0.0,,
14,22,test,test_other,previous,2136,0,0,0,0.0,,
14,22,test,test_other,self,2136,1980,1980,89,0.9269662921348315,0.011179601919329889,0.015079842666678318
14,23,demo,answer_prediction,distance_ge_2,8544,0,0,0,0.0,,
14,23,demo,demo,distance_ge_2,1000158,0,0,0,0.0,,
14,23,demo,demo,previous,8544,0,0,0,0.0,,
14,23,demo,demo,self,8544,7398,7398,89,0.8658707865168539,0.03498249046576954,0.008580583864607715
14,23,demo,test_other,distance_ge_2,451008,0,0,0,0.0,,
14,23,test,answer_prediction,distance_ge_2,2136,0,0,0,0.0,,
14,23,test,test_other,distance_ge_2,57551,0,0,0,0.0,,
14,23,test,test_other,previous,2136,0,0,0,0.0,,
14,23,test,test_other,self,2136,1932,1932,89,0.9044943820224719,0.016258964929863923,0.004203433826876876
14,24,demo,answer_prediction,distance_ge_2,8544,0,0,0,0.0,,
14,24,demo,demo,distance_ge_2,1000158,6,6,1,5.999052149760338e-06,0.0,0.033567462116479874
14,24,demo,demo,previous,8544,0,0,0,0.0,,
14,24,demo,demo,self,8544,0,0,0,0.0,,
14,24,demo,test_other,distance_ge_2,451008,0,0,0,0.0,,
14,24,test,answer_prediction,distance_ge_2,2136,0,0,0,0.0,,
14,24,test,test_other,distance_ge_2,57551,13,13,9,0.00022588660492432798,0.01467832808311169,0.013525710441172123
14,24,test,test_other,previous,2136,0,0,0,0.0,,
14,24,test,test_other,self,2136,0,0,0,0.0,,
14,25,demo,answer_prediction,distance_ge_2,8544,0,0,0,0.0,,
14,25,demo,demo,distance_ge_2,1000158,0,0,0,0.0,,
14,25,demo,demo,previous,8544,0,0,0,0.0,,
14,25,demo,demo,self,8544,6588,6588,89,0.7710674157303371,0.030606454599689102,0.03641514927952598
14,25,demo,test_other,distance_ge_2,451008,0,0,0,0.0,,
14,25,test,answer_prediction,distance_ge_2,2136,0,0,0,0.0,,
14,25,test,test_other,distance_ge_2,57551,0,0,0,0.0,,
14,25,test,test_other,previous,2136,0,0,0,0.0,,
14,25,test,test_other,self,2136,1963,1963,89,0.9190074906367042,0.009758174889141569,0.016610758638182184
14,26,demo,answer_prediction,distance_ge_2,8544,0,0,0,0.0,,
14,26,demo,demo,distance_ge_2,1000158,0,0,0,0.0,,
14,26,demo,demo,previous,8544,6,6,1,0.0007022471910112359,0.0005912455962970853,0.052278414368629456
14,26,demo,demo,self,8544,0,0,0,0.0,,
14,26,demo,test_other,distance_ge_2,451008,0,0,0,0.0,,
14,26,test,answer_prediction,distance_ge_2,2136,0,0,0,0.0,,
14,26,test,test_other,distance_ge_2,57551,1,1,1,1.737589268648677e-05,0.015218005515635014,0.0
14,26,test,test_other,previous,2136,8,8,7,0.003745318352059925,0.01226521423086524,0.029779486008919775
14,26,test,test_other,self,2136,27,27,13,0.012640449438202247,0.01057224386345802,0.01407317701658165
14,27,demo,answer_prediction,distance_ge_2,8544,0,0,0,0.0,,
14,27,demo,demo,distance_ge_2,1000158,0,0,0,0.0,,
14,27,demo,demo,previous,8544,60,60,10,0.007022471910112359,0.015072005987167358,0.0
14,27,demo,demo,self,8544,0,0,0,0.0,,
14,27,demo,test_other,distance_ge_2,451008,0,0,0,0.0,,
14,27,test,answer_prediction,distance_ge_2,2136,0,0,0,0.0,,
14,27,test,test_other,distance_ge_2,57551,0,0,0,0.0,,
14,27,test,test_other,previous,2136,0,0,0,0.0,,
14,27,test,test_other,self,2136,0,0,0,0.0,,
14,28,demo,answer_prediction,distance_ge_2,8544,0,0,0,0.0,,
14,28,demo,demo,distance_ge_2,1000158,0,0,0,0.0,,
14,28,demo,demo,previous,8544,0,0,0,0.0,,
14,28,demo,demo,self,8544,0,0,0,0.0,,
14,28,demo,test_other,distance_ge_2,451008,0,0,0,0.0,,
14,28,test,answer_prediction,distance_ge_2,2136,0,0,0,0.0,,
14,28,test,test_other,distance_ge_2,57551,0,0,0,0.0,,
14,28,test,test_other,previous,2136,0,0,0,0.0,,
14,28,test,test_other,self,2136,0,0,0,0.0,,
14,29,demo,answer_prediction,distance_ge_2,8544,0,0,0,0.0,,
14,29,demo,demo,distance_ge_2,1000158,0,0,0,0.0,,
14,29,demo,demo,previous,8544,0,0,0,0.0,,
14,29,demo,demo,self,8544,0,0,0,0.0,,
14,29,demo,test_other,distance_ge_2,451008,0,0,0,0.0,,
14,29,test,answer_prediction,distance_ge_2,2136,0,0,0,0.0,,
14,29,test,test_other,distance_ge_2,57551,0,0,0,0.0,,
14,29,test,test_other,previous,2136,0,0,0,0.0,,
14,29,test,test_other,self,2136,0,0,0,0.0,,
14,30,demo,answer_prediction,distance_ge_2,8544,0,0,0,0.0,,
14,30,demo,demo,distance_ge_2,1000158,0,0,0,0.0,,
14,30,demo,demo,previous,8544,0,0,0,0.0,,
14,30,demo,demo,self,8544,0,0,0,0.0,,
14,30,demo,test_other,distance_ge_2,451008,0,0,0,0.0,,
14,30,test,answer_prediction,distance_ge_2,2136,0,0,0,0.0,,
14,30,test,test_other,distance_ge_2,57551,0,0,0,0.0,,
14,30,test,test_other,previous,2136,0,0,0,0.0,,
14,30,test,test_other,self,2136,0,0,0,0.0,,
14,31,demo,answer_prediction,distance_ge_2,8544,0,0,0,0.0,,
14,31,demo,demo,distance_ge_2,1000158,0,0,0,0.0,,
14,31,demo,demo,previous,8544,0,0,0,0.0,,
14,31,demo,demo,self,8544,0,0,0,0.0,,
14,31,demo,test_other,distance_ge_2,451008,0,0,0,0.0,,
14,31,test,answer_prediction,distance_ge_2,2136,0,0,0,0.0,,
14,31,test,test_other,distance_ge_2,57551,0,0,0,0.0,,
14,31,test,test_other,previous,2136,0,0,0,0.0,,
14,31,test,test_other,self,2136,0,0,0,0.0,,
15,0,demo,answer_prediction,distance_ge_2,8544,0,0,0,0.0,,
15,0,demo,demo,distance_ge_2,1000158,1266,1266,79,0.0012658000035994314,0.033377014211656515,0.06408537725418126
15,0,demo,demo,previous,8544,0,0,0,0.0,,
15,0,demo,demo,self,8544,0,0,0,0.0,,
15,0,demo,test_other,distance_ge_2,451008,212,212,56,0.00047005818078615013,0.01158780674491284,0.022118246614414635
15,0,test,answer_prediction,distance_ge_2,2136,0,0,0,0.0,,
15,0,test,test_other,distance_ge_2,57551,23,23,15,0.00039964553178919565,0.006685845932224765,0.019971572107865737
15,0,test,test_other,previous,2136,0,0,0,0.0,,
15,0,test,test_other,self,2136,0,0,0,0.0,,
15,1,demo,answer_prediction,distance_ge_2,8544,0,0,0,0.0,,
15,1,demo,demo,distance_ge_2,1000158,0,0,0,0.0,,
15,1,demo,demo,previous,8544,0,0,0,0.0,,
15,1,demo,demo,self,8544,0,0,0,0.0,,
15,1,demo,test_other,distance_ge_2,451008,0,0,0,0.0,,
15,1,test,answer_prediction,distance_ge_2,2136,0,0,0,0.0,,
15,1,test,test_other,distance_ge_2,57551,0,0,0,0.0,,
15,1,test,test_other,previous,2136,0,0,0,0.0,,
15,1,test,test_other,self,2136,0,0,0,0.0,,
15,2,demo,answer_prediction,distance_ge_2,8544,0,0,0,0.0,,
15,2,demo,demo,distance_ge_2,1000158,510,510,55,0.0005099194327296287,0.02329178231393955,0.015061982903702587
15,2,demo,demo,previous,8544,0,0,0,0.0,,
15,2,demo,demo,self,8544,0,0,0,0.0,,
15,2,demo,test_other,distance_ge_2,451008,189,189,43,0.00041906130268199235,0.017562409067371238,0.013727457749795306
15,2,test,answer_prediction,distance_ge_2,2136,0,0,0,0.0,,
15,2,test,test_other,distance_ge_2,57551,242,242,72,0.004204966030129798,0.012792115417705495,0.00977224114227614
15,2,test,test_other,previous,2136,0,0,0,0.0,,
15,2,test,test_other,self,2136,0,0,0,0.0,,
15,3,demo,answer_prediction,distance_ge_2,8544,0,0,0,0.0,,
15,3,demo,demo,distance_ge_2,1000158,450,450,53,0.0004499289112320253,0.027365983575065103,0.034320217589977095
15,3,demo,demo,previous,8544,0,0,0,0.0,,
15,3,demo,demo,self,8544,0,0,0,0.0,,
15,3,demo,test_other,distance_ge_2,451008,3,3,1,6.651766709237974e-06,0.0,0.06798627972602844
15,3,test,answer_prediction,distance_ge_2,2136,1,1,1,0.00046816479400749064,0.0,0.0
15,3,test,test_other,distance_ge_2,57551,76,76,37,0.0013205678441729944,0.010875322431705794,0.014375473918335047
15,3,test,test_other,previous,2136,0,0,0,0.0,,
15,3,test,test_other,self,2136,18,18,11,0.008426966292134831,0.02324643718182213,0.015753240272816684
15,4,demo,answer_prediction,distance_ge_2,8544,0,0,0,0.0,,
15,4,demo,demo,distance_ge_2,1000158,12,12,2,1.1998104299520676e-05,0.0916978269815445,0.02041911706328392
15,4,demo,demo,previous,8544,0,0,0,0.0,,
15,4,demo,demo,self,8544,0,0,0,0.0,,
15,4,demo,test_other,distance_ge_2,451008,0,0,0,0.0,,
15,4,test,answer_prediction,distance_ge_2,2136,0,0,0,0.0,,
15,4,test,test_other,distance_ge_2,57551,2,2,2,3.475178537297354e-05,0.01978726452216506,0.03358147293329239
15,4,test,test_other,previous,2136,0,0,0,0.0,,
15,4,test,test_other,self,2136,0,0,0,0.0,,
15,5,demo,answer_prediction,distance_ge_2,8544,0,0,0,0.0,,
15,5,demo,demo,distance_ge_2,1000158,12,12,2,1.1998104299520676e-05,0.0013901694910600781,0.05812580697238445
15,5,demo,demo,previous,8544,0,0,0,0.0,,
15,5,demo,demo,self,8544,0,0,0,0.0,,
15,5,demo,test_other,distance_ge_2,451008,0,0,0,0.0,,
15,5,test,answer_prediction,distance_ge_2,2136,0,0,0,0.0,,
15,5,test,test_other,distance_ge_2,57551,5,5,3,8.687946343243385e-05,0.0031407286878675222,0.01835092678666115
15,5,test,test_other,previous,2136,0,0,0,0.0,,
15,5,test,test_other,self,2136,0,0,0,0.0,,
15,6,demo,answer_prediction,distance_ge_2,8544,0,0,0,0.0,,
15,6,demo,demo,distance_ge_2,1000158,0,0,0,0.0,,
15,6,demo,demo,previous,8544,0,0,0,0.0,,
15,6,demo,demo,self,8544,0,0,0,0.0,,
15,6,demo,test_other,distance_ge_2,451008,0,0,0,0.0,,
15,6,test,answer_prediction,distance_ge_2,2136,0,0,0,0.0,,
15,6,test,test_other,distance_ge_2,57551,0,0,0,0.0,,
15,6,test,test_other,previous,2136,0,0,0,0.0,,
15,6,test,test_other,self,2136,0,0,0,0.0,,
15,7,demo,answer_prediction,distance_ge_2,8544,0,0,0,0.0,,
15,7,demo,demo,distance_ge_2,1000158,30,30,3,2.999526074880169e-05,0.00839950256049633,0.057089516520500184
15,7,demo,demo,previous,8544,0,0,0,0.0,,
15,7,demo,demo,self,8544,0,0,0,0.0,,
15,7,demo,test_other,distance_ge_2,451008,4,4,2,8.869022278983965e-06,9.757413499755785e-05,0.0
15,7,test,answer_prediction,distance_ge_2,2136,0,0,0,0.0,,
15,7,test,test_other,distance_ge_2,57551,2,2,1,3.475178537297354e-05,0.00682061305269599,0.0
15,7,test,test_other,previous,2136,0,0,0,0.0,,
15,7,test,test_other,self,2136,0,0,0,0.0,,
15,8,demo,answer_prediction,distance_ge_2,8544,0,0,0,0.0,,
15,8,demo,demo,distance_ge_2,1000158,0,0,0,0.0,,
15,8,demo,demo,previous,8544,0,0,0,0.0,,
15,8,demo,demo,self,8544,0,0,0,0.0,,
15,8,demo,test_other,distance_ge_2,451008,0,0,0,0.0,,
15,8,test,answer_prediction,distance_ge_2,2136,0,0,0,0.0,,
15,8,test,test_other,distance_ge_2,57551,0,0,0,0.0,,
15,8,test,test_other,previous,2136,0,0,0,0.0,,
15,8,test,test_other,self,2136,0,0,0,0.0,,
15,9,demo,answer_prediction,distance_ge_2,8544,0,0,0,0.0,,
15,9,demo,demo,distance_ge_2,1000158,0,0,0,0.0,,
15,9,demo,demo,previous,8544,0,0,0,0.0,,
15,9,demo,demo,self,8544,0,0,0,0.0,,
15,9,demo,test_other,distance_ge_2,451008,0,0,0,0.0,,
15,9,test,answer_prediction,distance_ge_2,2136,0,0,0,0.0,,
15,9,test,test_other,distance_ge_2,57551,0,0,0,0.0,,
15,9,test,test_other,previous,2136,0,0,0,0.0,,
15,9,test,test_other,self,2136,0,0,0,0.0,,
15,10,demo,answer_prediction,distance_ge_2,8544,0,0,0,0.0,,
15,10,demo,demo,distance_ge_2,1000158,126,126,17,0.00012598009514496708,0.12620614540009273,0.046423306389312656
15,10,demo,demo,previous,8544,0,0,0,0.0,,
15,10,demo,demo,self,8544,0,0,0,0.0,,
15,10,demo,test_other,distance_ge_2,451008,26,26,9,5.7648644813395774e-05,0.008309392330165092,0.008746535105344195
15,10,test,answer_prediction,distance_ge_2,2136,0,0,0,0.0,,
15,10,test,test_other,distance_ge_2,57551,4,4,3,6.950357074594707e-05,0.005101734073832631,0.0150038813262654
15,10,test,test_other,previous,2136,0,0,0,0.0,,
15,10,test,test_other,self,2136,0,0,0,0.0,,
15,11,demo,answer_prediction,distance_ge_2,8544,0,0,0,0.0,,
15,11,demo,demo,distance_ge_2,1000158,102,102,17,0.00010198388654592574,0.01750950894304825,0.041634053631010005
15,11,demo,demo,previous,8544,0,0,0,0.0,,
15,11,demo,demo,self,8544,0,0,0,0.0,,
15,11,demo,test_other,distance_ge_2,451008,13,13,9,2.8824322406697887e-05,0.00409008713457017,0.01269851100201217
15,11,test,answer_prediction,distance_ge_2,2136,0,0,0,0.0,,
15,11,test,test_other,distance_ge_2,57551,0,0,0,0.0,,
15,11,test,test_other,previous,2136,0,0,0,0.0,,
15,11,test,test_other,self,2136,0,0,0,0.0,,
15,12,demo,answer_prediction,distance_ge_2,8544,0,0,0,0.0,,
15,12,demo,demo,distance_ge_2,1000158,6,6,1,5.999052149760338e-06,0.0,0.0
15,12,demo,demo,previous,8544,0,0,0,0.0,,
15,12,demo,demo,self,8544,6,6,1,0.0007022471910112359,0.012017156928777695,0.0
15,12,demo,test_other,distance_ge_2,451008,0,0,0,0.0,,
15,12,test,answer_prediction,distance_ge_2,2136,0,0,0,0.0,,
15,12,test,test_other,distance_ge_2,57551,0,0,0,0.0,,
15,12,test,test_other,previous,2136,0,0,0,0.0,,
15,12,test,test_other,self,2136,0,0,0,0.0,,
15,13,demo,answer_prediction,distance_ge_2,8544,0,0,0,0.0,,
15,13,demo,demo,distance_ge_2,1000158,0,0,0,0.0,,
15,13,demo,demo,previous,8544,0,0,0,0.0,,
15,13,demo,demo,self,8544,0,0,0,0.0,,
15,13,demo,test_other,distance_ge_2,451008,0,0,0,0.0,,
15,13,test,answer_prediction,distance_ge_2,2136,0,0,0,0.0,,
15,13,test,test_other,distance_ge_2,57551,0,0,0,0.0,,
15,13,test,test_other,previous,2136,0,0,0,0.0,,
15,13,test,test_other,self,2136,0,0,0,0.0,,
15,14,demo,answer_prediction,distance_ge_2,8544,0,0,0,0.0,,
15,14,demo,demo,distance_ge_2,1000158,0,0,0,0.0,,
15,14,demo,demo,previous,8544,0,0,0,0.0,,
15,14,demo,demo,self,8544,0,0,0,0.0,,
15,14,demo,test_other,distance_ge_2,451008,0,0,0,0.0,,
15,14,test,answer_prediction,distance_ge_2,2136,0,0,0,0.0,,
15,14,test,test_other,distance_ge_2,57551,0,0,0,0.0,,
15,14,test,test_other,previous,2136,0,0,0,0.0,,
15,14,test,test_other,self,2136,0,0,0,0.0,,
15,15,demo,answer_prediction,distance_ge_2,8544,0,0,0,0.0,,
15,15,demo,demo,distance_ge_2,1000158,0,0,0,0.0,,
15,15,demo,demo,previous,8544,0,0,0,0.0,,
15,15,demo,demo,self,8544,0,0,0,0.0,,
15,15,demo,test_other,distance_ge_2,451008,0,0,0,0.0,,
15,15,test,answer_prediction,distance_ge_2,2136,0,0,0,0.0,,
15,15,test,test_other,distance_ge_2,57551,0,0,0,0.0,,
15,15,test,test_other,previous,2136,0,0,0,0.0,,
15,15,test,test_other,self,2136,0,0,0,0.0,,
15,16,demo,answer_prediction,distance_ge_2,8544,0,0,0,0.0,,
15,16,demo,demo,distance_ge_2,1000158,0,0,0,0.0,,
15,16,demo,demo,previous,8544,12,12,2,0.0014044943820224719,0.008932999335229397,0.006730890367180109
15,16,demo,demo,self,8544,0,0,0,0.0,,
15,16,demo,test_other,distance_ge_2,451008,0,0,0,0.0,,
15,16,test,answer_prediction,distance_ge_2,2136,0,0,0,0.0,,
15,16,test,test_other,distance_ge_2,57551,0,0,0,0.0,,
15,16,test,test_other,previous,2136,53,53,24,0.024812734082397005,0.014592760251307825,0.005660695661373331
15,16,test,test_other,self,2136,0,0,0,0.0,,
15,17,demo,answer_prediction,distance_ge_2,8544,0,0,0,0.0,,
15,17,demo,demo,distance_ge_2,1000158,0,0,0,0.0,,
15,17,demo,demo,previous,8544,0,0,0,0.0,,
15,17,demo,demo,self,8544,0,0,0,0.0,,
15,17,demo,test_other,distance_ge_2,451008,0,0,0,0.0,,
15,17,test,answer_prediction,distance_ge_2,2136,0,0,0,0.0,,
15,17,test,test_other,distance_ge_2,57551,0,0,0,0.0,,
15,17,test,test_other,previous,2136,0,0,0,0.0,,
15,17,test,test_other,self,2136,0,0,0,0.0,,
15,18,demo,answer_prediction,distance_ge_2,8544,0,0,0,0.0,,
15,18,demo,demo,distance_ge_2,1000158,2412,2412,88,0.0024116189642036556,0.020033202201287906,0.017452790797166804
15,18,demo,demo,previous,8544,0,0,0,0.0,,
15,18,demo,demo,self,8544,6,6,1,0.0007022471910112359,0.0,0.0
15,18,demo,test_other,distance_ge_2,451008,722,722,88,0.0016008585213566056,0.011252360459192336,0.016185063356017677
15,18,test,answer_prediction,distance_ge_2,2136,0,0,0,0.0,,
15,18,test,test_other,distance_ge_2,57551,109,109,49,0.0018939723028270578,0.01599731058931115,0.014101329592799921
15,18,test,test_other,previous,2136,0,0,0,0.0,,
15,18,test,test_other,self,2136,1,1,1,0.00046816479400749064,0.05878641456365585,0.06878512352705002
15,19,demo,answer_prediction,distance_ge_2,8544,0,0,0,0.0,,
15,19,demo,demo,distance_ge_2,1000158,3558,3558,89,0.0035574379248078805,0.029721901026041726,0.029179219541871766
15,19,demo,demo,previous,8544,0,0,0,0.0,,
15,19,demo,demo,self,8544,0,0,0,0.0,,
15,19,demo,test_other,distance_ge_2,451008,287,287,62,0.0006363523485170995,0.014582780204414803,0.012720195961287019
15,19,test,answer_prediction,distance_ge_2,2136,0,0,0,0.0,,
15,19,test,test_other,distance_ge_2,57551,307,307,76,0.005334399054751438,0.009657035228919164,0.009366958618859141
15,19,test,test_other,previous,2136,0,0,0,0.0,,
15,19,test,test_other,self,2136,0,0,0,0.0,,
15,20,demo,answer_prediction,distance_ge_2,8544,0,0,0,0.0,,
15,20,demo,demo,distance_ge_2,1000158,234,234,21,0.0002339630338406532,0.014005289113539088,0.02571454006505923
15,20,demo,demo,previous,8544,0,0,0,0.0,,
15,20,demo,demo,self,8544,0,0,0,0.0,,
15,20,demo,test_other,distance_ge_2,451008,46,46,9,0.0001019937562083156,0.007232364348095396,0.019689228395809947
15,20,test,answer_prediction,distance_ge_2,2136,0,0,0,0.0,,
15,20,test,test_other,distance_ge_2,57551,1,1,1,1.737589268648677e-05,0.007450805976986885,0.03359822928905487
15,20,test,test_other,previous,2136,0,0,0,0.0,,
15,20,test,test_other,self,2136,0,0,0,0.0,,
15,21,demo,answer_prediction,distance_ge_2,8544,0,0,0,0.0,,
15,21,demo,demo,distance_ge_2,1000158,0,0,0,0.0,,
15,21,demo,demo,previous,8544,0,0,0,0.0,,
15,21,demo,demo,self,8544,0,0,0,0.0,,
15,21,demo,test_other,distance_ge_2,451008,0,0,0,0.0,,
15,21,test,answer_prediction,distance_ge_2,2136,0,0,0,0.0,,
15,21,test,test_other,distance_ge_2,57551,0,0,0,0.0,,
15,21,test,test_other,previous,2136,0,0,0,0.0,,
15,21,test,test_other,self,2136,0,0,0,0.0,,
15,22,demo,answer_prediction,distance_ge_2,8544,0,0,0,0.0,,
15,22,demo,demo,distance_ge_2,1000158,0,0,0,0.0,,
15,22,demo,demo,previous,8544,0,0,0,0.0,,
15,22,demo,demo,self,8544,0,0,0,0.0,,
15,22,demo,test_other,distance_ge_2,451008,0,0,0,0.0,,
15,22,test,answer_prediction,distance_ge_2,2136,0,0,0,0.0,,
15,22,test,test_other,distance_ge_2,57551,0,0,0,0.0,,
15,22,test,test_other,previous,2136,0,0,0,0.0,,
15,22,test,test_other,self,2136,0,0,0,0.0,,
15,23,demo,answer_prediction,distance_ge_2,8544,0,0,0,0.0,,
15,23,demo,demo,distance_ge_2,1000158,0,0,0,0.0,,
15,23,demo,demo,previous,8544,0,0,0,0.0,,
15,23,demo,demo,self,8544,0,0,0,0.0,,
15,23,demo,test_other,distance_ge_2,451008,0,0,0,0.0,,
15,23,test,answer_prediction,distance_ge_2,2136,0,0,0,0.0,,
15,23,test,test_other,distance_ge_2,57551,29,29,21,0.0005039008879081163,0.01541800495911518,0.0085739794102947
15,23,test,test_other,previous,2136,0,0,0,0.0,,
15,23,test,test_other,self,2136,0,0,0,0.0,,
15,24,demo,answer_prediction,distance_ge_2,8544,0,0,0,0.0,,
15,24,demo,demo,distance_ge_2,1000158,0,0,0,0.0,,
15,24,demo,demo,previous,8544,0,0,0,0.0,,
15,24,demo,demo,self,8544,0,0,0,0.0,,
15,24,demo,test_other,distance_ge_2,451008,0,0,0,0.0,,
15,24,test,answer_prediction,distance_ge_2,2136,0,0,0,0.0,,
15,24,test,test_other,distance_ge_2,57551,0,0,0,0.0,,
15,24,test,test_other,previous,2136,0,0,0,0.0,,
15,24,test,test_other,self,2136,0,0,0,0.0,,
15,25,demo,answer_prediction,distance_ge_2,8544,0,0,0,0.0,,
15,25,demo,demo,distance_ge_2,1000158,0,0,0,0.0,,
15,25,demo,demo,previous,8544,0,0,0,0.0,,
15,25,demo,demo,self,8544,0,0,0,0.0,,
15,25,demo,test_other,distance_ge_2,451008,0,0,0,0.0,,
15,25,test,answer_prediction,distance_ge_2,2136,0,0,0,0.0,,
15,25,test,test_other,distance_ge_2,57551,0,0,0,0.0,,
15,25,test,test_other,previous,2136,0,0,0,0.0,,
15,25,test,test_other,self,2136,0,0,0,0.0,,
15,26,demo,answer_prediction,distance_ge_2,8544,0,0,0,0.0,,
15,26,demo,demo,distance_ge_2,1000158,0,0,0,0.0,,
15,26,demo,demo,previous,8544,0,0,0,0.0,,
15,26,demo,demo,self,8544,0,0,0,0.0,,
15,26,demo,test_other,distance_ge_2,451008,0,0,0,0.0,,
15,26,test,answer_prediction,distance_ge_2,2136,0,0,0,0.0,,
15,26,test,test_other,distance_ge_2,57551,0,0,0,0.0,,
15,26,test,test_other,previous,2136,0,0,0,0.0,,
15,26,test,test_other,self,2136,0,0,0,0.0,,
15,27,demo,answer_prediction,distance_ge_2,8544,0,0,0,0.0,,
15,27,demo,demo,distance_ge_2,1000158,0,0,0,0.0,,
15,27,demo,demo,previous,8544,0,0,0,0.0,,
15,27,demo,demo,self,8544,0,0,0,0.0,,
15,27,demo,test_other,distance_ge_2,451008,0,0,0,0.0,,
15,27,test,answer_prediction,distance_ge_2,2136,0,0,0,0.0,,
15,27,test,test_other,distance_ge_2,57551,0,0,0,0.0,,
15,27,test,test_other,previous,2136,0,0,0,0.0,,
15,27,test,test_other,self,2136,0,0,0,0.0,,
15,28,demo,answer_prediction,distance_ge_2,8544,0,0,0,0.0,,
15,28,demo,demo,distance_ge_2,1000158,762,762,55,0.0007618796230195629,0.03381396773363845,0.045815760800199404
15,28,demo,demo,previous,8544,0,0,0,0.0,,
15,28,demo,demo,self,8544,0,0,0,0.0,,
15,28,demo,test_other,distance_ge_2,451008,0,0,0,0.0,,
15,28,test,answer_prediction,distance_ge_2,2136,2,2,2,0.0009363295880149813,0.0,0.0
15,28,test,test_other,distance_ge_2,57551,102,102,40,0.0017723410540216504,0.007810900777614876,0.01841633400295441
15,28,test,test_other,previous,2136,0,0,0,0.0,,
15,28,test,test_other,self,2136,0,0,0,0.0,,
15,29,demo,answer_prediction,distance_ge_2,8544,0,0,0,0.0,,
15,29,demo,demo,distance_ge_2,1000158,558,558,54,0.0005579118499277115,0.0169847588969468,0.05461086082317296
15,29,demo,demo,previous,8544,90,90,15,0.010533707865168539,0.05292326621711254,0.14688429683446885
15,29,demo,demo,self,8544,84,84,14,0.009831460674157303,0.03930262547163736,0.0384775416127273
15,29,demo,test_other,distance_ge_2,451008,54,54,9,0.00011973180076628352,0.009539062306026204,0.015451256004679535
15,29,test,answer_prediction,distance_ge_2,2136,0,0,0,0.0,,
15,29,test,test_other,distance_ge_2,57551,38,38,19,0.0006602839220864972,0.008093660801502043,0.016349307923136575
15,29,test,test_other,previous,2136,0,0,0,0.0,,
15,29,test,test_other,self,2136,0,0,0,0.0,,
15,30,demo,answer_prediction,distance_ge_2,8544,0,0,0,0.0,,
15,30,demo,demo,distance_ge_2,1000158,0,0,0,0.0,,
15,30,demo,demo,previous,8544,0,0,0,0.0,,
15,30,demo,demo,self,8544,0,0,0,0.0,,
15,30,demo,test_other,distance_ge_2,451008,0,0,0,0.0,,
15,30,test,answer_prediction,distance_ge_2,2136,0,0,0,0.0,,
15,30,test,test_other,distance_ge_2,57551,0,0,0,0.0,,
15,30,test,test_other,previous,2136,0,0,0,0.0,,
15,30,test,test_other,self,2136,0,0,0,0.0,,
15,31,demo,answer_prediction,distance_ge_2,8544,0,0,0,0.0,,
15,31,demo,demo,distance_ge_2,1000158,0,0,0,0.0,,
15,31,demo,demo,previous,8544,0,0,0,0.0,,
15,31,demo,demo,self,8544,0,0,0,0.0,,
15,31,demo,test_other,distance_ge_2,451008,0,0,0,0.0,,
15,31,test,answer_prediction,distance_ge_2,2136,0,0,0,0.0,,
15,31,test,test_other,distance_ge_2,57551,0,0,0,0.0,,
15,31,test,test_other,previous,2136,0,0,0,0.0,,
15,31,test,test_other,self,2136,0,0,0,0.0,,
16,0,demo,answer_prediction,distance_ge_2,8544,0,0,0,0.0,,
16,0,demo,demo,distance_ge_2,1000158,1476,1476,82,0.0014757668288410432,0.02664382509422819,0.045381976344184456
16,0,demo,demo,previous,8544,126,126,20,0.014747191011235955,0.10703296001468386,0.13475732963591341
16,0,demo,demo,self,8544,0,0,0,0.0,,
16,0,demo,test_other,distance_ge_2,451008,43,43,18,9.534198949907763e-05,0.005628024292893188,0.023340621551628724
16,0,test,answer_prediction,distance_ge_2,2136,6,6,4,0.0028089887640449437,0.0009407509739200274,0.005870169183860223
16,0,test,test_other,distance_ge_2,57551,345,345,82,0.005994682976837935,0.009159012590501241,0.014058176787111206
16,0,test,test_other,previous,2136,3,3,3,0.0014044943820224719,0.0,0.003002789589421203
16,0,test,test_other,self,2136,0,0,0,0.0,,
16,1,demo,answer_prediction,distance_ge_2,8544,0,0,0,0.0,,
16,1,demo,demo,distance_ge_2,1000158,2676,2676,87,0.002675577258793111,0.015018130415376554,0.008430136181402164
16,1,demo,demo,previous,8544,0,0,0,0.0,,
16,1,demo,demo,self,8544,0,0,0,0.0,,
16,1,demo,test_other,distance_ge_2,451008,75,75,27,0.00016629416773094935,0.0085258330606545,0.005132893908303231
16,1,test,answer_prediction,distance_ge_2,2136,223,223,76,0.10440074906367042,0.009607504149823191,0.003884534917943046
16,1,test,test_other,distance_ge_2,57551,447,447,83,0.007767024030859586,0.008428860170052073,0.011579008681230326
16,1,test,test_other,previous,2136,0,0,0,0.0,,
16,1,test,test_other,self,2136,0,0,0,0.0,,
16,2,demo,answer_prediction,distance_ge_2,8544,0,0,0,0.0,,
16,2,demo,demo,distance_ge_2,1000158,1596,1596,74,0.00159574787183625,0.015224248500969605,0.04957725792640151
16,2,demo,demo,previous,8544,276,276,40,0.032303370786516857,0.021245048501177866,0.16245234789380777
16,2,demo,demo,self,8544,0,0,0,0.0,,
16,2,demo,test_other,distance_ge_2,451008,938,938,81,0.00207978572442174,0.009545815068448255,0.020780934035785615
16,2,test,answer_prediction,distance_ge_2,2136,81,81,42,0.037921348314606744,0.008491741010436305,0.01169785274764707
16,2,test,test_other,distance_ge_2,57551,14,14,12,0.00024326249761081475,0.016864603917513574,0.014421555446980554
16,2,test,test_other,previous,2136,8,8,6,0.003745318352059925,0.012134838209021837,0.01129109546309337
16,2,test,test_other,self,2136,0,0,0,0.0,,
16,3,demo,answer_prediction,distance_ge_2,8544,0,0,0,0.0,,
16,3,demo,demo,distance_ge_2,1000158,0,0,0,0.0,,
16,3,demo,demo,previous,8544,0,0,0,0.0,,
16,3,demo,demo,self,8544,0,0,0,0.0,,
16,3,demo,test_other,distance_ge_2,451008,0,0,0,0.0,,
16,3,test,answer_prediction,distance_ge_2,2136,0,0,0,0.0,,
16,3,test,test_other,distance_ge_2,57551,0,0,0,0.0,,
16,3,test,test_other,previous,2136,0,0,0,0.0,,
16,3,test,test_other,self,2136,0,0,0,0.0,,
16,4,demo,answer_prediction,distance_ge_2,8544,0,0,0,0.0,,
16,4,demo,demo,distance_ge_2,1000158,108,108,12,0.00010798293869568608,0.02436480314160387,0.008758149402974933
16,4,demo,demo,previous,8544,0,0,0,0.0,,
16,4,demo,demo,self,8544,0,0,0,0.0,,
16,4,demo,test_other,distance_ge_2,451008,3,3,3,6.651766709237974e-06,0.0021595189658304057,0.029464659591515858
16,4,test,answer_prediction,distance_ge_2,2136,63,63,32,0.02949438202247191,0.014004668790943153,0.0016418251020479061
16,4,test,test_other,distance_ge_2,57551,28,28,18,0.0004865249952216295,0.015707806002215614,0.009717517249685313
16,4,test,test_other,previous,2136,0,0,0,0.0,,
16,4,test,test_other,self,2136,0,0,0,0.0,,
16,5,demo,answer_prediction,distance_ge_2,8544,0,0,0,0.0,,
16,5,demo,demo,distance_ge_2,1000158,36,36,6,3.599431289856203e-05,0.0,0.0031571111952265105
16,5,demo,demo,previous,8544,0,0,0,0.0,,
16,5,demo,demo,self,8544,0,0,0,0.0,,
16,5,demo,test_other,distance_ge_2,451008,1,1,1,2.2172555697459912e-06,0.0,0.013796829618513584
16,5,test,answer_prediction,distance_ge_2,2136,0,0,0,0.0,,
16,5,test,test_other,distance_ge_2,57551,5,5,5,8.687946343243385e-05,0.005457262508571148,0.026520213484764098
16,5,test,test_other,previous,2136,0,0,0,0.0,,
16,5,test,test_other,self,2136,0,0,0,0.0,,
16,6,demo,answer_prediction,distance_ge_2,8544,0,0,0,0.0,,
16,6,demo,demo,distance_ge_2,1000158,0,0,0,0.0,,
16,6,demo,demo,previous,8544,0,0,0,0.0,,
16,6,demo,demo,self,8544,0,0,0,0.0,,
16,6,demo,test_other,distance_ge_2,451008,0,0,0,0.0,,
16,6,test,answer_prediction,distance_ge_2,2136,0,0,0,0.0,,
16,6,test,test_other,distance_ge_2,57551,0,0,0,0.0,,
16,6,test,test_other,previous,2136,0,0,0,0.0,,
16,6,test,test_other,self,2136,0,0,0,0.0,,
16,7,demo,answer_prediction,distance_ge_2,8544,0,0,0,0.0,,
16,7,demo,demo,distance_ge_2,1000158,0,0,0,0.0,,
16,7,demo,demo,previous,8544,0,0,0,0.0,,
16,7,demo,demo,self,8544,0,0,0,0.0,,
16,7,demo,test_other,distance_ge_2,451008,0,0,0,0.0,,
16,7,test,answer_prediction,distance_ge_2,2136,0,0,0,0.0,,
16,7,test,test_other,distance_ge_2,57551,0,0,0,0.0,,
16,7,test,test_other,previous,2136,0,0,0,0.0,,
16,7,test,test_other,self,2136,0,0,0,0.0,,
16,8,demo,answer_prediction,distance_ge_2,8544,0,0,0,0.0,,
16,8,demo,demo,distance_ge_2,1000158,1998,1998,86,0.0019976843658701927,0.014003515769249165,0.0423778538066368
16,8,demo,demo,previous,8544,0,0,0,0.0,,
16,8,demo,demo,self,8544,0,0,0,0.0,,
16,8,demo,test_other,distance_ge_2,451008,11,11,8,2.4389811267205903e-05,0.027296016945249656,0.029717878353866665
16,8,test,answer_prediction,distance_ge_2,2136,0,0,0,0.0,,
16,8,test,test_other,distance_ge_2,57551,811,811,83,0.014091848968740769,0.010207426253427451,0.016365318699982034
16,8,test,test_other,previous,2136,0,0,0,0.0,,
16,8,test,test_other,self,2136,0,0,0,0.0,,
16,9,demo,answer_prediction,distance_ge_2,8544,0,0,0,0.0,,
16,9,demo,demo,distance_ge_2,1000158,0,0,0,0.0,,
16,9,demo,demo,previous,8544,0,0,0,0.0,,
16,9,demo,demo,self,8544,0,0,0,0.0,,
16,9,demo,test_other,distance_ge_2,451008,0,0,0,0.0,,
16,9,test,answer_prediction,distance_ge_2,2136,0,0,0,0.0,,
16,9,test,test_other,distance_ge_2,57551,0,0,0,0.0,,
16,9,test,test_other,previous,2136,0,0,0,0.0,,
16,9,test,test_other,self,2136,0,0,0,0.0,,
16,10,demo,answer_prediction,distance_ge_2,8544,0,0,0,0.0,,
16,10,demo,demo,distance_ge_2,1000158,0,0,0,0.0,,
16,10,demo,demo,previous,8544,0,0,0,0.0,,
16,10,demo,demo,self,8544,0,0,0,0.0,,
16,10,demo,test_other,distance_ge_2,451008,0,0,0,0.0,,
16,10,test,answer_prediction,distance_ge_2,2136,0,0,0,0.0,,
16,10,test,test_other,distance_ge_2,57551,0,0,0,0.0,,
16,10,test,test_other,previous,2136,0,0,0,0.0,,
16,10,test,test_other,self,2136,0,0,0,0.0,,
16,11,demo,answer_prediction,distance_ge_2,8544,0,0,0,0.0,,
16,11,demo,demo,distance_ge_2,1000158,12,12,2,1.1998104299520676e-05,0.0,0.0
16,11,demo,demo,previous,8544,0,0,0,0.0,,
16,11,demo,demo,self,8544,0,0,0,0.0,,
16,11,demo,test_other,distance_ge_2,451008,0,0,0,0.0,,
16,11,test,answer_prediction,distance_ge_2,2136,0,0,0,0.0,,
16,11,test,test_other,distance_ge_2,57551,1,1,1,1.737589268648677e-05,0.0,0.0
16,11,test,test_other,previous,2136,0,0,0,0.0,,
16,11,test,test_other,self,2136,0,0,0,0.0,,
16,12,demo,answer_prediction,distance_ge_2,8544,0,0,0,0.0,,
16,12,demo,demo,distance_ge_2,1000158,0,0,0,0.0,,
16,12,demo,demo,previous,8544,0,0,0,0.0,,
16,12,demo,demo,self,8544,0,0,0,0.0,,
16,12,demo,test_other,distance_ge_2,451008,0,0,0,0.0,,
16,12,test,answer_prediction,distance_ge_2,2136,0,0,0,0.0,,
16,12,test,test_other,distance_ge_2,57551,0,0,0,0.0,,
16,12,test,test_other,previous,2136,0,0,0,0.0,,
16,12,test,test_other,self,2136,0,0,0,0.0,,
16,13,demo,answer_prediction,distance_ge_2,8544,0,0,0,0.0,,
16,13,demo,demo,distance_ge_2,1000158,0,0,0,0.0,,
16,13,demo,demo,previous,8544,0,0,0,0.0,,
16,13,demo,demo,self,8544,0,0,0,0.0,,
16,13,demo,test_other,distance_ge_2,451008,0,0,0,0.0,,
16,13,test,answer_prediction,distance_ge_2,2136,0,0,0,0.0,,
16,13,test,test_other,distance_ge_2,57551,0,0,0,0.0,,
16,13,test,test_other,previous,2136,0,0,0,0.0,,
16,13,test,test_other,self,2136,0,0,0,0.0,,
16,14,demo,answer_prediction,distance_ge_2,8544,0,0,0,0.0,,
16,14,demo,demo,distance_ge_2,1000158,0,0,0,0.0,,
16,14,demo,demo,previous,8544,0,0,0,0.0,,
16,14,demo,demo,self,8544,0,0,0,0.0,,
16,14,demo,test_other,distance_ge_2,451008,0,0,0,0.0,,
16,14,test,answer_prediction,distance_ge_2,2136,0,0,0,0.0,,
16,14,test,test_other,distance_ge_2,57551,0,0,0,0.0,,
16,14,test,test_other,previous,2136,0,0,0,0.0,,
16,14,test,test_other,self,2136,0,0,0,0.0,,
16,15,demo,answer_prediction,distance_ge_2,8544,0,0,0,0.0,,
16,15,demo,demo,distance_ge_2,1000158,0,0,0,0.0,,
16,15,demo,demo,previous,8544,0,0,0,0.0,,
16,15,demo,demo,self,8544,0,0,0,0.0,,
16,15,demo,test_other,distance_ge_2,451008,0,0,0,0.0,,
16,15,test,answer_prediction,distance_ge_2,2136,0,0,0,0.0,,
16,15,test,test_other,distance_ge_2,57551,0,0,0,0.0,,
16,15,test,test_other,previous,2136,0,0,0,0.0,,
16,15,test,test_other,self,2136,0,0,0,0.0,,
16,16,demo,answer_prediction,distance_ge_2,8544,0,0,0,0.0,,
16,16,demo,demo,distance_ge_2,1000158,174,174,27,0.0001739725123430498,0.005628526103736341,0.022080542246714747
16,16,demo,demo,previous,8544,72,72,10,0.008426966292134831,0.017880467503952484,0.0011957755777984858
16,16,demo,demo,self,8544,0,0,0,0.0,,
16,16,demo,test_other,distance_ge_2,451008,0,0,0,0.0,,
16,16,test,answer_prediction,distance_ge_2,2136,0,0,0,0.0,,
16,16,test,test_other,distance_ge_2,57551,184,184,54,0.003197164254313565,0.010088101387104278,0.013867658111058003
16,16,test,test_other,previous,2136,41,41,36,0.019194756554307114,0.0072426373371854424,0.013004616242208769
16,16,test,test_other,self,2136,0,0,0,0.0,,
16,17,demo,answer_prediction,distance_ge_2,8544,0,0,0,0.0,,
16,17,demo,demo,distance_ge_2,1000158,660,660,55,0.0006598957364736371,0.03245338604531505,0.0707275483951283
16,17,demo,demo,previous,8544,48,48,8,0.0056179775280898875,0.0,0.0
16,17,demo,demo,self,8544,0,0,0,0.0,,
16,17,demo,test_other,distance_ge_2,451008,50,50,12,0.00011086277848729956,0.005633918531239033,0.012460291818715632
16,17,test,answer_prediction,distance_ge_2,2136,0,0,0,0.0,,
16,17,test,test_other,distance_ge_2,57551,21,21,9,0.00036489374641622216,0.021178519453055093,0.010883935239343416
16,17,test,test_other,previous,2136,3,3,1,0.0014044943820224719,0.008466945650676886,0.0
16,17,test,test_other,self,2136,3,3,1,0.0014044943820224719,0.0,0.014192053116858006
16,18,demo,answer_prediction,distance_ge_2,8544,0,0,0,0.0,,
16,18,demo,demo,distance_ge_2,1000158,144,144,15,0.00014397725159424811,0.03428484654674927,0.09732571662364838
16,18,demo,demo,previous,8544,30,30,5,0.0035112359550561797,0.0,0.2963702201843262
16,18,demo,demo,self,8544,0,0,0,0.0,,
16,18,demo,test_other,distance_ge_2,451008,2,2,1,4.4345111394919825e-06,0.0,0.0
16,18,test,answer_prediction,distance_ge_2,2136,0,0,0,0.0,,
16,18,test,test_other,distance_ge_2,57551,10,10,8,0.0001737589268648677,0.01705296617001295,0.011053681001067161
16,18,test,test_other,previous,2136,0,0,0,0.0,,
16,18,test,test_other,self,2136,1,1,1,0.00046816479400749064,0.0005167711642570794,0.042388975620269775
16,19,demo,answer_prediction,distance_ge_2,8544,0,0,0,0.0,,
16,19,demo,demo,distance_ge_2,1000158,198,198,32,0.00019796872094209115,0.014143191905917995,0.02377847441462706
16,19,demo,demo,previous,8544,12,12,2,0.0014044943820224719,0.07879404351115227,0.0
16,19,demo,demo,self,8544,0,0,0,0.0,,
16,19,demo,test_other,distance_ge_2,451008,10,10,5,2.217255569745991e-05,0.0024053256551269443,0.014497268199920654
16,19,test,answer_prediction,distance_ge_2,2136,0,0,0,0.0,,
16,19,test,test_other,distance_ge_2,57551,463,463,84,0.008045038313843374,0.0114529545440416,0.01433351757603713
16,19,test,test_other,previous,2136,20,20,18,0.009363295880149813,0.01685748894815333,0.012907315976917744
16,19,test,test_other,self,2136,0,0,0,0.0,,
16,20,demo,answer_prediction,distance_ge_2,8544,0,0,0,0.0,,
16,20,demo,demo,distance_ge_2,1000158,0,0,0,0.0,,
16,20,demo,demo,previous,8544,0,0,0,0.0,,
16,20,demo,demo,self,8544,0,0,0,0.0,,
16,20,demo,test_other,distance_ge_2,451008,0,0,0,0.0,,
16,20,test,answer_prediction,distance_ge_2,2136,0,0,0,0.0,,
16,20,test,test_other,distance_ge_2,57551,0,0,0,0.0,,
16,20,test,test_other,previous,2136,0,0,0,0.0,,
16,20,test,test_other,self,2136,0,0,0,0.0,,
16,21,demo,answer_prediction,distance_ge_2,8544,1,1,1,0.00011704119850187266,0.03341377153992653,0.0
16,21,demo,demo,distance_ge_2,1000158,2862,2862,89,0.0028615478754356813,0.025725630582809356,0.021227161657968327
16,21,demo,demo,previous,8544,6,6,1,0.0007022471910112359,0.10729965567588806,0.0
16,21,demo,demo,self,8544,0,0,0,0.0,,
16,21,demo,test_other,distance_ge_2,451008,42,42,15,9.312473392933163e-05,0.014818439698068514,0.015803217084058338
16,21,test,answer_prediction,distance_ge_2,2136,230,230,79,0.10767790262172285,0.010793851833011065,0.018308049117964086
16,21,test,test_other,distance_ge_2,57551,226,226,73,0.00392695174714601,0.01489827121670803,0.018850425573784975
16,21,test,test_other,previous,2136,0,0,0,0.0,,
16,21,test,test_other,self,2136,0,0,0,0.0,,
16,22,demo,answer_prediction,distance_ge_2,8544,0,0,0,0.0,,
16,22,demo,demo,distance_ge_2,1000158,1194,1194,71,0.0011938113778023072,0.01116019035287466,0.015826881360367934
16,22,demo,demo,previous,8544,0,0,0,0.0,,
16,22,demo,demo,self,8544,0,0,0,0.0,,
16,22,demo,test_other,distance_ge_2,451008,3,3,2,6.651766709237974e-06,0.022583463539679844,0.02190877248843511
16,22,test,answer_prediction,distance_ge_2,2136,0,0,0,0.0,,
16,22,test,test_other,distance_ge_2,57551,193,193,69,0.003353547288491946,0.007773945619408862,0.017861866332479593
16,22,test,test_other,previous,2136,1,1,1,0.00046816479400749064,0.0,0.04763165861368179
16,22,test,test_other,self,2136,0,0,0,0.0,,
16,23,demo,answer_prediction,distance_ge_2,8544,0,0,0,0.0,,
16,23,demo,demo,distance_ge_2,1000158,0,0,0,0.0,,
16,23,demo,demo,previous,8544,0,0,0,0.0,,
16,23,demo,demo,self,8544,0,0,0,0.0,,
16,23,demo,test_other,distance_ge_2,451008,0,0,0,0.0,,
16,23,test,answer_prediction,distance_ge_2,2136,0,0,0,0.0,,
16,23,test,test_other,distance_ge_2,57551,0,0,0,0.0,,
16,23,test,test_other,previous,2136,0,0,0,0.0,,
16,23,test,test_other,self,2136,0,0,0,0.0,,
16,24,demo,answer_prediction,distance_ge_2,8544,0,0,0,0.0,,
16,24,demo,demo,distance_ge_2,1000158,1128,1128,72,0.0011278218041549436,0.014204716059116726,0.02488274580439064
16,24,demo,demo,previous,8544,0,0,0,0.0,,
16,24,demo,demo,self,8544,0,0,0,0.0,,
16,24,demo,test_other,distance_ge_2,451008,15,15,5,3.325883354618987e-05,0.0021446364931762218,0.015316846097509067
16,24,test,answer_prediction,distance_ge_2,2136,68,68,35,0.031835205992509365,0.0110099076957661,0.021227563635500914
16,24,test,test_other,distance_ge_2,57551,170,170,68,0.0029539017567027505,0.011802707056802534,0.0157065083984087
16,24,test,test_other,previous,2136,0,0,0,0.0,,
16,24,test,test_other,self,2136,0,0,0,0.0,,
16,25,demo,answer_prediction,distance_ge_2,8544,0,0,0,0.0,,
16,25,demo,demo,distance_ge_2,1000158,6,6,1,5.999052149760338e-06,0.0,0.0
16,25,demo,demo,previous,8544,0,0,0,0.0,,
16,25,demo,demo,self,8544,0,0,0,0.0,,
16,25,demo,test_other,distance_ge_2,451008,0,0,0,0.0,,
16,25,test,answer_prediction,distance_ge_2,2136,0,0,0,0.0,,
16,25,test,test_other,distance_ge_2,57551,0,0,0,0.0,,
16,25,test,test_other,previous,2136,0,0,0,0.0,,
16,25,test,test_other,self,2136,0,0,0,0.0,,
16,26,demo,answer_prediction,distance_ge_2,8544,0,0,0,0.0,,
16,26,demo,demo,distance_ge_2,1000158,0,0,0,0.0,,
16,26,demo,demo,previous,8544,0,0,0,0.0,,
16,26,demo,demo,self,8544,0,0,0,0.0,,
16,26,demo,test_other,distance_ge_2,451008,0,0,0,0.0,,
16,26,test,answer_prediction,distance_ge_2,2136,0,0,0,0.0,,
16,26,test,test_other,distance_ge_2,57551,3,3,3,5.21276780594603e-05,0.007828771447141966,0.033240542747080326
16,26,test,test_other,previous,2136,0,0,0,0.0,,
16,26,test,test_other,self,2136,0,0,0,0.0,,
16,27,demo,answer_prediction,distance_ge_2,8544,0,0,0,0.0,,
16,27,demo,demo,distance_ge_2,1000158,0,0,0,0.0,,
16,27,demo,demo,previous,8544,0,0,0,0.0,,
16,27,demo,demo,self,8544,0,0,0,0.0,,
16,27,demo,test_other,distance_ge_2,451008,0,0,0,0.0,,
16,27,test,answer_prediction,distance_ge_2,2136,0,0,0,0.0,,
16,27,test,test_other,distance_ge_2,57551,0,0,0,0.0,,
16,27,test,test_other,previous,2136,0,0,0,0.0,,
16,27,test,test_other,self,2136,0,0,0,0.0,,
16,28,demo,answer_prediction,distance_ge_2,8544,0,0,0,0.0,,
16,28,demo,demo,distance_ge_2,1000158,0,0,0,0.0,,
16,28,demo,demo,previous,8544,0,0,0,0.0,,
16,28,demo,demo,self,8544,0,0,0,0.0,,
16,28,demo,test_other,distance_ge_2,451008,0,0,0,0.0,,
16,28,test,answer_prediction,distance_ge_2,2136,0,0,0,0.0,,
16,28,test,test_other,distance_ge_2,57551,0,0,0,0.0,,
16,28,test,test_other,previous,2136,0,0,0,0.0,,
16,28,test,test_other,self,2136,0,0,0,0.0,,
16,29,demo,answer_prediction,distance_ge_2,8544,0,0,0,0.0,,
16,29,demo,demo,distance_ge_2,1000158,0,0,0,0.0,,
16,29,demo,demo,previous,8544,0,0,0,0.0,,
16,29,demo,demo,self,8544,0,0,0,0.0,,
16,29,demo,test_other,distance_ge_2,451008,0,0,0,0.0,,
16,29,test,answer_prediction,distance_ge_2,2136,0,0,0,0.0,,
16,29,test,test_other,distance_ge_2,57551,0,0,0,0.0,,
16,29,test,test_other,previous,2136,0,0,0,0.0,,
16,29,test,test_other,self,2136,0,0,0,0.0,,
16,30,demo,answer_prediction,distance_ge_2,8544,0,0,0,0.0,,
16,30,demo,demo,distance_ge_2,1000158,0,0,0,0.0,,
16,30,demo,demo,previous,8544,0,0,0,0.0,,
16,30,demo,demo,self,8544,0,0,0,0.0,,
16,30,demo,test_other,distance_ge_2,451008,0,0,0,0.0,,
16,30,test,answer_prediction,distance_ge_2,2136,0,0,0,0.0,,
16,30,test,test_other,distance_ge_2,57551,5,5,2,8.687946343243385e-05,0.021113352105021476,0.00025697136297822
16,30,test,test_other,previous,2136,0,0,0,0.0,,
16,30,test,test_other,self,2136,0,0,0,0.0,,
16,31,demo,answer_prediction,distance_ge_2,8544,0,0,0,0.0,,
16,31,demo,demo,distance_ge_2,1000158,42,42,7,4.199336504832236e-05,0.022365482257945195,0.02356346835204888
16,31,demo,demo,previous,8544,12,12,2,0.0014044943820224719,0.0,0.10605330020189285
16,31,demo,demo,self,8544,0,0,0,0.0,,
16,31,demo,test_other,distance_ge_2,451008,0,0,0,0.0,,
16,31,test,answer_prediction,distance_ge_2,2136,23,23,14,0.010767790262172285,0.011670842797130994,0.020312551793682833
16,31,test,test_other,distance_ge_2,57551,15,15,13,0.0002606383902973015,0.017392893562403818,0.04206291443357865
16,31,test,test_other,previous,2136,14,14,6,0.006554307116104869,0.008174798717456204,0.03528289084455797
16,31,test,test_other,self,2136,0,0,0,0.0,,
17,0,demo,answer_prediction,distance_ge_2,8544,0,0,0,0.0,,
17,0,demo,demo,distance_ge_2,1000158,372,372,22,0.00037194123328514097,0.0322795783730364,0.06323469032643624
17,0,demo,demo,previous,8544,0,0,0,0.0,,
17,0,demo,demo,self,8544,30,30,5,0.0035112359550561797,0.0107195895165205,0.08188064179072778
17,0,demo,test_other,distance_ge_2,451008,41,41,11,9.090747835958564e-05,0.015133753755391098,0.029497612347235767
17,0,test,answer_prediction,distance_ge_2,2136,0,0,0,0.0,,
17,0,test,test_other,distance_ge_2,57551,2,2,1,3.475178537297354e-05,0.0072913384065032005,0.012634461745619774
17,0,test,test_other,previous,2136,0,0,0,0.0,,
17,0,test,test_other,self,2136,22,22,9,0.010299625468164793,0.007038208571347323,0.016441052059896967
17,1,demo,answer_prediction,distance_ge_2,8544,0,0,0,0.0,,
17,1,demo,demo,distance_ge_2,1000158,0,0,0,0.0,,
17,1,demo,demo,previous,8544,0,0,0,0.0,,
17,1,demo,demo,self,8544,0,0,0,0.0,,
17,1,demo,test_other,distance_ge_2,451008,0,0,0,0.0,,
17,1,test,answer_prediction,distance_ge_2,2136,0,0,0,0.0,,
17,1,test,test_other,distance_ge_2,57551,0,0,0,0.0,,
17,1,test,test_other,previous,2136,0,0,0,0.0,,
17,1,test,test_other,self,2136,2,2,1,0.0009363295880149813,0.009365052916109562,0.002594135934486985
17,2,demo,answer_prediction,distance_ge_2,8544,0,0,0,0.0,,
17,2,demo,demo,distance_ge_2,1000158,0,0,0,0.0,,
17,2,demo,demo,previous,8544,0,0,0,0.0,,
17,2,demo,demo,self,8544,0,0,0,0.0,,
17,2,demo,test_other,distance_ge_2,451008,0,0,0,0.0,,
17,2,test,answer_prediction,distance_ge_2,2136,0,0,0,0.0,,
17,2,test,test_other,distance_ge_2,57551,0,0,0,0.0,,
17,2,test,test_other,previous,2136,0,0,0,0.0,,
17,2,test,test_other,self,2136,0,0,0,0.0,,
17,3,demo,answer_prediction,distance_ge_2,8544,0,0,0,0.0,,
17,3,demo,demo,distance_ge_2,1000158,486,486,54,0.0004859232241305874,0.023519815121098984,0.04620070977581075
17,3,demo,demo,previous,8544,0,0,0,0.0,,
17,3,demo,demo,self,8544,12,12,2,0.0014044943820224719,0.0,0.05320250988006592
17,3,demo,test_other,distance_ge_2,451008,0,0,0,0.0,,
17,3,test,answer_prediction,distance_ge_2,2136,0,0,0,0.0,,
17,3,test,test_other,distance_ge_2,57551,3,3,1,5.21276780594603e-05,0.0007340769128253063,0.005168228720625241
17,3,test,test_other,previous,2136,0,0,0,0.0,,
17,3,test,test_other,self,2136,13,13,6,0.006086142322097378,0.021738704652167283,0.02959578620413175
17,4,demo,answer_prediction,distance_ge_2,8544,0,0,0,0.0,,
17,4,demo,demo,distance_ge_2,1000158,0,0,0,0.0,,
17,4,demo,demo,previous,8544,0,0,0,0.0,,
17,4,demo,demo,self,8544,0,0,0,0.0,,
17,4,demo,test_other,distance_ge_2,451008,0,0,0,0.0,,
17,4,test,answer_prediction,distance_ge_2,2136,0,0,0,0.0,,
17,4,test,test_other,distance_ge_2,57551,0,0,0,0.0,,
17,4,test,test_other,previous,2136,0,0,0,0.0,,
17,4,test,test_other,self,2136,0,0,0,0.0,,
17,5,demo,answer_prediction,distance_ge_2,8544,0,0,0,0.0,,
17,5,demo,demo,distance_ge_2,1000158,570,570,54,0.0005699099542272321,0.03633302257543332,0.004900269396603108
17,5,demo,demo,previous,8544,0,0,0,0.0,,
17,5,demo,demo,self,8544,0,0,0,0.0,,
17,5,demo,test_other,distance_ge_2,451008,1,1,1,2.2172555697459912e-06,0.03340883553028107,0.0
17,5,test,answer_prediction,distance_ge_2,2136,0,0,0,0.0,,
17,5,test,test_other,distance_ge_2,57551,65,65,34,0.00112943302462164,0.022062715012221956,0.0035103311386102667
17,5,test,test_other,previous,2136,0,0,0,0.0,,
17,5,test,test_other,self,2136,0,0,0,0.0,,
17,6,demo,answer_prediction,distance_ge_2,8544,0,0,0,0.0,,
17,6,demo,demo,distance_ge_2,1000158,0,0,0,0.0,,
17,6,demo,demo,previous,8544,0,0,0,0.0,,
17,6,demo,demo,self,8544,0,0,0,0.0,,
17,6,demo,test_other,distance_ge_2,451008,0,0,0,0.0,,
17,6,test,answer_prediction,distance_ge_2,2136,0,0,0,0.0,,
17,6,test,test_other,distance_ge_2,57551,1,1,1,1.737589268648677e-05,0.02343861013650894,0.0
17,6,test,test_other,previous,2136,0,0,0,0.0,,
17,6,test,test_other,self,2136,0,0,0,0.0,,
17,7,demo,answer_prediction,distance_ge_2,8544,0,0,0,0.0,,
17,7,demo,demo,distance_ge_2,1000158,0,0,0,0.0,,
17,7,demo,demo,previous,8544,0,0,0,0.0,,
17,7,demo,demo,self,8544,0,0,0,0.0,,
17,7,demo,test_other,distance_ge_2,451008,0,0,0,0.0,,
17,7,test,answer_prediction,distance_ge_2,2136,0,0,0,0.0,,
17,7,test,test_other,distance_ge_2,57551,0,0,0,0.0,,
17,7,test,test_other,previous,2136,0,0,0,0.0,,
17,7,test,test_other,self,2136,0,0,0,0.0,,
17,8,demo,answer_prediction,distance_ge_2,8544,0,0,0,0.0,,
17,8,demo,demo,distance_ge_2,1000158,864,864,62,0.0008638635095654886,0.016515544237066665,0.04000080119078996
17,8,demo,demo,previous,8544,66,66,11,0.007724719101123595,0.0045041340883031035,0.06016230617057194
17,8,demo,demo,self,8544,24,24,4,0.0028089887640449437,0.0,0.0
17,8,demo,test_other,distance_ge_2,451008,70,70,20,0.00015520788988221938,0.00221871981131179,0.03748819724257503
17,8,test,answer_prediction,distance_ge_2,2136,0,0,0,0.0,,
17,8,test,test_other,distance_ge_2,57551,57,57,25,0.0009904258831297458,0.008489173152543515,0.015350088673202615
17,8,test,test_other,previous,2136,18,18,8,0.008426966292134831,0.015012684899071852,0.003826326170787474
17,8,test,test_other,self,2136,6,6,3,0.0028089887640449437,0.0,0.01577046389381091
17,9,demo,answer_prediction,distance_ge_2,8544,0,0,0,0.0,,
17,9,demo,demo,distance_ge_2,1000158,0,0,0,0.0,,
17,9,demo,demo,previous,8544,0,0,0,0.0,,
17,9,demo,demo,self,8544,0,0,0,0.0,,
17,9,demo,test_other,distance_ge_2,451008,0,0,0,0.0,,
17,9,test,answer_prediction,distance_ge_2,2136,0,0,0,0.0,,
17,9,test,test_other,distance_ge_2,57551,0,0,0,0.0,,
17,9,test,test_other,previous,2136,0,0,0,0.0,,
17,9,test,test_other,self,2136,0,0,0,0.0,,
17,10,demo,answer_prediction,distance_ge_2,8544,0,0,0,0.0,,
17,10,demo,demo,distance_ge_2,1000158,0,0,0,0.0,,
17,10,demo,demo,previous,8544,0,0,0,0.0,,
17,10,demo,demo,self,8544,0,0,0,0.0,,
17,10,demo,test_other,distance_ge_2,451008,0,0,0,0.0,,
17,10,test,answer_prediction,distance_ge_2,2136,0,0,0,0.0,,
17,10,test,test_other,distance_ge_2,57551,0,0,0,0.0,,
17,10,test,test_other,previous,2136,0,0,0,0.0,,
17,10,test,test_other,self,2136,0,0,0,0.0,,
17,11,demo,answer_prediction,distance_ge_2,8544,0,0,0,0.0,,
17,11,demo,demo,distance_ge_2,1000158,0,0,0,0.0,,
17,11,demo,demo,previous,8544,0,0,0,0.0,,
17,11,demo,demo,self,8544,0,0,0,0.0,,
17,11,demo,test_other,distance_ge_2,451008,0,0,0,0.0,,
17,11,test,answer_prediction,distance_ge_2,2136,0,0,0,0.0,,
17,11,test,test_other,distance_ge_2,57551,0,0,0,0.0,,
17,11,test,test_other,previous,2136,0,0,0,0.0,,
17,11,test,test_other,self,2136,0,0,0,0.0,,
17,12,demo,answer_prediction,distance_ge_2,8544,0,0,0,0.0,,
17,12,demo,demo,distance_ge_2,1000158,0,0,0,0.0,,
17,12,demo,demo,previous,8544,0,0,0,0.0,,
17,12,demo,demo,self,8544,0,0,0,0.0,,
17,12,demo,test_other,distance_ge_2,451008,0,0,0,0.0,,
17,12,test,answer_prediction,distance_ge_2,2136,0,0,0,0.0,,
17,12,test,test_other,distance_ge_2,57551,0,0,0,0.0,,
17,12,test,test_other,previous,2136,0,0,0,0.0,,
17,12,test,test_other,self,2136,0,0,0,0.0,,
17,13,demo,answer_prediction,distance_ge_2,8544,0,0,0,0.0,,
17,13,demo,demo,distance_ge_2,1000158,828,828,57,0.0008278691966669266,0.03621079386276607,0.03420674356723042
17,13,demo,demo,previous,8544,366,366,49,0.042837078651685394,0.040426967716524556,0.08415457841690854
17,13,demo,demo,self,8544,6,6,1,0.0007022471910112359,0.06094154715538025,0.007598852273076773
17,13,demo,test_other,distance_ge_2,451008,211,211,14,0.00046784092521640416,0.011884056436674784,0.019371551361378563
17,13,test,answer_prediction,distance_ge_2,2136,0,0,0,0.0,,
17,13,test,test_other,distance_ge_2,57551,33,33,9,0.0005734044586540633,0.015485549430278215,0.011565565258603205
17,13,test,test_other,previous,2136,20,20,10,0.009363295880149813,0.018148546863812953,0.01825603567995131
17,13,test,test_other,self,2136,1,1,1,0.00046816479400749064,0.0,0.03772077336907387
17,14,demo,answer_prediction,distance_ge_2,8544,0,0,0,0.0,,
17,14,demo,demo,distance_ge_2,1000158,0,0,0,0.0,,
17,14,demo,demo,previous,8544,0,0,0,0.0,,
17,14,demo,demo,self,8544,0,0,0,0.0,,
17,14,demo,test_other,distance_ge_2,451008,0,0,0,0.0,,
17,14,test,answer_prediction,distance_ge_2,2136,0,0,0,0.0,,
17,14,test,test_other,distance_ge_2,57551,0,0,0,0.0,,
17,14,test,test_other,previous,2136,0,0,0,0.0,,
17,14,test,test_other,self,2136,0,0,0,0.0,,
17,15,demo,answer_prediction,distance_ge_2,8544,0,0,0,0.0,,
17,15,demo,demo,distance_ge_2,1000158,0,0,0,0.0,,
17,15,demo,demo,previous,8544,0,0,0,0.0,,
17,15,demo,demo,self,8544,0,0,0,0.0,,
17,15,demo,test_other,distance_ge_2,451008,0,0,0,0.0,,
17,15,test,answer_prediction,distance_ge_2,2136,0,0,0,0.0,,
17,15,test,test_other,distance_ge_2,57551,0,0,0,0.0,,
17,15,test,test_other,previous,2136,0,0,0,0.0,,
17,15,test,test_other,self,2136,0,0,0,0.0,,
17,16,demo,answer_prediction,distance_ge_2,8544,0,0,0,0.0,,
17,16,demo,demo,distance_ge_2,1000158,186,186,4,0.00018597061664257048,0.14043887625498477,0.06599941359011717
17,16,demo,demo,previous,8544,0,0,0,0.0,,
17,16,demo,demo,self,8544,0,0,0,0.0,,
17,16,demo,test_other,distance_ge_2,451008,36,36,4,7.982120051085569e-05,0.009915698070674099,0.01328832314175088
17,16,test,answer_prediction,distance_ge_2,2136,0,0,0,0.0,,
17,16,test,test_other,distance_ge_2,57551,0,0,0,0.0,,
17,16,test,test_other,previous,2136,0,0,0,0.0,,
17,16,test,test_other,self,2136,0,0,0,0.0,,
17,17,demo,answer_prediction,distance_ge_2,8544,0,0,0,0.0,,
17,17,demo,demo,distance_ge_2,1000158,0,0,0,0.0,,
17,17,demo,demo,previous,8544,0,0,0,0.0,,
17,17,demo,demo,self,8544,0,0,0,0.0,,
17,17,demo,test_other,distance_ge_2,451008,0,0,0,0.0,,
17,17,test,answer_prediction,distance_ge_2,2136,0,0,0,0.0,,
17,17,test,test_other,distance_ge_2,57551,0,0,0,0.0,,
17,17,test,test_other,previous,2136,0,0,0,0.0,,
17,17,test,test_other,self,2136,0,0,0,0.0,,
17,18,demo,answer_prediction,distance_ge_2,8544,0,0,0,0.0,,
17,18,demo,demo,distance_ge_2,1000158,1722,1722,79,0.001721727966981217,0.04416738264759571,0.02423640512336699
17,18,demo,demo,previous,8544,0,0,0,0.0,,
17,18,demo,demo,self,8544,0,0,0,0.0,,
17,18,demo,test_other,distance_ge_2,451008,590,590,80,0.0013081807861501347,0.009045265438390297,0.01692206364520135
17,18,test,answer_prediction,distance_ge_2,2136,0,0,0,0.0,,
17,18,test,test_other,distance_ge_2,57551,14,14,11,0.00024326249761081475,0.003336839373722406,0.013548553322574921
17,18,test,test_other,previous,2136,0,0,0,0.0,,
17,18,test,test_other,self,2136,1,1,1,0.00046816479400749064,0.0,0.012715496122837067
17,19,demo,answer_prediction,distance_ge_2,8544,0,0,0,0.0,,
17,19,demo,demo,distance_ge_2,1000158,0,0,0,0.0,,
17,19,demo,demo,previous,8544,0,0,0,0.0,,
17,19,demo,demo,self,8544,1020,1020,89,0.11938202247191011,0.05039391161545235,0.10023950752528275
17,19,demo,test_other,distance_ge_2,451008,0,0,0,0.0,,
17,19,test,answer_prediction,distance_ge_2,2136,0,0,0,0.0,,
17,19,test,test_other,distance_ge_2,57551,0,0,0,0.0,,
17,19,test,test_other,previous,2136,0,0,0,0.0,,
17,19,test,test_other,self,2136,0,0,0,0.0,,
17,20,demo,answer_prediction,distance_ge_2,8544,0,0,0,0.0,,
17,20,demo,demo,distance_ge_2,1000158,0,0,0,0.0,,
17,20,demo,demo,previous,8544,0,0,0,0.0,,
17,20,demo,demo,self,8544,0,0,0,0.0,,
17,20,demo,test_other,distance_ge_2,451008,0,0,0,0.0,,
17,20,test,answer_prediction,distance_ge_2,2136,0,0,0,0.0,,
17,20,test,test_other,distance_ge_2,57551,1,1,1,1.737589268648677e-05,0.0011635336559265852,0.016115747392177582
17,20,test,test_other,previous,2136,0,0,0,0.0,,
17,20,test,test_other,self,2136,0,0,0,0.0,,
17,21,demo,answer_prediction,distance_ge_2,8544,0,0,0,0.0,,
17,21,demo,demo,distance_ge_2,1000158,0,0,0,0.0,,
17,21,demo,demo,previous,8544,0,0,0,0.0,,
17,21,demo,demo,self,8544,0,0,0,0.0,,
17,21,demo,test_other,distance_ge_2,451008,0,0,0,0.0,,
17,21,test,answer_prediction,distance_ge_2,2136,0,0,0,0.0,,
17,21,test,test_other,distance_ge_2,57551,0,0,0,0.0,,
17,21,test,test_other,previous,2136,0,0,0,0.0,,
17,21,test,test_other,self,2136,0,0,0,0.0,,
17,22,demo,answer_prediction,distance_ge_2,8544,0,0,0,0.0,,
17,22,demo,demo,distance_ge_2,1000158,0,0,0,0.0,,
17,22,demo,demo,previous,8544,0,0,0,0.0,,
17,22,demo,demo,self,8544,0,0,0,0.0,,
17,22,demo,test_other,distance_ge_2,451008,0,0,0,0.0,,
17,22,test,answer_prediction,distance_ge_2,2136,0,0,0,0.0,,
17,22,test,test_other,distance_ge_2,57551,0,0,0,0.0,,
17,22,test,test_other,previous,2136,0,0,0,0.0,,
17,22,test,test_other,self,2136,0,0,0,0.0,,
17,23,demo,answer_prediction,distance_ge_2,8544,0,0,0,0.0,,
17,23,demo,demo,distance_ge_2,1000158,0,0,0,0.0,,
17,23,demo,demo,previous,8544,0,0,0,0.0,,
17,23,demo,demo,self,8544,0,0,0,0.0,,
17,23,demo,test_other,distance_ge_2,451008,0,0,0,0.0,,
17,23,test,answer_prediction,distance_ge_2,2136,0,0,0,0.0,,
17,23,test,test_other,distance_ge_2,57551,0,0,0,0.0,,
17,23,test,test_other,previous,2136,0,0,0,0.0,,
17,23,test,test_other,self,2136,0,0,0,0.0,,
17,24,demo,answer_prediction,distance_ge_2,8544,0,0,0,0.0,,
17,24,demo,demo,distance_ge_2,1000158,18,18,3,1.7997156449281014e-05,0.19568654398123422,0.0
17,24,demo,demo,previous,8544,0,0,0,0.0,,
17,24,demo,demo,self,8544,0,0,0,0.0,,
17,24,demo,test_other,distance_ge_2,451008,0,0,0,0.0,,
17,24,test,answer_prediction,distance_ge_2,2136,0,0,0,0.0,,
17,24,test,test_other,distance_ge_2,57551,21,21,13,0.00036489374641622216,0.06232012852671601,0.012364708485880069
17,24,test,test_other,previous,2136,0,0,0,0.0,,
17,24,test,test_other,self,2136,0,0,0,0.0,,
17,25,demo,answer_prediction,distance_ge_2,8544,0,0,0,0.0,,
17,25,demo,demo,distance_ge_2,1000158,0,0,0,0.0,,
17,25,demo,demo,previous,8544,0,0,0,0.0,,
17,25,demo,demo,self,8544,0,0,0,0.0,,
17,25,demo,test_other,distance_ge_2,451008,0,0,0,0.0,,
17,25,test,answer_prediction,distance_ge_2,2136,0,0,0,0.0,,
17,25,test,test_other,distance_ge_2,57551,0,0,0,0.0,,
17,25,test,test_other,previous,2136,0,0,0,0.0,,
17,25,test,test_other,self,2136,0,0,0,0.0,,
17,26,demo,answer_prediction,distance_ge_2,8544,0,0,0,0.0,,
17,26,demo,demo,distance_ge_2,1000158,330,330,37,0.00032994786823681857,0.016705252386798913,0.03858794505058816
17,26,demo,demo,previous,8544,0,0,0,0.0,,
17,26,demo,demo,self,8544,0,0,0,0.0,,
17,26,demo,test_other,distance_ge_2,451008,0,0,0,0.0,,
17,26,test,answer_prediction,distance_ge_2,2136,0,0,0,0.0,,
17,26,test,test_other,distance_ge_2,57551,59,59,27,0.0010251776685027193,0.008115181857246464,0.01450208526388821
17,26,test,test_other,previous,2136,0,0,0,0.0,,
17,26,test,test_other,self,2136,0,0,0,0.0,,
17,27,demo,answer_prediction,distance_ge_2,8544,0,0,0,0.0,,
17,27,demo,demo,distance_ge_2,1000158,0,0,0,0.0,,
17,27,demo,demo,previous,8544,0,0,0,0.0,,
17,27,demo,demo,self,8544,0,0,0,0.0,,
17,27,demo,test_other,distance_ge_2,451008,0,0,0,0.0,,
17,27,test,answer_prediction,distance_ge_2,2136,0,0,0,0.0,,
17,27,test,test_other,distance_ge_2,57551,0,0,0,0.0,,
17,27,test,test_other,previous,2136,0,0,0,0.0,,
17,27,test,test_other,self,2136,0,0,0,0.0,,
17,28,demo,answer_prediction,distance_ge_2,8544,0,0,0,0.0,,
17,28,demo,demo,distance_ge_2,1000158,0,0,0,0.0,,
17,28,demo,demo,previous,8544,0,0,0,0.0,,
17,28,demo,demo,self,8544,0,0,0,0.0,,
17,28,demo,test_other,distance_ge_2,451008,0,0,0,0.0,,
17,28,test,answer_prediction,distance_ge_2,2136,0,0,0,0.0,,
17,28,test,test_other,distance_ge_2,57551,0,0,0,0.0,,
17,28,test,test_other,previous,2136,0,0,0,0.0,,
17,28,test,test_other,self,2136,0,0,0,0.0,,
17,29,demo,answer_prediction,distance_ge_2,8544,0,0,0,0.0,,
17,29,demo,demo,distance_ge_2,1000158,0,0,0,0.0,,
17,29,demo,demo,previous,8544,0,0,0,0.0,,
17,29,demo,demo,self,8544,0,0,0,0.0,,
17,29,demo,test_other,distance_ge_2,451008,0,0,0,0.0,,
17,29,test,answer_prediction,distance_ge_2,2136,0,0,0,0.0,,
17,29,test,test_other,distance_ge_2,57551,0,0,0,0.0,,
17,29,test,test_other,previous,2136,0,0,0,0.0,,
17,29,test,test_other,self,2136,0,0,0,0.0,,
17,30,demo,answer_prediction,distance_ge_2,8544,0,0,0,0.0,,
17,30,demo,demo,distance_ge_2,1000158,0,0,0,0.0,,
17,30,demo,demo,previous,8544,0,0,0,0.0,,
17,30,demo,demo,self,8544,0,0,0,0.0,,
17,30,demo,test_other,distance_ge_2,451008,0,0,0,0.0,,
17,30,test,answer_prediction,distance_ge_2,2136,0,0,0,0.0,,
17,30,test,test_other,distance_ge_2,57551,0,0,0,0.0,,
17,30,test,test_other,previous,2136,0,0,0,0.0,,
17,30,test,test_other,self,2136,0,0,0,0.0,,
17,31,demo,answer_prediction,distance_ge_2,8544,0,0,0,0.0,,
17,31,demo,demo,distance_ge_2,1000158,2508,2508,87,0.0025076037985998214,0.0098940374275981,0.03475328844465446
17,31,demo,demo,previous,8544,0,0,0,0.0,,
17,31,demo,demo,self,8544,0,0,0,0.0,,
17,31,demo,test_other,distance_ge_2,451008,687,687,82,0.001523254576415496,0.0058479914771929434,0.018351797208004453
17,31,test,answer_prediction,distance_ge_2,2136,0,0,0,0.0,,
17,31,test,test_other,distance_ge_2,57551,5,5,4,8.687946343243385e-05,0.016681276634335516,0.0023186223581433294
17,31,test,test_other,previous,2136,0,0,0,0.0,,
17,31,test,test_other,self,2136,0,0,0,0.0,,
18,0,demo,answer_prediction,distance_ge_2,8544,0,0,0,0.0,,
18,0,demo,demo,distance_ge_2,1000158,0,0,0,0.0,,
18,0,demo,demo,previous,8544,0,0,0,0.0,,
18,0,demo,demo,self,8544,0,0,0,0.0,,
18,0,demo,test_other,distance_ge_2,451008,0,0,0,0.0,,
18,0,test,answer_prediction,distance_ge_2,2136,0,0,0,0.0,,
18,0,test,test_other,distance_ge_2,57551,0,0,0,0.0,,
18,0,test,test_other,previous,2136,0,0,0,0.0,,
18,0,test,test_other,self,2136,0,0,0,0.0,,
18,1,demo,answer_prediction,distance_ge_2,8544,0,0,0,0.0,,
18,1,demo,demo,distance_ge_2,1000158,0,0,0,0.0,,
18,1,demo,demo,previous,8544,0,0,0,0.0,,
18,1,demo,demo,self,8544,0,0,0,0.0,,
18,1,demo,test_other,distance_ge_2,451008,0,0,0,0.0,,
18,1,test,answer_prediction,distance_ge_2,2136,0,0,0,0.0,,
18,1,test,test_other,distance_ge_2,57551,0,0,0,0.0,,
18,1,test,test_other,previous,2136,0,0,0,0.0,,
18,1,test,test_other,self,2136,14,14,8,0.006554307116104869,0.008127333097425955,0.010793650090428335
18,2,demo,answer_prediction,distance_ge_2,8544,0,0,0,0.0,,
18,2,demo,demo,distance_ge_2,1000158,0,0,0,0.0,,
18,2,demo,demo,previous,8544,0,0,0,0.0,,
18,2,demo,demo,self,8544,0,0,0,0.0,,
18,2,demo,test_other,distance_ge_2,451008,0,0,0,0.0,,
18,2,test,answer_prediction,distance_ge_2,2136,0,0,0,0.0,,
18,2,test,test_other,distance_ge_2,57551,0,0,0,0.0,,
18,2,test,test_other,previous,2136,0,0,0,0.0,,
18,2,test,test_other,self,2136,0,0,0,0.0,,
18,3,demo,answer_prediction,distance_ge_2,8544,0,0,0,0.0,,
18,3,demo,demo,distance_ge_2,1000158,0,0,0,0.0,,
18,3,demo,demo,previous,8544,0,0,0,0.0,,
18,3,demo,demo,self,8544,0,0,0,0.0,,
18,3,demo,test_other,distance_ge_2,451008,0,0,0,0.0,,
18,3,test,answer_prediction,distance_ge_2,2136,0,0,0,0.0,,
18,3,test,test_other,distance_ge_2,57551,0,0,0,0.0,,
18,3,test,test_other,previous,2136,0,0,0,0.0,,
18,3,test,test_other,self,2136,0,0,0,0.0,,
18,4,demo,answer_prediction,distance_ge_2,8544,0,0,0,0.0,,
18,4,demo,demo,distance_ge_2,1000158,0,0,0,0.0,,
18,4,demo,demo,previous,8544,0,0,0,0.0,,
18,4,demo,demo,self,8544,0,0,0,0.0,,
18,4,demo,test_other,distance_ge_2,451008,0,0,0,0.0,,
18,4,test,answer_prediction,distance_ge_2,2136,0,0,0,0.0,,
18,4,test,test_other,distance_ge_2,57551,0,0,0,0.0,,
18,4,test,test_other,previous,2136,0,0,0,0.0,,
18,4,test,test_other,self,2136,0,0,0,0.0,,
18,5,demo,answer_prediction,distance_ge_2,8544,0,0,0,0.0,,
18,5,demo,demo,distance_ge_2,1000158,0,0,0,0.0,,
18,5,demo,demo,previous,8544,0,0,0,0.0,,
18,5,demo,demo,self,8544,0,0,0,0.0,,
18,5,demo,test_other,distance_ge_2,451008,0,0,0,0.0,,
18,5,test,answer_prediction,distance_ge_2,2136,0,0,0,0.0,,
18,5,test,test_other,distance_ge_2,57551,0,0,0,0.0,,
18,5,test,test_other,previous,2136,0,0,0,0.0,,
18,5,test,test_other,self,2136,0,0,0,0.0,,
18,6,demo,answer_prediction,distance_ge_2,8544,0,0,0,0.0,,
18,6,demo,demo,distance_ge_2,1000158,24,24,4,2.3996208599041352e-05,0.0,0.19306440651416779
18,6,demo,demo,previous,8544,0,0,0,0.0,,
18,6,demo,demo,self,8544,0,0,0,0.0,,
18,6,demo,test_other,distance_ge_2,451008,0,0,0,0.0,,
18,6,test,answer_prediction,distance_ge_2,2136,0,0,0,0.0,,
18,6,test,test_other,distance_ge_2,57551,2,2,1,3.475178537297354e-05,0.007382921874523163,0.028341256082057953
18,6,test,test_other,previous,2136,0,0,0,0.0,,
18,6,test,test_other,self,2136,0,0,0,0.0,,
18,7,demo,answer_prediction,distance_ge_2,8544,0,0,0,0.0,,
18,7,demo,demo,distance_ge_2,1000158,648,648,63,0.0006478976321741165,0.026971749223180887,0.008648608351287283
18,7,demo,demo,previous,8544,0,0,0,0.0,,
18,7,demo,demo,self,8544,0,0,0,0.0,,
18,7,demo,test_other,distance_ge_2,451008,0,0,0,0.0,,
18,7,test,answer_prediction,distance_ge_2,2136,0,0,0,0.0,,
18,7,test,test_other,distance_ge_2,57551,177,177,68,0.003075533005508158,0.01712257810342152,0.0062411947190330105
18,7,test,test_other,previous,2136,0,0,0,0.0,,
18,7,test,test_other,self,2136,0,0,0,0.0,,
18,8,demo,answer_prediction,distance_ge_2,8544,0,0,0,0.0,,
18,8,demo,demo,distance_ge_2,1000158,0,0,0,0.0,,
18,8,demo,demo,previous,8544,0,0,0,0.0,,
18,8,demo,demo,self,8544,0,0,0,0.0,,
18,8,demo,test_other,distance_ge_2,451008,0,0,0,0.0,,
18,8,test,answer_prediction,distance_ge_2,2136,0,0,0,0.0,,
18,8,test,test_other,distance_ge_2,57551,0,0,0,0.0,,
18,8,test,test_other,previous,2136,0,0,0,0.0,,
18,8,test,test_other,self,2136,0,0,0,0.0,,
18,9,demo,answer_prediction,distance_ge_2,8544,0,0,0,0.0,,
18,9,demo,demo,distance_ge_2,1000158,0,0,0,0.0,,
18,9,demo,demo,previous,8544,0,0,0,0.0,,
18,9,demo,demo,self,8544,0,0,0,0.0,,
18,9,demo,test_other,distance_ge_2,451008,0,0,0,0.0,,
18,9,test,answer_prediction,distance_ge_2,2136,0,0,0,0.0,,
18,9,test,test_other,distance_ge_2,57551,0,0,0,0.0,,
18,9,test,test_other,previous,2136,0,0,0,0.0,,
18,9,test,test_other,self,2136,0,0,0,0.0,,
18,10,demo,answer_prediction,distance_ge_2,8544,0,0,0,0.0,,
18,10,demo,demo,distance_ge_2,1000158,1002,1002,82,0.0010018417090099764,0.008912020500474228,0.019273638566574845
18,10,demo,demo,previous,8544,0,0,0,0.0,,
18,10,demo,demo,self,8544,0,0,0,0.0,,
18,10,demo,test_other,distance_ge_2,451008,28,28,13,6.208315595288775e-05,0.009672645479440689,0.009573098386421666
18,10,test,answer_prediction,distance_ge_2,2136,0,0,0,0.0,,
18,10,test,test_other,distance_ge_2,57551,228,228,81,0.003961703532518983,0.014600870533429674,0.00802925122224495
18,10,test,test_other,previous,2136,0,0,0,0.0,,
18,10,test,test_other,self,2136,0,0,0,0.0,,
18,11,demo,answer_prediction,distance_ge_2,8544,0,0,0,0.0,,
18,11,demo,demo,distance_ge_2,1000158,0,0,0,0.0,,
18,11,demo,demo,previous,8544,0,0,0,0.0,,
18,11,demo,demo,self,8544,0,0,0,0.0,,
18,11,demo,test_other,distance_ge_2,451008,0,0,0,0.0,,
18,11,test,answer_prediction,distance_ge_2,2136,0,0,0,0.0,,
18,11,test,test_other,distance_ge_2,57551,0,0,0,0.0,,
18,11,test,test_other,previous,2136,0,0,0,0.0,,
18,11,test,test_other,self,2136,0,0,0,0.0,,
18,12,demo,answer_prediction,distance_ge_2,8544,0,0,0,0.0,,
18,12,demo,demo,distance_ge_2,1000158,0,0,0,0.0,,
18,12,demo,demo,previous,8544,0,0,0,0.0,,
18,12,demo,demo,self,8544,0,0,0,0.0,,
18,12,demo,test_other,distance_ge_2,451008,0,0,0,0.0,,
18,12,test,answer_prediction,distance_ge_2,2136,0,0,0,0.0,,
18,12,test,test_other,distance_ge_2,57551,0,0,0,0.0,,
18,12,test,test_other,previous,2136,0,0,0,0.0,,
18,12,test,test_other,self,2136,0,0,0,0.0,,
18,13,demo,answer_prediction,distance_ge_2,8544,0,0,0,0.0,,
18,13,demo,demo,distance_ge_2,1000158,0,0,0,0.0,,
18,13,demo,demo,previous,8544,0,0,0,0.0,,
18,13,demo,demo,self,8544,0,0,0,0.0,,
18,13,demo,test_other,distance_ge_2,451008,0,0,0,0.0,,
18,13,test,answer_prediction,distance_ge_2,2136,0,0,0,0.0,,
18,13,test,test_other,distance_ge_2,57551,0,0,0,0.0,,
18,13,test,test_other,previous,2136,0,0,0,0.0,,
18,13,test,test_other,self,2136,0,0,0,0.0,,
18,14,demo,answer_prediction,distance_ge_2,8544,0,0,0,0.0,,
18,14,demo,demo,distance_ge_2,1000158,0,0,0,0.0,,
18,14,demo,demo,previous,8544,0,0,0,0.0,,
18,14,demo,demo,self,8544,0,0,0,0.0,,
18,14,demo,test_other,distance_ge_2,451008,0,0,0,0.0,,
18,14,test,answer_prediction,distance_ge_2,2136,0,0,0,0.0,,
18,14,test,test_other,distance_ge_2,57551,0,0,0,0.0,,
18,14,test,test_other,previous,2136,0,0,0,0.0,,
18,14,test,test_other,self,2136,0,0,0,0.0,,
18,15,demo,answer_prediction,distance_ge_2,8544,0,0,0,0.0,,
18,15,demo,demo,distance_ge_2,1000158,384,384,34,0.00038393933758466164,0.043510075508190006,0.03414881796258366
18,15,demo,demo,previous,8544,78,78,12,0.009129213483146067,0.008685584938249145,0.028314736982186634
18,15,demo,demo,self,8544,0,0,0,0.0,,
18,15,demo,test_other,distance_ge_2,451008,42,42,15,9.312473392933163e-05,0.018747052355181603,0.021646316307375117
18,15,test,answer_prediction,distance_ge_2,2136,0,0,0,0.0,,
18,15,test,test_other,distance_ge_2,57551,40,40,17,0.0006950357074594708,0.027814191818470134,0.013070004904875532
18,15,test,test_other,previous,2136,5,5,2,0.0023408239700374533,0.021620263531804084,0.011083810031414032
18,15,test,test_other,self,2136,0,0,0,0.0,,
18,16,demo,answer_prediction,distance_ge_2,8544,0,0,0,0.0,,
18,16,demo,demo,distance_ge_2,1000158,0,0,0,0.0,,
18,16,demo,demo,previous,8544,0,0,0,0.0,,
18,16,demo,demo,self,8544,0,0,0,0.0,,
18,16,demo,test_other,distance_ge_2,451008,0,0,0,0.0,,
18,16,test,answer_prediction,distance_ge_2,2136,0,0,0,0.0,,
18,16,test,test_other,distance_ge_2,57551,0,0,0,0.0,,
18,16,test,test_other,previous,2136,0,0,0,0.0,,
18,16,test,test_other,self,2136,0,0,0,0.0,,
18,17,demo,answer_prediction,distance_ge_2,8544,0,0,0,0.0,,
18,17,demo,demo,distance_ge_2,1000158,0,0,0,0.0,,
18,17,demo,demo,previous,8544,0,0,0,0.0,,
18,17,demo,demo,self,8544,0,0,0,0.0,,
18,17,demo,test_other,distance_ge_2,451008,0,0,0,0.0,,
18,17,test,answer_prediction,distance_ge_2,2136,0,0,0,0.0,,
18,17,test,test_other,distance_ge_2,57551,0,0,0,0.0,,
18,17,test,test_other,previous,2136,0,0,0,0.0,,
18,17,test,test_other,self,2136,0,0,0,0.0,,
18,18,demo,answer_prediction,distance_ge_2,8544,0,0,0,0.0,,
18,18,demo,demo,distance_ge_2,1000158,108,108,16,0.00010798293869568608,0.015914342452392535,0.02217248801348938
18,18,demo,demo,previous,8544,36,36,6,0.004213483146067416,0.017414358134071033,0.014156118656198183
18,18,demo,demo,self,8544,0,0,0,0.0,,
18,18,demo,test_other,distance_ge_2,451008,7,7,3,1.5520788988221938e-05,0.0,0.0
18,18,test,answer_prediction,distance_ge_2,2136,0,0,0,0.0,,
18,18,test,test_other,distance_ge_2,57551,22,22,14,0.00038226963910270893,0.010889215192450634,0.019558079879392277
18,18,test,test_other,previous,2136,3,3,2,0.0014044943820224719,0.026073902224500973,0.005937946029007435
18,18,test,test_other,self,2136,0,0,0,0.0,,
18,19,demo,answer_prediction,distance_ge_2,8544,0,0,0,0.0,,
18,19,demo,demo,distance_ge_2,1000158,426,426,48,0.000425932702632984,0.01845278587419662,0.0061186289175920745
18,19,demo,demo,previous,8544,72,72,10,0.008426966292134831,0.017494691328869924,0.023720430307245504
18,19,demo,demo,self,8544,0,0,0,0.0,,
18,19,demo,test_other,distance_ge_2,451008,0,0,0,0.0,,
18,19,test,answer_prediction,distance_ge_2,2136,0,0,0,0.0,,
18,19,test,test_other,distance_ge_2,57551,159,159,63,0.0027627669371513962,0.01819097338844334,0.005949283129106014
18,19,test,test_other,previous,2136,4,4,4,0.0018726591760299626,0.006706611951813102,0.009468588046729565
18,19,test,test_other,self,2136,0,0,0,0.0,,
18,20,demo,answer_prediction,distance_ge_2,8544,0,0,0,0.0,,
18,20,demo,demo,distance_ge_2,1000158,0,0,0,0.0,,
18,20,demo,demo,previous,8544,0,0,0,0.0,,
18,20,demo,demo,self,8544,0,0,0,0.0,,
18,20,demo,test_other,distance_ge_2,451008,0,0,0,0.0,,
18,20,test,answer_prediction,distance_ge_2,2136,0,0,0,0.0,,
18,20,test,test_other,distance_ge_2,57551,0,0,0,0.0,,
18,20,test,test_other,previous,2136,0,0,0,0.0,,
18,20,test,test_other,self,2136,0,0,0,0.0,,
18,21,demo,answer_prediction,distance_ge_2,8544,0,0,0,0.0,,
18,21,demo,demo,distance_ge_2,1000158,0,0,0,0.0,,
18,21,demo,demo,previous,8544,0,0,0,0.0,,
18,21,demo,demo,self,8544,0,0,0,0.0,,
18,21,demo,test_other,distance_ge_2,451008,0,0,0,0.0,,
18,21,test,answer_prediction,distance_ge_2,2136,0,0,0,0.0,,
18,21,test,test_other,distance_ge_2,57551,0,0,0,0.0,,
18,21,test,test_other,previous,2136,0,0,0,0.0,,
18,21,test,test_other,self,2136,0,0,0,0.0,,
18,22,demo,answer_prediction,distance_ge_2,8544,0,0,0,0.0,,
18,22,demo,demo,distance_ge_2,1000158,18,18,3,1.7997156449281014e-05,0.01849709947903951,0.024723138349751633
18,22,demo,demo,previous,8544,0,0,0,0.0,,
18,22,demo,demo,self,8544,0,0,0,0.0,,
18,22,demo,test_other,distance_ge_2,451008,0,0,0,0.0,,
18,22,test,answer_prediction,distance_ge_2,2136,0,0,0,0.0,,
18,22,test,test_other,distance_ge_2,57551,37,37,19,0.0006429080294000104,0.006332826690521796,0.014387437274578857
18,22,test,test_other,previous,2136,0,0,0,0.0,,
18,22,test,test_other,self,2136,0,0,0,0.0,,
18,23,demo,answer_prediction,distance_ge_2,8544,0,0,0,0.0,,
18,23,demo,demo,distance_ge_2,1000158,0,0,0,0.0,,
18,23,demo,demo,previous,8544,0,0,0,0.0,,
18,23,demo,demo,self,8544,0,0,0,0.0,,
18,23,demo,test_other,distance_ge_2,451008,0,0,0,0.0,,
18,23,test,answer_prediction,distance_ge_2,2136,0,0,0,0.0,,
18,23,test,test_other,distance_ge_2,57551,0,0,0,0.0,,
18,23,test,test_other,previous,2136,0,0,0,0.0,,
18,23,test,test_other,self,2136,0,0,0,0.0,,
18,24,demo,answer_prediction,distance_ge_2,8544,0,0,0,0.0,,
18,24,demo,demo,distance_ge_2,1000158,0,0,0,0.0,,
18,24,demo,demo,previous,8544,0,0,0,0.0,,
18,24,demo,demo,self,8544,0,0,0,0.0,,
18,24,demo,test_other,distance_ge_2,451008,0,0,0,0.0,,
18,24,test,answer_prediction,distance_ge_2,2136,0,0,0,0.0,,
18,24,test,test_other,distance_ge_2,57551,0,0,0,0.0,,
18,24,test,test_other,previous,2136,0,0,0,0.0,,
18,24,test,test_other,self,2136,0,0,0,0.0,,
18,25,demo,answer_prediction,distance_ge_2,8544,0,0,0,0.0,,
18,25,demo,demo,distance_ge_2,1000158,24,24,4,2.3996208599041352e-05,0.006286988384090364,0.023485084995627403
18,25,demo,demo,previous,8544,0,0,0,0.0,,
18,25,demo,demo,self,8544,0,0,0,0.0,,
18,25,demo,test_other,distance_ge_2,451008,17,17,7,3.769334468568185e-05,0.007238262990380035,0.014690023573005901
18,25,test,answer_prediction,distance_ge_2,2136,0,0,0,0.0,,
18,25,test,test_other,distance_ge_2,57551,5,5,5,8.687946343243385e-05,0.005336503777652979,0.0
18,25,test,test_other,previous,2136,0,0,0,0.0,,
18,25,test,test_other,self,2136,0,0,0,0.0,,
18,26,demo,answer_prediction,distance_ge_2,8544,0,0,0,0.0,,
18,26,demo,demo,distance_ge_2,1000158,474,474,45,0.0004739251198310667,0.016173155757280278,0.021251806362781612
18,26,demo,demo,previous,8544,0,0,0,0.0,,
18,26,demo,demo,self,8544,0,0,0,0.0,,
18,26,demo,test_other,distance_ge_2,451008,27,27,13,5.986590038314176e-05,0.00862118489695368,0.013150636430105401
18,26,test,answer_prediction,distance_ge_2,2136,3,3,2,0.0014044943820224719,0.0026163647222953537,0.021098869542280834
18,26,test,test_other,distance_ge_2,57551,102,102,47,0.0017723410540216504,0.004187856052143901,0.01714377872778249
18,26,test,test_other,previous,2136,4,4,1,0.0018726591760299626,0.002425189595669508,0.02243708912283182
18,26,test,test_other,self,2136,0,0,0,0.0,,
18,27,demo,answer_prediction,distance_ge_2,8544,0,0,0,0.0,,
18,27,demo,demo,distance_ge_2,1000158,0,0,0,0.0,,
18,27,demo,demo,previous,8544,0,0,0,0.0,,
18,27,demo,demo,self,8544,0,0,0,0.0,,
18,27,demo,test_other,distance_ge_2,451008,0,0,0,0.0,,
18,27,test,answer_prediction,distance_ge_2,2136,0,0,0,0.0,,
18,27,test,test_other,distance_ge_2,57551,0,0,0,0.0,,
18,27,test,test_other,previous,2136,0,0,0,0.0,,
18,27,test,test_other,self,2136,0,0,0,0.0,,
18,28,demo,answer_prediction,distance_ge_2,8544,0,0,0,0.0,,
18,28,demo,demo,distance_ge_2,1000158,0,0,0,0.0,,
18,28,demo,demo,previous,8544,0,0,0,0.0,,
18,28,demo,demo,self,8544,0,0,0,0.0,,
18,28,demo,test_other,distance_ge_2,451008,0,0,0,0.0,,
18,28,test,answer_prediction,distance_ge_2,2136,0,0,0,0.0,,
18,28,test,test_other,distance_ge_2,57551,0,0,0,0.0,,
18,28,test,test_other,previous,2136,0,0,0,0.0,,
18,28,test,test_other,self,2136,0,0,0,0.0,,
18,29,demo,answer_prediction,distance_ge_2,8544,0,0,0,0.0,,
18,29,demo,demo,distance_ge_2,1000158,0,0,0,0.0,,
18,29,demo,demo,previous,8544,0,0,0,0.0,,
18,29,demo,demo,self,8544,0,0,0,0.0,,
18,29,demo,test_other,distance_ge_2,451008,0,0,0,0.0,,
18,29,test,answer_prediction,distance_ge_2,2136,0,0,0,0.0,,
18,29,test,test_other,distance_ge_2,57551,0,0,0,0.0,,
18,29,test,test_other,previous,2136,0,0,0,0.0,,
18,29,test,test_other,self,2136,0,0,0,0.0,,
18,30,demo,answer_prediction,distance_ge_2,8544,0,0,0,0.0,,
18,30,demo,demo,distance_ge_2,1000158,1266,1266,54,0.0012658000035994314,0.07318976640233793,0.04370274944560114
18,30,demo,demo,previous,8544,210,210,29,0.02457865168539326,0.000253743922803551,0.009860077659998622
18,30,demo,demo,self,8544,558,558,65,0.06530898876404495,0.046511615501336194,0.0371680897664726
18,30,demo,test_other,distance_ge_2,451008,128,128,12,0.0002838087129274869,0.008574020745754751,0.006656139883830292
18,30,test,answer_prediction,distance_ge_2,2136,0,0,0,0.0,,
18,30,test,test_other,distance_ge_2,57551,29,29,12,0.0005039008879081163,0.004989474737346333,0.014123663755840269
18,30,test,test_other,previous,2136,9,9,5,0.004213483146067416,0.0,0.0
18,30,test,test_other,self,2136,41,41,15,0.019194756554307114,0.027099986631627673,0.008703153398705692
18,31,demo,answer_prediction,distance_ge_2,8544,0,0,0,0.0,,
18,31,demo,demo,distance_ge_2,1000158,0,0,0,0.0,,
18,31,demo,demo,previous,8544,0,0,0,0.0,,
18,31,demo,demo,self,8544,0,0,0,0.0,,
18,31,demo,test_other,distance_ge_2,451008,0,0,0,0.0,,
18,31,test,answer_prediction,distance_ge_2,2136,0,0,0,0.0,,
18,31,test,test_other,distance_ge_2,57551,0,0,0,0.0,,
18,31,test,test_other,previous,2136,0,0,0,0.0,,
18,31,test,test_other,self,2136,0,0,0,0.0,,
19,0,demo,answer_prediction,distance_ge_2,8544,0,0,0,0.0,,
19,0,demo,demo,distance_ge_2,1000158,0,0,0,0.0,,
19,0,demo,demo,previous,8544,0,0,0,0.0,,
19,0,demo,demo,self,8544,0,0,0,0.0,,
19,0,demo,test_other,distance_ge_2,451008,0,0,0,0.0,,
19,0,test,answer_prediction,distance_ge_2,2136,0,0,0,0.0,,
19,0,test,test_other,distance_ge_2,57551,4,4,2,6.950357074594707e-05,0.014165145810693502,0.014903593546478078
19,0,test,test_other,previous,2136,0,0,0,0.0,,
19,0,test,test_other,self,2136,0,0,0,0.0,,
19,1,demo,answer_prediction,distance_ge_2,8544,0,0,0,0.0,,
19,1,demo,demo,distance_ge_2,1000158,0,0,0,0.0,,
19,1,demo,demo,previous,8544,0,0,0,0.0,,
19,1,demo,demo,self,8544,0,0,0,0.0,,
19,1,demo,test_other,distance_ge_2,451008,0,0,0,0.0,,
19,1,test,answer_prediction,distance_ge_2,2136,0,0,0,0.0,,
19,1,test,test_other,distance_ge_2,57551,0,0,0,0.0,,
19,1,test,test_other,previous,2136,0,0,0,0.0,,
19,1,test,test_other,self,2136,0,0,0,0.0,,
19,2,demo,answer_prediction,distance_ge_2,8544,0,0,0,0.0,,
19,2,demo,demo,distance_ge_2,1000158,0,0,0,0.0,,
19,2,demo,demo,previous,8544,0,0,0,0.0,,
19,2,demo,demo,self,8544,0,0,0,0.0,,
19,2,demo,test_other,distance_ge_2,451008,0,0,0,0.0,,
19,2,test,answer_prediction,distance_ge_2,2136,0,0,0,0.0,,
19,2,test,test_other,distance_ge_2,57551,0,0,0,0.0,,
19,2,test,test_other,previous,2136,0,0,0,0.0,,
19,2,test,test_other,self,2136,0,0,0,0.0,,
19,3,demo,answer_prediction,distance_ge_2,8544,0,0,0,0.0,,
19,3,demo,demo,distance_ge_2,1000158,0,0,0,0.0,,
19,3,demo,demo,previous,8544,0,0,0,0.0,,
19,3,demo,demo,self,8544,0,0,0,0.0,,
19,3,demo,test_other,distance_ge_2,451008,0,0,0,0.0,,
19,3,test,answer_prediction,distance_ge_2,2136,0,0,0,0.0,,
19,3,test,test_other,distance_ge_2,57551,0,0,0,0.0,,
19,3,test,test_other,previous,2136,0,0,0,0.0,,
19,3,test,test_other,self,2136,0,0,0,0.0,,
19,4,demo,answer_prediction,distance_ge_2,8544,0,0,0,0.0,,
19,4,demo,demo,distance_ge_2,1000158,0,0,0,0.0,,
19,4,demo,demo,previous,8544,0,0,0,0.0,,
19,4,demo,demo,self,8544,0,0,0,0.0,,
19,4,demo,test_other,distance_ge_2,451008,0,0,0,0.0,,
19,4,test,answer_prediction,distance_ge_2,2136,0,0,0,0.0,,
19,4,test,test_other,distance_ge_2,57551,0,0,0,0.0,,
19,4,test,test_other,previous,2136,0,0,0,0.0,,
19,4,test,test_other,self,2136,0,0,0,0.0,,
19,5,demo,answer_prediction,distance_ge_2,8544,0,0,0,0.0,,
19,5,demo,demo,distance_ge_2,1000158,942,942,63,0.0009418511875123731,0.042240017005726854,0.08082280455517035
19,5,demo,demo,previous,8544,498,498,64,0.05828651685393258,0.018144689769629973,0.08017347626393684
19,5,demo,demo,self,8544,0,0,0,0.0,,
19,5,demo,test_other,distance_ge_2,451008,59,59,11,0.00013081807861501347,0.014231709439812576,0.00795042384277745
19,5,test,answer_prediction,distance_ge_2,2136,0,0,0,0.0,,
19,5,test,test_other,distance_ge_2,57551,85,85,14,0.0014769508783513752,0.010997279972755625,0.022124747355016607
19,5,test,test_other,previous,2136,33,33,13,0.01544943820224719,0.0,0.002319645566978689
19,5,test,test_other,self,2136,5,5,1,0.0023408239700374533,0.0017863408196717502,0.0
19,6,demo,answer_prediction,distance_ge_2,8544,0,0,0,0.0,,
19,6,demo,demo,distance_ge_2,1000158,0,0,0,0.0,,
19,6,demo,demo,previous,8544,0,0,0,0.0,,
19,6,demo,demo,self,8544,0,0,0,0.0,,
19,6,demo,test_other,distance_ge_2,451008,0,0,0,0.0,,
19,6,test,answer_prediction,distance_ge_2,2136,0,0,0,0.0,,
19,6,test,test_other,distance_ge_2,57551,0,0,0,0.0,,
19,6,test,test_other,previous,2136,0,0,0,0.0,,
19,6,test,test_other,self,2136,0,0,0,0.0,,
19,7,demo,answer_prediction,distance_ge_2,8544,0,0,0,0.0,,
19,7,demo,demo,distance_ge_2,1000158,0,0,0,0.0,,
19,7,demo,demo,previous,8544,1434,1434,89,0.1678370786516854,0.013025572799169556,0.028042713554272094
19,7,demo,demo,self,8544,0,0,0,0.0,,
19,7,demo,test_other,distance_ge_2,451008,0,0,0,0.0,,
19,7,test,answer_prediction,distance_ge_2,2136,0,0,0,0.0,,
19,7,test,test_other,distance_ge_2,57551,0,0,0,0.0,,
19,7,test,test_other,previous,2136,480,480,89,0.2247191011235955,0.007938388507803514,0.015730824549973477
19,7,test,test_other,self,2136,0,0,0,0.0,,
19,8,demo,answer_prediction,distance_ge_2,8544,0,0,0,0.0,,
19,8,demo,demo,distance_ge_2,1000158,0,0,0,0.0,,
19,8,demo,demo,previous,8544,0,0,0,0.0,,
19,8,demo,demo,self,8544,0,0,0,0.0,,
19,8,demo,test_other,distance_ge_2,451008,0,0,0,0.0,,
19,8,test,answer_prediction,distance_ge_2,2136,0,0,0,0.0,,
19,8,test,test_other,distance_ge_2,57551,0,0,0,0.0,,
19,8,test,test_other,previous,2136,0,0,0,0.0,,
19,8,test,test_other,self,2136,0,0,0,0.0,,
19,9,demo,answer_prediction,distance_ge_2,8544,0,0,0,0.0,,
19,9,demo,demo,distance_ge_2,1000158,0,0,0,0.0,,
19,9,demo,demo,previous,8544,0,0,0,0.0,,
19,9,demo,demo,self,8544,0,0,0,0.0,,
19,9,demo,test_other,distance_ge_2,451008,0,0,0,0.0,,
19,9,test,answer_prediction,distance_ge_2,2136,0,0,0,0.0,,
19,9,test,test_other,distance_ge_2,57551,0,0,0,0.0,,
19,9,test,test_other,previous,2136,0,0,0,0.0,,
19,9,test,test_other,self,2136,0,0,0,0.0,,
19,10,demo,answer_prediction,distance_ge_2,8544,0,0,0,0.0,,
19,10,demo,demo,distance_ge_2,1000158,0,0,0,0.0,,
19,10,demo,demo,previous,8544,0,0,0,0.0,,
19,10,demo,demo,self,8544,0,0,0,0.0,,
19,10,demo,test_other,distance_ge_2,451008,0,0,0,0.0,,
19,10,test,answer_prediction,distance_ge_2,2136,0,0,0,0.0,,
19,10,test,test_other,distance_ge_2,57551,0,0,0,0.0,,
19,10,test,test_other,previous,2136,0,0,0,0.0,,
19,10,test,test_other,self,2136,0,0,0,0.0,,
19,11,demo,answer_prediction,distance_ge_2,8544,0,0,0,0.0,,
19,11,demo,demo,distance_ge_2,1000158,0,0,0,0.0,,
19,11,demo,demo,previous,8544,0,0,0,0.0,,
19,11,demo,demo,self,8544,0,0,0,0.0,,
19,11,demo,test_other,distance_ge_2,451008,0,0,0,0.0,,
19,11,test,answer_prediction,distance_ge_2,2136,0,0,0,0.0,,
19,11,test,test_other,distance_ge_2,57551,0,0,0,0.0,,
19,11,test,test_other,previous,2136,0,0,0,0.0,,
19,11,test,test_other,self,2136,0,0,0,0.0,,
19,12,demo,answer_prediction,distance_ge_2,8544,0,0,0,0.0,,
19,12,demo,demo,distance_ge_2,1000158,0,0,0,0.0,,
19,12,demo,demo,previous,8544,0,0,0,0.0,,
19,12,demo,demo,self,8544,0,0,0,0.0,,
19,12,demo,test_other,distance_ge_2,451008,0,0,0,0.0,,
19,12,test,answer_prediction,distance_ge_2,2136,0,0,0,0.0,,
19,12,test,test_other,distance_ge_2,57551,0,0,0,0.0,,
19,12,test,test_other,previous,2136,0,0,0,0.0,,
19,12,test,test_other,self,2136,0,0,0,0.0,,
19,13,demo,answer_prediction,distance_ge_2,8544,0,0,0,0.0,,
19,13,demo,demo,distance_ge_2,1000158,0,0,0,0.0,,
19,13,demo,demo,previous,8544,0,0,0,0.0,,
19,13,demo,demo,self,8544,66,66,11,0.007724719101123595,0.104615334760059,0.0
19,13,demo,test_other,distance_ge_2,451008,0,0,0,0.0,,
19,13,test,answer_prediction,distance_ge_2,2136,0,0,0,0.0,,
19,13,test,test_other,distance_ge_2,57551,0,0,0,0.0,,
19,13,test,test_other,previous,2136,0,0,0,0.0,,
19,13,test,test_other,self,2136,0,0,0,0.0,,
19,14,demo,answer_prediction,distance_ge_2,8544,0,0,0,0.0,,
19,14,demo,demo,distance_ge_2,1000158,0,0,0,0.0,,
19,14,demo,demo,previous,8544,0,0,0,0.0,,
19,14,demo,demo,self,8544,0,0,0,0.0,,
19,14,demo,test_other,distance_ge_2,451008,0,0,0,0.0,,
19,14,test,answer_prediction,distance_ge_2,2136,0,0,0,0.0,,
19,14,test,test_other,distance_ge_2,57551,0,0,0,0.0,,
19,14,test,test_other,previous,2136,0,0,0,0.0,,
19,14,test,test_other,self,2136,0,0,0,0.0,,
19,15,demo,answer_prediction,distance_ge_2,8544,0,0,0,0.0,,
19,15,demo,demo,distance_ge_2,1000158,0,0,0,0.0,,
19,15,demo,demo,previous,8544,0,0,0,0.0,,
19,15,demo,demo,self,8544,0,0,0,0.0,,
19,15,demo,test_other,distance_ge_2,451008,0,0,0,0.0,,
19,15,test,answer_prediction,distance_ge_2,2136,0,0,0,0.0,,
19,15,test,test_other,distance_ge_2,57551,0,0,0,0.0,,
19,15,test,test_other,previous,2136,0,0,0,0.0,,
19,15,test,test_other,self,2136,0,0,0,0.0,,
19,16,demo,answer_prediction,distance_ge_2,8544,0,0,0,0.0,,
19,16,demo,demo,distance_ge_2,1000158,840,840,73,0.0008398673009664473,0.010487508807342411,0.049366255206301245
19,16,demo,demo,previous,8544,36,36,5,0.004213483146067416,0.0599947323401769,0.0
19,16,demo,demo,self,8544,0,0,0,0.0,,
19,16,demo,test_other,distance_ge_2,451008,17,17,10,3.769334468568185e-05,0.003106418969657491,0.004969411995261908
19,16,test,answer_prediction,distance_ge_2,2136,0,0,0,0.0,,
19,16,test,test_other,distance_ge_2,57551,279,279,74,0.0048478740595298084,0.012116989558963205,0.019476125323911294
19,16,test,test_other,previous,2136,0,0,0,0.0,,
19,16,test,test_other,self,2136,0,0,0,0.0,,
19,17,demo,answer_prediction,distance_ge_2,8544,0,0,0,0.0,,
19,17,demo,demo,distance_ge_2,1000158,0,0,0,0.0,,
19,17,demo,demo,previous,8544,0,0,0,0.0,,
19,17,demo,demo,self,8544,0,0,0,0.0,,
19,17,demo,test_other,distance_ge_2,451008,0,0,0,0.0,,
19,17,test,answer_prediction,distance_ge_2,2136,0,0,0,0.0,,
19,17,test,test_other,distance_ge_2,57551,0,0,0,0.0,,
19,17,test,test_other,previous,2136,0,0,0,0.0,,
19,17,test,test_other,self,2136,0,0,0,0.0,,
19,18,demo,answer_prediction,distance_ge_2,8544,0,0,0,0.0,,
19,18,demo,demo,distance_ge_2,1000158,0,0,0,0.0,,
19,18,demo,demo,previous,8544,0,0,0,0.0,,
19,18,demo,demo,self,8544,0,0,0,0.0,,
19,18,demo,test_other,distance_ge_2,451008,0,0,0,0.0,,
19,18,test,answer_prediction,distance_ge_2,2136,0,0,0,0.0,,
19,18,test,test_other,distance_ge_2,57551,0,0,0,0.0,,
19,18,test,test_other,previous,2136,0,0,0,0.0,,
19,18,test,test_other,self,2136,0,0,0,0.0,,
19,19,demo,answer_prediction,distance_ge_2,8544,0,0,0,0.0,,
19,19,demo,demo,distance_ge_2,1000158,456,456,39,0.00045592796338178566,0.029674437620039833,0.003428363755933548
19,19,demo,demo,previous,8544,258,258,39,0.030196629213483147,0.04212811760344477,0.0007875515797803568
19,19,demo,demo,self,8544,0,0,0,0.0,,
19,19,demo,test_other,distance_ge_2,451008,36,36,8,7.982120051085569e-05,0.01514924421078629,0.0039124770814345945
19,19,test,answer_prediction,distance_ge_2,2136,0,0,0,0.0,,
19,19,test,test_other,distance_ge_2,57551,13,13,8,0.00022588660492432798,0.01623401440715847,0.0021424276324418876
19,19,test,test_other,previous,2136,28,28,14,0.013108614232209739,0.0038980321197803797,0.0011153479905000754
19,19,test,test_other,self,2136,0,0,0,0.0,,
19,20,demo,answer_prediction,distance_ge_2,8544,0,0,0,0.0,,
19,20,demo,demo,distance_ge_2,1000158,0,0,0,0.0,,
19,20,demo,demo,previous,8544,0,0,0,0.0,,
19,20,demo,demo,self,8544,0,0,0,0.0,,
19,20,demo,test_other,distance_ge_2,451008,0,0,0,0.0,,
19,20,test,answer_prediction,distance_ge_2,2136,0,0,0,0.0,,
19,20,test,test_other,distance_ge_2,57551,0,0,0,0.0,,
19,20,test,test_other,previous,2136,0,0,0,0.0,,
19,20,test,test_other,self,2136,0,0,0,0.0,,
19,21,demo,answer_prediction,distance_ge_2,8544,0,0,0,0.0,,
19,21,demo,demo,distance_ge_2,1000158,0,0,0,0.0,,
19,21,demo,demo,previous,8544,0,0,0,0.0,,
19,21,demo,demo,self,8544,0,0,0,0.0,,
19,21,demo,test_other,distance_ge_2,451008,0,0,0,0.0,,
19,21,test,answer_prediction,distance_ge_2,2136,0,0,0,0.0,,
19,21,test,test_other,distance_ge_2,57551,0,0,0,0.0,,
19,21,test,test_other,previous,2136,0,0,0,0.0,,
19,21,test,test_other,self,2136,0,0,0,0.0,,
19,22,demo,answer_prediction,distance_ge_2,8544,0,0,0,0.0,,
19,22,demo,demo,distance_ge_2,1000158,432,432,54,0.0004319317547827443,0.009882745582015358,0.011445385822370284
19,22,demo,demo,previous,8544,12,12,2,0.0014044943820224719,0.007418710272759199,0.0
19,22,demo,demo,self,8544,0,0,0,0.0,,
19,22,demo,test_other,distance_ge_2,451008,117,117,27,0.000259418901660281,0.00988162331418413,0.011346513932793695
19,22,test,answer_prediction,distance_ge_2,2136,0,0,0,0.0,,
19,22,test,test_other,distance_ge_2,57551,116,116,56,0.0020156035516324653,0.0051329112611711025,0.0041696064200268355
19,22,test,test_other,previous,2136,2,2,2,0.0009363295880149813,0.024949277751147747,0.01621079258620739
19,22,test,test_other,self,2136,0,0,0,0.0,,
19,23,demo,answer_prediction,distance_ge_2,8544,0,0,0,0.0,,
19,23,demo,demo,distance_ge_2,1000158,0,0,0,0.0,,
19,23,demo,demo,previous,8544,0,0,0,0.0,,
19,23,demo,demo,self,8544,0,0,0,0.0,,
19,23,demo,test_other,distance_ge_2,451008,0,0,0,0.0,,
19,23,test,answer_prediction,distance_ge_2,2136,0,0,0,0.0,,
19,23,test,test_other,distance_ge_2,57551,0,0,0,0.0,,
19,23,test,test_other,previous,2136,0,0,0,0.0,,
19,23,test,test_other,self,2136,0,0,0,0.0,,
19,24,demo,answer_prediction,distance_ge_2,8544,0,0,0,0.0,,
19,24,demo,demo,distance_ge_2,1000158,0,0,0,0.0,,
19,24,demo,demo,previous,8544,0,0,0,0.0,,
19,24,demo,demo,self,8544,0,0,0,0.0,,
19,24,demo,test_other,distance_ge_2,451008,0,0,0,0.0,,
19,24,test,answer_prediction,distance_ge_2,2136,0,0,0,0.0,,
19,24,test,test_other,distance_ge_2,57551,0,0,0,0.0,,
19,24,test,test_other,previous,2136,0,0,0,0.0,,
19,24,test,test_other,self,2136,0,0,0,0.0,,
19,25,demo,answer_prediction,distance_ge_2,8544,0,0,0,0.0,,
19,25,demo,demo,distance_ge_2,1000158,0,0,0,0.0,,
19,25,demo,demo,previous,8544,0,0,0,0.0,,
19,25,demo,demo,self,8544,0,0,0,0.0,,
19,25,demo,test_other,distance_ge_2,451008,0,0,0,0.0,,
19,25,test,answer_prediction,distance_ge_2,2136,0,0,0,0.0,,
19,25,test,test_other,distance_ge_2,57551,0,0,0,0.0,,
19,25,test,test_other,previous,2136,0,0,0,0.0,,
19,25,test,test_other,self,2136,0,0,0,0.0,,
19,26,demo,answer_prediction,distance_ge_2,8544,0,0,0,0.0,,
19,26,demo,demo,distance_ge_2,1000158,0,0,0,0.0,,
19,26,demo,demo,previous,8544,0,0,0,0.0,,
19,26,demo,demo,self,8544,0,0,0,0.0,,
19,26,demo,test_other,distance_ge_2,451008,0,0,0,0.0,,
19,26,test,answer_prediction,distance_ge_2,2136,0,0,0,0.0,,
19,26,test,test_other,distance_ge_2,57551,0,0,0,0.0,,
19,26,test,test_other,previous,2136,0,0,0,0.0,,
19,26,test,test_other,self,2136,0,0,0,0.0,,
19,27,demo,answer_prediction,distance_ge_2,8544,0,0,0,0.0,,
19,27,demo,demo,distance_ge_2,1000158,0,0,0,0.0,,
19,27,demo,demo,previous,8544,0,0,0,0.0,,
19,27,demo,demo,self,8544,0,0,0,0.0,,
19,27,demo,test_other,distance_ge_2,451008,0,0,0,0.0,,
19,27,test,answer_prediction,distance_ge_2,2136,0,0,0,0.0,,
19,27,test,test_other,distance_ge_2,57551,0,0,0,0.0,,
19,27,test,test_other,previous,2136,0,0,0,0.0,,
19,27,test,test_other,self,2136,0,0,0,0.0,,
19,28,demo,answer_prediction,distance_ge_2,8544,0,0,0,0.0,,
19,28,demo,demo,distance_ge_2,1000158,0,0,0,0.0,,
19,28,demo,demo,previous,8544,0,0,0,0.0,,
19,28,demo,demo,self,8544,0,0,0,0.0,,
19,28,demo,test_other,distance_ge_2,451008,0,0,0,0.0,,
19,28,test,answer_prediction,distance_ge_2,2136,0,0,0,0.0,,
19,28,test,test_other,distance_ge_2,57551,0,0,0,0.0,,
19,28,test,test_other,previous,2136,0,0,0,0.0,,
19,28,test,test_other,self,2136,0,0,0,0.0,,
19,29,demo,answer_prediction,distance_ge_2,8544,0,0,0,0.0,,
19,29,demo,demo,distance_ge_2,1000158,0,0,0,0.0,,
19,29,demo,demo,previous,8544,0,0,0,0.0,,
19,29,demo,demo,self,8544,0,0,0,0.0,,
19,29,demo,test_other,distance_ge_2,451008,0,0,0,0.0,,
19,29,test,answer_prediction,distance_ge_2,2136,0,0,0,0.0,,
19,29,test,test_other,distance_ge_2,57551,0,0,0,0.0,,
19,29,test,test_other,previous,2136,0,0,0,0.0,,
19,29,test,test_other,self,2136,0,0,0,0.0,,
19,30,demo,answer_prediction,distance_ge_2,8544,0,0,0,0.0,,
19,30,demo,demo,distance_ge_2,1000158,12,12,2,1.1998104299520676e-05,0.0,0.0
19,30,demo,demo,previous,8544,0,0,0,0.0,,
19,30,demo,demo,self,8544,0,0,0,0.0,,
19,30,demo,test_other,distance_ge_2,451008,0,0,0,0.0,,
19,30,test,answer_prediction,distance_ge_2,2136,0,0,0,0.0,,
19,30,test,test_other,distance_ge_2,57551,1,1,1,1.737589268648677e-05,0.03259405866265297,0.08603733777999878
19,30,test,test_other,previous,2136,0,0,0,0.0,,
19,30,test,test_other,self,2136,0,0,0,0.0,,
19,31,demo,answer_prediction,distance_ge_2,8544,0,0,0,0.0,,
19,31,demo,demo,distance_ge_2,1000158,0,0,0,0.0,,
19,31,demo,demo,previous,8544,0,0,0,0.0,,
19,31,demo,demo,self,8544,0,0,0,0.0,,
19,31,demo,test_other,distance_ge_2,451008,0,0,0,0.0,,
19,31,test,answer_prediction,distance_ge_2,2136,0,0,0,0.0,,
19,31,test,test_other,distance_ge_2,57551,0,0,0,0.0,,
19,31,test,test_other,previous,2136,0,0,0,0.0,,
19,31,test,test_other,self,2136,0,0,0,0.0,,
20,0,demo,answer_prediction,distance_ge_2,8544,0,0,0,0.0,,
20,0,demo,demo,distance_ge_2,1000158,0,0,0,0.0,,
20,0,demo,demo,previous,8544,0,0,0,0.0,,
20,0,demo,demo,self,8544,0,0,0,0.0,,
20,0,demo,test_other,distance_ge_2,451008,0,0,0,0.0,,
20,0,test,answer_prediction,distance_ge_2,2136,0,0,0,0.0,,
20,0,test,test_other,distance_ge_2,57551,0,0,0,0.0,,
20,0,test,test_other,previous,2136,0,0,0,0.0,,
20,0,test,test_other,self,2136,0,0,0,0.0,,
20,1,demo,answer_prediction,distance_ge_2,8544,0,0,0,0.0,,
20,1,demo,demo,distance_ge_2,1000158,0,0,0,0.0,,
20,1,demo,demo,previous,8544,0,0,0,0.0,,
20,1,demo,demo,self,8544,0,0,0,0.0,,
20,1,demo,test_other,distance_ge_2,451008,0,0,0,0.0,,
20,1,test,answer_prediction,distance_ge_2,2136,0,0,0,0.0,,
20,1,test,test_other,distance_ge_2,57551,4,4,3,6.950357074594707e-05,0.020622641779482365,0.0
20,1,test,test_other,previous,2136,0,0,0,0.0,,
20,1,test,test_other,self,2136,0,0,0,0.0,,
20,2,demo,answer_prediction,distance_ge_2,8544,0,0,0,0.0,,
20,2,demo,demo,distance_ge_2,1000158,0,0,0,0.0,,
20,2,demo,demo,previous,8544,0,0,0,0.0,,
20,2,demo,demo,self,8544,0,0,0,0.0,,
20,2,demo,test_other,distance_ge_2,451008,0,0,0,0.0,,
20,2,test,answer_prediction,distance_ge_2,2136,0,0,0,0.0,,
20,2,test,test_other,distance_ge_2,57551,0,0,0,0.0,,
20,2,test,test_other,previous,2136,0,0,0,0.0,,
20,2,test,test_other,self,2136,0,0,0,0.0,,
20,3,demo,answer_prediction,distance_ge_2,8544,0,0,0,0.0,,
20,3,demo,demo,distance_ge_2,1000158,0,0,0,0.0,,
20,3,demo,demo,previous,8544,0,0,0,0.0,,
20,3,demo,demo,self,8544,0,0,0,0.0,,
20,3,demo,test_other,distance_ge_2,451008,0,0,0,0.0,,
20,3,test,answer_prediction,distance_ge_2,2136,0,0,0,0.0,,
20,3,test,test_other,distance_ge_2,57551,0,0,0,0.0,,
20,3,test,test_other,previous,2136,0,0,0,0.0,,
20,3,test,test_other,self,2136,0,0,0,0.0,,
20,4,demo,answer_prediction,distance_ge_2,8544,0,0,0,0.0,,
20,4,demo,demo,distance_ge_2,1000158,0,0,0,0.0,,
20,4,demo,demo,previous,8544,0,0,0,0.0,,
20,4,demo,demo,self,8544,0,0,0,0.0,,
20,4,demo,test_other,distance_ge_2,451008,0,0,0,0.0,,
20,4,test,answer_prediction,distance_ge_2,2136,0,0,0,0.0,,
20,4,test,test_other,distance_ge_2,57551,0,0,0,0.0,,
20,4,test,test_other,previous,2136,0,0,0,0.0,,
20,4,test,test_other,self,2136,0,0,0,0.0,,
20,5,demo,answer_prediction,distance_ge_2,8544,0,0,0,0.0,,
20,5,demo,demo,distance_ge_2,1000158,0,0,0,0.0,,
20,5,demo,demo,previous,8544,0,0,0,0.0,,
20,5,demo,demo,self,8544,0,0,0,0.0,,
20,5,demo,test_other,distance_ge_2,451008,0,0,0,0.0,,
20,5,test,answer_prediction,distance_ge_2,2136,0,0,0,0.0,,
20,5,test,test_other,distance_ge_2,57551,0,0,0,0.0,,
20,5,test,test_other,previous,2136,0,0,0,0.0,,
20,5,test,test_other,self,2136,0,0,0,0.0,,
20,6,demo,answer_prediction,distance_ge_2,8544,0,0,0,0.0,,
20,6,demo,demo,distance_ge_2,1000158,72,72,4,7.198862579712406e-05,0.12515700732668242,0.030372115472952526
20,6,demo,demo,previous,8544,24,24,4,0.0028089887640449437,0.0,0.20115266740322113
20,6,demo,demo,self,8544,0,0,0,0.0,,
20,6,demo,test_other,distance_ge_2,451008,0,0,0,0.0,,
20,6,test,answer_prediction,distance_ge_2,2136,0,0,0,0.0,,
20,6,test,test_other,distance_ge_2,57551,0,0,0,0.0,,
20,6,test,test_other,previous,2136,0,0,0,0.0,,
20,6,test,test_other,self,2136,0,0,0,0.0,,
20,7,demo,answer_prediction,distance_ge_2,8544,0,0,0,0.0,,
20,7,demo,demo,distance_ge_2,1000158,174,174,25,0.0001739725123430498,0.019666900129349175,0.05497074628452203
20,7,demo,demo,previous,8544,66,66,10,0.007724719101123595,0.011520866410468112,0.09881661019542
20,7,demo,demo,self,8544,0,0,0,0.0,,
20,7,demo,test_other,distance_ge_2,451008,0,0,0,0.0,,
20,7,test,answer_prediction,distance_ge_2,2136,0,0,0,0.0,,
20,7,test,test_other,distance_ge_2,57551,21,21,17,0.00036489374641622216,0.01167945755601284,0.028274450661791933
20,7,test,test_other,previous,2136,5,5,5,0.0023408239700374533,0.000600608391687274,0.03715490810573101
20,7,test,test_other,self,2136,0,0,0,0.0,,
20,8,demo,answer_prediction,distance_ge_2,8544,0,0,0,0.0,,
20,8,demo,demo,distance_ge_2,1000158,0,0,0,0.0,,
20,8,demo,demo,previous,8544,0,0,0,0.0,,
20,8,demo,demo,self,8544,6,6,1,0.0007022471910112359,0.02774873562157154,0.045477986335754395
20,8,demo,test_other,distance_ge_2,451008,0,0,0,0.0,,
20,8,test,answer_prediction,distance_ge_2,2136,0,0,0,0.0,,
20,8,test,test_other,distance_ge_2,57551,0,0,0,0.0,,
20,8,test,test_other,previous,2136,0,0,0,0.0,,
20,8,test,test_other,self,2136,0,0,0,0.0,,
20,9,demo,answer_prediction,distance_ge_2,8544,0,0,0,0.0,,
20,9,demo,demo,distance_ge_2,1000158,0,0,0,0.0,,
20,9,demo,demo,previous,8544,0,0,0,0.0,,
20,9,demo,demo,self,8544,0,0,0,0.0,,
20,9,demo,test_other,distance_ge_2,451008,0,0,0,0.0,,
20,9,test,answer_prediction,distance_ge_2,2136,0,0,0,0.0,,
20,9,test,test_other,distance_ge_2,57551,0,0,0,0.0,,
20,9,test,test_other,previous,2136,0,0,0,0.0,,
20,9,test,test_other,self,2136,0,0,0,0.0,,
20,10,demo,answer_prediction,distance_ge_2,8544,0,0,0,0.0,,
20,10,demo,demo,distance_ge_2,1000158,0,0,0,0.0,,
20,10,demo,demo,previous,8544,0,0,0,0.0,,
20,10,demo,demo,self,8544,0,0,0,0.0,,
20,10,demo,test_other,distance_ge_2,451008,0,0,0,0.0,,
20,10,test,answer_prediction,distance_ge_2,2136,0,0,0,0.0,,
20,10,test,test_other,distance_ge_2,57551,0,0,0,0.0,,
20,10,test,test_other,previous,2136,0,0,0,0.0,,
20,10,test,test_other,self,2136,0,0,0,0.0,,
20,11,demo,answer_prediction,distance_ge_2,8544,0,0,0,0.0,,
20,11,demo,demo,distance_ge_2,1000158,0,0,0,0.0,,
20,11,demo,demo,previous,8544,0,0,0,0.0,,
20,11,demo,demo,self,8544,0,0,0,0.0,,
20,11,demo,test_other,distance_ge_2,451008,0,0,0,0.0,,
20,11,test,answer_prediction,distance_ge_2,2136,0,0,0,0.0,,
20,11,test,test_other,distance_ge_2,57551,0,0,0,0.0,,
20,11,test,test_other,previous,2136,0,0,0,0.0,,
20,11,test,test_other,self,2136,0,0,0,0.0,,
20,12,demo,answer_prediction,distance_ge_2,8544,0,0,0,0.0,,
20,12,demo,demo,distance_ge_2,1000158,306,306,11,0.00030595165963777723,0.040033941275860165,0.033091705970411354
20,12,demo,demo,previous,8544,72,72,12,0.008426966292134831,0.0015276369328300159,0.09025200037285686
20,12,demo,demo,self,8544,0,0,0,0.0,,
20,12,demo,test_other,distance_ge_2,451008,101,101,19,0.0002239428125443451,0.012728382779416712,0.008062332481293394
20,12,test,answer_prediction,distance_ge_2,2136,0,0,0,0.0,,
20,12,test,test_other,distance_ge_2,57551,11,11,4,0.00019113481955135446,0.028222071980549532,0.013606232506307688
20,12,test,test_other,previous,2136,1,1,1,0.00046816479400749064,0.034838736057281494,0.046078361570835114
20,12,test,test_other,self,2136,0,0,0,0.0,,
20,13,demo,answer_prediction,distance_ge_2,8544,0,0,0,0.0,,
20,13,demo,demo,distance_ge_2,1000158,0,0,0,0.0,,
20,13,demo,demo,previous,8544,0,0,0,0.0,,
20,13,demo,demo,self,8544,0,0,0,0.0,,
20,13,demo,test_other,distance_ge_2,451008,0,0,0,0.0,,
20,13,test,answer_prediction,distance_ge_2,2136,0,0,0,0.0,,
20,13,test,test_other,distance_ge_2,57551,0,0,0,0.0,,
20,13,test,test_other,previous,2136,0,0,0,0.0,,
20,13,test,test_other,self,2136,0,0,0,0.0,,
20,14,demo,answer_prediction,distance_ge_2,8544,0,0,0,0.0,,
20,14,demo,demo,distance_ge_2,1000158,126,126,16,0.00012598009514496708,0.013236287593220672,0.006174829115884172
20,14,demo,demo,previous,8544,0,0,0,0.0,,
20,14,demo,demo,self,8544,0,0,0,0.0,,
20,14,demo,test_other,distance_ge_2,451008,14,14,6,3.1041577976443876e-05,0.029863944376951883,0.003843766637146473
20,14,test,answer_prediction,distance_ge_2,2136,0,0,0,0.0,,
20,14,test,test_other,distance_ge_2,57551,23,23,12,0.00039964553178919565,0.02656572020572165,0.011540393674057787
20,14,test,test_other,previous,2136,10,10,8,0.0046816479400749065,0.020256756944581865,0.009618199896067381
20,14,test,test_other,self,2136,0,0,0,0.0,,
20,15,demo,answer_prediction,distance_ge_2,8544,0,0,0,0.0,,
20,15,demo,demo,distance_ge_2,1000158,0,0,0,0.0,,
20,15,demo,demo,previous,8544,630,630,72,0.07373595505617977,0.01235848767627474,0.01071430443754209
20,15,demo,demo,self,8544,0,0,0,0.0,,
20,15,demo,test_other,distance_ge_2,451008,0,0,0,0.0,,
20,15,test,answer_prediction,distance_ge_2,2136,0,0,0,0.0,,
20,15,test,test_other,distance_ge_2,57551,0,0,0,0.0,,
20,15,test,test_other,previous,2136,561,561,89,0.26264044943820225,0.006665057049152286,0.004371114894397035
20,15,test,test_other,self,2136,0,0,0,0.0,,
20,16,demo,answer_prediction,distance_ge_2,8544,0,0,0,0.0,,
20,16,demo,demo,distance_ge_2,1000158,0,0,0,0.0,,
20,16,demo,demo,previous,8544,0,0,0,0.0,,
20,16,demo,demo,self,8544,0,0,0,0.0,,
20,16,demo,test_other,distance_ge_2,451008,0,0,0,0.0,,
20,16,test,answer_prediction,distance_ge_2,2136,0,0,0,0.0,,
20,16,test,test_other,distance_ge_2,57551,0,0,0,0.0,,
20,16,test,test_other,previous,2136,0,0,0,0.0,,
20,16,test,test_other,self,2136,0,0,0,0.0,,
20,17,demo,answer_prediction,distance_ge_2,8544,0,0,0,0.0,,
20,17,demo,demo,distance_ge_2,1000158,0,0,0,0.0,,
20,17,demo,demo,previous,8544,0,0,0,0.0,,
20,17,demo,demo,self,8544,0,0,0,0.0,,
20,17,demo,test_other,distance_ge_2,451008,0,0,0,0.0,,
20,17,test,answer_prediction,distance_ge_2,2136,0,0,0,0.0,,
20,17,test,test_other,distance_ge_2,57551,0,0,0,0.0,,
20,17,test,test_other,previous,2136,0,0,0,0.0,,
20,17,test,test_other,self,2136,0,0,0,0.0,,
20,18,demo,answer_prediction,distance_ge_2,8544,0,0,0,0.0,,
20,18,demo,demo,distance_ge_2,1000158,450,450,54,0.0004499289112320253,0.011119478627418479,0.002614575953533252
20,18,demo,demo,previous,8544,0,0,0,0.0,,
20,18,demo,demo,self,8544,0,0,0,0.0,,
20,18,demo,test_other,distance_ge_2,451008,0,0,0,0.0,,
20,18,test,answer_prediction,distance_ge_2,2136,0,0,0,0.0,,
20,18,test,test_other,distance_ge_2,57551,98,98,43,0.0017028374832757033,0.01199742115805952,0.009910520546290338
20,18,test,test_other,previous,2136,0,0,0,0.0,,
20,18,test,test_other,self,2136,0,0,0,0.0,,
20,19,demo,answer_prediction,distance_ge_2,8544,0,0,0,0.0,,
20,19,demo,demo,distance_ge_2,1000158,0,0,0,0.0,,
20,19,demo,demo,previous,8544,0,0,0,0.0,,
20,19,demo,demo,self,8544,0,0,0,0.0,,
20,19,demo,test_other,distance_ge_2,451008,0,0,0,0.0,,
20,19,test,answer_prediction,distance_ge_2,2136,0,0,0,0.0,,
20,19,test,test_other,distance_ge_2,57551,0,0,0,0.0,,
20,19,test,test_other,previous,2136,0,0,0,0.0,,
20,19,test,test_other,self,2136,0,0,0,0.0,,
20,20,demo,answer_prediction,distance_ge_2,8544,0,0,0,0.0,,
20,20,demo,demo,distance_ge_2,1000158,0,0,0,0.0,,
20,20,demo,demo,previous,8544,0,0,0,0.0,,
20,20,demo,demo,self,8544,0,0,0,0.0,,
20,20,demo,test_other,distance_ge_2,451008,0,0,0,0.0,,
20,20,test,answer_prediction,distance_ge_2,2136,0,0,0,0.0,,
20,20,test,test_other,distance_ge_2,57551,0,0,0,0.0,,
20,20,test,test_other,previous,2136,0,0,0,0.0,,
20,20,test,test_other,self,2136,0,0,0,0.0,,
20,21,demo,answer_prediction,distance_ge_2,8544,0,0,0,0.0,,
20,21,demo,demo,distance_ge_2,1000158,0,0,0,0.0,,
20,21,demo,demo,previous,8544,0,0,0,0.0,,
20,21,demo,demo,self,8544,24,24,4,0.0028089887640449437,0.0,0.18939268589019775
20,21,demo,test_other,distance_ge_2,451008,0,0,0,0.0,,
20,21,test,answer_prediction,distance_ge_2,2136,0,0,0,0.0,,
20,21,test,test_other,distance_ge_2,57551,0,0,0,0.0,,
20,21,test,test_other,previous,2136,0,0,0,0.0,,
20,21,test,test_other,self,2136,0,0,0,0.0,,
20,22,demo,answer_prediction,distance_ge_2,8544,0,0,0,0.0,,
20,22,demo,demo,distance_ge_2,1000158,0,0,0,0.0,,
20,22,demo,demo,previous,8544,0,0,0,0.0,,
20,22,demo,demo,self,8544,0,0,0,0.0,,
20,22,demo,test_other,distance_ge_2,451008,0,0,0,0.0,,
20,22,test,answer_prediction,distance_ge_2,2136,0,0,0,0.0,,
20,22,test,test_other,distance_ge_2,57551,0,0,0,0.0,,
20,22,test,test_other,previous,2136,0,0,0,0.0,,
20,22,test,test_other,self,2136,2,2,1,0.0009363295880149813,0.0266609825193882,0.0
20,23,demo,answer_prediction,distance_ge_2,8544,0,0,0,0.0,,
20,23,demo,demo,distance_ge_2,1000158,0,0,0,0.0,,
20,23,demo,demo,previous,8544,0,0,0,0.0,,
20,23,demo,demo,self,8544,0,0,0,0.0,,
20,23,demo,test_other,distance_ge_2,451008,0,0,0,0.0,,
20,23,test,answer_prediction,distance_ge_2,2136,0,0,0,0.0,,
20,23,test,test_other,distance_ge_2,57551,0,0,0,0.0,,
20,23,test,test_other,previous,2136,0,0,0,0.0,,
20,23,test,test_other,self,2136,0,0,0,0.0,,
20,24,demo,answer_prediction,distance_ge_2,8544,0,0,0,0.0,,
20,24,demo,demo,distance_ge_2,1000158,0,0,0,0.0,,
20,24,demo,demo,previous,8544,0,0,0,0.0,,
20,24,demo,demo,self,8544,0,0,0,0.0,,
20,24,demo,test_other,distance_ge_2,451008,0,0,0,0.0,,
20,24,test,answer_prediction,distance_ge_2,2136,0,0,0,0.0,,
20,24,test,test_other,distance_ge_2,57551,0,0,0,0.0,,
20,24,test,test_other,previous,2136,0,0,0,0.0,,
20,24,test,test_other,self,2136,0,0,0,0.0,,
20,25,demo,answer_prediction,distance_ge_2,8544,0,0,0,0.0,,
20,25,demo,demo,distance_ge_2,1000158,0,0,0,0.0,,
20,25,demo,demo,previous,8544,0,0,0,0.0,,
20,25,demo,demo,self,8544,0,0,0,0.0,,
20,25,demo,test_other,distance_ge_2,451008,0,0,0,0.0,,
20,25,test,answer_prediction,distance_ge_2,2136,0,0,0,0.0,,
20,25,test,test_other,distance_ge_2,57551,0,0,0,0.0,,
20,25,test,test_other,previous,2136,0,0,0,0.0,,
20,25,test,test_other,self,2136,0,0,0,0.0,,
20,26,demo,answer_prediction,distance_ge_2,8544,0,0,0,0.0,,
20,26,demo,demo,distance_ge_2,1000158,0,0,0,0.0,,
20,26,demo,demo,previous,8544,0,0,0,0.0,,
20,26,demo,demo,self,8544,0,0,0,0.0,,
20,26,demo,test_other,distance_ge_2,451008,0,0,0,0.0,,
20,26,test,answer_prediction,distance_ge_2,2136,0,0,0,0.0,,
20,26,test,test_other,distance_ge_2,57551,0,0,0,0.0,,
20,26,test,test_other,previous,2136,0,0,0,0.0,,
20,26,test,test_other,self,2136,0,0,0,0.0,,
20,27,demo,answer_prediction,distance_ge_2,8544,0,0,0,0.0,,
20,27,demo,demo,distance_ge_2,1000158,0,0,0,0.0,,
20,27,demo,demo,previous,8544,0,0,0,0.0,,
20,27,demo,demo,self,8544,0,0,0,0.0,,
20,27,demo,test_other,distance_ge_2,451008,0,0,0,0.0,,
20,27,test,answer_prediction,distance_ge_2,2136,0,0,0,0.0,,
20,27,test,test_other,distance_ge_2,57551,0,0,0,0.0,,
20,27,test,test_other,previous,2136,0,0,0,0.0,,
20,27,test,test_other,self,2136,0,0,0,0.0,,
20,28,demo,answer_prediction,distance_ge_2,8544,0,0,0,0.0,,
20,28,demo,demo,distance_ge_2,1000158,0,0,0,0.0,,
20,28,demo,demo,previous,8544,0,0,0,0.0,,
20,28,demo,demo,self,8544,0,0,0,0.0,,
20,28,demo,test_other,distance_ge_2,451008,0,0,0,0.0,,
20,28,test,answer_prediction,distance_ge_2,2136,0,0,0,0.0,,
20,28,test,test_other,distance_ge_2,57551,0,0,0,0.0,,
20,28,test,test_other,previous,2136,0,0,0,0.0,,
20,28,test,test_other,self,2136,0,0,0,0.0,,
20,29,demo,answer_prediction,distance_ge_2,8544,0,0,0,0.0,,
20,29,demo,demo,distance_ge_2,1000158,0,0,0,0.0,,
20,29,demo,demo,previous,8544,0,0,0,0.0,,
20,29,demo,demo,self,8544,0,0,0,0.0,,
20,29,demo,test_other,distance_ge_2,451008,0,0,0,0.0,,
20,29,test,answer_prediction,distance_ge_2,2136,0,0,0,0.0,,
20,29,test,test_other,distance_ge_2,57551,0,0,0,0.0,,
20,29,test,test_other,previous,2136,0,0,0,0.0,,
20,29,test,test_other,self,2136,0,0,0,0.0,,
20,30,demo,answer_prediction,distance_ge_2,8544,0,0,0,0.0,,
20,30,demo,demo,distance_ge_2,1000158,0,0,0,0.0,,
20,30,demo,demo,previous,8544,0,0,0,0.0,,
20,30,demo,demo,self,8544,0,0,0,0.0,,
20,30,demo,test_other,distance_ge_2,451008,0,0,0,0.0,,
20,30,test,answer_prediction,distance_ge_2,2136,0,0,0,0.0,,
20,30,test,test_other,distance_ge_2,57551,0,0,0,0.0,,
20,30,test,test_other,previous,2136,0,0,0,0.0,,
20,30,test,test_other,self,2136,0,0,0,0.0,,
20,31,demo,answer_prediction,distance_ge_2,8544,0,0,0,0.0,,
20,31,demo,demo,distance_ge_2,1000158,0,0,0,0.0,,
20,31,demo,demo,previous,8544,0,0,0,0.0,,
20,31,demo,demo,self,8544,24,24,4,0.0028089887640449437,0.0321720726788044,0.0
20,31,demo,test_other,distance_ge_2,451008,0,0,0,0.0,,
20,31,test,answer_prediction,distance_ge_2,2136,0,0,0,0.0,,
20,31,test,test_other,distance_ge_2,57551,0,0,0,0.0,,
20,31,test,test_other,previous,2136,0,0,0,0.0,,
20,31,test,test_other,self,2136,117,117,47,0.054775280898876406,0.01506654298506104,0.012833743261518633
21,0,demo,answer_prediction,distance_ge_2,8544,0,0,0,0.0,,
21,0,demo,demo,distance_ge_2,1000158,0,0,0,0.0,,
21,0,demo,demo,previous,8544,0,0,0,0.0,,
21,0,demo,demo,self,8544,0,0,0,0.0,,
21,0,demo,test_other,distance_ge_2,451008,0,0,0,0.0,,
21,0,test,answer_prediction,distance_ge_2,2136,0,0,0,0.0,,
21,0,test,test_other,distance_ge_2,57551,0,0,0,0.0,,
21,0,test,test_other,previous,2136,0,0,0,0.0,,
21,0,test,test_other,self,2136,0,0,0,0.0,,
21,1,demo,answer_prediction,distance_ge_2,8544,0,0,0,0.0,,
21,1,demo,demo,distance_ge_2,1000158,0,0,0,0.0,,
21,1,demo,demo,previous,8544,0,0,0,0.0,,
21,1,demo,demo,self,8544,0,0,0,0.0,,
21,1,demo,test_other,distance_ge_2,451008,0,0,0,0.0,,
21,1,test,answer_prediction,distance_ge_2,2136,0,0,0,0.0,,
21,1,test,test_other,distance_ge_2,57551,5,5,3,8.687946343243385e-05,0.0,0.016573579981923103
21,1,test,test_other,previous,2136,0,0,0,0.0,,
21,1,test,test_other,self,2136,0,0,0,0.0,,
21,2,demo,answer_prediction,distance_ge_2,8544,0,0,0,0.0,,
21,2,demo,demo,distance_ge_2,1000158,0,0,0,0.0,,
21,2,demo,demo,previous,8544,0,0,0,0.0,,
21,2,demo,demo,self,8544,0,0,0,0.0,,
21,2,demo,test_other,distance_ge_2,451008,0,0,0,0.0,,
21,2,test,answer_prediction,distance_ge_2,2136,0,0,0,0.0,,
21,2,test,test_other,distance_ge_2,57551,0,0,0,0.0,,
21,2,test,test_other,previous,2136,0,0,0,0.0,,
21,2,test,test_other,self,2136,0,0,0,0.0,,
21,3,demo,answer_prediction,distance_ge_2,8544,0,0,0,0.0,,
21,3,demo,demo,distance_ge_2,1000158,0,0,0,0.0,,
21,3,demo,demo,previous,8544,0,0,0,0.0,,
21,3,demo,demo,self,8544,0,0,0,0.0,,
21,3,demo,test_other,distance_ge_2,451008,0,0,0,0.0,,
21,3,test,answer_prediction,distance_ge_2,2136,0,0,0,0.0,,
21,3,test,test_other,distance_ge_2,57551,0,0,0,0.0,,
21,3,test,test_other,previous,2136,0,0,0,0.0,,
21,3,test,test_other,self,2136,0,0,0,0.0,,
21,4,demo,answer_prediction,distance_ge_2,8544,0,0,0,0.0,,
21,4,demo,demo,distance_ge_2,1000158,0,0,0,0.0,,
21,4,demo,demo,previous,8544,0,0,0,0.0,,
21,4,demo,demo,self,8544,0,0,0,0.0,,
21,4,demo,test_other,distance_ge_2,451008,0,0,0,0.0,,
21,4,test,answer_prediction,distance_ge_2,2136,0,0,0,0.0,,
21,4,test,test_other,distance_ge_2,57551,5,5,3,8.687946343243385e-05,0.01842428892850876,0.039516727533191444
21,4,test,test_other,previous,2136,0,0,0,0.0,,
21,4,test,test_other,self,2136,0,0,0,0.0,,
21,5,demo,answer_prediction,distance_ge_2,8544,0,0,0,0.0,,
21,5,demo,demo,distance_ge_2,1000158,0,0,0,0.0,,
21,5,demo,demo,previous,8544,0,0,0,0.0,,
21,5,demo,demo,self,8544,0,0,0,0.0,,
21,5,demo,test_other,distance_ge_2,451008,0,0,0,0.0,,
21,5,test,answer_prediction,distance_ge_2,2136,0,0,0,0.0,,
21,5,test,test_other,distance_ge_2,57551,0,0,0,0.0,,
21,5,test,test_other,previous,2136,0,0,0,0.0,,
21,5,test,test_other,self,2136,0,0,0,0.0,,
21,6,demo,answer_prediction,distance_ge_2,8544,0,0,0,0.0,,
21,6,demo,demo,distance_ge_2,1000158,1578,1578,89,0.0015777507153869688,0.007370379049385837,0.015319873031194623
21,6,demo,demo,previous,8544,6,6,1,0.0007022471910112359,0.0,0.05423819646239281
21,6,demo,demo,self,8544,0,0,0,0.0,,
21,6,demo,test_other,distance_ge_2,451008,58,58,16,0.0001286008230452675,0.001584609115399934,0.016903936188539553
21,6,test,answer_prediction,distance_ge_2,2136,0,0,0,0.0,,
21,6,test,test_other,distance_ge_2,57551,559,559,89,0.009713124011746104,0.005431327091399597,0.013856593046498973
21,6,test,test_other,previous,2136,0,0,0,0.0,,
21,6,test,test_other,self,2136,0,0,0,0.0,,
21,7,demo,answer_prediction,distance_ge_2,8544,0,0,0,0.0,,
21,7,demo,demo,distance_ge_2,1000158,0,0,0,0.0,,
21,7,demo,demo,previous,8544,0,0,0,0.0,,
21,7,demo,demo,self,8544,0,0,0,0.0,,
21,7,demo,test_other,distance_ge_2,451008,0,0,0,0.0,,
21,7,test,answer_prediction,distance_ge_2,2136,0,0,0,0.0,,
21,7,test,test_other,distance_ge_2,57551,0,0,0,0.0,,
21,7,test,test_other,previous,2136,0,0,0,0.0,,
21,7,test,test_other,self,2136,0,0,0,0.0,,
21,8,demo,answer_prediction,distance_ge_2,8544,0,0,0,0.0,,
21,8,demo,demo,distance_ge_2,1000158,1026,1026,79,0.0010258379176090178,0.011731145187410365,0.011927457652045649
21,8,demo,demo,previous,8544,0,0,0,0.0,,
21,8,demo,demo,self,8544,0,0,0,0.0,,
21,8,demo,test_other,distance_ge_2,451008,452,452,75,0.0010021995175251881,0.009119589339408084,0.01134922463979739
21,8,test,answer_prediction,distance_ge_2,2136,0,0,0,0.0,,
21,8,test,test_other,distance_ge_2,57551,106,106,45,0.0018418446247675975,0.010205607926626777,0.010236115968030578
21,8,test,test_other,previous,2136,0,0,0,0.0,,
21,8,test,test_other,self,2136,0,0,0,0.0,,
21,9,demo,answer_prediction,distance_ge_2,8544,0,0,0,0.0,,
21,9,demo,demo,distance_ge_2,1000158,0,0,0,0.0,,
21,9,demo,demo,previous,8544,0,0,0,0.0,,
21,9,demo,demo,self,8544,0,0,0,0.0,,
21,9,demo,test_other,distance_ge_2,451008,0,0,0,0.0,,
21,9,test,answer_prediction,distance_ge_2,2136,0,0,0,0.0,,
21,9,test,test_other,distance_ge_2,57551,0,0,0,0.0,,
21,9,test,test_other,previous,2136,0,0,0,0.0,,
21,9,test,test_other,self,2136,0,0,0,0.0,,
21,10,demo,answer_prediction,distance_ge_2,8544,0,0,0,0.0,,
21,10,demo,demo,distance_ge_2,1000158,0,0,0,0.0,,
21,10,demo,demo,previous,8544,156,156,22,0.018258426966292134,0.007973845152614208,0.021063024178147316
21,10,demo,demo,self,8544,0,0,0,0.0,,
21,10,demo,test_other,distance_ge_2,451008,0,0,0,0.0,,
21,10,test,answer_prediction,distance_ge_2,2136,0,0,0,0.0,,
21,10,test,test_other,distance_ge_2,57551,0,0,0,0.0,,
21,10,test,test_other,previous,2136,0,0,0,0.0,,
21,10,test,test_other,self,2136,0,0,0,0.0,,
21,11,demo,answer_prediction,distance_ge_2,8544,0,0,0,0.0,,
21,11,demo,demo,distance_ge_2,1000158,0,0,0,0.0,,
21,11,demo,demo,previous,8544,0,0,0,0.0,,
21,11,demo,demo,self,8544,0,0,0,0.0,,
21,11,demo,test_other,distance_ge_2,451008,0,0,0,0.0,,
21,11,test,answer_prediction,distance_ge_2,2136,0,0,0,0.0,,
21,11,test,test_other,distance_ge_2,57551,0,0,0,0.0,,
21,11,test,test_other,previous,2136,0,0,0,0.0,,
21,11,test,test_other,self,2136,0,0,0,0.0,,
21,12,demo,answer_prediction,distance_ge_2,8544,0,0,0,0.0,,
21,12,demo,demo,distance_ge_2,1000158,0,0,0,0.0,,
21,12,demo,demo,previous,8544,0,0,0,0.0,,
21,12,demo,demo,self,8544,0,0,0,0.0,,
21,12,demo,test_other,distance_ge_2,451008,0,0,0,0.0,,
21,12,test,answer_prediction,distance_ge_2,2136,0,0,0,0.0,,
21,12,test,test_other,distance_ge_2,57551,0,0,0,0.0,,
21,12,test,test_other,previous,2136,0,0,0,0.0,,
21,12,test,test_other,self,2136,0,0,0,0.0,,
21,13,demo,answer_prediction,distance_ge_2,8544,0,0,0,0.0,,
21,13,demo,demo,distance_ge_2,1000158,0,0,0,0.0,,
21,13,demo,demo,previous,8544,0,0,0,0.0,,
21,13,demo,demo,self,8544,0,0,0,0.0,,
21,13,demo,test_other,distance_ge_2,451008,0,0,0,0.0,,
21,13,test,answer_prediction,distance_ge_2,2136,0,0,0,0.0,,
21,13,test,test_other,distance_ge_2,57551,0,0,0,0.0,,
21,13,test,test_other,previous,2136,0,0,0,0.0,,
21,13,test,test_other,self,2136,0,0,0,0.0,,
21,14,demo,answer_prediction,distance_ge_2,8544,0,0,0,0.0,,
21,14,demo,demo,distance_ge_2,1000158,0,0,0,0.0,,
21,14,demo,demo,previous,8544,0,0,0,0.0,,
21,14,demo,demo,self,8544,0,0,0,0.0,,
21,14,demo,test_other,distance_ge_2,451008,0,0,0,0.0,,
21,14,test,answer_prediction,distance_ge_2,2136,0,0,0,0.0,,
21,14,test,test_other,distance_ge_2,57551,0,0,0,0.0,,
21,14,test,test_other,previous,2136,0,0,0,0.0,,
21,14,test,test_other,self,2136,0,0,0,0.0,,
21,15,demo,answer_prediction,distance_ge_2,8544,0,0,0,0.0,,
21,15,demo,demo,distance_ge_2,1000158,0,0,0,0.0,,
21,15,demo,demo,previous,8544,0,0,0,0.0,,
21,15,demo,demo,self,8544,0,0,0,0.0,,
21,15,demo,test_other,distance_ge_2,451008,0,0,0,0.0,,
21,15,test,answer_prediction,distance_ge_2,2136,0,0,0,0.0,,
21,15,test,test_other,distance_ge_2,57551,0,0,0,0.0,,
21,15,test,test_other,previous,2136,0,0,0,0.0,,
21,15,test,test_other,self,2136,0,0,0,0.0,,
21,16,demo,answer_prediction,distance_ge_2,8544,0,0,0,0.0,,
21,16,demo,demo,distance_ge_2,1000158,0,0,0,0.0,,
21,16,demo,demo,previous,8544,0,0,0,0.0,,
21,16,demo,demo,self,8544,0,0,0,0.0,,
21,16,demo,test_other,distance_ge_2,451008,0,0,0,0.0,,
21,16,test,answer_prediction,distance_ge_2,2136,0,0,0,0.0,,
21,16,test,test_other,distance_ge_2,57551,0,0,0,0.0,,
21,16,test,test_other,previous,2136,0,0,0,0.0,,
21,16,test,test_other,self,2136,0,0,0,0.0,,
21,17,demo,answer_prediction,distance_ge_2,8544,0,0,0,0.0,,
21,17,demo,demo,distance_ge_2,1000158,0,0,0,0.0,,
21,17,demo,demo,previous,8544,0,0,0,0.0,,
21,17,demo,demo,self,8544,0,0,0,0.0,,
21,17,demo,test_other,distance_ge_2,451008,0,0,0,0.0,,
21,17,test,answer_prediction,distance_ge_2,2136,0,0,0,0.0,,
21,17,test,test_other,distance_ge_2,57551,0,0,0,0.0,,
21,17,test,test_other,previous,2136,0,0,0,0.0,,
21,17,test,test_other,self,2136,1,1,1,0.00046816479400749064,0.03908229619264603,0.0019881625194102526
21,18,demo,answer_prediction,distance_ge_2,8544,0,0,0,0.0,,
21,18,demo,demo,distance_ge_2,1000158,1182,1182,86,0.0011818132735027865,0.009086765901957932,0.014444351158271876
21,18,demo,demo,previous,8544,0,0,0,0.0,,
21,18,demo,demo,self,8544,0,0,0,0.0,,
21,18,demo,test_other,distance_ge_2,451008,70,70,20,0.00015520788988221938,0.005451313193355288,0.002542036452463695
21,18,test,answer_prediction,distance_ge_2,2136,0,0,0,0.0,,
21,18,test,test_other,distance_ge_2,57551,423,423,85,0.007350002606383903,0.011622645796561854,0.010027455276246116
21,18,test,test_other,previous,2136,0,0,0,0.0,,
21,18,test,test_other,self,2136,0,0,0,0.0,,
21,19,demo,answer_prediction,distance_ge_2,8544,0,0,0,0.0,,
21,19,demo,demo,distance_ge_2,1000158,0,0,0,0.0,,
21,19,demo,demo,previous,8544,0,0,0,0.0,,
21,19,demo,demo,self,8544,0,0,0,0.0,,
21,19,demo,test_other,distance_ge_2,451008,0,0,0,0.0,,
21,19,test,answer_prediction,distance_ge_2,2136,0,0,0,0.0,,
21,19,test,test_other,distance_ge_2,57551,0,0,0,0.0,,
21,19,test,test_other,previous,2136,0,0,0,0.0,,
21,19,test,test_other,self,2136,0,0,0,0.0,,
21,20,demo,answer_prediction,distance_ge_2,8544,0,0,0,0.0,,
21,20,demo,demo,distance_ge_2,1000158,0,0,0,0.0,,
21,20,demo,demo,previous,8544,0,0,0,0.0,,
21,20,demo,demo,self,8544,0,0,0,0.0,,
21,20,demo,test_other,distance_ge_2,451008,0,0,0,0.0,,
21,20,test,answer_prediction,distance_ge_2,2136,0,0,0,0.0,,
21,20,test,test_other,distance_ge_2,57551,0,0,0,0.0,,
21,20,test,test_other,previous,2136,0,0,0,0.0,,
21,20,test,test_other,self,2136,0,0,0,0.0,,
21,21,demo,answer_prediction,distance_ge_2,8544,0,0,0,0.0,,
21,21,demo,demo,distance_ge_2,1000158,0,0,0,0.0,,
21,21,demo,demo,previous,8544,0,0,0,0.0,,
21,21,demo,demo,self,8544,0,0,0,0.0,,
21,21,demo,test_other,distance_ge_2,451008,0,0,0,0.0,,
21,21,test,answer_prediction,distance_ge_2,2136,0,0,0,0.0,,
21,21,test,test_other,distance_ge_2,57551,0,0,0,0.0,,
21,21,test,test_other,previous,2136,0,0,0,0.0,,
21,21,test,test_other,self,2136,0,0,0,0.0,,
21,22,demo,answer_prediction,distance_ge_2,8544,0,0,0,0.0,,
21,22,demo,demo,distance_ge_2,1000158,0,0,0,0.0,,
21,22,demo,demo,previous,8544,0,0,0,0.0,,
21,22,demo,demo,self,8544,0,0,0,0.0,,
21,22,demo,test_other,distance_ge_2,451008,0,0,0,0.0,,
21,22,test,answer_prediction,distance_ge_2,2136,0,0,0,0.0,,
21,22,test,test_other,distance_ge_2,57551,0,0,0,0.0,,
21,22,test,test_other,previous,2136,0,0,0,0.0,,
21,22,test,test_other,self,2136,0,0,0,0.0,,
21,23,demo,answer_prediction,distance_ge_2,8544,0,0,0,0.0,,
21,23,demo,demo,distance_ge_2,1000158,0,0,0,0.0,,
21,23,demo,demo,previous,8544,0,0,0,0.0,,
21,23,demo,demo,self,8544,0,0,0,0.0,,
21,23,demo,test_other,distance_ge_2,451008,0,0,0,0.0,,
21,23,test,answer_prediction,distance_ge_2,2136,0,0,0,0.0,,
21,23,test,test_other,distance_ge_2,57551,0,0,0,0.0,,
21,23,test,test_other,previous,2136,0,0,0,0.0,,
21,23,test,test_other,self,2136,0,0,0,0.0,,
21,24,demo,answer_prediction,distance_ge_2,8544,0,0,0,0.0,,
21,24,demo,demo,distance_ge_2,1000158,906,906,69,0.000905856874613811,0.008428182904379829,0.0016457583759366544
21,24,demo,demo,previous,8544,0,0,0,0.0,,
21,24,demo,demo,self,8544,0,0,0,0.0,,
21,24,demo,test_other,distance_ge_2,451008,47,47,17,0.00010421101177806158,0.006486756068238235,0.006880999840003379
21,24,test,answer_prediction,distance_ge_2,2136,0,0,0,0.0,,
21,24,test,test_other,distance_ge_2,57551,49,49,23,0.0008514187416378517,0.01527772075496614,0.0057646023128561825
21,24,test,test_other,previous,2136,0,0,0,0.0,,
21,24,test,test_other,self,2136,0,0,0,0.0,,
21,25,demo,answer_prediction,distance_ge_2,8544,0,0,0,0.0,,
21,25,demo,demo,distance_ge_2,1000158,300,300,33,0.0002999526074880169,0.0598393081392472,0.016696658939278373
21,25,demo,demo,previous,8544,0,0,0,0.0,,
21,25,demo,demo,self,8544,0,0,0,0.0,,
21,25,demo,test_other,distance_ge_2,451008,80,80,18,0.00017738044557967929,0.03627879952546209,0.010367873456561937
21,25,test,answer_prediction,distance_ge_2,2136,0,0,0,0.0,,
21,25,test,test_other,distance_ge_2,57551,125,125,52,0.002171986585810846,0.02904985434608534,0.007534986549988389
21,25,test,test_other,previous,2136,0,0,0,0.0,,
21,25,test,test_other,self,2136,0,0,0,0.0,,
21,26,demo,answer_prediction,distance_ge_2,8544,0,0,0,0.0,,
21,26,demo,demo,distance_ge_2,1000158,0,0,0,0.0,,
21,26,demo,demo,previous,8544,0,0,0,0.0,,
21,26,demo,demo,self,8544,0,0,0,0.0,,
21,26,demo,test_other,distance_ge_2,451008,0,0,0,0.0,,
21,26,test,answer_prediction,distance_ge_2,2136,0,0,0,0.0,,
21,26,test,test_other,distance_ge_2,57551,0,0,0,0.0,,
21,26,test,test_other,previous,2136,0,0,0,0.0,,
21,26,test,test_other,self,2136,0,0,0,0.0,,
21,27,demo,answer_prediction,distance_ge_2,8544,0,0,0,0.0,,
21,27,demo,demo,distance_ge_2,1000158,1860,1860,87,0.0018597061664257046,0.006822886880705013,0.026768906735535024
21,27,demo,demo,previous,8544,0,0,0,0.0,,
21,27,demo,demo,self,8544,0,0,0,0.0,,
21,27,demo,test_other,distance_ge_2,451008,285,285,50,0.0006319178373776075,0.007242324273918935,0.02322462208180616
21,27,test,answer_prediction,distance_ge_2,2136,0,0,0,0.0,,
21,27,test,test_other,distance_ge_2,57551,483,483,84,0.008392556167573109,0.006773135019128846,0.019322095212093257
21,27,test,test_other,previous,2136,0,0,0,0.0,,
21,27,test,test_other,self,2136,0,0,0,0.0,,
21,28,demo,answer_prediction,distance_ge_2,8544,0,0,0,0.0,,
21,28,demo,demo,distance_ge_2,1000158,0,0,0,0.0,,
21,28,demo,demo,previous,8544,0,0,0,0.0,,
21,28,demo,demo,self,8544,0,0,0,0.0,,
21,28,demo,test_other,distance_ge_2,451008,0,0,0,0.0,,
21,28,test,answer_prediction,distance_ge_2,2136,0,0,0,0.0,,
21,28,test,test_other,distance_ge_2,57551,0,0,0,0.0,,
21,28,test,test_other,previous,2136,0,0,0,0.0,,
21,28,test,test_other,self,2136,0,0,0,0.0,,
21,29,demo,answer_prediction,distance_ge_2,8544,0,0,0,0.0,,
21,29,demo,demo,distance_ge_2,1000158,0,0,0,0.0,,
21,29,demo,demo,previous,8544,0,0,0,0.0,,
21,29,demo,demo,self,8544,0,0,0,0.0,,
21,29,demo,test_other,distance_ge_2,451008,0,0,0,0.0,,
21,29,test,answer_prediction,distance_ge_2,2136,0,0,0,0.0,,
21,29,test,test_other,distance_ge_2,57551,0,0,0,0.0,,
21,29,test,test_other,previous,2136,0,0,0,0.0,,
21,29,test,test_other,self,2136,0,0,0,0.0,,
21,30,demo,answer_prediction,distance_ge_2,8544,0,0,0,0.0,,
21,30,demo,demo,distance_ge_2,1000158,0,0,0,0.0,,
21,30,demo,demo,previous,8544,0,0,0,0.0,,
21,30,demo,demo,self,8544,0,0,0,0.0,,
21,30,demo,test_other,distance_ge_2,451008,0,0,0,0.0,,
21,30,test,answer_prediction,distance_ge_2,2136,0,0,0,0.0,,
21,30,test,test_other,distance_ge_2,57551,0,0,0,0.0,,
21,30,test,test_other,previous,2136,0,0,0,0.0,,
21,30,test,test_other,self,2136,0,0,0,0.0,,
21,31,demo,answer_prediction,distance_ge_2,8544,0,0,0,0.0,,
21,31,demo,demo,distance_ge_2,1000158,0,0,0,0.0,,
21,31,demo,demo,previous,8544,0,0,0,0.0,,
21,31,demo,demo,self,8544,0,0,0,0.0,,
21,31,demo,test_other,distance_ge_2,451008,0,0,0,0.0,,
21,31,test,answer_prediction,distance_ge_2,2136,0,0,0,0.0,,
21,31,test,test_other,distance_ge_2,57551,0,0,0,0.0,,
21,31,test,test_other,previous,2136,0,0,0,0.0,,
21,31,test,test_other,self,2136,0,0,0,0.0,,
22,0,demo,answer_prediction,distance_ge_2,8544,0,0,0,0.0,,
22,0,demo,demo,distance_ge_2,1000158,0,0,0,0.0,,
22,0,demo,demo,previous,8544,0,0,0,0.0,,
22,0,demo,demo,self,8544,0,0,0,0.0,,
22,0,demo,test_other,distance_ge_2,451008,0,0,0,0.0,,
22,0,test,answer_prediction,distance_ge_2,2136,0,0,0,0.0,,
22,0,test,test_other,distance_ge_2,57551,0,0,0,0.0,,
22,0,test,test_other,previous,2136,0,0,0,0.0,,
22,0,test,test_other,self,2136,0,0,0,0.0,,
22,1,demo,answer_prediction,distance_ge_2,8544,0,0,0,0.0,,
22,1,demo,demo,distance_ge_2,1000158,0,0,0,0.0,,
22,1,demo,demo,previous,8544,0,0,0,0.0,,
22,1,demo,demo,self,8544,0,0,0,0.0,,
22,1,demo,test_other,distance_ge_2,451008,0,0,0,0.0,,
22,1,test,answer_prediction,distance_ge_2,2136,0,0,0,0.0,,
22,1,test,test_other,distance_ge_2,57551,0,0,0,0.0,,
22,1,test,test_other,previous,2136,0,0,0,0.0,,
22,1,test,test_other,self,2136,0,0,0,0.0,,
22,2,demo,answer_prediction,distance_ge_2,8544,0,0,0,0.0,,
22,2,demo,demo,distance_ge_2,1000158,0,0,0,0.0,,
22,2,demo,demo,previous,8544,0,0,0,0.0,,
22,2,demo,demo,self,8544,0,0,0,0.0,,
22,2,demo,test_other,distance_ge_2,451008,0,0,0,0.0,,
22,2,test,answer_prediction,distance_ge_2,2136,0,0,0,0.0,,
22,2,test,test_other,distance_ge_2,57551,0,0,0,0.0,,
22,2,test,test_other,previous,2136,0,0,0,0.0,,
22,2,test,test_other,self,2136,0,0,0,0.0,,
22,3,demo,answer_prediction,distance_ge_2,8544,0,0,0,0.0,,
22,3,demo,demo,distance_ge_2,1000158,168,168,4,0.00016797346019328945,0.11040387595338481,0.16574952006340027
22,3,demo,demo,previous,8544,24,24,4,0.0028089887640449437,0.0,0.2914077937602997
22,3,demo,demo,self,8544,0,0,0,0.0,,
22,3,demo,test_other,distance_ge_2,451008,0,0,0,0.0,,
22,3,test,answer_prediction,distance_ge_2,2136,0,0,0,0.0,,
22,3,test,test_other,distance_ge_2,57551,0,0,0,0.0,,
22,3,test,test_other,previous,2136,0,0,0,0.0,,
22,3,test,test_other,self,2136,0,0,0,0.0,,
22,4,demo,answer_prediction,distance_ge_2,8544,0,0,0,0.0,,
22,4,demo,demo,distance_ge_2,1000158,234,234,29,0.0002339630338406532,0.07328780898903935,0.007435400898639972
22,4,demo,demo,previous,8544,24,24,4,0.0028089887640449437,0.08644427979985873,0.07740559987723827
22,4,demo,demo,self,8544,18,18,3,0.002106741573033708,0.0,0.0
22,4,demo,test_other,distance_ge_2,451008,5,5,2,1.1086277848729955e-05,0.005106540396809578,0.0
22,4,test,answer_prediction,distance_ge_2,2136,0,0,0,0.0,,
22,4,test,test_other,distance_ge_2,57551,18,18,4,0.00031276606835676184,0.014722107030037377,0.007057479815557599
22,4,test,test_other,previous,2136,2,2,1,0.0009363295880149813,0.018421465530991554,0.0
22,4,test,test_other,self,2136,1,1,1,0.00046816479400749064,0.0,0.0
22,5,demo,answer_prediction,distance_ge_2,8544,0,0,0,0.0,,
22,5,demo,demo,distance_ge_2,1000158,30,30,4,2.999526074880169e-05,0.019547854363918305,0.03597705935438474
22,5,demo,demo,previous,8544,36,36,6,0.004213483146067416,0.0,0.03842631975809733
22,5,demo,demo,self,8544,0,0,0,0.0,,
22,5,demo,test_other,distance_ge_2,451008,0,0,0,0.0,,
22,5,test,answer_prediction,distance_ge_2,2136,0,0,0,0.0,,
22,5,test,test_other,distance_ge_2,57551,24,24,13,0.0004170214244756824,0.03386603218192855,0.0035692186599286893
22,5,test,test_other,previous,2136,0,0,0,0.0,,
22,5,test,test_other,self,2136,0,0,0,0.0,,
22,6,demo,answer_prediction,distance_ge_2,8544,0,0,0,0.0,,
22,6,demo,demo,distance_ge_2,1000158,0,0,0,0.0,,
22,6,demo,demo,previous,8544,0,0,0,0.0,,
22,6,demo,demo,self,8544,0,0,0,0.0,,
22,6,demo,test_other,distance_ge_2,451008,0,0,0,0.0,,
22,6,test,answer_prediction,distance_ge_2,2136,0,0,0,0.0,,
22,6,test,test_other,distance_ge_2,57551,0,0,0,0.0,,
22,6,test,test_other,previous,2136,0,0,0,0.0,,
22,6,test,test_other,self,2136,0,0,0,0.0,,
22,7,demo,answer_prediction,distance_ge_2,8544,0,0,0,0.0,,
22,7,demo,demo,distance_ge_2,1000158,0,0,0,0.0,,
22,7,demo,demo,previous,8544,0,0,0,0.0,,
22,7,demo,demo,self,8544,0,0,0,0.0,,
22,7,demo,test_other,distance_ge_2,451008,0,0,0,0.0,,
22,7,test,answer_prediction,distance_ge_2,2136,0,0,0,0.0,,
22,7,test,test_other,distance_ge_2,57551,0,0,0,0.0,,
22,7,test,test_other,previous,2136,0,0,0,0.0,,
22,7,test,test_other,self,2136,0,0,0,0.0,,
22,8,demo,answer_prediction,distance_ge_2,8544,0,0,0,0.0,,
22,8,demo,demo,distance_ge_2,1000158,0,0,0,0.0,,
22,8,demo,demo,previous,8544,0,0,0,0.0,,
22,8,demo,demo,self,8544,0,0,0,0.0,,
22,8,demo,test_other,distance_ge_2,451008,0,0,0,0.0,,
22,8,test,answer_prediction,distance_ge_2,2136,0,0,0,0.0,,
22,8,test,test_other,distance_ge_2,57551,0,0,0,0.0,,
22,8,test,test_other,previous,2136,0,0,0,0.0,,
22,8,test,test_other,self,2136,0,0,0,0.0,,
22,9,demo,answer_prediction,distance_ge_2,8544,0,0,0,0.0,,
22,9,demo,demo,distance_ge_2,1000158,0,0,0,0.0,,
22,9,demo,demo,previous,8544,0,0,0,0.0,,
22,9,demo,demo,self,8544,0,0,0,0.0,,
22,9,demo,test_other,distance_ge_2,451008,0,0,0,0.0,,
22,9,test,answer_prediction,distance_ge_2,2136,0,0,0,0.0,,
22,9,test,test_other,distance_ge_2,57551,0,0,0,0.0,,
22,9,test,test_other,previous,2136,0,0,0,0.0,,
22,9,test,test_other,self,2136,0,0,0,0.0,,
22,10,demo,answer_prediction,distance_ge_2,8544,0,0,0,0.0,,
22,10,demo,demo,distance_ge_2,1000158,0,0,0,0.0,,
22,10,demo,demo,previous,8544,0,0,0,0.0,,
22,10,demo,demo,self,8544,0,0,0,0.0,,
22,10,demo,test_other,distance_ge_2,451008,0,0,0,0.0,,
22,10,test,answer_prediction,distance_ge_2,2136,0,0,0,0.0,,
22,10,test,test_other,distance_ge_2,57551,0,0,0,0.0,,
22,10,test,test_other,previous,2136,0,0,0,0.0,,
22,10,test,test_other,self,2136,0,0,0,0.0,,
22,11,demo,answer_prediction,distance_ge_2,8544,0,0,0,0.0,,
22,11,demo,demo,distance_ge_2,1000158,0,0,0,0.0,,
22,11,demo,demo,previous,8544,0,0,0,0.0,,
22,11,demo,demo,self,8544,150,150,25,0.0175561797752809,0.0,0.0
22,11,demo,test_other,distance_ge_2,451008,0,0,0,0.0,,
22,11,test,answer_prediction,distance_ge_2,2136,0,0,0,0.0,,
22,11,test,test_other,distance_ge_2,57551,0,0,0,0.0,,
22,11,test,test_other,previous,2136,0,0,0,0.0,,
22,11,test,test_other,self,2136,0,0,0,0.0,,
22,12,demo,answer_prediction,distance_ge_2,8544,0,0,0,0.0,,
22,12,demo,demo,distance_ge_2,1000158,0,0,0,0.0,,
22,12,demo,demo,previous,8544,0,0,0,0.0,,
22,12,demo,demo,self,8544,0,0,0,0.0,,
22,12,demo,test_other,distance_ge_2,451008,0,0,0,0.0,,
22,12,test,answer_prediction,distance_ge_2,2136,0,0,0,0.0,,
22,12,test,test_other,distance_ge_2,57551,0,0,0,0.0,,
22,12,test,test_other,previous,2136,0,0,0,0.0,,
22,12,test,test_other,self,2136,0,0,0,0.0,,
22,13,demo,answer_prediction,distance_ge_2,8544,0,0,0,0.0,,
22,13,demo,demo,distance_ge_2,1000158,0,0,0,0.0,,
22,13,demo,demo,previous,8544,0,0,0,0.0,,
22,13,demo,demo,self,8544,18,18,3,0.002106741573033708,0.16017402708530426,0.0
22,13,demo,test_other,distance_ge_2,451008,0,0,0,0.0,,
22,13,test,answer_prediction,distance_ge_2,2136,0,0,0,0.0,,
22,13,test,test_other,distance_ge_2,57551,0,0,0,0.0,,
22,13,test,test_other,previous,2136,0,0,0,0.0,,
22,13,test,test_other,self,2136,0,0,0,0.0,,
22,14,demo,answer_prediction,distance_ge_2,8544,0,0,0,0.0,,
22,14,demo,demo,distance_ge_2,1000158,0,0,0,0.0,,
22,14,demo,demo,previous,8544,0,0,0,0.0,,
22,14,demo,demo,self,8544,0,0,0,0.0,,
22,14,demo,test_other,distance_ge_2,451008,0,0,0,0.0,,
22,14,test,answer_prediction,distance_ge_2,2136,0,0,0,0.0,,
22,14,test,test_other,distance_ge_2,57551,0,0,0,0.0,,
22,14,test,test_other,previous,2136,0,0,0,0.0,,
22,14,test,test_other,self,2136,0,0,0,0.0,,
22,15,demo,answer_prediction,distance_ge_2,8544,0,0,0,0.0,,
22,15,demo,demo,distance_ge_2,1000158,0,0,0,0.0,,
22,15,demo,demo,previous,8544,0,0,0,0.0,,
22,15,demo,demo,self,8544,0,0,0,0.0,,
22,15,demo,test_other,distance_ge_2,451008,0,0,0,0.0,,
22,15,test,answer_prediction,distance_ge_2,2136,0,0,0,0.0,,
22,15,test,test_other,distance_ge_2,57551,0,0,0,0.0,,
22,15,test,test_other,previous,2136,0,0,0,0.0,,
22,15,test,test_other,self,2136,0,0,0,0.0,,
22,16,demo,answer_prediction,distance_ge_2,8544,0,0,0,0.0,,
22,16,demo,demo,distance_ge_2,1000158,0,0,0,0.0,,
22,16,demo,demo,previous,8544,0,0,0,0.0,,
22,16,demo,demo,self,8544,0,0,0,0.0,,
22,16,demo,test_other,distance_ge_2,451008,0,0,0,0.0,,
22,16,test,answer_prediction,distance_ge_2,2136,0,0,0,0.0,,
22,16,test,test_other,distance_ge_2,57551,0,0,0,0.0,,
22,16,test,test_other,previous,2136,0,0,0,0.0,,
22,16,test,test_other,self,2136,0,0,0,0.0,,
22,17,demo,answer_prediction,distance_ge_2,8544,0,0,0,0.0,,
22,17,demo,demo,distance_ge_2,1000158,0,0,0,0.0,,
22,17,demo,demo,previous,8544,0,0,0,0.0,,
22,17,demo,demo,self,8544,0,0,0,0.0,,
22,17,demo,test_other,distance_ge_2,451008,0,0,0,0.0,,
22,17,test,answer_prediction,distance_ge_2,2136,0,0,0,0.0,,
22,17,test,test_other,distance_ge_2,57551,0,0,0,0.0,,
22,17,test,test_other,previous,2136,0,0,0,0.0,,
22,17,test,test_other,self,2136,0,0,0,0.0,,
22,18,demo,answer_prediction,distance_ge_2,8544,0,0,0,0.0,,
22,18,demo,demo,distance_ge_2,1000158,0,0,0,0.0,,
22,18,demo,demo,previous,8544,42,42,7,0.0049157303370786515,0.03964542916842869,0.0
22,18,demo,demo,self,8544,0,0,0,0.0,,
22,18,demo,test_other,distance_ge_2,451008,0,0,0,0.0,,
22,18,test,answer_prediction,distance_ge_2,2136,0,0,0,0.0,,
22,18,test,test_other,distance_ge_2,57551,5,5,2,8.687946343243385e-05,0.015909506380558013,0.022912976029329003
22,18,test,test_other,previous,2136,0,0,0,0.0,,
22,18,test,test_other,self,2136,0,0,0,0.0,,
22,19,demo,answer_prediction,distance_ge_2,8544,0,0,0,0.0,,
22,19,demo,demo,distance_ge_2,1000158,0,0,0,0.0,,
22,19,demo,demo,previous,8544,0,0,0,0.0,,
22,19,demo,demo,self,8544,24,24,4,0.0028089887640449437,0.0,0.13594813644886017
22,19,demo,test_other,distance_ge_2,451008,0,0,0,0.0,,
22,19,test,answer_prediction,distance_ge_2,2136,0,0,0,0.0,,
22,19,test,test_other,distance_ge_2,57551,0,0,0,0.0,,
22,19,test,test_other,previous,2136,0,0,0,0.0,,
22,19,test,test_other,self,2136,0,0,0,0.0,,
22,20,demo,answer_prediction,distance_ge_2,8544,0,0,0,0.0,,
22,20,demo,demo,distance_ge_2,1000158,0,0,0,0.0,,
22,20,demo,demo,previous,8544,0,0,0,0.0,,
22,20,demo,demo,self,8544,0,0,0,0.0,,
22,20,demo,test_other,distance_ge_2,451008,0,0,0,0.0,,
22,20,test,answer_prediction,distance_ge_2,2136,0,0,0,0.0,,
22,20,test,test_other,distance_ge_2,57551,0,0,0,0.0,,
22,20,test,test_other,previous,2136,0,0,0,0.0,,
22,20,test,test_other,self,2136,0,0,0,0.0,,
22,21,demo,answer_prediction,distance_ge_2,8544,0,0,0,0.0,,
22,21,demo,demo,distance_ge_2,1000158,138,138,19,0.00013797819944448778,0.017136715210812246,0.042931456240298954
22,21,demo,demo,previous,8544,0,0,0,0.0,,
22,21,demo,demo,self,8544,0,0,0,0.0,,
22,21,demo,test_other,distance_ge_2,451008,0,0,0,0.0,,
22,21,test,answer_prediction,distance_ge_2,2136,0,0,0,0.0,,
22,21,test,test_other,distance_ge_2,57551,20,20,6,0.0003475178537297354,0.04776994781568646,0.022959773777984083
22,21,test,test_other,previous,2136,0,0,0,0.0,,
22,21,test,test_other,self,2136,0,0,0,0.0,,
22,22,demo,answer_prediction,distance_ge_2,8544,0,0,0,0.0,,
22,22,demo,demo,distance_ge_2,1000158,0,0,0,0.0,,
22,22,demo,demo,previous,8544,0,0,0,0.0,,
22,22,demo,demo,self,8544,18,18,3,0.002106741573033708,0.03411632776260376,0.0
22,22,demo,test_other,distance_ge_2,451008,0,0,0,0.0,,
22,22,test,answer_prediction,distance_ge_2,2136,0,0,0,0.0,,
22,22,test,test_other,distance_ge_2,57551,0,0,0,0.0,,
22,22,test,test_other,previous,2136,0,0,0,0.0,,
22,22,test,test_other,self,2136,3,3,3,0.0014044943820224719,0.00952467042952776,0.0017606541514396667
22,23,demo,answer_prediction,distance_ge_2,8544,0,0,0,0.0,,
22,23,demo,demo,distance_ge_2,1000158,0,0,0,0.0,,
22,23,demo,demo,previous,8544,0,0,0,0.0,,
22,23,demo,demo,self,8544,0,0,0,0.0,,
22,23,demo,test_other,distance_ge_2,451008,0,0,0,0.0,,
22,23,test,answer_prediction,distance_ge_2,2136,0,0,0,0.0,,
22,23,test,test_other,distance_ge_2,57551,0,0,0,0.0,,
22,23,test,test_other,previous,2136,0,0,0,0.0,,
22,23,test,test_other,self,2136,0,0,0,0.0,,
22,24,demo,answer_prediction,distance_ge_2,8544,0,0,0,0.0,,
22,24,demo,demo,distance_ge_2,1000158,0,0,0,0.0,,
22,24,demo,demo,previous,8544,0,0,0,0.0,,
22,24,demo,demo,self,8544,0,0,0,0.0,,
22,24,demo,test_other,distance_ge_2,451008,0,0,0,0.0,,
22,24,test,answer_prediction,distance_ge_2,2136,0,0,0,0.0,,
22,24,test,test_other,distance_ge_2,57551,0,0,0,0.0,,
22,24,test,test_other,previous,2136,0,0,0,0.0,,
22,24,test,test_other,self,2136,0,0,0,0.0,,
22,25,demo,answer_prediction,distance_ge_2,8544,0,0,0,0.0,,
22,25,demo,demo,distance_ge_2,1000158,0,0,0,0.0,,
22,25,demo,demo,previous,8544,0,0,0,0.0,,
22,25,demo,demo,self,8544,0,0,0,0.0,,
22,25,demo,test_other,distance_ge_2,451008,0,0,0,0.0,,
22,25,test,answer_prediction,distance_ge_2,2136,0,0,0,0.0,,
22,25,test,test_other,distance_ge_2,57551,0,0,0,0.0,,
22,25,test,test_other,previous,2136,0,0,0,0.0,,
22,25,test,test_other,self,2136,0,0,0,0.0,,
22,26,demo,answer_prediction,distance_ge_2,8544,0,0,0,0.0,,
22,26,demo,demo,distance_ge_2,1000158,0,0,0,0.0,,
22,26,demo,demo,previous,8544,0,0,0,0.0,,
22,26,demo,demo,self,8544,0,0,0,0.0,,
22,26,demo,test_other,distance_ge_2,451008,0,0,0,0.0,,
22,26,test,answer_prediction,distance_ge_2,2136,0,0,0,0.0,,
22,26,test,test_other,distance_ge_2,57551,0,0,0,0.0,,
22,26,test,test_other,previous,2136,0,0,0,0.0,,
22,26,test,test_other,self,2136,0,0,0,0.0,,
22,27,demo,answer_prediction,distance_ge_2,8544,0,0,0,0.0,,
22,27,demo,demo,distance_ge_2,1000158,870,870,68,0.000869862561715249,0.02191278441861304,0.022616491137051033
22,27,demo,demo,previous,8544,252,252,38,0.02949438202247191,0.020185082877380033,0.0
22,27,demo,demo,self,8544,0,0,0,0.0,,
22,27,demo,test_other,distance_ge_2,451008,152,152,28,0.0003370228466013907,0.016576749951989194,0.020342952804639935
22,27,test,answer_prediction,distance_ge_2,2136,0,0,0,0.0,,
22,27,test,test_other,distance_ge_2,57551,114,114,35,0.0019808517662594917,0.005943892116703322,0.0053707398821420055
22,27,test,test_other,previous,2136,8,8,6,0.003745318352059925,0.021190163970459253,0.0
22,27,test,test_other,self,2136,0,0,0,0.0,,
22,28,demo,answer_prediction,distance_ge_2,8544,0,0,0,0.0,,
22,28,demo,demo,distance_ge_2,1000158,6,6,1,5.999052149760338e-06,0.0,0.0
22,28,demo,demo,previous,8544,0,0,0,0.0,,
22,28,demo,demo,self,8544,0,0,0,0.0,,
22,28,demo,test_other,distance_ge_2,451008,0,0,0,0.0,,
22,28,test,answer_prediction,distance_ge_2,2136,0,0,0,0.0,,
22,28,test,test_other,distance_ge_2,57551,0,0,0,0.0,,
22,28,test,test_other,previous,2136,0,0,0,0.0,,
22,28,test,test_other,self,2136,0,0,0,0.0,,
22,29,demo,answer_prediction,distance_ge_2,8544,0,0,0,0.0,,
22,29,demo,demo,distance_ge_2,1000158,0,0,0,0.0,,
22,29,demo,demo,previous,8544,0,0,0,0.0,,
22,29,demo,demo,self,8544,0,0,0,0.0,,
22,29,demo,test_other,distance_ge_2,451008,0,0,0,0.0,,
22,29,test,answer_prediction,distance_ge_2,2136,0,0,0,0.0,,
22,29,test,test_other,distance_ge_2,57551,0,0,0,0.0,,
22,29,test,test_other,previous,2136,0,0,0,0.0,,
22,29,test,test_other,self,2136,0,0,0,0.0,,
22,30,demo,answer_prediction,distance_ge_2,8544,0,0,0,0.0,,
22,30,demo,demo,distance_ge_2,1000158,0,0,0,0.0,,
22,30,demo,demo,previous,8544,0,0,0,0.0,,
22,30,demo,demo,self,8544,0,0,0,0.0,,
22,30,demo,test_other,distance_ge_2,451008,0,0,0,0.0,,
22,30,test,answer_prediction,distance_ge_2,2136,0,0,0,0.0,,
22,30,test,test_other,distance_ge_2,57551,0,0,0,0.0,,
22,30,test,test_other,previous,2136,0,0,0,0.0,,
22,30,test,test_other,self,2136,0,0,0,0.0,,
22,31,demo,answer_prediction,distance_ge_2,8544,0,0,0,0.0,,
22,31,demo,demo,distance_ge_2,1000158,0,0,0,0.0,,
22,31,demo,demo,previous,8544,0,0,0,0.0,,
22,31,demo,demo,self,8544,0,0,0,0.0,,
22,31,demo,test_other,distance_ge_2,451008,0,0,0,0.0,,
22,31,test,answer_prediction,distance_ge_2,2136,0,0,0,0.0,,
22,31,test,test_other,distance_ge_2,57551,0,0,0,0.0,,
22,31,test,test_other,previous,2136,0,0,0,0.0,,
22,31,test,test_other,self,2136,0,0,0,0.0,,
23,0,demo,answer_prediction,distance_ge_2,8544,0,0,0,0.0,,
23,0,demo,demo,distance_ge_2,1000158,0,0,0,0.0,,
23,0,demo,demo,previous,8544,0,0,0,0.0,,
23,0,demo,demo,self,8544,0,0,0,0.0,,
23,0,demo,test_other,distance_ge_2,451008,0,0,0,0.0,,
23,0,test,answer_prediction,distance_ge_2,2136,0,0,0,0.0,,
23,0,test,test_other,distance_ge_2,57551,0,0,0,0.0,,
23,0,test,test_other,previous,2136,0,0,0,0.0,,
23,0,test,test_other,self,2136,0,0,0,0.0,,
23,1,demo,answer_prediction,distance_ge_2,8544,0,0,0,0.0,,
23,1,demo,demo,distance_ge_2,1000158,0,0,0,0.0,,
23,1,demo,demo,previous,8544,0,0,0,0.0,,
23,1,demo,demo,self,8544,0,0,0,0.0,,
23,1,demo,test_other,distance_ge_2,451008,0,0,0,0.0,,
23,1,test,answer_prediction,distance_ge_2,2136,0,0,0,0.0,,
23,1,test,test_other,distance_ge_2,57551,0,0,0,0.0,,
23,1,test,test_other,previous,2136,0,0,0,0.0,,
23,1,test,test_other,self,2136,0,0,0,0.0,,
23,2,demo,answer_prediction,distance_ge_2,8544,0,0,0,0.0,,
23,2,demo,demo,distance_ge_2,1000158,0,0,0,0.0,,
23,2,demo,demo,previous,8544,0,0,0,0.0,,
23,2,demo,demo,self,8544,30,30,5,0.0035112359550561797,0.02839418649673462,0.0
23,2,demo,test_other,distance_ge_2,451008,0,0,0,0.0,,
23,2,test,answer_prediction,distance_ge_2,2136,0,0,0,0.0,,
23,2,test,test_other,distance_ge_2,57551,0,0,0,0.0,,
23,2,test,test_other,previous,2136,0,0,0,0.0,,
23,2,test,test_other,self,2136,0,0,0,0.0,,
23,3,demo,answer_prediction,distance_ge_2,8544,0,0,0,0.0,,
23,3,demo,demo,distance_ge_2,1000158,0,0,0,0.0,,
23,3,demo,demo,previous,8544,0,0,0,0.0,,
23,3,demo,demo,self,8544,162,162,26,0.018960674157303372,0.1474156462483936,0.01074271180011608
23,3,demo,test_other,distance_ge_2,451008,0,0,0,0.0,,
23,3,test,answer_prediction,distance_ge_2,2136,0,0,0,0.0,,
23,3,test,test_other,distance_ge_2,57551,0,0,0,0.0,,
23,3,test,test_other,previous,2136,0,0,0,0.0,,
23,3,test,test_other,self,2136,0,0,0,0.0,,
23,4,demo,answer_prediction,distance_ge_2,8544,0,0,0,0.0,,
23,4,demo,demo,distance_ge_2,1000158,0,0,0,0.0,,
23,4,demo,demo,previous,8544,0,0,0,0.0,,
23,4,demo,demo,self,8544,0,0,0,0.0,,
23,4,demo,test_other,distance_ge_2,451008,0,0,0,0.0,,
23,4,test,answer_prediction,distance_ge_2,2136,0,0,0,0.0,,
23,4,test,test_other,distance_ge_2,57551,0,0,0,0.0,,
23,4,test,test_other,previous,2136,0,0,0,0.0,,
23,4,test,test_other,self,2136,0,0,0,0.0,,
23,5,demo,answer_prediction,distance_ge_2,8544,0,0,0,0.0,,
23,5,demo,demo,distance_ge_2,1000158,0,0,0,0.0,,
23,5,demo,demo,previous,8544,0,0,0,0.0,,
23,5,demo,demo,self,8544,0,0,0,0.0,,
23,5,demo,test_other,distance_ge_2,451008,0,0,0,0.0,,
23,5,test,answer_prediction,distance_ge_2,2136,0,0,0,0.0,,
23,5,test,test_other,distance_ge_2,57551,0,0,0,0.0,,
23,5,test,test_other,previous,2136,0,0,0,0.0,,
23,5,test,test_other,self,2136,0,0,0,0.0,,
23,6,demo,answer_prediction,distance_ge_2,8544,0,0,0,0.0,,
23,6,demo,demo,distance_ge_2,1000158,0,0,0,0.0,,
23,6,demo,demo,previous,8544,0,0,0,0.0,,
23,6,demo,demo,self,8544,0,0,0,0.0,,
23,6,demo,test_other,distance_ge_2,451008,0,0,0,0.0,,
23,6,test,answer_prediction,distance_ge_2,2136,0,0,0,0.0,,
23,6,test,test_other,distance_ge_2,57551,6,6,1,0.0001042553561189206,0.0,0.04972502589225769
23,6,test,test_other,previous,2136,0,0,0,0.0,,
23,6,test,test_other,self,2136,0,0,0,0.0,,
23,7,demo,answer_prediction,distance_ge_2,8544,0,0,0,0.0,,
23,7,demo,demo,distance_ge_2,1000158,0,0,0,0.0,,
23,7,demo,demo,previous,8544,0,0,0,0.0,,
23,7,demo,demo,self,8544,0,0,0,0.0,,
23,7,demo,test_other,distance_ge_2,451008,0,0,0,0.0,,
23,7,test,answer_prediction,distance_ge_2,2136,0,0,0,0.0,,
23,7,test,test_other,distance_ge_2,57551,0,0,0,0.0,,
23,7,test,test_other,previous,2136,0,0,0,0.0,,
23,7,test,test_other,self,2136,0,0,0,0.0,,
23,8,demo,answer_prediction,distance_ge_2,8544,0,0,0,0.0,,
23,8,demo,demo,distance_ge_2,1000158,0,0,0,0.0,,
23,8,demo,demo,previous,8544,0,0,0,0.0,,
23,8,demo,demo,self,8544,0,0,0,0.0,,
23,8,demo,test_other,distance_ge_2,451008,0,0,0,0.0,,
23,8,test,answer_prediction,distance_ge_2,2136,0,0,0,0.0,,
23,8,test,test_other,distance_ge_2,57551,0,0,0,0.0,,
23,8,test,test_other,previous,2136,0,0,0,0.0,,
23,8,test,test_other,self,2136,0,0,0,0.0,,
23,9,demo,answer_prediction,distance_ge_2,8544,0,0,0,0.0,,
23,9,demo,demo,distance_ge_2,1000158,0,0,0,0.0,,
23,9,demo,demo,previous,8544,0,0,0,0.0,,
23,9,demo,demo,self,8544,0,0,0,0.0,,
23,9,demo,test_other,distance_ge_2,451008,0,0,0,0.0,,
23,9,test,answer_prediction,distance_ge_2,2136,0,0,0,0.0,,
23,9,test,test_other,distance_ge_2,57551,0,0,0,0.0,,
23,9,test,test_other,previous,2136,0,0,0,0.0,,
23,9,test,test_other,self,2136,0,0,0,0.0,,
23,10,demo,answer_prediction,distance_ge_2,8544,0,0,0,0.0,,
23,10,demo,demo,distance_ge_2,1000158,120,120,18,0.00011998104299520676,0.03459344130242244,0.003800208302466975
23,10,demo,demo,previous,8544,0,0,0,0.0,,
23,10,demo,demo,self,8544,0,0,0,0.0,,
23,10,demo,test_other,distance_ge_2,451008,1,1,1,2.2172555697459912e-06,0.0,0.0016469546826556325
23,10,test,answer_prediction,distance_ge_2,2136,0,0,0,0.0,,
23,10,test,test_other,distance_ge_2,57551,60,60,24,0.001042553561189206,0.024798187379686473,0.007656111878653367
23,10,test,test_other,previous,2136,0,0,0,0.0,,
23,10,test,test_other,self,2136,0,0,0,0.0,,
23,11,demo,answer_prediction,distance_ge_2,8544,0,0,0,0.0,,
23,11,demo,demo,distance_ge_2,1000158,0,0,0,0.0,,
23,11,demo,demo,previous,8544,0,0,0,0.0,,
23,11,demo,demo,self,8544,0,0,0,0.0,,
23,11,demo,test_other,distance_ge_2,451008,0,0,0,0.0,,
23,11,test,answer_prediction,distance_ge_2,2136,0,0,0,0.0,,
23,11,test,test_other,distance_ge_2,57551,0,0,0,0.0,,
23,11,test,test_other,previous,2136,0,0,0,0.0,,
23,11,test,test_other,self,2136,0,0,0,0.0,,
23,12,demo,answer_prediction,distance_ge_2,8544,0,0,0,0.0,,
23,12,demo,demo,distance_ge_2,1000158,264,264,34,0.0002639582945894549,0.004100368665107949,0.04079191457651288
23,12,demo,demo,previous,8544,0,0,0,0.0,,
23,12,demo,demo,self,8544,0,0,0,0.0,,
23,12,demo,test_other,distance_ge_2,451008,15,15,4,3.325883354618987e-05,0.0019197806715965271,0.001047709925721089
23,12,test,answer_prediction,distance_ge_2,2136,0,0,0,0.0,,
23,12,test,test_other,distance_ge_2,57551,17,17,11,0.00029539017567027507,0.017045348937458852,0.021273705793325517
23,12,test,test_other,previous,2136,0,0,0,0.0,,
23,12,test,test_other,self,2136,0,0,0,0.0,,
23,13,demo,answer_prediction,distance_ge_2,8544,0,0,0,0.0,,
23,13,demo,demo,distance_ge_2,1000158,0,0,0,0.0,,
23,13,demo,demo,previous,8544,0,0,0,0.0,,
23,13,demo,demo,self,8544,0,0,0,0.0,,
23,13,demo,test_other,distance_ge_2,451008,0,0,0,0.0,,
23,13,test,answer_prediction,distance_ge_2,2136,0,0,0,0.0,,
23,13,test,test_other,distance_ge_2,57551,0,0,0,0.0,,
23,13,test,test_other,previous,2136,0,0,0,0.0,,
23,13,test,test_other,self,2136,0,0,0,0.0,,
23,14,demo,answer_prediction,distance_ge_2,8544,0,0,0,0.0,,
23,14,demo,demo,distance_ge_2,1000158,0,0,0,0.0,,
23,14,demo,demo,previous,8544,0,0,0,0.0,,
23,14,demo,demo,self,8544,0,0,0,0.0,,
23,14,demo,test_other,distance_ge_2,451008,0,0,0,0.0,,
23,14,test,answer_prediction,distance_ge_2,2136,0,0,0,0.0,,
23,14,test,test_other,distance_ge_2,57551,0,0,0,0.0,,
23,14,test,test_other,previous,2136,0,0,0,0.0,,
23,14,test,test_other,self,2136,0,0,0,0.0,,
23,15,demo,answer_prediction,distance_ge_2,8544,0,0,0,0.0,,
23,15,demo,demo,distance_ge_2,1000158,276,276,29,0.00027595639888897556,0.008383066960327003,0.06846839814460363
23,15,demo,demo,previous,8544,6,6,1,0.0007022471910112359,0.077092162022988,0.03929826803505421
23,15,demo,demo,self,8544,48,48,8,0.0056179775280898875,0.03134093864355236,0.0
23,15,demo,test_other,distance_ge_2,451008,13,13,8,2.8824322406697887e-05,0.002874279824587015,0.02488818707374426
23,15,test,answer_prediction,distance_ge_2,2136,0,0,0,0.0,,
23,15,test,test_other,distance_ge_2,57551,72,72,39,0.0012510642734270474,0.006704399753289181,0.022313186245608248
23,15,test,test_other,previous,2136,0,0,0,0.0,,
23,15,test,test_other,self,2136,0,0,0,0.0,,
23,16,demo,answer_prediction,distance_ge_2,8544,0,0,0,0.0,,
23,16,demo,demo,distance_ge_2,1000158,0,0,0,0.0,,
23,16,demo,demo,previous,8544,0,0,0,0.0,,
23,16,demo,demo,self,8544,0,0,0,0.0,,
23,16,demo,test_other,distance_ge_2,451008,0,0,0,0.0,,
23,16,test,answer_prediction,distance_ge_2,2136,0,0,0,0.0,,
23,16,test,test_other,distance_ge_2,57551,0,0,0,0.0,,
23,16,test,test_other,previous,2136,0,0,0,0.0,,
23,16,test,test_other,self,2136,0,0,0,0.0,,
23,17,demo,answer_prediction,distance_ge_2,8544,0,0,0,0.0,,
23,17,demo,demo,distance_ge_2,1000158,0,0,0,0.0,,
23,17,demo,demo,previous,8544,0,0,0,0.0,,
23,17,demo,demo,self,8544,0,0,0,0.0,,
23,17,demo,test_other,distance_ge_2,451008,0,0,0,0.0,,
23,17,test,answer_prediction,distance_ge_2,2136,0,0,0,0.0,,
23,17,test,test_other,distance_ge_2,57551,0,0,0,0.0,,
23,17,test,test_other,previous,2136,0,0,0,0.0,,
23,17,test,test_other,self,2136,0,0,0,0.0,,
23,18,demo,answer_prediction,distance_ge_2,8544,0,0,0,0.0,,
23,18,demo,demo,distance_ge_2,1000158,0,0,0,0.0,,
23,18,demo,demo,previous,8544,0,0,0,0.0,,
23,18,demo,demo,self,8544,0,0,0,0.0,,
23,18,demo,test_other,distance_ge_2,451008,0,0,0,0.0,,
23,18,test,answer_prediction,distance_ge_2,2136,0,0,0,0.0,,
23,18,test,test_other,distance_ge_2,57551,0,0,0,0.0,,
23,18,test,test_other,previous,2136,0,0,0,0.0,,
23,18,test,test_other,self,2136,0,0,0,0.0,,
23,19,demo,answer_prediction,distance_ge_2,8544,0,0,0,0.0,,
23,19,demo,demo,distance_ge_2,1000158,312,312,12,0.00031195071178753757,0.028040769569671307,0.08570268832576963
23,19,demo,demo,previous,8544,72,72,12,0.008426966292134831,0.19988111406564713,0.12861621069411436
23,19,demo,demo,self,8544,0,0,0,0.0,,
23,19,demo,test_other,distance_ge_2,451008,6,6,1,1.3303533418475947e-05,0.00507453503087163,0.012352007441222668
23,19,test,answer_prediction,distance_ge_2,2136,0,0,0,0.0,,
23,19,test,test_other,distance_ge_2,57551,0,0,0,0.0,,
23,19,test,test_other,previous,2136,0,0,0,0.0,,
23,19,test,test_other,self,2136,0,0,0,0.0,,
23,20,demo,answer_prediction,distance_ge_2,8544,0,0,0,0.0,,
23,20,demo,demo,distance_ge_2,1000158,0,0,0,0.0,,
23,20,demo,demo,previous,8544,0,0,0,0.0,,
23,20,demo,demo,self,8544,0,0,0,0.0,,
23,20,demo,test_other,distance_ge_2,451008,0,0,0,0.0,,
23,20,test,answer_prediction,distance_ge_2,2136,0,0,0,0.0,,
23,20,test,test_other,distance_ge_2,57551,0,0,0,0.0,,
23,20,test,test_other,previous,2136,0,0,0,0.0,,
23,20,test,test_other,self,2136,0,0,0,0.0,,
23,21,demo,answer_prediction,distance_ge_2,8544,0,0,0,0.0,,
23,21,demo,demo,distance_ge_2,1000158,60,60,10,5.999052149760338e-05,0.023488548770546912,0.010874890485138167
23,21,demo,demo,previous,8544,0,0,0,0.0,,
23,21,demo,demo,self,8544,0,0,0,0.0,,
23,21,demo,test_other,distance_ge_2,451008,0,0,0,0.0,,
23,21,test,answer_prediction,distance_ge_2,2136,5,5,5,0.0023408239700374533,0.00672370046377182,0.010439836233854295
23,21,test,test_other,distance_ge_2,57551,0,0,0,0.0,,
23,21,test,test_other,previous,2136,0,0,0,0.0,,
23,21,test,test_other,self,2136,0,0,0,0.0,,
23,22,demo,answer_prediction,distance_ge_2,8544,0,0,0,0.0,,
23,22,demo,demo,distance_ge_2,1000158,0,0,0,0.0,,
23,22,demo,demo,previous,8544,0,0,0,0.0,,
23,22,demo,demo,self,8544,0,0,0,0.0,,
23,22,demo,test_other,distance_ge_2,451008,0,0,0,0.0,,
23,22,test,answer_prediction,distance_ge_2,2136,0,0,0,0.0,,
23,22,test,test_other,distance_ge_2,57551,0,0,0,0.0,,
23,22,test,test_other,previous,2136,0,0,0,0.0,,
23,22,test,test_other,self,2136,0,0,0,0.0,,
23,23,demo,answer_prediction,distance_ge_2,8544,0,0,0,0.0,,
23,23,demo,demo,distance_ge_2,1000158,0,0,0,0.0,,
23,23,demo,demo,previous,8544,0,0,0,0.0,,
23,23,demo,demo,self,8544,0,0,0,0.0,,
23,23,demo,test_other,distance_ge_2,451008,0,0,0,0.0,,
23,23,test,answer_prediction,distance_ge_2,2136,0,0,0,0.0,,
23,23,test,test_other,distance_ge_2,57551,0,0,0,0.0,,
23,23,test,test_other,previous,2136,0,0,0,0.0,,
23,23,test,test_other,self,2136,0,0,0,0.0,,
23,24,demo,answer_prediction,distance_ge_2,8544,0,0,0,0.0,,
23,24,demo,demo,distance_ge_2,1000158,0,0,0,0.0,,
23,24,demo,demo,previous,8544,0,0,0,0.0,,
23,24,demo,demo,self,8544,0,0,0,0.0,,
23,24,demo,test_other,distance_ge_2,451008,0,0,0,0.0,,
23,24,test,answer_prediction,distance_ge_2,2136,0,0,0,0.0,,
23,24,test,test_other,distance_ge_2,57551,0,0,0,0.0,,
23,24,test,test_other,previous,2136,0,0,0,0.0,,
23,24,test,test_other,self,2136,0,0,0,0.0,,
23,25,demo,answer_prediction,distance_ge_2,8544,0,0,0,0.0,,
23,25,demo,demo,distance_ge_2,1000158,0,0,0,0.0,,
23,25,demo,demo,previous,8544,0,0,0,0.0,,
23,25,demo,demo,self,8544,0,0,0,0.0,,
23,25,demo,test_other,distance_ge_2,451008,0,0,0,0.0,,
23,25,test,answer_prediction,distance_ge_2,2136,0,0,0,0.0,,
23,25,test,test_other,distance_ge_2,57551,0,0,0,0.0,,
23,25,test,test_other,previous,2136,0,0,0,0.0,,
23,25,test,test_other,self,2136,0,0,0,0.0,,
23,26,demo,answer_prediction,distance_ge_2,8544,0,0,0,0.0,,
23,26,demo,demo,distance_ge_2,1000158,0,0,0,0.0,,
23,26,demo,demo,previous,8544,0,0,0,0.0,,
23,26,demo,demo,self,8544,0,0,0,0.0,,
23,26,demo,test_other,distance_ge_2,451008,0,0,0,0.0,,
23,26,test,answer_prediction,distance_ge_2,2136,0,0,0,0.0,,
23,26,test,test_other,distance_ge_2,57551,0,0,0,0.0,,
23,26,test,test_other,previous,2136,0,0,0,0.0,,
23,26,test,test_other,self,2136,0,0,0,0.0,,
23,27,demo,answer_prediction,distance_ge_2,8544,0,0,0,0.0,,
23,27,demo,demo,distance_ge_2,1000158,0,0,0,0.0,,
23,27,demo,demo,previous,8544,0,0,0,0.0,,
23,27,demo,demo,self,8544,0,0,0,0.0,,
23,27,demo,test_other,distance_ge_2,451008,0,0,0,0.0,,
23,27,test,answer_prediction,distance_ge_2,2136,0,0,0,0.0,,
23,27,test,test_other,distance_ge_2,57551,0,0,0,0.0,,
23,27,test,test_other,previous,2136,0,0,0,0.0,,
23,27,test,test_other,self,2136,0,0,0,0.0,,
23,28,demo,answer_prediction,distance_ge_2,8544,0,0,0,0.0,,
23,28,demo,demo,distance_ge_2,1000158,0,0,0,0.0,,
23,28,demo,demo,previous,8544,0,0,0,0.0,,
23,28,demo,demo,self,8544,0,0,0,0.0,,
23,28,demo,test_other,distance_ge_2,451008,0,0,0,0.0,,
23,28,test,answer_prediction,distance_ge_2,2136,0,0,0,0.0,,
23,28,test,test_other,distance_ge_2,57551,0,0,0,0.0,,
23,28,test,test_other,previous,2136,0,0,0,0.0,,
23,28,test,test_other,self,2136,0,0,0,0.0,,
23,29,demo,answer_prediction,distance_ge_2,8544,0,0,0,0.0,,
23,29,demo,demo,distance_ge_2,1000158,0,0,0,0.0,,
23,29,demo,demo,previous,8544,0,0,0,0.0,,
23,29,demo,demo,self,8544,0,0,0,0.0,,
23,29,demo,test_other,distance_ge_2,451008,0,0,0,0.0,,
23,29,test,answer_prediction,distance_ge_2,2136,0,0,0,0.0,,
23,29,test,test_other,distance_ge_2,57551,0,0,0,0.0,,
23,29,test,test_other,previous,2136,0,0,0,0.0,,
23,29,test,test_other,self,2136,0,0,0,0.0,,
23,30,demo,answer_prediction,distance_ge_2,8544,0,0,0,0.0,,
23,30,demo,demo,distance_ge_2,1000158,0,0,0,0.0,,
23,30,demo,demo,previous,8544,0,0,0,0.0,,
23,30,demo,demo,self,8544,0,0,0,0.0,,
23,30,demo,test_other,distance_ge_2,451008,0,0,0,0.0,,
23,30,test,answer_prediction,distance_ge_2,2136,0,0,0,0.0,,
23,30,test,test_other,distance_ge_2,57551,0,0,0,0.0,,
23,30,test,test_other,previous,2136,0,0,0,0.0,,
23,30,test,test_other,self,2136,0,0,0,0.0,,
23,31,demo,answer_prediction,distance_ge_2,8544,0,0,0,0.0,,
23,31,demo,demo,distance_ge_2,1000158,0,0,0,0.0,,
23,31,demo,demo,previous,8544,0,0,0,0.0,,
23,31,demo,demo,self,8544,0,0,0,0.0,,
23,31,demo,test_other,distance_ge_2,451008,0,0,0,0.0,,
23,31,test,answer_prediction,distance_ge_2,2136,0,0,0,0.0,,
23,31,test,test_other,distance_ge_2,57551,0,0,0,0.0,,
23,31,test,test_other,previous,2136,0,0,0,0.0,,
23,31,test,test_other,self,2136,0,0,0,0.0,,
24,0,demo,answer_prediction,distance_ge_2,8544,0,0,0,0.0,,
24,0,demo,demo,distance_ge_2,1000158,0,0,0,0.0,,
24,0,demo,demo,previous,8544,0,0,0,0.0,,
24,0,demo,demo,self,8544,0,0,0,0.0,,
24,0,demo,test_other,distance_ge_2,451008,0,0,0,0.0,,
24,0,test,answer_prediction,distance_ge_2,2136,0,0,0,0.0,,
24,0,test,test_other,distance_ge_2,57551,0,0,0,0.0,,
24,0,test,test_other,previous,2136,0,0,0,0.0,,
24,0,test,test_other,self,2136,0,0,0,0.0,,
24,1,demo,answer_prediction,distance_ge_2,8544,0,0,0,0.0,,
24,1,demo,demo,distance_ge_2,1000158,0,0,0,0.0,,
24,1,demo,demo,previous,8544,0,0,0,0.0,,
24,1,demo,demo,self,8544,0,0,0,0.0,,
24,1,demo,test_other,distance_ge_2,451008,0,0,0,0.0,,
24,1,test,answer_prediction,distance_ge_2,2136,0,0,0,0.0,,
24,1,test,test_other,distance_ge_2,57551,0,0,0,0.0,,
24,1,test,test_other,previous,2136,0,0,0,0.0,,
24,1,test,test_other,self,2136,0,0,0,0.0,,
24,2,demo,answer_prediction,distance_ge_2,8544,0,0,0,0.0,,
24,2,demo,demo,distance_ge_2,1000158,0,0,0,0.0,,
24,2,demo,demo,previous,8544,0,0,0,0.0,,
24,2,demo,demo,self,8544,0,0,0,0.0,,
24,2,demo,test_other,distance_ge_2,451008,0,0,0,0.0,,
24,2,test,answer_prediction,distance_ge_2,2136,0,0,0,0.0,,
24,2,test,test_other,distance_ge_2,57551,0,0,0,0.0,,
24,2,test,test_other,previous,2136,1,1,1,0.00046816479400749064,0.0122467540204525,0.0
24,2,test,test_other,self,2136,0,0,0,0.0,,
24,3,demo,answer_prediction,distance_ge_2,8544,0,0,0,0.0,,
24,3,demo,demo,distance_ge_2,1000158,0,0,0,0.0,,
24,3,demo,demo,previous,8544,0,0,0,0.0,,
24,3,demo,demo,self,8544,0,0,0,0.0,,
24,3,demo,test_other,distance_ge_2,451008,0,0,0,0.0,,
24,3,test,answer_prediction,distance_ge_2,2136,0,0,0,0.0,,
24,3,test,test_other,distance_ge_2,57551,0,0,0,0.0,,
24,3,test,test_other,previous,2136,0,0,0,0.0,,
24,3,test,test_other,self,2136,0,0,0,0.0,,
24,4,demo,answer_prediction,distance_ge_2,8544,0,0,0,0.0,,
24,4,demo,demo,distance_ge_2,1000158,0,0,0,0.0,,
24,4,demo,demo,previous,8544,0,0,0,0.0,,
24,4,demo,demo,self,8544,0,0,0,0.0,,
24,4,demo,test_other,distance_ge_2,451008,0,0,0,0.0,,
24,4,test,answer_prediction,distance_ge_2,2136,0,0,0,0.0,,
24,4,test,test_other,distance_ge_2,57551,0,0,0,0.0,,
24,4,test,test_other,previous,2136,0,0,0,0.0,,
24,4,test,test_other,self,2136,0,0,0,0.0,,
24,5,demo,answer_prediction,distance_ge_2,8544,0,0,0,0.0,,
24,5,demo,demo,distance_ge_2,1000158,0,0,0,0.0,,
24,5,demo,demo,previous,8544,0,0,0,0.0,,
24,5,demo,demo,self,8544,0,0,0,0.0,,
24,5,demo,test_other,distance_ge_2,451008,0,0,0,0.0,,
24,5,test,answer_prediction,distance_ge_2,2136,0,0,0,0.0,,
24,5,test,test_other,distance_ge_2,57551,0,0,0,0.0,,
24,5,test,test_other,previous,2136,0,0,0,0.0,,
24,5,test,test_other,self,2136,0,0,0,0.0,,
24,6,demo,answer_prediction,distance_ge_2,8544,0,0,0,0.0,,
24,6,demo,demo,distance_ge_2,1000158,0,0,0,0.0,,
24,6,demo,demo,previous,8544,0,0,0,0.0,,
24,6,demo,demo,self,8544,0,0,0,0.0,,
24,6,demo,test_other,distance_ge_2,451008,0,0,0,0.0,,
24,6,test,answer_prediction,distance_ge_2,2136,0,0,0,0.0,,
24,6,test,test_other,distance_ge_2,57551,0,0,0,0.0,,
24,6,test,test_other,previous,2136,0,0,0,0.0,,
24,6,test,test_other,self,2136,0,0,0,0.0,,
24,7,demo,answer_prediction,distance_ge_2,8544,0,0,0,0.0,,
24,7,demo,demo,distance_ge_2,1000158,0,0,0,0.0,,
24,7,demo,demo,previous,8544,0,0,0,0.0,,
24,7,demo,demo,self,8544,0,0,0,0.0,,
24,7,demo,test_other,distance_ge_2,451008,0,0,0,0.0,,
24,7,test,answer_prediction,distance_ge_2,2136,0,0,0,0.0,,
24,7,test,test_other,distance_ge_2,57551,0,0,0,0.0,,
24,7,test,test_other,previous,2136,0,0,0,0.0,,
24,7,test,test_other,self,2136,0,0,0,0.0,,
24,8,demo,answer_prediction,distance_ge_2,8544,0,0,0,0.0,,
24,8,demo,demo,distance_ge_2,1000158,0,0,0,0.0,,
24,8,demo,demo,previous,8544,0,0,0,0.0,,
24,8,demo,demo,self,8544,0,0,0,0.0,,
24,8,demo,test_other,distance_ge_2,451008,0,0,0,0.0,,
24,8,test,answer_prediction,distance_ge_2,2136,0,0,0,0.0,,
24,8,test,test_other,distance_ge_2,57551,0,0,0,0.0,,
24,8,test,test_other,previous,2136,0,0,0,0.0,,
24,8,test,test_other,self,2136,0,0,0,0.0,,
24,9,demo,answer_prediction,distance_ge_2,8544,0,0,0,0.0,,
24,9,demo,demo,distance_ge_2,1000158,0,0,0,0.0,,
24,9,demo,demo,previous,8544,0,0,0,0.0,,
24,9,demo,demo,self,8544,0,0,0,0.0,,
24,9,demo,test_other,distance_ge_2,451008,0,0,0,0.0,,
24,9,test,answer_prediction,distance_ge_2,2136,0,0,0,0.0,,
24,9,test,test_other,distance_ge_2,57551,0,0,0,0.0,,
24,9,test,test_other,previous,2136,0,0,0,0.0,,
24,9,test,test_other,self,2136,0,0,0,0.0,,
24,10,demo,answer_prediction,distance_ge_2,8544,0,0,0,0.0,,
24,10,demo,demo,distance_ge_2,1000158,96,96,4,9.598483439616541e-05,0.0,0.03360393307715034
24,10,demo,demo,previous,8544,36,36,6,0.004213483146067416,0.0,0.061846782763799034
24,10,demo,demo,self,8544,0,0,0,0.0,,
24,10,demo,test_other,distance_ge_2,451008,13,13,2,2.8824322406697887e-05,0.00699903887624924,0.016849611670925066
24,10,test,answer_prediction,distance_ge_2,2136,0,0,0,0.0,,
24,10,test,test_other,distance_ge_2,57551,2,2,2,3.475178537297354e-05,0.005553705617785454,0.0
24,10,test,test_other,previous,2136,0,0,0,0.0,,
24,10,test,test_other,self,2136,0,0,0,0.0,,
24,11,demo,answer_prediction,distance_ge_2,8544,0,0,0,0.0,,
24,11,demo,demo,distance_ge_2,1000158,0,0,0,0.0,,
24,11,demo,demo,previous,8544,0,0,0,0.0,,
24,11,demo,demo,self,8544,0,0,0,0.0,,
24,11,demo,test_other,distance_ge_2,451008,0,0,0,0.0,,
24,11,test,answer_prediction,distance_ge_2,2136,0,0,0,0.0,,
24,11,test,test_other,distance_ge_2,57551,0,0,0,0.0,,
24,11,test,test_other,previous,2136,0,0,0,0.0,,
24,11,test,test_other,self,2136,0,0,0,0.0,,
24,12,demo,answer_prediction,distance_ge_2,8544,0,0,0,0.0,,
24,12,demo,demo,distance_ge_2,1000158,0,0,0,0.0,,
24,12,demo,demo,previous,8544,0,0,0,0.0,,
24,12,demo,demo,self,8544,0,0,0,0.0,,
24,12,demo,test_other,distance_ge_2,451008,0,0,0,0.0,,
24,12,test,answer_prediction,distance_ge_2,2136,0,0,0,0.0,,
24,12,test,test_other,distance_ge_2,57551,0,0,0,0.0,,
24,12,test,test_other,previous,2136,0,0,0,0.0,,
24,12,test,test_other,self,2136,0,0,0,0.0,,
24,13,demo,answer_prediction,distance_ge_2,8544,0,0,0,0.0,,
24,13,demo,demo,distance_ge_2,1000158,0,0,0,0.0,,
24,13,demo,demo,previous,8544,0,0,0,0.0,,
24,13,demo,demo,self,8544,0,0,0,0.0,,
24,13,demo,test_other,distance_ge_2,451008,0,0,0,0.0,,
24,13,test,answer_prediction,distance_ge_2,2136,0,0,0,0.0,,
24,13,test,test_other,distance_ge_2,57551,0,0,0,0.0,,
24,13,test,test_other,previous,2136,0,0,0,0.0,,
24,13,test,test_other,self,2136,0,0,0,0.0,,
24,14,demo,answer_prediction,distance_ge_2,8544,0,0,0,0.0,,
24,14,demo,demo,distance_ge_2,1000158,0,0,0,0.0,,
24,14,demo,demo,previous,8544,0,0,0,0.0,,
24,14,demo,demo,self,8544,0,0,0,0.0,,
24,14,demo,test_other,distance_ge_2,451008,0,0,0,0.0,,
24,14,test,answer_prediction,distance_ge_2,2136,0,0,0,0.0,,
24,14,test,test_other,distance_ge_2,57551,0,0,0,0.0,,
24,14,test,test_other,previous,2136,0,0,0,0.0,,
24,14,test,test_other,self,2136,0,0,0,0.0,,
24,15,demo,answer_prediction,distance_ge_2,8544,0,0,0,0.0,,
24,15,demo,demo,distance_ge_2,1000158,0,0,0,0.0,,
24,15,demo,demo,previous,8544,0,0,0,0.0,,
24,15,demo,demo,self,8544,0,0,0,0.0,,
24,15,demo,test_other,distance_ge_2,451008,0,0,0,0.0,,
24,15,test,answer_prediction,distance_ge_2,2136,0,0,0,0.0,,
24,15,test,test_other,distance_ge_2,57551,0,0,0,0.0,,
24,15,test,test_other,previous,2136,0,0,0,0.0,,
24,15,test,test_other,self,2136,0,0,0,0.0,,
24,16,demo,answer_prediction,distance_ge_2,8544,0,0,0,0.0,,
24,16,demo,demo,distance_ge_2,1000158,72,72,7,7.198862579712406e-05,0.003969355680358906,0.003193852181235949
24,16,demo,demo,previous,8544,0,0,0,0.0,,
24,16,demo,demo,self,8544,0,0,0,0.0,,
24,16,demo,test_other,distance_ge_2,451008,24,24,7,5.321413367390379e-05,0.0028461841896690507,0.001490354324535777
24,16,test,answer_prediction,distance_ge_2,2136,0,0,0,0.0,,
24,16,test,test_other,distance_ge_2,57551,6,6,5,0.0001042553561189206,0.018474446221565206,0.0
24,16,test,test_other,previous,2136,0,0,0,0.0,,
24,16,test,test_other,self,2136,0,0,0,0.0,,
24,17,demo,answer_prediction,distance_ge_2,8544,0,0,0,0.0,,
24,17,demo,demo,distance_ge_2,1000158,888,888,73,0.00088785971816453,0.006261669545589636,0.04706108646660305
24,17,demo,demo,previous,8544,6,6,1,0.0007022471910112359,0.08020339906215668,0.0
24,17,demo,demo,self,8544,0,0,0,0.0,,
24,17,demo,test_other,distance_ge_2,451008,133,133,26,0.00029489499077621685,0.02941425653311067,0.017939934373966286
24,17,test,answer_prediction,distance_ge_2,2136,0,0,0,0.0,,
24,17,test,test_other,distance_ge_2,57551,137,137,48,0.0023804972980486874,0.015398194405834877,0.008652484430217721
24,17,test,test_other,previous,2136,7,7,5,0.0032771535580524347,0.005217003245239279,0.015337765349873475
24,17,test,test_other,self,2136,0,0,0,0.0,,
24,18,demo,answer_prediction,distance_ge_2,8544,0,0,0,0.0,,
24,18,demo,demo,distance_ge_2,1000158,0,0,0,0.0,,
24,18,demo,demo,previous,8544,0,0,0,0.0,,
24,18,demo,demo,self,8544,0,0,0,0.0,,
24,18,demo,test_other,distance_ge_2,451008,0,0,0,0.0,,
24,18,test,answer_prediction,distance_ge_2,2136,0,0,0,0.0,,
24,18,test,test_other,distance_ge_2,57551,0,0,0,0.0,,
24,18,test,test_other,previous,2136,0,0,0,0.0,,
24,18,test,test_other,self,2136,0,0,0,0.0,,
24,19,demo,answer_prediction,distance_ge_2,8544,0,0,0,0.0,,
24,19,demo,demo,distance_ge_2,1000158,12,12,2,1.1998104299520676e-05,0.0,0.005631584208458662
24,19,demo,demo,previous,8544,0,0,0,0.0,,
24,19,demo,demo,self,8544,0,0,0,0.0,,
24,19,demo,test_other,distance_ge_2,451008,0,0,0,0.0,,
24,19,test,answer_prediction,distance_ge_2,2136,0,0,0,0.0,,
24,19,test,test_other,distance_ge_2,57551,0,0,0,0.0,,
24,19,test,test_other,previous,2136,1,1,1,0.00046816479400749064,0.0,0.0
24,19,test,test_other,self,2136,0,0,0,0.0,,
24,20,demo,answer_prediction,distance_ge_2,8544,0,0,0,0.0,,
24,20,demo,demo,distance_ge_2,1000158,0,0,0,0.0,,
24,20,demo,demo,previous,8544,0,0,0,0.0,,
24,20,demo,demo,self,8544,0,0,0,0.0,,
24,20,demo,test_other,distance_ge_2,451008,0,0,0,0.0,,
24,20,test,answer_prediction,distance_ge_2,2136,0,0,0,0.0,,
24,20,test,test_other,distance_ge_2,57551,0,0,0,0.0,,
24,20,test,test_other,previous,2136,0,0,0,0.0,,
24,20,test,test_other,self,2136,0,0,0,0.0,,
24,21,demo,answer_prediction,distance_ge_2,8544,0,0,0,0.0,,
24,21,demo,demo,distance_ge_2,1000158,0,0,0,0.0,,
24,21,demo,demo,previous,8544,0,0,0,0.0,,
24,21,demo,demo,self,8544,0,0,0,0.0,,
24,21,demo,test_other,distance_ge_2,451008,0,0,0,0.0,,
24,21,test,answer_prediction,distance_ge_2,2136,0,0,0,0.0,,
24,21,test,test_other,distance_ge_2,57551,0,0,0,0.0,,
24,21,test,test_other,previous,2136,0,0,0,0.0,,
24,21,test,test_other,self,2136,0,0,0,0.0,,
24,22,demo,answer_prediction,distance_ge_2,8544,0,0,0,0.0,,
24,22,demo,demo,distance_ge_2,1000158,0,0,0,0.0,,
24,22,demo,demo,previous,8544,0,0,0,0.0,,
24,22,demo,demo,self,8544,0,0,0,0.0,,
24,22,demo,test_other,distance_ge_2,451008,0,0,0,0.0,,
24,22,test,answer_prediction,distance_ge_2,2136,0,0,0,0.0,,
24,22,test,test_other,distance_ge_2,57551,15,15,8,0.0002606383902973015,0.030934065580368042,0.027861385233700277
24,22,test,test_other,previous,2136,0,0,0,0.0,,
24,22,test,test_other,self,2136,0,0,0,0.0,,
24,23,demo,answer_prediction,distance_ge_2,8544,0,0,0,0.0,,
24,23,demo,demo,distance_ge_2,1000158,738,738,60,0.0007378834144205216,0.0055257727042298645,0.016768456964821713
24,23,demo,demo,previous,8544,54,54,9,0.006320224719101123,0.007560163152110936,0.0
24,23,demo,demo,self,8544,0,0,0,0.0,,
24,23,demo,test_other,distance_ge_2,451008,103,103,18,0.0002283773236838371,0.009129079665990945,0.011789811273259156
24,23,test,answer_prediction,distance_ge_2,2136,0,0,0,0.0,,
24,23,test,test_other,distance_ge_2,57551,89,89,33,0.0015464544490973223,0.007818137874677673,0.010918683102982265
24,23,test,test_other,previous,2136,2,2,2,0.0009363295880149813,0.001178279402665794,0.0
24,23,test,test_other,self,2136,0,0,0,0.0,,
24,24,demo,answer_prediction,distance_ge_2,8544,0,0,0,0.0,,
24,24,demo,demo,distance_ge_2,1000158,0,0,0,0.0,,
24,24,demo,demo,previous,8544,0,0,0,0.0,,
24,24,demo,demo,self,8544,0,0,0,0.0,,
24,24,demo,test_other,distance_ge_2,451008,0,0,0,0.0,,
24,24,test,answer_prediction,distance_ge_2,2136,0,0,0,0.0,,
24,24,test,test_other,distance_ge_2,57551,11,11,7,0.00019113481955135446,0.00798271413871341,0.007535187194166197
24,24,test,test_other,previous,2136,2,2,2,0.0009363295880149813,0.009744702838361263,0.0
24,24,test,test_other,self,2136,0,0,0,0.0,,
24,25,demo,answer_prediction,distance_ge_2,8544,0,0,0,0.0,,
24,25,demo,demo,distance_ge_2,1000158,0,0,0,0.0,,
24,25,demo,demo,previous,8544,0,0,0,0.0,,
24,25,demo,demo,self,8544,0,0,0,0.0,,
24,25,demo,test_other,distance_ge_2,451008,0,0,0,0.0,,
24,25,test,answer_prediction,distance_ge_2,2136,0,0,0,0.0,,
24,25,test,test_other,distance_ge_2,57551,0,0,0,0.0,,
24,25,test,test_other,previous,2136,0,0,0,0.0,,
24,25,test,test_other,self,2136,0,0,0,0.0,,
24,26,demo,answer_prediction,distance_ge_2,8544,0,0,0,0.0,,
24,26,demo,demo,distance_ge_2,1000158,0,0,0,0.0,,
24,26,demo,demo,previous,8544,0,0,0,0.0,,
24,26,demo,demo,self,8544,0,0,0,0.0,,
24,26,demo,test_other,distance_ge_2,451008,0,0,0,0.0,,
24,26,test,answer_prediction,distance_ge_2,2136,0,0,0,0.0,,
24,26,test,test_other,distance_ge_2,57551,0,0,0,0.0,,
24,26,test,test_other,previous,2136,0,0,0,0.0,,
24,26,test,test_other,self,2136,0,0,0,0.0,,
24,27,demo,answer_prediction,distance_ge_2,8544,0,0,0,0.0,,
24,27,demo,demo,distance_ge_2,1000158,468,468,11,0.0004679260676813064,0.0691815489389671,0.024425227863666337
24,27,demo,demo,previous,8544,72,72,12,0.008426966292134831,0.08875345935424168,0.0
24,27,demo,demo,self,8544,24,24,4,0.0028089887640449437,0.0,0.19447971135377884
24,27,demo,test_other,distance_ge_2,451008,18,18,5,3.9910600255427844e-05,0.03341697218517462,0.017053724667574797
24,27,test,answer_prediction,distance_ge_2,2136,0,0,0,0.0,,
24,27,test,test_other,distance_ge_2,57551,1,1,1,1.737589268648677e-05,0.09155014902353287,0.0011960110859945416
24,27,test,test_other,previous,2136,0,0,0,0.0,,
24,27,test,test_other,self,2136,1,1,1,0.00046816479400749064,0.0,0.02918492816388607
24,28,demo,answer_prediction,distance_ge_2,8544,0,0,0,0.0,,
24,28,demo,demo,distance_ge_2,1000158,0,0,0,0.0,,
24,28,demo,demo,previous,8544,0,0,0,0.0,,
24,28,demo,demo,self,8544,0,0,0,0.0,,
24,28,demo,test_other,distance_ge_2,451008,0,0,0,0.0,,
24,28,test,answer_prediction,distance_ge_2,2136,0,0,0,0.0,,
24,28,test,test_other,distance_ge_2,57551,0,0,0,0.0,,
24,28,test,test_other,previous,2136,0,0,0,0.0,,
24,28,test,test_other,self,2136,0,0,0,0.0,,
24,29,demo,answer_prediction,distance_ge_2,8544,0,0,0,0.0,,
24,29,demo,demo,distance_ge_2,1000158,0,0,0,0.0,,
24,29,demo,demo,previous,8544,0,0,0,0.0,,
24,29,demo,demo,self,8544,0,0,0,0.0,,
24,29,demo,test_other,distance_ge_2,451008,0,0,0,0.0,,
24,29,test,answer_prediction,distance_ge_2,2136,0,0,0,0.0,,
24,29,test,test_other,distance_ge_2,57551,0,0,0,0.0,,
24,29,test,test_other,previous,2136,0,0,0,0.0,,
24,29,test,test_other,self,2136,0,0,0,0.0,,
24,30,demo,answer_prediction,distance_ge_2,8544,0,0,0,0.0,,
24,30,demo,demo,distance_ge_2,1000158,0,0,0,0.0,,
24,30,demo,demo,previous,8544,0,0,0,0.0,,
24,30,demo,demo,self,8544,0,0,0,0.0,,
24,30,demo,test_other,distance_ge_2,451008,0,0,0,0.0,,
24,30,test,answer_prediction,distance_ge_2,2136,0,0,0,0.0,,
24,30,test,test_other,distance_ge_2,57551,0,0,0,0.0,,
24,30,test,test_other,previous,2136,0,0,0,0.0,,
24,30,test,test_other,self,2136,0,0,0,0.0,,
24,31,demo,answer_prediction,distance_ge_2,8544,0,0,0,0.0,,
24,31,demo,demo,distance_ge_2,1000158,0,0,0,0.0,,
24,31,demo,demo,previous,8544,0,0,0,0.0,,
24,31,demo,demo,self,8544,0,0,0,0.0,,
24,31,demo,test_other,distance_ge_2,451008,0,0,0,0.0,,
24,31,test,answer_prediction,distance_ge_2,2136,0,0,0,0.0,,
24,31,test,test_other,distance_ge_2,57551,0,0,0,0.0,,
24,31,test,test_other,previous,2136,0,0,0,0.0,,
24,31,test,test_other,self,2136,0,0,0,0.0,,
25,0,demo,answer_prediction,distance_ge_2,8544,0,0,0,0.0,,
25,0,demo,demo,distance_ge_2,1000158,288,288,24,0.00028795450318849623,0.01658982184825517,0.04364491488700474
25,0,demo,demo,previous,8544,54,54,9,0.006320224719101123,0.03876061578867612,0.0
25,0,demo,demo,self,8544,0,0,0,0.0,,
25,0,demo,test_other,distance_ge_2,451008,19,19,5,4.2127855825173836e-05,0.003353872563300348,0.036598161157024536
25,0,test,answer_prediction,distance_ge_2,2136,0,0,0,0.0,,
25,0,test,test_other,distance_ge_2,57551,31,31,15,0.0005386526732810898,0.008385428036431662,0.012860233707713985
25,0,test,test_other,previous,2136,0,0,0,0.0,,
25,0,test,test_other,self,2136,0,0,0,0.0,,
25,1,demo,answer_prediction,distance_ge_2,8544,0,0,0,0.0,,
25,1,demo,demo,distance_ge_2,1000158,0,0,0,0.0,,
25,1,demo,demo,previous,8544,0,0,0,0.0,,
25,1,demo,demo,self,8544,0,0,0,0.0,,
25,1,demo,test_other,distance_ge_2,451008,0,0,0,0.0,,
25,1,test,answer_prediction,distance_ge_2,2136,0,0,0,0.0,,
25,1,test,test_other,distance_ge_2,57551,0,0,0,0.0,,
25,1,test,test_other,previous,2136,0,0,0,0.0,,
25,1,test,test_other,self,2136,0,0,0,0.0,,
25,2,demo,answer_prediction,distance_ge_2,8544,0,0,0,0.0,,
25,2,demo,demo,distance_ge_2,1000158,0,0,0,0.0,,
25,2,demo,demo,previous,8544,0,0,0,0.0,,
25,2,demo,demo,self,8544,0,0,0,0.0,,
25,2,demo,test_other,distance_ge_2,451008,0,0,0,0.0,,
25,2,test,answer_prediction,distance_ge_2,2136,0,0,0,0.0,,
25,2,test,test_other,distance_ge_2,57551,0,0,0,0.0,,
25,2,test,test_other,previous,2136,0,0,0,0.0,,
25,2,test,test_other,self,2136,0,0,0,0.0,,
25,3,demo,answer_prediction,distance_ge_2,8544,0,0,0,0.0,,
25,3,demo,demo,distance_ge_2,1000158,0,0,0,0.0,,
25,3,demo,demo,previous,8544,0,0,0,0.0,,
25,3,demo,demo,self,8544,0,0,0,0.0,,
25,3,demo,test_other,distance_ge_2,451008,0,0,0,0.0,,
25,3,test,answer_prediction,distance_ge_2,2136,0,0,0,0.0,,
25,3,test,test_other,distance_ge_2,57551,0,0,0,0.0,,
25,3,test,test_other,previous,2136,0,0,0,0.0,,
25,3,test,test_other,self,2136,0,0,0,0.0,,
25,4,demo,answer_prediction,distance_ge_2,8544,0,0,0,0.0,,
25,4,demo,demo,distance_ge_2,1000158,0,0,0,0.0,,
25,4,demo,demo,previous,8544,0,0,0,0.0,,
25,4,demo,demo,self,8544,0,0,0,0.0,,
25,4,demo,test_other,distance_ge_2,451008,0,0,0,0.0,,
25,4,test,answer_prediction,distance_ge_2,2136,0,0,0,0.0,,
25,4,test,test_other,distance_ge_2,57551,0,0,0,0.0,,
25,4,test,test_other,previous,2136,0,0,0,0.0,,
25,4,test,test_other,self,2136,0,0,0,0.0,,
25,5,demo,answer_prediction,distance_ge_2,8544,0,0,0,0.0,,
25,5,demo,demo,distance_ge_2,1000158,0,0,0,0.0,,
25,5,demo,demo,previous,8544,0,0,0,0.0,,
25,5,demo,demo,self,8544,0,0,0,0.0,,
25,5,demo,test_other,distance_ge_2,451008,0,0,0,0.0,,
25,5,test,answer_prediction,distance_ge_2,2136,0,0,0,0.0,,
25,5,test,test_other,distance_ge_2,57551,0,0,0,0.0,,
25,5,test,test_other,previous,2136,0,0,0,0.0,,
25,5,test,test_other,self,2136,0,0,0,0.0,,
25,6,demo,answer_prediction,distance_ge_2,8544,0,0,0,0.0,,
25,6,demo,demo,distance_ge_2,1000158,0,0,0,0.0,,
25,6,demo,demo,previous,8544,0,0,0,0.0,,
25,6,demo,demo,self,8544,0,0,0,0.0,,
25,6,demo,test_other,distance_ge_2,451008,0,0,0,0.0,,
25,6,test,answer_prediction,distance_ge_2,2136,0,0,0,0.0,,
25,6,test,test_other,distance_ge_2,57551,0,0,0,0.0,,
25,6,test,test_other,previous,2136,0,0,0,0.0,,
25,6,test,test_other,self,2136,0,0,0,0.0,,
25,7,demo,answer_prediction,distance_ge_2,8544,0,0,0,0.0,,
25,7,demo,demo,distance_ge_2,1000158,0,0,0,0.0,,
25,7,demo,demo,previous,8544,0,0,0,0.0,,
25,7,demo,demo,self,8544,0,0,0,0.0,,
25,7,demo,test_other,distance_ge_2,451008,0,0,0,0.0,,
25,7,test,answer_prediction,distance_ge_2,2136,0,0,0,0.0,,
25,7,test,test_other,distance_ge_2,57551,0,0,0,0.0,,
25,7,test,test_other,previous,2136,0,0,0,0.0,,
25,7,test,test_other,self,2136,0,0,0,0.0,,
25,8,demo,answer_prediction,distance_ge_2,8544,0,0,0,0.0,,
25,8,demo,demo,distance_ge_2,1000158,0,0,0,0.0,,
25,8,demo,demo,previous,8544,0,0,0,0.0,,
25,8,demo,demo,self,8544,0,0,0,0.0,,
25,8,demo,test_other,distance_ge_2,451008,0,0,0,0.0,,
25,8,test,answer_prediction,distance_ge_2,2136,0,0,0,0.0,,
25,8,test,test_other,distance_ge_2,57551,0,0,0,0.0,,
25,8,test,test_other,previous,2136,0,0,0,0.0,,
25,8,test,test_other,self,2136,0,0,0,0.0,,
25,9,demo,answer_prediction,distance_ge_2,8544,0,0,0,0.0,,
25,9,demo,demo,distance_ge_2,1000158,0,0,0,0.0,,
25,9,demo,demo,previous,8544,0,0,0,0.0,,
25,9,demo,demo,self,8544,0,0,0,0.0,,
25,9,demo,test_other,distance_ge_2,451008,0,0,0,0.0,,
25,9,test,answer_prediction,distance_ge_2,2136,0,0,0,0.0,,
25,9,test,test_other,distance_ge_2,57551,0,0,0,0.0,,
25,9,test,test_other,previous,2136,0,0,0,0.0,,
25,9,test,test_other,self,2136,0,0,0,0.0,,
25,10,demo,answer_prediction,distance_ge_2,8544,0,0,0,0.0,,
25,10,demo,demo,distance_ge_2,1000158,60,60,7,5.999052149760338e-05,0.0708346697812279,0.06588443002353112
25,10,demo,demo,previous,8544,0,0,0,0.0,,
25,10,demo,demo,self,8544,0,0,0,0.0,,
25,10,demo,test_other,distance_ge_2,451008,5,5,1,1.1086277848729955e-05,0.06971902698278427,0.01652570366859436
25,10,test,answer_prediction,distance_ge_2,2136,0,0,0,0.0,,
25,10,test,test_other,distance_ge_2,57551,70,70,28,0.0012163124880540737,0.01770966537296772,0.007983574642068041
25,10,test,test_other,previous,2136,0,0,0,0.0,,
25,10,test,test_other,self,2136,0,0,0,0.0,,
25,11,demo,answer_prediction,distance_ge_2,8544,0,0,0,0.0,,
25,11,demo,demo,distance_ge_2,1000158,0,0,0,0.0,,
25,11,demo,demo,previous,8544,0,0,0,0.0,,
25,11,demo,demo,self,8544,0,0,0,0.0,,
25,11,demo,test_other,distance_ge_2,451008,0,0,0,0.0,,
25,11,test,answer_prediction,distance_ge_2,2136,0,0,0,0.0,,
25,11,test,test_other,distance_ge_2,57551,0,0,0,0.0,,
25,11,test,test_other,previous,2136,0,0,0,0.0,,
25,11,test,test_other,self,2136,0,0,0,0.0,,
25,12,demo,answer_prediction,distance_ge_2,8544,0,0,0,0.0,,
25,12,demo,demo,distance_ge_2,1000158,84,84,10,8.398673009664473e-05,0.005563166014672745,0.005649911505835397
25,12,demo,demo,previous,8544,0,0,0,0.0,,
25,12,demo,demo,self,8544,432,432,49,0.05056179775280899,0.019958128694876603,0.02438300671443964
25,12,demo,test_other,distance_ge_2,451008,0,0,0,0.0,,
25,12,test,answer_prediction,distance_ge_2,2136,0,0,0,0.0,,
25,12,test,test_other,distance_ge_2,57551,44,44,28,0.0007645392782054179,0.011101780824405565,0.007348472712857818
25,12,test,test_other,previous,2136,0,0,0,0.0,,
25,12,test,test_other,self,2136,39,39,20,0.018258426966292134,0.005265824216155288,0.012588206141327437
25,13,demo,answer_prediction,distance_ge_2,8544,0,0,0,0.0,,
25,13,demo,demo,distance_ge_2,1000158,0,0,0,0.0,,
25,13,demo,demo,previous,8544,0,0,0,0.0,,
25,13,demo,demo,self,8544,18,18,3,0.002106741573033708,0.0,0.0
25,13,demo,test_other,distance_ge_2,451008,0,0,0,0.0,,
25,13,test,answer_prediction,distance_ge_2,2136,0,0,0,0.0,,
25,13,test,test_other,distance_ge_2,57551,0,0,0,0.0,,
25,13,test,test_other,previous,2136,0,0,0,0.0,,
25,13,test,test_other,self,2136,0,0,0,0.0,,
25,14,demo,answer_prediction,distance_ge_2,8544,0,0,0,0.0,,
25,14,demo,demo,distance_ge_2,1000158,0,0,0,0.0,,
25,14,demo,demo,previous,8544,6,6,1,0.0007022471910112359,0.0,0.09378025680780411
25,14,demo,demo,self,8544,0,0,0,0.0,,
25,14,demo,test_other,distance_ge_2,451008,0,0,0,0.0,,
25,14,test,answer_prediction,distance_ge_2,2136,0,0,0,0.0,,
25,14,test,test_other,distance_ge_2,57551,16,16,13,0.0002780142829837883,0.00909097568364814,0.013406562997261062
25,14,test,test_other,previous,2136,0,0,0,0.0,,
25,14,test,test_other,self,2136,0,0,0,0.0,,
25,15,demo,answer_prediction,distance_ge_2,8544,0,0,0,0.0,,
25,15,demo,demo,distance_ge_2,1000158,0,0,0,0.0,,
25,15,demo,demo,previous,8544,0,0,0,0.0,,
25,15,demo,demo,self,8544,0,0,0,0.0,,
25,15,demo,test_other,distance_ge_2,451008,0,0,0,0.0,,
25,15,test,answer_prediction,distance_ge_2,2136,0,0,0,0.0,,
25,15,test,test_other,distance_ge_2,57551,0,0,0,0.0,,
25,15,test,test_other,previous,2136,0,0,0,0.0,,
25,15,test,test_other,self,2136,0,0,0,0.0,,
25,16,demo,answer_prediction,distance_ge_2,8544,0,0,0,0.0,,
25,16,demo,demo,distance_ge_2,1000158,0,0,0,0.0,,
25,16,demo,demo,previous,8544,0,0,0,0.0,,
25,16,demo,demo,self,8544,0,0,0,0.0,,
25,16,demo,test_other,distance_ge_2,451008,0,0,0,0.0,,
25,16,test,answer_prediction,distance_ge_2,2136,0,0,0,0.0,,
25,16,test,test_other,distance_ge_2,57551,0,0,0,0.0,,
25,16,test,test_other,previous,2136,0,0,0,0.0,,
25,16,test,test_other,self,2136,0,0,0,0.0,,
25,17,demo,answer_prediction,distance_ge_2,8544,0,0,0,0.0,,
25,17,demo,demo,distance_ge_2,1000158,0,0,0,0.0,,
25,17,demo,demo,previous,8544,0,0,0,0.0,,
25,17,demo,demo,self,8544,72,72,10,0.008426966292134831,0.014002836205893092,0.012926889686948724
25,17,demo,test_other,distance_ge_2,451008,0,0,0,0.0,,
25,17,test,answer_prediction,distance_ge_2,2136,0,0,0,0.0,,
25,17,test,test_other,distance_ge_2,57551,0,0,0,0.0,,
25,17,test,test_other,previous,2136,0,0,0,0.0,,
25,17,test,test_other,self,2136,148,148,44,0.06928838951310862,0.010417054915042417,0.010583275762336279
25,18,demo,answer_prediction,distance_ge_2,8544,0,0,0,0.0,,
25,18,demo,demo,distance_ge_2,1000158,198,198,18,0.00019796872094209115,0.03835914538693473,0.07115137544366522
25,18,demo,demo,previous,8544,0,0,0,0.0,,
25,18,demo,demo,self,8544,0,0,0,0.0,,
25,18,demo,test_other,distance_ge_2,451008,66,66,11,0.0001463388676032354,0.0046560679999829244,0.024858855458936006
25,18,test,answer_prediction,distance_ge_2,2136,0,0,0,0.0,,
25,18,test,test_other,distance_ge_2,57551,55,55,18,0.0009556740977567723,0.007601457918909463,0.02971198428442056
25,18,test,test_other,previous,2136,0,0,0,0.0,,
25,18,test,test_other,self,2136,0,0,0,0.0,,
25,19,demo,answer_prediction,distance_ge_2,8544,0,0,0,0.0,,
25,19,demo,demo,distance_ge_2,1000158,0,0,0,0.0,,
25,19,demo,demo,previous,8544,0,0,0,0.0,,
25,19,demo,demo,self,8544,0,0,0,0.0,,
25,19,demo,test_other,distance_ge_2,451008,0,0,0,0.0,,
25,19,test,answer_prediction,distance_ge_2,2136,0,0,0,0.0,,
25,19,test,test_other,distance_ge_2,57551,0,0,0,0.0,,
25,19,test,test_other,previous,2136,0,0,0,0.0,,
25,19,test,test_other,self,2136,0,0,0,0.0,,
25,20,demo,answer_prediction,distance_ge_2,8544,0,0,0,0.0,,
25,20,demo,demo,distance_ge_2,1000158,0,0,0,0.0,,
25,20,demo,demo,previous,8544,0,0,0,0.0,,
25,20,demo,demo,self,8544,78,78,13,0.009129213483146067,0.0,0.0
25,20,demo,test_other,distance_ge_2,451008,0,0,0,0.0,,
25,20,test,answer_prediction,distance_ge_2,2136,0,0,0,0.0,,
25,20,test,test_other,distance_ge_2,57551,0,0,0,0.0,,
25,20,test,test_other,previous,2136,0,0,0,0.0,,
25,20,test,test_other,self,2136,0,0,0,0.0,,
25,21,demo,answer_prediction,distance_ge_2,8544,0,0,0,0.0,,
25,21,demo,demo,distance_ge_2,1000158,0,0,0,0.0,,
25,21,demo,demo,previous,8544,0,0,0,0.0,,
25,21,demo,demo,self,8544,0,0,0,0.0,,
25,21,demo,test_other,distance_ge_2,451008,0,0,0,0.0,,
25,21,test,answer_prediction,distance_ge_2,2136,0,0,0,0.0,,
25,21,test,test_other,distance_ge_2,57551,0,0,0,0.0,,
25,21,test,test_other,previous,2136,0,0,0,0.0,,
25,21,test,test_other,self,2136,0,0,0,0.0,,
25,22,demo,answer_prediction,distance_ge_2,8544,0,0,0,0.0,,
25,22,demo,demo,distance_ge_2,1000158,0,0,0,0.0,,
25,22,demo,demo,previous,8544,0,0,0,0.0,,
25,22,demo,demo,self,8544,0,0,0,0.0,,
25,22,demo,test_other,distance_ge_2,451008,0,0,0,0.0,,
25,22,test,answer_prediction,distance_ge_2,2136,0,0,0,0.0,,
25,22,test,test_other,distance_ge_2,57551,0,0,0,0.0,,
25,22,test,test_other,previous,2136,0,0,0,0.0,,
25,22,test,test_other,self,2136,0,0,0,0.0,,
25,23,demo,answer_prediction,distance_ge_2,8544,0,0,0,0.0,,
25,23,demo,demo,distance_ge_2,1000158,0,0,0,0.0,,
25,23,demo,demo,previous,8544,0,0,0,0.0,,
25,23,demo,demo,self,8544,0,0,0,0.0,,
25,23,demo,test_other,distance_ge_2,451008,0,0,0,0.0,,
25,23,test,answer_prediction,distance_ge_2,2136,0,0,0,0.0,,
25,23,test,test_other,distance_ge_2,57551,0,0,0,0.0,,
25,23,test,test_other,previous,2136,0,0,0,0.0,,
25,23,test,test_other,self,2136,0,0,0,0.0,,
25,24,demo,answer_prediction,distance_ge_2,8544,0,0,0,0.0,,
25,24,demo,demo,distance_ge_2,1000158,0,0,0,0.0,,
25,24,demo,demo,previous,8544,0,0,0,0.0,,
25,24,demo,demo,self,8544,0,0,0,0.0,,
25,24,demo,test_other,distance_ge_2,451008,0,0,0,0.0,,
25,24,test,answer_prediction,distance_ge_2,2136,0,0,0,0.0,,
25,24,test,test_other,distance_ge_2,57551,0,0,0,0.0,,
25,24,test,test_other,previous,2136,0,0,0,0.0,,
25,24,test,test_other,self,2136,0,0,0,0.0,,
25,25,demo,answer_prediction,distance_ge_2,8544,0,0,0,0.0,,
25,25,demo,demo,distance_ge_2,1000158,0,0,0,0.0,,
25,25,demo,demo,previous,8544,0,0,0,0.0,,
25,25,demo,demo,self,8544,0,0,0,0.0,,
25,25,demo,test_other,distance_ge_2,451008,0,0,0,0.0,,
25,25,test,answer_prediction,distance_ge_2,2136,0,0,0,0.0,,
25,25,test,test_other,distance_ge_2,57551,0,0,0,0.0,,
25,25,test,test_other,previous,2136,0,0,0,0.0,,
25,25,test,test_other,self,2136,0,0,0,0.0,,
25,26,demo,answer_prediction,distance_ge_2,8544,0,0,0,0.0,,
25,26,demo,demo,distance_ge_2,1000158,0,0,0,0.0,,
25,26,demo,demo,previous,8544,0,0,0,0.0,,
25,26,demo,demo,self,8544,0,0,0,0.0,,
25,26,demo,test_other,distance_ge_2,451008,0,0,0,0.0,,
25,26,test,answer_prediction,distance_ge_2,2136,0,0,0,0.0,,
25,26,test,test_other,distance_ge_2,57551,0,0,0,0.0,,
25,26,test,test_other,previous,2136,0,0,0,0.0,,
25,26,test,test_other,self,2136,0,0,0,0.0,,
25,27,demo,answer_prediction,distance_ge_2,8544,0,0,0,0.0,,
25,27,demo,demo,distance_ge_2,1000158,0,0,0,0.0,,
25,27,demo,demo,previous,8544,0,0,0,0.0,,
25,27,demo,demo,self,8544,0,0,0,0.0,,
25,27,demo,test_other,distance_ge_2,451008,0,0,0,0.0,,
25,27,test,answer_prediction,distance_ge_2,2136,0,0,0,0.0,,
25,27,test,test_other,distance_ge_2,57551,0,0,0,0.0,,
25,27,test,test_other,previous,2136,0,0,0,0.0,,
25,27,test,test_other,self,2136,0,0,0,0.0,,
25,28,demo,answer_prediction,distance_ge_2,8544,0,0,0,0.0,,
25,28,demo,demo,distance_ge_2,1000158,0,0,0,0.0,,
25,28,demo,demo,previous,8544,0,0,0,0.0,,
25,28,demo,demo,self,8544,0,0,0,0.0,,
25,28,demo,test_other,distance_ge_2,451008,0,0,0,0.0,,
25,28,test,answer_prediction,distance_ge_2,2136,0,0,0,0.0,,
25,28,test,test_other,distance_ge_2,57551,0,0,0,0.0,,
25,28,test,test_other,previous,2136,0,0,0,0.0,,
25,28,test,test_other,self,2136,0,0,0,0.0,,
25,29,demo,answer_prediction,distance_ge_2,8544,0,0,0,0.0,,
25,29,demo,demo,distance_ge_2,1000158,0,0,0,0.0,,
25,29,demo,demo,previous,8544,0,0,0,0.0,,
25,29,demo,demo,self,8544,0,0,0,0.0,,
25,29,demo,test_other,distance_ge_2,451008,0,0,0,0.0,,
25,29,test,answer_prediction,distance_ge_2,2136,0,0,0,0.0,,
25,29,test,test_other,distance_ge_2,57551,0,0,0,0.0,,
25,29,test,test_other,previous,2136,0,0,0,0.0,,
25,29,test,test_other,self,2136,0,0,0,0.0,,
25,30,demo,answer_prediction,distance_ge_2,8544,0,0,0,0.0,,
25,30,demo,demo,distance_ge_2,1000158,0,0,0,0.0,,
25,30,demo,demo,previous,8544,0,0,0,0.0,,
25,30,demo,demo,self,8544,0,0,0,0.0,,
25,30,demo,test_other,distance_ge_2,451008,0,0,0,0.0,,
25,30,test,answer_prediction,distance_ge_2,2136,0,0,0,0.0,,
25,30,test,test_other,distance_ge_2,57551,0,0,0,0.0,,
25,30,test,test_other,previous,2136,0,0,0,0.0,,
25,30,test,test_other,self,2136,0,0,0,0.0,,
25,31,demo,answer_prediction,distance_ge_2,8544,0,0,0,0.0,,
25,31,demo,demo,distance_ge_2,1000158,12,12,2,1.1998104299520676e-05,0.017759975977241993,7.602202458656393e-05
25,31,demo,demo,previous,8544,0,0,0,0.0,,
25,31,demo,demo,self,8544,0,0,0,0.0,,
25,31,demo,test_other,distance_ge_2,451008,7,7,4,1.5520788988221938e-05,0.016308656760624478,0.015021301273788725
25,31,test,answer_prediction,distance_ge_2,2136,0,0,0,0.0,,
25,31,test,test_other,distance_ge_2,57551,27,27,12,0.00046914910253514273,0.016498260191400296,0.00862643414142507
25,31,test,test_other,previous,2136,0,0,0,0.0,,
25,31,test,test_other,self,2136,0,0,0,0.0,,
26,0,demo,answer_prediction,distance_ge_2,8544,0,0,0,0.0,,
26,0,demo,demo,distance_ge_2,1000158,0,0,0,0.0,,
26,0,demo,demo,previous,8544,0,0,0,0.0,,
26,0,demo,demo,self,8544,0,0,0,0.0,,
26,0,demo,test_other,distance_ge_2,451008,0,0,0,0.0,,
26,0,test,answer_prediction,distance_ge_2,2136,0,0,0,0.0,,
26,0,test,test_other,distance_ge_2,57551,0,0,0,0.0,,
26,0,test,test_other,previous,2136,0,0,0,0.0,,
26,0,test,test_other,self,2136,0,0,0,0.0,,
26,1,demo,answer_prediction,distance_ge_2,8544,0,0,0,0.0,,
26,1,demo,demo,distance_ge_2,1000158,0,0,0,0.0,,
26,1,demo,demo,previous,8544,0,0,0,0.0,,
26,1,demo,demo,self,8544,0,0,0,0.0,,
26,1,demo,test_other,distance_ge_2,451008,0,0,0,0.0,,
26,1,test,answer_prediction,distance_ge_2,2136,0,0,0,0.0,,
26,1,test,test_other,distance_ge_2,57551,0,0,0,0.0,,
26,1,test,test_other,previous,2136,0,0,0,0.0,,
26,1,test,test_other,self,2136,0,0,0,0.0,,
26,2,demo,answer_prediction,distance_ge_2,8544,0,0,0,0.0,,
26,2,demo,demo,distance_ge_2,1000158,0,0,0,0.0,,
26,2,demo,demo,previous,8544,0,0,0,0.0,,
26,2,demo,demo,self,8544,0,0,0,0.0,,
26,2,demo,test_other,distance_ge_2,451008,0,0,0,0.0,,
26,2,test,answer_prediction,distance_ge_2,2136,0,0,0,0.0,,
26,2,test,test_other,distance_ge_2,57551,0,0,0,0.0,,
26,2,test,test_other,previous,2136,0,0,0,0.0,,
26,2,test,test_other,self,2136,0,0,0,0.0,,
26,3,demo,answer_prediction,distance_ge_2,8544,0,0,0,0.0,,
26,3,demo,demo,distance_ge_2,1000158,0,0,0,0.0,,
26,3,demo,demo,previous,8544,0,0,0,0.0,,
26,3,demo,demo,self,8544,0,0,0,0.0,,
26,3,demo,test_other,distance_ge_2,451008,0,0,0,0.0,,
26,3,test,answer_prediction,distance_ge_2,2136,0,0,0,0.0,,
26,3,test,test_other,distance_ge_2,57551,0,0,0,0.0,,
26,3,test,test_other,previous,2136,0,0,0,0.0,,
26,3,test,test_other,self,2136,0,0,0,0.0,,
26,4,demo,answer_prediction,distance_ge_2,8544,0,0,0,0.0,,
26,4,demo,demo,distance_ge_2,1000158,162,162,21,0.00016197440804352912,0.0034236275953137213,0.01183650887321198
26,4,demo,demo,previous,8544,54,54,9,0.006320224719101123,8.587834761581487e-05,0.0452094790008333
26,4,demo,demo,self,8544,0,0,0,0.0,,
26,4,demo,test_other,distance_ge_2,451008,19,19,5,4.2127855825173836e-05,0.0021887756639013163,0.007897721309410898
26,4,test,answer_prediction,distance_ge_2,2136,0,0,0,0.0,,
26,4,test,test_other,distance_ge_2,57551,27,27,12,0.00046914910253514273,0.011615123687213916,0.012137379221342228
26,4,test,test_other,previous,2136,1,1,1,0.00046816479400749064,0.002873472636565566,0.06028681620955467
26,4,test,test_other,self,2136,0,0,0,0.0,,
26,5,demo,answer_prediction,distance_ge_2,8544,0,0,0,0.0,,
26,5,demo,demo,distance_ge_2,1000158,0,0,0,0.0,,
26,5,demo,demo,previous,8544,0,0,0,0.0,,
26,5,demo,demo,self,8544,0,0,0,0.0,,
26,5,demo,test_other,distance_ge_2,451008,0,0,0,0.0,,
26,5,test,answer_prediction,distance_ge_2,2136,0,0,0,0.0,,
26,5,test,test_other,distance_ge_2,57551,0,0,0,0.0,,
26,5,test,test_other,previous,2136,0,0,0,0.0,,
26,5,test,test_other,self,2136,0,0,0,0.0,,
26,6,demo,answer_prediction,distance_ge_2,8544,0,0,0,0.0,,
26,6,demo,demo,distance_ge_2,1000158,0,0,0,0.0,,
26,6,demo,demo,previous,8544,0,0,0,0.0,,
26,6,demo,demo,self,8544,0,0,0,0.0,,
26,6,demo,test_other,distance_ge_2,451008,0,0,0,0.0,,
26,6,test,answer_prediction,distance_ge_2,2136,0,0,0,0.0,,
26,6,test,test_other,distance_ge_2,57551,0,0,0,0.0,,
26,6,test,test_other,previous,2136,0,0,0,0.0,,
26,6,test,test_other,self,2136,0,0,0,0.0,,
26,7,demo,answer_prediction,distance_ge_2,8544,0,0,0,0.0,,
26,7,demo,demo,distance_ge_2,1000158,762,762,48,0.0007618796230195629,0.03337451394713932,0.026839208648224366
26,7,demo,demo,previous,8544,0,0,0,0.0,,
26,7,demo,demo,self,8544,0,0,0,0.0,,
26,7,demo,test_other,distance_ge_2,451008,113,113,24,0.00025054987938129703,0.014091566278556964,0.007799415156838641
26,7,test,answer_prediction,distance_ge_2,2136,0,0,0,0.0,,
26,7,test,test_other,distance_ge_2,57551,122,122,29,0.002119858907751386,0.005010421920069646,0.01489020222759821
26,7,test,test_other,previous,2136,0,0,0,0.0,,
26,7,test,test_other,self,2136,0,0,0,0.0,,
26,8,demo,answer_prediction,distance_ge_2,8544,0,0,0,0.0,,
26,8,demo,demo,distance_ge_2,1000158,0,0,0,0.0,,
26,8,demo,demo,previous,8544,0,0,0,0.0,,
26,8,demo,demo,self,8544,0,0,0,0.0,,
26,8,demo,test_other,distance_ge_2,451008,0,0,0,0.0,,
26,8,test,answer_prediction,distance_ge_2,2136,0,0,0,0.0,,
26,8,test,test_other,distance_ge_2,57551,0,0,0,0.0,,
26,8,test,test_other,previous,2136,0,0,0,0.0,,
26,8,test,test_other,self,2136,0,0,0,0.0,,
26,9,demo,answer_prediction,distance_ge_2,8544,0,0,0,0.0,,
26,9,demo,demo,distance_ge_2,1000158,0,0,0,0.0,,
26,9,demo,demo,previous,8544,0,0,0,0.0,,
26,9,demo,demo,self,8544,0,0,0,0.0,,
26,9,demo,test_other,distance_ge_2,451008,0,0,0,0.0,,
26,9,test,answer_prediction,distance_ge_2,2136,0,0,0,0.0,,
26,9,test,test_other,distance_ge_2,57551,1,1,1,1.737589268648677e-05,0.02585490420460701,0.0447661355137825
26,9,test,test_other,previous,2136,0,0,0,0.0,,
26,9,test,test_other,self,2136,0,0,0,0.0,,
26,10,demo,answer_prediction,distance_ge_2,8544,0,0,0,0.0,,
26,10,demo,demo,distance_ge_2,1000158,0,0,0,0.0,,
26,10,demo,demo,previous,8544,0,0,0,0.0,,
26,10,demo,demo,self,8544,0,0,0,0.0,,
26,10,demo,test_other,distance_ge_2,451008,0,0,0,0.0,,
26,10,test,answer_prediction,distance_ge_2,2136,0,0,0,0.0,,
26,10,test,test_other,distance_ge_2,57551,0,0,0,0.0,,
26,10,test,test_other,previous,2136,0,0,0,0.0,,
26,10,test,test_other,self,2136,0,0,0,0.0,,
26,11,demo,answer_prediction,distance_ge_2,8544,0,0,0,0.0,,
26,11,demo,demo,distance_ge_2,1000158,0,0,0,0.0,,
26,11,demo,demo,previous,8544,0,0,0,0.0,,
26,11,demo,demo,self,8544,0,0,0,0.0,,
26,11,demo,test_other,distance_ge_2,451008,0,0,0,0.0,,
26,11,test,answer_prediction,distance_ge_2,2136,0,0,0,0.0,,
26,11,test,test_other,distance_ge_2,57551,0,0,0,0.0,,
26,11,test,test_other,previous,2136,0,0,0,0.0,,
26,11,test,test_other,self,2136,0,0,0,0.0,,
26,12,demo,answer_prediction,distance_ge_2,8544,0,0,0,0.0,,
26,12,demo,demo,distance_ge_2,1000158,0,0,0,0.0,,
26,12,demo,demo,previous,8544,0,0,0,0.0,,
26,12,demo,demo,self,8544,0,0,0,0.0,,
26,12,demo,test_other,distance_ge_2,451008,9,9,2,1.9955300127713922e-05,0.00947038477493657,0.0
26,12,test,answer_prediction,distance_ge_2,2136,0,0,0,0.0,,
26,12,test,test_other,distance_ge_2,57551,5,5,4,8.687946343243385e-05,0.005173094570636749,0.0
26,12,test,test_other,previous,2136,1,1,1,0.00046816479400749064,0.0,0.0035359247121959925
26,12,test,test_other,self,2136,0,0,0,0.0,,
26,13,demo,answer_prediction,distance_ge_2,8544,0,0,0,0.0,,
26,13,demo,demo,distance_ge_2,1000158,1536,1536,77,0.0015357573503386466,0.013113398689846179,0.019666480270264703
26,13,demo,demo,previous,8544,228,228,34,0.026685393258426966,0.0,0.03639015442642726
26,13,demo,demo,self,8544,0,0,0,0.0,,
26,13,demo,test_other,distance_ge_2,451008,290,290,42,0.0006430041152263374,0.0047008977492404135,0.015369283731480868
26,13,test,answer_prediction,distance_ge_2,2136,1,1,1,0.00046816479400749064,0.02879030629992485,0.07030429691076279
26,13,test,test_other,distance_ge_2,57551,153,153,46,0.0026585115810324757,0.00980762983223399,0.014196156644721947
26,13,test,test_other,previous,2136,4,4,2,0.0018726591760299626,0.0,0.020657017594203353
26,13,test,test_other,self,2136,0,0,0,0.0,,
26,14,demo,answer_prediction,distance_ge_2,8544,0,0,0,0.0,,
26,14,demo,demo,distance_ge_2,1000158,0,0,0,0.0,,
26,14,demo,demo,previous,8544,0,0,0,0.0,,
26,14,demo,demo,self,8544,0,0,0,0.0,,
26,14,demo,test_other,distance_ge_2,451008,0,0,0,0.0,,
26,14,test,answer_prediction,distance_ge_2,2136,0,0,0,0.0,,
26,14,test,test_other,distance_ge_2,57551,0,0,0,0.0,,
26,14,test,test_other,previous,2136,0,0,0,0.0,,
26,14,test,test_other,self,2136,0,0,0,0.0,,
26,15,demo,answer_prediction,distance_ge_2,8544,0,0,0,0.0,,
26,15,demo,demo,distance_ge_2,1000158,0,0,0,0.0,,
26,15,demo,demo,previous,8544,0,0,0,0.0,,
26,15,demo,demo,self,8544,0,0,0,0.0,,
26,15,demo,test_other,distance_ge_2,451008,0,0,0,0.0,,
26,15,test,answer_prediction,distance_ge_2,2136,0,0,0,0.0,,
26,15,test,test_other,distance_ge_2,57551,0,0,0,0.0,,
26,15,test,test_other,previous,2136,0,0,0,0.0,,
26,15,test,test_other,self,2136,0,0,0,0.0,,
26,16,demo,answer_prediction,distance_ge_2,8544,0,0,0,0.0,,
26,16,demo,demo,distance_ge_2,1000158,0,0,0,0.0,,
26,16,demo,demo,previous,8544,0,0,0,0.0,,
26,16,demo,demo,self,8544,0,0,0,0.0,,
26,16,demo,test_other,distance_ge_2,451008,0,0,0,0.0,,
26,16,test,answer_prediction,distance_ge_2,2136,0,0,0,0.0,,
26,16,test,test_other,distance_ge_2,57551,0,0,0,0.0,,
26,16,test,test_other,previous,2136,0,0,0,0.0,,
26,16,test,test_other,self,2136,0,0,0,0.0,,
26,17,demo,answer_prediction,distance_ge_2,8544,0,0,0,0.0,,
26,17,demo,demo,distance_ge_2,1000158,0,0,0,0.0,,
26,17,demo,demo,previous,8544,0,0,0,0.0,,
26,17,demo,demo,self,8544,0,0,0,0.0,,
26,17,demo,test_other,distance_ge_2,451008,0,0,0,0.0,,
26,17,test,answer_prediction,distance_ge_2,2136,0,0,0,0.0,,
26,17,test,test_other,distance_ge_2,57551,0,0,0,0.0,,
26,17,test,test_other,previous,2136,0,0,0,0.0,,
26,17,test,test_other,self,2136,1,1,1,0.00046816479400749064,0.0,0.042506322264671326
26,18,demo,answer_prediction,distance_ge_2,8544,0,0,0,0.0,,
26,18,demo,demo,distance_ge_2,1000158,0,0,0,0.0,,
26,18,demo,demo,previous,8544,0,0,0,0.0,,
26,18,demo,demo,self,8544,0,0,0,0.0,,
26,18,demo,test_other,distance_ge_2,451008,0,0,0,0.0,,
26,18,test,answer_prediction,distance_ge_2,2136,0,0,0,0.0,,
26,18,test,test_other,distance_ge_2,57551,0,0,0,0.0,,
26,18,test,test_other,previous,2136,0,0,0,0.0,,
26,18,test,test_other,self,2136,0,0,0,0.0,,
26,19,demo,answer_prediction,distance_ge_2,8544,0,0,0,0.0,,
26,19,demo,demo,distance_ge_2,1000158,18,18,2,1.7997156449281014e-05,0.0010225533042103052,0.11774808416763942
26,19,demo,demo,previous,8544,0,0,0,0.0,,
26,19,demo,demo,self,8544,0,0,0,0.0,,
26,19,demo,test_other,distance_ge_2,451008,0,0,0,0.0,,
26,19,test,answer_prediction,distance_ge_2,2136,0,0,0,0.0,,
26,19,test,test_other,distance_ge_2,57551,0,0,0,0.0,,
26,19,test,test_other,previous,2136,0,0,0,0.0,,
26,19,test,test_other,self,2136,0,0,0,0.0,,
26,20,demo,answer_prediction,distance_ge_2,8544,0,0,0,0.0,,
26,20,demo,demo,distance_ge_2,1000158,0,0,0,0.0,,
26,20,demo,demo,previous,8544,0,0,0,0.0,,
26,20,demo,demo,self,8544,0,0,0,0.0,,
26,20,demo,test_other,distance_ge_2,451008,0,0,0,0.0,,
26,20,test,answer_prediction,distance_ge_2,2136,0,0,0,0.0,,
26,20,test,test_other,distance_ge_2,57551,0,0,0,0.0,,
26,20,test,test_other,previous,2136,0,0,0,0.0,,
26,20,test,test_other,self,2136,0,0,0,0.0,,
26,21,demo,answer_prediction,distance_ge_2,8544,0,0,0,0.0,,
26,21,demo,demo,distance_ge_2,1000158,0,0,0,0.0,,
26,21,demo,demo,previous,8544,30,30,5,0.0035112359550561797,0.0011107256636023522,0.042949187383055684
26,21,demo,demo,self,8544,0,0,0,0.0,,
26,21,demo,test_other,distance_ge_2,451008,0,0,0,0.0,,
26,21,test,answer_prediction,distance_ge_2,2136,0,0,0,0.0,,
26,21,test,test_other,distance_ge_2,57551,6,6,5,0.0001042553561189206,0.005621005004892747,0.009088433968524138
26,21,test,test_other,previous,2136,0,0,0,0.0,,
26,21,test,test_other,self,2136,0,0,0,0.0,,
26,22,demo,answer_prediction,distance_ge_2,8544,0,0,0,0.0,,
26,22,demo,demo,distance_ge_2,1000158,0,0,0,0.0,,
26,22,demo,demo,previous,8544,0,0,0,0.0,,
26,22,demo,demo,self,8544,0,0,0,0.0,,
26,22,demo,test_other,distance_ge_2,451008,0,0,0,0.0,,
26,22,test,answer_prediction,distance_ge_2,2136,0,0,0,0.0,,
26,22,test,test_other,distance_ge_2,57551,0,0,0,0.0,,
26,22,test,test_other,previous,2136,0,0,0,0.0,,
26,22,test,test_other,self,2136,0,0,0,0.0,,
26,23,demo,answer_prediction,distance_ge_2,8544,0,0,0,0.0,,
26,23,demo,demo,distance_ge_2,1000158,600,600,48,0.0005999052149760338,0.013234429921431002,0.012988509566833575
26,23,demo,demo,previous,8544,0,0,0,0.0,,
26,23,demo,demo,self,8544,0,0,0,0.0,,
26,23,demo,test_other,distance_ge_2,451008,28,28,11,6.208315595288775e-05,0.0013958020800990717,0.0014431726044027268
26,23,test,answer_prediction,distance_ge_2,2136,0,0,0,0.0,,
26,23,test,test_other,distance_ge_2,57551,70,70,30,0.0012163124880540737,0.015131780139303634,0.01428656870931653
26,23,test,test_other,previous,2136,0,0,0,0.0,,
26,23,test,test_other,self,2136,0,0,0,0.0,,
26,24,demo,answer_prediction,distance_ge_2,8544,0,0,0,0.0,,
26,24,demo,demo,distance_ge_2,1000158,0,0,0,0.0,,
26,24,demo,demo,previous,8544,0,0,0,0.0,,
26,24,demo,demo,self,8544,0,0,0,0.0,,
26,24,demo,test_other,distance_ge_2,451008,0,0,0,0.0,,
26,24,test,answer_prediction,distance_ge_2,2136,0,0,0,0.0,,
26,24,test,test_other,distance_ge_2,57551,0,0,0,0.0,,
26,24,test,test_other,previous,2136,0,0,0,0.0,,
26,24,test,test_other,self,2136,0,0,0,0.0,,
26,25,demo,answer_prediction,distance_ge_2,8544,0,0,0,0.0,,
26,25,demo,demo,distance_ge_2,1000158,0,0,0,0.0,,
26,25,demo,demo,previous,8544,6,6,1,0.0007022471910112359,0.012230804190039635,0.0
26,25,demo,demo,self,8544,0,0,0,0.0,,
26,25,demo,test_other,distance_ge_2,451008,0,0,0,0.0,,
26,25,test,answer_prediction,distance_ge_2,2136,0,0,0,0.0,,
26,25,test,test_other,distance_ge_2,57551,0,0,0,0.0,,
26,25,test,test_other,previous,2136,0,0,0,0.0,,
26,25,test,test_other,self,2136,0,0,0,0.0,,
26,26,demo,answer_prediction,distance_ge_2,8544,0,0,0,0.0,,
26,26,demo,demo,distance_ge_2,1000158,0,0,0,0.0,,
26,26,demo,demo,previous,8544,0,0,0,0.0,,
26,26,demo,demo,self,8544,0,0,0,0.0,,
26,26,demo,test_other,distance_ge_2,451008,0,0,0,0.0,,
26,26,test,answer_prediction,distance_ge_2,2136,0,0,0,0.0,,
26,26,test,test_other,distance_ge_2,57551,0,0,0,0.0,,
26,26,test,test_other,previous,2136,0,0,0,0.0,,
26,26,test,test_other,self,2136,0,0,0,0.0,,
26,27,demo,answer_prediction,distance_ge_2,8544,0,0,0,0.0,,
26,27,demo,demo,distance_ge_2,1000158,0,0,0,0.0,,
26,27,demo,demo,previous,8544,0,0,0,0.0,,
26,27,demo,demo,self,8544,0,0,0,0.0,,
26,27,demo,test_other,distance_ge_2,451008,0,0,0,0.0,,
26,27,test,answer_prediction,distance_ge_2,2136,0,0,0,0.0,,
26,27,test,test_other,distance_ge_2,57551,0,0,0,0.0,,
26,27,test,test_other,previous,2136,0,0,0,0.0,,
26,27,test,test_other,self,2136,0,0,0,0.0,,
26,28,demo,answer_prediction,distance_ge_2,8544,0,0,0,0.0,,
26,28,demo,demo,distance_ge_2,1000158,0,0,0,0.0,,
26,28,demo,demo,previous,8544,0,0,0,0.0,,
26,28,demo,demo,self,8544,0,0,0,0.0,,
26,28,demo,test_other,distance_ge_2,451008,0,0,0,0.0,,
26,28,test,answer_prediction,distance_ge_2,2136,0,0,0,0.0,,
26,28,test,test_other,distance_ge_2,57551,0,0,0,0.0,,
26,28,test,test_other,previous,2136,0,0,0,0.0,,
26,28,test,test_other,self,2136,0,0,0,0.0,,
26,29,demo,answer_prediction,distance_ge_2,8544,0,0,0,0.0,,
26,29,demo,demo,distance_ge_2,1000158,0,0,0,0.0,,
26,29,demo,demo,previous,8544,0,0,0,0.0,,
26,29,demo,demo,self,8544,0,0,0,0.0,,
26,29,demo,test_other,distance_ge_2,451008,0,0,0,0.0,,
26,29,test,answer_prediction,distance_ge_2,2136,0,0,0,0.0,,
26,29,test,test_other,distance_ge_2,57551,0,0,0,0.0,,
26,29,test,test_other,previous,2136,0,0,0,0.0,,
26,29,test,test_other,self,2136,0,0,0,0.0,,
26,30,demo,answer_prediction,distance_ge_2,8544,0,0,0,0.0,,
26,30,demo,demo,distance_ge_2,1000158,0,0,0,0.0,,
26,30,demo,demo,previous,8544,0,0,0,0.0,,
26,30,demo,demo,self,8544,0,0,0,0.0,,
26,30,demo,test_other,distance_ge_2,451008,0,0,0,0.0,,
26,30,test,answer_prediction,distance_ge_2,2136,0,0,0,0.0,,
26,30,test,test_other,distance_ge_2,57551,0,0,0,0.0,,
26,30,test,test_other,previous,2136,0,0,0,0.0,,
26,30,test,test_other,self,2136,0,0,0,0.0,,
26,31,demo,answer_prediction,distance_ge_2,8544,0,0,0,0.0,,
26,31,demo,demo,distance_ge_2,1000158,636,636,33,0.0006358995278745958,0.012907800781020731,0.04170367492321855
26,31,demo,demo,previous,8544,6,6,1,0.0007022471910112359,0.0,0.24230192601680756
26,31,demo,demo,self,8544,0,0,0,0.0,,
26,31,demo,test_other,distance_ge_2,451008,268,268,22,0.0005942244926919256,0.0034219384167737364,0.022580233078227124
26,31,test,answer_prediction,distance_ge_2,2136,0,0,0,0.0,,
26,31,test,test_other,distance_ge_2,57551,26,26,11,0.00045177320984865596,0.03854871358579168,0.01397837159367135
26,31,test,test_other,previous,2136,0,0,0,0.0,,
26,31,test,test_other,self,2136,0,0,0,0.0,,
27,0,demo,answer_prediction,distance_ge_2,8544,0,0,0,0.0,,
27,0,demo,demo,distance_ge_2,1000158,0,0,0,0.0,,
27,0,demo,demo,previous,8544,0,0,0,0.0,,
27,0,demo,demo,self,8544,0,0,0,0.0,,
27,0,demo,test_other,distance_ge_2,451008,0,0,0,0.0,,
27,0,test,answer_prediction,distance_ge_2,2136,0,0,0,0.0,,
27,0,test,test_other,distance_ge_2,57551,0,0,0,0.0,,
27,0,test,test_other,previous,2136,0,0,0,0.0,,
27,0,test,test_other,self,2136,0,0,0,0.0,,
27,1,demo,answer_prediction,distance_ge_2,8544,0,0,0,0.0,,
27,1,demo,demo,distance_ge_2,1000158,0,0,0,0.0,,
27,1,demo,demo,previous,8544,0,0,0,0.0,,
27,1,demo,demo,self,8544,0,0,0,0.0,,
27,1,demo,test_other,distance_ge_2,451008,0,0,0,0.0,,
27,1,test,answer_prediction,distance_ge_2,2136,0,0,0,0.0,,
27,1,test,test_other,distance_ge_2,57551,0,0,0,0.0,,
27,1,test,test_other,previous,2136,0,0,0,0.0,,
27,1,test,test_other,self,2136,0,0,0,0.0,,
27,2,demo,answer_prediction,distance_ge_2,8544,0,0,0,0.0,,
27,2,demo,demo,distance_ge_2,1000158,0,0,0,0.0,,
27,2,demo,demo,previous,8544,0,0,0,0.0,,
27,2,demo,demo,self,8544,0,0,0,0.0,,
27,2,demo,test_other,distance_ge_2,451008,0,0,0,0.0,,
27,2,test,answer_prediction,distance_ge_2,2136,0,0,0,0.0,,
27,2,test,test_other,distance_ge_2,57551,0,0,0,0.0,,
27,2,test,test_other,previous,2136,0,0,0,0.0,,
27,2,test,test_other,self,2136,0,0,0,0.0,,
27,3,demo,answer_prediction,distance_ge_2,8544,0,0,0,0.0,,
27,3,demo,demo,distance_ge_2,1000158,0,0,0,0.0,,
27,3,demo,demo,previous,8544,0,0,0,0.0,,
27,3,demo,demo,self,8544,0,0,0,0.0,,
27,3,demo,test_other,distance_ge_2,451008,0,0,0,0.0,,
27,3,test,answer_prediction,distance_ge_2,2136,0,0,0,0.0,,
27,3,test,test_other,distance_ge_2,57551,0,0,0,0.0,,
27,3,test,test_other,previous,2136,0,0,0,0.0,,
27,3,test,test_other,self,2136,0,0,0,0.0,,
27,4,demo,answer_prediction,distance_ge_2,8544,0,0,0,0.0,,
27,4,demo,demo,distance_ge_2,1000158,0,0,0,0.0,,
27,4,demo,demo,previous,8544,0,0,0,0.0,,
27,4,demo,demo,self,8544,0,0,0,0.0,,
27,4,demo,test_other,distance_ge_2,451008,0,0,0,0.0,,
27,4,test,answer_prediction,distance_ge_2,2136,0,0,0,0.0,,
27,4,test,test_other,distance_ge_2,57551,0,0,0,0.0,,
27,4,test,test_other,previous,2136,0,0,0,0.0,,
27,4,test,test_other,self,2136,0,0,0,0.0,,
27,5,demo,answer_prediction,distance_ge_2,8544,0,0,0,0.0,,
27,5,demo,demo,distance_ge_2,1000158,0,0,0,0.0,,
27,5,demo,demo,previous,8544,0,0,0,0.0,,
27,5,demo,demo,self,8544,0,0,0,0.0,,
27,5,demo,test_other,distance_ge_2,451008,0,0,0,0.0,,
27,5,test,answer_prediction,distance_ge_2,2136,0,0,0,0.0,,
27,5,test,test_other,distance_ge_2,57551,0,0,0,0.0,,
27,5,test,test_other,previous,2136,0,0,0,0.0,,
27,5,test,test_other,self,2136,0,0,0,0.0,,
27,6,demo,answer_prediction,distance_ge_2,8544,0,0,0,0.0,,
27,6,demo,demo,distance_ge_2,1000158,18,18,3,1.7997156449281014e-05,0.0,0.02015939448028803
27,6,demo,demo,previous,8544,66,66,11,0.007724719101123595,0.0,0.07838778671893207
27,6,demo,demo,self,8544,0,0,0,0.0,,
27,6,demo,test_other,distance_ge_2,451008,0,0,0,0.0,,
27,6,test,answer_prediction,distance_ge_2,2136,0,0,0,0.0,,
27,6,test,test_other,distance_ge_2,57551,0,0,0,0.0,,
27,6,test,test_other,previous,2136,1,1,1,0.00046816479400749064,0.0,0.020999081432819366
27,6,test,test_other,self,2136,0,0,0,0.0,,
27,7,demo,answer_prediction,distance_ge_2,8544,0,0,0,0.0,,
27,7,demo,demo,distance_ge_2,1000158,0,0,0,0.0,,
27,7,demo,demo,previous,8544,0,0,0,0.0,,
27,7,demo,demo,self,8544,0,0,0,0.0,,
27,7,demo,test_other,distance_ge_2,451008,0,0,0,0.0,,
27,7,test,answer_prediction,distance_ge_2,2136,0,0,0,0.0,,
27,7,test,test_other,distance_ge_2,57551,0,0,0,0.0,,
27,7,test,test_other,previous,2136,0,0,0,0.0,,
27,7,test,test_other,self,2136,0,0,0,0.0,,
27,8,demo,answer_prediction,distance_ge_2,8544,0,0,0,0.0,,
27,8,demo,demo,distance_ge_2,1000158,0,0,0,0.0,,
27,8,demo,demo,previous,8544,0,0,0,0.0,,
27,8,demo,demo,self,8544,0,0,0,0.0,,
27,8,demo,test_other,distance_ge_2,451008,0,0,0,0.0,,
27,8,test,answer_prediction,distance_ge_2,2136,0,0,0,0.0,,
27,8,test,test_other,distance_ge_2,57551,0,0,0,0.0,,
27,8,test,test_other,previous,2136,0,0,0,0.0,,
27,8,test,test_other,self,2136,0,0,0,0.0,,
27,9,demo,answer_prediction,distance_ge_2,8544,0,0,0,0.0,,
27,9,demo,demo,distance_ge_2,1000158,18,18,3,1.7997156449281014e-05,0.0,0.0
27,9,demo,demo,previous,8544,0,0,0,0.0,,
27,9,demo,demo,self,8544,0,0,0,0.0,,
27,9,demo,test_other,distance_ge_2,451008,0,0,0,0.0,,
27,9,test,answer_prediction,distance_ge_2,2136,0,0,0,0.0,,
27,9,test,test_other,distance_ge_2,57551,4,4,2,6.950357074594707e-05,0.024016426876187325,0.005363595671951771
27,9,test,test_other,previous,2136,0,0,0,0.0,,
27,9,test,test_other,self,2136,3,3,2,0.0014044943820224719,0.03170198202133179,0.006268719211220741
27,10,demo,answer_prediction,distance_ge_2,8544,0,0,0,0.0,,
27,10,demo,demo,distance_ge_2,1000158,0,0,0,0.0,,
27,10,demo,demo,previous,8544,0,0,0,0.0,,
27,10,demo,demo,self,8544,0,0,0,0.0,,
27,10,demo,test_other,distance_ge_2,451008,0,0,0,0.0,,
27,10,test,answer_prediction,distance_ge_2,2136,0,0,0,0.0,,
27,10,test,test_other,distance_ge_2,57551,0,0,0,0.0,,
27,10,test,test_other,previous,2136,0,0,0,0.0,,
27,10,test,test_other,self,2136,0,0,0,0.0,,
27,11,demo,answer_prediction,distance_ge_2,8544,0,0,0,0.0,,
27,11,demo,demo,distance_ge_2,1000158,0,0,0,0.0,,
27,11,demo,demo,previous,8544,0,0,0,0.0,,
27,11,demo,demo,self,8544,0,0,0,0.0,,
27,11,demo,test_other,distance_ge_2,451008,0,0,0,0.0,,
27,11,test,answer_prediction,distance_ge_2,2136,0,0,0,0.0,,
27,11,test,test_other,distance_ge_2,57551,0,0,0,0.0,,
27,11,test,test_other,previous,2136,0,0,0,0.0,,
27,11,test,test_other,self,2136,0,0,0,0.0,,
27,12,demo,answer_prediction,distance_ge_2,8544,0,0,0,0.0,,
27,12,demo,demo,distance_ge_2,1000158,0,0,0,0.0,,
27,12,demo,demo,previous,8544,0,0,0,0.0,,
27,12,demo,demo,self,8544,0,0,0,0.0,,
27,12,demo,test_other,distance_ge_2,451008,0,0,0,0.0,,
27,12,test,answer_prediction,distance_ge_2,2136,0,0,0,0.0,,
27,12,test,test_other,distance_ge_2,57551,0,0,0,0.0,,
27,12,test,test_other,previous,2136,0,0,0,0.0,,
27,12,test,test_other,self,2136,0,0,0,0.0,,
27,13,demo,answer_prediction,distance_ge_2,8544,0,0,0,0.0,,
27,13,demo,demo,distance_ge_2,1000158,0,0,0,0.0,,
27,13,demo,demo,previous,8544,0,0,0,0.0,,
27,13,demo,demo,self,8544,0,0,0,0.0,,
27,13,demo,test_other,distance_ge_2,451008,0,0,0,0.0,,
27,13,test,answer_prediction,distance_ge_2,2136,0,0,0,0.0,,
27,13,test,test_other,distance_ge_2,57551,0,0,0,0.0,,
27,13,test,test_other,previous,2136,0,0,0,0.0,,
27,13,test,test_other,self,2136,0,0,0,0.0,,
27,14,demo,answer_prediction,distance_ge_2,8544,0,0,0,0.0,,
27,14,demo,demo,distance_ge_2,1000158,0,0,0,0.0,,
27,14,demo,demo,previous,8544,0,0,0,0.0,,
27,14,demo,demo,self,8544,0,0,0,0.0,,
27,14,demo,test_other,distance_ge_2,451008,0,0,0,0.0,,
27,14,test,answer_prediction,distance_ge_2,2136,0,0,0,0.0,,
27,14,test,test_other,distance_ge_2,57551,0,0,0,0.0,,
27,14,test,test_other,previous,2136,0,0,0,0.0,,
27,14,test,test_other,self,2136,0,0,0,0.0,,
27,15,demo,answer_prediction,distance_ge_2,8544,0,0,0,0.0,,
27,15,demo,demo,distance_ge_2,1000158,0,0,0,0.0,,
27,15,demo,demo,previous,8544,0,0,0,0.0,,
27,15,demo,demo,self,8544,0,0,0,0.0,,
27,15,demo,test_other,distance_ge_2,451008,0,0,0,0.0,,
27,15,test,answer_prediction,distance_ge_2,2136,0,0,0,0.0,,
27,15,test,test_other,distance_ge_2,57551,0,0,0,0.0,,
27,15,test,test_other,previous,2136,0,0,0,0.0,,
27,15,test,test_other,self,2136,0,0,0,0.0,,
27,16,demo,answer_prediction,distance_ge_2,8544,0,0,0,0.0,,
27,16,demo,demo,distance_ge_2,1000158,0,0,0,0.0,,
27,16,demo,demo,previous,8544,0,0,0,0.0,,
27,16,demo,demo,self,8544,0,0,0,0.0,,
27,16,demo,test_other,distance_ge_2,451008,0,0,0,0.0,,
27,16,test,answer_prediction,distance_ge_2,2136,0,0,0,0.0,,
27,16,test,test_other,distance_ge_2,57551,0,0,0,0.0,,
27,16,test,test_other,previous,2136,0,0,0,0.0,,
27,16,test,test_other,self,2136,0,0,0,0.0,,
27,17,demo,answer_prediction,distance_ge_2,8544,0,0,0,0.0,,
27,17,demo,demo,distance_ge_2,1000158,0,0,0,0.0,,
27,17,demo,demo,previous,8544,0,0,0,0.0,,
27,17,demo,demo,self,8544,0,0,0,0.0,,
27,17,demo,test_other,distance_ge_2,451008,0,0,0,0.0,,
27,17,test,answer_prediction,distance_ge_2,2136,0,0,0,0.0,,
27,17,test,test_other,distance_ge_2,57551,0,0,0,0.0,,
27,17,test,test_other,previous,2136,0,0,0,0.0,,
27,17,test,test_other,self,2136,0,0,0,0.0,,
27,18,demo,answer_prediction,distance_ge_2,8544,0,0,0,0.0,,
27,18,demo,demo,distance_ge_2,1000158,0,0,0,0.0,,
27,18,demo,demo,previous,8544,0,0,0,0.0,,
27,18,demo,demo,self,8544,0,0,0,0.0,,
27,18,demo,test_other,distance_ge_2,451008,0,0,0,0.0,,
27,18,test,answer_prediction,distance_ge_2,2136,0,0,0,0.0,,
27,18,test,test_other,distance_ge_2,57551,0,0,0,0.0,,
27,18,test,test_other,previous,2136,0,0,0,0.0,,
27,18,test,test_other,self,2136,0,0,0,0.0,,
27,19,demo,answer_prediction,distance_ge_2,8544,0,0,0,0.0,,
27,19,demo,demo,distance_ge_2,1000158,0,0,0,0.0,,
27,19,demo,demo,previous,8544,0,0,0,0.0,,
27,19,demo,demo,self,8544,0,0,0,0.0,,
27,19,demo,test_other,distance_ge_2,451008,0,0,0,0.0,,
27,19,test,answer_prediction,distance_ge_2,2136,0,0,0,0.0,,
27,19,test,test_other,distance_ge_2,57551,0,0,0,0.0,,
27,19,test,test_other,previous,2136,0,0,0,0.0,,
27,19,test,test_other,self,2136,0,0,0,0.0,,
27,20,demo,answer_prediction,distance_ge_2,8544,0,0,0,0.0,,
27,20,demo,demo,distance_ge_2,1000158,0,0,0,0.0,,
27,20,demo,demo,previous,8544,0,0,0,0.0,,
27,20,demo,demo,self,8544,0,0,0,0.0,,
27,20,demo,test_other,distance_ge_2,451008,0,0,0,0.0,,
27,20,test,answer_prediction,distance_ge_2,2136,0,0,0,0.0,,
27,20,test,test_other,distance_ge_2,57551,0,0,0,0.0,,
27,20,test,test_other,previous,2136,0,0,0,0.0,,
27,20,test,test_other,self,2136,0,0,0,0.0,,
27,21,demo,answer_prediction,distance_ge_2,8544,0,0,0,0.0,,
27,21,demo,demo,distance_ge_2,1000158,0,0,0,0.0,,
27,21,demo,demo,previous,8544,0,0,0,0.0,,
27,21,demo,demo,self,8544,60,60,10,0.007022471910112359,0.10646621137857437,0.17225289344787598
27,21,demo,test_other,distance_ge_2,451008,0,0,0,0.0,,
27,21,test,answer_prediction,distance_ge_2,2136,0,0,0,0.0,,
27,21,test,test_other,distance_ge_2,57551,0,0,0,0.0,,
27,21,test,test_other,previous,2136,0,0,0,0.0,,
27,21,test,test_other,self,2136,0,0,0,0.0,,
27,22,demo,answer_prediction,distance_ge_2,8544,0,0,0,0.0,,
27,22,demo,demo,distance_ge_2,1000158,0,0,0,0.0,,
27,22,demo,demo,previous,8544,0,0,0,0.0,,
27,22,demo,demo,self,8544,0,0,0,0.0,,
27,22,demo,test_other,distance_ge_2,451008,0,0,0,0.0,,
27,22,test,answer_prediction,distance_ge_2,2136,0,0,0,0.0,,
27,22,test,test_other,distance_ge_2,57551,0,0,0,0.0,,
27,22,test,test_other,previous,2136,0,0,0,0.0,,
27,22,test,test_other,self,2136,0,0,0,0.0,,
27,23,demo,answer_prediction,distance_ge_2,8544,0,0,0,0.0,,
27,23,demo,demo,distance_ge_2,1000158,0,0,0,0.0,,
27,23,demo,demo,previous,8544,636,636,89,0.07443820224719101,0.014067125770280946,0.03781272778463251
27,23,demo,demo,self,8544,0,0,0,0.0,,
27,23,demo,test_other,distance_ge_2,451008,0,0,0,0.0,,
27,23,test,answer_prediction,distance_ge_2,2136,0,0,0,0.0,,
27,23,test,test_other,distance_ge_2,57551,0,0,0,0.0,,
27,23,test,test_other,previous,2136,533,533,89,0.2495318352059925,0.007806446081648562,0.03212116219498231
27,23,test,test_other,self,2136,0,0,0,0.0,,
27,24,demo,answer_prediction,distance_ge_2,8544,0,0,0,0.0,,
27,24,demo,demo,distance_ge_2,1000158,0,0,0,0.0,,
27,24,demo,demo,previous,8544,0,0,0,0.0,,
27,24,demo,demo,self,8544,0,0,0,0.0,,
27,24,demo,test_other,distance_ge_2,451008,0,0,0,0.0,,
27,24,test,answer_prediction,distance_ge_2,2136,0,0,0,0.0,,
27,24,test,test_other,distance_ge_2,57551,0,0,0,0.0,,
27,24,test,test_other,previous,2136,0,0,0,0.0,,
27,24,test,test_other,self,2136,0,0,0,0.0,,
27,25,demo,answer_prediction,distance_ge_2,8544,0,0,0,0.0,,
27,25,demo,demo,distance_ge_2,1000158,0,0,0,0.0,,
27,25,demo,demo,previous,8544,0,0,0,0.0,,
27,25,demo,demo,self,8544,0,0,0,0.0,,
27,25,demo,test_other,distance_ge_2,451008,0,0,0,0.0,,
27,25,test,answer_prediction,distance_ge_2,2136,0,0,0,0.0,,
27,25,test,test_other,distance_ge_2,57551,0,0,0,0.0,,
27,25,test,test_other,previous,2136,0,0,0,0.0,,
27,25,test,test_other,self,2136,0,0,0,0.0,,
27,26,demo,answer_prediction,distance_ge_2,8544,0,0,0,0.0,,
27,26,demo,demo,distance_ge_2,1000158,12,12,2,1.1998104299520676e-05,0.0559626171986262,0.019211406509081524
27,26,demo,demo,previous,8544,0,0,0,0.0,,
27,26,demo,demo,self,8544,132,132,21,0.01544943820224719,0.005252792786147135,0.0605114437710268
27,26,demo,test_other,distance_ge_2,451008,15,15,6,3.325883354618987e-05,0.010676745682333906,0.08558950535953044
27,26,test,answer_prediction,distance_ge_2,2136,0,0,0,0.0,,
27,26,test,test_other,distance_ge_2,57551,2,2,2,3.475178537297354e-05,0.002455836394801736,0.0025879666209220886
27,26,test,test_other,previous,2136,0,0,0,0.0,,
27,26,test,test_other,self,2136,52,52,23,0.024344569288389514,0.011853005187451625,0.020562651390299343
27,27,demo,answer_prediction,distance_ge_2,8544,0,0,0,0.0,,
27,27,demo,demo,distance_ge_2,1000158,0,0,0,0.0,,
27,27,demo,demo,previous,8544,0,0,0,0.0,,
27,27,demo,demo,self,8544,0,0,0,0.0,,
27,27,demo,test_other,distance_ge_2,451008,0,0,0,0.0,,
27,27,test,answer_prediction,distance_ge_2,2136,0,0,0,0.0,,
27,27,test,test_other,distance_ge_2,57551,0,0,0,0.0,,
27,27,test,test_other,previous,2136,0,0,0,0.0,,
27,27,test,test_other,self,2136,0,0,0,0.0,,
27,28,demo,answer_prediction,distance_ge_2,8544,0,0,0,0.0,,
27,28,demo,demo,distance_ge_2,1000158,0,0,0,0.0,,
27,28,demo,demo,previous,8544,0,0,0,0.0,,
27,28,demo,demo,self,8544,0,0,0,0.0,,
27,28,demo,test_other,distance_ge_2,451008,0,0,0,0.0,,
27,28,test,answer_prediction,distance_ge_2,2136,0,0,0,0.0,,
27,28,test,test_other,distance_ge_2,57551,0,0,0,0.0,,
27,28,test,test_other,previous,2136,0,0,0,0.0,,
27,28,test,test_other,self,2136,0,0,0,0.0,,
27,29,demo,answer_prediction,distance_ge_2,8544,0,0,0,0.0,,
27,29,demo,demo,distance_ge_2,1000158,0,0,0,0.0,,
27,29,demo,demo,previous,8544,0,0,0,0.0,,
27,29,demo,demo,self,8544,0,0,0,0.0,,
27,29,demo,test_other,distance_ge_2,451008,3,3,2,6.651766709237974e-06,0.010976928848928461,0.017437861611445744
27,29,test,answer_prediction,distance_ge_2,2136,0,0,0,0.0,,
27,29,test,test_other,distance_ge_2,57551,31,31,15,0.0005386526732810898,0.009057851305471794,0.021381088742806066
27,29,test,test_other,previous,2136,0,0,0,0.0,,
27,29,test,test_other,self,2136,0,0,0,0.0,,
27,30,demo,answer_prediction,distance_ge_2,8544,0,0,0,0.0,,
27,30,demo,demo,distance_ge_2,1000158,0,0,0,0.0,,
27,30,demo,demo,previous,8544,0,0,0,0.0,,
27,30,demo,demo,self,8544,0,0,0,0.0,,
27,30,demo,test_other,distance_ge_2,451008,0,0,0,0.0,,
27,30,test,answer_prediction,distance_ge_2,2136,0,0,0,0.0,,
27,30,test,test_other,distance_ge_2,57551,0,0,0,0.0,,
27,30,test,test_other,previous,2136,0,0,0,0.0,,
27,30,test,test_other,self,2136,0,0,0,0.0,,
27,31,demo,answer_prediction,distance_ge_2,8544,0,0,0,0.0,,
27,31,demo,demo,distance_ge_2,1000158,1470,1470,75,0.0014697677766912828,0.03498390825436812,0.01825532167373846
27,31,demo,demo,previous,8544,0,0,0,0.0,,
27,31,demo,demo,self,8544,0,0,0,0.0,,
27,31,demo,test_other,distance_ge_2,451008,227,227,51,0.00050331701433234,0.022682081927860254,0.010639508204278997
27,31,test,answer_prediction,distance_ge_2,2136,0,0,0,0.0,,
27,31,test,test_other,distance_ge_2,57551,4,4,2,6.950357074594707e-05,0.0,0.035420766565948725
27,31,test,test_other,previous,2136,0,0,0,0.0,,
27,31,test,test_other,self,2136,0,0,0,0.0,,
28,0,demo,answer_prediction,distance_ge_2,8544,0,0,0,0.0,,
28,0,demo,demo,distance_ge_2,1000158,0,0,0,0.0,,
28,0,demo,demo,previous,8544,0,0,0,0.0,,
28,0,demo,demo,self,8544,0,0,0,0.0,,
28,0,demo,test_other,distance_ge_2,451008,0,0,0,0.0,,
28,0,test,answer_prediction,distance_ge_2,2136,0,0,0,0.0,,
28,0,test,test_other,distance_ge_2,57551,0,0,0,0.0,,
28,0,test,test_other,previous,2136,0,0,0,0.0,,
28,0,test,test_other,self,2136,0,0,0,0.0,,
28,1,demo,answer_prediction,distance_ge_2,8544,0,0,0,0.0,,
28,1,demo,demo,distance_ge_2,1000158,0,0,0,0.0,,
28,1,demo,demo,previous,8544,0,0,0,0.0,,
28,1,demo,demo,self,8544,0,0,0,0.0,,
28,1,demo,test_other,distance_ge_2,451008,0,0,0,0.0,,
28,1,test,answer_prediction,distance_ge_2,2136,0,0,0,0.0,,
28,1,test,test_other,distance_ge_2,57551,0,0,0,0.0,,
28,1,test,test_other,previous,2136,0,0,0,0.0,,
28,1,test,test_other,self,2136,0,0,0,0.0,,
28,2,demo,answer_prediction,distance_ge_2,8544,0,0,0,0.0,,
28,2,demo,demo,distance_ge_2,1000158,0,0,0,0.0,,
28,2,demo,demo,previous,8544,0,0,0,0.0,,
28,2,demo,demo,self,8544,0,0,0,0.0,,
28,2,demo,test_other,distance_ge_2,451008,0,0,0,0.0,,
28,2,test,answer_prediction,distance_ge_2,2136,0,0,0,0.0,,
28,2,test,test_other,distance_ge_2,57551,0,0,0,0.0,,
28,2,test,test_other,previous,2136,0,0,0,0.0,,
28,2,test,test_other,self,2136,0,0,0,0.0,,
28,3,demo,answer_prediction,distance_ge_2,8544,0,0,0,0.0,,
28,3,demo,demo,distance_ge_2,1000158,0,0,0,0.0,,
28,3,demo,demo,previous,8544,0,0,0,0.0,,
28,3,demo,demo,self,8544,0,0,0,0.0,,
28,3,demo,test_other,distance_ge_2,451008,0,0,0,0.0,,
28,3,test,answer_prediction,distance_ge_2,2136,0,0,0,0.0,,
28,3,test,test_other,distance_ge_2,57551,0,0,0,0.0,,
28,3,test,test_other,previous,2136,0,0,0,0.0,,
28,3,test,test_other,self,2136,0,0,0,0.0,,
28,4,demo,answer_prediction,distance_ge_2,8544,0,0,0,0.0,,
28,4,demo,demo,distance_ge_2,1000158,0,0,0,0.0,,
28,4,demo,demo,previous,8544,0,0,0,0.0,,
28,4,demo,demo,self,8544,0,0,0,0.0,,
28,4,demo,test_other,distance_ge_2,451008,0,0,0,0.0,,
28,4,test,answer_prediction,distance_ge_2,2136,0,0,0,0.0,,
28,4,test,test_other,distance_ge_2,57551,0,0,0,0.0,,
28,4,test,test_other,previous,2136,0,0,0,0.0,,
28,4,test,test_other,self,2136,0,0,0,0.0,,
28,5,demo,answer_prediction,distance_ge_2,8544,0,0,0,0.0,,
28,5,demo,demo,distance_ge_2,1000158,0,0,0,0.0,,
28,5,demo,demo,previous,8544,0,0,0,0.0,,
28,5,demo,demo,self,8544,0,0,0,0.0,,
28,5,demo,test_other,distance_ge_2,451008,0,0,0,0.0,,
28,5,test,answer_prediction,distance_ge_2,2136,0,0,0,0.0,,
28,5,test,test_other,distance_ge_2,57551,0,0,0,0.0,,
28,5,test,test_other,previous,2136,0,0,0,0.0,,
28,5,test,test_other,self,2136,0,0,0,0.0,,
28,6,demo,answer_prediction,distance_ge_2,8544,0,0,0,0.0,,
28,6,demo,demo,distance_ge_2,1000158,0,0,0,0.0,,
28,6,demo,demo,previous,8544,0,0,0,0.0,,
28,6,demo,demo,self,8544,0,0,0,0.0,,
28,6,demo,test_other,distance_ge_2,451008,0,0,0,0.0,,
28,6,test,answer_prediction,distance_ge_2,2136,0,0,0,0.0,,
28,6,test,test_other,distance_ge_2,57551,0,0,0,0.0,,
28,6,test,test_other,previous,2136,0,0,0,0.0,,
28,6,test,test_other,self,2136,0,0,0,0.0,,
28,7,demo,answer_prediction,distance_ge_2,8544,0,0,0,0.0,,
28,7,demo,demo,distance_ge_2,1000158,0,0,0,0.0,,
28,7,demo,demo,previous,8544,0,0,0,0.0,,
28,7,demo,demo,self,8544,0,0,0,0.0,,
28,7,demo,test_other,distance_ge_2,451008,0,0,0,0.0,,
28,7,test,answer_prediction,distance_ge_2,2136,0,0,0,0.0,,
28,7,test,test_other,distance_ge_2,57551,0,0,0,0.0,,
28,7,test,test_other,previous,2136,0,0,0,0.0,,
28,7,test,test_other,self,2136,0,0,0,0.0,,
28,8,demo,answer_prediction,distance_ge_2,8544,0,0,0,0.0,,
28,8,demo,demo,distance_ge_2,1000158,0,0,0,0.0,,
28,8,demo,demo,previous,8544,0,0,0,0.0,,
28,8,demo,demo,self,8544,0,0,0,0.0,,
28,8,demo,test_other,distance_ge_2,451008,0,0,0,0.0,,
28,8,test,answer_prediction,distance_ge_2,2136,0,0,0,0.0,,
28,8,test,test_other,distance_ge_2,57551,0,0,0,0.0,,
28,8,test,test_other,previous,2136,0,0,0,0.0,,
28,8,test,test_other,self,2136,0,0,0,0.0,,
28,9,demo,answer_prediction,distance_ge_2,8544,0,0,0,0.0,,
28,9,demo,demo,distance_ge_2,1000158,0,0,0,0.0,,
28,9,demo,demo,previous,8544,0,0,0,0.0,,
28,9,demo,demo,self,8544,0,0,0,0.0,,
28,9,demo,test_other,distance_ge_2,451008,0,0,0,0.0,,
28,9,test,answer_prediction,distance_ge_2,2136,0,0,0,0.0,,
28,9,test,test_other,distance_ge_2,57551,0,0,0,0.0,,
28,9,test,test_other,previous,2136,0,0,0,0.0,,
28,9,test,test_other,self,2136,0,0,0,0.0,,
28,10,demo,answer_prediction,distance_ge_2,8544,0,0,0,0.0,,
28,10,demo,demo,distance_ge_2,1000158,0,0,0,0.0,,
28,10,demo,demo,previous,8544,0,0,0,0.0,,
28,10,demo,demo,self,8544,0,0,0,0.0,,
28,10,demo,test_other,distance_ge_2,451008,0,0,0,0.0,,
28,10,test,answer_prediction,distance_ge_2,2136,0,0,0,0.0,,
28,10,test,test_other,distance_ge_2,57551,0,0,0,0.0,,
28,10,test,test_other,previous,2136,0,0,0,0.0,,
28,10,test,test_other,self,2136,0,0,0,0.0,,
28,11,demo,answer_prediction,distance_ge_2,8544,0,0,0,0.0,,
28,11,demo,demo,distance_ge_2,1000158,132,132,19,0.00013197914729472745,0.0011858521734900546,0.028740118257701397
28,11,demo,demo,previous,8544,0,0,0,0.0,,
28,11,demo,demo,self,8544,0,0,0,0.0,,
28,11,demo,test_other,distance_ge_2,451008,11,11,5,2.4389811267205903e-05,0.011510524856434627,0.023278989575125954
28,11,test,answer_prediction,distance_ge_2,2136,0,0,0,0.0,,
28,11,test,test_other,distance_ge_2,57551,79,79,42,0.0013726955222324547,0.0035689464421011508,0.01779518852414139
28,11,test,test_other,previous,2136,0,0,0,0.0,,
28,11,test,test_other,self,2136,0,0,0,0.0,,
28,12,demo,answer_prediction,distance_ge_2,8544,0,0,0,0.0,,
28,12,demo,demo,distance_ge_2,1000158,0,0,0,0.0,,
28,12,demo,demo,previous,8544,0,0,0,0.0,,
28,12,demo,demo,self,8544,0,0,0,0.0,,
28,12,demo,test_other,distance_ge_2,451008,0,0,0,0.0,,
28,12,test,answer_prediction,distance_ge_2,2136,0,0,0,0.0,,
28,12,test,test_other,distance_ge_2,57551,0,0,0,0.0,,
28,12,test,test_other,previous,2136,0,0,0,0.0,,
28,12,test,test_other,self,2136,0,0,0,0.0,,
28,13,demo,answer_prediction,distance_ge_2,8544,0,0,0,0.0,,
28,13,demo,demo,distance_ge_2,1000158,102,102,10,0.00010198388654592574,0.010026168242535171,0.0
28,13,demo,demo,previous,8544,0,0,0,0.0,,
28,13,demo,demo,self,8544,0,0,0,0.0,,
28,13,demo,test_other,distance_ge_2,451008,0,0,0,0.0,,
28,13,test,answer_prediction,distance_ge_2,2136,0,0,0,0.0,,
28,13,test,test_other,distance_ge_2,57551,30,30,5,0.000521276780594603,0.007522625258813301,0.017167527119939525
28,13,test,test_other,previous,2136,0,0,0,0.0,,
28,13,test,test_other,self,2136,0,0,0,0.0,,
28,14,demo,answer_prediction,distance_ge_2,8544,0,0,0,0.0,,
28,14,demo,demo,distance_ge_2,1000158,0,0,0,0.0,,
28,14,demo,demo,previous,8544,0,0,0,0.0,,
28,14,demo,demo,self,8544,0,0,0,0.0,,
28,14,demo,test_other,distance_ge_2,451008,0,0,0,0.0,,
28,14,test,answer_prediction,distance_ge_2,2136,0,0,0,0.0,,
28,14,test,test_other,distance_ge_2,57551,0,0,0,0.0,,
28,14,test,test_other,previous,2136,0,0,0,0.0,,
28,14,test,test_other,self,2136,0,0,0,0.0,,
28,15,demo,answer_prediction,distance_ge_2,8544,0,0,0,0.0,,
28,15,demo,demo,distance_ge_2,1000158,348,348,16,0.0003479450246860996,0.0342440357489977,0.007107817080144867
28,15,demo,demo,previous,8544,0,0,0,0.0,,
28,15,demo,demo,self,8544,0,0,0,0.0,,
28,15,demo,test_other,distance_ge_2,451008,25,25,5,5.543138924364978e-05,0.03302505813539028,0.007187816239893436
28,15,test,answer_prediction,distance_ge_2,2136,0,0,0,0.0,,
28,15,test,test_other,distance_ge_2,57551,0,0,0,0.0,,
28,15,test,test_other,previous,2136,0,0,0,0.0,,
28,15,test,test_other,self,2136,0,0,0,0.0,,
28,16,demo,answer_prediction,distance_ge_2,8544,0,0,0,0.0,,
28,16,demo,demo,distance_ge_2,1000158,0,0,0,0.0,,
28,16,demo,demo,previous,8544,0,0,0,0.0,,
28,16,demo,demo,self,8544,0,0,0,0.0,,
28,16,demo,test_other,distance_ge_2,451008,0,0,0,0.0,,
28,16,test,answer_prediction,distance_ge_2,2136,0,0,0,0.0,,
28,16,test,test_other,distance_ge_2,57551,0,0,0,0.0,,
28,16,test,test_other,previous,2136,0,0,0,0.0,,
28,16,test,test_other,self,2136,0,0,0,0.0,,
28,17,demo,answer_prediction,distance_ge_2,8544,0,0,0,0.0,,
28,17,demo,demo,distance_ge_2,1000158,0,0,0,0.0,,
28,17,demo,demo,previous,8544,0,0,0,0.0,,
28,17,demo,demo,self,8544,0,0,0,0.0,,
28,17,demo,test_other,distance_ge_2,451008,0,0,0,0.0,,
28,17,test,answer_prediction,distance_ge_2,2136,0,0,0,0.0,,
28,17,test,test_other,distance_ge_2,57551,0,0,0,0.0,,
28,17,test,test_other,previous,2136,0,0,0,0.0,,
28,17,test,test_other,self,2136,0,0,0,0.0,,
28,18,demo,answer_prediction,distance_ge_2,8544,0,0,0,0.0,,
28,18,demo,demo,distance_ge_2,1000158,12,12,2,1.1998104299520676e-05,0.020601002499461174,0.005635921843349934
28,18,demo,demo,previous,8544,0,0,0,0.0,,
28,18,demo,demo,self,8544,0,0,0,0.0,,
28,18,demo,test_other,distance_ge_2,451008,0,0,0,0.0,,
28,18,test,answer_prediction,distance_ge_2,2136,0,0,0,0.0,,
28,18,test,test_other,distance_ge_2,57551,2,2,1,3.475178537297354e-05,0.0,0.010517876595258713
28,18,test,test_other,previous,2136,0,0,0,0.0,,
28,18,test,test_other,self,2136,0,0,0,0.0,,
28,19,demo,answer_prediction,distance_ge_2,8544,0,0,0,0.0,,
28,19,demo,demo,distance_ge_2,1000158,60,60,10,5.999052149760338e-05,0.06080926358699799,0.3052364319562912
28,19,demo,demo,previous,8544,0,0,0,0.0,,
28,19,demo,demo,self,8544,0,0,0,0.0,,
28,19,demo,test_other,distance_ge_2,451008,0,0,0,0.0,,
28,19,test,answer_prediction,distance_ge_2,2136,0,0,0,0.0,,
28,19,test,test_other,distance_ge_2,57551,0,0,0,0.0,,
28,19,test,test_other,previous,2136,0,0,0,0.0,,
28,19,test,test_other,self,2136,0,0,0,0.0,,
28,20,demo,answer_prediction,distance_ge_2,8544,0,0,0,0.0,,
28,20,demo,demo,distance_ge_2,1000158,0,0,0,0.0,,
28,20,demo,demo,previous,8544,0,0,0,0.0,,
28,20,demo,demo,self,8544,0,0,0,0.0,,
28,20,demo,test_other,distance_ge_2,451008,1,1,1,2.2172555697459912e-06,0.0,0.0
28,20,test,answer_prediction,distance_ge_2,2136,0,0,0,0.0,,
28,20,test,test_other,distance_ge_2,57551,0,0,0,0.0,,
28,20,test,test_other,previous,2136,0,0,0,0.0,,
28,20,test,test_other,self,2136,0,0,0,0.0,,
28,21,demo,answer_prediction,distance_ge_2,8544,0,0,0,0.0,,
28,21,demo,demo,distance_ge_2,1000158,0,0,0,0.0,,
28,21,demo,demo,previous,8544,0,0,0,0.0,,
28,21,demo,demo,self,8544,24,24,3,0.0028089887640449437,0.1395709402859211,0.024018840864300728
28,21,demo,test_other,distance_ge_2,451008,0,0,0,0.0,,
28,21,test,answer_prediction,distance_ge_2,2136,0,0,0,0.0,,
28,21,test,test_other,distance_ge_2,57551,0,0,0,0.0,,
28,21,test,test_other,previous,2136,0,0,0,0.0,,
28,21,test,test_other,self,2136,0,0,0,0.0,,
28,22,demo,answer_prediction,distance_ge_2,8544,0,0,0,0.0,,
28,22,demo,demo,distance_ge_2,1000158,0,0,0,0.0,,
28,22,demo,demo,previous,8544,0,0,0,0.0,,
28,22,demo,demo,self,8544,0,0,0,0.0,,
28,22,demo,test_other,distance_ge_2,451008,0,0,0,0.0,,
28,22,test,answer_prediction,distance_ge_2,2136,0,0,0,0.0,,
28,22,test,test_other,distance_ge_2,57551,0,0,0,0.0,,
28,22,test,test_other,previous,2136,0,0,0,0.0,,
28,22,test,test_other,self,2136,0,0,0,0.0,,
28,23,demo,answer_prediction,distance_ge_2,8544,0,0,0,0.0,,
28,23,demo,demo,distance_ge_2,1000158,144,144,13,0.00014397725159424811,0.0062748749235955375,0.005186156835407019
28,23,demo,demo,previous,8544,72,72,12,0.008426966292134831,0.0,0.045471712584710784
28,23,demo,demo,self,8544,0,0,0,0.0,,
28,23,demo,test_other,distance_ge_2,451008,13,13,7,2.8824322406697887e-05,0.02581715376044695,0.021750875247212555
28,23,test,answer_prediction,distance_ge_2,2136,0,0,0,0.0,,
28,23,test,test_other,distance_ge_2,57551,4,4,3,6.950357074594707e-05,0.012809173436835408,0.009191539138555527
28,23,test,test_other,previous,2136,0,0,0,0.0,,
28,23,test,test_other,self,2136,0,0,0,0.0,,
28,24,demo,answer_prediction,distance_ge_2,8544,0,0,0,0.0,,
28,24,demo,demo,distance_ge_2,1000158,0,0,0,0.0,,
28,24,demo,demo,previous,8544,0,0,0,0.0,,
28,24,demo,demo,self,8544,150,150,25,0.0175561797752809,0.06768007308244706,0.21910546828992664
28,24,demo,test_other,distance_ge_2,451008,0,0,0,0.0,,
28,24,test,answer_prediction,distance_ge_2,2136,0,0,0,0.0,,
28,24,test,test_other,distance_ge_2,57551,0,0,0,0.0,,
28,24,test,test_other,previous,2136,0,0,0,0.0,,
28,24,test,test_other,self,2136,7,7,3,0.0032771535580524347,0.03319179160254342,0.009683389283184494
28,25,demo,answer_prediction,distance_ge_2,8544,0,0,0,0.0,,
28,25,demo,demo,distance_ge_2,1000158,0,0,0,0.0,,
28,25,demo,demo,previous,8544,0,0,0,0.0,,
28,25,demo,demo,self,8544,0,0,0,0.0,,
28,25,demo,test_other,distance_ge_2,451008,0,0,0,0.0,,
28,25,test,answer_prediction,distance_ge_2,2136,0,0,0,0.0,,
28,25,test,test_other,distance_ge_2,57551,0,0,0,0.0,,
28,25,test,test_other,previous,2136,0,0,0,0.0,,
28,25,test,test_other,self,2136,0,0,0,0.0,,
28,26,demo,answer_prediction,distance_ge_2,8544,0,0,0,0.0,,
28,26,demo,demo,distance_ge_2,1000158,0,0,0,0.0,,
28,26,demo,demo,previous,8544,0,0,0,0.0,,
28,26,demo,demo,self,8544,0,0,0,0.0,,
28,26,demo,test_other,distance_ge_2,451008,0,0,0,0.0,,
28,26,test,answer_prediction,distance_ge_2,2136,0,0,0,0.0,,
28,26,test,test_other,distance_ge_2,57551,2,2,2,3.475178537297354e-05,0.0,0.0346608841791749
28,26,test,test_other,previous,2136,0,0,0,0.0,,
28,26,test,test_other,self,2136,0,0,0,0.0,,
28,27,demo,answer_prediction,distance_ge_2,8544,0,0,0,0.0,,
28,27,demo,demo,distance_ge_2,1000158,66,66,11,6.598957364736372e-05,0.005875559693033045,0.001371770165860653
28,27,demo,demo,previous,8544,12,12,2,0.0014044943820224719,0.0,0.009326414205133915
28,27,demo,demo,self,8544,0,0,0,0.0,,
28,27,demo,test_other,distance_ge_2,451008,0,0,0,0.0,,
28,27,test,answer_prediction,distance_ge_2,2136,0,0,0,0.0,,
28,27,test,test_other,distance_ge_2,57551,2,2,2,3.475178537297354e-05,0.0,0.0
28,27,test,test_other,previous,2136,0,0,0,0.0,,
28,27,test,test_other,self,2136,0,0,0,0.0,,
28,28,demo,answer_prediction,distance_ge_2,8544,0,0,0,0.0,,
28,28,demo,demo,distance_ge_2,1000158,798,798,44,0.000797873935918125,0.013205784735069108,0.038624324189279614
28,28,demo,demo,previous,8544,12,12,2,0.0014044943820224719,0.018074296414852142,0.1515900194644928
28,28,demo,demo,self,8544,0,0,0,0.0,,
28,28,demo,test_other,distance_ge_2,451008,86,86,13,0.00019068397899815525,0.0016999371393128884,0.03208309392509765
28,28,test,answer_prediction,distance_ge_2,2136,1,1,1,0.00046816479400749064,0.0,0.02048383839428425
28,28,test,test_other,distance_ge_2,57551,9,9,5,0.00015638303417838092,0.0026110163720053,0.03054235143483513
28,28,test,test_other,previous,2136,7,7,2,0.0032771535580524347,0.004470733072334302,0.0179991147347859
28,28,test,test_other,self,2136,0,0,0,0.0,,
28,29,demo,answer_prediction,distance_ge_2,8544,0,0,0,0.0,,
28,29,demo,demo,distance_ge_2,1000158,0,0,0,0.0,,
28,29,demo,demo,previous,8544,0,0,0,0.0,,
28,29,demo,demo,self,8544,0,0,0,0.0,,
28,29,demo,test_other,distance_ge_2,451008,0,0,0,0.0,,
28,29,test,answer_prediction,distance_ge_2,2136,0,0,0,0.0,,
28,29,test,test_other,distance_ge_2,57551,0,0,0,0.0,,
28,29,test,test_other,previous,2136,0,0,0,0.0,,
28,29,test,test_other,self,2136,0,0,0,0.0,,
28,30,demo,answer_prediction,distance_ge_2,8544,0,0,0,0.0,,
28,30,demo,demo,distance_ge_2,1000158,0,0,0,0.0,,
28,30,demo,demo,previous,8544,0,0,0,0.0,,
28,30,demo,demo,self,8544,0,0,0,0.0,,
28,30,demo,test_other,distance_ge_2,451008,0,0,0,0.0,,
28,30,test,answer_prediction,distance_ge_2,2136,0,0,0,0.0,,
28,30,test,test_other,distance_ge_2,57551,0,0,0,0.0,,
28,30,test,test_other,previous,2136,0,0,0,0.0,,
28,30,test,test_other,self,2136,0,0,0,0.0,,
28,31,demo,answer_prediction,distance_ge_2,8544,0,0,0,0.0,,
28,31,demo,demo,distance_ge_2,1000158,0,0,0,0.0,,
28,31,demo,demo,previous,8544,0,0,0,0.0,,
28,31,demo,demo,self,8544,0,0,0,0.0,,
28,31,demo,test_other,distance_ge_2,451008,0,0,0,0.0,,
28,31,test,answer_prediction,distance_ge_2,2136,0,0,0,0.0,,
28,31,test,test_other,distance_ge_2,57551,0,0,0,0.0,,
28,31,test,test_other,previous,2136,0,0,0,0.0,,
28,31,test,test_other,self,2136,0,0,0,0.0,,
29,0,demo,answer_prediction,distance_ge_2,8544,0,0,0,0.0,,
29,0,demo,demo,distance_ge_2,1000158,12,12,2,1.1998104299520676e-05,0.017470190301537514,0.004366708304587519
29,0,demo,demo,previous,8544,0,0,0,0.0,,
29,0,demo,demo,self,8544,0,0,0,0.0,,
29,0,demo,test_other,distance_ge_2,451008,0,0,0,0.0,,
29,0,test,answer_prediction,distance_ge_2,2136,0,0,0,0.0,,
29,0,test,test_other,distance_ge_2,57551,0,0,0,0.0,,
29,0,test,test_other,previous,2136,0,0,0,0.0,,
29,0,test,test_other,self,2136,0,0,0,0.0,,
29,1,demo,answer_prediction,distance_ge_2,8544,0,0,0,0.0,,
29,1,demo,demo,distance_ge_2,1000158,0,0,0,0.0,,
29,1,demo,demo,previous,8544,0,0,0,0.0,,
29,1,demo,demo,self,8544,0,0,0,0.0,,
29,1,demo,test_other,distance_ge_2,451008,0,0,0,0.0,,
29,1,test,answer_prediction,distance_ge_2,2136,0,0,0,0.0,,
29,1,test,test_other,distance_ge_2,57551,0,0,0,0.0,,
29,1,test,test_other,previous,2136,0,0,0,0.0,,
29,1,test,test_other,self,2136,0,0,0,0.0,,
29,2,demo,answer_prediction,distance_ge_2,8544,0,0,0,0.0,,
29,2,demo,demo,distance_ge_2,1000158,0,0,0,0.0,,
29,2,demo,demo,previous,8544,0,0,0,0.0,,
29,2,demo,demo,self,8544,0,0,0,0.0,,
29,2,demo,test_other,distance_ge_2,451008,0,0,0,0.0,,
29,2,test,answer_prediction,distance_ge_2,2136,0,0,0,0.0,,
29,2,test,test_other,distance_ge_2,57551,0,0,0,0.0,,
29,2,test,test_other,previous,2136,0,0,0,0.0,,
29,2,test,test_other,self,2136,0,0,0,0.0,,
29,3,demo,answer_prediction,distance_ge_2,8544,0,0,0,0.0,,
29,3,demo,demo,distance_ge_2,1000158,0,0,0,0.0,,
29,3,demo,demo,previous,8544,0,0,0,0.0,,
29,3,demo,demo,self,8544,0,0,0,0.0,,
29,3,demo,test_other,distance_ge_2,451008,0,0,0,0.0,,
29,3,test,answer_prediction,distance_ge_2,2136,0,0,0,0.0,,
29,3,test,test_other,distance_ge_2,57551,0,0,0,0.0,,
29,3,test,test_other,previous,2136,0,0,0,0.0,,
29,3,test,test_other,self,2136,0,0,0,0.0,,
29,4,demo,answer_prediction,distance_ge_2,8544,0,0,0,0.0,,
29,4,demo,demo,distance_ge_2,1000158,0,0,0,0.0,,
29,4,demo,demo,previous,8544,0,0,0,0.0,,
29,4,demo,demo,self,8544,0,0,0,0.0,,
29,4,demo,test_other,distance_ge_2,451008,0,0,0,0.0,,
29,4,test,answer_prediction,distance_ge_2,2136,0,0,0,0.0,,
29,4,test,test_other,distance_ge_2,57551,0,0,0,0.0,,
29,4,test,test_other,previous,2136,0,0,0,0.0,,
29,4,test,test_other,self,2136,0,0,0,0.0,,
29,5,demo,answer_prediction,distance_ge_2,8544,0,0,0,0.0,,
29,5,demo,demo,distance_ge_2,1000158,0,0,0,0.0,,
29,5,demo,demo,previous,8544,0,0,0,0.0,,
29,5,demo,demo,self,8544,0,0,0,0.0,,
29,5,demo,test_other,distance_ge_2,451008,0,0,0,0.0,,
29,5,test,answer_prediction,distance_ge_2,2136,0,0,0,0.0,,
29,5,test,test_other,distance_ge_2,57551,0,0,0,0.0,,
29,5,test,test_other,previous,2136,0,0,0,0.0,,
29,5,test,test_other,self,2136,0,0,0,0.0,,
29,6,demo,answer_prediction,distance_ge_2,8544,0,0,0,0.0,,
29,6,demo,demo,distance_ge_2,1000158,0,0,0,0.0,,
29,6,demo,demo,previous,8544,0,0,0,0.0,,
29,6,demo,demo,self,8544,0,0,0,0.0,,
29,6,demo,test_other,distance_ge_2,451008,0,0,0,0.0,,
29,6,test,answer_prediction,distance_ge_2,2136,0,0,0,0.0,,
29,6,test,test_other,distance_ge_2,57551,0,0,0,0.0,,
29,6,test,test_other,previous,2136,0,0,0,0.0,,
29,6,test,test_other,self,2136,0,0,0,0.0,,
29,7,demo,answer_prediction,distance_ge_2,8544,0,0,0,0.0,,
29,7,demo,demo,distance_ge_2,1000158,0,0,0,0.0,,
29,7,demo,demo,previous,8544,0,0,0,0.0,,
29,7,demo,demo,self,8544,0,0,0,0.0,,
29,7,demo,test_other,distance_ge_2,451008,0,0,0,0.0,,
29,7,test,answer_prediction,distance_ge_2,2136,0,0,0,0.0,,
29,7,test,test_other,distance_ge_2,57551,0,0,0,0.0,,
29,7,test,test_other,previous,2136,0,0,0,0.0,,
29,7,test,test_other,self,2136,0,0,0,0.0,,
29,8,demo,answer_prediction,distance_ge_2,8544,0,0,0,0.0,,
29,8,demo,demo,distance_ge_2,1000158,0,0,0,0.0,,
29,8,demo,demo,previous,8544,0,0,0,0.0,,
29,8,demo,demo,self,8544,0,0,0,0.0,,
29,8,demo,test_other,distance_ge_2,451008,0,0,0,0.0,,
29,8,test,answer_prediction,distance_ge_2,2136,0,0,0,0.0,,
29,8,test,test_other,distance_ge_2,57551,0,0,0,0.0,,
29,8,test,test_other,previous,2136,0,0,0,0.0,,
29,8,test,test_other,self,2136,0,0,0,0.0,,
29,9,demo,answer_prediction,distance_ge_2,8544,0,0,0,0.0,,
29,9,demo,demo,distance_ge_2,1000158,0,0,0,0.0,,
29,9,demo,demo,previous,8544,0,0,0,0.0,,
29,9,demo,demo,self,8544,0,0,0,0.0,,
29,9,demo,test_other,distance_ge_2,451008,0,0,0,0.0,,
29,9,test,answer_prediction,distance_ge_2,2136,0,0,0,0.0,,
29,9,test,test_other,distance_ge_2,57551,0,0,0,0.0,,
29,9,test,test_other,previous,2136,0,0,0,0.0,,
29,9,test,test_other,self,2136,0,0,0,0.0,,
29,10,demo,answer_prediction,distance_ge_2,8544,0,0,0,0.0,,
29,10,demo,demo,distance_ge_2,1000158,0,0,0,0.0,,
29,10,demo,demo,previous,8544,0,0,0,0.0,,
29,10,demo,demo,self,8544,12,12,2,0.0014044943820224719,0.0,0.028938692063093185
29,10,demo,test_other,distance_ge_2,451008,0,0,0,0.0,,
29,10,test,answer_prediction,distance_ge_2,2136,0,0,0,0.0,,
29,10,test,test_other,distance_ge_2,57551,0,0,0,0.0,,
29,10,test,test_other,previous,2136,0,0,0,0.0,,
29,10,test,test_other,self,2136,9,9,2,0.004213483146067416,0.0,0.011996301511923472
29,11,demo,answer_prediction,distance_ge_2,8544,0,0,0,0.0,,
29,11,demo,demo,distance_ge_2,1000158,0,0,0,0.0,,
29,11,demo,demo,previous,8544,0,0,0,0.0,,
29,11,demo,demo,self,8544,0,0,0,0.0,,
29,11,demo,test_other,distance_ge_2,451008,0,0,0,0.0,,
29,11,test,answer_prediction,distance_ge_2,2136,0,0,0,0.0,,
29,11,test,test_other,distance_ge_2,57551,7,7,4,0.00012163124880540738,0.0,0.008169171333845173
29,11,test,test_other,previous,2136,1,1,1,0.00046816479400749064,0.0,0.0
29,11,test,test_other,self,2136,0,0,0,0.0,,
29,12,demo,answer_prediction,distance_ge_2,8544,0,0,0,0.0,,
29,12,demo,demo,distance_ge_2,1000158,0,0,0,0.0,,
29,12,demo,demo,previous,8544,0,0,0,0.0,,
29,12,demo,demo,self,8544,0,0,0,0.0,,
29,12,demo,test_other,distance_ge_2,451008,0,0,0,0.0,,
29,12,test,answer_prediction,distance_ge_2,2136,0,0,0,0.0,,
29,12,test,test_other,distance_ge_2,57551,0,0,0,0.0,,
29,12,test,test_other,previous,2136,0,0,0,0.0,,
29,12,test,test_other,self,2136,0,0,0,0.0,,
29,13,demo,answer_prediction,distance_ge_2,8544,0,0,0,0.0,,
29,13,demo,demo,distance_ge_2,1000158,0,0,0,0.0,,
29,13,demo,demo,previous,8544,0,0,0,0.0,,
29,13,demo,demo,self,8544,0,0,0,0.0,,
29,13,demo,test_other,distance_ge_2,451008,0,0,0,0.0,,
29,13,test,answer_prediction,distance_ge_2,2136,0,0,0,0.0,,
29,13,test,test_other,distance_ge_2,57551,0,0,0,0.0,,
29,13,test,test_other,previous,2136,0,0,0,0.0,,
29,13,test,test_other,self,2136,0,0,0,0.0,,
29,14,demo,answer_prediction,distance_ge_2,8544,0,0,0,0.0,,
29,14,demo,demo,distance_ge_2,1000158,0,0,0,0.0,,
29,14,demo,demo,previous,8544,0,0,0,0.0,,
29,14,demo,demo,self,8544,54,54,9,0.006320224719101123,0.0,0.6093389391899109
29,14,demo,test_other,distance_ge_2,451008,0,0,0,0.0,,
29,14,test,answer_prediction,distance_ge_2,2136,0,0,0,0.0,,
29,14,test,test_other,distance_ge_2,57551,0,0,0,0.0,,
29,14,test,test_other,previous,2136,0,0,0,0.0,,
29,14,test,test_other,self,2136,2,2,1,0.0009363295880149813,0.0,0.0
29,15,demo,answer_prediction,distance_ge_2,8544,0,0,0,0.0,,
29,15,demo,demo,distance_ge_2,1000158,0,0,0,0.0,,
29,15,demo,demo,previous,8544,0,0,0,0.0,,
29,15,demo,demo,self,8544,0,0,0,0.0,,
29,15,demo,test_other,distance_ge_2,451008,0,0,0,0.0,,
29,15,test,answer_prediction,distance_ge_2,2136,0,0,0,0.0,,
29,15,test,test_other,distance_ge_2,57551,0,0,0,0.0,,
29,15,test,test_other,previous,2136,0,0,0,0.0,,
29,15,test,test_other,self,2136,0,0,0,0.0,,
29,16,demo,answer_prediction,distance_ge_2,8544,0,0,0,0.0,,
29,16,demo,demo,distance_ge_2,1000158,0,0,0,0.0,,
29,16,demo,demo,previous,8544,0,0,0,0.0,,
29,16,demo,demo,self,8544,0,0,0,0.0,,
29,16,demo,test_other,distance_ge_2,451008,0,0,0,0.0,,
29,16,test,answer_prediction,distance_ge_2,2136,0,0,0,0.0,,
29,16,test,test_other,distance_ge_2,57551,0,0,0,0.0,,
29,16,test,test_other,previous,2136,0,0,0,0.0,,
29,16,test,test_other,self,2136,0,0,0,0.0,,
29,17,demo,answer_prediction,distance_ge_2,8544,0,0,0,0.0,,
29,17,demo,demo,distance_ge_2,1000158,252,252,14,0.00025196019028993417,0.02421533218806698,0.06895431752006213
29,17,demo,demo,previous,8544,0,0,0,0.0,,
29,17,demo,demo,self,8544,0,0,0,0.0,,
29,17,demo,test_other,distance_ge_2,451008,23,23,4,5.09968781041578e-05,0.012607412412762642,0.0636528278498546
29,17,test,answer_prediction,distance_ge_2,2136,0,0,0,0.0,,
29,17,test,test_other,distance_ge_2,57551,4,4,4,6.950357074594707e-05,0.0027458136901259422,0.0
29,17,test,test_other,previous,2136,0,0,0,0.0,,
29,17,test,test_other,self,2136,0,0,0,0.0,,
29,18,demo,answer_prediction,distance_ge_2,8544,0,0,0,0.0,,
29,18,demo,demo,distance_ge_2,1000158,0,0,0,0.0,,
29,18,demo,demo,previous,8544,0,0,0,0.0,,
29,18,demo,demo,self,8544,0,0,0,0.0,,
29,18,demo,test_other,distance_ge_2,451008,0,0,0,0.0,,
29,18,test,answer_prediction,distance_ge_2,2136,0,0,0,0.0,,
29,18,test,test_other,distance_ge_2,57551,0,0,0,0.0,,
29,18,test,test_other,previous,2136,0,0,0,0.0,,
29,18,test,test_other,self,2136,0,0,0,0.0,,
29,19,demo,answer_prediction,distance_ge_2,8544,0,0,0,0.0,,
29,19,demo,demo,distance_ge_2,1000158,0,0,0,0.0,,
29,19,demo,demo,previous,8544,0,0,0,0.0,,
29,19,demo,demo,self,8544,0,0,0,0.0,,
29,19,demo,test_other,distance_ge_2,451008,0,0,0,0.0,,
29,19,test,answer_prediction,distance_ge_2,2136,0,0,0,0.0,,
29,19,test,test_other,distance_ge_2,57551,0,0,0,0.0,,
29,19,test,test_other,previous,2136,0,0,0,0.0,,
29,19,test,test_other,self,2136,0,0,0,0.0,,
29,20,demo,answer_prediction,distance_ge_2,8544,0,0,0,0.0,,
29,20,demo,demo,distance_ge_2,1000158,0,0,0,0.0,,
29,20,demo,demo,previous,8544,0,0,0,0.0,,
29,20,demo,demo,self,8544,0,0,0,0.0,,
29,20,demo,test_other,distance_ge_2,451008,0,0,0,0.0,,
29,20,test,answer_prediction,distance_ge_2,2136,0,0,0,0.0,,
29,20,test,test_other,distance_ge_2,57551,0,0,0,0.0,,
29,20,test,test_other,previous,2136,0,0,0,0.0,,
29,20,test,test_other,self,2136,0,0,0,0.0,,
29,21,demo,answer_prediction,distance_ge_2,8544,0,0,0,0.0,,
29,21,demo,demo,distance_ge_2,1000158,0,0,0,0.0,,
29,21,demo,demo,previous,8544,0,0,0,0.0,,
29,21,demo,demo,self,8544,0,0,0,0.0,,
29,21,demo,test_other,distance_ge_2,451008,0,0,0,0.0,,
29,21,test,answer_prediction,distance_ge_2,2136,0,0,0,0.0,,
29,21,test,test_other,distance_ge_2,57551,0,0,0,0.0,,
29,21,test,test_other,previous,2136,0,0,0,0.0,,
29,21,test,test_other,self,2136,0,0,0,0.0,,
29,22,demo,answer_prediction,distance_ge_2,8544,0,0,0,0.0,,
29,22,demo,demo,distance_ge_2,1000158,0,0,0,0.0,,
29,22,demo,demo,previous,8544,0,0,0,0.0,,
29,22,demo,demo,self,8544,0,0,0,0.0,,
29,22,demo,test_other,distance_ge_2,451008,0,0,0,0.0,,
29,22,test,answer_prediction,distance_ge_2,2136,0,0,0,0.0,,
29,22,test,test_other,distance_ge_2,57551,0,0,0,0.0,,
29,22,test,test_other,previous,2136,0,0,0,0.0,,
29,22,test,test_other,self,2136,0,0,0,0.0,,
29,23,demo,answer_prediction,distance_ge_2,8544,0,0,0,0.0,,
29,23,demo,demo,distance_ge_2,1000158,0,0,0,0.0,,
29,23,demo,demo,previous,8544,0,0,0,0.0,,
29,23,demo,demo,self,8544,0,0,0,0.0,,
29,23,demo,test_other,distance_ge_2,451008,0,0,0,0.0,,
29,23,test,answer_prediction,distance_ge_2,2136,0,0,0,0.0,,
29,23,test,test_other,distance_ge_2,57551,0,0,0,0.0,,
29,23,test,test_other,previous,2136,0,0,0,0.0,,
29,23,test,test_other,self,2136,0,0,0,0.0,,
29,24,demo,answer_prediction,distance_ge_2,8544,0,0,0,0.0,,
29,24,demo,demo,distance_ge_2,1000158,0,0,0,0.0,,
29,24,demo,demo,previous,8544,0,0,0,0.0,,
29,24,demo,demo,self,8544,0,0,0,0.0,,
29,24,demo,test_other,distance_ge_2,451008,0,0,0,0.0,,
29,24,test,answer_prediction,distance_ge_2,2136,0,0,0,0.0,,
29,24,test,test_other,distance_ge_2,57551,0,0,0,0.0,,
29,24,test,test_other,previous,2136,0,0,0,0.0,,
29,24,test,test_other,self,2136,0,0,0,0.0,,
29,25,demo,answer_prediction,distance_ge_2,8544,0,0,0,0.0,,
29,25,demo,demo,distance_ge_2,1000158,0,0,0,0.0,,
29,25,demo,demo,previous,8544,0,0,0,0.0,,
29,25,demo,demo,self,8544,0,0,0,0.0,,
29,25,demo,test_other,distance_ge_2,451008,0,0,0,0.0,,
29,25,test,answer_prediction,distance_ge_2,2136,0,0,0,0.0,,
29,25,test,test_other,distance_ge_2,57551,0,0,0,0.0,,
29,25,test,test_other,previous,2136,0,0,0,0.0,,
29,25,test,test_other,self,2136,0,0,0,0.0,,
29,26,demo,answer_prediction,distance_ge_2,8544,0,0,0,0.0,,
29,26,demo,demo,distance_ge_2,1000158,0,0,0,0.0,,
29,26,demo,demo,previous,8544,0,0,0,0.0,,
29,26,demo,demo,self,8544,0,0,0,0.0,,
29,26,demo,test_other,distance_ge_2,451008,0,0,0,0.0,,
29,26,test,answer_prediction,distance_ge_2,2136,0,0,0,0.0,,
29,26,test,test_other,distance_ge_2,57551,0,0,0,0.0,,
29,26,test,test_other,previous,2136,0,0,0,0.0,,
29,26,test,test_other,self,2136,0,0,0,0.0,,
29,27,demo,answer_prediction,distance_ge_2,8544,0,0,0,0.0,,
29,27,demo,demo,distance_ge_2,1000158,0,0,0,0.0,,
29,27,demo,demo,previous,8544,0,0,0,0.0,,
29,27,demo,demo,self,8544,0,0,0,0.0,,
29,27,demo,test_other,distance_ge_2,451008,0,0,0,0.0,,
29,27,test,answer_prediction,distance_ge_2,2136,0,0,0,0.0,,
29,27,test,test_other,distance_ge_2,57551,0,0,0,0.0,,
29,27,test,test_other,previous,2136,0,0,0,0.0,,
29,27,test,test_other,self,2136,0,0,0,0.0,,
29,28,demo,answer_prediction,distance_ge_2,8544,0,0,0,0.0,,
29,28,demo,demo,distance_ge_2,1000158,0,0,0,0.0,,
29,28,demo,demo,previous,8544,0,0,0,0.0,,
29,28,demo,demo,self,8544,0,0,0,0.0,,
29,28,demo,test_other,distance_ge_2,451008,0,0,0,0.0,,
29,28,test,answer_prediction,distance_ge_2,2136,0,0,0,0.0,,
29,28,test,test_other,distance_ge_2,57551,0,0,0,0.0,,
29,28,test,test_other,previous,2136,0,0,0,0.0,,
29,28,test,test_other,self,2136,0,0,0,0.0,,
29,29,demo,answer_prediction,distance_ge_2,8544,0,0,0,0.0,,
29,29,demo,demo,distance_ge_2,1000158,0,0,0,0.0,,
29,29,demo,demo,previous,8544,0,0,0,0.0,,
29,29,demo,demo,self,8544,0,0,0,0.0,,
29,29,demo,test_other,distance_ge_2,451008,0,0,0,0.0,,
29,29,test,answer_prediction,distance_ge_2,2136,0,0,0,0.0,,
29,29,test,test_other,distance_ge_2,57551,2,2,2,3.475178537297354e-05,0.0,0.03604210074990988
29,29,test,test_other,previous,2136,0,0,0,0.0,,
29,29,test,test_other,self,2136,0,0,0,0.0,,
29,30,demo,answer_prediction,distance_ge_2,8544,0,0,0,0.0,,
29,30,demo,demo,distance_ge_2,1000158,0,0,0,0.0,,
29,30,demo,demo,previous,8544,0,0,0,0.0,,
29,30,demo,demo,self,8544,0,0,0,0.0,,
29,30,demo,test_other,distance_ge_2,451008,0,0,0,0.0,,
29,30,test,answer_prediction,distance_ge_2,2136,0,0,0,0.0,,
29,30,test,test_other,distance_ge_2,57551,0,0,0,0.0,,
29,30,test,test_other,previous,2136,0,0,0,0.0,,
29,30,test,test_other,self,2136,0,0,0,0.0,,
29,31,demo,answer_prediction,distance_ge_2,8544,0,0,0,0.0,,
29,31,demo,demo,distance_ge_2,1000158,0,0,0,0.0,,
29,31,demo,demo,previous,8544,0,0,0,0.0,,
29,31,demo,demo,self,8544,0,0,0,0.0,,
29,31,demo,test_other,distance_ge_2,451008,0,0,0,0.0,,
29,31,test,answer_prediction,distance_ge_2,2136,0,0,0,0.0,,
29,31,test,test_other,distance_ge_2,57551,0,0,0,0.0,,
29,31,test,test_other,previous,2136,0,0,0,0.0,,
29,31,test,test_other,self,2136,0,0,0,0.0,,
30,0,demo,answer_prediction,distance_ge_2,8544,0,0,0,0.0,,
30,0,demo,demo,distance_ge_2,1000158,0,0,0,0.0,,
30,0,demo,demo,previous,8544,0,0,0,0.0,,
30,0,demo,demo,self,8544,0,0,0,0.0,,
30,0,demo,test_other,distance_ge_2,451008,0,0,0,0.0,,
30,0,test,answer_prediction,distance_ge_2,2136,0,0,0,0.0,,
30,0,test,test_other,distance_ge_2,57551,0,0,0,0.0,,
30,0,test,test_other,previous,2136,0,0,0,0.0,,
30,0,test,test_other,self,2136,0,0,0,0.0,,
30,1,demo,answer_prediction,distance_ge_2,8544,0,0,0,0.0,,
30,1,demo,demo,distance_ge_2,1000158,0,0,0,0.0,,
30,1,demo,demo,previous,8544,0,0,0,0.0,,
30,1,demo,demo,self,8544,0,0,0,0.0,,
30,1,demo,test_other,distance_ge_2,451008,0,0,0,0.0,,
30,1,test,answer_prediction,distance_ge_2,2136,0,0,0,0.0,,
30,1,test,test_other,distance_ge_2,57551,0,0,0,0.0,,
30,1,test,test_other,previous,2136,0,0,0,0.0,,
30,1,test,test_other,self,2136,0,0,0,0.0,,
30,2,demo,answer_prediction,distance_ge_2,8544,0,0,0,0.0,,
30,2,demo,demo,distance_ge_2,1000158,0,0,0,0.0,,
30,2,demo,demo,previous,8544,0,0,0,0.0,,
30,2,demo,demo,self,8544,0,0,0,0.0,,
30,2,demo,test_other,distance_ge_2,451008,0,0,0,0.0,,
30,2,test,answer_prediction,distance_ge_2,2136,0,0,0,0.0,,
30,2,test,test_other,distance_ge_2,57551,0,0,0,0.0,,
30,2,test,test_other,previous,2136,0,0,0,0.0,,
30,2,test,test_other,self,2136,0,0,0,0.0,,
30,3,demo,answer_prediction,distance_ge_2,8544,0,0,0,0.0,,
30,3,demo,demo,distance_ge_2,1000158,1020,1020,46,0.0010198388654592573,0.013141171852133565,0.035155868113004404
30,3,demo,demo,previous,8544,0,0,0,0.0,,
30,3,demo,demo,self,8544,0,0,0,0.0,,
30,3,demo,test_other,distance_ge_2,451008,48,48,12,0.00010642826734780758,0.006819808904159193,0.015353393071563914
30,3,test,answer_prediction,distance_ge_2,2136,0,0,0,0.0,,
30,3,test,test_other,distance_ge_2,57551,183,183,48,0.0031797883616270788,0.004945580666219049,0.054446249745424856
30,3,test,test_other,previous,2136,0,0,0,0.0,,
30,3,test,test_other,self,2136,0,0,0,0.0,,
30,4,demo,answer_prediction,distance_ge_2,8544,0,0,0,0.0,,
30,4,demo,demo,distance_ge_2,1000158,0,0,0,0.0,,
30,4,demo,demo,previous,8544,0,0,0,0.0,,
30,4,demo,demo,self,8544,18,18,3,0.002106741573033708,0.01915598226090272,0.06937529022494952
30,4,demo,test_other,distance_ge_2,451008,0,0,0,0.0,,
30,4,test,answer_prediction,distance_ge_2,2136,0,0,0,0.0,,
30,4,test,test_other,distance_ge_2,57551,0,0,0,0.0,,
30,4,test,test_other,previous,2136,0,0,0,0.0,,
30,4,test,test_other,self,2136,2,2,1,0.0009363295880149813,0.011212798301130533,0.013108518905937672
30,5,demo,answer_prediction,distance_ge_2,8544,0,0,0,0.0,,
30,5,demo,demo,distance_ge_2,1000158,48,48,7,4.7992417198082705e-05,0.05134692795885106,0.011310047334215293
30,5,demo,demo,previous,8544,0,0,0,0.0,,
30,5,demo,demo,self,8544,138,138,21,0.016151685393258428,0.06844002480848112,0.027843092824669853
30,5,demo,test_other,distance_ge_2,451008,17,17,9,3.769334468568185e-05,0.01597842344028108,0.03850431741653558
30,5,test,answer_prediction,distance_ge_2,2136,0,0,0,0.0,,
30,5,test,test_other,distance_ge_2,57551,22,22,9,0.00038226963910270893,0.0037734524230472744,0.007110351527279074
30,5,test,test_other,previous,2136,0,0,0,0.0,,
30,5,test,test_other,self,2136,14,14,4,0.006554307116104869,0.009716430412871497,0.025797710354839052
30,6,demo,answer_prediction,distance_ge_2,8544,0,0,0,0.0,,
30,6,demo,demo,distance_ge_2,1000158,0,0,0,0.0,,
30,6,demo,demo,previous,8544,0,0,0,0.0,,
30,6,demo,demo,self,8544,0,0,0,0.0,,
30,6,demo,test_other,distance_ge_2,451008,0,0,0,0.0,,
30,6,test,answer_prediction,distance_ge_2,2136,0,0,0,0.0,,
30,6,test,test_other,distance_ge_2,57551,0,0,0,0.0,,
30,6,test,test_other,previous,2136,0,0,0,0.0,,
30,6,test,test_other,self,2136,0,0,0,0.0,,
30,7,demo,answer_prediction,distance_ge_2,8544,0,0,0,0.0,,
30,7,demo,demo,distance_ge_2,1000158,0,0,0,0.0,,
30,7,demo,demo,previous,8544,0,0,0,0.0,,
30,7,demo,demo,self,8544,0,0,0,0.0,,
30,7,demo,test_other,distance_ge_2,451008,0,0,0,0.0,,
30,7,test,answer_prediction,distance_ge_2,2136,0,0,0,0.0,,
30,7,test,test_other,distance_ge_2,57551,0,0,0,0.0,,
30,7,test,test_other,previous,2136,0,0,0,0.0,,
30,7,test,test_other,self,2136,2,2,2,0.0009363295880149813,0.0030984822660684586,0.021595686674118042
30,8,demo,answer_prediction,distance_ge_2,8544,0,0,0,0.0,,
30,8,demo,demo,distance_ge_2,1000158,0,0,0,0.0,,
30,8,demo,demo,previous,8544,0,0,0,0.0,,
30,8,demo,demo,self,8544,0,0,0,0.0,,
30,8,demo,test_other,distance_ge_2,451008,0,0,0,0.0,,
30,8,test,answer_prediction,distance_ge_2,2136,0,0,0,0.0,,
30,8,test,test_other,distance_ge_2,57551,0,0,0,0.0,,
30,8,test,test_other,previous,2136,0,0,0,0.0,,
30,8,test,test_other,self,2136,0,0,0,0.0,,
30,9,demo,answer_prediction,distance_ge_2,8544,0,0,0,0.0,,
30,9,demo,demo,distance_ge_2,1000158,0,0,0,0.0,,
30,9,demo,demo,previous,8544,0,0,0,0.0,,
30,9,demo,demo,self,8544,0,0,0,0.0,,
30,9,demo,test_other,distance_ge_2,451008,0,0,0,0.0,,
30,9,test,answer_prediction,distance_ge_2,2136,0,0,0,0.0,,
30,9,test,test_other,distance_ge_2,57551,11,11,7,0.00019113481955135446,0.008182728292674503,0.008837469684129412
30,9,test,test_other,previous,2136,0,0,0,0.0,,
30,9,test,test_other,self,2136,0,0,0,0.0,,
30,10,demo,answer_prediction,distance_ge_2,8544,0,0,0,0.0,,
30,10,demo,demo,distance_ge_2,1000158,0,0,0,0.0,,
30,10,demo,demo,previous,8544,0,0,0,0.0,,
30,10,demo,demo,self,8544,0,0,0,0.0,,
30,10,demo,test_other,distance_ge_2,451008,0,0,0,0.0,,
30,10,test,answer_prediction,distance_ge_2,2136,0,0,0,0.0,,
30,10,test,test_other,distance_ge_2,57551,0,0,0,0.0,,
30,10,test,test_other,previous,2136,0,0,0,0.0,,
30,10,test,test_other,self,2136,0,0,0,0.0,,
30,11,demo,answer_prediction,distance_ge_2,8544,0,0,0,0.0,,
30,11,demo,demo,distance_ge_2,1000158,0,0,0,0.0,,
30,11,demo,demo,previous,8544,0,0,0,0.0,,
30,11,demo,demo,self,8544,0,0,0,0.0,,
30,11,demo,test_other,distance_ge_2,451008,0,0,0,0.0,,
30,11,test,answer_prediction,distance_ge_2,2136,0,0,0,0.0,,
30,11,test,test_other,distance_ge_2,57551,0,0,0,0.0,,
30,11,test,test_other,previous,2136,0,0,0,0.0,,
30,11,test,test_other,self,2136,0,0,0,0.0,,
30,12,demo,answer_prediction,distance_ge_2,8544,0,0,0,0.0,,
30,12,demo,demo,distance_ge_2,1000158,0,0,0,0.0,,
30,12,demo,demo,previous,8544,0,0,0,0.0,,
30,12,demo,demo,self,8544,0,0,0,0.0,,
30,12,demo,test_other,distance_ge_2,451008,0,0,0,0.0,,
30,12,test,answer_prediction,distance_ge_2,2136,0,0,0,0.0,,
30,12,test,test_other,distance_ge_2,57551,0,0,0,0.0,,
30,12,test,test_other,previous,2136,0,0,0,0.0,,
30,12,test,test_other,self,2136,0,0,0,0.0,,
30,13,demo,answer_prediction,distance_ge_2,8544,0,0,0,0.0,,
30,13,demo,demo,distance_ge_2,1000158,12,12,2,1.1998104299520676e-05,0.05369986966252327,0.07713155448436737
30,13,demo,demo,previous,8544,0,0,0,0.0,,
30,13,demo,demo,self,8544,0,0,0,0.0,,
30,13,demo,test_other,distance_ge_2,451008,5,5,3,1.1086277848729955e-05,0.009504467993974686,0.009480432886630297
30,13,test,answer_prediction,distance_ge_2,2136,0,0,0,0.0,,
30,13,test,test_other,distance_ge_2,57551,6,6,4,0.0001042553561189206,0.034170553709069885,0.015376433109243711
30,13,test,test_other,previous,2136,0,0,0,0.0,,
30,13,test,test_other,self,2136,0,0,0,0.0,,
30,14,demo,answer_prediction,distance_ge_2,8544,0,0,0,0.0,,
30,14,demo,demo,distance_ge_2,1000158,0,0,0,0.0,,
30,14,demo,demo,previous,8544,0,0,0,0.0,,
30,14,demo,demo,self,8544,54,54,9,0.006320224719101123,0.1867542862892151,0.0
30,14,demo,test_other,distance_ge_2,451008,0,0,0,0.0,,
30,14,test,answer_prediction,distance_ge_2,2136,0,0,0,0.0,,
30,14,test,test_other,distance_ge_2,57551,0,0,0,0.0,,
30,14,test,test_other,previous,2136,0,0,0,0.0,,
30,14,test,test_other,self,2136,13,13,9,0.006086142322097378,0.010402019350574566,0.005945265149840942
30,15,demo,answer_prediction,distance_ge_2,8544,0,0,0,0.0,,
30,15,demo,demo,distance_ge_2,1000158,0,0,0,0.0,,
30,15,demo,demo,previous,8544,0,0,0,0.0,,
30,15,demo,demo,self,8544,0,0,0,0.0,,
30,15,demo,test_other,distance_ge_2,451008,0,0,0,0.0,,
30,15,test,answer_prediction,distance_ge_2,2136,0,0,0,0.0,,
30,15,test,test_other,distance_ge_2,57551,0,0,0,0.0,,
30,15,test,test_other,previous,2136,0,0,0,0.0,,
30,15,test,test_other,self,2136,0,0,0,0.0,,
30,16,demo,answer_prediction,distance_ge_2,8544,0,0,0,0.0,,
30,16,demo,demo,distance_ge_2,1000158,0,0,0,0.0,,
30,16,demo,demo,previous,8544,0,0,0,0.0,,
30,16,demo,demo,self,8544,0,0,0,0.0,,
30,16,demo,test_other,distance_ge_2,451008,0,0,0,0.0,,
30,16,test,answer_prediction,distance_ge_2,2136,0,0,0,0.0,,
30,16,test,test_other,distance_ge_2,57551,0,0,0,0.0,,
30,16,test,test_other,previous,2136,0,0,0,0.0,,
30,16,test,test_other,self,2136,0,0,0,0.0,,
30,17,demo,answer_prediction,distance_ge_2,8544,0,0,0,0.0,,
30,17,demo,demo,distance_ge_2,1000158,0,0,0,0.0,,
30,17,demo,demo,previous,8544,0,0,0,0.0,,
30,17,demo,demo,self,8544,0,0,0,0.0,,
30,17,demo,test_other,distance_ge_2,451008,0,0,0,0.0,,
30,17,test,answer_prediction,distance_ge_2,2136,0,0,0,0.0,,
30,17,test,test_other,distance_ge_2,57551,0,0,0,0.0,,
30,17,test,test_other,previous,2136,0,0,0,0.0,,
30,17,test,test_other,self,2136,0,0,0,0.0,,
30,18,demo,answer_prediction,distance_ge_2,8544,0,0,0,0.0,,
30,18,demo,demo,distance_ge_2,1000158,72,72,11,7.198862579712406e-05,0.0038634034960220256,0.0423426505488654
30,18,demo,demo,previous,8544,18,18,3,0.002106741573033708,0.0,0.0
30,18,demo,demo,self,8544,0,0,0,0.0,,
30,18,demo,test_other,distance_ge_2,451008,0,0,0,0.0,,
30,18,test,answer_prediction,distance_ge_2,2136,0,0,0,0.0,,
30,18,test,test_other,distance_ge_2,57551,0,0,0,0.0,,
30,18,test,test_other,previous,2136,0,0,0,0.0,,
30,18,test,test_other,self,2136,1,1,1,0.00046816479400749064,0.0,0.0
30,19,demo,answer_prediction,distance_ge_2,8544,0,0,0,0.0,,
30,19,demo,demo,distance_ge_2,1000158,0,0,0,0.0,,
30,19,demo,demo,previous,8544,0,0,0,0.0,,
30,19,demo,demo,self,8544,0,0,0,0.0,,
30,19,demo,test_other,distance_ge_2,451008,0,0,0,0.0,,
30,19,test,answer_prediction,distance_ge_2,2136,0,0,0,0.0,,
30,19,test,test_other,distance_ge_2,57551,0,0,0,0.0,,
30,19,test,test_other,previous,2136,0,0,0,0.0,,
30,19,test,test_other,self,2136,0,0,0,0.0,,
30,20,demo,answer_prediction,distance_ge_2,8544,0,0,0,0.0,,
30,20,demo,demo,distance_ge_2,1000158,0,0,0,0.0,,
30,20,demo,demo,previous,8544,0,0,0,0.0,,
30,20,demo,demo,self,8544,1770,1770,88,0.2071629213483146,0.011284956855006847,0.020680633913212596
30,20,demo,test_other,distance_ge_2,451008,0,0,0,0.0,,
30,20,test,answer_prediction,distance_ge_2,2136,0,0,0,0.0,,
30,20,test,test_other,distance_ge_2,57551,0,0,0,0.0,,
30,20,test,test_other,previous,2136,0,0,0,0.0,,
30,20,test,test_other,self,2136,719,719,88,0.3366104868913858,0.009263182867815252,0.017189600391697004
30,21,demo,answer_prediction,distance_ge_2,8544,0,0,0,0.0,,
30,21,demo,demo,distance_ge_2,1000158,0,0,0,0.0,,
30,21,demo,demo,previous,8544,0,0,0,0.0,,
30,21,demo,demo,self,8544,0,0,0,0.0,,
30,21,demo,test_other,distance_ge_2,451008,0,0,0,0.0,,
30,21,test,answer_prediction,distance_ge_2,2136,0,0,0,0.0,,
30,21,test,test_other,distance_ge_2,57551,0,0,0,0.0,,
30,21,test,test_other,previous,2136,0,0,0,0.0,,
30,21,test,test_other,self,2136,0,0,0,0.0,,
30,22,demo,answer_prediction,distance_ge_2,8544,0,0,0,0.0,,
30,22,demo,demo,distance_ge_2,1000158,0,0,0,0.0,,
30,22,demo,demo,previous,8544,0,0,0,0.0,,
30,22,demo,demo,self,8544,0,0,0,0.0,,
30,22,demo,test_other,distance_ge_2,451008,0,0,0,0.0,,
30,22,test,answer_prediction,distance_ge_2,2136,0,0,0,0.0,,
30,22,test,test_other,distance_ge_2,57551,0,0,0,0.0,,
30,22,test,test_other,previous,2136,0,0,0,0.0,,
30,22,test,test_other,self,2136,0,0,0,0.0,,
30,23,demo,answer_prediction,distance_ge_2,8544,0,0,0,0.0,,
30,23,demo,demo,distance_ge_2,1000158,0,0,0,0.0,,
30,23,demo,demo,previous,8544,0,0,0,0.0,,
30,23,demo,demo,self,8544,0,0,0,0.0,,
30,23,demo,test_other,distance_ge_2,451008,0,0,0,0.0,,
30,23,test,answer_prediction,distance_ge_2,2136,0,0,0,0.0,,
30,23,test,test_other,distance_ge_2,57551,0,0,0,0.0,,
30,23,test,test_other,previous,2136,0,0,0,0.0,,
30,23,test,test_other,self,2136,0,0,0,0.0,,
30,24,demo,answer_prediction,distance_ge_2,8544,0,0,0,0.0,,
30,24,demo,demo,distance_ge_2,1000158,0,0,0,0.0,,
30,24,demo,demo,previous,8544,0,0,0,0.0,,
30,24,demo,demo,self,8544,0,0,0,0.0,,
30,24,demo,test_other,distance_ge_2,451008,0,0,0,0.0,,
30,24,test,answer_prediction,distance_ge_2,2136,0,0,0,0.0,,
30,24,test,test_other,distance_ge_2,57551,0,0,0,0.0,,
30,24,test,test_other,previous,2136,0,0,0,0.0,,
30,24,test,test_other,self,2136,0,0,0,0.0,,
30,25,demo,answer_prediction,distance_ge_2,8544,0,0,0,0.0,,
30,25,demo,demo,distance_ge_2,1000158,0,0,0,0.0,,
30,25,demo,demo,previous,8544,0,0,0,0.0,,
30,25,demo,demo,self,8544,0,0,0,0.0,,
30,25,demo,test_other,distance_ge_2,451008,0,0,0,0.0,,
30,25,test,answer_prediction,distance_ge_2,2136,0,0,0,0.0,,
30,25,test,test_other,distance_ge_2,57551,0,0,0,0.0,,
30,25,test,test_other,previous,2136,0,0,0,0.0,,
30,25,test,test_other,self,2136,0,0,0,0.0,,
30,26,demo,answer_prediction,distance_ge_2,8544,0,0,0,0.0,,
30,26,demo,demo,distance_ge_2,1000158,0,0,0,0.0,,
30,26,demo,demo,previous,8544,0,0,0,0.0,,
30,26,demo,demo,self,8544,0,0,0,0.0,,
30,26,demo,test_other,distance_ge_2,451008,0,0,0,0.0,,
30,26,test,answer_prediction,distance_ge_2,2136,0,0,0,0.0,,
30,26,test,test_other,distance_ge_2,57551,0,0,0,0.0,,
30,26,test,test_other,previous,2136,0,0,0,0.0,,
30,26,test,test_other,self,2136,0,0,0,0.0,,
30,27,demo,answer_prediction,distance_ge_2,8544,0,0,0,0.0,,
30,27,demo,demo,distance_ge_2,1000158,0,0,0,0.0,,
30,27,demo,demo,previous,8544,0,0,0,0.0,,
30,27,demo,demo,self,8544,0,0,0,0.0,,
30,27,demo,test_other,distance_ge_2,451008,0,0,0,0.0,,
30,27,test,answer_prediction,distance_ge_2,2136,0,0,0,0.0,,
30,27,test,test_other,distance_ge_2,57551,0,0,0,0.0,,
30,27,test,test_other,previous,2136,0,0,0,0.0,,
30,27,test,test_other,self,2136,0,0,0,0.0,,
30,28,demo,answer_prediction,distance_ge_2,8544,0,0,0,0.0,,
30,28,demo,demo,distance_ge_2,1000158,0,0,0,0.0,,
30,28,demo,demo,previous,8544,0,0,0,0.0,,
30,28,demo,demo,self,8544,0,0,0,0.0,,
30,28,demo,test_other,distance_ge_2,451008,0,0,0,0.0,,
30,28,test,answer_prediction,distance_ge_2,2136,0,0,0,0.0,,
30,28,test,test_other,distance_ge_2,57551,0,0,0,0.0,,
30,28,test,test_other,previous,2136,0,0,0,0.0,,
30,28,test,test_other,self,2136,0,0,0,0.0,,
30,29,demo,answer_prediction,distance_ge_2,8544,0,0,0,0.0,,
30,29,demo,demo,distance_ge_2,1000158,0,0,0,0.0,,
30,29,demo,demo,previous,8544,0,0,0,0.0,,
30,29,demo,demo,self,8544,0,0,0,0.0,,
30,29,demo,test_other,distance_ge_2,451008,0,0,0,0.0,,
30,29,test,answer_prediction,distance_ge_2,2136,0,0,0,0.0,,
30,29,test,test_other,distance_ge_2,57551,0,0,0,0.0,,
30,29,test,test_other,previous,2136,0,0,0,0.0,,
30,29,test,test_other,self,2136,0,0,0,0.0,,
30,30,demo,answer_prediction,distance_ge_2,8544,0,0,0,0.0,,
30,30,demo,demo,distance_ge_2,1000158,0,0,0,0.0,,
30,30,demo,demo,previous,8544,0,0,0,0.0,,
30,30,demo,demo,self,8544,0,0,0,0.0,,
30,30,demo,test_other,distance_ge_2,451008,0,0,0,0.0,,
30,30,test,answer_prediction,distance_ge_2,2136,0,0,0,0.0,,
30,30,test,test_other,distance_ge_2,57551,0,0,0,0.0,,
30,30,test,test_other,previous,2136,0,0,0,0.0,,
30,30,test,test_other,self,2136,0,0,0,0.0,,
30,31,demo,answer_prediction,distance_ge_2,8544,0,0,0,0.0,,
30,31,demo,demo,distance_ge_2,1000158,0,0,0,0.0,,
30,31,demo,demo,previous,8544,0,0,0,0.0,,
30,31,demo,demo,self,8544,0,0,0,0.0,,
30,31,demo,test_other,distance_ge_2,451008,0,0,0,0.0,,
30,31,test,answer_prediction,distance_ge_2,2136,0,0,0,0.0,,
30,31,test,test_other,distance_ge_2,57551,0,0,0,0.0,,
30,31,test,test_other,previous,2136,0,0,0,0.0,,
30,31,test,test_other,self,2136,0,0,0,0.0,,
31,0,demo,answer_prediction,distance_ge_2,8544,0,0,0,0.0,,
31,0,demo,demo,distance_ge_2,1000158,0,0,0,0.0,,
31,0,demo,demo,previous,8544,0,0,0,0.0,,
31,0,demo,demo,self,8544,336,336,47,0.03932584269662921,0.02248339438977252,0.054241576917342
31,0,demo,test_other,distance_ge_2,451008,0,0,0,0.0,,
31,0,test,answer_prediction,distance_ge_2,2136,0,0,0,0.0,,
31,0,test,test_other,distance_ge_2,57551,0,0,0,0.0,,
31,0,test,test_other,previous,2136,0,0,0,0.0,,
31,0,test,test_other,self,2136,41,41,26,0.019194756554307114,0.004128360501831261,0.009807848763402278
31,1,demo,answer_prediction,distance_ge_2,8544,0,0,0,0.0,,
31,1,demo,demo,distance_ge_2,1000158,0,0,0,0.0,,
31,1,demo,demo,previous,8544,0,0,0,0.0,,
31,1,demo,demo,self,8544,696,696,74,0.08146067415730338,0.022820068255666345,0.07388387843294085
31,1,demo,test_other,distance_ge_2,451008,0,0,0,0.0,,
31,1,test,answer_prediction,distance_ge_2,2136,0,0,0,0.0,,
31,1,test,test_other,distance_ge_2,57551,0,0,0,0.0,,
31,1,test,test_other,previous,2136,0,0,0,0.0,,
31,1,test,test_other,self,2136,172,172,38,0.08052434456928839,0.017160728173790673,0.020332943439635254
31,2,demo,answer_prediction,distance_ge_2,8544,0,0,0,0.0,,
31,2,demo,demo,distance_ge_2,1000158,0,0,0,0.0,,
31,2,demo,demo,previous,8544,0,0,0,0.0,,
31,2,demo,demo,self,8544,0,0,0,0.0,,
31,2,demo,test_other,distance_ge_2,451008,0,0,0,0.0,,
31,2,test,answer_prediction,distance_ge_2,2136,0,0,0,0.0,,
31,2,test,test_other,distance_ge_2,57551,0,0,0,0.0,,
31,2,test,test_other,previous,2136,0,0,0,0.0,,
31,2,test,test_other,self,2136,0,0,0,0.0,,
31,3,demo,answer_prediction,distance_ge_2,8544,0,0,0,0.0,,
31,3,demo,demo,distance_ge_2,1000158,0,0,0,0.0,,
31,3,demo,demo,previous,8544,0,0,0,0.0,,
31,3,demo,demo,self,8544,0,0,0,0.0,,
31,3,demo,test_other,distance_ge_2,451008,0,0,0,0.0,,
31,3,test,answer_prediction,distance_ge_2,2136,0,0,0,0.0,,
31,3,test,test_other,distance_ge_2,57551,0,0,0,0.0,,
31,3,test,test_other,previous,2136,0,0,0,0.0,,
31,3,test,test_other,self,2136,0,0,0,0.0,,
31,4,demo,answer_prediction,distance_ge_2,8544,0,0,0,0.0,,
31,4,demo,demo,distance_ge_2,1000158,0,0,0,0.0,,
31,4,demo,demo,previous,8544,0,0,0,0.0,,
31,4,demo,demo,self,8544,0,0,0,0.0,,
31,4,demo,test_other,distance_ge_2,451008,0,0,0,0.0,,
31,4,test,answer_prediction,distance_ge_2,2136,0,0,0,0.0,,
31,4,test,test_other,distance_ge_2,57551,0,0,0,0.0,,
31,4,test,test_other,previous,2136,0,0,0,0.0,,
31,4,test,test_other,self,2136,0,0,0,0.0,,
31,5,demo,answer_prediction,distance_ge_2,8544,0,0,0,0.0,,
31,5,demo,demo,distance_ge_2,1000158,0,0,0,0.0,,
31,5,demo,demo,previous,8544,0,0,0,0.0,,
31,5,demo,demo,self,8544,0,0,0,0.0,,
31,5,demo,test_other,distance_ge_2,451008,0,0,0,0.0,,
31,5,test,answer_prediction,distance_ge_2,2136,0,0,0,0.0,,
31,5,test,test_other,distance_ge_2,57551,0,0,0,0.0,,
31,5,test,test_other,previous,2136,0,0,0,0.0,,
31,5,test,test_other,self,2136,0,0,0,0.0,,
31,6,demo,answer_prediction,distance_ge_2,8544,0,0,0,0.0,,
31,6,demo,demo,distance_ge_2,1000158,0,0,0,0.0,,
31,6,demo,demo,previous,8544,0,0,0,0.0,,
31,6,demo,demo,self,8544,0,0,0,0.0,,
31,6,demo,test_other,distance_ge_2,451008,0,0,0,0.0,,
31,6,test,answer_prediction,distance_ge_2,2136,0,0,0,0.0,,
31,6,test,test_other,distance_ge_2,57551,0,0,0,0.0,,
31,6,test,test_other,previous,2136,0,0,0,0.0,,
31,6,test,test_other,self,2136,0,0,0,0.0,,
31,7,demo,answer_prediction,distance_ge_2,8544,0,0,0,0.0,,
31,7,demo,demo,distance_ge_2,1000158,0,0,0,0.0,,
31,7,demo,demo,previous,8544,0,0,0,0.0,,
31,7,demo,demo,self,8544,0,0,0,0.0,,
31,7,demo,test_other,distance_ge_2,451008,0,0,0,0.0,,
31,7,test,answer_prediction,distance_ge_2,2136,0,0,0,0.0,,
31,7,test,test_other,distance_ge_2,57551,0,0,0,0.0,,
31,7,test,test_other,previous,2136,0,0,0,0.0,,
31,7,test,test_other,self,2136,0,0,0,0.0,,
31,8,demo,answer_prediction,distance_ge_2,8544,0,0,0,0.0,,
31,8,demo,demo,distance_ge_2,1000158,0,0,0,0.0,,
31,8,demo,demo,previous,8544,0,0,0,0.0,,
31,8,demo,demo,self,8544,0,0,0,0.0,,
31,8,demo,test_other,distance_ge_2,451008,0,0,0,0.0,,
31,8,test,answer_prediction,distance_ge_2,2136,0,0,0,0.0,,
31,8,test,test_other,distance_ge_2,57551,0,0,0,0.0,,
31,8,test,test_other,previous,2136,0,0,0,0.0,,
31,8,test,test_other,self,2136,0,0,0,0.0,,
31,9,demo,answer_prediction,distance_ge_2,8544,0,0,0,0.0,,
31,9,demo,demo,distance_ge_2,1000158,0,0,0,0.0,,
31,9,demo,demo,previous,8544,0,0,0,0.0,,
31,9,demo,demo,self,8544,3162,3162,89,0.37008426966292135,0.009079792693451431,0.022667249707537654
31,9,demo,test_other,distance_ge_2,451008,0,0,0,0.0,,
31,9,test,answer_prediction,distance_ge_2,2136,0,0,0,0.0,,
31,9,test,test_other,distance_ge_2,57551,0,0,0,0.0,,
31,9,test,test_other,previous,2136,0,0,0,0.0,,
31,9,test,test_other,self,2136,303,303,75,0.14185393258426968,0.006474137082519705,0.0159623588137782
31,10,demo,answer_prediction,distance_ge_2,8544,0,0,0,0.0,,
31,10,demo,demo,distance_ge_2,1000158,48,48,8,4.7992417198082705e-05,0.08364011067897081,0.035109038930386305
31,10,demo,demo,previous,8544,0,0,0,0.0,,
31,10,demo,demo,self,8544,6,6,1,0.0007022471910112359,0.0,0.06170907989144325
31,10,demo,test_other,distance_ge_2,451008,0,0,0,0.0,,
31,10,test,answer_prediction,distance_ge_2,2136,0,0,0,0.0,,
31,10,test,test_other,distance_ge_2,57551,6,6,3,0.0001042553561189206,0.015212883241474628,0.002611629975338777
31,10,test,test_other,previous,2136,0,0,0,0.0,,
31,10,test,test_other,self,2136,6,6,2,0.0028089887640449437,0.015213105361908674,0.011840451508760452
31,11,demo,answer_prediction,distance_ge_2,8544,0,0,0,0.0,,
31,11,demo,demo,distance_ge_2,1000158,0,0,0,0.0,,
31,11,demo,demo,previous,8544,0,0,0,0.0,,
31,11,demo,demo,self,8544,0,0,0,0.0,,
31,11,demo,test_other,distance_ge_2,451008,0,0,0,0.0,,
31,11,test,answer_prediction,distance_ge_2,2136,0,0,0,0.0,,
31,11,test,test_other,distance_ge_2,57551,3,3,2,5.21276780594603e-05,0.006984769677122434,0.015167653560638428
31,11,test,test_other,previous,2136,0,0,0,0.0,,
31,11,test,test_other,self,2136,0,0,0,0.0,,
31,12,demo,answer_prediction,distance_ge_2,8544,0,0,0,0.0,,
31,12,demo,demo,distance_ge_2,1000158,0,0,0,0.0,,
31,12,demo,demo,previous,8544,0,0,0,0.0,,
31,12,demo,demo,self,8544,0,0,0,0.0,,
31,12,demo,test_other,distance_ge_2,451008,0,0,0,0.0,,
31,12,test,answer_prediction,distance_ge_2,2136,0,0,0,0.0,,
31,12,test,test_other,distance_ge_2,57551,0,0,0,0.0,,
31,12,test,test_other,previous,2136,0,0,0,0.0,,
31,12,test,test_other,self,2136,0,0,0,0.0,,
31,13,demo,answer_prediction,distance_ge_2,8544,0,0,0,0.0,,
31,13,demo,demo,distance_ge_2,1000158,0,0,0,0.0,,
31,13,demo,demo,previous,8544,0,0,0,0.0,,
31,13,demo,demo,self,8544,0,0,0,0.0,,
31,13,demo,test_other,distance_ge_2,451008,0,0,0,0.0,,
31,13,test,answer_prediction,distance_ge_2,2136,0,0,0,0.0,,
31,13,test,test_other,distance_ge_2,57551,0,0,0,0.0,,
31,13,test,test_other,previous,2136,0,0,0,0.0,,
31,13,test,test_other,self,2136,0,0,0,0.0,,
31,14,demo,answer_prediction,distance_ge_2,8544,0,0,0,0.0,,
31,14,demo,demo,distance_ge_2,1000158,0,0,0,0.0,,
31,14,demo,demo,previous,8544,24,24,4,0.0028089887640449437,0.10823266208171844,0.24591675400733948
31,14,demo,demo,self,8544,0,0,0,0.0,,
31,14,demo,test_other,distance_ge_2,451008,0,0,0,0.0,,
31,14,test,answer_prediction,distance_ge_2,2136,0,0,0,0.0,,
31,14,test,test_other,distance_ge_2,57551,0,0,0,0.0,,
31,14,test,test_other,previous,2136,0,0,0,0.0,,
31,14,test,test_other,self,2136,0,0,0,0.0,,
31,15,demo,answer_prediction,distance_ge_2,8544,0,0,0,0.0,,
31,15,demo,demo,distance_ge_2,1000158,0,0,0,0.0,,
31,15,demo,demo,previous,8544,0,0,0,0.0,,
31,15,demo,demo,self,8544,0,0,0,0.0,,
31,15,demo,test_other,distance_ge_2,451008,0,0,0,0.0,,
31,15,test,answer_prediction,distance_ge_2,2136,0,0,0,0.0,,
31,15,test,test_other,distance_ge_2,57551,0,0,0,0.0,,
31,15,test,test_other,previous,2136,0,0,0,0.0,,
31,15,test,test_other,self,2136,0,0,0,0.0,,
31,16,demo,answer_prediction,distance_ge_2,8544,0,0,0,0.0,,
31,16,demo,demo,distance_ge_2,1000158,228,228,26,0.00022796398169089283,0.03424106529717775,0.03319063698134478
31,16,demo,demo,previous,8544,0,0,0,0.0,,
31,16,demo,demo,self,8544,60,60,10,0.007022471910112359,0.0,0.023783519483792284
31,16,demo,test_other,distance_ge_2,451008,23,23,4,5.09968781041578e-05,0.0021867014191862518,0.005409452659280404
31,16,test,answer_prediction,distance_ge_2,2136,1,1,1,0.00046816479400749064,0.0,0.0
31,16,test,test_other,distance_ge_2,57551,151,151,29,0.002623759795659502,0.019098231557560838,0.014224743074274912
31,16,test,test_other,previous,2136,1,1,1,0.00046816479400749064,0.0,0.0
31,16,test,test_other,self,2136,6,6,4,0.0028089887640449437,0.0019425144419074059,0.001575716615964969
31,17,demo,answer_prediction,distance_ge_2,8544,0,0,0,0.0,,
31,17,demo,demo,distance_ge_2,1000158,0,0,0,0.0,,
31,17,demo,demo,previous,8544,0,0,0,0.0,,
31,17,demo,demo,self,8544,0,0,0,0.0,,
31,17,demo,test_other,distance_ge_2,451008,0,0,0,0.0,,
31,17,test,answer_prediction,distance_ge_2,2136,0,0,0,0.0,,
31,17,test,test_other,distance_ge_2,57551,0,0,0,0.0,,
31,17,test,test_other,previous,2136,0,0,0,0.0,,
31,17,test,test_other,self,2136,0,0,0,0.0,,
31,18,demo,answer_prediction,distance_ge_2,8544,0,0,0,0.0,,
31,18,demo,demo,distance_ge_2,1000158,0,0,0,0.0,,
31,18,demo,demo,previous,8544,0,0,0,0.0,,
31,18,demo,demo,self,8544,0,0,0,0.0,,
31,18,demo,test_other,distance_ge_2,451008,0,0,0,0.0,,
31,18,test,answer_prediction,distance_ge_2,2136,0,0,0,0.0,,
31,18,test,test_other,distance_ge_2,57551,0,0,0,0.0,,
31,18,test,test_other,previous,2136,0,0,0,0.0,,
31,18,test,test_other,self,2136,0,0,0,0.0,,
31,19,demo,answer_prediction,distance_ge_2,8544,0,0,0,0.0,,
31,19,demo,demo,distance_ge_2,1000158,0,0,0,0.0,,
31,19,demo,demo,previous,8544,0,0,0,0.0,,
31,19,demo,demo,self,8544,0,0,0,0.0,,
31,19,demo,test_other,distance_ge_2,451008,0,0,0,0.0,,
31,19,test,answer_prediction,distance_ge_2,2136,0,0,0,0.0,,
31,19,test,test_other,distance_ge_2,57551,0,0,0,0.0,,
31,19,test,test_other,previous,2136,0,0,0,0.0,,
31,19,test,test_other,self,2136,0,0,0,0.0,,
31,20,demo,answer_prediction,distance_ge_2,8544,0,0,0,0.0,,
31,20,demo,demo,distance_ge_2,1000158,0,0,0,0.0,,
31,20,demo,demo,previous,8544,0,0,0,0.0,,
31,20,demo,demo,self,8544,126,126,20,0.014747191011235955,0.007107767642342618,0.012884569395008304
31,20,demo,test_other,distance_ge_2,451008,0,0,0,0.0,,
31,20,test,answer_prediction,distance_ge_2,2136,0,0,0,0.0,,
31,20,test,test_other,distance_ge_2,57551,0,0,0,0.0,,
31,20,test,test_other,previous,2136,0,0,0,0.0,,
31,20,test,test_other,self,2136,191,191,61,0.08941947565543071,0.009438462652014909,0.00974706530006659
31,21,demo,answer_prediction,distance_ge_2,8544,3,3,2,0.00035112359550561797,0.003349080060919126,0.0
31,21,demo,demo,distance_ge_2,1000158,2622,2622,26,0.0026215857894452675,0.0001493330170265644,0.052273157444731676
31,21,demo,demo,previous,8544,0,0,0,0.0,,
31,21,demo,demo,self,8544,192,192,31,0.02247191011235955,0.008043223017011769,0.04352918504931343
31,21,demo,test_other,distance_ge_2,451008,676,676,23,0.0014988647651482901,7.46607708644133e-05,0.042733184023175254
31,21,test,answer_prediction,distance_ge_2,2136,0,0,0,0.0,,
31,21,test,test_other,distance_ge_2,57551,0,0,0,0.0,,
31,21,test,test_other,previous,2136,0,0,0,0.0,,
31,21,test,test_other,self,2136,45,45,13,0.021067415730337078,0.004719996395417385,0.02837720265573201
31,22,demo,answer_prediction,distance_ge_2,8544,0,0,0,0.0,,
31,22,demo,demo,distance_ge_2,1000158,0,0,0,0.0,,
31,22,demo,demo,previous,8544,0,0,0,0.0,,
31,22,demo,demo,self,8544,0,0,0,0.0,,
31,22,demo,test_other,distance_ge_2,451008,0,0,0,0.0,,
31,22,test,answer_prediction,distance_ge_2,2136,0,0,0,0.0,,
31,22,test,test_other,distance_ge_2,57551,0,0,0,0.0,,
31,22,test,test_other,previous,2136,0,0,0,0.0,,
31,22,test,test_other,self,2136,0,0,0,0.0,,
31,23,demo,answer_prediction,distance_ge_2,8544,0,0,0,0.0,,
31,23,demo,demo,distance_ge_2,1000158,0,0,0,0.0,,
31,23,demo,demo,previous,8544,0,0,0,0.0,,
31,23,demo,demo,self,8544,0,0,0,0.0,,
31,23,demo,test_other,distance_ge_2,451008,0,0,0,0.0,,
31,23,test,answer_prediction,distance_ge_2,2136,0,0,0,0.0,,
31,23,test,test_other,distance_ge_2,57551,0,0,0,0.0,,
31,23,test,test_other,previous,2136,0,0,0,0.0,,
31,23,test,test_other,self,2136,0,0,0,0.0,,
31,24,demo,answer_prediction,distance_ge_2,8544,0,0,0,0.0,,
31,24,demo,demo,distance_ge_2,1000158,0,0,0,0.0,,
31,24,demo,demo,previous,8544,0,0,0,0.0,,
31,24,demo,demo,self,8544,0,0,0,0.0,,
31,24,demo,test_other,distance_ge_2,451008,0,0,0,0.0,,
31,24,test,answer_prediction,distance_ge_2,2136,0,0,0,0.0,,
31,24,test,test_other,distance_ge_2,57551,0,0,0,0.0,,
31,24,test,test_other,previous,2136,0,0,0,0.0,,
31,24,test,test_other,self,2136,0,0,0,0.0,,
31,25,demo,answer_prediction,distance_ge_2,8544,0,0,0,0.0,,
31,25,demo,demo,distance_ge_2,1000158,0,0,0,0.0,,
31,25,demo,demo,previous,8544,0,0,0,0.0,,
31,25,demo,demo,self,8544,0,0,0,0.0,,
31,25,demo,test_other,distance_ge_2,451008,0,0,0,0.0,,
31,25,test,answer_prediction,distance_ge_2,2136,0,0,0,0.0,,
31,25,test,test_other,distance_ge_2,57551,0,0,0,0.0,,
31,25,test,test_other,previous,2136,0,0,0,0.0,,
31,25,test,test_other,self,2136,0,0,0,0.0,,
31,26,demo,answer_prediction,distance_ge_2,8544,0,0,0,0.0,,
31,26,demo,demo,distance_ge_2,1000158,0,0,0,0.0,,
31,26,demo,demo,previous,8544,0,0,0,0.0,,
31,26,demo,demo,self,8544,0,0,0,0.0,,
31,26,demo,test_other,distance_ge_2,451008,0,0,0,0.0,,
31,26,test,answer_prediction,distance_ge_2,2136,0,0,0,0.0,,
31,26,test,test_other,distance_ge_2,57551,0,0,0,0.0,,
31,26,test,test_other,previous,2136,0,0,0,0.0,,
31,26,test,test_other,self,2136,0,0,0,0.0,,
31,27,demo,answer_prediction,distance_ge_2,8544,0,0,0,0.0,,
31,27,demo,demo,distance_ge_2,1000158,0,0,0,0.0,,
31,27,demo,demo,previous,8544,0,0,0,0.0,,
31,27,demo,demo,self,8544,0,0,0,0.0,,
31,27,demo,test_other,distance_ge_2,451008,0,0,0,0.0,,
31,27,test,answer_prediction,distance_ge_2,2136,0,0,0,0.0,,
31,27,test,test_other,distance_ge_2,57551,0,0,0,0.0,,
31,27,test,test_other,previous,2136,0,0,0,0.0,,
31,27,test,test_other,self,2136,0,0,0,0.0,,
31,28,demo,answer_prediction,distance_ge_2,8544,0,0,0,0.0,,
31,28,demo,demo,distance_ge_2,1000158,0,0,0,0.0,,
31,28,demo,demo,previous,8544,0,0,0,0.0,,
31,28,demo,demo,self,8544,0,0,0,0.0,,
31,28,demo,test_other,distance_ge_2,451008,0,0,0,0.0,,
31,28,test,answer_prediction,distance_ge_2,2136,0,0,0,0.0,,
31,28,test,test_other,distance_ge_2,57551,0,0,0,0.0,,
31,28,test,test_other,previous,2136,0,0,0,0.0,,
31,28,test,test_other,self,2136,0,0,0,0.0,,
31,29,demo,answer_prediction,distance_ge_2,8544,0,0,0,0.0,,
31,29,demo,demo,distance_ge_2,1000158,0,0,0,0.0,,
31,29,demo,demo,previous,8544,0,0,0,0.0,,
31,29,demo,demo,self,8544,0,0,0,0.0,,
31,29,demo,test_other,distance_ge_2,451008,0,0,0,0.0,,
31,29,test,answer_prediction,distance_ge_2,2136,0,0,0,0.0,,
31,29,test,test_other,distance_ge_2,57551,0,0,0,0.0,,
31,29,test,test_other,previous,2136,0,0,0,0.0,,
31,29,test,test_other,self,2136,0,0,0,0.0,,
31,30,demo,answer_prediction,distance_ge_2,8544,0,0,0,0.0,,
31,30,demo,demo,distance_ge_2,1000158,0,0,0,0.0,,
31,30,demo,demo,previous,8544,0,0,0,0.0,,
31,30,demo,demo,self,8544,0,0,0,0.0,,
31,30,demo,test_other,distance_ge_2,451008,0,0,0,0.0,,
31,30,test,answer_prediction,distance_ge_2,2136,0,0,0,0.0,,
31,30,test,test_other,distance_ge_2,57551,0,0,0,0.0,,
31,30,test,test_other,previous,2136,0,0,0,0.0,,
31,30,test,test_other,self,2136,0,0,0,0.0,,
31,31,demo,answer_prediction,distance_ge_2,8544,0,0,0,0.0,,
31,31,demo,demo,distance_ge_2,1000158,0,0,0,0.0,,
31,31,demo,demo,previous,8544,0,0,0,0.0,,
31,31,demo,demo,self,8544,0,0,0,0.0,,
31,31,demo,test_other,distance_ge_2,451008,0,0,0,0.0,,
31,31,test,answer_prediction,distance_ge_2,2136,0,0,0,0.0,,
31,31,test,test_other,distance_ge_2,57551,0,0,0,0.0,,
31,31,test,test_other,previous,2136,0,0,0,0.0,,
31,31,test,test_other,self,2136,0,0,0,0.0,,
